{
"type": "FeatureCollection",
"name": "CARPETAS EXPROPIACION",
"crs": { "type": "name", "properties": { "name": "urn:ogc:def:crs:OGC:1.3:CRS84" } },
"features": [
{ "type": "Feature", "properties": { "Name": "T-VM-255" }, "geometry": { "type": "Point", "coordinates": [ -63.305013552, -32.434312431 ] } },
{ "type": "Feature", "properties": { "Name": "T-VM-250" }, "geometry": { "type": "Point", "coordinates": [ -63.301618517, -32.429280748 ] } },
{ "type": "Feature", "properties": { "Name": "T-VM-249" }, "geometry": { "type": "Point", "coordinates": [ -63.303206495, -32.430277181 ] } },
{ "type": "Feature", "properties": { "Name": "T-VM-248" }, "geometry": { "type": "Point", "coordinates": [ -63.303938557, -32.430062323 ] } },
{ "type": "Feature", "properties": { "Name": "T-VM-247" }, "geometry": { "type": "Point", "coordinates": [ -63.304301836, -32.429697061 ] } },
{ "type": "Feature", "properties": { "Name": "T-VM-254" }, "geometry": { "type": "Point", "coordinates": [ -63.309342253, -32.43347744 ] } },
{ "type": "Feature", "properties": { "Name": "T-VM-253c" }, "geometry": { "type": "Point", "coordinates": [ -63.311426106, -32.429522195 ] } },
{ "type": "Feature", "properties": { "Name": "T-VM-253b" }, "geometry": { "type": "Point", "coordinates": [ -63.311788079, -32.429419794 ] } },
{ "type": "Feature", "properties": { "Name": "T-VM-253a" }, "geometry": { "type": "Point", "coordinates": [ -63.312091851, -32.429276545 ] } },
{ "type": "Feature", "properties": { "Name": "T-VM-53d" }, "geometry": { "type": "Point", "coordinates": [ -63.314327641, -32.430996099 ] } },
{ "type": "Feature", "properties": { "Name": "T-VM-252" }, "geometry": { "type": "Point", "coordinates": [ -63.314798158, -32.428658768 ] } },
{ "type": "Feature", "properties": { "Name": "T-VM-251" }, "geometry": { "type": "Point", "coordinates": [ -63.314024354, -32.428045862 ] } },
{ "type": "Feature", "properties": { "Name": "T-VM-246" }, "geometry": { "type": "Point", "coordinates": [ -63.313202517, -32.427248663 ] } },
{ "type": "Feature", "properties": { "Name": "T-VM-245" }, "geometry": { "type": "Point", "coordinates": [ -63.312410633, -32.427186091 ] } },
{ "type": "Feature", "properties": { "Name": "T-VM-244" }, "geometry": { "type": "Point", "coordinates": [ -63.310793136, -32.428204656 ] } },
{ "type": "Feature", "properties": { "Name": "T-VM-241" }, "geometry": { "type": "Point", "coordinates": [ -63.309599401, -32.427922463 ] } },
{ "type": "Feature", "properties": { "Name": "T-VM-243" }, "geometry": { "type": "Point", "coordinates": [ -63.310461346, -32.428634991 ] } },
{ "type": "Feature", "properties": { "Name": "T-VM-242" }, "geometry": { "type": "Point", "coordinates": [ -63.309036781, -32.429326073 ] } },
{ "type": "Feature", "properties": { "Name": "T-VM-240" }, "geometry": { "type": "Point", "coordinates": [ -63.311256152, -32.427988318 ] } },
{ "type": "Feature", "properties": { "Name": "T-VM-239" }, "geometry": { "type": "Point", "coordinates": [ -63.309651029, -32.425063612 ] } },
{ "type": "Feature", "properties": { "Name": "T-VM-238" }, "geometry": { "type": "Point", "coordinates": [ -63.308561983, -32.424561448 ] } },
{ "type": "Feature", "properties": { "Name": "T-VM-237" }, "geometry": { "type": "Point", "coordinates": [ -63.307345444, -32.423851248 ] } },
{ "type": "Feature", "properties": { "Name": "T-VM-236" }, "geometry": { "type": "Point", "coordinates": [ -63.31207618, -32.421730026 ] } },
{ "type": "Feature", "properties": { "Name": "T-VM-234a" }, "geometry": { "type": "Point", "coordinates": [ -63.309747564, -32.41827567 ] } },
{ "type": "Feature", "properties": { "Name": "T-VM-234b" }, "geometry": { "type": "Point", "coordinates": [ -63.308383114, -32.418809158 ] } },
{ "type": "Feature", "properties": { "Name": "T-VM-235" }, "geometry": { "type": "Point", "coordinates": [ -63.308478684, -32.41951741 ] } },
{ "type": "Feature", "properties": { "Name": "T-VM-233" }, "geometry": { "type": "Point", "coordinates": [ -63.317442013, -32.404642986 ] } },
{ "type": "Feature", "properties": { "Name": "T-VM-230" }, "geometry": { "type": "Point", "coordinates": [ -63.313187739, -32.389093267 ] } },
{ "type": "Feature", "properties": { "Name": "T-VM-229" }, "geometry": { "type": "Point", "coordinates": [ -63.308755761, -32.3822876 ] } },
{ "type": "Feature", "properties": { "Name": "T-VM-228b" }, "geometry": { "type": "Point", "coordinates": [ -63.305874144, -32.376966888 ] } },
{ "type": "Feature", "properties": { "Name": "T-VM-228a" }, "geometry": { "type": "Point", "coordinates": [ -63.286818671, -32.368613638 ] } },
{ "type": "Feature", "properties": { "Name": "T-VM-232" }, "geometry": { "type": "Point", "coordinates": [ -63.306707129, -32.389578258 ] } },
{ "type": "Feature", "properties": { "Name": "T-VM-231" }, "geometry": { "type": "Point", "coordinates": [ -63.303454171, -32.38673527 ] } },
{ "type": "Feature", "properties": { "Name": "T-VM-226" }, "geometry": { "type": "Point", "coordinates": [ -63.276751718, -32.374364422 ] } },
{ "type": "Feature", "properties": { "Name": "T-VM-222" }, "geometry": { "type": "Point", "coordinates": [ -63.279230986, -32.371268834 ] } },
{ "type": "Feature", "properties": { "Name": "T-VM-223" }, "geometry": { "type": "Point", "coordinates": [ -63.278370275, -32.37209964 ] } },
{ "type": "Feature", "properties": { "Name": "T-VM-224" }, "geometry": { "type": "Point", "coordinates": [ -63.277608565, -32.372684152 ] } },
{ "type": "Feature", "properties": { "Name": "T-VM-225" }, "geometry": { "type": "Point", "coordinates": [ -63.27831429, -32.372882752 ] } },
{ "type": "Feature", "properties": { "Name": "T-VM-217" }, "geometry": { "type": "Point", "coordinates": [ -63.281480106, -32.369893702 ] } },
{ "type": "Feature", "properties": { "Name": "T-VM-218" }, "geometry": { "type": "Point", "coordinates": [ -63.282246905, -32.369224299 ] } },
{ "type": "Feature", "properties": { "Name": "T-VM-219" }, "geometry": { "type": "Point", "coordinates": [ -63.282565386, -32.368807568 ] } },
{ "type": "Feature", "properties": { "Name": "T-VM-220" }, "geometry": { "type": "Point", "coordinates": [ -63.282846427, -32.368420915 ] } },
{ "type": "Feature", "properties": { "Name": "T-VM-221" }, "geometry": { "type": "Point", "coordinates": [ -63.282286074, -32.366240517 ] } },
{ "type": "Feature", "properties": { "Name": "T-VM-216" }, "geometry": { "type": "Point", "coordinates": [ -63.27949079, -32.367705023 ] } },
{ "type": "Feature", "properties": { "Name": "T-VM-214" }, "geometry": { "type": "Point", "coordinates": [ -63.275580748, -32.364614962 ] } },
{ "type": "Feature", "properties": { "Name": "T-VM-213" }, "geometry": { "type": "Point", "coordinates": [ -63.266161803, -32.359087244 ] } },
{ "type": "Feature", "properties": { "Name": "T-VM-210" }, "geometry": { "type": "Point", "coordinates": [ -63.258109591, -32.360013775 ] } },
{ "type": "Feature", "properties": { "Name": "T-VM-211" }, "geometry": { "type": "Point", "coordinates": [ -63.262936338, -32.364354668 ] } },
{ "type": "Feature", "properties": { "Name": "T-VM-212" }, "geometry": { "type": "Point", "coordinates": [ -63.267083194, -32.367200337 ] } },
{ "type": "Feature", "properties": { "Name": "T-VM-215" }, "geometry": { "type": "Point", "coordinates": [ -63.272259819, -32.370661684 ] } },
{ "type": "Feature", "properties": { "Name": "T-VM-209" }, "geometry": { "type": "Point", "coordinates": [ -63.254415993, -32.365393429 ] } },
{ "type": "Feature", "properties": { "Name": "T-VM-208a" }, "geometry": { "type": "Point", "coordinates": [ -63.248708469, -32.36323217 ] } },
{ "type": "Feature", "properties": { "Name": "T-VM-208b" }, "geometry": { "type": "Point", "coordinates": [ -63.250124826, -32.361110762 ] } },
{ "type": "Feature", "properties": { "Name": "T-VM-208c" }, "geometry": { "type": "Point", "coordinates": [ -63.251676819, -32.359352546 ] } },
{ "type": "Feature", "properties": { "Name": "T-VM-207" }, "geometry": { "type": "Point", "coordinates": [ -63.246574956, -32.355788565 ] } },
{ "type": "Feature", "properties": { "Name": "T-VM-206" }, "geometry": { "type": "Point", "coordinates": [ -63.242037548, -32.361077851 ] } },
{ "type": "Feature", "properties": { "Name": "T-VM-205" }, "geometry": { "type": "Point", "coordinates": [ -63.235148847, -32.357966924 ] } },
{ "type": "Feature", "properties": { "Name": "T-VM-204" }, "geometry": { "type": "Point", "coordinates": [ -63.237721853, -32.355645322 ] } },
{ "type": "Feature", "properties": { "Name": "T-VM-203" }, "geometry": { "type": "Point", "coordinates": [ -63.236634322, -32.353640399 ] } },
{ "type": "Feature", "properties": { "Name": "T-VM-201" }, "geometry": { "type": "Point", "coordinates": [ -63.232480862, -32.354666651 ] } },
{ "type": "Feature", "properties": { "Name": "T-VM-227" }, "geometry": { "type": "Point", "coordinates": [ -63.278050705, -32.373947338 ] } },
{ "type": "Feature", "properties": { "Name": "T-AU09-057" }, "geometry": { "type": "Point", "coordinates": [ -63.335062897, -32.259479821 ] } },
{ "type": "Feature", "properties": { "Name": "T-AU19-29" }, "geometry": { "type": "Point", "coordinates": [ -62.150854307, -31.453918622 ] } },
{ "type": "Feature", "properties": { "Name": "T-AU19-30" }, "geometry": { "type": "Point", "coordinates": [ -62.161536811, -31.452058831 ] } },
{ "type": "Feature", "properties": { "Name": "T-AU19-31" }, "geometry": { "type": "Point", "coordinates": [ -62.171848696, -31.452318061 ] } },
{ "type": "Feature", "properties": { "Name": "T-AU19-33" }, "geometry": { "type": "Point", "coordinates": [ -62.177846156, -31.451046197 ] } },
{ "type": "Feature", "properties": { "Name": "T-AU19-32" }, "geometry": { "type": "Point", "coordinates": [ -62.183997448, -31.457440889 ] } },
{ "type": "Feature", "properties": { "Name": "T-AU19-35" }, "geometry": { "type": "Point", "coordinates": [ -62.181494337, -31.450464466 ] } },
{ "type": "Feature", "properties": { "Name": "T-AU19-36" }, "geometry": { "type": "Point", "coordinates": [ -62.185834369, -31.449621112 ] } },
{ "type": "Feature", "properties": { "Name": "T-AU19-37" }, "geometry": { "type": "Point", "coordinates": [ -62.190562115, -31.448451091 ] } },
{ "type": "Feature", "properties": { "Name": "T-AU19-34" }, "geometry": { "type": "Point", "coordinates": [ -62.19448133, -31.455612547 ] } },
{ "type": "Feature", "properties": { "Name": "T-AU19-38" }, "geometry": { "type": "Point", "coordinates": [ -62.194759017, -31.448886815 ] } },
{ "type": "Feature", "properties": { "Name": "T-AU19-39" }, "geometry": { "type": "Point", "coordinates": [ -62.201177609, -31.447129124 ] } },
{ "type": "Feature", "properties": { "Name": "T-AU19-40" }, "geometry": { "type": "Point", "coordinates": [ -62.212769111, -31.445403003 ] } },
{ "type": "Feature", "properties": { "Name": "T-AU19-41" }, "geometry": { "type": "Point", "coordinates": [ -62.22662946, -31.44253744 ] } },
{ "type": "Feature", "properties": { "Name": "T-AU19-42" }, "geometry": { "type": "Point", "coordinates": [ -62.231674469, -31.44938737 ] } },
{ "type": "Feature", "properties": { "Name": "T-AU19-42" }, "geometry": { "type": "Point", "coordinates": [ -62.244277712, -31.447788452 ] } },
{ "type": "Feature", "properties": { "Name": "T-AU19-43" }, "geometry": { "type": "Point", "coordinates": [ -62.237320627, -31.441295582 ] } },
{ "type": "Feature", "properties": { "Name": "T-AU19-44" }, "geometry": { "type": "Point", "coordinates": [ -62.255184428, -31.437446653 ] } },
{ "type": "Feature", "properties": { "Name": "T-AU19-45" }, "geometry": { "type": "Point", "coordinates": [ -62.26865022, -31.434951319 ] } },
{ "type": "Feature", "properties": { "Name": "T-AU19-46" }, "geometry": { "type": "Point", "coordinates": [ -62.279728327, -31.433068091 ] } },
{ "type": "Feature", "properties": { "Name": "T-AU19-47" }, "geometry": { "type": "Point", "coordinates": [ -62.291821836, -31.431064321 ] } },
{ "type": "Feature", "properties": { "Name": "T-AU19-48" }, "geometry": { "type": "Point", "coordinates": [ -62.301557552, -31.429371932 ] } },
{ "type": "Feature", "properties": { "Name": "T-AU19-50" }, "geometry": { "type": "Point", "coordinates": [ -62.308077169, -31.436117704 ] } },
{ "type": "Feature", "properties": { "Name": "T-AU19-49" }, "geometry": { "type": "Point", "coordinates": [ -62.30830803, -31.429222886 ] } },
{ "type": "Feature", "properties": { "Name": "T-AU19-53" }, "geometry": { "type": "Point", "coordinates": [ -62.312606123, -31.431365408 ] } },
{ "type": "Feature", "properties": { "Name": "T-AU19-51" }, "geometry": { "type": "Point", "coordinates": [ -62.314442834, -31.428279994 ] } },
{ "type": "Feature", "properties": { "Name": "T-AU19-52" }, "geometry": { "type": "Point", "coordinates": [ -62.321316597, -31.42701145 ] } },
{ "type": "Feature", "properties": { "Name": "T-AU19-54" }, "geometry": { "type": "Point", "coordinates": [ -62.327888376, -31.424830744 ] } },
{ "type": "Feature", "properties": { "Name": "T-AU19-55" }, "geometry": { "type": "Point", "coordinates": [ -62.343343464, -31.422624945 ] } },
{ "type": "Feature", "properties": { "Name": "T-AU19-57" }, "geometry": { "type": "Point", "coordinates": [ -62.354553586, -31.425960254 ] } },
{ "type": "Feature", "properties": { "Name": "T-AU19-56" }, "geometry": { "type": "Point", "coordinates": [ -62.355778299, -31.420527855 ] } },
{ "type": "Feature", "properties": { "Name": "T-AU19-59" }, "geometry": { "type": "Point", "coordinates": [ -62.369655506, -31.4272231 ] } },
{ "type": "Feature", "properties": { "Name": "T-AU19-58" }, "geometry": { "type": "Point", "coordinates": [ -62.36861679, -31.419271783 ] } },
{ "type": "Feature", "properties": { "Name": "T-AU19-60" }, "geometry": { "type": "Point", "coordinates": [ -62.383355866, -31.413804926 ] } },
{ "type": "Feature", "properties": { "Name": "T-AU19-61" }, "geometry": { "type": "Point", "coordinates": [ -62.403093856, -31.412029657 ] } },
{ "type": "Feature", "properties": { "Name": "T-AU19-62" }, "geometry": { "type": "Point", "coordinates": [ -62.406056236, -31.409047354 ] } },
{ "type": "Feature", "properties": { "Name": "T-AU19-64" }, "geometry": { "type": "Point", "coordinates": [ -62.406089104, -31.408145233 ] } },
{ "type": "Feature", "properties": { "Name": "T-AU19-63" }, "geometry": { "type": "Point", "coordinates": [ -62.404973468, -31.408272431 ] } },
{ "type": "Feature", "properties": { "Name": "T-AU19-97" }, "geometry": { "type": "Point", "coordinates": [ -62.486356417, -31.413788595 ] } },
{ "type": "Feature", "properties": { "Name": "T-AU19-98a" }, "geometry": { "type": "Point", "coordinates": [ -62.497821606, -31.41182113 ] } },
{ "type": "Feature", "properties": { "Name": "T-AU19-98b" }, "geometry": { "type": "Point", "coordinates": [ -62.500324092, -31.416820363 ] } },
{ "type": "Feature", "properties": { "Name": "T-AU19-100" }, "geometry": { "type": "Point", "coordinates": [ -62.520794219, -31.413942355 ] } },
{ "type": "Feature", "properties": { "Name": "T-AU19-99" }, "geometry": { "type": "Point", "coordinates": [ -62.498597314, -31.422415071 ] } },
{ "type": "Feature", "properties": { "Name": "T-AU19-102" }, "geometry": { "type": "Point", "coordinates": [ -62.521799312, -31.439851461 ] } },
{ "type": "Feature", "properties": { "Name": "T-AU19-103" }, "geometry": { "type": "Point", "coordinates": [ -62.53739708, -31.439064296 ] } },
{ "type": "Feature", "properties": { "Name": "T-AU19-101" }, "geometry": { "type": "Point", "coordinates": [ -62.532812773, -31.432010046 ] } },
{ "type": "Feature", "properties": { "Name": "T-AU19-104a" }, "geometry": { "type": "Point", "coordinates": [ -62.543024409, -31.458825716 ] } },
{ "type": "Feature", "properties": { "Name": "T-AU19-104b" }, "geometry": { "type": "Point", "coordinates": [ -62.548942019, -31.457850713 ] } },
{ "type": "Feature", "properties": { "Name": "T-AU19-105" }, "geometry": { "type": "Point", "coordinates": [ -62.560608643, -31.453321278 ] } },
{ "type": "Feature", "properties": { "Name": "T-AU19-106" }, "geometry": { "type": "Point", "coordinates": [ -62.570636928, -31.450938484 ] } },
{ "type": "Feature", "properties": { "Name": "T-AU19-107" }, "geometry": { "type": "Point", "coordinates": [ -62.580500491, -31.452685558 ] } },
{ "type": "Feature", "properties": { "Name": "T-AU19-108" }, "geometry": { "type": "Point", "coordinates": [ -62.592554389, -31.45645958 ] } },
{ "type": "Feature", "properties": { "Name": "T-AU19-111" }, "geometry": { "type": "Point", "coordinates": [ -62.602306934, -31.454443514 ] } },
{ "type": "Feature", "properties": { "Name": "T-AU19-110" }, "geometry": { "type": "Point", "coordinates": [ -62.613036674, -31.457780271 ] } },
{ "type": "Feature", "properties": { "Name": "T-AU19-109" }, "geometry": { "type": "Point", "coordinates": [ -62.593763768, -31.466397843 ] } },
{ "type": "Feature", "properties": { "Name": "T-AU19-112" }, "geometry": { "type": "Point", "coordinates": [ -62.633323231, -31.459073358 ] } },
{ "type": "Feature", "properties": { "Name": "T-AU19-113" }, "geometry": { "type": "Point", "coordinates": [ -62.616978368, -31.450050885 ] } },
{ "type": "Feature", "properties": { "Name": "T-AU19-113a" }, "geometry": { "type": "Point", "coordinates": [ -62.627768472, -31.449326834 ] } },
{ "type": "Feature", "properties": { "Name": "T-AU19-114" }, "geometry": { "type": "Point", "coordinates": [ -62.644780372, -31.444695385 ] } },
{ "type": "Feature", "properties": { "Name": "T-AU19-115" }, "geometry": { "type": "Point", "coordinates": [ -62.656788296, -31.442655253 ] } },
{ "type": "Feature", "properties": { "Name": "T-AU19-116" }, "geometry": { "type": "Point", "coordinates": [ -62.662863104, -31.444896898 ] } },
{ "type": "Feature", "properties": { "Name": "T-AU19-117" }, "geometry": { "type": "Point", "coordinates": [ -62.671546923, -31.441970762 ] } },
{ "type": "Feature", "properties": { "Name": "T-AU19-118" }, "geometry": { "type": "Point", "coordinates": [ -62.681872371, -31.446469298 ] } },
{ "type": "Feature", "properties": { "Name": "T-AU19-118a" }, "geometry": { "type": "Point", "coordinates": [ -62.691644471, -31.444006973 ] } },
{ "type": "Feature", "properties": { "Name": "T-AU19-119" }, "geometry": { "type": "Point", "coordinates": [ -62.693640227, -31.43625083 ] } },
{ "type": "Feature", "properties": { "Name": "T-AU19-N" }, "geometry": { "type": "Point", "coordinates": [ -62.701018914, -31.445280765 ] } },
{ "type": "Feature", "properties": { "Name": "T-AU19-120" }, "geometry": { "type": "Point", "coordinates": [ -62.711610845, -31.436602295 ] } },
{ "type": "Feature", "properties": { "Name": "T-AU19-121a" }, "geometry": { "type": "Point", "coordinates": [ -62.724202628, -31.433977588 ] } },
{ "type": "Feature", "properties": { "Name": "T-AU19-121" }, "geometry": { "type": "Point", "coordinates": [ -62.724415133, -31.437255526 ] } },
{ "type": "Feature", "properties": { "Name": "T-AU19-122" }, "geometry": { "type": "Point", "coordinates": [ -62.73490735, -31.438863383 ] } },
{ "type": "Feature", "properties": { "Name": "T-AU19-123" }, "geometry": { "type": "Point", "coordinates": [ -62.740837883, -31.446364559 ] } },
{ "type": "Feature", "properties": { "Name": "T-AU19-124" }, "geometry": { "type": "Point", "coordinates": [ -62.744112606, -31.439332345 ] } },
{ "type": "Feature", "properties": { "Name": "T-AU19-126a" }, "geometry": { "type": "Point", "coordinates": [ -62.750557212, -31.444371943 ] } },
{ "type": "Feature", "properties": { "Name": "T-AU19-126" }, "geometry": { "type": "Point", "coordinates": [ -62.754733192, -31.448810096 ] } },
{ "type": "Feature", "properties": { "Name": "T-AU19-125" }, "geometry": { "type": "Point", "coordinates": [ -62.757925465, -31.438071406 ] } },
{ "type": "Feature", "properties": { "Name": "T-AU19-127" }, "geometry": { "type": "Point", "coordinates": [ -62.763760885, -31.448285656 ] } },
{ "type": "Feature", "properties": { "Name": "T-AU19-128" }, "geometry": { "type": "Point", "coordinates": [ -62.774182339, -31.448183562 ] } },
{ "type": "Feature", "properties": { "Name": "T-AU19-131" }, "geometry": { "type": "Point", "coordinates": [ -62.784198489, -31.446541605 ] } },
{ "type": "Feature", "properties": { "Name": "T-AU19-130" }, "geometry": { "type": "Point", "coordinates": [ -62.785531266, -31.43992355 ] } },
{ "type": "Feature", "properties": { "Name": "T-AU19-133" }, "geometry": { "type": "Point", "coordinates": [ -62.795354357, -31.440990848 ] } },
{ "type": "Feature", "properties": { "Name": "T-AU19-132" }, "geometry": { "type": "Point", "coordinates": [ -62.794657596, -31.448641664 ] } },
{ "type": "Feature", "properties": { "Name": "T-AU19-134" }, "geometry": { "type": "Point", "coordinates": [ -62.803643219, -31.441681471 ] } },
{ "type": "Feature", "properties": { "Name": "T-AU19-135" }, "geometry": { "type": "Point", "coordinates": [ -62.81342185, -31.441256873 ] } },
{ "type": "Feature", "properties": { "Name": "T-AU19-136" }, "geometry": { "type": "Point", "coordinates": [ -62.824533649, -31.450136339 ] } },
{ "type": "Feature", "properties": { "Name": "T-AU19-136a" }, "geometry": { "type": "Point", "coordinates": [ -62.826330291, -31.453003089 ] } },
{ "type": "Feature", "properties": { "Name": "T-AU19-137" }, "geometry": { "type": "Point", "coordinates": [ -62.822984136, -31.454442161 ] } },
{ "type": "Feature", "properties": { "Name": "T-AU19-139" }, "geometry": { "type": "Point", "coordinates": [ -62.832859053, -31.459341981 ] } },
{ "type": "Feature", "properties": { "Name": "T-AU19-138" }, "geometry": { "type": "Point", "coordinates": [ -62.835350644, -31.449580963 ] } },
{ "type": "Feature", "properties": { "Name": "T-AU19-145" }, "geometry": { "type": "Point", "coordinates": [ -62.845331021, -31.453204639 ] } },
{ "type": "Feature", "properties": { "Name": "T-AU19-146" }, "geometry": { "type": "Point", "coordinates": [ -62.852096364, -31.455136194 ] } },
{ "type": "Feature", "properties": { "Name": "T-AU19-141" }, "geometry": { "type": "Point", "coordinates": [ -62.836648851, -31.463206869 ] } },
{ "type": "Feature", "properties": { "Name": "T-AU19-140" }, "geometry": { "type": "Point", "coordinates": [ -62.835307336, -31.462723452 ] } },
{ "type": "Feature", "properties": { "Name": "T-AU19-142" }, "geometry": { "type": "Point", "coordinates": [ -62.841641001, -31.464739618 ] } },
{ "type": "Feature", "properties": { "Name": "T-AU19-143a" }, "geometry": { "type": "Point", "coordinates": [ -62.842536315, -31.46320623 ] } },
{ "type": "Feature", "properties": { "Name": "T-AU19-144c" }, "geometry": { "type": "Point", "coordinates": [ -62.848254969, -31.46512649 ] } },
{ "type": "Feature", "properties": { "Name": "T-AU19-144b" }, "geometry": { "type": "Point", "coordinates": [ -62.850166412, -31.463998806 ] } },
{ "type": "Feature", "properties": { "Name": "T-AU19-144a" }, "geometry": { "type": "Point", "coordinates": [ -62.852430777, -31.462178262 ] } },
{ "type": "Feature", "properties": { "Name": "T-AU19-147" }, "geometry": { "type": "Point", "coordinates": [ -62.866118422, -31.457020188 ] } },
{ "type": "Feature", "properties": { "Name": "T-AU19-148" }, "geometry": { "type": "Point", "coordinates": [ -62.865708244, -31.466506143 ] } },
{ "type": "Feature", "properties": { "Name": "T-AU19-149" }, "geometry": { "type": "Point", "coordinates": [ -62.876304843, -31.463424522 ] } },
{ "type": "Feature", "properties": { "Name": "T-AU19-152" }, "geometry": { "type": "Point", "coordinates": [ -62.887037493, -31.4618372 ] } },
{ "type": "Feature", "properties": { "Name": "T-AU19-153" }, "geometry": { "type": "Point", "coordinates": [ -62.89358599, -31.459653998 ] } },
{ "type": "Feature", "properties": { "Name": "T-AU19-154" }, "geometry": { "type": "Point", "coordinates": [ -62.896149202, -31.454613779 ] } },
{ "type": "Feature", "properties": { "Name": "T-AU19-155" }, "geometry": { "type": "Point", "coordinates": [ -62.905308997, -31.455701999 ] } },
{ "type": "Feature", "properties": { "Name": "T-AU19-157" }, "geometry": { "type": "Point", "coordinates": [ -62.91426044, -31.455780323 ] } },
{ "type": "Feature", "properties": { "Name": "T-AU19-156" }, "geometry": { "type": "Point", "coordinates": [ -62.919784664, -31.465103598 ] } },
{ "type": "Feature", "properties": { "Name": "T-AU19-158" }, "geometry": { "type": "Point", "coordinates": [ -62.930520621, -31.456976451 ] } },
{ "type": "Feature", "properties": { "Name": "T-AU19-160" }, "geometry": { "type": "Point", "coordinates": [ -62.956787724, -31.460871183 ] } },
{ "type": "Feature", "properties": { "Name": "T-AU19-161" }, "geometry": { "type": "Point", "coordinates": [ -62.968999434, -31.466237424 ] } },
{ "type": "Feature", "properties": { "Name": "T-AU19-162" }, "geometry": { "type": "Point", "coordinates": [ -62.968596462, -31.471402277 ] } },
{ "type": "Feature", "properties": { "Name": "T-AU19-163" }, "geometry": { "type": "Point", "coordinates": [ -62.978975164, -31.473291947 ] } },
{ "type": "Feature", "properties": { "Name": "T-AU19-164" }, "geometry": { "type": "Point", "coordinates": [ -62.984246301, -31.464244768 ] } },
{ "type": "Feature", "properties": { "Name": "T-AU19-167" }, "geometry": { "type": "Point", "coordinates": [ -62.998137223, -31.464631678 ] } },
{ "type": "Feature", "properties": { "Name": "T-AU19-168" }, "geometry": { "type": "Point", "coordinates": [ -63.008946627, -31.459031233 ] } },
{ "type": "Feature", "properties": { "Name": "T-AU19-169" }, "geometry": { "type": "Point", "coordinates": [ -63.021533653, -31.451177715 ] } },
{ "type": "Feature", "properties": { "Name": "T-AU19-170" }, "geometry": { "type": "Point", "coordinates": [ -63.044167241, -31.456623573 ] } },
{ "type": "Feature", "properties": { "Name": "T-AU19-172" }, "geometry": { "type": "Point", "coordinates": [ -63.055993977, -31.461665963 ] } },
{ "type": "Feature", "properties": { "Name": "T-AU19-173bis" }, "geometry": { "type": "Point", "coordinates": [ -63.061154299, -31.459621262 ] } },
{ "type": "Feature", "properties": { "Name": "T-AU19-173" }, "geometry": { "type": "Point", "coordinates": [ -63.062176766, -31.457533988 ] } },
{ "type": "Feature", "properties": { "Name": "T-AU19-172bis" }, "geometry": { "type": "Point", "coordinates": [ -63.060145675, -31.455471099 ] } },
{ "type": "Feature", "properties": { "Name": "T-AU19-174" }, "geometry": { "type": "Point", "coordinates": [ -63.06720483, -31.460450092 ] } },
{ "type": "Feature", "properties": { "Name": "T-AU19-175" }, "geometry": { "type": "Point", "coordinates": [ -63.071416091, -31.460447813 ] } },
{ "type": "Feature", "properties": { "Name": "T-AU19-176" }, "geometry": { "type": "Point", "coordinates": [ -63.075994225, -31.461281678 ] } },
{ "type": "Feature", "properties": { "Name": "T-AU19-177" }, "geometry": { "type": "Point", "coordinates": [ -63.078617214, -31.459554815 ] } },
{ "type": "Feature", "properties": { "Name": "T-AU19-179" }, "geometry": { "type": "Point", "coordinates": [ -63.084363881, -31.454647921 ] } },
{ "type": "Feature", "properties": { "Name": "T-AU19-180" }, "geometry": { "type": "Point", "coordinates": [ -63.092073358, -31.455328802 ] } },
{ "type": "Feature", "properties": { "Name": "T-AU19-181" }, "geometry": { "type": "Point", "coordinates": [ -63.098243209, -31.459517998 ] } },
{ "type": "Feature", "properties": { "Name": "T-AU19-184" }, "geometry": { "type": "Point", "coordinates": [ -63.109338136, -31.455757458 ] } },
{ "type": "Feature", "properties": { "Name": "T-AU19-185" }, "geometry": { "type": "Point", "coordinates": [ -63.113433951, -31.444666553 ] } },
{ "type": "Feature", "properties": { "Name": "T-AU19-186bis" }, "geometry": { "type": "Point", "coordinates": [ -63.119143555, -31.449767638 ] } },
{ "type": "Feature", "properties": { "Name": "T-AU19-186" }, "geometry": { "type": "Point", "coordinates": [ -63.120617713, -31.455959514 ] } },
{ "type": "Feature", "properties": { "Name": "T-AU19-188" }, "geometry": { "type": "Point", "coordinates": [ -63.131308338, -31.452574979 ] } },
{ "type": "Feature", "properties": { "Name": "T-AU19-189" }, "geometry": { "type": "Point", "coordinates": [ -63.141519887, -31.450569785 ] } },
{ "type": "Feature", "properties": { "Name": "T-AU19-191" }, "geometry": { "type": "Point", "coordinates": [ -63.13909945, -31.44133586 ] } },
{ "type": "Feature", "properties": { "Name": "T-AU19-192" }, "geometry": { "type": "Point", "coordinates": [ -63.144987015, -31.440110033 ] } },
{ "type": "Feature", "properties": { "Name": "T-AU19-190" }, "geometry": { "type": "Point", "coordinates": [ -63.146532209, -31.444133326 ] } },
{ "type": "Feature", "properties": { "Name": "T-AU19-193" }, "geometry": { "type": "Point", "coordinates": [ -63.150840452, -31.43892227 ] } },
{ "type": "Feature", "properties": { "Name": "T-AU19-195" }, "geometry": { "type": "Point", "coordinates": [ -63.155204542, -31.438564258 ] } },
{ "type": "Feature", "properties": { "Name": "T-AU19-198" }, "geometry": { "type": "Point", "coordinates": [ -63.159885517, -31.43947805 ] } },
{ "type": "Feature", "properties": { "Name": "T-AU19-196" }, "geometry": { "type": "Point", "coordinates": [ -63.158985084, -31.443651267 ] } },
{ "type": "Feature", "properties": { "Name": "T-AU19-199" }, "geometry": { "type": "Point", "coordinates": [ -63.163612632, -31.437648951 ] } },
{ "type": "Feature", "properties": { "Name": "T-AU19-200" }, "geometry": { "type": "Point", "coordinates": [ -63.172138455, -31.43682566 ] } },
{ "type": "Feature", "properties": { "Name": "T-AU19-202" }, "geometry": { "type": "Point", "coordinates": [ -63.180459624, -31.434541045 ] } },
{ "type": "Feature", "properties": { "Name": "T-AU19-201" }, "geometry": { "type": "Point", "coordinates": [ -63.17730445, -31.445147246 ] } },
{ "type": "Feature", "properties": { "Name": "T-AU19-203" }, "geometry": { "type": "Point", "coordinates": [ -63.183488549, -31.443653648 ] } },
{ "type": "Feature", "properties": { "Name": "T-AU19-204" }, "geometry": { "type": "Point", "coordinates": [ -63.186906149, -31.443891535 ] } },
{ "type": "Feature", "properties": { "Name": "T-AU19-205" }, "geometry": { "type": "Point", "coordinates": [ -63.191193139, -31.443998309 ] } },
{ "type": "Feature", "properties": { "Name": "T-AU19-207" }, "geometry": { "type": "Point", "coordinates": [ -63.194719352, -31.444189185 ] } },
{ "type": "Feature", "properties": { "Name": "T-AU19-206" }, "geometry": { "type": "Point", "coordinates": [ -63.194919188, -31.440394131 ] } },
{ "type": "Feature", "properties": { "Name": "T-AU19-208" }, "geometry": { "type": "Point", "coordinates": [ -63.198278429, -31.4452341 ] } },
{ "type": "Feature", "properties": { "Name": "T-AU19-209" }, "geometry": { "type": "Point", "coordinates": [ -63.198211991, -31.439754037 ] } },
{ "type": "Feature", "properties": { "Name": "T-AU19-210" }, "geometry": { "type": "Point", "coordinates": [ -63.20486883, -31.439369384 ] } },
{ "type": "Feature", "properties": { "Name": "T-AU19-292" }, "geometry": { "type": "Point", "coordinates": [ -63.211795938, -31.441252629 ] } },
{ "type": "Feature", "properties": { "Name": "T-AU19-212" }, "geometry": { "type": "Point", "coordinates": [ -63.217044928, -31.444050165 ] } },
{ "type": "Feature", "properties": { "Name": "T-AU19-213" }, "geometry": { "type": "Point", "coordinates": [ -63.222563867, -31.444487575 ] } },
{ "type": "Feature", "properties": { "Name": "T-AU19-213bis" }, "geometry": { "type": "Point", "coordinates": [ -63.222958832, -31.437383846 ] } },
{ "type": "Feature", "properties": { "Name": "T-AU19-214" }, "geometry": { "type": "Point", "coordinates": [ -63.228183116, -31.442491521 ] } },
{ "type": "Feature", "properties": { "Name": "T-AU19-215" }, "geometry": { "type": "Point", "coordinates": [ -63.234170425, -31.436354216 ] } },
{ "type": "Feature", "properties": { "Name": "T-AU19-216" }, "geometry": { "type": "Point", "coordinates": [ -63.241797202, -31.436589547 ] } },
{ "type": "Feature", "properties": { "Name": "T-AU19-217" }, "geometry": { "type": "Point", "coordinates": [ -63.247701866, -31.434917236 ] } },
{ "type": "Feature", "properties": { "Name": "T-AU19-218" }, "geometry": { "type": "Point", "coordinates": [ -63.255853421, -31.432796118 ] } },
{ "type": "Feature", "properties": { "Name": "T-AU19-220" }, "geometry": { "type": "Point", "coordinates": [ -63.259626298, -31.43346101 ] } },
{ "type": "Feature", "properties": { "Name": "T-AU19-221" }, "geometry": { "type": "Point", "coordinates": [ -63.263908552, -31.434078447 ] } },
{ "type": "Feature", "properties": { "Name": "T-AU19-222" }, "geometry": { "type": "Point", "coordinates": [ -63.270567088, -31.436227647 ] } },
{ "type": "Feature", "properties": { "Name": "T-AU19-223" }, "geometry": { "type": "Point", "coordinates": [ -63.276185467, -31.439640307 ] } },
{ "type": "Feature", "properties": { "Name": "T-AU19-224" }, "geometry": { "type": "Point", "coordinates": [ -63.27534619, -31.432614971 ] } },
{ "type": "Feature", "properties": { "Name": "T-AU19-225" }, "geometry": { "type": "Point", "coordinates": [ -63.27861286, -31.430990205 ] } },
{ "type": "Feature", "properties": { "Name": "T-AU19-226" }, "geometry": { "type": "Point", "coordinates": [ -63.277431355, -31.435874524 ] } },
{ "type": "Feature", "properties": { "Name": "T-AU19-227" }, "geometry": { "type": "Point", "coordinates": [ -63.282463032, -31.435165874 ] } },
{ "type": "Feature", "properties": { "Name": "T-AU19-228" }, "geometry": { "type": "Point", "coordinates": [ -63.286580231, -31.43508617 ] } },
{ "type": "Feature", "properties": { "Name": "T-AU19-229" }, "geometry": { "type": "Point", "coordinates": [ -63.290990472, -31.435378033 ] } },
{ "type": "Feature", "properties": { "Name": "T-AU19-231" }, "geometry": { "type": "Point", "coordinates": [ -63.296232878, -31.430860824 ] } },
{ "type": "Feature", "properties": { "Name": "T-AU19-230" }, "geometry": { "type": "Point", "coordinates": [ -63.296671326, -31.435226813 ] } },
{ "type": "Feature", "properties": { "Name": "T-AU19-232" }, "geometry": { "type": "Point", "coordinates": [ -63.29964646, -31.43588707 ] } },
{ "type": "Feature", "properties": { "Name": "T-AU19-233" }, "geometry": { "type": "Point", "coordinates": [ -63.302866953, -31.431018419 ] } },
{ "type": "Feature", "properties": { "Name": "T-AU19-234" }, "geometry": { "type": "Point", "coordinates": [ -63.307801665, -31.431442022 ] } },
{ "type": "Feature", "properties": { "Name": "T-AU19-235" }, "geometry": { "type": "Point", "coordinates": [ -63.316079699, -31.430175433 ] } },
{ "type": "Feature", "properties": { "Name": "T-AU19-236" }, "geometry": { "type": "Point", "coordinates": [ -63.322759877, -31.436436949 ] } },
{ "type": "Feature", "properties": { "Name": "T-AU19-237" }, "geometry": { "type": "Point", "coordinates": [ -63.326787918, -31.436125922 ] } },
{ "type": "Feature", "properties": { "Name": "T-AU19-238" }, "geometry": { "type": "Point", "coordinates": [ -63.333160274, -31.435618596 ] } },
{ "type": "Feature", "properties": { "Name": "T-AU19-239" }, "geometry": { "type": "Point", "coordinates": [ -63.338546806, -31.432929486 ] } },
{ "type": "Feature", "properties": { "Name": "T-AU19-240" }, "geometry": { "type": "Point", "coordinates": [ -63.338408641, -31.435832815 ] } },
{ "type": "Feature", "properties": { "Name": "T-AU19-241" }, "geometry": { "type": "Point", "coordinates": [ -63.343917759, -31.436001496 ] } },
{ "type": "Feature", "properties": { "Name": "T-AU19-241" }, "geometry": { "type": "Point", "coordinates": [ -63.35822999, -31.436518823 ] } },
{ "type": "Feature", "properties": { "Name": "T-AU19-244" }, "geometry": { "type": "Point", "coordinates": [ -63.364635635, -31.428446673 ] } },
{ "type": "Feature", "properties": { "Name": "T-AU19-245" }, "geometry": { "type": "Point", "coordinates": [ -63.376490386, -31.434712741 ] } },
{ "type": "Feature", "properties": { "Name": "T-AU19-246" }, "geometry": { "type": "Point", "coordinates": [ -63.38093604, -31.42397039 ] } },
{ "type": "Feature", "properties": { "Name": "T-AU19-247" }, "geometry": { "type": "Point", "coordinates": [ -63.381567266, -31.41748792 ] } },
{ "type": "Feature", "properties": { "Name": "T-AU19-247bis" }, "geometry": { "type": "Point", "coordinates": [ -63.382322644, -31.426573712 ] } },
{ "type": "Feature", "properties": { "Name": "T-AU19-248" }, "geometry": { "type": "Point", "coordinates": [ -63.386686479, -31.427272475 ] } },
{ "type": "Feature", "properties": { "Name": "T-AU19-249" }, "geometry": { "type": "Point", "coordinates": [ -63.394194774, -31.430973733 ] } },
{ "type": "Feature", "properties": { "Name": "T-AU19-250" }, "geometry": { "type": "Point", "coordinates": [ -63.396283809, -31.423565071 ] } },
{ "type": "Feature", "properties": { "Name": "T-AU19-251" }, "geometry": { "type": "Point", "coordinates": [ -63.400477047, -31.42070421 ] } },
{ "type": "Feature", "properties": { "Name": "T-AU19-252" }, "geometry": { "type": "Point", "coordinates": [ -63.40026845, -31.423889301 ] } },
{ "type": "Feature", "properties": { "Name": "T-AU19-253" }, "geometry": { "type": "Point", "coordinates": [ -63.406984458, -31.419881544 ] } },
{ "type": "Feature", "properties": { "Name": "T-AU19-254" }, "geometry": { "type": "Point", "coordinates": [ -63.41404096, -31.422852797 ] } },
{ "type": "Feature", "properties": { "Name": "T-AU19-256" }, "geometry": { "type": "Point", "coordinates": [ -63.417231023, -31.412047373 ] } },
{ "type": "Feature", "properties": { "Name": "T-AU19-257" }, "geometry": { "type": "Point", "coordinates": [ -63.427155728, -31.413171813 ] } },
{ "type": "Feature", "properties": { "Name": "T-AU19-258" }, "geometry": { "type": "Point", "coordinates": [ -63.438403633, -31.409122247 ] } },
{ "type": "Feature", "properties": { "Name": "T-AU19-260" }, "geometry": { "type": "Point", "coordinates": [ -63.445680389, -31.412167182 ] } },
{ "type": "Feature", "properties": { "Name": "T-AU19-261" }, "geometry": { "type": "Point", "coordinates": [ -63.45419374, -31.411184272 ] } },
{ "type": "Feature", "properties": { "Name": "T-AU19-262" }, "geometry": { "type": "Point", "coordinates": [ -63.464223147, -31.40907186 ] } },
{ "type": "Feature", "properties": { "Name": "T-AU19-263" }, "geometry": { "type": "Point", "coordinates": [ -63.469863603, -31.40608368 ] } },
{ "type": "Feature", "properties": { "Name": "T-AU19-266" }, "geometry": { "type": "Point", "coordinates": [ -63.476476498, -31.399960548 ] } },
{ "type": "Feature", "properties": { "Name": "T-AU19-267" }, "geometry": { "type": "Point", "coordinates": [ -63.480888498, -31.398483065 ] } },
{ "type": "Feature", "properties": { "Name": "T-AU19-270" }, "geometry": { "type": "Point", "coordinates": [ -63.484988233, -31.39771869 ] } },
{ "type": "Feature", "properties": { "Name": "T-AU19-271" }, "geometry": { "type": "Point", "coordinates": [ -63.491844883, -31.394440002 ] } },
{ "type": "Feature", "properties": { "Name": "T-AU19-272" }, "geometry": { "type": "Point", "coordinates": [ -63.500499728, -31.39934781 ] } },
{ "type": "Feature", "properties": { "Name": "T-AU19-273" }, "geometry": { "type": "Point", "coordinates": [ -63.506695306, -31.396994086 ] } },
{ "type": "Feature", "properties": { "Name": "T-AU19-274" }, "geometry": { "type": "Point", "coordinates": [ -63.508294173, -31.391669926 ] } },
{ "type": "Feature", "properties": { "Name": "T-AU19-276" }, "geometry": { "type": "Point", "coordinates": [ -63.523450384, -31.389743476 ] } },
{ "type": "Feature", "properties": { "Name": "T-AU19-277 bis" }, "geometry": { "type": "Point", "coordinates": [ -63.535035996, -31.389351673 ] } },
{ "type": "Feature", "properties": { "Name": "T-AU19-278" }, "geometry": { "type": "Point", "coordinates": [ -63.533943405, -31.391644358 ] } },
{ "type": "Feature", "properties": { "Name": "T-AU19-275" }, "geometry": { "type": "Point", "coordinates": [ -63.538175494, -31.396914105 ] } },
{ "type": "Feature", "properties": { "Name": "T-AU19-279" }, "geometry": { "type": "Point", "coordinates": [ -63.541481406, -31.393166531 ] } },
{ "type": "Feature", "properties": { "Name": "T-AU19-280" }, "geometry": { "type": "Point", "coordinates": [ -63.548665168, -31.391096471 ] } },
{ "type": "Feature", "properties": { "Name": "T-AU19-282" }, "geometry": { "type": "Point", "coordinates": [ -63.554555779, -31.387651004 ] } },
{ "type": "Feature", "properties": { "Name": "T-AU19-281" }, "geometry": { "type": "Point", "coordinates": [ -63.542424118, -31.385142195 ] } },
{ "type": "Feature", "properties": { "Name": "T-AU19-283" }, "geometry": { "type": "Point", "coordinates": [ -63.554557849, -31.382323102 ] } },
{ "type": "Feature", "properties": { "Name": "T-AU19-285" }, "geometry": { "type": "Point", "coordinates": [ -63.568948921, -31.384571315 ] } },
{ "type": "Feature", "properties": { "Name": "T-AU19-286" }, "geometry": { "type": "Point", "coordinates": [ -63.577344662, -31.37185703 ] } },
{ "type": "Feature", "properties": { "Name": "T-AU19-287" }, "geometry": { "type": "Point", "coordinates": [ -63.588526042, -31.369385785 ] } },
{ "type": "Feature", "properties": { "Name": "T-AU19-289" }, "geometry": { "type": "Point", "coordinates": [ -63.597231174, -31.370907572 ] } },
{ "type": "Feature", "properties": { "Name": "T-AU19-288" }, "geometry": { "type": "Point", "coordinates": [ -63.605510076, -31.376890311 ] } },
{ "type": "Feature", "properties": { "Name": "T-AU19-293" }, "geometry": { "type": "Point", "coordinates": [ -63.603455107, -31.36881772 ] } },
{ "type": "Feature", "properties": { "Name": "T-AU19-290" }, "geometry": { "type": "Point", "coordinates": [ -63.596640689, -31.365961438 ] } },
{ "type": "Feature", "properties": { "Name": "T-AU19-290bis" }, "geometry": { "type": "Point", "coordinates": [ -63.597068133, -31.364142886 ] } },
{ "type": "Feature", "properties": { "Name": "T-AU19-292" }, "geometry": { "type": "Point", "coordinates": [ -63.603394433, -31.363200363 ] } },
{ "type": "Feature", "properties": { "Name": "T-AU19-291" }, "geometry": { "type": "Point", "coordinates": [ -63.603336761, -31.358476156 ] } },
{ "type": "Feature", "properties": { "Name": "T-AU19-294" }, "geometry": { "type": "Point", "coordinates": [ -63.610664669, -31.364146877 ] } },
{ "type": "Feature", "properties": { "Name": "T-AU19-296" }, "geometry": { "type": "Point", "coordinates": [ -63.624543113, -31.359345199 ] } },
{ "type": "Feature", "properties": { "Name": "T-AU19-297" }, "geometry": { "type": "Point", "coordinates": [ -63.629254025, -31.359911975 ] } },
{ "type": "Feature", "properties": { "Name": "T-AU19-298" }, "geometry": { "type": "Point", "coordinates": [ -63.629395656, -31.353682942 ] } },
{ "type": "Feature", "properties": { "Name": "T-AU19-299" }, "geometry": { "type": "Point", "coordinates": [ -63.632221499, -31.357080758 ] } },
{ "type": "Feature", "properties": { "Name": "T-AU19-300" }, "geometry": { "type": "Point", "coordinates": [ -63.641032494, -31.35786421 ] } },
{ "type": "Feature", "properties": { "Name": "T-AU19-301" }, "geometry": { "type": "Point", "coordinates": [ -63.650009592, -31.332196438 ] } },
{ "type": "Feature", "properties": { "Name": "T-AU19-302" }, "geometry": { "type": "Point", "coordinates": [ -63.666109403, -31.334469303 ] } },
{ "type": "Feature", "properties": { "Name": "T-AU19-303" }, "geometry": { "type": "Point", "coordinates": [ -63.667748569, -31.32085172 ] } },
{ "type": "Feature", "properties": { "Name": "T-AU19-306" }, "geometry": { "type": "Point", "coordinates": [ -63.663764215, -31.308396493 ] } },
{ "type": "Feature", "properties": { "Name": "T-AU19-304" }, "geometry": { "type": "Point", "coordinates": [ -63.653018236, -31.314227241 ] } },
{ "type": "Feature", "properties": { "Name": "T-AU19-305" }, "geometry": { "type": "Point", "coordinates": [ -63.65735066, -31.310449605 ] } },
{ "type": "Feature", "properties": { "Name": "T-AU09-266B" }, "geometry": { "type": "Point", "coordinates": [ -62.069055587, -32.673395593 ] } },
{ "type": "Feature", "properties": { "Name": "T-AU09-275" }, "geometry": { "type": "Point", "coordinates": [ -62.09187573, -32.663448574 ] } },
{ "type": "Feature", "properties": { "Name": "T-AU09-274" }, "geometry": { "type": "Point", "coordinates": [ -62.094155125, -32.6664547 ] } },
{ "type": "Feature", "properties": { "Name": "T-AU09-273" }, "geometry": { "type": "Point", "coordinates": [ -62.089179791, -32.672777689 ] } },
{ "type": "Feature", "properties": { "Name": "T-AU09-272" }, "geometry": { "type": "Point", "coordinates": [ -62.080874264, -32.668004134 ] } },
{ "type": "Feature", "properties": { "Name": "T-AU09-271" }, "geometry": { "type": "Point", "coordinates": [ -62.081928337, -32.666210948 ] } },
{ "type": "Feature", "properties": { "Name": "T-AU09-269" }, "geometry": { "type": "Point", "coordinates": [ -62.06803592, -32.66619758 ] } },
{ "type": "Feature", "properties": { "Name": "T-AU09-268" }, "geometry": { "type": "Point", "coordinates": [ -62.063765154, -32.667499729 ] } },
{ "type": "Feature", "properties": { "Name": "T-AU09-267" }, "geometry": { "type": "Point", "coordinates": [ -62.059864255, -32.668010313 ] } },
{ "type": "Feature", "properties": { "Name": "T-AU09-266" }, "geometry": { "type": "Point", "coordinates": [ -62.067568135, -32.671196375 ] } },
{ "type": "Feature", "properties": { "Name": "T-AU09-265" }, "geometry": { "type": "Point", "coordinates": [ -62.062016171, -32.672063035 ] } },
{ "type": "Feature", "properties": { "Name": "T-AU09-264" }, "geometry": { "type": "Point", "coordinates": [ -62.048140737, -32.670165691 ] } },
{ "type": "Feature", "properties": { "Name": "T-AU09-263" }, "geometry": { "type": "Point", "coordinates": [ -62.053757777, -32.66928319 ] } },
{ "type": "Feature", "properties": { "Name": "T-AU09-262" }, "geometry": { "type": "Point", "coordinates": [ -62.056325386, -32.673360492 ] } },
{ "type": "Feature", "properties": { "Name": "T-AU09-261" }, "geometry": { "type": "Point", "coordinates": [ -62.051949955, -32.675187416 ] } },
{ "type": "Feature", "properties": { "Name": "T-AU09-260" }, "geometry": { "type": "Point", "coordinates": [ -62.048005402, -32.676072678 ] } },
{ "type": "Feature", "properties": { "Name": "T-AU09-258" }, "geometry": { "type": "Point", "coordinates": [ -62.043163235, -32.67723002 ] } },
{ "type": "Feature", "properties": { "Name": "T-AU09-257" }, "geometry": { "type": "Point", "coordinates": [ -62.038614444, -32.678189361 ] } },
{ "type": "Feature", "properties": { "Name": "T-AU09-256" }, "geometry": { "type": "Point", "coordinates": [ -62.0345325, -32.678877627 ] } },
{ "type": "Feature", "properties": { "Name": "T-AU09-255" }, "geometry": { "type": "Point", "coordinates": [ -62.027067977, -32.676172371 ] } },
{ "type": "Feature", "properties": { "Name": "T-AU09-254" }, "geometry": { "type": "Point", "coordinates": [ -62.020595066, -32.67725881 ] } },
{ "type": "Feature", "properties": { "Name": "T-AU09-252" }, "geometry": { "type": "Point", "coordinates": [ -62.018691307, -32.684398228 ] } },
{ "type": "Feature", "properties": { "Name": "T-AU09-251" }, "geometry": { "type": "Point", "coordinates": [ -62.000695658, -32.690120073 ] } },
{ "type": "Feature", "properties": { "Name": "T-AU09-250" }, "geometry": { "type": "Point", "coordinates": [ -62.002485502, -32.685156666 ] } },
{ "type": "Feature", "properties": { "Name": "T-AU09-249" }, "geometry": { "type": "Point", "coordinates": [ -61.998025502, -32.685684177 ] } },
{ "type": "Feature", "properties": { "Name": "T-AU09-248" }, "geometry": { "type": "Point", "coordinates": [ -61.993160843, -32.686286013 ] } },
{ "type": "Feature", "properties": { "Name": "T-AU09-247" }, "geometry": { "type": "Point", "coordinates": [ -61.987451504, -32.688077385 ] } },
{ "type": "Feature", "properties": { "Name": "T-AU09-246" }, "geometry": { "type": "Point", "coordinates": [ -61.98724934, -32.69308094 ] } },
{ "type": "Feature", "properties": { "Name": "T-AU09-245" }, "geometry": { "type": "Point", "coordinates": [ -61.972503342, -32.690981512 ] } },
{ "type": "Feature", "properties": { "Name": "T-AU09-244" }, "geometry": { "type": "Point", "coordinates": [ -61.976197916, -32.694033499 ] } },
{ "type": "Feature", "properties": { "Name": "T-AU09-243" }, "geometry": { "type": "Point", "coordinates": [ -61.968852775, -32.695516242 ] } },
{ "type": "Feature", "properties": { "Name": "T-AU09-242" }, "geometry": { "type": "Point", "coordinates": [ -61.957308305, -32.692727831 ] } },
{ "type": "Feature", "properties": { "Name": "T-AU09-241" }, "geometry": { "type": "Point", "coordinates": [ -61.9612517, -32.696990124 ] } },
{ "type": "Feature", "properties": { "Name": "T-AU09-240" }, "geometry": { "type": "Point", "coordinates": [ -61.945079794, -32.699373432 ] } },
{ "type": "Feature", "properties": { "Name": "T-AU09-239" }, "geometry": { "type": "Point", "coordinates": [ -61.950711186, -32.70698421 ] } },
{ "type": "Feature", "properties": { "Name": "T-AU09-238" }, "geometry": { "type": "Point", "coordinates": [ -61.944225794, -32.708258442 ] } },
{ "type": "Feature", "properties": { "Name": "T-AU09-237" }, "geometry": { "type": "Point", "coordinates": [ -61.931803862, -32.707702746 ] } },
{ "type": "Feature", "properties": { "Name": "T-AU09-236" }, "geometry": { "type": "Point", "coordinates": [ -61.916807759, -32.703474792 ] } },
{ "type": "Feature", "properties": { "Name": "T-AU09-235" }, "geometry": { "type": "Point", "coordinates": [ -61.919464193, -32.71403264 ] } },
{ "type": "Feature", "properties": { "Name": "T-AU09-234" }, "geometry": { "type": "Point", "coordinates": [ -61.912186259, -32.713277583 ] } },
{ "type": "Feature", "properties": { "Name": "T-AU09-233" }, "geometry": { "type": "Point", "coordinates": [ -61.911679343, -32.711094193 ] } },
{ "type": "Feature", "properties": { "Name": "T-AU09-232" }, "geometry": { "type": "Point", "coordinates": [ -61.910360113, -32.715059691 ] } },
{ "type": "Feature", "properties": { "Name": "T-AU09-231" }, "geometry": { "type": "Point", "coordinates": [ -61.90792994, -32.712060874 ] } },
{ "type": "Feature", "properties": { "Name": "T-AU09-230" }, "geometry": { "type": "Point", "coordinates": [ -61.907918143, -32.711628197 ] } },
{ "type": "Feature", "properties": { "Name": "T-AU09-229" }, "geometry": { "type": "Point", "coordinates": [ -61.903121434, -32.712854335 ] } },
{ "type": "Feature", "properties": { "Name": "T-AU09-228" }, "geometry": { "type": "Point", "coordinates": [ -61.904272353, -32.706039961 ] } },
{ "type": "Feature", "properties": { "Name": "T-AU09-227" }, "geometry": { "type": "Point", "coordinates": [ -61.899796309, -32.71325607 ] } },
{ "type": "Feature", "properties": { "Name": "T-AU09-226" }, "geometry": { "type": "Point", "coordinates": [ -61.892547485, -32.715082301 ] } },
{ "type": "Feature", "properties": { "Name": "T-AU09-225" }, "geometry": { "type": "Point", "coordinates": [ -61.880386314, -32.71770416 ] } },
{ "type": "Feature", "properties": { "Name": "T-AU09-224" }, "geometry": { "type": "Point", "coordinates": [ -61.872214243, -32.722470447 ] } },
{ "type": "Feature", "properties": { "Name": "T-AU09-223" }, "geometry": { "type": "Point", "coordinates": [ -61.863545354, -32.721701674 ] } },
{ "type": "Feature", "properties": { "Name": "T-AU09-222" }, "geometry": { "type": "Point", "coordinates": [ -61.865960402, -32.727268023 ] } },
{ "type": "Feature", "properties": { "Name": "T-AU09-221" }, "geometry": { "type": "Point", "coordinates": [ -61.861148618, -32.725823848 ] } },
{ "type": "Feature", "properties": { "Name": "T-AU09-220" }, "geometry": { "type": "Point", "coordinates": [ -61.855127544, -32.728977437 ] } },
{ "type": "Feature", "properties": { "Name": "T-AU09-219B" }, "geometry": { "type": "Point", "coordinates": [ -61.864752025, -32.729840774 ] } },
{ "type": "Feature", "properties": { "Name": "T-AU09-218" }, "geometry": { "type": "Point", "coordinates": [ -61.865881376, -32.73419142 ] } },
{ "type": "Feature", "properties": { "Name": "T-AU09-217" }, "geometry": { "type": "Point", "coordinates": [ -61.855937475, -32.735310044 ] } },
{ "type": "Feature", "properties": { "Name": "T-AU09-216" }, "geometry": { "type": "Point", "coordinates": [ -61.859124906, -32.745944961 ] } },
{ "type": "Feature", "properties": { "Name": "T-AU09-215" }, "geometry": { "type": "Point", "coordinates": [ -61.856541191, -32.749107182 ] } },
{ "type": "Feature", "properties": { "Name": "T-AU09-214" }, "geometry": { "type": "Point", "coordinates": [ -61.86684423, -32.749002519 ] } },
{ "type": "Feature", "properties": { "Name": "T-AU09-213" }, "geometry": { "type": "Point", "coordinates": [ -61.867638047, -32.754443661 ] } },
{ "type": "Feature", "properties": { "Name": "T-AU09-212" }, "geometry": { "type": "Point", "coordinates": [ -61.858221396, -32.7588748 ] } },
{ "type": "Feature", "properties": { "Name": "T-AU09-211" }, "geometry": { "type": "Point", "coordinates": [ -61.868132032, -32.760671456 ] } },
{ "type": "Feature", "properties": { "Name": "T-AU09-210" }, "geometry": { "type": "Point", "coordinates": [ -61.86114846, -32.767363412 ] } },
{ "type": "Feature", "properties": { "Name": "T-AU09-208" }, "geometry": { "type": "Point", "coordinates": [ -61.84845812, -32.771069248 ] } },
{ "type": "Feature", "properties": { "Name": "T-AU09-207" }, "geometry": { "type": "Point", "coordinates": [ -61.834453928, -32.767159266 ] } },
{ "type": "Feature", "properties": { "Name": "T-AU09-206" }, "geometry": { "type": "Point", "coordinates": [ -61.837800938, -32.774615631 ] } },
{ "type": "Feature", "properties": { "Name": "T-AU09-204" }, "geometry": { "type": "Point", "coordinates": [ -61.822763309, -32.768440563 ] } },
{ "type": "Feature", "properties": { "Name": "T-AU09-202" }, "geometry": { "type": "Point", "coordinates": [ -61.816274423, -32.769501439 ] } },
{ "type": "Feature", "properties": { "Name": "T-AU09-201" }, "geometry": { "type": "Point", "coordinates": [ -61.80709691, -32.77203664 ] } },
{ "type": "Feature", "properties": { "Name": "T-AU09-223B" }, "geometry": { "type": "Point", "coordinates": [ -61.868521235, -32.726083893 ] } },
{ "type": "Feature", "properties": { "Name": "T-AU09-219" }, "geometry": { "type": "Point", "coordinates": [ -61.865926206, -32.729809617 ] } },
{ "type": "Feature", "properties": { "Name": "T-AU09-216B" }, "geometry": { "type": "Point", "coordinates": [ -61.860058519, -32.746232375 ] } },
{ "type": "Feature", "properties": { "Name": "T-AU09-255B" }, "geometry": { "type": "Point", "coordinates": [ -62.041363404, -32.67263597 ] } },
{ "type": "Feature", "properties": { "Name": "T-AU09-255C" }, "geometry": { "type": "Point", "coordinates": [ -62.038401959, -32.673260703 ] } },
{ "type": "Feature", "properties": { "Name": "T-AU09-259" }, "geometry": { "type": "Point", "coordinates": [ -62.034150176, -32.674386003 ] } },
{ "type": "Feature", "properties": { "Name": "T-AU09-209" }, "geometry": { "type": "Point", "coordinates": [ -61.846026111, -32.766200725 ] } },
{ "type": "Feature", "properties": { "Name": "T-AU09-270'" }, "geometry": { "type": "Point", "coordinates": [ -62.075508423, -32.671257376 ] } },
{ "type": "Feature", "properties": { "Name": "T-AU09-270-a" }, "geometry": { "type": "Point", "coordinates": [ -62.076878374, -32.674964473 ] } },
{ "type": "Feature", "properties": { "Name": "T-AU09-270" }, "geometry": { "type": "Point", "coordinates": [ -62.075301756, -32.668225843 ] } },
{ "type": "Feature", "properties": { "Name": "T-AU09-270'" }, "geometry": { "type": "Point", "coordinates": [ -62.074229552, -32.665244114 ] } },
{ "type": "Feature", "properties": { "Name": "T-AU09-274'" }, "geometry": { "type": "Point", "coordinates": [ -62.094869193, -32.667654668 ] } },
{ "type": "Feature", "properties": { "Name": "T-AU09-274-a" }, "geometry": { "type": "Point", "coordinates": [ -62.095299195, -32.668802224 ] } },
{ "type": "Feature", "properties": { "Name": "T-AU09-205" }, "geometry": { "type": "Point", "coordinates": [ -61.830584837, -32.777804437 ] } },
{ "type": "Feature", "properties": { "Name": "T-AU09-T-AU09-137" }, "geometry": { "type": "Point", "coordinates": [ -62.959274641, -32.524590283 ] } },
{ "type": "Feature", "properties": { "Name": "T-AU09-T-AU09-138" }, "geometry": { "type": "Point", "coordinates": [ -62.956935173, -32.519169647 ] } },
{ "type": "Feature", "properties": { "Name": "T-AU09-T-AU09-139" }, "geometry": { "type": "Point", "coordinates": [ -62.963414449, -32.523441209 ] } },
{ "type": "Feature", "properties": { "Name": "T-AU09-T-AU09-141" }, "geometry": { "type": "Point", "coordinates": [ -62.969077422, -32.522388145 ] } },
{ "type": "Feature", "properties": { "Name": "T-AU09-159" }, "geometry": { "type": "Point", "coordinates": [ -63.14443622, -32.423477898 ] } },
{ "type": "Feature", "properties": { "Name": "T-AU09-155" }, "geometry": { "type": "Point", "coordinates": [ -63.113311274, -32.440807657 ] } },
{ "type": "Feature", "properties": { "Name": "T-AU09-157" }, "geometry": { "type": "Point", "coordinates": [ -63.132730278, -32.430044346 ] } },
{ "type": "Feature", "properties": { "Name": "T-AU09-160" }, "geometry": { "type": "Point", "coordinates": [ -63.151031235, -32.426308345 ] } },
{ "type": "Feature", "properties": { "Name": "T-AU09-156" }, "geometry": { "type": "Point", "coordinates": [ -63.135860712, -32.43448955 ] } },
{ "type": "Feature", "properties": { "Name": "T-AU09-158" }, "geometry": { "type": "Point", "coordinates": [ -63.144115817, -32.429024603 ] } },
{ "type": "Feature", "properties": { "Name": "T-AU09-153" }, "geometry": { "type": "Point", "coordinates": [ -63.077916688, -32.466566166 ] } },
{ "type": "Feature", "properties": { "Name": "T-AU09-152" }, "geometry": { "type": "Point", "coordinates": [ -63.066211853, -32.47171608 ] } },
{ "type": "Feature", "properties": { "Name": "T-AU09-154" }, "geometry": { "type": "Point", "coordinates": [ -63.089712451, -32.460604972 ] } },
{ "type": "Feature", "properties": { "Name": "T-AU09-150" }, "geometry": { "type": "Point", "coordinates": [ -63.052640297, -32.477977445 ] } },
{ "type": "Feature", "properties": { "Name": "T-AU09-149" }, "geometry": { "type": "Point", "coordinates": [ -63.045713006, -32.471509819 ] } },
{ "type": "Feature", "properties": { "Name": "T-AU09-148" }, "geometry": { "type": "Point", "coordinates": [ -63.041023572, -32.48202284 ] } },
{ "type": "Feature", "properties": { "Name": "T-AU09-151" }, "geometry": { "type": "Point", "coordinates": [ -63.058846661, -32.475989061 ] } },
{ "type": "Feature", "properties": { "Name": "T-AU09-144" }, "geometry": { "type": "Point", "coordinates": [ -62.998909067, -32.505985457 ] } },
{ "type": "Feature", "properties": { "Name": "T-AU09-146" }, "geometry": { "type": "Point", "coordinates": [ -63.009828888, -32.49302439 ] } },
{ "type": "Feature", "properties": { "Name": "T-AU09-147" }, "geometry": { "type": "Point", "coordinates": [ -63.032614237, -32.49588363 ] } },
{ "type": "Feature", "properties": { "Name": "T-AU09-142" }, "geometry": { "type": "Point", "coordinates": [ -62.98528626, -32.518646119 ] } },
{ "type": "Feature", "properties": { "Name": "T-AU09-143" }, "geometry": { "type": "Point", "coordinates": [ -62.982794896, -32.510903192 ] } },
{ "type": "Feature", "properties": { "Name": "T-AU09-140" }, "geometry": { "type": "Point", "coordinates": [ -62.982571879, -32.526984089 ] } },
{ "type": "Feature", "properties": { "Name": "T-AU09-103" }, "geometry": { "type": "Point", "coordinates": [ -62.836401067, -32.55702648 ] } },
{ "type": "Feature", "properties": { "Name": "T-AU09-113" }, "geometry": { "type": "Point", "coordinates": [ -62.863574369, -32.550772727 ] } },
{ "type": "Feature", "properties": { "Name": "T-AU09-114" }, "geometry": { "type": "Point", "coordinates": [ -62.862459438, -32.544786412 ] } },
{ "type": "Feature", "properties": { "Name": "T-AU09-115" }, "geometry": { "type": "Point", "coordinates": [ -62.870799407, -32.549171281 ] } },
{ "type": "Feature", "properties": { "Name": "T-AU09-116" }, "geometry": { "type": "Point", "coordinates": [ -62.865227077, -32.544624976 ] } },
{ "type": "Feature", "properties": { "Name": "T-AU09-117" }, "geometry": { "type": "Point", "coordinates": [ -62.868186395, -32.543655037 ] } },
{ "type": "Feature", "properties": { "Name": "T-AU09-118" }, "geometry": { "type": "Point", "coordinates": [ -62.871169579, -32.542751359 ] } },
{ "type": "Feature", "properties": { "Name": "T-AU09-119" }, "geometry": { "type": "Point", "coordinates": [ -62.878274009, -32.547639271 ] } },
{ "type": "Feature", "properties": { "Name": "T-AU09-120" }, "geometry": { "type": "Point", "coordinates": [ -62.877815711, -32.540634832 ] } },
{ "type": "Feature", "properties": { "Name": "T-AU09-134" }, "geometry": { "type": "Point", "coordinates": [ -62.931774636, -32.521761405 ] } },
{ "type": "Feature", "properties": { "Name": "T-AU09-121" }, "geometry": { "type": "Point", "coordinates": [ -62.890559551, -32.54311764 ] } },
{ "type": "Feature", "properties": { "Name": "T-AU09-122" }, "geometry": { "type": "Point", "coordinates": [ -62.886955801, -32.538664945 ] } },
{ "type": "Feature", "properties": { "Name": "T-AU09-135" }, "geometry": { "type": "Point", "coordinates": [ -62.950330893, -32.525676439 ] } },
{ "type": "Feature", "properties": { "Name": "T-AU09-136" }, "geometry": { "type": "Point", "coordinates": [ -62.947911086, -32.52047128 ] } },
{ "type": "Feature", "properties": { "Name": "T-AU09-102" }, "geometry": { "type": "Point", "coordinates": [ -62.828776393, -32.560178973 ] } },
{ "type": "Feature", "properties": { "Name": "T-AU09-104" }, "geometry": { "type": "Point", "coordinates": [ -62.836603995, -32.549567779 ] } },
{ "type": "Feature", "properties": { "Name": "T-AU09-105" }, "geometry": { "type": "Point", "coordinates": [ -62.843355477, -32.561490621 ] } },
{ "type": "Feature", "properties": { "Name": "T-AU09-106" }, "geometry": { "type": "Point", "coordinates": [ -62.844584993, -32.561046702 ] } },
{ "type": "Feature", "properties": { "Name": "T-AU09-108" }, "geometry": { "type": "Point", "coordinates": [ -62.846000787, -32.560801065 ] } },
{ "type": "Feature", "properties": { "Name": "T-AU09-109" }, "geometry": { "type": "Point", "coordinates": [ -62.847853834, -32.560850725 ] } },
{ "type": "Feature", "properties": { "Name": "T-AU09-110" }, "geometry": { "type": "Point", "coordinates": [ -62.851973556, -32.548322678 ] } },
{ "type": "Feature", "properties": { "Name": "T-AU09-111" }, "geometry": { "type": "Point", "coordinates": [ -62.85384246, -32.553758599 ] } },
{ "type": "Feature", "properties": { "Name": "T-AU09-112" }, "geometry": { "type": "Point", "coordinates": [ -62.859818176, -32.545751452 ] } },
{ "type": "Feature", "properties": { "Name": "T-AU09-133" }, "geometry": { "type": "Point", "coordinates": [ -62.939267918, -32.527800024 ] } },
{ "type": "Feature", "properties": { "Name": "T-AU09-132" }, "geometry": { "type": "Point", "coordinates": [ -62.937255378, -32.531900744 ] } },
{ "type": "Feature", "properties": { "Name": "T-AU09-123" }, "geometry": { "type": "Point", "coordinates": [ -62.902294273, -32.540516928 ] } },
{ "type": "Feature", "properties": { "Name": "T-AU09-124" }, "geometry": { "type": "Point", "coordinates": [ -62.90773154, -32.53847339 ] } },
{ "type": "Feature", "properties": { "Name": "T-AU09-125" }, "geometry": { "type": "Point", "coordinates": [ -62.903000892, -32.534232825 ] } },
{ "type": "Feature", "properties": { "Name": "T-AU09-129" }, "geometry": { "type": "Point", "coordinates": [ -62.919340504, -32.529551433 ] } },
{ "type": "Feature", "properties": { "Name": "T-AU09-126" }, "geometry": { "type": "Point", "coordinates": [ -62.880904057, -32.572035045 ] } },
{ "type": "Feature", "properties": { "Name": "T-AU09-130" }, "geometry": { "type": "Point", "coordinates": [ -62.931251394, -32.531303643 ] } },
{ "type": "Feature", "properties": { "Name": "T-AU09-128" }, "geometry": { "type": "Point", "coordinates": [ -62.925272356, -32.532172126 ] } },
{ "type": "Feature", "properties": { "Name": "T-AU09-127" }, "geometry": { "type": "Point", "coordinates": [ -62.920118886, -32.536128845 ] } },
{ "type": "Feature", "properties": { "Name": "T-AU09-118A" }, "geometry": { "type": "Point", "coordinates": [ -62.874466348, -32.541506821 ] } },
{ "type": "Feature", "properties": { "Name": "T-AU09-107" }, "geometry": { "type": "Point", "coordinates": [ -62.842828042, -32.5628874 ] } },
{ "type": "Feature", "properties": { "Name": "T-AU09-102A" }, "geometry": { "type": "Point", "coordinates": [ -62.82763025, -32.570326731 ] } },
{ "type": "Feature", "properties": { "Name": "T-AU09-82" }, "geometry": { "type": "Point", "coordinates": [ -62.71572287, -32.582594305 ] } },
{ "type": "Feature", "properties": { "Name": "T-AU09-34" }, "geometry": { "type": "Point", "coordinates": [ -62.711417239, -32.589468825 ] } },
{ "type": "Feature", "properties": { "Name": "T-AU09-83" }, "geometry": { "type": "Point", "coordinates": [ -62.719010824, -32.594254762 ] } },
{ "type": "Feature", "properties": { "Name": "T-AU09-84" }, "geometry": { "type": "Point", "coordinates": [ -62.727078317, -32.592733792 ] } },
{ "type": "Feature", "properties": { "Name": "T-AU09-85" }, "geometry": { "type": "Point", "coordinates": [ -62.729492051, -32.582168933 ] } },
{ "type": "Feature", "properties": { "Name": "T-AU09-86" }, "geometry": { "type": "Point", "coordinates": [ -62.736042566, -32.582106772 ] } },
{ "type": "Feature", "properties": { "Name": "T-AU09-86" }, "geometry": { "type": "Point", "coordinates": [ -62.741515638, -32.576860077 ] } },
{ "type": "Feature", "properties": { "Name": "T-AU09-89" }, "geometry": { "type": "Point", "coordinates": [ -62.750832089, -32.575101483 ] } },
{ "type": "Feature", "properties": { "Name": "T-AU09-91" }, "geometry": { "type": "Point", "coordinates": [ -62.766016928, -32.572230569 ] } },
{ "type": "Feature", "properties": { "Name": "T-AU09-87" }, "geometry": { "type": "Point", "coordinates": [ -62.744040931, -32.586451996 ] } },
{ "type": "Feature", "properties": { "Name": "T-AU09-88" }, "geometry": { "type": "Point", "coordinates": [ -62.752317636, -32.584889704 ] } },
{ "type": "Feature", "properties": { "Name": "T-AU09-90" }, "geometry": { "type": "Point", "coordinates": [ -62.764885823, -32.582513251 ] } },
{ "type": "Feature", "properties": { "Name": "T-AU09-92" }, "geometry": { "type": "Point", "coordinates": [ -62.778076816, -32.579726433 ] } },
{ "type": "Feature", "properties": { "Name": "T-AU09-93" }, "geometry": { "type": "Point", "coordinates": [ -62.777937287, -32.571974902 ] } },
{ "type": "Feature", "properties": { "Name": "T-AU09-94" }, "geometry": { "type": "Point", "coordinates": [ -62.788264707, -32.575631408 ] } },
{ "type": "Feature", "properties": { "Name": "T-AU09-95" }, "geometry": { "type": "Point", "coordinates": [ -62.790361008, -32.56962476 ] } },
{ "type": "Feature", "properties": { "Name": "T-AU09-96" }, "geometry": { "type": "Point", "coordinates": [ -62.793978352, -32.574061488 ] } },
{ "type": "Feature", "properties": { "Name": "T-AU09-98" }, "geometry": { "type": "Point", "coordinates": [ -62.805049714, -32.571970356 ] } },
{ "type": "Feature", "properties": { "Name": "T-AU09-97" }, "geometry": { "type": "Point", "coordinates": [ -62.802505215, -32.565091798 ] } },
{ "type": "Feature", "properties": { "Name": "T-AU09-99" }, "geometry": { "type": "Point", "coordinates": [ -62.809899278, -32.557293011 ] } },
{ "type": "Feature", "properties": { "Name": "T-AU09-101" }, "geometry": { "type": "Point", "coordinates": [ -62.817582355, -32.558538725 ] } },
{ "type": "Feature", "properties": { "Name": "T-AU09-100" }, "geometry": { "type": "Point", "coordinates": [ -62.817768918, -32.567161436 ] } },
{ "type": "Feature", "properties": { "Name": "T-AU09-81-a" }, "geometry": { "type": "Point", "coordinates": [ -62.717854208, -32.610060893 ] } },
{ "type": "Feature", "properties": { "Name": "T-AU09-81" }, "geometry": { "type": "Point", "coordinates": [ -62.705060135, -32.593214461 ] } },
{ "type": "Feature", "properties": { "Name": "T-AU09-42" }, "geometry": { "type": "Point", "coordinates": [ -62.576248657, -32.575918456 ] } },
{ "type": "Feature", "properties": { "Name": "T-AU09-39" }, "geometry": { "type": "Point", "coordinates": [ -62.566533412, -32.584561396 ] } },
{ "type": "Feature", "properties": { "Name": "T-AU09-41" }, "geometry": { "type": "Point", "coordinates": [ -62.577580541, -32.58122383 ] } },
{ "type": "Feature", "properties": { "Name": "T-AU09-43" }, "geometry": { "type": "Point", "coordinates": [ -62.586378928, -32.57569195 ] } },
{ "type": "Feature", "properties": { "Name": "T-AU09-40" }, "geometry": { "type": "Point", "coordinates": [ -62.564876654, -32.577965419 ] } },
{ "type": "Feature", "properties": { "Name": "T-AU09-38" }, "geometry": { "type": "Point", "coordinates": [ -62.558400688, -32.579129647 ] } },
{ "type": "Feature", "properties": { "Name": "T-AU09-37" }, "geometry": { "type": "Point", "coordinates": [ -62.551695452, -32.580475327 ] } },
{ "type": "Feature", "properties": { "Name": "T-AU09-36" }, "geometry": { "type": "Point", "coordinates": [ -62.545124352, -32.581698774 ] } },
{ "type": "Feature", "properties": { "Name": "T-AU09-35" }, "geometry": { "type": "Point", "coordinates": [ -62.534630745, -32.584356946 ] } },
{ "type": "Feature", "properties": { "Name": "T-AU09-33" }, "geometry": { "type": "Point", "coordinates": [ -62.518224299, -32.586046642 ] } },
{ "type": "Feature", "properties": { "Name": "T-AU09-32" }, "geometry": { "type": "Point", "coordinates": [ -62.522436575, -32.591707036 ] } },
{ "type": "Feature", "properties": { "Name": "T-AU09-31" }, "geometry": { "type": "Point", "coordinates": [ -62.508192174, -32.589648892 ] } },
{ "type": "Feature", "properties": { "Name": "T-AU09-30" }, "geometry": { "type": "Point", "coordinates": [ -62.509626496, -32.594006956 ] } },
{ "type": "Feature", "properties": { "Name": "T-AU09-28" }, "geometry": { "type": "Point", "coordinates": [ -62.496557388, -32.596352994 ] } },
{ "type": "Feature", "properties": { "Name": "T-AU09-29" }, "geometry": { "type": "Point", "coordinates": [ -62.494700926, -32.586222929 ] } },
{ "type": "Feature", "properties": { "Name": "T-AU09-45" }, "geometry": { "type": "Point", "coordinates": [ -62.604782498, -32.580523404 ] } },
{ "type": "Feature", "properties": { "Name": "T-AU09-44" }, "geometry": { "type": "Point", "coordinates": [ -62.591070278, -32.583246152 ] } },
{ "type": "Feature", "properties": { "Name": "T-AU09-46" }, "geometry": { "type": "Point", "coordinates": [ -62.603679669, -32.588791697 ] } },
{ "type": "Feature", "properties": { "Name": "T-AU09-47" }, "geometry": { "type": "Point", "coordinates": [ -62.610595104, -32.587536153 ] } },
{ "type": "Feature", "properties": { "Name": "T-AU09-48" }, "geometry": { "type": "Point", "coordinates": [ -62.615584595, -32.586596005 ] } },
{ "type": "Feature", "properties": { "Name": "T-AU09-49" }, "geometry": { "type": "Point", "coordinates": [ -62.613051381, -32.584156368 ] } },
{ "type": "Feature", "properties": { "Name": "T-AU09-51" }, "geometry": { "type": "Point", "coordinates": [ -62.620393704, -32.586060953 ] } },
{ "type": "Feature", "properties": { "Name": "T-AU09-52" }, "geometry": { "type": "Point", "coordinates": [ -62.61587998, -32.580917098 ] } },
{ "type": "Feature", "properties": { "Name": "T-AU09-53" }, "geometry": { "type": "Point", "coordinates": [ -62.616641514, -32.580324037 ] } },
{ "type": "Feature", "properties": { "Name": "T-AU09-54" }, "geometry": { "type": "Point", "coordinates": [ -62.617494903, -32.580253219 ] } },
{ "type": "Feature", "properties": { "Name": "T-AU09-50" }, "geometry": { "type": "Point", "coordinates": [ -62.615277978, -32.582295584 ] } },
{ "type": "Feature", "properties": { "Name": "T-AU09-55" }, "geometry": { "type": "Point", "coordinates": [ -62.618397593, -32.580091287 ] } },
{ "type": "Feature", "properties": { "Name": "T-AU09-56" }, "geometry": { "type": "Point", "coordinates": [ -62.619599239, -32.579756541 ] } },
{ "type": "Feature", "properties": { "Name": "T-AU09-58" }, "geometry": { "type": "Point", "coordinates": [ -62.624341851, -32.575098946 ] } },
{ "type": "Feature", "properties": { "Name": "T-AU09-59" }, "geometry": { "type": "Point", "coordinates": [ -62.628842589, -32.577520595 ] } },
{ "type": "Feature", "properties": { "Name": "T-AU09-60" }, "geometry": { "type": "Point", "coordinates": [ -62.633372816, -32.575372574 ] } },
{ "type": "Feature", "properties": { "Name": "T-AU09-57" }, "geometry": { "type": "Point", "coordinates": [ -62.624629717, -32.584735794 ] } },
{ "type": "Feature", "properties": { "Name": "T-AU09-61" }, "geometry": { "type": "Point", "coordinates": [ -62.640348819, -32.582173648 ] } },
{ "type": "Feature", "properties": { "Name": "T-AU09-63" }, "geometry": { "type": "Point", "coordinates": [ -62.645853079, -32.58118039 ] } },
{ "type": "Feature", "properties": { "Name": "T-AU09-62" }, "geometry": { "type": "Point", "coordinates": [ -62.638283232, -32.574486187 ] } },
{ "type": "Feature", "properties": { "Name": "T-AU09-64" }, "geometry": { "type": "Point", "coordinates": [ -62.644219685, -32.574092332 ] } },
{ "type": "Feature", "properties": { "Name": "T-AU09-65" }, "geometry": { "type": "Point", "coordinates": [ -62.652917544, -32.578553258 ] } },
{ "type": "Feature", "properties": { "Name": "T-AU09-66" }, "geometry": { "type": "Point", "coordinates": [ -62.651313811, -32.570781426 ] } },
{ "type": "Feature", "properties": { "Name": "T-AU09-67´" }, "geometry": { "type": "Point", "coordinates": [ -62.656632376, -32.589489616 ] } },
{ "type": "Feature", "properties": { "Name": "T-AU09-70" }, "geometry": { "type": "Point", "coordinates": [ -62.66093871, -32.567620247 ] } },
{ "type": "Feature", "properties": { "Name": "T-AU09-69" }, "geometry": { "type": "Point", "coordinates": [ -62.659241758, -32.578119539 ] } },
{ "type": "Feature", "properties": { "Name": "T-AU09-71" }, "geometry": { "type": "Point", "coordinates": [ -62.662985354, -32.578768659 ] } },
{ "type": "Feature", "properties": { "Name": "T-AU09-72" }, "geometry": { "type": "Point", "coordinates": [ -62.672375571, -32.566973863 ] } },
{ "type": "Feature", "properties": { "Name": "T-AU09-73" }, "geometry": { "type": "Point", "coordinates": [ -62.671901945, -32.572277274 ] } },
{ "type": "Feature", "properties": { "Name": "T-AU09-74" }, "geometry": { "type": "Point", "coordinates": [ -62.681081291, -32.569554866 ] } },
{ "type": "Feature", "properties": { "Name": "T-AU09-75" }, "geometry": { "type": "Point", "coordinates": [ -62.687062741, -32.579314151 ] } },
{ "type": "Feature", "properties": { "Name": "T-AU09-76" }, "geometry": { "type": "Point", "coordinates": [ -62.688186897, -32.568368235 ] } },
{ "type": "Feature", "properties": { "Name": "T-AU09-77" }, "geometry": { "type": "Point", "coordinates": [ -62.690127643, -32.579624825 ] } },
{ "type": "Feature", "properties": { "Name": "T-AU09-78" }, "geometry": { "type": "Point", "coordinates": [ -62.690242129, -32.575140521 ] } },
{ "type": "Feature", "properties": { "Name": "T-AU09-79" }, "geometry": { "type": "Point", "coordinates": [ -62.692620257, -32.584408928 ] } },
{ "type": "Feature", "properties": { "Name": "T-AU09-80" }, "geometry": { "type": "Point", "coordinates": [ -62.698177304, -32.577679649 ] } },
{ "type": "Feature", "properties": { "Name": "T-AU09-39'" }, "geometry": { "type": "Point", "coordinates": [ -62.560047505, -32.585728531 ] } },
{ "type": "Feature", "properties": { "Name": "T-AU09-68" }, "geometry": { "type": "Point", "coordinates": [ -62.65725294, -32.565452982 ] } },
{ "type": "Feature", "properties": { "Name": "T-AU09-67" }, "geometry": { "type": "Point", "coordinates": [ -62.658738693, -32.571210476 ] } },
{ "type": "Feature", "properties": { "Name": "T-AU09-25" }, "geometry": { "type": "Point", "coordinates": [ -62.466216111, -32.596704313 ] } },
{ "type": "Feature", "properties": { "Name": "T-AU09-24" }, "geometry": { "type": "Point", "coordinates": [ -62.445597272, -32.599162964 ] } },
{ "type": "Feature", "properties": { "Name": "T-AU09-23" }, "geometry": { "type": "Point", "coordinates": [ -62.447717518, -32.60765242 ] } },
{ "type": "Feature", "properties": { "Name": "T-AU09-14" }, "geometry": { "type": "Point", "coordinates": [ -62.402779068, -32.60469495 ] } },
{ "type": "Feature", "properties": { "Name": "T-AU09-11" }, "geometry": { "type": "Point", "coordinates": [ -62.399346767, -32.616264244 ] } },
{ "type": "Feature", "properties": { "Name": "T-AU09-15" }, "geometry": { "type": "Point", "coordinates": [ -62.413903562, -32.607422837 ] } },
{ "type": "Feature", "properties": { "Name": "T-AU09-12" }, "geometry": { "type": "Point", "coordinates": [ -62.38830221, -32.610567971 ] } },
{ "type": "Feature", "properties": { "Name": "T-AU09-10" }, "geometry": { "type": "Point", "coordinates": [ -62.379731922, -32.613608059 ] } },
{ "type": "Feature", "properties": { "Name": "T-AU09-9" }, "geometry": { "type": "Point", "coordinates": [ -62.372340039, -32.614939287 ] } },
{ "type": "Feature", "properties": { "Name": "T-AU09-8" }, "geometry": { "type": "Point", "coordinates": [ -62.363454159, -32.621440547 ] } },
{ "type": "Feature", "properties": { "Name": "T-AU09-7" }, "geometry": { "type": "Point", "coordinates": [ -62.352075459, -32.616226976 ] } },
{ "type": "Feature", "properties": { "Name": "T-AU09-6" }, "geometry": { "type": "Point", "coordinates": [ -62.353994092, -32.622704233 ] } },
{ "type": "Feature", "properties": { "Name": "T-AU09-5" }, "geometry": { "type": "Point", "coordinates": [ -62.344777849, -32.617524034 ] } },
{ "type": "Feature", "properties": { "Name": "T-AU09-4" }, "geometry": { "type": "Point", "coordinates": [ -62.347431763, -32.623945533 ] } },
{ "type": "Feature", "properties": { "Name": "T-AU09-3" }, "geometry": { "type": "Point", "coordinates": [ -62.337100175, -32.618921343 ] } },
{ "type": "Feature", "properties": { "Name": "T-AU09-2" }, "geometry": { "type": "Point", "coordinates": [ -62.337861699, -32.625992647 ] } },
{ "type": "Feature", "properties": { "Name": "T-AU09-1" }, "geometry": { "type": "Point", "coordinates": [ -62.319017664, -32.622544369 ] } },
{ "type": "Feature", "properties": { "Name": "T-AU09-27" }, "geometry": { "type": "Point", "coordinates": [ -62.481602931, -32.591476619 ] } },
{ "type": "Feature", "properties": { "Name": "T-AU09-11" }, "geometry": { "type": "Point", "coordinates": [ -62.415647425, -32.613192865 ] } },
{ "type": "Feature", "properties": { "Name": "T-AU09-11" }, "geometry": { "type": "Point", "coordinates": [ -62.402414607, -32.628571593 ] } },
{ "type": "Feature", "properties": { "Name": "T-AU09-11" }, "geometry": { "type": "Point", "coordinates": [ -62.418617211, -32.625677988 ] } },
{ "type": "Feature", "properties": { "Name": "T-AU09-11" }, "geometry": { "type": "Point", "coordinates": [ -62.405250621, -32.639945935 ] } },
{ "type": "Feature", "properties": { "Name": "T-AU09-11" }, "geometry": { "type": "Point", "coordinates": [ -62.421455195, -32.637051991 ] } },
{ "type": "Feature", "properties": { "Name": "T-AU09-13" }, "geometry": { "type": "Point", "coordinates": [ -62.395054213, -32.609362947 ] } },
{ "type": "Feature", "properties": { "Name": "T-AU09-16" }, "geometry": { "type": "Point", "coordinates": [ -62.421207931, -32.612380953 ] } },
{ "type": "Feature", "properties": { "Name": "T-AU09-17" }, "geometry": { "type": "Point", "coordinates": [ -62.425074268, -32.611668508 ] } },
{ "type": "Feature", "properties": { "Name": "T-AU09-18" }, "geometry": { "type": "Point", "coordinates": [ -62.428538273, -32.61152744 ] } },
{ "type": "Feature", "properties": { "Name": "T-AU09-21" }, "geometry": { "type": "Point", "coordinates": [ -62.432280873, -32.61069007 ] } },
{ "type": "Feature", "properties": { "Name": "T-AU09-19" }, "geometry": { "type": "Point", "coordinates": [ -62.427766796, -32.604431328 ] } },
{ "type": "Feature", "properties": { "Name": "T-AU09-20" }, "geometry": { "type": "Point", "coordinates": [ -62.430757056, -32.602396856 ] } },
{ "type": "Feature", "properties": { "Name": "T-AU09-22" }, "geometry": { "type": "Point", "coordinates": [ -62.436217241, -32.609914151 ] } },
{ "type": "Feature", "properties": { "Name": "T-AU09-26" }, "geometry": { "type": "Point", "coordinates": [ -62.483636958, -32.599607943 ] } },
{ "type": "Feature", "properties": { "Name": "T-AU09-1'" }, "geometry": { "type": "Point", "coordinates": [ -62.320469977, -32.62839258 ] } },
{ "type": "Feature", "properties": { "Name": "T-AU09-26-c" }, "geometry": { "type": "Point", "coordinates": [ -62.485658928, -32.607689615 ] } },
{ "type": "Feature", "properties": { "Name": "T-AU09-26-b" }, "geometry": { "type": "Point", "coordinates": [ -62.487155568, -32.613657212 ] } },
{ "type": "Feature", "properties": { "Name": "T-AU09-26-a" }, "geometry": { "type": "Point", "coordinates": [ -62.486005612, -32.617983338 ] } },
{ "type": "Feature", "properties": { "Name": "T-AU09-25-c" }, "geometry": { "type": "Point", "coordinates": [ -62.469162091, -32.608488588 ] } },
{ "type": "Feature", "properties": { "Name": "T-AU09-25-b" }, "geometry": { "type": "Point", "coordinates": [ -62.470775349, -32.614927068 ] } },
{ "type": "Feature", "properties": { "Name": "T-AU09-25-a" }, "geometry": { "type": "Point", "coordinates": [ -62.47219466, -32.620616008 ] } },
{ "type": "Feature", "properties": { "Name": "T-AU09-26-d" }, "geometry": { "type": "Point", "coordinates": [ -62.48917016, -32.621706879 ] } },
{ "type": "Feature", "properties": { "Name": "T-AU09-25-d" }, "geometry": { "type": "Point", "coordinates": [ -62.470393708, -32.624930673 ] } },
{ "type": "Feature", "properties": { "Name": "T-AU09-8-a" }, "geometry": { "type": "Point", "coordinates": [ -63.177112559, -32.405977503 ] } },
{ "type": "Feature", "properties": { "Name": "T-AU09-8-b" }, "geometry": { "type": "Point", "coordinates": [ -63.180998654, -32.410683986 ] } },
{ "type": "Feature", "properties": { "Name": "T-AU09-10-a" }, "geometry": { "type": "Point", "coordinates": [ -63.183278237, -32.402585412 ] } },
{ "type": "Feature", "properties": { "Name": "T-AU09-10-b" }, "geometry": { "type": "Point", "coordinates": [ -63.186054845, -32.408165171 ] } },
{ "type": "Feature", "properties": { "Name": "T-AU09-12-b" }, "geometry": { "type": "Point", "coordinates": [ -63.189732298, -32.403275836 ] } },
{ "type": "Feature", "properties": { "Name": "T-AU09-12-a" }, "geometry": { "type": "Point", "coordinates": [ -63.18796321, -32.402067792 ] } },
{ "type": "Feature", "properties": { "Name": "T-AU09-14-a" }, "geometry": { "type": "Point", "coordinates": [ -63.193048901, -32.400992614 ] } },
{ "type": "Feature", "properties": { "Name": "T-AU09-359" }, "geometry": { "type": "Point", "coordinates": [ -62.280695796, -32.649509097 ] } },
{ "type": "Feature", "properties": { "Name": "T2-AU09-10" }, "geometry": { "type": "Point", "coordinates": [ -63.464807969, -32.094592153 ] } },
{ "type": "Feature", "properties": { "Name": "T2-AU09-9" }, "geometry": { "type": "Point", "coordinates": [ -63.46055774, -32.112700285 ] } },
{ "type": "Feature", "properties": { "Name": "T2-AU09-36" }, "geometry": { "type": "Point", "coordinates": [ -63.589272816, -31.972072947 ] } },
{ "type": "Feature", "properties": { "Name": "T2-AU09-41" }, "geometry": { "type": "Point", "coordinates": [ -63.615053821, -31.936879267 ] } },
{ "type": "Feature", "properties": { "Name": "T2-AU09-32" }, "geometry": { "type": "Point", "coordinates": [ -63.562842941, -31.994483361 ] } },
{ "type": "Feature", "properties": { "Name": "T2-AU09-7" }, "geometry": { "type": "Point", "coordinates": [ -63.448136438, -32.134185036 ] } },
{ "type": "Feature", "properties": { "Name": "T2-AU09-5" }, "geometry": { "type": "Point", "coordinates": [ -63.432914788, -32.134288902 ] } },
{ "type": "Feature", "properties": { "Name": "T2-AU09-35" }, "geometry": { "type": "Point", "coordinates": [ -63.584164363, -31.97525769 ] } },
{ "type": "Feature", "properties": { "Name": "T2-AU09-31" }, "geometry": { "type": "Point", "coordinates": [ -63.553379655, -32.002343647 ] } },
{ "type": "Feature", "properties": { "Name": "T2-AU09-34" }, "geometry": { "type": "Point", "coordinates": [ -63.57623583, -31.972269187 ] } },
{ "type": "Feature", "properties": { "Name": "T2-AU09-17" }, "geometry": { "type": "Point", "coordinates": [ -63.48492242, -32.071176645 ] } },
{ "type": "Feature", "properties": { "Name": "T2-AU09-11" }, "geometry": { "type": "Point", "coordinates": [ -63.479336582, -32.091636597 ] } },
{ "type": "Feature", "properties": { "Name": "T2-AU09-16" }, "geometry": { "type": "Point", "coordinates": [ -63.487604842, -32.081872742 ] } },
{ "type": "Feature", "properties": { "Name": "T2-AU09-14" }, "geometry": { "type": "Point", "coordinates": [ -63.479993554, -32.076778336 ] } },
{ "type": "Feature", "properties": { "Name": "T2-AU09-30" }, "geometry": { "type": "Point", "coordinates": [ -63.544053792, -32.013242642 ] } },
{ "type": "Feature", "properties": { "Name": "T2-AU09-24" }, "geometry": { "type": "Point", "coordinates": [ -63.532930802, -32.027835784 ] } },
{ "type": "Feature", "properties": { "Name": "T2-AU09-26" }, "geometry": { "type": "Point", "coordinates": [ -63.534927791, -32.024055406 ] } },
{ "type": "Feature", "properties": { "Name": "T2-AU09-28" }, "geometry": { "type": "Point", "coordinates": [ -63.536304131, -32.02128516 ] } },
{ "type": "Feature", "properties": { "Name": "T2-AU09-27" }, "geometry": { "type": "Point", "coordinates": [ -63.5304967, -32.016731471 ] } },
{ "type": "Feature", "properties": { "Name": "T2-AU09-25" }, "geometry": { "type": "Point", "coordinates": [ -63.528623757, -32.020514888 ] } },
{ "type": "Feature", "properties": { "Name": "T2-AU09-23" }, "geometry": { "type": "Point", "coordinates": [ -63.523940424, -32.026706894 ] } },
{ "type": "Feature", "properties": { "Name": "T2-AU09-8" }, "geometry": { "type": "Point", "coordinates": [ -63.447472081, -32.114278025 ] } },
{ "type": "Feature", "properties": { "Name": "T2-AU09-13" }, "geometry": { "type": "Point", "coordinates": [ -63.476147727, -32.081709388 ] } },
{ "type": "Feature", "properties": { "Name": "T2-AU09-43" }, "geometry": { "type": "Point", "coordinates": [ -63.625256966, -31.932522476 ] } },
{ "type": "Feature", "properties": { "Name": "T2-AU09-49" }, "geometry": { "type": "Point", "coordinates": [ -63.633269972, -31.907115551 ] } },
{ "type": "Feature", "properties": { "Name": "T2-AU09-48" }, "geometry": { "type": "Point", "coordinates": [ -63.630419432, -31.912809024 ] } },
{ "type": "Feature", "properties": { "Name": "T2-AU09-46" }, "geometry": { "type": "Point", "coordinates": [ -63.625674253, -31.917244588 ] } },
{ "type": "Feature", "properties": { "Name": "T2-AU09-42" }, "geometry": { "type": "Point", "coordinates": [ -63.616356629, -31.927141411 ] } },
{ "type": "Feature", "properties": { "Name": "T2-AU09-40" }, "geometry": { "type": "Point", "coordinates": [ -63.618233291, -31.942971646 ] } },
{ "type": "Feature", "properties": { "Name": "T2-AU09-39" }, "geometry": { "type": "Point", "coordinates": [ -63.605110184, -31.949429661 ] } },
{ "type": "Feature", "properties": { "Name": "T2-AU09-44" }, "geometry": { "type": "Point", "coordinates": [ -63.623279049, -31.920974414 ] } },
{ "type": "Feature", "properties": { "Name": "T2-AU09-47" }, "geometry": { "type": "Point", "coordinates": [ -63.627570677, -31.914732616 ] } },
{ "type": "Feature", "properties": { "Name": "T2-AU09-45" }, "geometry": { "type": "Point", "coordinates": [ -63.624909171, -31.918124257 ] } },
{ "type": "Feature", "properties": { "Name": "T2-AU09-38" }, "geometry": { "type": "Point", "coordinates": [ -63.591258793, -31.951141812 ] } },
{ "type": "Feature", "properties": { "Name": "T2-AU09-37" }, "geometry": { "type": "Point", "coordinates": [ -63.583240047, -31.960285209 ] } },
{ "type": "Feature", "properties": { "Name": "T2-AU09-50" }, "geometry": { "type": "Point", "coordinates": [ -63.565901237, -31.981483953 ] } },
{ "type": "Feature", "properties": { "Name": "T2-AU09-21" }, "geometry": { "type": "Point", "coordinates": [ -63.516775316, -32.035983063 ] } },
{ "type": "Feature", "properties": { "Name": "T2-AU09-19" }, "geometry": { "type": "Point", "coordinates": [ -63.504294665, -32.053758827 ] } },
{ "type": "Feature", "properties": { "Name": "T2-AU09-20" }, "geometry": { "type": "Point", "coordinates": [ -63.519304338, -32.042537992 ] } },
{ "type": "Feature", "properties": { "Name": "T2-AU09-22" }, "geometry": { "type": "Point", "coordinates": [ -63.531510651, -32.036834017 ] } },
{ "type": "Feature", "properties": { "Name": "T2-AU09-15" }, "geometry": { "type": "Point", "coordinates": [ -63.483637341, -32.076115955 ] } },
{ "type": "Feature", "properties": { "Name": "T2-AU09-18" }, "geometry": { "type": "Point", "coordinates": [ -63.492627868, -32.068550877 ] } },
{ "type": "Feature", "properties": { "Name": "T2-AU09-2" }, "geometry": { "type": "Point", "coordinates": [ -63.421552741, -32.143722745 ] } },
{ "type": "Feature", "properties": { "Name": "T2-AU09-4" }, "geometry": { "type": "Point", "coordinates": [ -63.425878013, -32.138816192 ] } },
{ "type": "Feature", "properties": { "Name": "T2-AU09-3" }, "geometry": { "type": "Point", "coordinates": [ -63.432213189, -32.146378997 ] } },
{ "type": "Feature", "properties": { "Name": "T2-AU09-1" }, "geometry": { "type": "Point", "coordinates": [ -63.417235303, -32.152552309 ] } },
{ "type": "Feature", "properties": { "Name": "T2-AU09-6" }, "geometry": { "type": "Point", "coordinates": [ -63.443677326, -32.122981368 ] } },
{ "type": "Feature", "properties": { "Name": "T2-AU09-12" }, "geometry": { "type": "Point", "coordinates": [ -63.474853392, -32.088537986 ] } },
{ "type": "Feature", "properties": { "Name": "T2-AU09-29" }, "geometry": { "type": "Point", "coordinates": [ -63.537513516, -32.010395369 ] } },
{ "type": "Feature", "properties": { "Name": "T2-AU09-33" }, "geometry": { "type": "Point", "coordinates": [ -63.566299599, -31.988117265 ] } },
{ "type": "Feature", "properties": { "Name": "P-RN8-1036" }, "geometry": { "type": "Point", "coordinates": [ -62.625371194, -33.576979947 ] } },
{ "type": "Feature", "properties": { "Name": "P-RN9-2002" }, "geometry": { "type": "Point", "coordinates": [ -61.856054415, -32.735754015 ] } },
{ "type": "Feature", "properties": { "Name": "AU158-T3-S1-0305-00" }, "geometry": { "type": "Point", "coordinates": [ -63.514118536, -32.589440887 ] } },
{ "type": "Feature", "properties": { "Name": "AU158-T3-S1-0304-00" }, "geometry": { "type": "Point", "coordinates": [ -63.507803969, -32.5857481 ] } },
{ "type": "Feature", "properties": { "Name": "AU158-T3-S1-0303-00" }, "geometry": { "type": "Point", "coordinates": [ -63.500812999, -32.581893468 ] } },
{ "type": "Feature", "properties": { "Name": "AU158-T3-S1-0302-00" }, "geometry": { "type": "Point", "coordinates": [ -63.498065241, -32.579587489 ] } },
{ "type": "Feature", "properties": { "Name": "AU158-T3-S1-0301-00" }, "geometry": { "type": "Point", "coordinates": [ -63.49184713, -32.576357746 ] } },
{ "type": "Feature", "properties": { "Name": "AU158-T3-S1-0300-00" }, "geometry": { "type": "Point", "coordinates": [ -63.490337917, -32.574717859 ] } },
{ "type": "Feature", "properties": { "Name": "AU158-T3-S1-0299-00" }, "geometry": { "type": "Point", "coordinates": [ -63.489657955, -32.573613658 ] } },
{ "type": "Feature", "properties": { "Name": "AU158-T3-S1-0298-00" }, "geometry": { "type": "Point", "coordinates": [ -63.488959145, -32.571945426 ] } },
{ "type": "Feature", "properties": { "Name": "AU158-T3-S1-0297-00" }, "geometry": { "type": "Point", "coordinates": [ -63.483096308, -32.57011527 ] } },
{ "type": "Feature", "properties": { "Name": "AU158-T3-S1-0296-00" }, "geometry": { "type": "Point", "coordinates": [ -63.471242464, -32.562270417 ] } },
{ "type": "Feature", "properties": { "Name": "AU158-T3-S1-0295-00" }, "geometry": { "type": "Point", "coordinates": [ -63.462421987, -32.55624319 ] } },
{ "type": "Feature", "properties": { "Name": "AU158-T3-S1-0294-00" }, "geometry": { "type": "Point", "coordinates": [ -63.462392708, -32.553534677 ] } },
{ "type": "Feature", "properties": { "Name": "AU158-T3-S1-0293-00" }, "geometry": { "type": "Point", "coordinates": [ -63.470579082, -32.547207317 ] } },
{ "type": "Feature", "properties": { "Name": "AU158-T3-S1-0292-00" }, "geometry": { "type": "Point", "coordinates": [ -63.456475655, -32.552010301 ] } },
{ "type": "Feature", "properties": { "Name": "AU158-T3-S1-0291-00" }, "geometry": { "type": "Point", "coordinates": [ -63.450446139, -32.547904821 ] } },
{ "type": "Feature", "properties": { "Name": "AU158-T3-S1-0291-01" }, "geometry": { "type": "Point", "coordinates": [ -63.468564594, -32.548272551 ] } },
{ "type": "Feature", "properties": { "Name": "AU158-T3-S1-0290-00" }, "geometry": { "type": "Point", "coordinates": [ -63.445668209, -32.544372464 ] } },
{ "type": "Feature", "properties": { "Name": "AU158-T3-S1-0289-00" }, "geometry": { "type": "Point", "coordinates": [ -63.438782915, -32.53977412 ] } },
{ "type": "Feature", "properties": { "Name": "AU158-T3-S1-0288-00" }, "geometry": { "type": "Point", "coordinates": [ -63.429801747, -32.533324032 ] } },
{ "type": "Feature", "properties": { "Name": "AU158-T3-S1-0287-0A" }, "geometry": { "type": "Point", "coordinates": [ -63.425043057, -32.529998898 ] } },
{ "type": "Feature", "properties": { "Name": "AU158-T3-S1-0287-00" }, "geometry": { "type": "Point", "coordinates": [ -63.428079307, -32.532444857 ] } },
{ "type": "Feature", "properties": { "Name": "AU158-T3-S1-0286-00" }, "geometry": { "type": "Point", "coordinates": [ -63.423126002, -32.529051456 ] } },
{ "type": "Feature", "properties": { "Name": "AU158-T3-S1-0285-00" }, "geometry": { "type": "Point", "coordinates": [ -63.407445506, -32.519782066 ] } },
{ "type": "Feature", "properties": { "Name": "AU158-T3-S1-0284-00" }, "geometry": { "type": "Point", "coordinates": [ -63.415719717, -32.523363922 ] } },
{ "type": "Feature", "properties": { "Name": "AU158-T3-S1-0283-00" }, "geometry": { "type": "Point", "coordinates": [ -63.40839594, -32.517904143 ] } },
{ "type": "Feature", "properties": { "Name": "AU158-T3-S1-0282-00" }, "geometry": { "type": "Point", "coordinates": [ -63.404330396, -32.514408367 ] } },
{ "type": "Feature", "properties": { "Name": "AU158-T3-S1-0281-00" }, "geometry": { "type": "Point", "coordinates": [ -63.395002083, -32.508194607 ] } },
{ "type": "Feature", "properties": { "Name": "AU158-T3-S1-0278-00" }, "geometry": { "type": "Point", "coordinates": [ -63.381689486, -32.502166414 ] } },
{ "type": "Feature", "properties": { "Name": "AU158-T3-S1-0277-00" }, "geometry": { "type": "Point", "coordinates": [ -63.386460174, -32.497452766 ] } },
{ "type": "Feature", "properties": { "Name": "AU158-T3-S1-0276-00" }, "geometry": { "type": "Point", "coordinates": [ -63.380287952, -32.502108194 ] } },
{ "type": "Feature", "properties": { "Name": "AU158-T3-S1-0275-00" }, "geometry": { "type": "Point", "coordinates": [ -63.38080607, -32.497580825 ] } },
{ "type": "Feature", "properties": { "Name": "AU158-T3-S1-0271-00" }, "geometry": { "type": "Point", "coordinates": [ -63.370558375, -32.490152782 ] } },
{ "type": "Feature", "properties": { "Name": "AU158-T3-S1-0270-00" }, "geometry": { "type": "Point", "coordinates": [ -63.366138387, -32.486798826 ] } },
{ "type": "Feature", "properties": { "Name": "AU158-T3-S1-0265-00" }, "geometry": { "type": "Point", "coordinates": [ -63.345469391, -32.47175584 ] } },
{ "type": "Feature", "properties": { "Name": "AU158-T3-S1-0261-00" }, "geometry": { "type": "Point", "coordinates": [ -63.327731234, -32.458887875 ] } },
{ "type": "Feature", "properties": { "Name": "AU158-T3-S1-0259-00" }, "geometry": { "type": "Point", "coordinates": [ -63.318980518, -32.452537677 ] } },
{ "type": "Feature", "properties": { "Name": "AU158-T3-S1-0258-00" }, "geometry": { "type": "Point", "coordinates": [ -63.317368244, -32.451378825 ] } },
{ "type": "Feature", "properties": { "Name": "AU158-T3-S1-0257-00" }, "geometry": { "type": "Point", "coordinates": [ -63.314375855, -32.448138718 ] } },
{ "type": "Feature", "properties": { "Name": "AU158-T3-S1-0256-00" }, "geometry": { "type": "Point", "coordinates": [ -63.311195648, -32.439151442 ] } },
{ "type": "Feature", "properties": { "Name": " AU158-T3-S1-0269-00" }, "geometry": { "type": "Point", "coordinates": [ -63.36366373, -32.484514688 ] } },
{ "type": "Feature", "properties": { "Name": "AU158-T3-S1-0309-00" }, "geometry": { "type": "Point", "coordinates": [ -63.50113916, -32.581087172 ] } },
{ "type": "Feature", "properties": { "Name": "AU158-T3-S1-0308-00" }, "geometry": { "type": "Point", "coordinates": [ -63.537595012, -32.604655964 ] } },
{ "type": "Feature", "properties": { "Name": "AU158-T3-S1-0307-00" }, "geometry": { "type": "Point", "coordinates": [ -63.518098653, -32.591697662 ] } },
{ "type": "Feature", "properties": { "Name": "AU158-T3-S1-0306-00" }, "geometry": { "type": "Point", "coordinates": [ -63.515952308, -32.590900898 ] } },
{ "type": "Feature", "properties": { "Name": "AU158-T3-S1-0260-00" }, "geometry": { "type": "Point", "coordinates": [ -63.321913383, -32.454674044 ] } },
{ "type": "Feature", "properties": { "Name": "AU158-T3-S1-0268-00" }, "geometry": { "type": "Point", "coordinates": [ -63.356594675, -32.479823254 ] } },
{ "type": "Feature", "properties": { "Name": "AU158-T3-S1-0267-00" }, "geometry": { "type": "Point", "coordinates": [ -63.351249874, -32.476407833 ] } },
{ "type": "Feature", "properties": { "Name": "AU158-T3-S1-0266-00" }, "geometry": { "type": "Point", "coordinates": [ -63.352929618, -32.474504805 ] } },
{ "type": "Feature", "properties": { "Name": "AU158-T3-S1-0264-0A" }, "geometry": { "type": "Point", "coordinates": [ -63.337931738, -32.466302637 ] } },
{ "type": "Feature", "properties": { "Name": "AU158-T3-S1-0264-00" }, "geometry": { "type": "Point", "coordinates": [ -63.335748178, -32.46535335 ] } },
{ "type": "Feature", "properties": { "Name": "AU158-T3-S1-0263-00" }, "geometry": { "type": "Point", "coordinates": [ -63.331686621, -32.462204925 ] } },
{ "type": "Feature", "properties": { "Name": "AU158-T3-S1-0262-00" }, "geometry": { "type": "Point", "coordinates": [ -63.333622484, -32.463162421 ] } },
{ "type": "Feature", "properties": { "Name": "T-AU.R.C.--2-262-2267" }, "geometry": { "type": "Point", "coordinates": [ -63.648016209, -31.898597486 ] } },
{ "type": "Feature", "properties": { "Name": "T-AU.R.C.--1-262-2169" }, "geometry": { "type": "Point", "coordinates": [ -63.64308771, -31.899683157 ] } },
{ "type": "Feature", "properties": { "Name": "T-AU.R.C.--3-262-2268" }, "geometry": { "type": "Point", "coordinates": [ -63.642277348, -31.897995463 ] } },
{ "type": "Feature", "properties": { "Name": "T-AU.R.C.--4-262-2466" }, "geometry": { "type": "Point", "coordinates": [ -63.654294906, -31.891035867 ] } },
{ "type": "Feature", "properties": { "Name": "T-AU.R.C.--5-262-2567" }, "geometry": { "type": "Point", "coordinates": [ -63.649143153, -31.886587231 ] } },
{ "type": "Feature", "properties": { "Name": "T-AU.R.C.--6-262-2666" }, "geometry": { "type": "Point", "coordinates": [ -63.652650263, -31.882841265 ] } },
{ "type": "Feature", "properties": { "Name": "T-AU.R.C.--7-262-2765" }, "geometry": { "type": "Point", "coordinates": [ -63.657533526, -31.877426024 ] } },
{ "type": "Feature", "properties": { "Name": "T-AU.R.C.--8-262-2663" }, "geometry": { "type": "Point", "coordinates": [ -63.668394424, -31.884391833 ] } },
{ "type": "Feature", "properties": { "Name": "T-AU.R.C.--10-262-2864" }, "geometry": { "type": "Point", "coordinates": [ -63.661988088, -31.872711669 ] } },
{ "type": "Feature", "properties": { "Name": "T-AU.R.C.--9-262-2762" }, "geometry": { "type": "Point", "coordinates": [ -63.675018394, -31.87728968 ] } },
{ "type": "Feature", "properties": { "Name": "T-AU.R.C.--12-262-2960" }, "geometry": { "type": "Point", "coordinates": [ -63.681364178, -31.862445517 ] } },
{ "type": "Feature", "properties": { "Name": "T-AU.R.C.--11-262-3162" }, "geometry": { "type": "Point", "coordinates": [ -63.672498299, -31.86224476 ] } },
{ "type": "Feature", "properties": { "Name": "T-AU.R.C.--13-262-3259" }, "geometry": { "type": "Point", "coordinates": [ -63.687927842, -31.85456361 ] } },
{ "type": "Feature", "properties": { "Name": "T-AU.R.C.--14-262-3357" }, "geometry": { "type": "Point", "coordinates": [ -63.697435853, -31.847464904 ] } },
{ "type": "Feature", "properties": { "Name": "T-AU.R.C.--15-262-3656" }, "geometry": { "type": "Point", "coordinates": [ -63.704306562, -31.835128031 ] } },
{ "type": "Feature", "properties": { "Name": "T-AU.R.C.--16-262-3855" }, "geometry": { "type": "Point", "coordinates": [ -63.713377231, -31.823480182 ] } },
{ "type": "Feature", "properties": { "Name": "T-AU.R.C.--17-262-3856" }, "geometry": { "type": "Point", "coordinates": [ -63.705979879, -31.823808022 ] } },
{ "type": "Feature", "properties": { "Name": "T-AU.R.C.--18-262-3955" }, "geometry": { "type": "Point", "coordinates": [ -63.709461878, -31.82238604 ] } },
{ "type": "Feature", "properties": { "Name": "T-AU.R.C.--19-262-4055" }, "geometry": { "type": "Point", "coordinates": [ -63.713797117, -31.815803775 ] } },
{ "type": "Feature", "properties": { "Name": "T-AU.R.C.--20-262-4255" }, "geometry": { "type": "Point", "coordinates": [ -63.718647982, -31.81109223 ] } },
{ "type": "Feature", "properties": { "Name": "T-AU.R.C.--21-262-4254" }, "geometry": { "type": "Point", "coordinates": [ -63.729170301, -31.806517678 ] } },
{ "type": "Feature", "properties": { "Name": "T-AU.R.C.--22-262-4354" }, "geometry": { "type": "Point", "coordinates": [ -63.723928148, -31.80337268 ] } },
{ "type": "Feature", "properties": { "Name": "T-AU.R.C.--23-262-4549" }, "geometry": { "type": "Point", "coordinates": [ -63.745049715, -31.794715469 ] } },
{ "type": "Feature", "properties": { "Name": "T-AU.R.C.--24-262-4652" }, "geometry": { "type": "Point", "coordinates": [ -63.729909748, -31.795461288 ] } },
{ "type": "Feature", "properties": { "Name": "T-AU.R.C.--25-262-4947" }, "geometry": { "type": "Point", "coordinates": [ -63.752927872, -31.779265387 ] } },
{ "type": "Feature", "properties": { "Name": "T-AU.R.C.--26-262-5046" }, "geometry": { "type": "Point", "coordinates": [ -63.760895713, -31.769691556 ] } },
{ "type": "Feature", "properties": { "Name": "T-AU.R.C.--27-262-5245" }, "geometry": { "type": "Point", "coordinates": [ -63.764786224, -31.766982792 ] } },
{ "type": "Feature", "properties": { "Name": "T-AU.R.C.--28-262-5345" }, "geometry": { "type": "Point", "coordinates": [ -63.766979253, -31.758011095 ] } },
{ "type": "Feature", "properties": { "Name": "T-AU.R.C.--29-262-5423" }, "geometry": { "type": "Point", "coordinates": [ -63.773637618, -31.750586581 ] } },
{ "type": "Feature", "properties": { "Name": "T-AU.R.C.--30-262-5541" }, "geometry": { "type": "Point", "coordinates": [ -63.784438541, -31.751921244 ] } },
{ "type": "Feature", "properties": { "Name": "T-AU.R.C.--31-214-0141" }, "geometry": { "type": "Point", "coordinates": [ -63.788675278, -31.746941943 ] } },
{ "type": "Feature", "properties": { "Name": "T-AU.R.C.--32-214-0340" }, "geometry": { "type": "Point", "coordinates": [ -63.796956857, -31.737917787 ] } },
{ "type": "Feature", "properties": { "Name": "T-AU.R.C.--34-214-0540" }, "geometry": { "type": "Point", "coordinates": [ -63.799298204, -31.735697004 ] } },
{ "type": "Feature", "properties": { "Name": "T-AU.R.C.--35-214-0539" }, "geometry": { "type": "Point", "coordinates": [ -63.801983767, -31.732572331 ] } },
{ "type": "Feature", "properties": { "Name": "T-AU.R.C.--33-214-0541" }, "geometry": { "type": "Point", "coordinates": [ -63.786372463, -31.727379186 ] } },
{ "type": "Feature", "properties": { "Name": "T-AU.R.C.--37-214-0740" }, "geometry": { "type": "Point", "coordinates": [ -63.794748793, -31.721240638 ] } },
{ "type": "Feature", "properties": { "Name": "T-AU.R.C.--36-214-0537" }, "geometry": { "type": "Point", "coordinates": [ -63.810340654, -31.723974121 ] } },
{ "type": "Feature", "properties": { "Name": "T-AU.R.C.--38-214-0736" }, "geometry": { "type": "Point", "coordinates": [ -63.809557669, -31.713350278 ] } },
{ "type": "Feature", "properties": { "Name": "T-AU.R.C.--39-214-0836" }, "geometry": { "type": "Point", "coordinates": [ -63.813532282, -31.712659598 ] } },
{ "type": "Feature", "properties": { "Name": "T-AU.R.C.--40-214-0933" }, "geometry": { "type": "Point", "coordinates": [ -63.819366929, -31.706879183 ] } },
{ "type": "Feature", "properties": { "Name": "T-AU.R.C.--41-214-1033" }, "geometry": { "type": "Point", "coordinates": [ -63.829543313, -31.703967895 ] } },
{ "type": "Feature", "properties": { "Name": "T-AU.R.C.--43-214-1232" }, "geometry": { "type": "Point", "coordinates": [ -63.834150276, -31.698245362 ] } },
{ "type": "Feature", "properties": { "Name": "T-AU.R.C.--44-214-1331" }, "geometry": { "type": "Point", "coordinates": [ -63.839063232, -31.692509408 ] } },
{ "type": "Feature", "properties": { "Name": "T-AU.R.C.--42-214-1334" }, "geometry": { "type": "Point", "coordinates": [ -63.82714625, -31.687730021 ] } },
{ "type": "Feature", "properties": { "Name": "T-AU.R.C.--45-214-1531" }, "geometry": { "type": "Point", "coordinates": [ -63.841595539, -31.682779263 ] } },
{ "type": "Feature", "properties": { "Name": "T-AU.R.C.--47-214-1530" }, "geometry": { "type": "Point", "coordinates": [ -63.84572684, -31.674702743 ] } },
{ "type": "Feature", "properties": { "Name": "T-AU.R.C.--46-214-1634" }, "geometry": { "type": "Point", "coordinates": [ -63.84119421, -31.672499163 ] } },
{ "type": "Feature", "properties": { "Name": "AU158-T3-S1-0279-00" }, "geometry": { "type": "Point", "coordinates": [ -63.387335398, -32.502459059 ] } },
{ "type": "Feature", "properties": { "Name": "T-VD-31" }, "geometry": { "type": "Point", "coordinates": [ -65.197930618, -31.983171014 ] } },
{ "type": "Feature", "properties": { "Name": "T-VD-14a-18a" }, "geometry": { "type": "Point", "coordinates": [ -65.220669826, -31.980394423 ] } },
{ "type": "Feature", "properties": { "Name": "T-VD-13a" }, "geometry": { "type": "Point", "coordinates": [ -65.222072243, -31.979775554 ] } },
{ "type": "Feature", "properties": { "Name": "T-VD-12a" }, "geometry": { "type": "Point", "coordinates": [ -65.222636776, -31.979650755 ] } },
{ "type": "Feature", "properties": { "Name": "T-VD-11a" }, "geometry": { "type": "Point", "coordinates": [ -65.223159823, -31.979552965 ] } },
{ "type": "Feature", "properties": { "Name": "T-VD-10a" }, "geometry": { "type": "Point", "coordinates": [ -65.223649286, -31.979470744 ] } },
{ "type": "Feature", "properties": { "Name": "T-VD-9a" }, "geometry": { "type": "Point", "coordinates": [ -65.22415465, -31.979368881 ] } },
{ "type": "Feature", "properties": { "Name": "T-VD-8a" }, "geometry": { "type": "Point", "coordinates": [ -65.224687077, -31.979274617 ] } },
{ "type": "Feature", "properties": { "Name": "T-VD-18b" }, "geometry": { "type": "Point", "coordinates": [ -65.21864128, -31.979662829 ] } },
{ "type": "Feature", "properties": { "Name": "T-VD-17b" }, "geometry": { "type": "Point", "coordinates": [ -65.219293248, -31.980112848 ] } },
{ "type": "Feature", "properties": { "Name": "T-VD-16b" }, "geometry": { "type": "Point", "coordinates": [ -65.220920191, -31.979359614 ] } },
{ "type": "Feature", "properties": { "Name": "T-VD-15b" }, "geometry": { "type": "Point", "coordinates": [ -65.220855518, -31.97896645 ] } },
{ "type": "Feature", "properties": { "Name": "T-VD-14b" }, "geometry": { "type": "Point", "coordinates": [ -65.221289375, -31.979688121 ] } },
{ "type": "Feature", "properties": { "Name": "T-VD-13b" }, "geometry": { "type": "Point", "coordinates": [ -65.221549437, -31.979006984 ] } },
{ "type": "Feature", "properties": { "Name": "T-VD-12b" }, "geometry": { "type": "Point", "coordinates": [ -65.222085782, -31.978961565 ] } },
{ "type": "Feature", "properties": { "Name": "T-VD-11b" }, "geometry": { "type": "Point", "coordinates": [ -65.22258998, -31.978812208 ] } },
{ "type": "Feature", "properties": { "Name": "T-VD-9b" }, "geometry": { "type": "Point", "coordinates": [ -65.223676089, -31.978643485 ] } },
{ "type": "Feature", "properties": { "Name": "T-VD-8b" }, "geometry": { "type": "Point", "coordinates": [ -65.224175419, -31.978497273 ] } },
{ "type": "Feature", "properties": { "Name": "T-VD-43" }, "geometry": { "type": "Point", "coordinates": [ -65.166228383, -31.988315525 ] } },
{ "type": "Feature", "properties": { "Name": "T-VD-42" }, "geometry": { "type": "Point", "coordinates": [ -65.170843201, -31.987372822 ] } },
{ "type": "Feature", "properties": { "Name": "T-VD-42" }, "geometry": { "type": "Point", "coordinates": [ -65.176907588, -31.988098892 ] } },
{ "type": "Feature", "properties": { "Name": "T-VD-41" }, "geometry": { "type": "Point", "coordinates": [ -65.181905252, -31.984766758 ] } },
{ "type": "Feature", "properties": { "Name": "T-VD-40" }, "geometry": { "type": "Point", "coordinates": [ -65.187028175, -31.982898965 ] } },
{ "type": "Feature", "properties": { "Name": "T-VD-39" }, "geometry": { "type": "Point", "coordinates": [ -65.188514885, -31.985605031 ] } },
{ "type": "Feature", "properties": { "Name": "T-VD-38" }, "geometry": { "type": "Point", "coordinates": [ -65.190472807, -31.986941781 ] } },
{ "type": "Feature", "properties": { "Name": "T-VD-37" }, "geometry": { "type": "Point", "coordinates": [ -65.19015583, -31.985602918 ] } },
{ "type": "Feature", "properties": { "Name": "T-VD-36" }, "geometry": { "type": "Point", "coordinates": [ -65.191553135, -31.985546324 ] } },
{ "type": "Feature", "properties": { "Name": "T-VD-35" }, "geometry": { "type": "Point", "coordinates": [ -65.192483377, -31.985559097 ] } },
{ "type": "Feature", "properties": { "Name": "T-VD-34" }, "geometry": { "type": "Point", "coordinates": [ -65.19383919, -31.985378899 ] } },
{ "type": "Feature", "properties": { "Name": "T-VD-32" }, "geometry": { "type": "Point", "coordinates": [ -65.195096891, -31.985070644 ] } },
{ "type": "Feature", "properties": { "Name": "T-VD-30" }, "geometry": { "type": "Point", "coordinates": [ -65.198923991, -31.984696682 ] } },
{ "type": "Feature", "properties": { "Name": "T-VD-29" }, "geometry": { "type": "Point", "coordinates": [ -65.20039173, -31.982242693 ] } },
{ "type": "Feature", "properties": { "Name": "T-VD-28" }, "geometry": { "type": "Point", "coordinates": [ -65.203317571, -31.982095897 ] } },
{ "type": "Feature", "properties": { "Name": "T-VD-27" }, "geometry": { "type": "Point", "coordinates": [ -65.205802463, -31.982260196 ] } },
{ "type": "Feature", "properties": { "Name": "T-VD-26" }, "geometry": { "type": "Point", "coordinates": [ -65.206213704, -31.983569373 ] } },
{ "type": "Feature", "properties": { "Name": "T-VD-25" }, "geometry": { "type": "Point", "coordinates": [ -65.206385766, -31.981601695 ] } },
{ "type": "Feature", "properties": { "Name": "T-VD-24" }, "geometry": { "type": "Point", "coordinates": [ -65.211614432, -31.982123811 ] } },
{ "type": "Feature", "properties": { "Name": "T-VD-23" }, "geometry": { "type": "Point", "coordinates": [ -65.207091491, -31.981491547 ] } },
{ "type": "Feature", "properties": { "Name": "T-VD-22" }, "geometry": { "type": "Point", "coordinates": [ -65.209250917, -31.983230187 ] } },
{ "type": "Feature", "properties": { "Name": "T-VD-21" }, "geometry": { "type": "Point", "coordinates": [ -65.209601008, -31.981784386 ] } },
{ "type": "Feature", "properties": { "Name": "T-VD-20" }, "geometry": { "type": "Point", "coordinates": [ -65.210836605, -31.982290991 ] } },
{ "type": "Feature", "properties": { "Name": "T-VD-19" }, "geometry": { "type": "Point", "coordinates": [ -65.215377662, -31.979906317 ] } },
{ "type": "Feature", "properties": { "Name": "T-VD-7" }, "geometry": { "type": "Point", "coordinates": [ -65.22676081, -31.977822307 ] } },
{ "type": "Feature", "properties": { "Name": "T-VD-6" }, "geometry": { "type": "Point", "coordinates": [ -65.229902873, -31.977260784 ] } },
{ "type": "Feature", "properties": { "Name": "T-VD-5" }, "geometry": { "type": "Point", "coordinates": [ -65.231599572, -31.976972767 ] } },
{ "type": "Feature", "properties": { "Name": "T-VD-4" }, "geometry": { "type": "Point", "coordinates": [ -65.232790304, -31.976764677 ] } },
{ "type": "Feature", "properties": { "Name": "T-VD-3" }, "geometry": { "type": "Point", "coordinates": [ -65.234051994, -31.976573533 ] } },
{ "type": "Feature", "properties": { "Name": "T-VD-2" }, "geometry": { "type": "Point", "coordinates": [ -65.235100461, -31.976349195 ] } },
{ "type": "Feature", "properties": { "Name": "T-VD-1" }, "geometry": { "type": "Point", "coordinates": [ -65.236472742, -31.976241861 ] } },
{ "type": "Feature", "properties": { "Name": "T-VD-10b" }, "geometry": { "type": "Point", "coordinates": [ -65.223166326, -31.978762338 ] } },
{ "type": "Feature", "properties": { "Name": "T-AU09-352" }, "geometry": { "type": "Point", "coordinates": [ -62.309822028, -32.621026004 ] } },
{ "type": "Feature", "properties": { "Name": "T-AU09-353" }, "geometry": { "type": "Point", "coordinates": [ -62.308730766, -32.630960843 ] } },
{ "type": "Feature", "properties": { "Name": "T-AU09-350" }, "geometry": { "type": "Point", "coordinates": [ -62.296607543, -32.631459306 ] } },
{ "type": "Feature", "properties": { "Name": "T-AU09-351" }, "geometry": { "type": "Point", "coordinates": [ -62.292827526, -32.638628146 ] } },
{ "type": "Feature", "properties": { "Name": "T-AU09-345" }, "geometry": { "type": "Point", "coordinates": [ -62.283198328, -32.630524311 ] } },
{ "type": "Feature", "properties": { "Name": "T-AU09-344" }, "geometry": { "type": "Point", "coordinates": [ -62.284046278, -32.629310894 ] } },
{ "type": "Feature", "properties": { "Name": "T-AU09-342" }, "geometry": { "type": "Point", "coordinates": [ -62.277810837, -32.630511522 ] } },
{ "type": "Feature", "properties": { "Name": "T-AU09-346" }, "geometry": { "type": "Point", "coordinates": [ -62.284222206, -32.632700389 ] } },
{ "type": "Feature", "properties": { "Name": "T-AU09-348" }, "geometry": { "type": "Point", "coordinates": [ -62.284488872, -32.635036654 ] } },
{ "type": "Feature", "properties": { "Name": "T-AU09-347" }, "geometry": { "type": "Point", "coordinates": [ -62.284502145, -32.63391392 ] } },
{ "type": "Feature", "properties": { "Name": "T-AU09-340" }, "geometry": { "type": "Point", "coordinates": [ -62.269014091, -32.635732329 ] } },
{ "type": "Feature", "properties": { "Name": "T-AU09-341" }, "geometry": { "type": "Point", "coordinates": [ -62.27017986, -32.63265296 ] } },
{ "type": "Feature", "properties": { "Name": "T-AU09-339" }, "geometry": { "type": "Point", "coordinates": [ -62.260418617, -32.63323041 ] } },
{ "type": "Feature", "properties": { "Name": "T-AU09-338" }, "geometry": { "type": "Point", "coordinates": [ -62.256352467, -32.638726829 ] } },
{ "type": "Feature", "properties": { "Name": "T-AU09-337" }, "geometry": { "type": "Point", "coordinates": [ -62.253221806, -32.634231851 ] } },
{ "type": "Feature", "properties": { "Name": "T-AU09-343" }, "geometry": { "type": "Point", "coordinates": [ -62.284943489, -32.624397995 ] } },
{ "type": "Feature", "properties": { "Name": "T-AU09-335" }, "geometry": { "type": "Point", "coordinates": [ -62.241675375, -32.636386819 ] } },
{ "type": "Feature", "properties": { "Name": "T-AU09-336" }, "geometry": { "type": "Point", "coordinates": [ -62.244198478, -32.643176824 ] } },
{ "type": "Feature", "properties": { "Name": "T-AU09-333" }, "geometry": { "type": "Point", "coordinates": [ -62.228142743, -32.637530148 ] } },
{ "type": "Feature", "properties": { "Name": "T-AU09-334" }, "geometry": { "type": "Point", "coordinates": [ -62.228402544, -32.643263155 ] } },
{ "type": "Feature", "properties": { "Name": "T-AU09-331" }, "geometry": { "type": "Point", "coordinates": [ -62.217140886, -32.640798676 ] } },
{ "type": "Feature", "properties": { "Name": "T-AU09-329" }, "geometry": { "type": "Point", "coordinates": [ -62.21238391, -32.641188489 ] } },
{ "type": "Feature", "properties": { "Name": "T-AU09-327" }, "geometry": { "type": "Point", "coordinates": [ -62.207879462, -32.641906231 ] } },
{ "type": "Feature", "properties": { "Name": "T-AU09-328" }, "geometry": { "type": "Point", "coordinates": [ -62.210310591, -32.650807777 ] } },
{ "type": "Feature", "properties": { "Name": "T-AU09-330" }, "geometry": { "type": "Point", "coordinates": [ -62.214521744, -32.649602588 ] } },
{ "type": "Feature", "properties": { "Name": "T-AU09-332" }, "geometry": { "type": "Point", "coordinates": [ -62.217983986, -32.644513745 ] } },
{ "type": "Feature", "properties": { "Name": "T-AU09-326" }, "geometry": { "type": "Point", "coordinates": [ -62.20296507, -32.646905473 ] } },
{ "type": "Feature", "properties": { "Name": "T-AU09-324" }, "geometry": { "type": "Point", "coordinates": [ -62.191132996, -32.649885133 ] } },
{ "type": "Feature", "properties": { "Name": "T-AU09-322" }, "geometry": { "type": "Point", "coordinates": [ -62.184970331, -32.650543113 ] } },
{ "type": "Feature", "properties": { "Name": "T-AU09-323" }, "geometry": { "type": "Point", "coordinates": [ -62.18600946, -32.646470317 ] } },
{ "type": "Feature", "properties": { "Name": "T-AU09-319" }, "geometry": { "type": "Point", "coordinates": [ -62.174889067, -32.647020613 ] } },
{ "type": "Feature", "properties": { "Name": "T-AU09-317" }, "geometry": { "type": "Point", "coordinates": [ -62.169157559, -32.650170095 ] } },
{ "type": "Feature", "properties": { "Name": "T-AU09-315" }, "geometry": { "type": "Point", "coordinates": [ -62.166366319, -32.647506658 ] } },
{ "type": "Feature", "properties": { "Name": "T-AU09-311" }, "geometry": { "type": "Point", "coordinates": [ -62.159783843, -32.651429971 ] } },
{ "type": "Feature", "properties": { "Name": "T-AU09-314" }, "geometry": { "type": "Point", "coordinates": [ -62.169160292, -32.6555752 ] } },
{ "type": "Feature", "properties": { "Name": "T-AU09-313" }, "geometry": { "type": "Point", "coordinates": [ -62.161795067, -32.658220777 ] } },
{ "type": "Feature", "properties": { "Name": "T-AU09-312" }, "geometry": { "type": "Point", "coordinates": [ -62.156279788, -32.659412446 ] } },
{ "type": "Feature", "properties": { "Name": "T-AU09-321" }, "geometry": { "type": "Point", "coordinates": [ -62.179155357, -32.65475133 ] } },
{ "type": "Feature", "properties": { "Name": "T-AU09-320" }, "geometry": { "type": "Point", "coordinates": [ -62.175005557, -32.655396701 ] } },
{ "type": "Feature", "properties": { "Name": "T-AU09-318" }, "geometry": { "type": "Point", "coordinates": [ -62.173084419, -32.656822973 ] } },
{ "type": "Feature", "properties": { "Name": "T-AU09-316" }, "geometry": { "type": "Point", "coordinates": [ -62.171156104, -32.655734303 ] } },
{ "type": "Feature", "properties": { "Name": "T-AU09-309" }, "geometry": { "type": "Point", "coordinates": [ -62.146070578, -32.653383349 ] } },
{ "type": "Feature", "properties": { "Name": "T-AU09-310" }, "geometry": { "type": "Point", "coordinates": [ -62.146625038, -32.657246282 ] } },
{ "type": "Feature", "properties": { "Name": "T-AU09-307" }, "geometry": { "type": "Point", "coordinates": [ -62.135321368, -32.654910549 ] } },
{ "type": "Feature", "properties": { "Name": "T-AU09-308" }, "geometry": { "type": "Point", "coordinates": [ -62.134129613, -32.659991872 ] } },
{ "type": "Feature", "properties": { "Name": "T-AU09-306" }, "geometry": { "type": "Point", "coordinates": [ -62.123245013, -32.661517702 ] } },
{ "type": "Feature", "properties": { "Name": "T-AU09-305" }, "geometry": { "type": "Point", "coordinates": [ -62.122283464, -32.657426615 ] } },
{ "type": "Feature", "properties": { "Name": "T-AU09-303" }, "geometry": { "type": "Point", "coordinates": [ -62.116098595, -32.659891672 ] } },
{ "type": "Feature", "properties": { "Name": "T-AU09-304" }, "geometry": { "type": "Point", "coordinates": [ -62.114937956, -32.662506279 ] } },
{ "type": "Feature", "properties": { "Name": "T-AU09-301" }, "geometry": { "type": "Point", "coordinates": [ -62.108793364, -32.660973036 ] } },
{ "type": "Feature", "properties": { "Name": "T-AU09-325" }, "geometry": { "type": "Point", "coordinates": [ -62.195538427, -32.645786116 ] } },
{ "type": "Feature", "properties": { "Name": "T-AU09-302" }, "geometry": { "type": "Point", "coordinates": [ -62.108422249, -32.665426433 ] } },
{ "type": "Feature", "properties": { "Name": "T-AU09-310_A" }, "geometry": { "type": "Point", "coordinates": [ -62.150207239, -32.660855656 ] } },
{ "type": "Feature", "properties": { "Name": "T-AU09-311_A" }, "geometry": { "type": "Point", "coordinates": [ -62.160008709, -32.647913549 ] } },
{ "type": "Feature", "properties": { "Name": "T-AU09-332_A" }, "geometry": { "type": "Point", "coordinates": [ -62.219206034, -32.648194189 ] } },
{ "type": "Feature", "properties": { "Name": "T-AU09-349_A" }, "geometry": { "type": "Point", "coordinates": [ -62.299877516, -32.626071447 ] } },
{ "type": "Feature", "properties": { "Name": "T-AU09-349" }, "geometry": { "type": "Point", "coordinates": [ -62.291957438, -32.625943927 ] } },
{ "type": "Feature", "properties": { "Name": "T-AU09-276" }, "geometry": { "type": "Point", "coordinates": [ -62.069191139, -32.675100628 ] } },
{ "type": "Feature", "properties": { "Name": "T-AU09-277" }, "geometry": { "type": "Point", "coordinates": [ -62.06987078, -32.677477219 ] } },
{ "type": "Feature", "properties": { "Name": "T-AU09-278" }, "geometry": { "type": "Point", "coordinates": [ -62.070446204, -32.679616334 ] } },
{ "type": "Feature", "properties": { "Name": "T-AU09-279" }, "geometry": { "type": "Point", "coordinates": [ -62.07782339, -32.677779845 ] } },
{ "type": "Feature", "properties": { "Name": "T-AU09-282" }, "geometry": { "type": "Point", "coordinates": [ -62.071920957, -32.682783154 ] } },
{ "type": "Feature", "properties": { "Name": "T-AU09-286" }, "geometry": { "type": "Point", "coordinates": [ -62.074625812, -32.688720368 ] } },
{ "type": "Feature", "properties": { "Name": "T-AU09-287" }, "geometry": { "type": "Point", "coordinates": [ -62.074547963, -32.691804194 ] } },
{ "type": "Feature", "properties": { "Name": "T-AU09-284" }, "geometry": { "type": "Point", "coordinates": [ -62.076400395, -32.688692261 ] } },
{ "type": "Feature", "properties": { "Name": "T-AU09-278" }, "geometry": { "type": "Point", "coordinates": [ -61.848124733, -32.730058393 ] } },
{ "type": "Feature", "properties": { "Name": "T-AU09-281" }, "geometry": { "type": "Point", "coordinates": [ -62.078109471, -32.684902055 ] } },
{ "type": "Feature", "properties": { "Name": "T-AU09-280" }, "geometry": { "type": "Point", "coordinates": [ -62.075000298, -32.68291466 ] } },
{ "type": "Feature", "properties": { "Name": "T-AU09-283" }, "geometry": { "type": "Point", "coordinates": [ -62.076876142, -32.687350409 ] } },
{ "type": "Feature", "properties": { "Name": "T-AU09-306-b" }, "geometry": { "type": "Point", "coordinates": [ -62.125153644, -32.666195162 ] } },
{ "type": "Feature", "properties": { "Name": "T-AU09-308-a" }, "geometry": { "type": "Point", "coordinates": [ -62.133098493, -32.664995193 ] } },
{ "type": "Feature", "properties": { "Name": "T-AU09-306-a" }, "geometry": { "type": "Point", "coordinates": [ -62.125353724, -32.675127011 ] } },
{ "type": "Feature", "properties": { "Name": "T-AU09-308-b" }, "geometry": { "type": "Point", "coordinates": [ -62.134583656, -32.674785765 ] } },
{ "type": "Feature", "properties": { "Name": "T-AU09-302'" }, "geometry": { "type": "Point", "coordinates": [ -62.102769097, -32.666082781 ] } },
{ "type": "Feature", "properties": { "Name": "T-AU09-336-a" }, "geometry": { "type": "Point", "coordinates": [ -62.24501683, -32.643492421 ] } },
{ "type": "Feature", "properties": { "Name": "T-AU09-335-a" }, "geometry": { "type": "Point", "coordinates": [ -62.242443283, -32.63669579 ] } },
{ "type": "Feature", "properties": { "Name": "T-AU09-337-a" }, "geometry": { "type": "Point", "coordinates": [ -62.254071126, -32.634528043 ] } },
{ "type": "Feature", "properties": { "Name": "T-AU09-351-a" }, "geometry": { "type": "Point", "coordinates": [ -62.256772684, -32.639706806 ] } },
{ "type": "Feature", "properties": { "Name": "T-AU09-368" }, "geometry": { "type": "Point", "coordinates": [ -62.274756614, -32.643093428 ] } },
{ "type": "Feature", "properties": { "Name": "T-AU09-369" }, "geometry": { "type": "Point", "coordinates": [ -62.280414488, -32.640809148 ] } },
{ "type": "Feature", "properties": { "Name": "T-AU09-374" }, "geometry": { "type": "Point", "coordinates": [ -62.287221367, -32.6396057 ] } },
{ "type": "Feature", "properties": { "Name": "T-AU09-348-a" }, "geometry": { "type": "Point", "coordinates": [ -62.285271679, -32.635408717 ] } },
{ "type": "Feature", "properties": { "Name": "T-AU09-351-a" }, "geometry": { "type": "Point", "coordinates": [ -62.294168106, -32.638586439 ] } },
{ "type": "Feature", "properties": { "Name": "T-AU09-354" }, "geometry": { "type": "Point", "coordinates": [ -62.295281898, -32.643485385 ] } },
{ "type": "Feature", "properties": { "Name": "T-AU09-376" }, "geometry": { "type": "Point", "coordinates": [ -62.290245616, -32.643411858 ] } },
{ "type": "Feature", "properties": { "Name": "T-AU09-375" }, "geometry": { "type": "Point", "coordinates": [ -62.288054841, -32.645192698 ] } },
{ "type": "Feature", "properties": { "Name": "T-AU09-373" }, "geometry": { "type": "Point", "coordinates": [ -62.283060726, -32.645820472 ] } },
{ "type": "Feature", "properties": { "Name": "T-AU09-372" }, "geometry": { "type": "Point", "coordinates": [ -62.282238264, -32.646039523 ] } },
{ "type": "Feature", "properties": { "Name": "T-AU09-371" }, "geometry": { "type": "Point", "coordinates": [ -62.281703234, -32.646185626 ] } },
{ "type": "Feature", "properties": { "Name": "T-AU09-370" }, "geometry": { "type": "Point", "coordinates": [ -62.28082232, -32.646678727 ] } },
{ "type": "Feature", "properties": { "Name": "T-AU09-356" }, "geometry": { "type": "Point", "coordinates": [ -62.289430948, -32.648835526 ] } },
{ "type": "Feature", "properties": { "Name": "T-AU09-355" }, "geometry": { "type": "Point", "coordinates": [ -62.296564363, -32.647547761 ] } },
{ "type": "Feature", "properties": { "Name": "T-AU09-357" }, "geometry": { "type": "Point", "coordinates": [ -62.29561343, -32.652717742 ] } },
{ "type": "Feature", "properties": { "Name": "T-AU09-358" }, "geometry": { "type": "Point", "coordinates": [ -62.294478295, -32.652622185 ] } },
{ "type": "Feature", "properties": { "Name": "T-AU09-360" }, "geometry": { "type": "Point", "coordinates": [ -62.281059343, -32.658965924 ] } },
{ "type": "Feature", "properties": { "Name": "T-AU09-361" }, "geometry": { "type": "Point", "coordinates": [ -62.27976223, -32.661571264 ] } },
{ "type": "Feature", "properties": { "Name": "T-AU09-362" }, "geometry": { "type": "Point", "coordinates": [ -62.278819702, -32.655534363 ] } },
{ "type": "Feature", "properties": { "Name": "T-AU09-364" }, "geometry": { "type": "Point", "coordinates": [ -62.278132723, -32.656028483 ] } },
{ "type": "Feature", "properties": { "Name": "T-AU09-363" }, "geometry": { "type": "Point", "coordinates": [ -62.278056385, -32.655137911 ] } },
{ "type": "Feature", "properties": { "Name": "T-AU09-365" }, "geometry": { "type": "Point", "coordinates": [ -62.278213507, -32.653317229 ] } },
{ "type": "Feature", "properties": { "Name": "T-AU09-366" }, "geometry": { "type": "Point", "coordinates": [ -62.278015031, -32.652498417 ] } },
{ "type": "Feature", "properties": { "Name": "T-AU09-367" }, "geometry": { "type": "Point", "coordinates": [ -62.275590712, -32.650744252 ] } },
{ "type": "Feature", "properties": { "Name": "P-RN20-9039" }, "geometry": { "type": "Point", "coordinates": [ -65.210730867, -31.945615734 ] } },
{ "type": "Feature", "properties": { "Name": "P-RN20-ARCH8" }, "geometry": { "type": "Point", "coordinates": [ -64.323416457, -31.438412222 ] } },
{ "type": "Feature", "properties": { "Name": "P-RN20-ARCH9" }, "geometry": { "type": "Point", "coordinates": [ -64.335077655, -31.440074434 ] } },
{ "type": "Feature", "properties": { "Name": "P-RN35-5160" }, "geometry": { "type": "Point", "coordinates": [ -64.333179669, -34.864716091 ] } },
{ "type": "Feature", "properties": { "Name": "P-RN35-5078" }, "geometry": { "type": "Point", "coordinates": [ -64.425734317, -33.888880359 ] } },
{ "type": "Feature", "properties": { "Name": "EX-2024-101995989- -APN-DCBA#DNV" }, "geometry": { "type": "Point", "coordinates": [ -62.128389523, -31.424222253 ] } },
{ "type": "Feature", "properties": { "Name": "P-RN19-3233" }, "geometry": { "type": "Point", "coordinates": [ -62.127053838, -31.425009754 ] } },
{ "type": "Feature", "properties": { "Name": "AU158-T3-S2-0383-00" }, "geometry": { "type": "Point", "coordinates": [ -63.757908025, -32.77654092 ] } },
{ "type": "Feature", "properties": { "Name": "AU158-T3-S2-0382-00" }, "geometry": { "type": "Point", "coordinates": [ -63.751723632, -32.770977985 ] } },
{ "type": "Feature", "properties": { "Name": "AU158-T3-S2-0380-00" }, "geometry": { "type": "Point", "coordinates": [ -63.749567933, -32.768563703 ] } },
{ "type": "Feature", "properties": { "Name": "AU158-T3-S2-0379-00" }, "geometry": { "type": "Point", "coordinates": [ -63.745234727, -32.764567843 ] } },
{ "type": "Feature", "properties": { "Name": "AU158-T3-S2-0378-00" }, "geometry": { "type": "Point", "coordinates": [ -63.738291338, -32.759399669 ] } },
{ "type": "Feature", "properties": { "Name": "AU158-T3-S2-0377-00" }, "geometry": { "type": "Point", "coordinates": [ -63.733436968, -32.755282326 ] } },
{ "type": "Feature", "properties": { "Name": "AU158-T3-S2-0376-00" }, "geometry": { "type": "Point", "coordinates": [ -63.736787793, -32.756410085 ] } },
{ "type": "Feature", "properties": { "Name": "AU158-T3-S2-0375-00" }, "geometry": { "type": "Point", "coordinates": [ -63.7295755, -32.751872604 ] } },
{ "type": "Feature", "properties": { "Name": "AU158-T3-S2-0372-00" }, "geometry": { "type": "Point", "coordinates": [ -63.72464106, -32.747895139 ] } },
{ "type": "Feature", "properties": { "Name": "AU158-T3-S2-0371-00" }, "geometry": { "type": "Point", "coordinates": [ -63.722065875, -32.74586205 ] } },
{ "type": "Feature", "properties": { "Name": "AU158-T3-S2-0370-00" }, "geometry": { "type": "Point", "coordinates": [ -63.719423828, -32.743902865 ] } },
{ "type": "Feature", "properties": { "Name": "AU158-T3-S2-0369-00" }, "geometry": { "type": "Point", "coordinates": [ -63.717843456, -32.742415978 ] } },
{ "type": "Feature", "properties": { "Name": "AU158-T3-S2-0368-00" }, "geometry": { "type": "Point", "coordinates": [ -63.715524816, -32.740547052 ] } },
{ "type": "Feature", "properties": { "Name": "AU158-T3-S2-0367-00" }, "geometry": { "type": "Point", "coordinates": [ -63.714119167, -32.739214525 ] } },
{ "type": "Feature", "properties": { "Name": "AU158-T3-S2-0366-00" }, "geometry": { "type": "Point", "coordinates": [ -63.709864282, -32.735984518 ] } },
{ "type": "Feature", "properties": { "Name": "AU158-T3-S2-0364-00" }, "geometry": { "type": "Point", "coordinates": [ -63.705212716, -32.725012862 ] } },
{ "type": "Feature", "properties": { "Name": "AU158-T3-S2-0362-00" }, "geometry": { "type": "Point", "coordinates": [ -63.704648768, -32.731780471 ] } },
{ "type": "Feature", "properties": { "Name": "AU158-T3-S2-0361-00" }, "geometry": { "type": "Point", "coordinates": [ -63.701091955, -32.730598646 ] } },
{ "type": "Feature", "properties": { "Name": "AU158-T3-S2-0359-00" }, "geometry": { "type": "Point", "coordinates": [ -63.70105924, -32.728251767 ] } },
{ "type": "Feature", "properties": { "Name": "AU158-T3-S2-0358-00" }, "geometry": { "type": "Point", "coordinates": [ -63.703213544, -32.726009951 ] } },
{ "type": "Feature", "properties": { "Name": "AU158-T3-S2-0357-00" }, "geometry": { "type": "Point", "coordinates": [ -63.693535229, -32.722778346 ] } },
{ "type": "Feature", "properties": { "Name": "AU158-T3-S2-0356-00" }, "geometry": { "type": "Point", "coordinates": [ -63.690895849, -32.720469046 ] } },
{ "type": "Feature", "properties": { "Name": "AU158-T3-S2-0355-00" }, "geometry": { "type": "Point", "coordinates": [ -63.686378514, -32.716689568 ] } },
{ "type": "Feature", "properties": { "Name": "AU158-T3-S2-0354-0A" }, "geometry": { "type": "Point", "coordinates": [ -63.676109088, -32.711629082 ] } },
{ "type": "Feature", "properties": { "Name": "AU158-T3-S2-0354-00" }, "geometry": { "type": "Point", "coordinates": [ -63.681035277, -32.712373854 ] } },
{ "type": "Feature", "properties": { "Name": "AU158-T3-S2-0353-00" }, "geometry": { "type": "Point", "coordinates": [ -63.683770848, -32.714415817 ] } },
{ "type": "Feature", "properties": { "Name": "AU158-T3-S2-0353-00" }, "geometry": { "type": "Point", "coordinates": [ -63.682656145, -32.70994737 ] } },
{ "type": "Feature", "properties": { "Name": "AU158-T3-S2-0350-00" }, "geometry": { "type": "Point", "coordinates": [ -63.681035277, -32.712373854 ] } },
{ "type": "Feature", "properties": { "Name": "AU158-T3-S2-0348-00" }, "geometry": { "type": "Point", "coordinates": [ -63.677748407, -32.709140465 ] } },
{ "type": "Feature", "properties": { "Name": "AU158-T3-S2-0347-00" }, "geometry": { "type": "Point", "coordinates": [ -63.674660373, -32.70631937 ] } },
{ "type": "Feature", "properties": { "Name": "AU158-T3-S2-0346-00" }, "geometry": { "type": "Point", "coordinates": [ -63.672448084, -32.705031638 ] } },
{ "type": "Feature", "properties": { "Name": "AU158-T3-S2-0345-00" }, "geometry": { "type": "Point", "coordinates": [ -63.668470236, -32.701701884 ] } },
{ "type": "Feature", "properties": { "Name": "AU158-T3-S2-0344-00" }, "geometry": { "type": "Point", "coordinates": [ -63.666032002, -32.699678904 ] } },
{ "type": "Feature", "properties": { "Name": "AU158-T3-S2-0343-00" }, "geometry": { "type": "Point", "coordinates": [ -63.663153895, -32.697436682 ] } },
{ "type": "Feature", "properties": { "Name": "AU158-T3-S2-0342-00" }, "geometry": { "type": "Point", "coordinates": [ -63.658390755, -32.693850726 ] } },
{ "type": "Feature", "properties": { "Name": "AU158-T3-S2-0341-00" }, "geometry": { "type": "Point", "coordinates": [ -63.653662011, -32.690283483 ] } },
{ "type": "Feature", "properties": { "Name": "AU158-T3-S2-0340-02" }, "geometry": { "type": "Point", "coordinates": [ -63.647895102, -32.685950086 ] } },
{ "type": "Feature", "properties": { "Name": "AU158-T3-S2-0340-01" }, "geometry": { "type": "Point", "coordinates": [ -63.640632146, -32.677876503 ] } },
{ "type": "Feature", "properties": { "Name": "AU158-T3-S2-0339-00" }, "geometry": { "type": "Point", "coordinates": [ -63.638256857, -32.678882749 ] } },
{ "type": "Feature", "properties": { "Name": "AU158-T3-S2-0337-00" }, "geometry": { "type": "Point", "coordinates": [ -63.631368456, -32.673506019 ] } },
{ "type": "Feature", "properties": { "Name": "AU158-T3-S2-0336-00" }, "geometry": { "type": "Point", "coordinates": [ -63.625861967, -32.669699821 ] } },
{ "type": "Feature", "properties": { "Name": "AU158-T3-S2-0335-00" }, "geometry": { "type": "Point", "coordinates": [ -63.610758497, -32.660215432 ] } },
{ "type": "Feature", "properties": { "Name": "AU158-T3-S2-0334-00" }, "geometry": { "type": "Point", "coordinates": [ -63.617938255, -32.664724114 ] } },
{ "type": "Feature", "properties": { "Name": "AU158-T3-S2-0333-00" }, "geometry": { "type": "Point", "coordinates": [ -63.606660636, -32.657642113 ] } },
{ "type": "Feature", "properties": { "Name": "AU158-T3-S2-0332-00" }, "geometry": { "type": "Point", "coordinates": [ -63.603866437, -32.655409945 ] } },
{ "type": "Feature", "properties": { "Name": "AU158-T3-S2-0330-00" }, "geometry": { "type": "Point", "coordinates": [ -63.60197028, -32.654593169 ] } },
{ "type": "Feature", "properties": { "Name": "AU158-T3-S2-0329-00" }, "geometry": { "type": "Point", "coordinates": [ -63.598485341, -32.652508325 ] } },
{ "type": "Feature", "properties": { "Name": "AU158-T3-S2-0328-00" }, "geometry": { "type": "Point", "coordinates": [ -63.595467627, -32.65102909 ] } },
{ "type": "Feature", "properties": { "Name": "AU158-T3-S2-0327-00" }, "geometry": { "type": "Point", "coordinates": [ -63.584866195, -32.642835554 ] } },
{ "type": "Feature", "properties": { "Name": "AU158-T3-S2-0326-00" }, "geometry": { "type": "Point", "coordinates": [ -63.594549947, -32.650041339 ] } },
{ "type": "Feature", "properties": { "Name": "AU158-T3-S2-0325-00" }, "geometry": { "type": "Point", "coordinates": [ -63.589630399, -32.646699366 ] } },
{ "type": "Feature", "properties": { "Name": "AU158-T3-S2-0324-0B" }, "geometry": { "type": "Point", "coordinates": [ -63.582482505, -32.640833068 ] } },
{ "type": "Feature", "properties": { "Name": "AU158-T3-S2-0324-0A" }, "geometry": { "type": "Point", "coordinates": [ -63.583979727, -32.641771921 ] } },
{ "type": "Feature", "properties": { "Name": "AU158-T3-S2-0324-00" }, "geometry": { "type": "Point", "coordinates": [ -63.584479906, -32.641957659 ] } },
{ "type": "Feature", "properties": { "Name": "AU158-T3-S2-0323-00" }, "geometry": { "type": "Point", "coordinates": [ -63.579267348, -32.638294082 ] } },
{ "type": "Feature", "properties": { "Name": "AU158-T3-S2-0322-00" }, "geometry": { "type": "Point", "coordinates": [ -63.576824428, -32.63678705 ] } },
{ "type": "Feature", "properties": { "Name": "AU158-T3-S2-0320-00" }, "geometry": { "type": "Point", "coordinates": [ -63.574176061, -32.634164299 ] } },
{ "type": "Feature", "properties": { "Name": "AU158-T3-S2-0318-00" }, "geometry": { "type": "Point", "coordinates": [ -63.571442774, -32.631294659 ] } },
{ "type": "Feature", "properties": { "Name": "AU158-T3-S2-0316-00" }, "geometry": { "type": "Point", "coordinates": [ -63.569271118, -32.630185619 ] } },
{ "type": "Feature", "properties": { "Name": "AU158-T3-S2-0315-00" }, "geometry": { "type": "Point", "coordinates": [ -63.559877081, -32.623260663 ] } },
{ "type": "Feature", "properties": { "Name": "AU158-T3-S2-0314-00" }, "geometry": { "type": "Point", "coordinates": [ -63.558496197, -32.621469801 ] } },
{ "type": "Feature", "properties": { "Name": "AU158-T3-S2-0313-00" }, "geometry": { "type": "Point", "coordinates": [ -63.552142027, -32.618295496 ] } },
{ "type": "Feature", "properties": { "Name": "AU158-T3-S2-0312-00" }, "geometry": { "type": "Point", "coordinates": [ -63.563422666, -32.625441763 ] } },
{ "type": "Feature", "properties": { "Name": "AU158-T3-S2-0311-00" }, "geometry": { "type": "Point", "coordinates": [ -63.560662003, -32.61629297 ] } },
{ "type": "Feature", "properties": { "Name": "AU158-T3-S2-0310-00" }, "geometry": { "type": "Point", "coordinates": [ -63.560263182, -32.615603088 ] } },
{ "type": "Feature", "properties": { "Name": "AU158-T3-S2-0386-00" }, "geometry": { "type": "Point", "coordinates": [ -63.763200811, -32.775523489 ] } },
{ "type": "Feature", "properties": { "Name": "AU158-T3-S2-0385-00" }, "geometry": { "type": "Point", "coordinates": [ -63.765251056, -32.782839536 ] } },
{ "type": "Feature", "properties": { "Name": "AU158-T3-S2-0385-00" }, "geometry": { "type": "Point", "coordinates": [ -63.763238974, -32.777427092 ] } },
{ "type": "Feature", "properties": { "Name": "AU158-T3-S2-0384-00" }, "geometry": { "type": "Point", "coordinates": [ -63.758561742, -32.778548049 ] } },
{ "type": "Feature", "properties": { "Name": "AU158-T1-S1-1077-00" }, "geometry": { "type": "Point", "coordinates": [ -62.43936543, -31.636694668 ] } },
{ "type": "Feature", "properties": { "Name": "AU158-T1-S1-1076-00" }, "geometry": { "type": "Point", "coordinates": [ -62.413773922, -31.619195974 ] } },
{ "type": "Feature", "properties": { "Name": "AU158-T1-S1-1075-00" }, "geometry": { "type": "Point", "coordinates": [ -62.405090069, -31.611411306 ] } },
{ "type": "Feature", "properties": { "Name": "AU158-T1-S1-1074-00" }, "geometry": { "type": "Point", "coordinates": [ -62.400359863, -31.610537941 ] } },
{ "type": "Feature", "properties": { "Name": "AU158-T1-S1-1073-00" }, "geometry": { "type": "Point", "coordinates": [ -62.395214567, -31.607317213 ] } },
{ "type": "Feature", "properties": { "Name": "AU158-T1-S1-1072-00" }, "geometry": { "type": "Point", "coordinates": [ -62.390749018, -31.604632485 ] } },
{ "type": "Feature", "properties": { "Name": "AU158-T1-S1-1071-00" }, "geometry": { "type": "Point", "coordinates": [ -62.386907094, -31.601986618 ] } },
{ "type": "Feature", "properties": { "Name": "AU158-T1-S1-1070-00" }, "geometry": { "type": "Point", "coordinates": [ -62.385185581, -31.601476265 ] } },
{ "type": "Feature", "properties": { "Name": "AU158-T1-S1-1069-00" }, "geometry": { "type": "Point", "coordinates": [ -62.382881697, -31.599403665 ] } },
{ "type": "Feature", "properties": { "Name": "AU158-T1-S1-1068-00" }, "geometry": { "type": "Point", "coordinates": [ -62.379735809, -31.597021157 ] } },
{ "type": "Feature", "properties": { "Name": "AU158-T1-S1-1067-00" }, "geometry": { "type": "Point", "coordinates": [ -62.376676209, -31.595755131 ] } },
{ "type": "Feature", "properties": { "Name": "AU158-T1-S1-1066-00" }, "geometry": { "type": "Point", "coordinates": [ -62.373410083, -31.593608005 ] } },
{ "type": "Feature", "properties": { "Name": "AU158-T1-S1-1065-00" }, "geometry": { "type": "Point", "coordinates": [ -62.370459795, -31.59249146 ] } },
{ "type": "Feature", "properties": { "Name": "AU158-T1-S1-1064-00" }, "geometry": { "type": "Point", "coordinates": [ -62.363135825, -31.588635983 ] } },
{ "type": "Feature", "properties": { "Name": "AU158-T1-S1-1063-00" }, "geometry": { "type": "Point", "coordinates": [ -62.360844149, -31.587939773 ] } },
{ "type": "Feature", "properties": { "Name": "AU158-T1-S1-1062-00" }, "geometry": { "type": "Point", "coordinates": [ -62.3599445, -31.586969734 ] } },
{ "type": "Feature", "properties": { "Name": "AU158-T1-S1-1061-00" }, "geometry": { "type": "Point", "coordinates": [ -62.357924339, -31.585502627 ] } },
{ "type": "Feature", "properties": { "Name": "AU158-T1-S1-1060-00" }, "geometry": { "type": "Point", "coordinates": [ -62.355755393, -31.58410974 ] } },
{ "type": "Feature", "properties": { "Name": "AU158-T1-S1-1059-00" }, "geometry": { "type": "Point", "coordinates": [ -62.350923482, -31.58100643 ] } },
{ "type": "Feature", "properties": { "Name": "AU158-T1-S1-1058-00" }, "geometry": { "type": "Point", "coordinates": [ -62.346290436, -31.578029426 ] } },
{ "type": "Feature", "properties": { "Name": "AU158-T1-S1-1057-00" }, "geometry": { "type": "Point", "coordinates": [ -62.338971595, -31.573324351 ] } },
{ "type": "Feature", "properties": { "Name": "AU158-T1-S1-1056-00" }, "geometry": { "type": "Point", "coordinates": [ -62.331292344, -31.568387583 ] } },
{ "type": "Feature", "properties": { "Name": "AU158-T1-S1-1055-00" }, "geometry": { "type": "Point", "coordinates": [ -62.324740137, -31.56402464 ] } },
{ "type": "Feature", "properties": { "Name": "AU158-T1-S1-1054-00" }, "geometry": { "type": "Point", "coordinates": [ -62.316902801, -31.559136917 ] } },
{ "type": "Feature", "properties": { "Name": "AU158-T1-S1-1053-00" }, "geometry": { "type": "Point", "coordinates": [ -62.304626793, -31.551244901 ] } },
{ "type": "Feature", "properties": { "Name": "AU158-T1-S1-1052-00" }, "geometry": { "type": "Point", "coordinates": [ -62.295815458, -31.545537399 ] } },
{ "type": "Feature", "properties": { "Name": "AU158-T1-S1-1051-00" }, "geometry": { "type": "Point", "coordinates": [ -62.292455449, -31.543419847 ] } },
{ "type": "Feature", "properties": { "Name": "AU158-T1-S1-1050-00" }, "geometry": { "type": "Point", "coordinates": [ -62.287372715, -31.5402278 ] } },
{ "type": "Feature", "properties": { "Name": "AU158-T1-S1-1049-00" }, "geometry": { "type": "Point", "coordinates": [ -62.283058264, -31.536779599 ] } },
{ "type": "Feature", "properties": { "Name": "AU158-T1-S1-1048-00" }, "geometry": { "type": "Point", "coordinates": [ -62.28115271, -31.536265284 ] } },
{ "type": "Feature", "properties": { "Name": "AU158-T1-S1-1047-00" }, "geometry": { "type": "Point", "coordinates": [ -62.27779702, -31.53347672 ] } },
{ "type": "Feature", "properties": { "Name": "AU158-T1-S1-1046-00" }, "geometry": { "type": "Point", "coordinates": [ -62.266884913, -31.526687617 ] } },
{ "type": "Feature", "properties": { "Name": "AU158-T1-S1-1045-00" }, "geometry": { "type": "Point", "coordinates": [ -62.263991651, -31.525192277 ] } },
{ "type": "Feature", "properties": { "Name": "AU158-T1-S1-1044-00" }, "geometry": { "type": "Point", "coordinates": [ -62.259436137, -31.522174432 ] } },
{ "type": "Feature", "properties": { "Name": "AU158-T1-S1-1043-00" }, "geometry": { "type": "Point", "coordinates": [ -62.257142891, -31.520975627 ] } },
{ "type": "Feature", "properties": { "Name": "AU158-T1-S1-1042-00" }, "geometry": { "type": "Point", "coordinates": [ -62.256304027, -31.519671235 ] } },
{ "type": "Feature", "properties": { "Name": "AU158-T1-S1-1041-00" }, "geometry": { "type": "Point", "coordinates": [ -62.252569683, -31.517754002 ] } },
{ "type": "Feature", "properties": { "Name": "AU158-T1-S1-1040-00" }, "geometry": { "type": "Point", "coordinates": [ -62.245712137, -31.513301674 ] } },
{ "type": "Feature", "properties": { "Name": "AU158-T1-S1-1039-00" }, "geometry": { "type": "Point", "coordinates": [ -62.243443422, -31.511969357 ] } },
{ "type": "Feature", "properties": { "Name": "AU158-T1-S1-1038-00" }, "geometry": { "type": "Point", "coordinates": [ -62.238330883, -31.508827181 ] } },
{ "type": "Feature", "properties": { "Name": "AU158-T1-S1-1037-00" }, "geometry": { "type": "Point", "coordinates": [ -62.231544735, -31.504212354 ] } },
{ "type": "Feature", "properties": { "Name": "AU158-T1-S1-1036-00" }, "geometry": { "type": "Point", "coordinates": [ -62.224960899, -31.499872432 ] } },
{ "type": "Feature", "properties": { "Name": "AU158-T1-S1-1035-00" }, "geometry": { "type": "Point", "coordinates": [ -62.219536039, -31.496903896 ] } },
{ "type": "Feature", "properties": { "Name": "AU158-T1-S1-1034-00" }, "geometry": { "type": "Point", "coordinates": [ -62.2109764, -31.491751501 ] } },
{ "type": "Feature", "properties": { "Name": "AU158-T1-S1-1033-00" }, "geometry": { "type": "Point", "coordinates": [ -62.200954032, -31.487400902 ] } },
{ "type": "Feature", "properties": { "Name": "AU158-T1-S1-1032-00" }, "geometry": { "type": "Point", "coordinates": [ -62.205780116, -31.488430055 ] } },
{ "type": "Feature", "properties": { "Name": "AU158-T1-S1-1031-00" }, "geometry": { "type": "Point", "coordinates": [ -62.202736607, -31.485247056 ] } },
{ "type": "Feature", "properties": { "Name": "AU158-T1-S1-1030-00" }, "geometry": { "type": "Point", "coordinates": [ -62.200482548, -31.48569617 ] } },
{ "type": "Feature", "properties": { "Name": "AU158-T1-S1-1029-00" }, "geometry": { "type": "Point", "coordinates": [ -62.199739674, -31.484679895 ] } },
{ "type": "Feature", "properties": { "Name": "AU158-T1-S1-1028-00" }, "geometry": { "type": "Point", "coordinates": [ -62.198492965, -31.483766846 ] } },
{ "type": "Feature", "properties": { "Name": "AU158-T1-S1-1027-00" }, "geometry": { "type": "Point", "coordinates": [ -62.197068703, -31.482855105 ] } },
{ "type": "Feature", "properties": { "Name": "AU158-T1-S1-1026-00" }, "geometry": { "type": "Point", "coordinates": [ -62.194861517, -31.481297321 ] } },
{ "type": "Feature", "properties": { "Name": "AU158-T1-S1-1025-00" }, "geometry": { "type": "Point", "coordinates": [ -62.192656701, -31.480099895 ] } },
{ "type": "Feature", "properties": { "Name": "AU158-T1-S1-1024-00" }, "geometry": { "type": "Point", "coordinates": [ -62.189911714, -31.47803697 ] } },
{ "type": "Feature", "properties": { "Name": "AU158-T1-S1-1023-00" }, "geometry": { "type": "Point", "coordinates": [ -62.186622241, -31.476167626 ] } },
{ "type": "Feature", "properties": { "Name": "AU158-T1-S1-1022-00" }, "geometry": { "type": "Point", "coordinates": [ -62.182282022, -31.473389142 ] } },
{ "type": "Feature", "properties": { "Name": "AU158-T1-S1-1021-00" }, "geometry": { "type": "Point", "coordinates": [ -62.179417683, -31.471305152 ] } },
{ "type": "Feature", "properties": { "Name": "AU158-T1-S1-1020-00" }, "geometry": { "type": "Point", "coordinates": [ -62.176397819, -31.469622261 ] } },
{ "type": "Feature", "properties": { "Name": "AU158-T1-S1-1019-00" }, "geometry": { "type": "Point", "coordinates": [ -62.168981957, -31.46451593 ] } },
{ "type": "Feature", "properties": { "Name": "AU158-T1-S1-1018-00" }, "geometry": { "type": "Point", "coordinates": [ -62.171084881, -31.465983035 ] } },
{ "type": "Feature", "properties": { "Name": "AU158-T1-S1-1017-00" }, "geometry": { "type": "Point", "coordinates": [ -62.174262104, -31.467611808 ] } },
{ "type": "Feature", "properties": { "Name": "AU158-T1-S1-1016-00" }, "geometry": { "type": "Point", "coordinates": [ -62.163730389, -31.456002819 ] } },
{ "type": "Feature", "properties": { "Name": "AU158-T1-S1-1015-00" }, "geometry": { "type": "Point", "coordinates": [ -62.165396148, -31.456212089 ] } },
{ "type": "Feature", "properties": { "Name": "AU158-T1-S1-1014-00" }, "geometry": { "type": "Point", "coordinates": [ -62.167515831, -31.460266968 ] } },
{ "type": "Feature", "properties": { "Name": "AU158-T1-S1-1013-00" }, "geometry": { "type": "Point", "coordinates": [ -62.168509322, -31.455201861 ] } },
{ "type": "Feature", "properties": { "Name": "AU158-T1-S1-1012-00" }, "geometry": { "type": "Point", "coordinates": [ -62.166491079, -31.453448431 ] } },
{ "type": "Feature", "properties": { "Name": "AU158-T1-S1-1011-00" }, "geometry": { "type": "Point", "coordinates": [ -62.165140738, -31.450498545 ] } },
{ "type": "Feature", "properties": { "Name": "AU158-T1-S1-1010-00" }, "geometry": { "type": "Point", "coordinates": [ -62.164573068, -31.447970508 ] } },
{ "type": "Feature", "properties": { "Name": "AU158-T1-S1-1009-00" }, "geometry": { "type": "Point", "coordinates": [ -62.163795664, -31.447840189 ] } },
{ "type": "Feature", "properties": { "Name": "AU158-T1-S1-1008-00" }, "geometry": { "type": "Point", "coordinates": [ -62.164007978, -31.44546578 ] } },
{ "type": "Feature", "properties": { "Name": "AU158-T1-S1-1007-00" }, "geometry": { "type": "Point", "coordinates": [ -62.163434014, -31.44296232 ] } },
{ "type": "Feature", "properties": { "Name": "AU158-T1-S1-1006-00" }, "geometry": { "type": "Point", "coordinates": [ -62.162856515, -31.440434396 ] } },
{ "type": "Feature", "properties": { "Name": "AU158-T1-S1-1005-00" }, "geometry": { "type": "Point", "coordinates": [ -62.16179316, -31.435751063 ] } },
{ "type": "Feature", "properties": { "Name": "AU158-T1-S1-1004-00" }, "geometry": { "type": "Point", "coordinates": [ -62.160801556, -31.434651886 ] } },
{ "type": "Feature", "properties": { "Name": "AU158-T1-S1-1003-00" }, "geometry": { "type": "Point", "coordinates": [ -62.160231521, -31.428904513 ] } },
{ "type": "Feature", "properties": { "Name": "AU158-T1-S1-1002-00" }, "geometry": { "type": "Point", "coordinates": [ -62.156675718, -31.419802645 ] } },
{ "type": "Feature", "properties": { "Name": "AU158-T1-S1-1001-00" }, "geometry": { "type": "Point", "coordinates": [ -62.15880518, -31.41950269 ] } },
{ "type": "Feature", "properties": { "Name": "AU158-T1-S1-1081-00" }, "geometry": { "type": "Point", "coordinates": [ -62.465153756, -31.655056288 ] } },
{ "type": "Feature", "properties": { "Name": "AU158-T1-S1-1080-00" }, "geometry": { "type": "Point", "coordinates": [ -62.468640727, -31.65577544 ] } },
{ "type": "Feature", "properties": { "Name": "AU158-T1-S1-1079-00" }, "geometry": { "type": "Point", "coordinates": [ -62.462269862, -31.651684167 ] } },
{ "type": "Feature", "properties": { "Name": "AU158-T1-S1-1078-00" }, "geometry": { "type": "Point", "coordinates": [ -62.454237924, -31.646814398 ] } },
{ "type": "Feature", "properties": { "Name": "P-RN7-042" }, "geometry": { "type": "Point", "coordinates": [ -63.379928839, -34.148573287 ] } },
{ "type": "Feature", "properties": { "Name": "P-RN158-10028" }, "geometry": { "type": "Point", "coordinates": [ -63.888127497, -32.821227817 ] } },
{ "type": "Feature", "properties": { "Name": "P-RN36-6180" }, "geometry": { "type": "Point", "coordinates": [ -64.32294281, -33.094096209 ] } },
{ "type": "Feature", "properties": { "Name": "AU158-T1-S2-LV07-00" }, "geometry": { "type": "Point", "coordinates": [ -62.621175711, -31.799748116 ] } },
{ "type": "Feature", "properties": { "Name": "AU158-T1-S2-LV04-00" }, "geometry": { "type": "Point", "coordinates": [ -62.626019474, -31.792826968 ] } },
{ "type": "Feature", "properties": { "Name": "AU158-T1-S2-1155-00" }, "geometry": { "type": "Point", "coordinates": [ -62.792673039, -31.87407457 ] } },
{ "type": "Feature", "properties": { "Name": "AU158-T1-S2-1154-00" }, "geometry": { "type": "Point", "coordinates": [ -62.787535044, -31.870642627 ] } },
{ "type": "Feature", "properties": { "Name": "AU158-T1-S2-1153-00" }, "geometry": { "type": "Point", "coordinates": [ -62.780042973, -31.866635748 ] } },
{ "type": "Feature", "properties": { "Name": "AU158-T1-S2-1121-00" }, "geometry": { "type": "Point", "coordinates": [ -62.640909491, -31.766584208 ] } },
{ "type": "Feature", "properties": { "Name": "AU158-T1-S2-1120-00" }, "geometry": { "type": "Point", "coordinates": [ -62.638507594, -31.763545104 ] } },
{ "type": "Feature", "properties": { "Name": "AU158-T1-S2-1119-00" }, "geometry": { "type": "Point", "coordinates": [ -62.636395179, -31.763973448 ] } },
{ "type": "Feature", "properties": { "Name": "AU158-T1-S2-1087-00" }, "geometry": { "type": "Point", "coordinates": [ -62.498917158, -31.673483897 ] } },
{ "type": "Feature", "properties": { "Name": "AU158-T1-S2-1084-00" }, "geometry": { "type": "Point", "coordinates": [ -62.487342026, -31.666602357 ] } },
{ "type": "Feature", "properties": { "Name": "AU158-T1-S2-1083-00" }, "geometry": { "type": "Point", "coordinates": [ -62.482506011, -31.664040494 ] } },
{ "type": "Feature", "properties": { "Name": "AU158-T1-S2-LV09-00" }, "geometry": { "type": "Point", "coordinates": [ -62.620658899, -31.801818946 ] } },
{ "type": "Feature", "properties": { "Name": "AU158-T1-S2-LV08-00" }, "geometry": { "type": "Point", "coordinates": [ -62.621356715, -31.801607946 ] } },
{ "type": "Feature", "properties": { "Name": "AU158-T1-S2-LV06-00" }, "geometry": { "type": "Point", "coordinates": [ -62.621340262, -31.797547846 ] } },
{ "type": "Feature", "properties": { "Name": "AU158-T1-S2-LV05-00" }, "geometry": { "type": "Point", "coordinates": [ -62.622161932, -31.796766022 ] } },
{ "type": "Feature", "properties": { "Name": "AU158-T1-S2-LV03-00" }, "geometry": { "type": "Point", "coordinates": [ -62.629877613, -31.788124152 ] } },
{ "type": "Feature", "properties": { "Name": "AU158-T1-S2-LV02-00" }, "geometry": { "type": "Point", "coordinates": [ -62.629471313, -31.780064179 ] } },
{ "type": "Feature", "properties": { "Name": "AU158-T1-S2-LV01-00" }, "geometry": { "type": "Point", "coordinates": [ -62.629452908, -31.774736624 ] } },
{ "type": "Feature", "properties": { "Name": "AU158-T1-S2-1152-00" }, "geometry": { "type": "Point", "coordinates": [ -62.772130006, -31.863487124 ] } },
{ "type": "Feature", "properties": { "Name": "AU158-T1-S2-1151-00" }, "geometry": { "type": "Point", "coordinates": [ -62.767821148, -31.861762686 ] } },
{ "type": "Feature", "properties": { "Name": "AU158-T1-S2-1150-00" }, "geometry": { "type": "Point", "coordinates": [ -62.76717519, -31.860925646 ] } },
{ "type": "Feature", "properties": { "Name": "AU158-T1-S2-1149-00" }, "geometry": { "type": "Point", "coordinates": [ -62.762915584, -31.858162786 ] } },
{ "type": "Feature", "properties": { "Name": "AU158-T1-S2-1148-00" }, "geometry": { "type": "Point", "coordinates": [ -62.759055273, -31.855086472 ] } },
{ "type": "Feature", "properties": { "Name": "AU158-T1-S2-1147-00" }, "geometry": { "type": "Point", "coordinates": [ -62.754349868, -31.850340179 ] } },
{ "type": "Feature", "properties": { "Name": "AU158-T1-S2-1146-00" }, "geometry": { "type": "Point", "coordinates": [ -62.751565308, -31.846448443 ] } },
{ "type": "Feature", "properties": { "Name": "AU158-T1-S2-1145-00" }, "geometry": { "type": "Point", "coordinates": [ -62.751004172, -31.846883662 ] } },
{ "type": "Feature", "properties": { "Name": "AU158-T1-S2-1144-00" }, "geometry": { "type": "Point", "coordinates": [ -62.744042857, -31.840730061 ] } },
{ "type": "Feature", "properties": { "Name": "AU158-T1-S2-1143-00" }, "geometry": { "type": "Point", "coordinates": [ -62.742995356, -31.83772912 ] } },
{ "type": "Feature", "properties": { "Name": "AU158-T1-S2-1142-00" }, "geometry": { "type": "Point", "coordinates": [ -62.738885965, -31.837043258 ] } },
{ "type": "Feature", "properties": { "Name": "AU158-T1-S2-1141-00" }, "geometry": { "type": "Point", "coordinates": [ -62.731981111, -31.832736375 ] } },
{ "type": "Feature", "properties": { "Name": "AU158-T1-S2-1140-00" }, "geometry": { "type": "Point", "coordinates": [ -62.72416635, -31.82781209 ] } },
{ "type": "Feature", "properties": { "Name": "AU158-T1-S2-1139-00" }, "geometry": { "type": "Point", "coordinates": [ -62.719571188, -31.826792798 ] } },
{ "type": "Feature", "properties": { "Name": "AU158-T1-S2-1138-00" }, "geometry": { "type": "Point", "coordinates": [ -62.718521202, -31.823854922 ] } },
{ "type": "Feature", "properties": { "Name": "AU158-T1-S2-1137-00" }, "geometry": { "type": "Point", "coordinates": [ -62.720997505, -31.822517666 ] } },
{ "type": "Feature", "properties": { "Name": "AU158-T1-S2-1136-00" }, "geometry": { "type": "Point", "coordinates": [ -62.709655365, -31.818400615 ] } },
{ "type": "Feature", "properties": { "Name": "AU158-T1-S2-1135-00" }, "geometry": { "type": "Point", "coordinates": [ -62.703880559, -31.814672931 ] } },
{ "type": "Feature", "properties": { "Name": "AU158-T1-S2-1134-00" }, "geometry": { "type": "Point", "coordinates": [ -62.703320625, -31.813399364 ] } },
{ "type": "Feature", "properties": { "Name": "AU158-T1-S2-1133-00" }, "geometry": { "type": "Point", "coordinates": [ -62.699926331, -31.811346676 ] } },
{ "type": "Feature", "properties": { "Name": "AU158-T1-S2-1132-00" }, "geometry": { "type": "Point", "coordinates": [ -62.695173391, -31.807215796 ] } },
{ "type": "Feature", "properties": { "Name": "AU158-T1-S2-1131-00" }, "geometry": { "type": "Point", "coordinates": [ -62.692106872, -31.805078863 ] } },
{ "type": "Feature", "properties": { "Name": "AU158-T1-S2-1130-00" }, "geometry": { "type": "Point", "coordinates": [ -62.687257751, -31.800447193 ] } },
{ "type": "Feature", "properties": { "Name": "AU158-T1-S2-1129-00" }, "geometry": { "type": "Point", "coordinates": [ -62.680393832, -31.797451914 ] } },
{ "type": "Feature", "properties": { "Name": "AU158-T1-S2-1128-00" }, "geometry": { "type": "Point", "coordinates": [ -62.682645991, -31.795053296 ] } },
{ "type": "Feature", "properties": { "Name": "AU158-T1-S2-1127-00" }, "geometry": { "type": "Point", "coordinates": [ -62.676728943, -31.792835726 ] } },
{ "type": "Feature", "properties": { "Name": "AU158-T1-S2-1126-00" }, "geometry": { "type": "Point", "coordinates": [ -62.671609691, -31.789182884 ] } },
{ "type": "Feature", "properties": { "Name": "AU158-T1-S2-1125-00" }, "geometry": { "type": "Point", "coordinates": [ -62.666488466, -31.785528665 ] } },
{ "type": "Feature", "properties": { "Name": "AU158-T1-S2-1124-00" }, "geometry": { "type": "Point", "coordinates": [ -62.663956398, -31.783887077 ] } },
{ "type": "Feature", "properties": { "Name": "AU158-T1-S2-1123-00" }, "geometry": { "type": "Point", "coordinates": [ -62.65726505, -31.778947514 ] } },
{ "type": "Feature", "properties": { "Name": "AU158-T1-S2-1122-00" }, "geometry": { "type": "Point", "coordinates": [ -62.641265793, -31.767531168 ] } },
{ "type": "Feature", "properties": { "Name": "AU158-T1-S2-1121-00" }, "geometry": { "type": "Point", "coordinates": [ -62.639524602, -31.760678017 ] } },
{ "type": "Feature", "properties": { "Name": "AU158-T1-S2-1121-00" }, "geometry": { "type": "Point", "coordinates": [ -62.640909518, -31.766584211 ] } },
{ "type": "Feature", "properties": { "Name": "AU158-T1-S2-1118-00" }, "geometry": { "type": "Point", "coordinates": [ -62.634043518, -31.763086443 ] } },
{ "type": "Feature", "properties": { "Name": "AU158-T1-S2-1117-00" }, "geometry": { "type": "Point", "coordinates": [ -62.630447156, -31.759956547 ] } },
{ "type": "Feature", "properties": { "Name": "AU158-T1-S2-1116-00" }, "geometry": { "type": "Point", "coordinates": [ -62.62802868, -31.75877559 ] } },
{ "type": "Feature", "properties": { "Name": "AU158-T1-S2-1115-00" }, "geometry": { "type": "Point", "coordinates": [ -62.62831989, -31.757926397 ] } },
{ "type": "Feature", "properties": { "Name": "AU158-T1-S2-1114-00" }, "geometry": { "type": "Point", "coordinates": [ -62.624193317, -31.755339809 ] } },
{ "type": "Feature", "properties": { "Name": "AU158-T1-S2-1113-00" }, "geometry": { "type": "Point", "coordinates": [ -62.620388714, -31.753216549 ] } },
{ "type": "Feature", "properties": { "Name": "AU158-T1-S2-1112-00" }, "geometry": { "type": "Point", "coordinates": [ -62.619490292, -31.75212008 ] } },
{ "type": "Feature", "properties": { "Name": "AU158-T1-S2-1111-00" }, "geometry": { "type": "Point", "coordinates": [ -62.618073418, -31.750579661 ] } },
{ "type": "Feature", "properties": { "Name": "AU158-T1-S2-1110-00" }, "geometry": { "type": "Point", "coordinates": [ -62.615298853, -31.748985828 ] } },
{ "type": "Feature", "properties": { "Name": "AU158-T1-S2-1109-00" }, "geometry": { "type": "Point", "coordinates": [ -62.611176396, -31.746040903 ] } },
{ "type": "Feature", "properties": { "Name": "AU158-T1-S2-1108-00" }, "geometry": { "type": "Point", "coordinates": [ -62.607294517, -31.742999163 ] } },
{ "type": "Feature", "properties": { "Name": "AU158-T1-S2-1107-00" }, "geometry": { "type": "Point", "coordinates": [ -62.599961071, -31.738045672 ] } },
{ "type": "Feature", "properties": { "Name": "AU158-T1-S2-1106-00" }, "geometry": { "type": "Point", "coordinates": [ -62.589211637, -31.731251453 ] } },
{ "type": "Feature", "properties": { "Name": "AU158-T1-S2-1105-00" }, "geometry": { "type": "Point", "coordinates": [ -62.579106937, -31.725048833 ] } },
{ "type": "Feature", "properties": { "Name": "AU158-T1-S2-1104-00" }, "geometry": { "type": "Point", "coordinates": [ -62.569853103, -31.719366245 ] } },
{ "type": "Feature", "properties": { "Name": "AU158-T1-S2-1103-00" }, "geometry": { "type": "Point", "coordinates": [ -62.564700492, -31.716202114 ] } },
{ "type": "Feature", "properties": { "Name": "AU158-T1-S2-1102-00" }, "geometry": { "type": "Point", "coordinates": [ -62.556582526, -31.711217121 ] } },
{ "type": "Feature", "properties": { "Name": "AU158-T1-S2-1101-00" }, "geometry": { "type": "Point", "coordinates": [ -62.552817298, -31.708904829 ] } },
{ "type": "Feature", "properties": { "Name": "AU158-T1-S2-1100-00" }, "geometry": { "type": "Point", "coordinates": [ -62.551777198, -31.70840677 ] } },
{ "type": "Feature", "properties": { "Name": "AU158-T1-S2-1099-00" }, "geometry": { "type": "Point", "coordinates": [ -62.547856322, -31.705665302 ] } },
{ "type": "Feature", "properties": { "Name": "AU158-T1-S2-1098-00" }, "geometry": { "type": "Point", "coordinates": [ -62.541158808, -31.701742343 ] } },
{ "type": "Feature", "properties": { "Name": "AU158-T1-S2-1097-00" }, "geometry": { "type": "Point", "coordinates": [ -62.532122198, -31.695558641 ] } },
{ "type": "Feature", "properties": { "Name": "AU158-T1-S2-1096-00" }, "geometry": { "type": "Point", "coordinates": [ -62.523135011, -31.689927087 ] } },
{ "type": "Feature", "properties": { "Name": "AU158-T1-S2-1095-00" }, "geometry": { "type": "Point", "coordinates": [ -62.515666355, -31.683979448 ] } },
{ "type": "Feature", "properties": { "Name": "AU158-T1-S2-1094-00" }, "geometry": { "type": "Point", "coordinates": [ -62.51213594, -31.682041649 ] } },
{ "type": "Feature", "properties": { "Name": "AU158-T1-S2-1093-00" }, "geometry": { "type": "Point", "coordinates": [ -62.510417728, -31.680253082 ] } },
{ "type": "Feature", "properties": { "Name": "AU158-T1-S2-1092-00" }, "geometry": { "type": "Point", "coordinates": [ -62.508581785, -31.67947665 ] } },
{ "type": "Feature", "properties": { "Name": "AU158-T1-S2-1091-00" }, "geometry": { "type": "Point", "coordinates": [ -62.506242015, -31.6781031 ] } },
{ "type": "Feature", "properties": { "Name": "AU158-T1-S2-1090-00" }, "geometry": { "type": "Point", "coordinates": [ -62.504107035, -31.67695466 ] } },
{ "type": "Feature", "properties": { "Name": "AU158-T1-S2-1089-00" }, "geometry": { "type": "Point", "coordinates": [ -62.502328307, -31.676235666 ] } },
{ "type": "Feature", "properties": { "Name": "AU158-T1-S2-1088-00" }, "geometry": { "type": "Point", "coordinates": [ -62.502668122, -31.675446905 ] } },
{ "type": "Feature", "properties": { "Name": "AU158-T1-S2-1086-00" }, "geometry": { "type": "Point", "coordinates": [ -62.494466207, -31.67038794 ] } },
{ "type": "Feature", "properties": { "Name": "AU158-T1-S2-1085-00" }, "geometry": { "type": "Point", "coordinates": [ -62.491657815, -31.668945897 ] } },
{ "type": "Feature", "properties": { "Name": "AU158-T1-S2-1082-00" }, "geometry": { "type": "Point", "coordinates": [ -62.475999725, -31.660488488 ] } },
{ "type": "Feature", "properties": { "Name": "AU158-T1-S2-LV13-00" }, "geometry": { "type": "Point", "coordinates": [ -62.620998397, -31.802644783 ] } },
{ "type": "Feature", "properties": { "Name": "AU158-T1-S2-LV12-00" }, "geometry": { "type": "Point", "coordinates": [ -62.620981211, -31.802545004 ] } },
{ "type": "Feature", "properties": { "Name": "AU158-T1-S2-LV11-00" }, "geometry": { "type": "Point", "coordinates": [ -62.620912109, -31.802446328 ] } },
{ "type": "Feature", "properties": { "Name": "AU158-T1-S2-LV10-00" }, "geometry": { "type": "Point", "coordinates": [ -62.620821207, -31.802270224 ] } },
{ "type": "Feature", "properties": { "Name": "AU158-T2-S1-2021-00" }, "geometry": { "type": "Point", "coordinates": [ -62.909359185, -31.967483101 ] } },
{ "type": "Feature", "properties": { "Name": "AU158-T2-S1-2053-00" }, "geometry": { "type": "Point", "coordinates": [ -63.048611204, -32.059838635 ] } },
{ "type": "Feature", "properties": { "Name": "AU158-T2-S1-2052-00" }, "geometry": { "type": "Point", "coordinates": [ -63.038962789, -32.053830326 ] } },
{ "type": "Feature", "properties": { "Name": "AU158-T2-S1-2051-00" }, "geometry": { "type": "Point", "coordinates": [ -63.033499427, -32.050279462 ] } },
{ "type": "Feature", "properties": { "Name": "AU158-T2-S1-2050-00" }, "geometry": { "type": "Point", "coordinates": [ -63.027496873, -32.046187083 ] } },
{ "type": "Feature", "properties": { "Name": "AU158-T2-S1-2049-00" }, "geometry": { "type": "Point", "coordinates": [ -63.02589028, -32.045560053 ] } },
{ "type": "Feature", "properties": { "Name": "AU158-T2-S1-2048-00" }, "geometry": { "type": "Point", "coordinates": [ -63.020806641, -32.042029615 ] } },
{ "type": "Feature", "properties": { "Name": "AU158-T2-S1-2047-00" }, "geometry": { "type": "Point", "coordinates": [ -63.009431838, -32.034883642 ] } },
{ "type": "Feature", "properties": { "Name": "AU158-T2-S1-2046-00" }, "geometry": { "type": "Point", "coordinates": [ -63.006355022, -32.034966546 ] } },
{ "type": "Feature", "properties": { "Name": "AU158-T2-S1-2045-00" }, "geometry": { "type": "Point", "coordinates": [ -63.002615756, -32.030170596 ] } },
{ "type": "Feature", "properties": { "Name": "AU158-T2-S1-2044-00" }, "geometry": { "type": "Point", "coordinates": [ -62.995645418, -32.025357333 ] } },
{ "type": "Feature", "properties": { "Name": "AU158-T2-S1-2043-00" }, "geometry": { "type": "Point", "coordinates": [ -62.988954349, -32.021309516 ] } },
{ "type": "Feature", "properties": { "Name": "AU158-T2-S1-2042-00" }, "geometry": { "type": "Point", "coordinates": [ -62.981102933, -32.016180702 ] } },
{ "type": "Feature", "properties": { "Name": "AU158-T2-S1-2041-00" }, "geometry": { "type": "Point", "coordinates": [ -62.978897291, -32.014649407 ] } },
{ "type": "Feature", "properties": { "Name": "AU158-T2-S1-2040-00" }, "geometry": { "type": "Point", "coordinates": [ -62.977693097, -32.014015416 ] } },
{ "type": "Feature", "properties": { "Name": "AU158-T2-S1-2039-00" }, "geometry": { "type": "Point", "coordinates": [ -62.974288342, -32.011151112 ] } },
{ "type": "Feature", "properties": { "Name": "AU158-T2-S1-2038-00" }, "geometry": { "type": "Point", "coordinates": [ -62.968023651, -32.005693705 ] } },
{ "type": "Feature", "properties": { "Name": "AU158-T2-S1-2037-00" }, "geometry": { "type": "Point", "coordinates": [ -62.96449745, -32.002534542 ] } },
{ "type": "Feature", "properties": { "Name": "AU158-T2-S1-2036-00" }, "geometry": { "type": "Point", "coordinates": [ -62.959795134, -31.998316976 ] } },
{ "type": "Feature", "properties": { "Name": "AU158-T2-S1-2035-00" }, "geometry": { "type": "Point", "coordinates": [ -62.95716672, -31.995979778 ] } },
{ "type": "Feature", "properties": { "Name": "AU158-T2-S1-2034-00" }, "geometry": { "type": "Point", "coordinates": [ -62.956293371, -31.994381269 ] } },
{ "type": "Feature", "properties": { "Name": "AU158-T2-S1-2033-00" }, "geometry": { "type": "Point", "coordinates": [ -62.959868858, -31.992959674 ] } },
{ "type": "Feature", "properties": { "Name": "AU158-T2-S1-2032-00" }, "geometry": { "type": "Point", "coordinates": [ -62.950968838, -31.990463021 ] } },
{ "type": "Feature", "properties": { "Name": "AU158-T2-S1-2031-00" }, "geometry": { "type": "Point", "coordinates": [ -62.946879488, -31.987163834 ] } },
{ "type": "Feature", "properties": { "Name": "AU158-T2-S1-2030-00" }, "geometry": { "type": "Point", "coordinates": [ -62.943855119, -31.985297493 ] } },
{ "type": "Feature", "properties": { "Name": "AU158-T2-S1-2029-00" }, "geometry": { "type": "Point", "coordinates": [ -62.941819922, -31.984216602 ] } },
{ "type": "Feature", "properties": { "Name": "AU158-T2-S1-2028-00" }, "geometry": { "type": "Point", "coordinates": [ -62.939817106, -31.983188262 ] } },
{ "type": "Feature", "properties": { "Name": "AU158-T2-S1-2027-00" }, "geometry": { "type": "Point", "coordinates": [ -62.937276601, -31.981884294 ] } },
{ "type": "Feature", "properties": { "Name": "AU158-T2-S1-2026-00" }, "geometry": { "type": "Point", "coordinates": [ -62.933766261, -31.980082103 ] } },
{ "type": "Feature", "properties": { "Name": "AU158-T2-S1-2025-00" }, "geometry": { "type": "Point", "coordinates": [ -62.926705712, -31.976457549 ] } },
{ "type": "Feature", "properties": { "Name": "AU158-T2-S1-2024-00" }, "geometry": { "type": "Point", "coordinates": [ -62.923949832, -31.975562802 ] } },
{ "type": "Feature", "properties": { "Name": "AU158-T2-S1-2023-00" }, "geometry": { "type": "Point", "coordinates": [ -62.919121605, -31.972564294 ] } },
{ "type": "Feature", "properties": { "Name": "AU158-T2-S1-2022-00" }, "geometry": { "type": "Point", "coordinates": [ -62.912317601, -31.969071191 ] } },
{ "type": "Feature", "properties": { "Name": "AU158-T2-S1-2020-00" }, "geometry": { "type": "Point", "coordinates": [ -62.906811219, -31.967502154 ] } },
{ "type": "Feature", "properties": { "Name": "AU158-T2-S1-2019-00" }, "geometry": { "type": "Point", "coordinates": [ -62.903193396, -31.964331137 ] } },
{ "type": "Feature", "properties": { "Name": "AU158-T2-S1-2018-00" }, "geometry": { "type": "Point", "coordinates": [ -62.893771577, -31.956480804 ] } },
{ "type": "Feature", "properties": { "Name": "AU158-T2-S1-2017-00" }, "geometry": { "type": "Point", "coordinates": [ -62.885664046, -31.948264343 ] } },
{ "type": "Feature", "properties": { "Name": "AU158-T2-S1-2016-00" }, "geometry": { "type": "Point", "coordinates": [ -62.874101824, -31.936620099 ] } },
{ "type": "Feature", "properties": { "Name": "AU158-T2-S1-2015-00" }, "geometry": { "type": "Point", "coordinates": [ -62.8674917, -31.929842653 ] } },
{ "type": "Feature", "properties": { "Name": "AU158-T2-S1-2014-00" }, "geometry": { "type": "Point", "coordinates": [ -62.858829489, -31.92199539 ] } },
{ "type": "Feature", "properties": { "Name": "AU158-T2-S1-2013-00" }, "geometry": { "type": "Point", "coordinates": [ -62.849597866, -31.915385901 ] } },
{ "type": "Feature", "properties": { "Name": "AU158-T2-S1-2012-00" }, "geometry": { "type": "Point", "coordinates": [ -62.846776573, -31.913851286 ] } },
{ "type": "Feature", "properties": { "Name": "AU158-T2-S1-2011-00" }, "geometry": { "type": "Point", "coordinates": [ -62.844521113, -31.911751038 ] } },
{ "type": "Feature", "properties": { "Name": "AU158-T2-S1-2010-00" }, "geometry": { "type": "Point", "coordinates": [ -62.841305926, -31.909449105 ] } },
{ "type": "Feature", "properties": { "Name": "AU158-T2-S1-2009-00" }, "geometry": { "type": "Point", "coordinates": [ -62.832828698, -31.903378221 ] } },
{ "type": "Feature", "properties": { "Name": "AU158-T2-S1-2008-00" }, "geometry": { "type": "Point", "coordinates": [ -62.825442136, -31.898086924 ] } },
{ "type": "Feature", "properties": { "Name": "AU158-T2-S1-2007-00" }, "geometry": { "type": "Point", "coordinates": [ -62.821247074, -31.894727397 ] } },
{ "type": "Feature", "properties": { "Name": "AU158-T2-S1-2006-00" }, "geometry": { "type": "Point", "coordinates": [ -62.81674667, -31.891968933 ] } },
{ "type": "Feature", "properties": { "Name": "AU158-T2-S1-2005-00" }, "geometry": { "type": "Point", "coordinates": [ -62.811711634, -31.892092063 ] } },
{ "type": "Feature", "properties": { "Name": "AU158-T2-S1-2004-00" }, "geometry": { "type": "Point", "coordinates": [ -62.81460345, -31.889628408 ] } },
{ "type": "Feature", "properties": { "Name": "AU158-T2-S1-2003-00" }, "geometry": { "type": "Point", "coordinates": [ -62.81919991, -31.888313851 ] } },
{ "type": "Feature", "properties": { "Name": "AU158-T2-S1-2002-00" }, "geometry": { "type": "Point", "coordinates": [ -62.809824233, -31.886895755 ] } },
{ "type": "Feature", "properties": { "Name": "AU158-T2-S1-2001-00" }, "geometry": { "type": "Point", "coordinates": [ -62.799321797, -31.879367312 ] } },
{ "type": "Feature", "properties": { "Name": "AU158-T2-S1-2056-00" }, "geometry": { "type": "Point", "coordinates": [ -63.068982673, -32.073342245 ] } },
{ "type": "Feature", "properties": { "Name": "AU158-T2-S1-2055-00" }, "geometry": { "type": "Point", "coordinates": [ -63.058356482, -32.066435499 ] } },
{ "type": "Feature", "properties": { "Name": "AU158-T2-S1-2054-00" }, "geometry": { "type": "Point", "coordinates": [ -63.052279551, -32.062485732 ] } },
{ "type": "Feature", "properties": { "Name": "AU158-T2-S2-2103-00" }, "geometry": { "type": "Point", "coordinates": [ -63.207800768, -32.338153988 ] } },
{ "type": "Feature", "properties": { "Name": "AU158-T2-S2-2102-00" }, "geometry": { "type": "Point", "coordinates": [ -63.206187993, -32.337096437 ] } },
{ "type": "Feature", "properties": { "Name": "AU158-T2-S2-2101-00" }, "geometry": { "type": "Point", "coordinates": [ -63.203187413, -32.330164165 ] } },
{ "type": "Feature", "properties": { "Name": "AU158-T2-S2-2100-00" }, "geometry": { "type": "Point", "coordinates": [ -63.201416045, -32.322929969 ] } },
{ "type": "Feature", "properties": { "Name": "AU158-T2-S2-2099-00" }, "geometry": { "type": "Point", "coordinates": [ -63.199645594, -32.315557455 ] } },
{ "type": "Feature", "properties": { "Name": "AU158-T2-S2-2098-00" }, "geometry": { "type": "Point", "coordinates": [ -63.199619855, -32.311232967 ] } },
{ "type": "Feature", "properties": { "Name": "AU158-T2-S2-2097-00" }, "geometry": { "type": "Point", "coordinates": [ -63.196392132, -32.310489114 ] } },
{ "type": "Feature", "properties": { "Name": "AU158-T2-S2-2096-00" }, "geometry": { "type": "Point", "coordinates": [ -63.196179349, -32.309967449 ] } },
{ "type": "Feature", "properties": { "Name": "AU158-T2-S2-2095-00" }, "geometry": { "type": "Point", "coordinates": [ -63.197600152, -32.30804689 ] } },
{ "type": "Feature", "properties": { "Name": "AU158-T2-S2-2094-00" }, "geometry": { "type": "Point", "coordinates": [ -63.192961845, -32.289056581 ] } },
{ "type": "Feature", "properties": { "Name": "AU158-T2-S2-2093-00" }, "geometry": { "type": "Point", "coordinates": [ -63.192120333, -32.28638303 ] } },
{ "type": "Feature", "properties": { "Name": "AU158-T2-S2-2092-00" }, "geometry": { "type": "Point", "coordinates": [ -63.189256307, -32.278397903 ] } },
{ "type": "Feature", "properties": { "Name": "AU158-T2-S2-2091-00" }, "geometry": { "type": "Point", "coordinates": [ -63.187518558, -32.272609468 ] } },
{ "type": "Feature", "properties": { "Name": "AU158-T2-S2-2090-00" }, "geometry": { "type": "Point", "coordinates": [ -63.183398029, -32.262255088 ] } },
{ "type": "Feature", "properties": { "Name": "AU158-T2-S2-2089-00" }, "geometry": { "type": "Point", "coordinates": [ -63.185130931, -32.259320777 ] } },
{ "type": "Feature", "properties": { "Name": "AU158-T2-S2-2088-00" }, "geometry": { "type": "Point", "coordinates": [ -63.181736308, -32.256892798 ] } },
{ "type": "Feature", "properties": { "Name": "AU158-T2-S2-2087-00" }, "geometry": { "type": "Point", "coordinates": [ -63.179392074, -32.246383904 ] } },
{ "type": "Feature", "properties": { "Name": "AU158-T2-S2-2086-00" }, "geometry": { "type": "Point", "coordinates": [ -63.1799966, -32.246168283 ] } },
{ "type": "Feature", "properties": { "Name": "AU158-T2-S2-2085-00" }, "geometry": { "type": "Point", "coordinates": [ -63.177115119, -32.234542879 ] } },
{ "type": "Feature", "properties": { "Name": "AU158-T2-S2-2084-00" }, "geometry": { "type": "Point", "coordinates": [ -63.175471676, -32.224698326 ] } },
{ "type": "Feature", "properties": { "Name": "AU158-T2-S2-2083-00" }, "geometry": { "type": "Point", "coordinates": [ -63.175297842, -32.220377982 ] } },
{ "type": "Feature", "properties": { "Name": "AU158-T2-S2-2082-00" }, "geometry": { "type": "Point", "coordinates": [ -63.177391888, -32.214828486 ] } },
{ "type": "Feature", "properties": { "Name": "AU158-T2-S2-2081-00" }, "geometry": { "type": "Point", "coordinates": [ -63.176862649, -32.207578169 ] } },
{ "type": "Feature", "properties": { "Name": "AU158-T2-S2-2080-00" }, "geometry": { "type": "Point", "coordinates": [ -63.178364389, -32.20094968 ] } },
{ "type": "Feature", "properties": { "Name": "AU158-T2-S2-2079-00" }, "geometry": { "type": "Point", "coordinates": [ -63.179024694, -32.187943851 ] } },
{ "type": "Feature", "properties": { "Name": "AU158-T2-S2-2078-00" }, "geometry": { "type": "Point", "coordinates": [ -63.180300139, -32.176305489 ] } },
{ "type": "Feature", "properties": { "Name": "AU158-T2-S2-2077-00" }, "geometry": { "type": "Point", "coordinates": [ -63.180294641, -32.164721797 ] } },
{ "type": "Feature", "properties": { "Name": "AU158-T2-S2-2076-00" }, "geometry": { "type": "Point", "coordinates": [ -63.175671175, -32.159832733 ] } },
{ "type": "Feature", "properties": { "Name": "AU158-T2-S2-2075-00" }, "geometry": { "type": "Point", "coordinates": [ -63.176674634, -32.159465267 ] } },
{ "type": "Feature", "properties": { "Name": "AU158-T2-S2-2074-00" }, "geometry": { "type": "Point", "coordinates": [ -63.172895106, -32.155960282 ] } },
{ "type": "Feature", "properties": { "Name": "AU158-T2-S2-2073-00" }, "geometry": { "type": "Point", "coordinates": [ -63.167319753, -32.152099482 ] } },
{ "type": "Feature", "properties": { "Name": "AU158-T2-S2-2072-00" }, "geometry": { "type": "Point", "coordinates": [ -63.162050676, -32.147636241 ] } },
{ "type": "Feature", "properties": { "Name": "AU158-T2-S2-2071-00" }, "geometry": { "type": "Point", "coordinates": [ -63.158119935, -32.144162194 ] } },
{ "type": "Feature", "properties": { "Name": "AU158-T2-S2-2070-00" }, "geometry": { "type": "Point", "coordinates": [ -63.149759274, -32.136740243 ] } },
{ "type": "Feature", "properties": { "Name": "AU158-T2-S2-2069-00" }, "geometry": { "type": "Point", "coordinates": [ -63.143964369, -32.130962418 ] } },
{ "type": "Feature", "properties": { "Name": "AU158-T2-S2-2068-00" }, "geometry": { "type": "Point", "coordinates": [ -63.141759399, -32.12967604 ] } },
{ "type": "Feature", "properties": { "Name": "AU158-T2-S2-2067-00" }, "geometry": { "type": "Point", "coordinates": [ -63.138504183, -32.126863344 ] } },
{ "type": "Feature", "properties": { "Name": "AU158-T2-S2-2066-00" }, "geometry": { "type": "Point", "coordinates": [ -63.134467878, -32.123375844 ] } },
{ "type": "Feature", "properties": { "Name": "AU158-T2-S2-2065-00" }, "geometry": { "type": "Point", "coordinates": [ -63.129896374, -32.119425934 ] } },
{ "type": "Feature", "properties": { "Name": "AU158-T2-S2-2064-00" }, "geometry": { "type": "Point", "coordinates": [ -63.126752004, -32.117194327 ] } },
{ "type": "Feature", "properties": { "Name": "AU158-T2-S2-2063-00" }, "geometry": { "type": "Point", "coordinates": [ -63.12022333, -32.111037689 ] } },
{ "type": "Feature", "properties": { "Name": "AU158-T2-S2-2062-00" }, "geometry": { "type": "Point", "coordinates": [ -63.112985245, -32.109813451 ] } },
{ "type": "Feature", "properties": { "Name": "AU158-T2-S2-2061-00" }, "geometry": { "type": "Point", "coordinates": [ -63.116954468, -32.107735403 ] } },
{ "type": "Feature", "properties": { "Name": "AU158-T2-S2-2060-00" }, "geometry": { "type": "Point", "coordinates": [ -63.105243216, -32.098116684 ] } },
{ "type": "Feature", "properties": { "Name": "AU158-T2-S2-2059-00" }, "geometry": { "type": "Point", "coordinates": [ -63.087218286, -32.085184516 ] } },
{ "type": "Feature", "properties": { "Name": "AU158-T2-S2-2058-00" }, "geometry": { "type": "Point", "coordinates": [ -63.073822083, -32.079946943 ] } },
{ "type": "Feature", "properties": { "Name": "AU158-T2-S2-2057-00" }, "geometry": { "type": "Point", "coordinates": [ -63.079949833, -32.078196285 ] } },
{ "type": "Feature", "properties": { "Name": "AU158-T2-S2-2109-00" }, "geometry": { "type": "Point", "coordinates": [ -63.229416616, -32.35377244 ] } },
{ "type": "Feature", "properties": { "Name": "AU158-T2-S2-2108-00" }, "geometry": { "type": "Point", "coordinates": [ -63.224854124, -32.350408927 ] } },
{ "type": "Feature", "properties": { "Name": "AU158-T2-S2-2107-00" }, "geometry": { "type": "Point", "coordinates": [ -63.222039001, -32.348781126 ] } },
{ "type": "Feature", "properties": { "Name": "AU158-T2-S2-2106-00" }, "geometry": { "type": "Point", "coordinates": [ -63.218851753, -32.346538896 ] } },
{ "type": "Feature", "properties": { "Name": "AU158-T2-S2-2105-00" }, "geometry": { "type": "Point", "coordinates": [ -63.215956908, -32.344424844 ] } },
{ "type": "Feature", "properties": { "Name": "AU158-T2-S2-2104-00" }, "geometry": { "type": "Point", "coordinates": [ -63.211273512, -32.341640002 ] } },
{ "type": "Feature", "properties": { "Name": "AU158-T4-S1-4048-00" }, "geometry": { "type": "Point", "coordinates": [ -63.930935853, -32.897339125 ] } },
{ "type": "Feature", "properties": { "Name": "AU158-T4-S2-4095-00" }, "geometry": { "type": "Point", "coordinates": [ -64.233237109, -33.121171166 ] } },
{ "type": "Feature", "properties": { "Name": "AU158-T4-S2-4094-00" }, "geometry": { "type": "Point", "coordinates": [ -64.223476963, -33.114338473 ] } },
{ "type": "Feature", "properties": { "Name": "AU158-T4-S2-4093-00" }, "geometry": { "type": "Point", "coordinates": [ -64.204771088, -33.101242973 ] } },
{ "type": "Feature", "properties": { "Name": "AU158-T4-S2-4092-00" }, "geometry": { "type": "Point", "coordinates": [ -64.194165296, -33.094844051 ] } },
{ "type": "Feature", "properties": { "Name": "AU158-T4-S2-4091-00" }, "geometry": { "type": "Point", "coordinates": [ -64.195354506, -33.093273208 ] } },
{ "type": "Feature", "properties": { "Name": "AU158-T4-S2-4090-00" }, "geometry": { "type": "Point", "coordinates": [ -64.189590447, -33.090693132 ] } },
{ "type": "Feature", "properties": { "Name": "AU158-T4-S2-4089-00" }, "geometry": { "type": "Point", "coordinates": [ -64.180570702, -33.084288452 ] } },
{ "type": "Feature", "properties": { "Name": "AU158-T4-S2-4088-00" }, "geometry": { "type": "Point", "coordinates": [ -64.170673368, -33.078005051 ] } },
{ "type": "Feature", "properties": { "Name": "AU158-T4-S2-4087-00" }, "geometry": { "type": "Point", "coordinates": [ -64.160346368, -33.071793105 ] } },
{ "type": "Feature", "properties": { "Name": "AU158-T4-S2-4086-00" }, "geometry": { "type": "Point", "coordinates": [ -64.154686129, -33.068995355 ] } },
{ "type": "Feature", "properties": { "Name": "AU158-T4-S2-4085-00" }, "geometry": { "type": "Point", "coordinates": [ -64.154785003, -33.068448949 ] } },
{ "type": "Feature", "properties": { "Name": "AU158-T4-S2-4084-00" }, "geometry": { "type": "Point", "coordinates": [ -64.152275891, -33.0669373 ] } },
{ "type": "Feature", "properties": { "Name": "AU158-T4-S2-4083-00" }, "geometry": { "type": "Point", "coordinates": [ -64.146248752, -33.063309949 ] } },
{ "type": "Feature", "properties": { "Name": "AU158-T4-S2-4082-00" }, "geometry": { "type": "Point", "coordinates": [ -64.139750885, -33.059399123 ] } },
{ "type": "Feature", "properties": { "Name": "AU158-T4-S2-4081-00" }, "geometry": { "type": "Point", "coordinates": [ -64.132426846, -33.054834992 ] } },
{ "type": "Feature", "properties": { "Name": "AU158-T4-S2-4080-00" }, "geometry": { "type": "Point", "coordinates": [ -64.128414878, -33.052440468 ] } },
{ "type": "Feature", "properties": { "Name": "AU158-T4-S2-4079-00" }, "geometry": { "type": "Point", "coordinates": [ -64.124218154, -33.050046327 ] } },
{ "type": "Feature", "properties": { "Name": "AU158-T4-S2-4078-00" }, "geometry": { "type": "Point", "coordinates": [ -64.120147065, -33.048137027 ] } },
{ "type": "Feature", "properties": { "Name": "AU158-T4-S2-4077-00" }, "geometry": { "type": "Point", "coordinates": [ -64.116887729, -33.045631058 ] } },
{ "type": "Feature", "properties": { "Name": "AU158-T4-S2-4076-00" }, "geometry": { "type": "Point", "coordinates": [ -64.105763352, -33.038883691 ] } },
{ "type": "Feature", "properties": { "Name": "AU158-T4-S2-4075-00" }, "geometry": { "type": "Point", "coordinates": [ -64.098394612, -33.032654921 ] } },
{ "type": "Feature", "properties": { "Name": "AU158-T4-S2-4074-00" }, "geometry": { "type": "Point", "coordinates": [ -64.093913427, -33.028418469 ] } },
{ "type": "Feature", "properties": { "Name": "AU158-T4-S2-4073-00" }, "geometry": { "type": "Point", "coordinates": [ -64.09123104, -33.026292006 ] } },
{ "type": "Feature", "properties": { "Name": "AU158-T4-S2-4072-00" }, "geometry": { "type": "Point", "coordinates": [ -64.08766814, -33.02387686 ] } },
{ "type": "Feature", "properties": { "Name": "AU158-T4-S2-4071-00" }, "geometry": { "type": "Point", "coordinates": [ -64.086116755, -33.021749332 ] } },
{ "type": "Feature", "properties": { "Name": "AU158-T4-S2-4070-00" }, "geometry": { "type": "Point", "coordinates": [ -64.08308408, -33.018726353 ] } },
{ "type": "Feature", "properties": { "Name": "AU158-T4-S2-4102-00" }, "geometry": { "type": "Point", "coordinates": [ -64.232327494, -33.136826113 ] } },
{ "type": "Feature", "properties": { "Name": "AU158-T4-S2-4101-00" }, "geometry": { "type": "Point", "coordinates": [ -64.234403982, -33.136331513 ] } },
{ "type": "Feature", "properties": { "Name": "AU158-T4-S2-4100-00" }, "geometry": { "type": "Point", "coordinates": [ -64.239811302, -33.134804808 ] } },
{ "type": "Feature", "properties": { "Name": "AU158-T4-S2-4099-00" }, "geometry": { "type": "Point", "coordinates": [ -64.248231205, -33.131277186 ] } },
{ "type": "Feature", "properties": { "Name": "AU158-T4-S2-4098-00" }, "geometry": { "type": "Point", "coordinates": [ -64.254638553, -33.127951016 ] } },
{ "type": "Feature", "properties": { "Name": "AU158-T4-S2-4097-00" }, "geometry": { "type": "Point", "coordinates": [ -64.258009971, -33.126746077 ] } },
{ "type": "Feature", "properties": { "Name": "AU158-T4-S2-4096-00" }, "geometry": { "type": "Point", "coordinates": [ -64.259425457, -33.125937041 ] } },
{ "type": "Feature", "properties": { "Name": "AU158-T4-S1-4064-00" }, "geometry": { "type": "Point", "coordinates": [ -64.040324681, -32.987898369 ] } },
{ "type": "Feature", "properties": { "Name": "AU158-T4-S1-4063-00" }, "geometry": { "type": "Point", "coordinates": [ -64.03153066, -32.982756299 ] } },
{ "type": "Feature", "properties": { "Name": "AU158-T4-S1-4062-00" }, "geometry": { "type": "Point", "coordinates": [ -64.024720536, -32.978774195 ] } },
{ "type": "Feature", "properties": { "Name": "AU158-T4-S1-4061-00" }, "geometry": { "type": "Point", "coordinates": [ -64.015395463, -32.973321675 ] } },
{ "type": "Feature", "properties": { "Name": "AU158-T4-S1-4060-00" }, "geometry": { "type": "Point", "coordinates": [ -64.007256026, -32.969144488 ] } },
{ "type": "Feature", "properties": { "Name": "AU158-T4-S1-4059-00" }, "geometry": { "type": "Point", "coordinates": [ -63.997914424, -32.963084032 ] } },
{ "type": "Feature", "properties": { "Name": "AU158-T4-S1-4058-00" }, "geometry": { "type": "Point", "coordinates": [ -63.985539628, -32.95167121 ] } },
{ "type": "Feature", "properties": { "Name": "AU158-T4-S1-4057-00" }, "geometry": { "type": "Point", "coordinates": [ -63.97745271, -32.943613177 ] } },
{ "type": "Feature", "properties": { "Name": "AU158-T4-S1-4056-00" }, "geometry": { "type": "Point", "coordinates": [ -63.973226182, -32.939498255 ] } },
{ "type": "Feature", "properties": { "Name": "AU158-T4-S1-4055-00" }, "geometry": { "type": "Point", "coordinates": [ -63.9644961, -32.930702874 ] } },
{ "type": "Feature", "properties": { "Name": "AU158-T4-S1-4054-00" }, "geometry": { "type": "Point", "coordinates": [ -63.956643712, -32.92903661 ] } },
{ "type": "Feature", "properties": { "Name": "AU158-T4-S1-4053-00" }, "geometry": { "type": "Point", "coordinates": [ -63.960455248, -32.926310497 ] } },
{ "type": "Feature", "properties": { "Name": "AU158-T4-S1-4052-00" }, "geometry": { "type": "Point", "coordinates": [ -63.952157073, -32.918398014 ] } },
{ "type": "Feature", "properties": { "Name": "AU158-T4-S1-4051-00" }, "geometry": { "type": "Point", "coordinates": [ -63.944051772, -32.910312176 ] } },
{ "type": "Feature", "properties": { "Name": "AU158-T4-S1-4050-00" }, "geometry": { "type": "Point", "coordinates": [ -63.93909835, -32.904560682 ] } },
{ "type": "Feature", "properties": { "Name": "AU158-T4-S1-4049-00" }, "geometry": { "type": "Point", "coordinates": [ -63.935264379, -32.901545625 ] } },
{ "type": "Feature", "properties": { "Name": "AU158-T4-S1-4047-00" }, "geometry": { "type": "Point", "coordinates": [ -63.926787017, -32.892879546 ] } },
{ "type": "Feature", "properties": { "Name": "AU158-T4-S1-4046-00" }, "geometry": { "type": "Point", "coordinates": [ -63.923773078, -32.890081753 ] } },
{ "type": "Feature", "properties": { "Name": "AU158-T4-S1-4045-00" }, "geometry": { "type": "Point", "coordinates": [ -63.916261397, -32.884204281 ] } },
{ "type": "Feature", "properties": { "Name": "AU158-T4-S1-4044-00" }, "geometry": { "type": "Point", "coordinates": [ -63.910595459, -32.881322623 ] } },
{ "type": "Feature", "properties": { "Name": "AU158-T4-S1-4043-00" }, "geometry": { "type": "Point", "coordinates": [ -63.906425447, -32.879034886 ] } },
{ "type": "Feature", "properties": { "Name": "AU158-T4-S1-4042-00" }, "geometry": { "type": "Point", "coordinates": [ -63.902275574, -32.877106986 ] } },
{ "type": "Feature", "properties": { "Name": "AU158-T4-S1-4041-00" }, "geometry": { "type": "Point", "coordinates": [ -63.898735086, -32.875726566 ] } },
{ "type": "Feature", "properties": { "Name": "AU158-T4-S1-4040-00" }, "geometry": { "type": "Point", "coordinates": [ -63.896376088, -32.874117708 ] } },
{ "type": "Feature", "properties": { "Name": "AU158-T4-S1-4039-00" }, "geometry": { "type": "Point", "coordinates": [ -63.891391039, -32.871591809 ] } },
{ "type": "Feature", "properties": { "Name": "AU158-T4-S1-4038-00" }, "geometry": { "type": "Point", "coordinates": [ -63.887735124, -32.869537766 ] } },
{ "type": "Feature", "properties": { "Name": "AU158-T4-S1-4037-00" }, "geometry": { "type": "Point", "coordinates": [ -63.883096328, -32.86791146 ] } },
{ "type": "Feature", "properties": { "Name": "AU158-T4-S1-4036-00" }, "geometry": { "type": "Point", "coordinates": [ -63.879425657, -32.865547373 ] } },
{ "type": "Feature", "properties": { "Name": "AU158-T4-S1-4035-00" }, "geometry": { "type": "Point", "coordinates": [ -63.872895979, -32.862210467 ] } },
{ "type": "Feature", "properties": { "Name": "AU158-T4-S1-4034-00" }, "geometry": { "type": "Point", "coordinates": [ -63.87072931, -32.86112517 ] } },
{ "type": "Feature", "properties": { "Name": "AU158-T4-S1-4033-00" }, "geometry": { "type": "Point", "coordinates": [ -63.868639778, -32.860223155 ] } },
{ "type": "Feature", "properties": { "Name": "AU158-T4-S1-4032-00" }, "geometry": { "type": "Point", "coordinates": [ -63.864229556, -32.857817869 ] } },
{ "type": "Feature", "properties": { "Name": "AU158-T4-S1-4031-00" }, "geometry": { "type": "Point", "coordinates": [ -63.85841017, -32.854865555 ] } },
{ "type": "Feature", "properties": { "Name": "AU158-T4-S1-4030-00" }, "geometry": { "type": "Point", "coordinates": [ -63.850828577, -32.85101917 ] } },
{ "type": "Feature", "properties": { "Name": "AU158-T4-S1-4029-00" }, "geometry": { "type": "Point", "coordinates": [ -63.845323583, -32.84822637 ] } },
{ "type": "Feature", "properties": { "Name": "AU158-T4-S1-4028-00" }, "geometry": { "type": "Point", "coordinates": [ -63.837844272, -32.844431849 ] } },
{ "type": "Feature", "properties": { "Name": "AU158-T4-S1-4027-00" }, "geometry": { "type": "Point", "coordinates": [ -63.835456141, -32.843823887 ] } },
{ "type": "Feature", "properties": { "Name": "AU158-T4-S1-4026-00" }, "geometry": { "type": "Point", "coordinates": [ -63.830030393, -32.840098056 ] } },
{ "type": "Feature", "properties": { "Name": "AU158-T4-S1-4025-00" }, "geometry": { "type": "Point", "coordinates": [ -63.834528715, -32.837848899 ] } },
{ "type": "Feature", "properties": { "Name": "AU158-T4-S1-4024-00" }, "geometry": { "type": "Point", "coordinates": [ -63.831221097, -32.837610459 ] } },
{ "type": "Feature", "properties": { "Name": "AU158-T4-S1-4023-00" }, "geometry": { "type": "Point", "coordinates": [ -63.818721496, -32.834724879 ] } },
{ "type": "Feature", "properties": { "Name": "AU158-T4-S1-4022-00" }, "geometry": { "type": "Point", "coordinates": [ -63.815375295, -32.832397949 ] } },
{ "type": "Feature", "properties": { "Name": "AU158-T4-S1-4021-00" }, "geometry": { "type": "Point", "coordinates": [ -63.81402536, -32.831961184 ] } },
{ "type": "Feature", "properties": { "Name": "AU158-T4-S1-4020-00" }, "geometry": { "type": "Point", "coordinates": [ -63.81232562, -32.831127915 ] } },
{ "type": "Feature", "properties": { "Name": "AU158-T4-S1-4019-00" }, "geometry": { "type": "Point", "coordinates": [ -63.809946929, -32.829191903 ] } },
{ "type": "Feature", "properties": { "Name": "AU158-T4-S1-4018-00" }, "geometry": { "type": "Point", "coordinates": [ -63.807915002, -32.827075897 ] } },
{ "type": "Feature", "properties": { "Name": "AU158-T4-S1-4017-00" }, "geometry": { "type": "Point", "coordinates": [ -63.806321387, -32.825670822 ] } },
{ "type": "Feature", "properties": { "Name": "AU158-T4-S1-4016-00" }, "geometry": { "type": "Point", "coordinates": [ -63.80474529, -32.82258675 ] } },
{ "type": "Feature", "properties": { "Name": "AU158-T4-S1-4015-00" }, "geometry": { "type": "Point", "coordinates": [ -63.802582179, -32.820051787 ] } },
{ "type": "Feature", "properties": { "Name": "AU158-T4-S1-4014-00" }, "geometry": { "type": "Point", "coordinates": [ -63.800148545, -32.816046652 ] } },
{ "type": "Feature", "properties": { "Name": "AU158-T4-S1-4013-00" }, "geometry": { "type": "Point", "coordinates": [ -63.798525604, -32.81466655 ] } },
{ "type": "Feature", "properties": { "Name": "AU158-T4-S1-4012-00" }, "geometry": { "type": "Point", "coordinates": [ -63.79727576, -32.813717887 ] } },
{ "type": "Feature", "properties": { "Name": "AU158-T4-S1-4011-00" }, "geometry": { "type": "Point", "coordinates": [ -63.790794797, -32.81005701 ] } },
{ "type": "Feature", "properties": { "Name": "AU158-T4-S1-4010-00" }, "geometry": { "type": "Point", "coordinates": [ -63.793964394, -32.810172911 ] } },
{ "type": "Feature", "properties": { "Name": "AU158-T4-S1-4009-00" }, "geometry": { "type": "Point", "coordinates": [ -63.795762586, -32.810493615 ] } },
{ "type": "Feature", "properties": { "Name": "AU158-T4-S1-4008-00" }, "geometry": { "type": "Point", "coordinates": [ -63.79725731, -32.80930311 ] } },
{ "type": "Feature", "properties": { "Name": "AU158-T4-S1-4007-00" }, "geometry": { "type": "Point", "coordinates": [ -63.798904549, -32.80867343 ] } },
{ "type": "Feature", "properties": { "Name": "AU158-T4-S1-4006-00" }, "geometry": { "type": "Point", "coordinates": [ -63.799976987, -32.808401989 ] } },
{ "type": "Feature", "properties": { "Name": "AU158-T4-S1-4005-00" }, "geometry": { "type": "Point", "coordinates": [ -63.793569367, -32.807654265 ] } },
{ "type": "Feature", "properties": { "Name": "AU158-T4-S1-4004-00" }, "geometry": { "type": "Point", "coordinates": [ -63.786264442, -32.800641323 ] } },
{ "type": "Feature", "properties": { "Name": "AU158-T4-S1-4003-00" }, "geometry": { "type": "Point", "coordinates": [ -63.775876153, -32.791587468 ] } },
{ "type": "Feature", "properties": { "Name": "AU158-T4-S1-4002-00" }, "geometry": { "type": "Point", "coordinates": [ -63.773097144, -32.789486418 ] } },
{ "type": "Feature", "properties": { "Name": "AU158-T4-S1-4001-00" }, "geometry": { "type": "Point", "coordinates": [ -63.769067587, -32.786072682 ] } },
{ "type": "Feature", "properties": { "Name": "AU158-T4-S1-4069-00" }, "geometry": { "type": "Point", "coordinates": [ -64.076130366, -33.012809232 ] } },
{ "type": "Feature", "properties": { "Name": "AU158-T4-S1-4068-00" }, "geometry": { "type": "Point", "coordinates": [ -64.068979409, -33.006537017 ] } },
{ "type": "Feature", "properties": { "Name": "AU158-T4-S1-4067-00" }, "geometry": { "type": "Point", "coordinates": [ -64.063249365, -33.001559362 ] } },
{ "type": "Feature", "properties": { "Name": "AU158-T4-S1-4066-00" }, "geometry": { "type": "Point", "coordinates": [ -64.053029054, -32.995327294 ] } },
{ "type": "Feature", "properties": { "Name": "AU158-T4-S1-4065-00" }, "geometry": { "type": "Point", "coordinates": [ -64.044435937, -32.990564699 ] } },
{ "type": "Feature", "properties": { "Name": "Ex Prov 84163/2004 DGC" }, "geometry": { "type": "Point", "coordinates": [ -63.238936229, -32.378340228 ] } },
{ "type": "Feature", "properties": { "Name": "PATRIMONIO 1093" }, "geometry": { "type": "Point", "coordinates": [ -63.32897514, -33.390036218 ] } },
{ "type": "Feature", "properties": { "Name": "PATRIMONIO 1094" }, "geometry": { "type": "Point", "coordinates": [ -63.328605788, -33.391660845 ] } },
{ "type": "Feature", "properties": { "Name": "CARPETA 1082" }, "geometry": { "type": "Point", "coordinates": [ -63.281017049, -33.397420658 ] } },
{ "type": "Feature", "properties": { "Name": "CARPETA 1081" }, "geometry": { "type": "Point", "coordinates": [ -63.269925822, -33.398706181 ] } },
{ "type": "Feature", "properties": { "Name": "CARPETA 1083" }, "geometry": { "type": "Point", "coordinates": [ -63.289136824, -33.396283973 ] } },
{ "type": "Feature", "properties": { "Name": "CARPETA 1085" }, "geometry": { "type": "Point", "coordinates": [ -63.296300121, -33.393225322 ] } },
{ "type": "Feature", "properties": { "Name": "CARPETA 1084" }, "geometry": { "type": "Point", "coordinates": [ -63.284016262, -33.39547385 ] } },
{ "type": "Feature", "properties": { "Name": "CARPETA 1086" }, "geometry": { "type": "Point", "coordinates": [ -63.304968902, -33.394536254 ] } },
{ "type": "Feature", "properties": { "Name": "CARPETA 1087" }, "geometry": { "type": "Point", "coordinates": [ -63.305720196, -33.394103247 ] } },
{ "type": "Feature", "properties": { "Name": "CARPETA 1089" }, "geometry": { "type": "Point", "coordinates": [ -63.306121852, -33.393003766 ] } },
{ "type": "Feature", "properties": { "Name": "CARPETA 1091" }, "geometry": { "type": "Point", "coordinates": [ -63.311936208, -33.392147339 ] } },
{ "type": "Feature", "properties": { "Name": "PATRIMONIO 1092" }, "geometry": { "type": "Point", "coordinates": [ -63.319915035, -33.39267291 ] } },
{ "type": "Feature", "properties": { "Name": "CARPETA 1088" }, "geometry": { "type": "Point", "coordinates": [ -63.30678371, -33.393988924 ] } },
{ "type": "Feature", "properties": { "Name": "CARPETA 1090" }, "geometry": { "type": "Point", "coordinates": [ -63.309290004, -33.393671305 ] } },
{ "type": "Feature", "properties": { "Name": "PATRIMONIO 1095" }, "geometry": { "type": "Point", "coordinates": [ -63.337264187, -33.388575461 ] } },
{ "type": "Feature", "properties": { "Name": "PATRIMONIO 1096" }, "geometry": { "type": "Point", "coordinates": [ -63.338146073, -33.390751562 ] } },
{ "type": "Feature", "properties": { "Name": "PATRIMONIO 1098" }, "geometry": { "type": "Point", "coordinates": [ -63.35280833, -33.388865204 ] } },
{ "type": "Feature", "properties": { "Name": "PATRIMONIO 1097" }, "geometry": { "type": "Point", "coordinates": [ -63.35816897, -33.385399379 ] } },
{ "type": "Feature", "properties": { "Name": "PATRIMONIO 1105" }, "geometry": { "type": "Point", "coordinates": [ -63.372107055, -33.384536727 ] } },
{ "type": "Feature", "properties": { "Name": "PATRIMONIO 1104" }, "geometry": { "type": "Point", "coordinates": [ -63.374451582, -33.395989894 ] } },
{ "type": "Feature", "properties": { "Name": "PATRIMONIO 1103" }, "geometry": { "type": "Point", "coordinates": [ -63.371555946, -33.396054605 ] } },
{ "type": "Feature", "properties": { "Name": "PATRIMONIO 1102" }, "geometry": { "type": "Point", "coordinates": [ -63.368813446, -33.396072737 ] } },
{ "type": "Feature", "properties": { "Name": "PATRIMONIO 1101" }, "geometry": { "type": "Point", "coordinates": [ -63.366153559, -33.396535991 ] } },
{ "type": "Feature", "properties": { "Name": "PATRIMONIO 1100" }, "geometry": { "type": "Point", "coordinates": [ -63.363202604, -33.396281725 ] } },
{ "type": "Feature", "properties": { "Name": "PATRIMONIO 1099" }, "geometry": { "type": "Point", "coordinates": [ -63.359572225, -33.387971608 ] } },
{ "type": "Feature", "properties": { "Name": "PATRIMONIO 1109" }, "geometry": { "type": "Point", "coordinates": [ -63.406052567, -33.38510659 ] } },
{ "type": "Feature", "properties": { "Name": "PATRIMONIO 1108" }, "geometry": { "type": "Point", "coordinates": [ -63.396593401, -33.385769225 ] } },
{ "type": "Feature", "properties": { "Name": "PATRIMONIO 1107" }, "geometry": { "type": "Point", "coordinates": [ -63.384514299, -33.386139256 ] } },
{ "type": "Feature", "properties": { "Name": "PATRIMONIO 1106" }, "geometry": { "type": "Point", "coordinates": [ -63.39418079, -33.381249592 ] } },
{ "type": "Feature", "properties": { "Name": "CARPETA 7279" }, "geometry": { "type": "Point", "coordinates": [ -64.465531737, -31.301417719 ] } },
{ "type": "Feature", "properties": { "Name": "CARPETA 7183" }, "geometry": { "type": "Point", "coordinates": [ -64.465804379, -31.299030554 ] } },
{ "type": "Feature", "properties": { "Name": "CARPETA 11373" }, "geometry": { "type": "Point", "coordinates": [ -64.176429278, -31.313140479 ] } },
{ "type": "Feature", "properties": { "Name": "CARPETA 11371" }, "geometry": { "type": "Point", "coordinates": [ -64.175491965, -31.312836404 ] } },
{ "type": "Feature", "properties": { "Name": "CARPETA 11372" }, "geometry": { "type": "Point", "coordinates": [ -64.175872644, -31.312161107 ] } },
{ "type": "Feature", "properties": { "Name": "CARPETA 13087" }, "geometry": { "type": "Point", "coordinates": [ -64.245938893, -31.36582948 ] } },
{ "type": "Feature", "properties": { "Name": "PATRIMONIO 12001" }, "geometry": { "type": "Point", "coordinates": [ -64.132165872, -31.450625661 ] } },
{ "type": "Feature", "properties": { "Name": "PATRIMONIO 12747" }, "geometry": { "type": "Point", "coordinates": [ -64.122926865, -31.404348174 ] } },
{ "type": "Feature", "properties": { "Name": "PATRIMONIO3205" }, "geometry": { "type": "Point", "coordinates": [ -63.411426868, -31.388805743 ] } },
{ "type": "Feature", "properties": { "Name": "PATRIMONIO3206" }, "geometry": { "type": "Point", "coordinates": [ -63.411836744, -31.388767788 ] } },
{ "type": "Feature", "properties": { "Name": "CARPETA 120" }, "geometry": { "type": "Point", "coordinates": [ -65.10790107, -33.877366615 ] } },
{ "type": "Feature", "properties": { "Name": "PATRI-11011" }, "geometry": { "type": "Point", "coordinates": [ -64.082426405, -30.970337381 ] } },
{ "type": "Feature", "properties": { "Name": "PATRI-11012" }, "geometry": { "type": "Point", "coordinates": [ -64.083122904, -30.974494586 ] } },
{ "type": "Feature", "properties": { "Name": "P-RN8-1133" }, "geometry": { "type": "Point", "coordinates": [ -63.75964522, -33.261438122 ] } },
{ "type": "Feature", "properties": { "Name": "P-RN8-1133" }, "geometry": { "type": "Point", "coordinates": [ -63.760984476, -33.269097672 ] } },
{ "type": "Feature", "properties": { "Name": "PATRIMONIO 2226" }, "geometry": { "type": "Point", "coordinates": [ -62.317613539, -32.647381165 ] } },
{ "type": "Feature", "properties": { "Name": "PATRIMONIO 2055" }, "geometry": { "type": "Point", "coordinates": [ -62.319183081, -32.652546584 ] } },
{ "type": "Feature", "properties": { "Name": "PATRIMONIO 71" }, "geometry": { "type": "Point", "coordinates": [ -63.751176796, -34.073608592 ] } },
{ "type": "Feature", "properties": { "Name": "PATRIMONIO 70" }, "geometry": { "type": "Point", "coordinates": [ -63.738196317, -34.078852546 ] } },
{ "type": "Feature", "properties": { "Name": "PATRIMONIO 72" }, "geometry": { "type": "Point", "coordinates": [ -63.746609694, -34.078723917 ] } },
{ "type": "Feature", "properties": { "Name": "PATRIMONIO 69" }, "geometry": { "type": "Point", "coordinates": [ -63.739600331, -34.080174478 ] } },
{ "type": "Feature", "properties": { "Name": "AU158-T3-S2-0373-00" }, "geometry": { "type": "Point", "coordinates": [ -63.716853459, -32.751035618 ] } },
{ "type": "Feature", "properties": { "Name": "carpeta 1224" }, "geometry": { "type": "Point", "coordinates": [ -64.336611325, -33.151339578 ] } },
{ "type": "Feature", "properties": { "Name": "carpeta 12155" }, "geometry": { "type": "Point", "coordinates": [ -64.203036593, -31.468894201 ] } },
{ "type": "Feature", "properties": { "Name": "carpeta 12153" }, "geometry": { "type": "Point", "coordinates": [ -64.199406846, -31.465852877 ] } },
{ "type": "Feature", "properties": { "Name": "carpeta 12235" }, "geometry": { "type": "Point", "coordinates": [ -64.199725283, -31.467245163 ] } },
{ "type": "Feature", "properties": { "Name": "carpeta 12154" }, "geometry": { "type": "Point", "coordinates": [ -64.200360562, -31.467315782 ] } },
{ "type": "Feature", "properties": { "Name": "CARPETA 11031" }, "geometry": { "type": "Point", "coordinates": [ -64.047736971, -30.580878138 ] } },
{ "type": "Feature", "properties": { "Name": "CARPETA 3132" }, "geometry": { "type": "Point", "coordinates": [ -63.734041353, -31.293162157 ] } },
{ "type": "Feature", "properties": { "Name": "carpeta 1221" }, "geometry": { "type": "Point", "coordinates": [ -64.334831478, -33.153622778 ] } },
{ "type": "Feature", "properties": { "Name": "carpeta 1223" }, "geometry": { "type": "Point", "coordinates": [ -64.339867946, -33.153914478 ] } },
{ "type": "Feature", "properties": { "Name": "PATRIMONIO 11367" }, "geometry": { "type": "Point", "coordinates": [ -64.194656049, -31.252175707 ] } },
{ "type": "Feature", "properties": { "Name": "PATRIMONIO 11416" }, "geometry": { "type": "Point", "coordinates": [ -64.196323982, -31.340500946 ] } },
{ "type": "Feature", "properties": { "Name": "PATRIMONIO 11364" }, "geometry": { "type": "Point", "coordinates": [ -64.187883599, -31.253333127 ] } },
{ "type": "Feature", "properties": { "Name": "PATRIMONIO 11368" }, "geometry": { "type": "Point", "coordinates": [ -64.196310345, -31.257833371 ] } },
{ "type": "Feature", "properties": { "Name": "CARPETA 11392" }, "geometry": { "type": "Point", "coordinates": [ -64.188245202, -31.352331595 ] } },
{ "type": "Feature", "properties": { "Name": "CARPETA 11415" }, "geometry": { "type": "Point", "coordinates": [ -64.189857451, -31.352041073 ] } },
{ "type": "Feature", "properties": { "Name": "Patrimonio 3101" }, "geometry": { "type": "Point", "coordinates": [ -62.592688407, -31.405401937 ] } },
{ "type": "Feature", "properties": { "Name": "Patrimonio 3223" }, "geometry": { "type": "Point", "coordinates": [ -62.758378101, -31.387442863 ] } },
{ "type": "Feature", "properties": { "Name": "Patrimonio 3187" }, "geometry": { "type": "Point", "coordinates": [ -62.578996281, -31.40548797 ] } },
{ "type": "Feature", "properties": { "Name": "Patrimonio 3196" }, "geometry": { "type": "Point", "coordinates": [ -62.676174272, -31.404512038 ] } },
{ "type": "Feature", "properties": { "Name": "P-RN19-3234" }, "geometry": { "type": "Point", "coordinates": [ -62.137873217, -31.423444415 ] } },
{ "type": "Feature", "properties": { "Name": "CARPETA 12074" }, "geometry": { "type": "Point", "coordinates": [ -64.137795478, -31.456145169 ] } },
{ "type": "Feature", "properties": { "Name": "CARPETA 12075" }, "geometry": { "type": "Point", "coordinates": [ -64.139934761, -31.453571575 ] } },
{ "type": "Feature", "properties": { "Name": "PATRIMONIO 3029" }, "geometry": { "type": "Point", "coordinates": [ -64.116118645, -31.396510997 ] } },
{ "type": "Feature", "properties": { "Name": "T-AU19-20'" }, "geometry": { "type": "Point", "coordinates": [ -62.140805306, -31.455409664 ] } },
{ "type": "Feature", "properties": { "Name": "T-AU19-25" }, "geometry": { "type": "Point", "coordinates": [ -62.145022614, -31.460486676 ] } },
{ "type": "Feature", "properties": { "Name": "T-AU19-21" }, "geometry": { "type": "Point", "coordinates": [ -62.138387611, -31.459298896 ] } },
{ "type": "Feature", "properties": { "Name": "T-AU19-22" }, "geometry": { "type": "Point", "coordinates": [ -62.138312782, -31.461373874 ] } },
{ "type": "Feature", "properties": { "Name": "T-AU19-17'" }, "geometry": { "type": "Point", "coordinates": [ -62.133541482, -31.459943375 ] } },
{ "type": "Feature", "properties": { "Name": "T-AU19-23" }, "geometry": { "type": "Point", "coordinates": [ -62.135865244, -31.462557176 ] } },
{ "type": "Feature", "properties": { "Name": "T-AU19-16'" }, "geometry": { "type": "Point", "coordinates": [ -62.128573725, -31.459184579 ] } },
{ "type": "Feature", "properties": { "Name": "T-AU19-15'" }, "geometry": { "type": "Point", "coordinates": [ -62.129444276, -31.464339431 ] } },
{ "type": "Feature", "properties": { "Name": "T-AU19-13'" }, "geometry": { "type": "Point", "coordinates": [ -62.122874818, -31.46436931 ] } },
{ "type": "Feature", "properties": { "Name": "T-AU19-14" }, "geometry": { "type": "Point", "coordinates": [ -62.122598542, -31.461021687 ] } },
{ "type": "Feature", "properties": { "Name": "T-AU19-12" }, "geometry": { "type": "Point", "coordinates": [ -62.117098968, -31.464886413 ] } },
{ "type": "Feature", "properties": { "Name": "T-AU19-11" }, "geometry": { "type": "Point", "coordinates": [ -62.110538769, -31.466016704 ] } },
{ "type": "Feature", "properties": { "Name": "T-AU19-10" }, "geometry": { "type": "Point", "coordinates": [ -62.104671989, -31.466861722 ] } },
{ "type": "Feature", "properties": { "Name": "T-AU19-9" }, "geometry": { "type": "Point", "coordinates": [ -62.098695066, -31.467656988 ] } },
{ "type": "Feature", "properties": { "Name": "T-AU19-8" }, "geometry": { "type": "Point", "coordinates": [ -62.095176788, -31.468347287 ] } },
{ "type": "Feature", "properties": { "Name": "T-AU19-7" }, "geometry": { "type": "Point", "coordinates": [ -62.092892111, -31.468768537 ] } },
{ "type": "Feature", "properties": { "Name": "T-AU19-6" }, "geometry": { "type": "Point", "coordinates": [ -62.091370704, -31.468990495 ] } },
{ "type": "Feature", "properties": { "Name": "T-AU19-5" }, "geometry": { "type": "Point", "coordinates": [ -62.08984929, -31.469212435 ] } },
{ "type": "Feature", "properties": { "Name": "T-AU19-4" }, "geometry": { "type": "Point", "coordinates": [ -62.087666904, -31.4692765 ] } },
{ "type": "Feature", "properties": { "Name": "T-AU19-3" }, "geometry": { "type": "Point", "coordinates": [ -62.084707294, -31.469736651 ] } },
{ "type": "Feature", "properties": { "Name": "T-AU19-2" }, "geometry": { "type": "Point", "coordinates": [ -62.08133969, -31.46982056 ] } },
{ "type": "Feature", "properties": { "Name": "T-AU19-1'" }, "geometry": { "type": "Point", "coordinates": [ -62.084472589, -31.467002141 ] } },
{ "type": "Feature", "properties": { "Name": "T-AU19-18'" }, "geometry": { "type": "Point", "coordinates": [ -62.129697441, -31.453840323 ] } },
{ "type": "Feature", "properties": { "Name": "T-AU19-19" }, "geometry": { "type": "Point", "coordinates": [ -62.12927644, -31.453184041 ] } },
{ "type": "Feature", "properties": { "Name": "T-AU19-24" }, "geometry": { "type": "Point", "coordinates": [ -62.136784044, -31.466895685 ] } },
{ "type": "Feature", "properties": { "Name": "T-AU19-26" }, "geometry": { "type": "Point", "coordinates": [ -62.140322035, -31.466813815 ] } },
{ "type": "Feature", "properties": { "Name": "T-AU19-27" }, "geometry": { "type": "Point", "coordinates": [ -62.141472397, -31.468203635 ] } },
{ "type": "Feature", "properties": { "Name": "T-AU19-28" }, "geometry": { "type": "Point", "coordinates": [ -62.141688204, -31.467074122 ] } },
{ "type": "Feature", "properties": { "Name": "T-AU09-63" }, "geometry": { "type": "Point", "coordinates": [ -63.364006124, -32.234828268 ] } },
{ "type": "Feature", "properties": { "Name": "CARPETA 8058" }, "geometry": { "type": "Point", "coordinates": [ -64.330529193, -30.439880866 ] } },
{ "type": "Feature", "properties": { "Name": "CARPETA 8057" }, "geometry": { "type": "Point", "coordinates": [ -64.331367256, -30.438910145 ] } },
{ "type": "Feature", "properties": { "Name": "CARPETA 8056" }, "geometry": { "type": "Point", "coordinates": [ -64.326940662, -30.443011387 ] } },
{ "type": "Feature", "properties": { "Name": "T-AU09-26-1" }, "geometry": { "type": "Point", "coordinates": [ -63.208705363, -32.38166618 ] } },
{ "type": "Feature", "properties": { "Name": "T-AU09-26-1" }, "geometry": { "type": "Point", "coordinates": [ -63.210007934, -32.382382892 ] } },
{ "type": "Feature", "properties": { "Name": "T-AU09-29-1" }, "geometry": { "type": "Point", "coordinates": [ -63.210761528, -32.379558254 ] } },
{ "type": "Feature", "properties": { "Name": "PATRIMONIO 1190" }, "geometry": { "type": "Point", "coordinates": [ -63.8694205, -33.197101628 ] } },
{ "type": "Feature", "properties": { "Name": "T-AU19-295 bis" }, "geometry": { "type": "Point", "coordinates": [ -63.626547312, -31.354936835 ] } },
{ "type": "Feature", "properties": { "Name": "CARPETA 12807" }, "geometry": { "type": "Point", "coordinates": [ -64.216068589, -31.355265382 ] } },
{ "type": "Feature", "properties": { "Name": "CARPETA 12807" }, "geometry": { "type": "Point", "coordinates": [ -64.208901267, -31.354077628 ] } },
{ "type": "Feature", "properties": { "Name": "CARPETA 12807" }, "geometry": { "type": "Point", "coordinates": [ -64.208076043, -31.355579337 ] } },
{ "type": "Feature", "properties": { "Name": "P-RN007-75" }, "geometry": { "type": "Point", "coordinates": [ -63.94445455, -34.039190283 ] } },
{ "type": "Feature", "properties": { "Name": "P-RN007-76" }, "geometry": { "type": "Point", "coordinates": [ -63.93457225, -34.035388008 ] } },
{ "type": "Feature", "properties": { "Name": "T-AU09-75d" }, "geometry": { "type": "Point", "coordinates": [ -62.684385063, -32.5979156 ] } },
{ "type": "Feature", "properties": { "Name": "CARPETA-2346" }, "geometry": { "type": "Point", "coordinates": [ -64.019295897, -31.492951495 ] } },
{ "type": "Feature", "properties": { "Name": "CARPETA-2370" }, "geometry": { "type": "Point", "coordinates": [ -64.089532043, -31.424999161 ] } },
{ "type": "Feature", "properties": { "Name": "carpeta 5008" }, "geometry": { "type": "Point", "coordinates": [ -64.426954207, -33.230637939 ] } },
{ "type": "Feature", "properties": { "Name": "CARPETA 6148" }, "geometry": { "type": "Point", "coordinates": [ -64.33984439, -33.08140244 ] } },
{ "type": "Feature", "properties": { "Name": "CARPETA 6147" }, "geometry": { "type": "Point", "coordinates": [ -64.339590989, -33.080263652 ] } },
{ "type": "Feature", "properties": { "Name": "CARPETA 6136" }, "geometry": { "type": "Point", "coordinates": [ -64.341375194, -33.079572575 ] } },
{ "type": "Feature", "properties": { "Name": "PATRIMONIO 11426" }, "geometry": { "type": "Point", "coordinates": [ -64.152979545, -31.194533822 ] } },
{ "type": "Feature", "properties": { "Name": "CARPETA 1214" }, "geometry": { "type": "Point", "coordinates": [ -64.310220864, -33.145197566 ] } },
{ "type": "Feature", "properties": { "Name": "CARPETA 1052" }, "geometry": { "type": "Point", "coordinates": [ -62.871388137, -33.532684178 ] } },
{ "type": "Feature", "properties": { "Name": "CARPETA 8094" }, "geometry": { "type": "Point", "coordinates": [ -64.414823497, -30.323464249 ] } },
{ "type": "Feature", "properties": { "Name": "CARPETA 8135" }, "geometry": { "type": "Point", "coordinates": [ -64.390950523, -30.35708379 ] } },
{ "type": "Feature", "properties": { "Name": "CARPETA 11046" }, "geometry": { "type": "Point", "coordinates": [ -64.001559395, -30.520934206 ] } },
{ "type": "Feature", "properties": { "Name": "CARPETA 11041" }, "geometry": { "type": "Point", "coordinates": [ -64.002673362, -30.525868546 ] } },
{ "type": "Feature", "properties": { "Name": "CARPETA 11044" }, "geometry": { "type": "Point", "coordinates": [ -64.000372627, -30.516895854 ] } },
{ "type": "Feature", "properties": { "Name": "CARPETA 11047" }, "geometry": { "type": "Point", "coordinates": [ -63.999378545, -30.511860506 ] } },
{ "type": "Feature", "properties": { "Name": "CARPETA 11043" }, "geometry": { "type": "Point", "coordinates": [ -64.003924378, -30.531759477 ] } },
{ "type": "Feature", "properties": { "Name": "CARPETA 11048" }, "geometry": { "type": "Point", "coordinates": [ -63.997397949, -30.503329471 ] } }
]
}
