{
"type": "FeatureCollection",
"name": "RN 007",
"features": [
{ "type": "Feature", "properties": { "Name": "432.45", "P.K.": null, "Al.Dist. Izq.": 65, "Al.Dist. Der.": 35, "Ruta": 7 }, "geometry": { "type": "Point", "coordinates": [ -62.787402, -34.262498 ] } },
{ "type": "Feature", "properties": { "Name": "432.51", "P.K.": null, "Al.Dist. Izq.": 65, "Al.Dist. Der.": 35, "Ruta": 7 }, "geometry": { "type": "Point", "coordinates": [ -62.7880384, -34.2622636 ] } },
{ "type": "Feature", "properties": { "Name": "432.62", "P.K.": null, "Al.Dist. Izq.": 65, "Al.Dist. Der.": 35, "Ruta": 7 }, "geometry": { "type": "Point", "coordinates": [ -62.789073, -34.2621156 ] } },
{ "type": "Feature", "properties": { "Name": "432.69", "P.K.": null, "Al.Dist. Izq.": 65, "Al.Dist. Der.": 35, "Ruta": 7 }, "geometry": { "type": "Point", "coordinates": [ -62.789858, -34.2619715 ] } },
{ "type": "Feature", "properties": { "Name": "432.76", "P.K.": null, "Al.Dist. Izq.": 65, "Al.Dist. Der.": 35, "Ruta": 7 }, "geometry": { "type": "Point", "coordinates": [ -62.7905412, -34.2618289 ] } },
{ "type": "Feature", "properties": { "Name": "432.79", "P.K.": null, "Al.Dist. Izq.": 65, "Al.Dist. Der.": 35, "Ruta": 7 }, "geometry": { "type": "Point", "coordinates": [ -62.790799, -34.2618086 ] } },
{ "type": "Feature", "properties": { "Name": "432.96", "P.K.": null, "Al.Dist. Izq.": 65, "Al.Dist. Der.": 35, "Ruta": 7 }, "geometry": { "type": "Point", "coordinates": [ -62.7924989, -34.2614358 ] } },
{ "type": "Feature", "properties": { "Name": "433", "P.K.": "PK433", "Al.Dist. Izq.": 65, "Al.Dist. Der.": 35, "Ruta": 7 }, "geometry": { "type": "Point", "coordinates": [ -62.7929428, -34.2613384 ] } },
{ "type": "Feature", "properties": { "Name": "433.13", "P.K.": null, "Al.Dist. Izq.": 65, "Al.Dist. Der.": 35, "Ruta": 7 }, "geometry": { "type": "Point", "coordinates": [ -62.7942859, -34.2611095 ] } },
{ "type": "Feature", "properties": { "Name": "433.46", "P.K.": null, "Al.Dist. Izq.": 65, "Al.Dist. Der.": 35, "Ruta": 7 }, "geometry": { "type": "Point", "coordinates": [ -62.7977513, -34.2604758 ] } },
{ "type": "Feature", "properties": { "Name": "433.85", "P.K.": null, "Al.Dist. Izq.": 65, "Al.Dist. Der.": 35, "Ruta": 7 }, "geometry": { "type": "Point", "coordinates": [ -62.8018931, -34.2595702 ] } },
{ "type": "Feature", "properties": { "Name": "434", "P.K.": "PK434", "Al.Dist. Izq.": 65, "Al.Dist. Der.": 35, "Ruta": 7 }, "geometry": { "type": "Point", "coordinates": [ -62.8035083, -34.2593119 ] } },
{ "type": "Feature", "properties": { "Name": "434.46", "P.K.": null, "Al.Dist. Izq.": 65, "Al.Dist. Der.": 35, "Ruta": 7 }, "geometry": { "type": "Point", "coordinates": [ -62.8083008, -34.2582722 ] } },
{ "type": "Feature", "properties": { "Name": "435", "P.K.": "PK435", "Al.Dist. Izq.": 65, "Al.Dist. Der.": 35, "Ruta": 7 }, "geometry": { "type": "Point", "coordinates": [ -62.8141363, -34.2570413 ] } },
{ "type": "Feature", "properties": { "Name": "435.97", "P.K.": null, "Al.Dist. Izq.": 65, "Al.Dist. Der.": 35, "Ruta": 7 }, "geometry": { "type": "Point", "coordinates": [ -62.8244732, -34.2550145 ] } },
{ "type": "Feature", "properties": { "Name": "436", "P.K.": "PK436", "Al.Dist. Izq.": 65, "Al.Dist. Der.": 35, "Ruta": 7 }, "geometry": { "type": "Point", "coordinates": [ -62.8248208, -34.2549782 ] } },
{ "type": "Feature", "properties": { "Name": "437", "P.K.": "PK437", "Al.Dist. Izq.": 65, "Al.Dist. Der.": 35, "Ruta": 7 }, "geometry": { "type": "Point", "coordinates": [ -62.8354179, -34.2527171 ] } },
{ "type": "Feature", "properties": { "Name": "437.41", "P.K.": null, "Al.Dist. Izq.": 65, "Al.Dist. Der.": 35, "Ruta": 7 }, "geometry": { "type": "Point", "coordinates": [ -62.8397725, -34.2519803 ] } },
{ "type": "Feature", "properties": { "Name": "437.49", "P.K.": null, "Al.Dist. Izq.": 65, "Al.Dist. Der.": 35, "Ruta": 7 }, "geometry": { "type": "Point", "coordinates": [ -62.840569, -34.2517314 ] } },
{ "type": "Feature", "properties": { "Name": "437.53", "P.K.": null, "Al.Dist. Izq.": 65, "Al.Dist. Der.": 35, "Ruta": 7 }, "geometry": { "type": "Point", "coordinates": [ -62.8410616, -34.2516061 ] } },
{ "type": "Feature", "properties": { "Name": "437.6", "P.K.": null, "Al.Dist. Izq.": 65, "Al.Dist. Der.": 35, "Ruta": 7 }, "geometry": { "type": "Point", "coordinates": [ -62.8417634, -34.251436 ] } },
{ "type": "Feature", "properties": { "Name": "437.66", "P.K.": null, "Al.Dist. Izq.": 65, "Al.Dist. Der.": 35, "Ruta": 7 }, "geometry": { "type": "Point", "coordinates": [ -62.8424329, -34.2514762 ] } },
{ "type": "Feature", "properties": { "Name": "437.66", "P.K.": null, "Al.Dist. Izq.": 65, "Al.Dist. Der.": 35, "Ruta": 7 }, "geometry": { "type": "Point", "coordinates": [ -62.8424188, -34.2514446 ] } },
{ "type": "Feature", "properties": { "Name": "437.72", "P.K.": null, "Al.Dist. Izq.": 65, "Al.Dist. Der.": 35, "Ruta": 7 }, "geometry": { "type": "Point", "coordinates": [ -62.8430843, -34.251242 ] } },
{ "type": "Feature", "properties": { "Name": "437.74", "P.K.": null, "Al.Dist. Izq.": 65, "Al.Dist. Der.": 35, "Ruta": 7 }, "geometry": { "type": "Point", "coordinates": [ -62.8432724, -34.2512054 ] } },
{ "type": "Feature", "properties": { "Name": "437.91", "P.K.": null, "Al.Dist. Izq.": 65, "Al.Dist. Der.": 35, "Ruta": 7 }, "geometry": { "type": "Point", "coordinates": [ -62.8451027, -34.2508821 ] } },
{ "type": "Feature", "properties": { "Name": "437.91", "P.K.": null, "Al.Dist. Izq.": 65, "Al.Dist. Der.": 35, "Ruta": 7 }, "geometry": { "type": "Point", "coordinates": [ -62.8451171, -34.2509721 ] } },
{ "type": "Feature", "properties": { "Name": "437.98", "P.K.": null, "Al.Dist. Izq.": 65, "Al.Dist. Der.": 35, "Ruta": 7 }, "geometry": { "type": "Point", "coordinates": [ -62.8458239, -34.2508482 ] } },
{ "type": "Feature", "properties": { "Name": "438", "P.K.": "PK438", "Al.Dist. Izq.": 65, "Al.Dist. Der.": 35, "Ruta": 7 }, "geometry": { "type": "Point", "coordinates": [ -62.8460616, -34.2507952 ] } },
{ "type": "Feature", "properties": { "Name": "438.01", "P.K.": null, "Al.Dist. Izq.": 65, "Al.Dist. Der.": 35, "Ruta": 7 }, "geometry": { "type": "Point", "coordinates": [ -62.8460797, -34.2507038 ] } },
{ "type": "Feature", "properties": { "Name": "438.08", "P.K.": null, "Al.Dist. Izq.": 65, "Al.Dist. Der.": 35, "Ruta": 7 }, "geometry": { "type": "Point", "coordinates": [ -62.8468874, -34.2506356 ] } },
{ "type": "Feature", "properties": { "Name": "438.11", "P.K.": null, "Al.Dist. Izq.": 65, "Al.Dist. Der.": 35, "Ruta": 7 }, "geometry": { "type": "Point", "coordinates": [ -62.847162, -34.2505442 ] } },
{ "type": "Feature", "properties": { "Name": "438.74", "P.K.": null, "Al.Dist. Izq.": 65, "Al.Dist. Der.": 35, "Ruta": 7 }, "geometry": { "type": "Point", "coordinates": [ -62.8539359, -34.2494032 ] } },
{ "type": "Feature", "properties": { "Name": "439", "P.K.": "PK439", "Al.Dist. Izq.": 65, "Al.Dist. Der.": 35, "Ruta": 7 }, "geometry": { "type": "Point", "coordinates": [ -62.8567505, -34.2488883 ] } },
{ "type": "Feature", "properties": { "Name": "439.66", "P.K.": null, "Al.Dist. Izq.": 65, "Al.Dist. Der.": 35, "Ruta": 7 }, "geometry": { "type": "Point", "coordinates": [ -62.8631405, -34.2479485 ] } },
{ "type": "Feature", "properties": { "Name": "439.66", "P.K.": null, "Al.Dist. Izq.": 65, "Al.Dist. Der.": 35, "Ruta": 7 }, "geometry": { "type": "Point", "coordinates": [ -62.8630846, -34.247819 ] } },
{ "type": "Feature", "properties": { "Name": "439.69", "P.K.": null, "Al.Dist. Izq.": 65, "Al.Dist. Der.": 35, "Ruta": 7 }, "geometry": { "type": "Point", "coordinates": [ -62.8634483, -34.2477764 ] } },
{ "type": "Feature", "properties": { "Name": "439.79", "P.K.": null, "Al.Dist. Izq.": 65, "Al.Dist. Der.": 35, "Ruta": 7 }, "geometry": { "type": "Point", "coordinates": [ -62.8644599, -34.2475915 ] } },
{ "type": "Feature", "properties": { "Name": "439.81", "P.K.": null, "Al.Dist. Izq.": 65, "Al.Dist. Der.": 35, "Ruta": 7 }, "geometry": { "type": "Point", "coordinates": [ -62.8645765, -34.2475463 ] } },
{ "type": "Feature", "properties": { "Name": "439.85", "P.K.": null, "Al.Dist. Izq.": 65, "Al.Dist. Der.": 35, "Ruta": 7 }, "geometry": { "type": "Point", "coordinates": [ -62.8649229, -34.2475425 ] } },
{ "type": "Feature", "properties": { "Name": "439.91", "P.K.": null, "Al.Dist. Izq.": 65, "Al.Dist. Der.": 35, "Ruta": 7 }, "geometry": { "type": "Point", "coordinates": [ -62.8655894, -34.2474998 ] } },
{ "type": "Feature", "properties": { "Name": "440", "P.K.": "PK440", "Al.Dist. Izq.": 65, "Al.Dist. Der.": 35, "Ruta": 7 }, "geometry": { "type": "Point", "coordinates": [ -62.8664739, -34.2473304 ] } },
{ "type": "Feature", "properties": { "Name": "440.02", "P.K.": null, "Al.Dist. Izq.": 65, "Al.Dist. Der.": 35, "Ruta": 7 }, "geometry": { "type": "Point", "coordinates": [ -62.8666415, -34.2473221 ] } },
{ "type": "Feature", "properties": { "Name": "440.12", "P.K.": null, "Al.Dist. Izq.": 65, "Al.Dist. Der.": 35, "Ruta": 7 }, "geometry": { "type": "Point", "coordinates": [ -62.8678068, -34.2470532 ] } },
{ "type": "Feature", "properties": { "Name": "440.12", "P.K.": null, "Al.Dist. Izq.": 65, "Al.Dist. Der.": 35, "Ruta": 7 }, "geometry": { "type": "Point", "coordinates": [ -62.8678589, -34.2471758 ] } },
{ "type": "Feature", "properties": { "Name": "440.18", "P.K.": null, "Al.Dist. Izq.": 65, "Al.Dist. Der.": 35, "Ruta": 7 }, "geometry": { "type": "Point", "coordinates": [ -62.8684822, -34.2468704 ] } },
{ "type": "Feature", "properties": { "Name": "440.2", "P.K.": null, "Al.Dist. Izq.": 65, "Al.Dist. Der.": 35, "Ruta": 7 }, "geometry": { "type": "Point", "coordinates": [ -62.8686907, -34.2469474 ] } },
{ "type": "Feature", "properties": { "Name": "440.24", "P.K.": null, "Al.Dist. Izq.": 65, "Al.Dist. Der.": 35, "Ruta": 7 }, "geometry": { "type": "Point", "coordinates": [ -62.8690585, -34.2468654 ] } },
{ "type": "Feature", "properties": { "Name": "441", "P.K.": "PK441", "Al.Dist. Izq.": 65, "Al.Dist. Der.": 35, "Ruta": 7 }, "geometry": { "type": "Point", "coordinates": [ -62.8775534, -34.2453203 ] } },
{ "type": "Feature", "properties": { "Name": "441.09", "P.K.": null, "Al.Dist. Izq.": 65, "Al.Dist. Der.": 35, "Ruta": 7 }, "geometry": { "type": "Point", "coordinates": [ -62.8785934, -34.245208 ] } },
{ "type": "Feature", "properties": { "Name": "441.15", "P.K.": null, "Al.Dist. Izq.": 65, "Al.Dist. Der.": 35, "Ruta": 7 }, "geometry": { "type": "Point", "coordinates": [ -62.8791916, -34.2451576 ] } },
{ "type": "Feature", "properties": { "Name": "441.26", "P.K.": null, "Al.Dist. Izq.": 65, "Al.Dist. Der.": 35, "Ruta": 7 }, "geometry": { "type": "Point", "coordinates": [ -62.8804401, -34.2449223 ] } },
{ "type": "Feature", "properties": { "Name": "441.31", "P.K.": null, "Al.Dist. Izq.": 65, "Al.Dist. Der.": 35, "Ruta": 7 }, "geometry": { "type": "Point", "coordinates": [ -62.8809568, -34.2448489 ] } },
{ "type": "Feature", "properties": { "Name": "441.51", "P.K.": null, "Al.Dist. Izq.": 65, "Al.Dist. Der.": 35, "Ruta": 7 }, "geometry": { "type": "Point", "coordinates": [ -62.8831143, -34.2444542 ] } },
{ "type": "Feature", "properties": { "Name": "441.55", "P.K.": null, "Al.Dist. Izq.": 65, "Al.Dist. Der.": 35, "Ruta": 7 }, "geometry": { "type": "Point", "coordinates": [ -62.8835136, -34.2442832 ] } },
{ "type": "Feature", "properties": { "Name": "442", "P.K.": "PK442", "Al.Dist. Izq.": 65, "Al.Dist. Der.": 35, "Ruta": 7 }, "geometry": { "type": "Point", "coordinates": [ -62.8883694, -34.2434273 ] } },
{ "type": "Feature", "properties": { "Name": "442.34", "P.K.": null, "Al.Dist. Izq.": 65, "Al.Dist. Der.": 35, "Ruta": 7 }, "geometry": { "type": "Point", "coordinates": [ -62.8918958, -34.2426449 ] } },
{ "type": "Feature", "properties": { "Name": "442.76", "P.K.": null, "Al.Dist. Izq.": 65, "Al.Dist. Der.": 35, "Ruta": 7 }, "geometry": { "type": "Point", "coordinates": [ -62.896234, -34.2417713 ] } },
{ "type": "Feature", "properties": { "Name": "443", "P.K.": "PK443", "Al.Dist. Izq.": 65, "Al.Dist. Der.": 35, "Ruta": 7 }, "geometry": { "type": "Point", "coordinates": [ -62.8987395, -34.2411269 ] } },
{ "type": "Feature", "properties": { "Name": "443.77", "P.K.": null, "Al.Dist. Izq.": 65, "Al.Dist. Der.": 35, "Ruta": 7 }, "geometry": { "type": "Point", "coordinates": [ -62.9067146, -34.2395527 ] } },
{ "type": "Feature", "properties": { "Name": "444", "P.K.": "PK444", "Al.Dist. Izq.": 65, "Al.Dist. Der.": 35, "Ruta": 7 }, "geometry": { "type": "Point", "coordinates": [ -62.9091938, -34.2390914 ] } },
{ "type": "Feature", "properties": { "Name": "444.72", "P.K.": null, "Al.Dist. Izq.": 65, "Al.Dist. Der.": 35, "Ruta": 7 }, "geometry": { "type": "Point", "coordinates": [ -62.9169728, -34.2373926 ] } },
{ "type": "Feature", "properties": { "Name": "444.73", "P.K.": null, "Al.Dist. Izq.": 65, "Al.Dist. Der.": 35, "Ruta": 7 }, "geometry": { "type": "Point", "coordinates": [ -62.9170198, -34.2374702 ] } },
{ "type": "Feature", "properties": { "Name": "444.85", "P.K.": null, "Al.Dist. Izq.": 65, "Al.Dist. Der.": 35, "Ruta": 7 }, "geometry": { "type": "Point", "coordinates": [ -62.9183961, -34.2371439 ] } },
{ "type": "Feature", "properties": { "Name": "445", "P.K.": "PK445", "Al.Dist. Izq.": 65, "Al.Dist. Der.": 35, "Ruta": 7 }, "geometry": { "type": "Point", "coordinates": [ -62.9200292, -34.2367395 ] } },
{ "type": "Feature", "properties": { "Name": "445.17", "P.K.": null, "Al.Dist. Izq.": 65, "Al.Dist. Der.": 35, "Ruta": 7 }, "geometry": { "type": "Point", "coordinates": [ -62.9217621, -34.2364046 ] } },
{ "type": "Feature", "properties": { "Name": "445.92", "P.K.": null, "Al.Dist. Izq.": 65, "Al.Dist. Der.": 35, "Ruta": 7 }, "geometry": { "type": "Point", "coordinates": [ -62.9295125, -34.2346693 ] } },
{ "type": "Feature", "properties": { "Name": "446", "P.K.": "PK446", "Al.Dist. Izq.": 65, "Al.Dist. Der.": 35, "Ruta": 7 }, "geometry": { "type": "Point", "coordinates": [ -62.930457, -34.2347372 ] } },
{ "type": "Feature", "properties": { "Name": "446.02", "P.K.": null, "Al.Dist. Izq.": 65, "Al.Dist. Der.": 35, "Ruta": 7 }, "geometry": { "type": "Point", "coordinates": [ -62.9306266, -34.2346335 ] } },
{ "type": "Feature", "properties": { "Name": "446.45", "P.K.": null, "Al.Dist. Izq.": 65, "Al.Dist. Der.": 35, "Ruta": 7 }, "geometry": { "type": "Point", "coordinates": [ -62.9351803, -34.2338601 ] } },
{ "type": "Feature", "properties": { "Name": "446.87", "P.K.": null, "Al.Dist. Izq.": 65, "Al.Dist. Der.": 35, "Ruta": 7 }, "geometry": { "type": "Point", "coordinates": [ -62.9396925, -34.2327591 ] } },
{ "type": "Feature", "properties": { "Name": "447", "P.K.": "PK447", "Al.Dist. Izq.": 65, "Al.Dist. Der.": 35, "Ruta": 7 }, "geometry": { "type": "Point", "coordinates": [ -62.941107, -34.2324359 ] } },
{ "type": "Feature", "properties": { "Name": "448", "P.K.": "PK448", "Al.Dist. Izq.": 65, "Al.Dist. Der.": 35, "Ruta": 7 }, "geometry": { "type": "Point", "coordinates": [ -62.951519, -34.2304709 ] } },
{ "type": "Feature", "properties": { "Name": "448.01", "P.K.": null, "Al.Dist. Izq.": 65, "Al.Dist. Der.": 35, "Ruta": 7 }, "geometry": { "type": "Point", "coordinates": [ -62.9516297, -34.2303567 ] } },
{ "type": "Feature", "properties": { "Name": "448.01", "P.K.": null, "Al.Dist. Izq.": 65, "Al.Dist. Der.": 35, "Ruta": 7 }, "geometry": { "type": "Point", "coordinates": [ -62.951635, -34.2304401 ] } },
{ "type": "Feature", "properties": { "Name": "448.17", "P.K.": null, "Al.Dist. Izq.": 65, "Al.Dist. Der.": 35, "Ruta": 7 }, "geometry": { "type": "Point", "coordinates": [ -62.9532376, -34.2300293 ] } },
{ "type": "Feature", "properties": { "Name": "448.24", "P.K.": null, "Al.Dist. Izq.": 65, "Al.Dist. Der.": 35, "Ruta": 7 }, "geometry": { "type": "Point", "coordinates": [ -62.9539032, -34.2299434 ] } },
{ "type": "Feature", "properties": { "Name": "448.28", "P.K.": null, "Al.Dist. Izq.": 65, "Al.Dist. Der.": 35, "Ruta": 7 }, "geometry": { "type": "Point", "coordinates": [ -62.9543967, -34.229782 ] } },
{ "type": "Feature", "properties": { "Name": "448.32", "P.K.": null, "Al.Dist. Izq.": 65, "Al.Dist. Der.": 35, "Ruta": 7 }, "geometry": { "type": "Point", "coordinates": [ -62.9547373, -34.2297715 ] } },
{ "type": "Feature", "properties": { "Name": "448.36", "P.K.": null, "Al.Dist. Izq.": 65, "Al.Dist. Der.": 35, "Ruta": 7 }, "geometry": { "type": "Point", "coordinates": [ -62.9551973, -34.229743 ] } },
{ "type": "Feature", "properties": { "Name": "448.44", "P.K.": null, "Al.Dist. Izq.": 65, "Al.Dist. Der.": 35, "Ruta": 7 }, "geometry": { "type": "Point", "coordinates": [ -62.9559027, -34.2295345 ] } },
{ "type": "Feature", "properties": { "Name": "448.45", "P.K.": null, "Al.Dist. Izq.": 65, "Al.Dist. Der.": 35, "Ruta": 7 }, "geometry": { "type": "Point", "coordinates": [ -62.9561056, -34.229494 ] } },
{ "type": "Feature", "properties": { "Name": "448.52", "P.K.": null, "Al.Dist. Izq.": 65, "Al.Dist. Der.": 35, "Ruta": 7 }, "geometry": { "type": "Point", "coordinates": [ -62.956803, -34.229443 ] } },
{ "type": "Feature", "properties": { "Name": "448.52", "P.K.": null, "Al.Dist. Izq.": 65, "Al.Dist. Der.": 35, "Ruta": 7 }, "geometry": { "type": "Point", "coordinates": [ -62.9567909, -34.2293504 ] } },
{ "type": "Feature", "properties": { "Name": "448.55", "P.K.": null, "Al.Dist. Izq.": 65, "Al.Dist. Der.": 35, "Ruta": 7 }, "geometry": { "type": "Point", "coordinates": [ -62.9571496, -34.2293793 ] } },
{ "type": "Feature", "properties": { "Name": "448.55", "P.K.": null, "Al.Dist. Izq.": 65, "Al.Dist. Der.": 35, "Ruta": 7 }, "geometry": { "type": "Point", "coordinates": [ -62.9570936, -34.2292858 ] } },
{ "type": "Feature", "properties": { "Name": "448.55", "P.K.": null, "Al.Dist. Izq.": 65, "Al.Dist. Der.": 35, "Ruta": 7 }, "geometry": { "type": "Point", "coordinates": [ -62.9571241, -34.229282 ] } },
{ "type": "Feature", "properties": { "Name": "448.61", "P.K.": null, "Al.Dist. Izq.": 65, "Al.Dist. Der.": 35, "Ruta": 7 }, "geometry": { "type": "Point", "coordinates": [ -62.9577719, -34.2292462 ] } },
{ "type": "Feature", "properties": { "Name": "448.63", "P.K.": null, "Al.Dist. Izq.": 65, "Al.Dist. Der.": 35, "Ruta": 7 }, "geometry": { "type": "Point", "coordinates": [ -62.9578836, -34.2291507 ] } },
{ "type": "Feature", "properties": { "Name": "449", "P.K.": "PK449", "Al.Dist. Izq.": 65, "Al.Dist. Der.": 35, "Ruta": 7 }, "geometry": { "type": "Point", "coordinates": [ -62.961647, -34.2284046 ] } },
{ "type": "Feature", "properties": { "Name": "449.28", "P.K.": null, "Al.Dist. Izq.": 65, "Al.Dist. Der.": 35, "Ruta": 7 }, "geometry": { "type": "Point", "coordinates": [ -62.9647141, -34.2278058 ] } },
{ "type": "Feature", "properties": { "Name": "449.83", "P.K.": null, "Al.Dist. Izq.": 65, "Al.Dist. Der.": 35, "Ruta": 7 }, "geometry": { "type": "Point", "coordinates": [ -62.9706443, -34.22666 ] } },
{ "type": "Feature", "properties": { "Name": "450", "P.K.": "PK450", "Al.Dist. Izq.": 65, "Al.Dist. Der.": 35, "Ruta": 7 }, "geometry": { "type": "Point", "coordinates": [ -62.9724996, -34.2263799 ] } },
{ "type": "Feature", "properties": { "Name": "450.05", "P.K.": null, "Al.Dist. Izq.": 65, "Al.Dist. Der.": 35, "Ruta": 7 }, "geometry": { "type": "Point", "coordinates": [ -62.9730075, -34.2261675 ] } },
{ "type": "Feature", "properties": { "Name": "450.24", "P.K.": null, "Al.Dist. Izq.": 65, "Al.Dist. Der.": 35, "Ruta": 7 }, "geometry": { "type": "Point", "coordinates": [ -62.9749578, -34.225877 ] } },
{ "type": "Feature", "properties": { "Name": "450.78", "P.K.": null, "Al.Dist. Izq.": 65, "Al.Dist. Der.": 35, "Ruta": 7 }, "geometry": { "type": "Point", "coordinates": [ -62.9805197, -34.224754 ] } },
{ "type": "Feature", "properties": { "Name": "450.96", "P.K.": null, "Al.Dist. Izq.": 65, "Al.Dist. Der.": 35, "Ruta": 7 }, "geometry": { "type": "Point", "coordinates": [ -62.9824419, -34.2243925 ] } },
{ "type": "Feature", "properties": { "Name": "451", "P.K.": "PK451", "Al.Dist. Izq.": 65, "Al.Dist. Der.": 35, "Ruta": 7 }, "geometry": { "type": "Point", "coordinates": [ -62.9828583, -34.2242203 ] } },
{ "type": "Feature", "properties": { "Name": "451.12", "P.K.": null, "Al.Dist. Izq.": 65, "Al.Dist. Der.": 35, "Ruta": 7 }, "geometry": { "type": "Point", "coordinates": [ -62.9842017, -34.2239952 ] } },
{ "type": "Feature", "properties": { "Name": "451.49", "P.K.": null, "Al.Dist. Izq.": 65, "Al.Dist. Der.": 35, "Ruta": 7 }, "geometry": { "type": "Point", "coordinates": [ -62.9880336, -34.2230624 ] } },
{ "type": "Feature", "properties": { "Name": "451.49", "P.K.": null, "Al.Dist. Izq.": 65, "Al.Dist. Der.": 35, "Ruta": 7 }, "geometry": { "type": "Point", "coordinates": [ -62.9881179, -34.2232578 ] } },
{ "type": "Feature", "properties": { "Name": "451.55", "P.K.": null, "Al.Dist. Izq.": 65, "Al.Dist. Der.": 35, "Ruta": 7 }, "geometry": { "type": "Point", "coordinates": [ -62.9887568, -34.2229712 ] } },
{ "type": "Feature", "properties": { "Name": "451.58", "P.K.": null, "Al.Dist. Izq.": 65, "Al.Dist. Der.": 35, "Ruta": 7 }, "geometry": { "type": "Point", "coordinates": [ -62.9891397, -34.2231256 ] } },
{ "type": "Feature", "properties": { "Name": "451.58", "P.K.": null, "Al.Dist. Izq.": 65, "Al.Dist. Der.": 35, "Ruta": 7 }, "geometry": { "type": "Point", "coordinates": [ -62.9891504, -34.2231494 ] } },
{ "type": "Feature", "properties": { "Name": "451.66", "P.K.": null, "Al.Dist. Izq.": 65, "Al.Dist. Der.": 35, "Ruta": 7 }, "geometry": { "type": "Point", "coordinates": [ -62.989948, -34.2229509 ] } },
{ "type": "Feature", "properties": { "Name": "451.75", "P.K.": null, "Al.Dist. Izq.": 65, "Al.Dist. Der.": 35, "Ruta": 7 }, "geometry": { "type": "Point", "coordinates": [ -62.9908855, -34.2226102 ] } },
{ "type": "Feature", "properties": { "Name": "451.75", "P.K.": null, "Al.Dist. Izq.": 65, "Al.Dist. Der.": 35, "Ruta": 7 }, "geometry": { "type": "Point", "coordinates": [ -62.9908834, -34.2226069 ] } },
{ "type": "Feature", "properties": { "Name": "451.77", "P.K.": null, "Al.Dist. Izq.": 65, "Al.Dist. Der.": 35, "Ruta": 7 }, "geometry": { "type": "Point", "coordinates": [ -62.9911909, -34.222682 ] } },
{ "type": "Feature", "properties": { "Name": "451.79", "P.K.": null, "Al.Dist. Izq.": 65, "Al.Dist. Der.": 35, "Ruta": 7 }, "geometry": { "type": "Point", "coordinates": [ -62.9913723, -34.2226662 ] } },
{ "type": "Feature", "properties": { "Name": "451.88", "P.K.": null, "Al.Dist. Izq.": 65, "Al.Dist. Der.": 35, "Ruta": 7 }, "geometry": { "type": "Point", "coordinates": [ -62.9923241, -34.2225312 ] } },
{ "type": "Feature", "properties": { "Name": "451.88", "P.K.": null, "Al.Dist. Izq.": 65, "Al.Dist. Der.": 35, "Ruta": 7 }, "geometry": { "type": "Point", "coordinates": [ -62.9922995, -34.2224531 ] } },
{ "type": "Feature", "properties": { "Name": "452", "P.K.": "PK452", "Al.Dist. Izq.": 65, "Al.Dist. Der.": 35, "Ruta": 7 }, "geometry": { "type": "Point", "coordinates": [ -62.9935693, -34.2222515 ] } },
{ "type": "Feature", "properties": { "Name": "452.02", "P.K.": null, "Al.Dist. Izq.": 65, "Al.Dist. Der.": 35, "Ruta": 7 }, "geometry": { "type": "Point", "coordinates": [ -62.9938218, -34.2222196 ] } },
{ "type": "Feature", "properties": { "Name": "452.11", "P.K.": null, "Al.Dist. Izq.": 65, "Al.Dist. Der.": 35, "Ruta": 7 }, "geometry": { "type": "Point", "coordinates": [ -62.9947384, -34.2219116 ] } },
{ "type": "Feature", "properties": { "Name": "452.61", "P.K.": null, "Al.Dist. Izq.": 65, "Al.Dist. Der.": 35, "Ruta": 7 }, "geometry": { "type": "Point", "coordinates": [ -63.0001324, -34.2208969 ] } },
{ "type": "Feature", "properties": { "Name": "453", "P.K.": "PK453", "Al.Dist. Izq.": 65, "Al.Dist. Der.": 35, "Ruta": 7 }, "geometry": { "type": "Point", "coordinates": [ -63.0043025, -34.2200034 ] } },
{ "type": "Feature", "properties": { "Name": "453.22", "P.K.": null, "Al.Dist. Izq.": 65, "Al.Dist. Der.": 35, "Ruta": 7 }, "geometry": { "type": "Point", "coordinates": [ -63.0066719, -34.2197875 ] } },
{ "type": "Feature", "properties": { "Name": "453.48", "P.K.": null, "Al.Dist. Izq.": 65, "Al.Dist. Der.": 35, "Ruta": 7 }, "geometry": { "type": "Point", "coordinates": [ -63.0093722, -34.2190924 ] } },
{ "type": "Feature", "properties": { "Name": "453.63", "P.K.": null, "Al.Dist. Izq.": 65, "Al.Dist. Der.": 35, "Ruta": 7 }, "geometry": { "type": "Point", "coordinates": [ -63.0109702, -34.2188321 ] } },
{ "type": "Feature", "properties": { "Name": "453.77", "P.K.": null, "Al.Dist. Izq.": 65, "Al.Dist. Der.": 35, "Ruta": 7 }, "geometry": { "type": "Point", "coordinates": [ -63.0125456, -34.2185554 ] } },
{ "type": "Feature", "properties": { "Name": "453.8", "P.K.": null, "Al.Dist. Izq.": 65, "Al.Dist. Der.": 35, "Ruta": 7 }, "geometry": { "type": "Point", "coordinates": [ -63.0127984, -34.2184501 ] } },
{ "type": "Feature", "properties": { "Name": "454", "P.K.": "PK454", "Al.Dist. Izq.": 65, "Al.Dist. Der.": 35, "Ruta": 7 }, "geometry": { "type": "Point", "coordinates": [ -63.0149482, -34.2181637 ] } },
{ "type": "Feature", "properties": { "Name": "454.25", "P.K.": null, "Al.Dist. Izq.": 65, "Al.Dist. Der.": 35, "Ruta": 7 }, "geometry": { "type": "Point", "coordinates": [ -63.0174276, -34.2174869 ] } },
{ "type": "Feature", "properties": { "Name": "454.36", "P.K.": null, "Al.Dist. Izq.": 65, "Al.Dist. Der.": 35, "Ruta": 7 }, "geometry": { "type": "Point", "coordinates": [ -63.0184723, -34.2173655 ] } },
{ "type": "Feature", "properties": { "Name": "454.47", "P.K.": null, "Al.Dist. Izq.": 65, "Al.Dist. Der.": 35, "Ruta": 7 }, "geometry": { "type": "Point", "coordinates": [ -63.019686, -34.2170885 ] } },
{ "type": "Feature", "properties": { "Name": "455", "P.K.": "PK455", "Al.Dist. Izq.": 65, "Al.Dist. Der.": 35, "Ruta": 7 }, "geometry": { "type": "Point", "coordinates": [ -63.0248754, -34.2159513 ] } },
{ "type": "Feature", "properties": { "Name": "455.66", "P.K.": null, "Al.Dist. Izq.": 65, "Al.Dist. Der.": 35, "Ruta": 7 }, "geometry": { "type": "Point", "coordinates": [ -63.0320141, -34.2146172 ] } },
{ "type": "Feature", "properties": { "Name": "455.8", "P.K.": null, "Al.Dist. Izq.": 65, "Al.Dist. Der.": 35, "Ruta": 7 }, "geometry": { "type": "Point", "coordinates": [ -63.0335711, -34.2144103 ] } },
{ "type": "Feature", "properties": { "Name": "455.95", "P.K.": null, "Al.Dist. Izq.": 65, "Al.Dist. Der.": 35, "Ruta": 7 }, "geometry": { "type": "Point", "coordinates": [ -63.035221, -34.2141306 ] } },
{ "type": "Feature", "properties": { "Name": "456", "P.K.": "PK456", "Al.Dist. Izq.": 65, "Al.Dist. Der.": 35, "Ruta": 7 }, "geometry": { "type": "Point", "coordinates": [ -63.0357491, -34.214046 ] } },
{ "type": "Feature", "properties": { "Name": "456.14", "P.K.": null, "Al.Dist. Izq.": 65, "Al.Dist. Der.": 35, "Ruta": 7 }, "geometry": { "type": "Point", "coordinates": [ -63.037171, -34.213647 ] } },
{ "type": "Feature", "properties": { "Name": "456.67", "P.K.": null, "Al.Dist. Izq.": 65, "Al.Dist. Der.": 35, "Ruta": 7 }, "geometry": { "type": "Point", "coordinates": [ -63.04292, -34.2125691 ] } },
{ "type": "Feature", "properties": { "Name": "457", "P.K.": "PK457", "Al.Dist. Izq.": 65, "Al.Dist. Der.": 35, "Ruta": 7 }, "geometry": { "type": "Point", "coordinates": [ -63.0464669, -34.2118227 ] } },
{ "type": "Feature", "properties": { "Name": "457.11", "P.K.": null, "Al.Dist. Izq.": 65, "Al.Dist. Der.": 35, "Ruta": 7 }, "geometry": { "type": "Point", "coordinates": [ -63.0476816, -34.2116211 ] } },
{ "type": "Feature", "properties": { "Name": "457.12", "P.K.": null, "Al.Dist. Izq.": 65, "Al.Dist. Der.": 35, "Ruta": 7 }, "geometry": { "type": "Point", "coordinates": [ -63.0477654, -34.2116926 ] } },
{ "type": "Feature", "properties": { "Name": "457.23", "P.K.": null, "Al.Dist. Izq.": 65, "Al.Dist. Der.": 35, "Ruta": 7 }, "geometry": { "type": "Point", "coordinates": [ -63.0490827, -34.2113635 ] } },
{ "type": "Feature", "properties": { "Name": "457.3", "P.K.": null, "Al.Dist. Izq.": 65, "Al.Dist. Der.": 35, "Ruta": 7 }, "geometry": { "type": "Point", "coordinates": [ -63.0497871, -34.2111888 ] } },
{ "type": "Feature", "properties": { "Name": "457.67", "P.K.": null, "Al.Dist. Izq.": 65, "Al.Dist. Der.": 35, "Ruta": 7 }, "geometry": { "type": "Point", "coordinates": [ -63.0538154, -34.2103765 ] } },
{ "type": "Feature", "properties": { "Name": "457.82", "P.K.": null, "Al.Dist. Izq.": 65, "Al.Dist. Der.": 35, "Ruta": 7 }, "geometry": { "type": "Point", "coordinates": [ -63.0553614, -34.2101233 ] } },
{ "type": "Feature", "properties": { "Name": "458", "P.K.": "PK458", "Al.Dist. Izq.": 65, "Al.Dist. Der.": 35, "Ruta": 7 }, "geometry": { "type": "Point", "coordinates": [ -63.0573529, -34.2096902 ] } },
{ "type": "Feature", "properties": { "Name": "458.13", "P.K.": null, "Al.Dist. Izq.": 65, "Al.Dist. Der.": 35, "Ruta": 7 }, "geometry": { "type": "Point", "coordinates": [ -63.0586645, -34.2093081 ] } },
{ "type": "Feature", "properties": { "Name": "458.25", "P.K.": null, "Al.Dist. Izq.": 65, "Al.Dist. Der.": 35, "Ruta": 7 }, "geometry": { "type": "Point", "coordinates": [ -63.0599245, -34.2089291 ] } },
{ "type": "Feature", "properties": { "Name": "458.57", "P.K.": null, "Al.Dist. Izq.": 65, "Al.Dist. Der.": 35, "Ruta": 7 }, "geometry": { "type": "Point", "coordinates": [ -63.0630647, -34.2079556 ] } },
{ "type": "Feature", "properties": { "Name": "458.62", "P.K.": null, "Al.Dist. Izq.": 65, "Al.Dist. Der.": 35, "Ruta": 7 }, "geometry": { "type": "Point", "coordinates": [ -63.0635166, -34.207662 ] } },
{ "type": "Feature", "properties": { "Name": "458.7", "P.K.": null, "Al.Dist. Izq.": 65, "Al.Dist. Der.": 35, "Ruta": 7 }, "geometry": { "type": "Point", "coordinates": [ -63.0642982, -34.2073783 ] } },
{ "type": "Feature", "properties": { "Name": "458.73", "P.K.": null, "Al.Dist. Izq.": 65, "Al.Dist. Der.": 35, "Ruta": 7 }, "geometry": { "type": "Point", "coordinates": [ -63.0646851, -34.2073778 ] } },
{ "type": "Feature", "properties": { "Name": "458.73", "P.K.": null, "Al.Dist. Izq.": 65, "Al.Dist. Der.": 35, "Ruta": 7 }, "geometry": { "type": "Point", "coordinates": [ -63.0646851, -34.2073778 ] } },
{ "type": "Feature", "properties": { "Name": "458.83", "P.K.": null, "Al.Dist. Izq.": 65, "Al.Dist. Der.": 35, "Ruta": 7 }, "geometry": { "type": "Point", "coordinates": [ -63.0656537, -34.2070201 ] } },
{ "type": "Feature", "properties": { "Name": "458.84", "P.K.": null, "Al.Dist. Izq.": 65, "Al.Dist. Der.": 35, "Ruta": 7 }, "geometry": { "type": "Point", "coordinates": [ -63.0657825, -34.2069963 ] } },
{ "type": "Feature", "properties": { "Name": "458.95", "P.K.": null, "Al.Dist. Izq.": 65, "Al.Dist. Der.": 35, "Ruta": 7 }, "geometry": { "type": "Point", "coordinates": [ -63.0668406, -34.2066141 ] } },
{ "type": "Feature", "properties": { "Name": "459", "P.K.": "PK459", "Al.Dist. Izq.": 65, "Al.Dist. Der.": 35, "Ruta": 7 }, "geometry": { "type": "Point", "coordinates": [ -63.0673328, -34.2063505 ] } },
{ "type": "Feature", "properties": { "Name": "459.08", "P.K.": null, "Al.Dist. Izq.": 65, "Al.Dist. Der.": 35, "Ruta": 7 }, "geometry": { "type": "Point", "coordinates": [ -63.0682209, -34.2062027 ] } },
{ "type": "Feature", "properties": { "Name": "459.19", "P.K.": null, "Al.Dist. Izq.": 65, "Al.Dist. Der.": 35, "Ruta": 7 }, "geometry": { "type": "Point", "coordinates": [ -63.069209, -34.2058777 ] } },
{ "type": "Feature", "properties": { "Name": "459.22", "P.K.": null, "Al.Dist. Izq.": 65, "Al.Dist. Der.": 35, "Ruta": 7 }, "geometry": { "type": "Point", "coordinates": [ -63.069498, -34.2057036 ] } },
{ "type": "Feature", "properties": { "Name": "459.44", "P.K.": null, "Al.Dist. Izq.": 65, "Al.Dist. Der.": 35, "Ruta": 7 }, "geometry": { "type": "Point", "coordinates": [ -63.0717393, -34.2051903 ] } },
{ "type": "Feature", "properties": { "Name": "459.84", "P.K.": null, "Al.Dist. Izq.": 65, "Al.Dist. Der.": 35, "Ruta": 7 }, "geometry": { "type": "Point", "coordinates": [ -63.0756144, -34.2038158 ] } },
{ "type": "Feature", "properties": { "Name": "459.85", "P.K.": null, "Al.Dist. Izq.": 65, "Al.Dist. Der.": 35, "Ruta": 7 }, "geometry": { "type": "Point", "coordinates": [ -63.0756473, -34.2037304 ] } },
{ "type": "Feature", "properties": { "Name": "459.89", "P.K.": null, "Al.Dist. Izq.": 65, "Al.Dist. Der.": 35, "Ruta": 7 }, "geometry": { "type": "Point", "coordinates": [ -63.0760835, -34.2036101 ] } },
{ "type": "Feature", "properties": { "Name": "459.94", "P.K.": null, "Al.Dist. Izq.": 65, "Al.Dist. Der.": 35, "Ruta": 7 }, "geometry": { "type": "Point", "coordinates": [ -63.0765411, -34.2034085 ] } },
{ "type": "Feature", "properties": { "Name": "460", "P.K.": "PK460", "Al.Dist. Izq.": 65, "Al.Dist. Der.": 35, "Ruta": 7 }, "geometry": { "type": "Point", "coordinates": [ -63.0772412, -34.2033078 ] } },
{ "type": "Feature", "properties": { "Name": "460.05", "P.K.": null, "Al.Dist. Izq.": 65, "Al.Dist. Der.": 35, "Ruta": 7 }, "geometry": { "type": "Point", "coordinates": [ -63.0776596, -34.2030225 ] } },
{ "type": "Feature", "properties": { "Name": "460.12", "P.K.": null, "Al.Dist. Izq.": 65, "Al.Dist. Der.": 35, "Ruta": 7 }, "geometry": { "type": "Point", "coordinates": [ -63.0783979, -34.2027904 ] } },
{ "type": "Feature", "properties": { "Name": "460.16", "P.K.": null, "Al.Dist. Izq.": 65, "Al.Dist. Der.": 35, "Ruta": 7 }, "geometry": { "type": "Point", "coordinates": [ -63.0788314, -34.2028622 ] } },
{ "type": "Feature", "properties": { "Name": "460.24", "P.K.": null, "Al.Dist. Izq.": 65, "Al.Dist. Der.": 35, "Ruta": 7 }, "geometry": { "type": "Point", "coordinates": [ -63.0796357, -34.2025444 ] } },
{ "type": "Feature", "properties": { "Name": "460.26", "P.K.": null, "Al.Dist. Izq.": 65, "Al.Dist. Der.": 35, "Ruta": 7 }, "geometry": { "type": "Point", "coordinates": [ -63.0798079, -34.202402 ] } },
{ "type": "Feature", "properties": { "Name": "460.81", "P.K.": null, "Al.Dist. Izq.": 65, "Al.Dist. Der.": 35, "Ruta": 7 }, "geometry": { "type": "Point", "coordinates": [ -63.0853183, -34.2006128 ] } },
{ "type": "Feature", "properties": { "Name": "461", "P.K.": "PK461", "Al.Dist. Izq.": 65, "Al.Dist. Der.": 35, "Ruta": 7 }, "geometry": { "type": "Point", "coordinates": [ -63.0872743, -34.1999281 ] } },
{ "type": "Feature", "properties": { "Name": "461.91", "P.K.": null, "Al.Dist. Izq.": 65, "Al.Dist. Der.": 35, "Ruta": 7 }, "geometry": { "type": "Point", "coordinates": [ -63.0964924, -34.1969754 ] } },
{ "type": "Feature", "properties": { "Name": "462", "P.K.": "PK462", "Al.Dist. Izq.": 65, "Al.Dist. Der.": 35, "Ruta": 7 }, "geometry": { "type": "Point", "coordinates": [ -63.0974205, -34.1967267 ] } },
{ "type": "Feature", "properties": { "Name": "462.55", "P.K.": null, "Al.Dist. Izq.": 65, "Al.Dist. Der.": 35, "Ruta": 7 }, "geometry": { "type": "Point", "coordinates": [ -63.103046, -34.1948506 ] } },
{ "type": "Feature", "properties": { "Name": "462.7", "P.K.": null, "Al.Dist. Izq.": 65, "Al.Dist. Der.": 35, "Ruta": 7 }, "geometry": { "type": "Point", "coordinates": [ -63.104584, -34.1944197 ] } },
{ "type": "Feature", "properties": { "Name": "463", "P.K.": "PK463", "Al.Dist. Izq.": 65, "Al.Dist. Der.": 35, "Ruta": 7 }, "geometry": { "type": "Point", "coordinates": [ -63.1076558, -34.1932996 ] } },
{ "type": "Feature", "properties": { "Name": "463.13", "P.K.": null, "Al.Dist. Izq.": 65, "Al.Dist. Der.": 35, "Ruta": 7 }, "geometry": { "type": "Point", "coordinates": [ -63.1090066, -34.1928564 ] } },
{ "type": "Feature", "properties": { "Name": "463.83", "P.K.": null, "Al.Dist. Izq.": 65, "Al.Dist. Der.": 35, "Ruta": 7 }, "geometry": { "type": "Point", "coordinates": [ -63.1160212, -34.1905005 ] } },
{ "type": "Feature", "properties": { "Name": "463.99", "P.K.": null, "Al.Dist. Izq.": 65, "Al.Dist. Der.": 35, "Ruta": 7 }, "geometry": { "type": "Point", "coordinates": [ -63.1176667, -34.1900913 ] } },
{ "type": "Feature", "properties": { "Name": "464", "P.K.": "PK464", "Al.Dist. Izq.": 65, "Al.Dist. Der.": 35, "Ruta": 7 }, "geometry": { "type": "Point", "coordinates": [ -63.1177908, -34.1900848 ] } },
{ "type": "Feature", "properties": { "Name": "464.04", "P.K.": null, "Al.Dist. Izq.": 65, "Al.Dist. Der.": 35, "Ruta": 7 }, "geometry": { "type": "Point", "coordinates": [ -63.1181928, -34.1899408 ] } },
{ "type": "Feature", "properties": { "Name": "464.12", "P.K.": null, "Al.Dist. Izq.": 65, "Al.Dist. Der.": 35, "Ruta": 7 }, "geometry": { "type": "Point", "coordinates": [ -63.1190223, -34.1896943 ] } },
{ "type": "Feature", "properties": { "Name": "464.13", "P.K.": null, "Al.Dist. Izq.": 65, "Al.Dist. Der.": 35, "Ruta": 7 }, "geometry": { "type": "Point", "coordinates": [ -63.1190565, -34.1896449 ] } },
{ "type": "Feature", "properties": { "Name": "464.22", "P.K.": null, "Al.Dist. Izq.": 65, "Al.Dist. Der.": 35, "Ruta": 7 }, "geometry": { "type": "Point", "coordinates": [ -63.1200593, -34.1893981 ] } },
{ "type": "Feature", "properties": { "Name": "464.27", "P.K.": null, "Al.Dist. Izq.": 65, "Al.Dist. Der.": 35, "Ruta": 7 }, "geometry": { "type": "Point", "coordinates": [ -63.1205599, -34.189327 ] } },
{ "type": "Feature", "properties": { "Name": "464.41", "P.K.": null, "Al.Dist. Izq.": 65, "Al.Dist. Der.": 35, "Ruta": 7 }, "geometry": { "type": "Point", "coordinates": [ -63.12202, -34.1890975 ] } },
{ "type": "Feature", "properties": { "Name": "464.91", "P.K.": null, "Al.Dist. Izq.": 65, "Al.Dist. Der.": 35, "Ruta": 7 }, "geometry": { "type": "Point", "coordinates": [ -63.1271911, -34.1880685 ] } },
{ "type": "Feature", "properties": { "Name": "465", "P.K.": "PK465", "Al.Dist. Izq.": 65, "Al.Dist. Der.": 35, "Ruta": 7 }, "geometry": { "type": "Point", "coordinates": [ -63.1282186, -34.1878287 ] } },
{ "type": "Feature", "properties": { "Name": "465.03", "P.K.": null, "Al.Dist. Izq.": 65, "Al.Dist. Der.": 35, "Ruta": 7 }, "geometry": { "type": "Point", "coordinates": [ -63.1284694, -34.1877923 ] } },
{ "type": "Feature", "properties": { "Name": "465.27", "P.K.": null, "Al.Dist. Izq.": 65, "Al.Dist. Der.": 35, "Ruta": 7 }, "geometry": { "type": "Point", "coordinates": [ -63.1309645, -34.1873355 ] } },
{ "type": "Feature", "properties": { "Name": "465.42", "P.K.": null, "Al.Dist. Izq.": 65, "Al.Dist. Der.": 35, "Ruta": 7 }, "geometry": { "type": "Point", "coordinates": [ -63.1324877, -34.1870671 ] } },
{ "type": "Feature", "properties": { "Name": "466", "P.K.": "PK466", "Al.Dist. Izq.": 65, "Al.Dist. Der.": 35, "Ruta": 7 }, "geometry": { "type": "Point", "coordinates": [ -63.1384522, -34.1859649 ] } },
{ "type": "Feature", "properties": { "Name": "466.68", "P.K.": null, "Al.Dist. Izq.": 65, "Al.Dist. Der.": 35, "Ruta": 7 }, "geometry": { "type": "Point", "coordinates": [ -63.145661, -34.1845585 ] } },
{ "type": "Feature", "properties": { "Name": "466.71", "P.K.": null, "Al.Dist. Izq.": 65, "Al.Dist. Der.": 35, "Ruta": 7 }, "geometry": { "type": "Point", "coordinates": [ -63.1459134, -34.1844875 ] } },
{ "type": "Feature", "properties": { "Name": "466.96", "P.K.": null, "Al.Dist. Izq.": 65, "Al.Dist. Der.": 35, "Ruta": 7 }, "geometry": { "type": "Point", "coordinates": [ -63.1486054, -34.1839705 ] } },
{ "type": "Feature", "properties": { "Name": "467", "P.K.": "PK467", "Al.Dist. Izq.": 65, "Al.Dist. Der.": 35, "Ruta": 7 }, "geometry": { "type": "Point", "coordinates": [ -63.14906, -34.1838734 ] } },
{ "type": "Feature", "properties": { "Name": "467.07", "P.K.": null, "Al.Dist. Izq.": 65, "Al.Dist. Der.": 35, "Ruta": 7 }, "geometry": { "type": "Point", "coordinates": [ -63.1497567, -34.1837106 ] } },
{ "type": "Feature", "properties": { "Name": "467.15", "P.K.": null, "Al.Dist. Izq.": 65, "Al.Dist. Der.": 35, "Ruta": 7 }, "geometry": { "type": "Point", "coordinates": [ -63.1505865, -34.1835536 ] } },
{ "type": "Feature", "properties": { "Name": "467.16", "P.K.": null, "Al.Dist. Izq.": 65, "Al.Dist. Der.": 35, "Ruta": 7 }, "geometry": { "type": "Point", "coordinates": [ -63.1506914, -34.1836173 ] } },
{ "type": "Feature", "properties": { "Name": "467.22", "P.K.": null, "Al.Dist. Izq.": 65, "Al.Dist. Der.": 35, "Ruta": 7 }, "geometry": { "type": "Point", "coordinates": [ -63.1513597, -34.1834133 ] } },
{ "type": "Feature", "properties": { "Name": "467.26", "P.K.": null, "Al.Dist. Izq.": 65, "Al.Dist. Der.": 35, "Ruta": 7 }, "geometry": { "type": "Point", "coordinates": [ -63.1518797, -34.1834491 ] } },
{ "type": "Feature", "properties": { "Name": "467.34", "P.K.": null, "Al.Dist. Izq.": 65, "Al.Dist. Der.": 35, "Ruta": 7 }, "geometry": { "type": "Point", "coordinates": [ -63.1527725, -34.1832014 ] } },
{ "type": "Feature", "properties": { "Name": "467.42", "P.K.": null, "Al.Dist. Izq.": 65, "Al.Dist. Der.": 35, "Ruta": 7 }, "geometry": { "type": "Point", "coordinates": [ -63.1535628, -34.1829784 ] } },
{ "type": "Feature", "properties": { "Name": "467.42", "P.K.": null, "Al.Dist. Izq.": 65, "Al.Dist. Der.": 35, "Ruta": 7 }, "geometry": { "type": "Point", "coordinates": [ -63.1535653, -34.1830511 ] } },
{ "type": "Feature", "properties": { "Name": "467.53", "P.K.": null, "Al.Dist. Izq.": 65, "Al.Dist. Der.": 35, "Ruta": 7 }, "geometry": { "type": "Point", "coordinates": [ -63.154755, -34.1828835 ] } },
{ "type": "Feature", "properties": { "Name": "467.6", "P.K.": null, "Al.Dist. Izq.": 65, "Al.Dist. Der.": 35, "Ruta": 7 }, "geometry": { "type": "Point", "coordinates": [ -63.1554722, -34.1826955 ] } },
{ "type": "Feature", "properties": { "Name": "467.64", "P.K.": null, "Al.Dist. Izq.": 65, "Al.Dist. Der.": 35, "Ruta": 7 }, "geometry": { "type": "Point", "coordinates": [ -63.1558432, -34.1826231 ] } },
{ "type": "Feature", "properties": { "Name": "467.68", "P.K.": null, "Al.Dist. Izq.": 65, "Al.Dist. Der.": 35, "Ruta": 7 }, "geometry": { "type": "Point", "coordinates": [ -63.1563516, -34.1825363 ] } },
{ "type": "Feature", "properties": { "Name": "467.76", "P.K.": null, "Al.Dist. Izq.": 65, "Al.Dist. Der.": 35, "Ruta": 7 }, "geometry": { "type": "Point", "coordinates": [ -63.1572971, -34.1823316 ] } },
{ "type": "Feature", "properties": { "Name": "468", "P.K.": "PK468", "Al.Dist. Izq.": 65, "Al.Dist. Der.": 35, "Ruta": 7 }, "geometry": { "type": "Point", "coordinates": [ -63.1598536, -34.1818554 ] } },
{ "type": "Feature", "properties": { "Name": "468.36", "P.K.": null, "Al.Dist. Izq.": 65, "Al.Dist. Der.": 35, "Ruta": 7 }, "geometry": { "type": "Point", "coordinates": [ -63.163666, -34.1811414 ] } },
{ "type": "Feature", "properties": { "Name": "469", "P.K.": "PK469", "Al.Dist. Izq.": 65, "Al.Dist. Der.": 35, "Ruta": 7 }, "geometry": { "type": "Point", "coordinates": [ -63.1704486, -34.1797327 ] } },
{ "type": "Feature", "properties": { "Name": "469.16", "P.K.": null, "Al.Dist. Izq.": 65, "Al.Dist. Der.": 35, "Ruta": 7 }, "geometry": { "type": "Point", "coordinates": [ -63.1721723, -34.1795006 ] } },
{ "type": "Feature", "properties": { "Name": "469.25", "P.K.": null, "Al.Dist. Izq.": 65, "Al.Dist. Der.": 35, "Ruta": 7 }, "geometry": { "type": "Point", "coordinates": [ -63.1731104, -34.1792728 ] } },
{ "type": "Feature", "properties": { "Name": "469.27", "P.K.": null, "Al.Dist. Izq.": 65, "Al.Dist. Der.": 35, "Ruta": 7 }, "geometry": { "type": "Point", "coordinates": [ -63.1733679, -34.1793957 ] } },
{ "type": "Feature", "properties": { "Name": "469.33", "P.K.": null, "Al.Dist. Izq.": 65, "Al.Dist. Der.": 35, "Ruta": 7 }, "geometry": { "type": "Point", "coordinates": [ -63.1739103, -34.1790995 ] } },
{ "type": "Feature", "properties": { "Name": "469.35", "P.K.": null, "Al.Dist. Izq.": 65, "Al.Dist. Der.": 35, "Ruta": 7 }, "geometry": { "type": "Point", "coordinates": [ -63.1742004, -34.1791738 ] } },
{ "type": "Feature", "properties": { "Name": "469.46", "P.K.": null, "Al.Dist. Izq.": 65, "Al.Dist. Der.": 35, "Ruta": 7 }, "geometry": { "type": "Point", "coordinates": [ -63.1753557, -34.178973 ] } },
{ "type": "Feature", "properties": { "Name": "469.55", "P.K.": null, "Al.Dist. Izq.": 65, "Al.Dist. Der.": 35, "Ruta": 7 }, "geometry": { "type": "Point", "coordinates": [ -63.1762147, -34.1787455 ] } },
{ "type": "Feature", "properties": { "Name": "469.56", "P.K.": null, "Al.Dist. Izq.": 65, "Al.Dist. Der.": 35, "Ruta": 7 }, "geometry": { "type": "Point", "coordinates": [ -63.176333, -34.1787799 ] } },
{ "type": "Feature", "properties": { "Name": "469.86", "P.K.": null, "Al.Dist. Izq.": 65, "Al.Dist. Der.": 35, "Ruta": 7 }, "geometry": { "type": "Point", "coordinates": [ -63.179486, -34.1781481 ] } },
{ "type": "Feature", "properties": { "Name": "470", "P.K.": "PK470", "Al.Dist. Izq.": 65, "Al.Dist. Der.": 35, "Ruta": 7 }, "geometry": { "type": "Point", "coordinates": [ -63.1809391, -34.1778968 ] } },
{ "type": "Feature", "properties": { "Name": "470.16", "P.K.": null, "Al.Dist. Izq.": 65, "Al.Dist. Der.": 35, "Ruta": 7 }, "geometry": { "type": "Point", "coordinates": [ -63.1827613, -34.1775198 ] } },
{ "type": "Feature", "properties": { "Name": "470.26", "P.K.": null, "Al.Dist. Izq.": 65, "Al.Dist. Der.": 35, "Ruta": 7 }, "geometry": { "type": "Point", "coordinates": [ -63.1839576, -34.1772982 ] } },
{ "type": "Feature", "properties": { "Name": "471", "P.K.": "PK471", "Al.Dist. Izq.": 65, "Al.Dist. Der.": 35, "Ruta": 7 }, "geometry": { "type": "Point", "coordinates": [ -63.1922164, -34.1756048 ] } },
{ "type": "Feature", "properties": { "Name": "471.57", "P.K.": null, "Al.Dist. Izq.": 65, "Al.Dist. Der.": 35, "Ruta": 7 }, "geometry": { "type": "Point", "coordinates": [ -63.1977163, -34.1746104 ] } },
{ "type": "Feature", "properties": { "Name": "472", "P.K.": "PK472", "Al.Dist. Izq.": 65, "Al.Dist. Der.": 35, "Ruta": 7 }, "geometry": { "type": "Point", "coordinates": [ -63.2020229, -34.1738334 ] } },
{ "type": "Feature", "properties": { "Name": "472.33", "P.K.": null, "Al.Dist. Izq.": 65, "Al.Dist. Der.": 35, "Ruta": 7 }, "geometry": { "type": "Point", "coordinates": [ -63.2056439, -34.1732357 ] } },
{ "type": "Feature", "properties": { "Name": "472.6", "P.K.": null, "Al.Dist. Izq.": 65, "Al.Dist. Der.": 35, "Ruta": 7 }, "geometry": { "type": "Point", "coordinates": [ -63.2084391, -34.1726404 ] } },
{ "type": "Feature", "properties": { "Name": "472.65", "P.K.": null, "Al.Dist. Izq.": 65, "Al.Dist. Der.": 35, "Ruta": 7 }, "geometry": { "type": "Point", "coordinates": [ -63.2089668, -34.1724917 ] } },
{ "type": "Feature", "properties": { "Name": "473", "P.K.": "PK473", "Al.Dist. Izq.": 65, "Al.Dist. Der.": 35, "Ruta": 7 }, "geometry": { "type": "Point", "coordinates": [ -63.2127209, -34.1717955 ] } },
{ "type": "Feature", "properties": { "Name": "473.86", "P.K.": null, "Al.Dist. Izq.": 65, "Al.Dist. Der.": 35, "Ruta": 7 }, "geometry": { "type": "Point", "coordinates": [ -63.2218588, -34.1700474 ] } },
{ "type": "Feature", "properties": { "Name": "474", "P.K.": "PK474", "Al.Dist. Izq.": 65, "Al.Dist. Der.": 35, "Ruta": 7 }, "geometry": { "type": "Point", "coordinates": [ -63.2233351, -34.1698534 ] } },
{ "type": "Feature", "properties": { "Name": "474.09", "P.K.": null, "Al.Dist. Izq.": 65, "Al.Dist. Der.": 35, "Ruta": 7 }, "geometry": { "type": "Point", "coordinates": [ -63.2242816, -34.1696018 ] } },
{ "type": "Feature", "properties": { "Name": "474.17", "P.K.": null, "Al.Dist. Izq.": 65, "Al.Dist. Der.": 35, "Ruta": 7 }, "geometry": { "type": "Point", "coordinates": [ -63.2251164, -34.1694983 ] } },
{ "type": "Feature", "properties": { "Name": "474.31", "P.K.": null, "Al.Dist. Izq.": 65, "Al.Dist. Der.": 35, "Ruta": 7 }, "geometry": { "type": "Point", "coordinates": [ -63.2265142, -34.169123 ] } },
{ "type": "Feature", "properties": { "Name": "474.38", "P.K.": null, "Al.Dist. Izq.": 65, "Al.Dist. Der.": 35, "Ruta": 7 }, "geometry": { "type": "Point", "coordinates": [ -63.2272475, -34.1690064 ] } },
{ "type": "Feature", "properties": { "Name": "474.42", "P.K.": null, "Al.Dist. Izq.": 65, "Al.Dist. Der.": 35, "Ruta": 7 }, "geometry": { "type": "Point", "coordinates": [ -63.2276876, -34.1690076 ] } },
{ "type": "Feature", "properties": { "Name": "474.45", "P.K.": null, "Al.Dist. Izq.": 65, "Al.Dist. Der.": 35, "Ruta": 7 }, "geometry": { "type": "Point", "coordinates": [ -63.2279733, -34.1688592 ] } },
{ "type": "Feature", "properties": { "Name": "474.46", "P.K.": null, "Al.Dist. Izq.": 65, "Al.Dist. Der.": 35, "Ruta": 7 }, "geometry": { "type": "Point", "coordinates": [ -63.2281018, -34.1688398 ] } },
{ "type": "Feature", "properties": { "Name": "474.51", "P.K.": null, "Al.Dist. Izq.": 65, "Al.Dist. Der.": 35, "Ruta": 7 }, "geometry": { "type": "Point", "coordinates": [ -63.2285952, -34.1687494 ] } },
{ "type": "Feature", "properties": { "Name": "474.54", "P.K.": null, "Al.Dist. Izq.": 65, "Al.Dist. Der.": 35, "Ruta": 7 }, "geometry": { "type": "Point", "coordinates": [ -63.2289312, -34.1686767 ] } },
{ "type": "Feature", "properties": { "Name": "474.57", "P.K.": null, "Al.Dist. Izq.": 65, "Al.Dist. Der.": 35, "Ruta": 7 }, "geometry": { "type": "Point", "coordinates": [ -63.2292963, -34.1687224 ] } },
{ "type": "Feature", "properties": { "Name": "474.64", "P.K.": null, "Al.Dist. Izq.": 65, "Al.Dist. Der.": 35, "Ruta": 7 }, "geometry": { "type": "Point", "coordinates": [ -63.2300305, -34.1685926 ] } },
{ "type": "Feature", "properties": { "Name": "474.69", "P.K.": null, "Al.Dist. Izq.": 65, "Al.Dist. Der.": 35, "Ruta": 7 }, "geometry": { "type": "Point", "coordinates": [ -63.2305764, -34.1685666 ] } },
{ "type": "Feature", "properties": { "Name": "474.7", "P.K.": null, "Al.Dist. Izq.": 65, "Al.Dist. Der.": 35, "Ruta": 7 }, "geometry": { "type": "Point", "coordinates": [ -63.2307051, -34.1685147 ] } },
{ "type": "Feature", "properties": { "Name": "474.72", "P.K.": null, "Al.Dist. Izq.": 65, "Al.Dist. Der.": 35, "Ruta": 7 }, "geometry": { "type": "Point", "coordinates": [ -63.2308506, -34.1685069 ] } },
{ "type": "Feature", "properties": { "Name": "474.79", "P.K.": null, "Al.Dist. Izq.": 65, "Al.Dist. Der.": 35, "Ruta": 7 }, "geometry": { "type": "Point", "coordinates": [ -63.2314526, -34.16819 ] } },
{ "type": "Feature", "properties": { "Name": "474.79", "P.K.": null, "Al.Dist. Izq.": 65, "Al.Dist. Der.": 35, "Ruta": 7 }, "geometry": { "type": "Point", "coordinates": [ -63.2314444, -34.1681602 ] } },
{ "type": "Feature", "properties": { "Name": "474.88", "P.K.": null, "Al.Dist. Izq.": 65, "Al.Dist. Der.": 35, "Ruta": 7 }, "geometry": { "type": "Point", "coordinates": [ -63.2324901, -34.1680864 ] } },
{ "type": "Feature", "properties": { "Name": "474.91", "P.K.": null, "Al.Dist. Izq.": 65, "Al.Dist. Der.": 35, "Ruta": 7 }, "geometry": { "type": "Point", "coordinates": [ -63.2327751, -34.1680423 ] } },
{ "type": "Feature", "properties": { "Name": "474.93", "P.K.": null, "Al.Dist. Izq.": 65, "Al.Dist. Der.": 35, "Ruta": 7 }, "geometry": { "type": "Point", "coordinates": [ -63.2329867, -34.1679047 ] } },
{ "type": "Feature", "properties": { "Name": "475", "P.K.": "PK475", "Al.Dist. Izq.": 65, "Al.Dist. Der.": 35, "Ruta": 7 }, "geometry": { "type": "Point", "coordinates": [ -63.2337286, -34.1677529 ] } },
{ "type": "Feature", "properties": { "Name": "475.91", "P.K.": null, "Al.Dist. Izq.": 65, "Al.Dist. Der.": 35, "Ruta": 7 }, "geometry": { "type": "Point", "coordinates": [ -63.2433886, -34.1660014 ] } },
{ "type": "Feature", "properties": { "Name": "476", "P.K.": "PK476", "Al.Dist. Izq.": 65, "Al.Dist. Der.": 35, "Ruta": 7 }, "geometry": { "type": "Point", "coordinates": [ -63.2444347, -34.1657836 ] } },
{ "type": "Feature", "properties": { "Name": "477", "P.K.": "PK477", "Al.Dist. Izq.": 65, "Al.Dist. Der.": 35, "Ruta": 7 }, "geometry": { "type": "Point", "coordinates": [ -63.2549811, -34.1637052 ] } },
{ "type": "Feature", "properties": { "Name": "477.02", "P.K.": null, "Al.Dist. Izq.": 65, "Al.Dist. Der.": 35, "Ruta": 7 }, "geometry": { "type": "Point", "coordinates": [ -63.2551695, -34.1637304 ] } },
{ "type": "Feature", "properties": { "Name": "477.32", "P.K.": null, "Al.Dist. Izq.": 65, "Al.Dist. Der.": 35, "Ruta": 7 }, "geometry": { "type": "Point", "coordinates": [ -63.25841, -34.1631348 ] } },
{ "type": "Feature", "properties": { "Name": "477.47", "P.K.": null, "Al.Dist. Izq.": 65, "Al.Dist. Der.": 35, "Ruta": 7 }, "geometry": { "type": "Point", "coordinates": [ -63.2600559, -34.1627789 ] } },
{ "type": "Feature", "properties": { "Name": "477.94", "P.K.": null, "Al.Dist. Izq.": 65, "Al.Dist. Der.": 35, "Ruta": 7 }, "geometry": { "type": "Point", "coordinates": [ -63.2651926, -34.1618015 ] } },
{ "type": "Feature", "properties": { "Name": "478", "P.K.": "PK478", "Al.Dist. Izq.": 65, "Al.Dist. Der.": 35, "Ruta": 7 }, "geometry": { "type": "Point", "coordinates": [ -63.2658773, -34.1616928 ] } },
{ "type": "Feature", "properties": { "Name": "479", "P.K.": "PK479", "Al.Dist. Izq.": 65, "Al.Dist. Der.": 35, "Ruta": 7 }, "geometry": { "type": "Point", "coordinates": [ -63.2763033, -34.1596625 ] } },
{ "type": "Feature", "properties": { "Name": "479.09", "P.K.": null, "Al.Dist. Izq.": 65, "Al.Dist. Der.": 35, "Ruta": 7 }, "geometry": { "type": "Point", "coordinates": [ -63.2772039, -34.1594919 ] } },
{ "type": "Feature", "properties": { "Name": "479.94", "P.K.": null, "Al.Dist. Izq.": 65, "Al.Dist. Der.": 35, "Ruta": 7 }, "geometry": { "type": "Point", "coordinates": [ -63.2863673, -34.1577735 ] } },
{ "type": "Feature", "properties": { "Name": "480", "P.K.": "PK480", "Al.Dist. Izq.": 65, "Al.Dist. Der.": 35, "Ruta": 7 }, "geometry": { "type": "Point", "coordinates": [ -63.2869403, -34.1576658 ] } },
{ "type": "Feature", "properties": { "Name": "480.12", "P.K.": null, "Al.Dist. Izq.": 65, "Al.Dist. Der.": 35, "Ruta": 7 }, "geometry": { "type": "Point", "coordinates": [ -63.2882331, -34.1573923 ] } },
{ "type": "Feature", "properties": { "Name": "480.35", "P.K.": null, "Al.Dist. Izq.": 65, "Al.Dist. Der.": 35, "Ruta": 7 }, "geometry": { "type": "Point", "coordinates": [ -63.2905985, -34.1569248 ] } },
{ "type": "Feature", "properties": { "Name": "480.84", "P.K.": null, "Al.Dist. Izq.": 65, "Al.Dist. Der.": 35, "Ruta": 7 }, "geometry": { "type": "Point", "coordinates": [ -63.2956769, -34.1560506 ] } },
{ "type": "Feature", "properties": { "Name": "480.87", "P.K.": null, "Al.Dist. Izq.": 65, "Al.Dist. Der.": 35, "Ruta": 7 }, "geometry": { "type": "Point", "coordinates": [ -63.2959723, -34.1559249 ] } },
{ "type": "Feature", "properties": { "Name": "481", "P.K.": "PK481", "Al.Dist. Izq.": 65, "Al.Dist. Der.": 35, "Ruta": 7 }, "geometry": { "type": "Point", "coordinates": [ -63.2973583, -34.1556005 ] } },
{ "type": "Feature", "properties": { "Name": "481.44", "P.K.": null, "Al.Dist. Izq.": 65, "Al.Dist. Der.": 35, "Ruta": 7 }, "geometry": { "type": "Point", "coordinates": [ -63.3021347, -34.1547252 ] } },
{ "type": "Feature", "properties": { "Name": "481.7", "P.K.": null, "Al.Dist. Izq.": 65, "Al.Dist. Der.": 35, "Ruta": 7 }, "geometry": { "type": "Point", "coordinates": [ -63.3049071, -34.1542557 ] } },
{ "type": "Feature", "properties": { "Name": "481.85", "P.K.": null, "Al.Dist. Izq.": 65, "Al.Dist. Der.": 35, "Ruta": 7 }, "geometry": { "type": "Point", "coordinates": [ -63.3065633, -34.153907 ] } },
{ "type": "Feature", "properties": { "Name": "482", "P.K.": "PK482", "Al.Dist. Izq.": 65, "Al.Dist. Der.": 35, "Ruta": 7 }, "geometry": { "type": "Point", "coordinates": [ -63.3081673, -34.1536523 ] } },
{ "type": "Feature", "properties": { "Name": "482.57", "P.K.": null, "Al.Dist. Izq.": 65, "Al.Dist. Der.": 35, "Ruta": 7 }, "geometry": { "type": "Point", "coordinates": [ -63.3139391, -34.1524151 ] } },
{ "type": "Feature", "properties": { "Name": "482.58", "P.K.": null, "Al.Dist. Izq.": 65, "Al.Dist. Der.": 35, "Ruta": 7 }, "geometry": { "type": "Point", "coordinates": [ -63.3139913, -34.152471 ] } },
{ "type": "Feature", "properties": { "Name": "482.65", "P.K.": null, "Al.Dist. Izq.": 65, "Al.Dist. Der.": 35, "Ruta": 7 }, "geometry": { "type": "Point", "coordinates": [ -63.3147055, -34.1522528 ] } },
{ "type": "Feature", "properties": { "Name": "482.68", "P.K.": null, "Al.Dist. Izq.": 65, "Al.Dist. Der.": 35, "Ruta": 7 }, "geometry": { "type": "Point", "coordinates": [ -63.3149593, -34.152293 ] } },
{ "type": "Feature", "properties": { "Name": "482.74", "P.K.": null, "Al.Dist. Izq.": 65, "Al.Dist. Der.": 35, "Ruta": 7 }, "geometry": { "type": "Point", "coordinates": [ -63.3155736, -34.1521266 ] } },
{ "type": "Feature", "properties": { "Name": "482.75", "P.K.": null, "Al.Dist. Izq.": 65, "Al.Dist. Der.": 35, "Ruta": 7 }, "geometry": { "type": "Point", "coordinates": [ -63.3157499, -34.1520996 ] } },
{ "type": "Feature", "properties": { "Name": "482.8", "P.K.": null, "Al.Dist. Izq.": 65, "Al.Dist. Der.": 35, "Ruta": 7 }, "geometry": { "type": "Point", "coordinates": [ -63.3161935, -34.1520281 ] } },
{ "type": "Feature", "properties": { "Name": "482.81", "P.K.": null, "Al.Dist. Izq.": 65, "Al.Dist. Der.": 35, "Ruta": 7 }, "geometry": { "type": "Point", "coordinates": [ -63.3163574, -34.1520076 ] } },
{ "type": "Feature", "properties": { "Name": "482.92", "P.K.": null, "Al.Dist. Izq.": 65, "Al.Dist. Der.": 35, "Ruta": 7 }, "geometry": { "type": "Point", "coordinates": [ -63.3174206, -34.1518583 ] } },
{ "type": "Feature", "properties": { "Name": "483", "P.K.": "PK483", "Al.Dist. Izq.": 65, "Al.Dist. Der.": 35, "Ruta": 7 }, "geometry": { "type": "Point", "coordinates": [ -63.318301, -34.1516016 ] } },
{ "type": "Feature", "properties": { "Name": "483.01", "P.K.": null, "Al.Dist. Izq.": 65, "Al.Dist. Der.": 35, "Ruta": 7 }, "geometry": { "type": "Point", "coordinates": [ -63.3183312, -34.151676 ] } },
{ "type": "Feature", "properties": { "Name": "483.81", "P.K.": null, "Al.Dist. Izq.": 65, "Al.Dist. Der.": 35, "Ruta": 7 }, "geometry": { "type": "Point", "coordinates": [ -63.3271332, -34.1499951 ] } },
{ "type": "Feature", "properties": { "Name": "484", "P.K.": "PK484", "Al.Dist. Izq.": 65, "Al.Dist. Der.": 35, "Ruta": 7 }, "geometry": { "type": "Point", "coordinates": [ -63.3292914, -34.1496067 ] } },
{ "type": "Feature", "properties": { "Name": "484.34", "P.K.": null, "Al.Dist. Izq.": 65, "Al.Dist. Der.": 35, "Ruta": 7 }, "geometry": { "type": "Point", "coordinates": [ -63.3327035, -34.1487612 ] } },
{ "type": "Feature", "properties": { "Name": "484.34", "P.K.": null, "Al.Dist. Izq.": 65, "Al.Dist. Der.": 35, "Ruta": 7 }, "geometry": { "type": "Point", "coordinates": [ -63.3327286, -34.1490123 ] } },
{ "type": "Feature", "properties": { "Name": "484.39", "P.K.": null, "Al.Dist. Izq.": 65, "Al.Dist. Der.": 35, "Ruta": 7 }, "geometry": { "type": "Point", "coordinates": [ -63.3332845, -34.1487426 ] } },
{ "type": "Feature", "properties": { "Name": "484.43", "P.K.": null, "Al.Dist. Izq.": 65, "Al.Dist. Der.": 35, "Ruta": 7 }, "geometry": { "type": "Point", "coordinates": [ -63.3336408, -34.1486849 ] } },
{ "type": "Feature", "properties": { "Name": "484.45", "P.K.": null, "Al.Dist. Izq.": 65, "Al.Dist. Der.": 35, "Ruta": 7 }, "geometry": { "type": "Point", "coordinates": [ -63.3338662, -34.1486178 ] } },
{ "type": "Feature", "properties": { "Name": "484.89", "P.K.": null, "Al.Dist. Izq.": 65, "Al.Dist. Der.": 35, "Ruta": 7 }, "geometry": { "type": "Point", "coordinates": [ -63.3384236, -34.1482365 ] } },
{ "type": "Feature", "properties": { "Name": "485", "P.K.": "PK485", "Al.Dist. Izq.": 65, "Al.Dist. Der.": 35, "Ruta": 7 }, "geometry": { "type": "Point", "coordinates": [ -63.3395867, -34.148196 ] } },
{ "type": "Feature", "properties": { "Name": "485.01", "P.K.": null, "Al.Dist. Izq.": 65, "Al.Dist. Der.": 35, "Ruta": 7 }, "geometry": { "type": "Point", "coordinates": [ -63.3397138, -34.1483048 ] } },
{ "type": "Feature", "properties": { "Name": "485.18", "P.K.": null, "Al.Dist. Izq.": 65, "Al.Dist. Der.": 35, "Ruta": 7 }, "geometry": { "type": "Point", "coordinates": [ -63.341602, -34.1485212 ] } },
{ "type": "Feature", "properties": { "Name": "485.34", "P.K.": null, "Al.Dist. Izq.": 65, "Al.Dist. Der.": 35, "Ruta": 7 }, "geometry": { "type": "Point", "coordinates": [ -63.3433046, -34.1487071 ] } },
{ "type": "Feature", "properties": { "Name": "485.57", "P.K.": null, "Al.Dist. Izq.": 65, "Al.Dist. Der.": 35, "Ruta": 7 }, "geometry": { "type": "Point", "coordinates": [ -63.3460106, -34.1487204 ] } },
{ "type": "Feature", "properties": { "Name": "485.69", "P.K.": null, "Al.Dist. Izq.": 65, "Al.Dist. Der.": 35, "Ruta": 7 }, "geometry": { "type": "Point", "coordinates": [ -63.3472034, -34.1488815 ] } },
{ "type": "Feature", "properties": { "Name": "485.72", "P.K.": null, "Al.Dist. Izq.": 65, "Al.Dist. Der.": 35, "Ruta": 7 }, "geometry": { "type": "Point", "coordinates": [ -63.3476139, -34.1489069 ] } },
{ "type": "Feature", "properties": { "Name": "485.91", "P.K.": null, "Al.Dist. Izq.": 65, "Al.Dist. Der.": 35, "Ruta": 7 }, "geometry": { "type": "Point", "coordinates": [ -63.3497204, -34.1489846 ] } },
{ "type": "Feature", "properties": { "Name": "486", "P.K.": "PK486", "Al.Dist. Izq.": 65, "Al.Dist. Der.": 35, "Ruta": 7 }, "geometry": { "type": "Point", "coordinates": [ -63.3507608, -34.1490295 ] } },
{ "type": "Feature", "properties": { "Name": "486.06", "P.K.": null, "Al.Dist. Izq.": 65, "Al.Dist. Der.": 35, "Ruta": 7 }, "geometry": { "type": "Point", "coordinates": [ -63.3514122, -34.1490032 ] } },
{ "type": "Feature", "properties": { "Name": "486.31", "P.K.": null, "Al.Dist. Izq.": 65, "Al.Dist. Der.": 35, "Ruta": 7 }, "geometry": { "type": "Point", "coordinates": [ -63.3541665, -34.1490018 ] } },
{ "type": "Feature", "properties": { "Name": "486.32", "P.K.": null, "Al.Dist. Izq.": 65, "Al.Dist. Der.": 35, "Ruta": 7 }, "geometry": { "type": "Point", "coordinates": [ -63.3542998, -34.1489267 ] } },
{ "type": "Feature", "properties": { "Name": "486.41", "P.K.": null, "Al.Dist. Izq.": 65, "Al.Dist. Der.": 35, "Ruta": 7 }, "geometry": { "type": "Point", "coordinates": [ -63.355282, -34.1488741 ] } },
{ "type": "Feature", "properties": { "Name": "486.88", "P.K.": null, "Al.Dist. Izq.": 65, "Al.Dist. Der.": 35, "Ruta": 7 }, "geometry": { "type": "Point", "coordinates": [ -63.360455, -34.1489621 ] } },
{ "type": "Feature", "properties": { "Name": "486.92", "P.K.": null, "Al.Dist. Izq.": 65, "Al.Dist. Der.": 35, "Ruta": 7 }, "geometry": { "type": "Point", "coordinates": [ -63.360929, -34.1489188 ] } },
{ "type": "Feature", "properties": { "Name": "487", "P.K.": "PK487", "Al.Dist. Izq.": 65, "Al.Dist. Der.": 35, "Ruta": 7 }, "geometry": { "type": "Point", "coordinates": [ -63.3617847, -34.1488791 ] } },
{ "type": "Feature", "properties": { "Name": "487.04", "P.K.": null, "Al.Dist. Izq.": 65, "Al.Dist. Der.": 35, "Ruta": 7 }, "geometry": { "type": "Point", "coordinates": [ -63.3622441, -34.1488989 ] } },
{ "type": "Feature", "properties": { "Name": "487.22", "P.K.": null, "Al.Dist. Izq.": 65, "Al.Dist. Der.": 35, "Ruta": 7 }, "geometry": { "type": "Point", "coordinates": [ -63.3641966, -34.14883 ] } },
{ "type": "Feature", "properties": { "Name": "487.39", "P.K.": null, "Al.Dist. Izq.": 65, "Al.Dist. Der.": 35, "Ruta": 7 }, "geometry": { "type": "Point", "coordinates": [ -63.3659843, -34.1489008 ] } },
{ "type": "Feature", "properties": { "Name": "487.52", "P.K.": null, "Al.Dist. Izq.": 65, "Al.Dist. Der.": 35, "Ruta": 7 }, "geometry": { "type": "Point", "coordinates": [ -63.3675809, -34.1488575 ] } },
{ "type": "Feature", "properties": { "Name": "487.59", "P.K.": null, "Al.Dist. Izq.": 65, "Al.Dist. Der.": 35, "Ruta": 7 }, "geometry": { "type": "Point", "coordinates": [ -63.3682502, -34.1488673 ] } },
{ "type": "Feature", "properties": { "Name": "487.59", "P.K.": null, "Al.Dist. Izq.": 65, "Al.Dist. Der.": 35, "Ruta": 7 }, "geometry": { "type": "Point", "coordinates": [ -63.3682599, -34.1489757 ] } },
{ "type": "Feature", "properties": { "Name": "487.62", "P.K.": null, "Al.Dist. Izq.": 65, "Al.Dist. Der.": 35, "Ruta": 7 }, "geometry": { "type": "Point", "coordinates": [ -63.3686474, -34.1488289 ] } },
{ "type": "Feature", "properties": { "Name": "487.69", "P.K.": null, "Al.Dist. Izq.": 65, "Al.Dist. Der.": 35, "Ruta": 7 }, "geometry": { "type": "Point", "coordinates": [ -63.3693609, -34.1488905 ] } },
{ "type": "Feature", "properties": { "Name": "487.73", "P.K.": null, "Al.Dist. Izq.": 65, "Al.Dist. Der.": 35, "Ruta": 7 }, "geometry": { "type": "Point", "coordinates": [ -63.3698162, -34.1489965 ] } },
{ "type": "Feature", "properties": { "Name": "487.74", "P.K.": null, "Al.Dist. Izq.": 65, "Al.Dist. Der.": 35, "Ruta": 7 }, "geometry": { "type": "Point", "coordinates": [ -63.3699557, -34.1487848 ] } },
{ "type": "Feature", "properties": { "Name": "487.91", "P.K.": null, "Al.Dist. Izq.": 65, "Al.Dist. Der.": 35, "Ruta": 7 }, "geometry": { "type": "Point", "coordinates": [ -63.3717544, -34.1487845 ] } },
{ "type": "Feature", "properties": { "Name": "487.96", "P.K.": null, "Al.Dist. Izq.": 65, "Al.Dist. Der.": 35, "Ruta": 7 }, "geometry": { "type": "Point", "coordinates": [ -63.3723522, -34.148741 ] } },
{ "type": "Feature", "properties": { "Name": "487.99", "P.K.": null, "Al.Dist. Izq.": 65, "Al.Dist. Der.": 35, "Ruta": 7 }, "geometry": { "type": "Point", "coordinates": [ -63.3726815, -34.148772 ] } },
{ "type": "Feature", "properties": { "Name": "488", "P.K.": "PK488", "Al.Dist. Izq.": 65, "Al.Dist. Der.": 35, "Ruta": 7 }, "geometry": { "type": "Point", "coordinates": [ -63.3726919, -34.1487238 ] } },
{ "type": "Feature", "properties": { "Name": "488.08", "P.K.": null, "Al.Dist. Izq.": 65, "Al.Dist. Der.": 35, "Ruta": 7 }, "geometry": { "type": "Point", "coordinates": [ -63.3735995, -34.1486247 ] } },
{ "type": "Feature", "properties": { "Name": "488.16", "P.K.": null, "Al.Dist. Izq.": 65, "Al.Dist. Der.": 35, "Ruta": 7 }, "geometry": { "type": "Point", "coordinates": [ -63.3744524, -34.1484893 ] } },
{ "type": "Feature", "properties": { "Name": "488.2", "P.K.": null, "Al.Dist. Izq.": 65, "Al.Dist. Der.": 35, "Ruta": 7 }, "geometry": { "type": "Point", "coordinates": [ -63.3749255, -34.1484768 ] } },
{ "type": "Feature", "properties": { "Name": "488.34", "P.K.": null, "Al.Dist. Izq.": 65, "Al.Dist. Der.": 35, "Ruta": 7 }, "geometry": { "type": "Point", "coordinates": [ -63.3764792, -34.1482143 ] } },
{ "type": "Feature", "properties": { "Name": "488.39", "P.K.": null, "Al.Dist. Izq.": 65, "Al.Dist. Der.": 35, "Ruta": 7 }, "geometry": { "type": "Point", "coordinates": [ -63.3770434, -34.1480431 ] } },
{ "type": "Feature", "properties": { "Name": "488.66", "P.K.": null, "Al.Dist. Izq.": 65, "Al.Dist. Der.": 35, "Ruta": 7 }, "geometry": { "type": "Point", "coordinates": [ -63.3798745, -34.1475961 ] } },
{ "type": "Feature", "properties": { "Name": "488.77", "P.K.": null, "Al.Dist. Izq.": 65, "Al.Dist. Der.": 35, "Ruta": 7 }, "geometry": { "type": "Point", "coordinates": [ -63.3811194, -34.1473605 ] } },
{ "type": "Feature", "properties": { "Name": "488.81", "P.K.": null, "Al.Dist. Izq.": 65, "Al.Dist. Der.": 35, "Ruta": 7 }, "geometry": { "type": "Point", "coordinates": [ -63.381632, -34.1473475 ] } },
{ "type": "Feature", "properties": { "Name": "488.88", "P.K.": null, "Al.Dist. Izq.": 65, "Al.Dist. Der.": 35, "Ruta": 7 }, "geometry": { "type": "Point", "coordinates": [ -63.3823579, -34.147257 ] } },
{ "type": "Feature", "properties": { "Name": "488.98", "P.K.": null, "Al.Dist. Izq.": 65, "Al.Dist. Der.": 35, "Ruta": 7 }, "geometry": { "type": "Point", "coordinates": [ -63.3834177, -34.1470856 ] } },
{ "type": "Feature", "properties": { "Name": "488.99", "P.K.": null, "Al.Dist. Izq.": 65, "Al.Dist. Der.": 35, "Ruta": 7 }, "geometry": { "type": "Point", "coordinates": [ -63.3835089, -34.1471491 ] } },
{ "type": "Feature", "properties": { "Name": "489", "P.K.": "PK489", "Al.Dist. Izq.": 65, "Al.Dist. Der.": 35, "Ruta": 7 }, "geometry": { "type": "Point", "coordinates": [ -63.3836158, -34.1470115 ] } },
{ "type": "Feature", "properties": { "Name": "489.12", "P.K.": null, "Al.Dist. Izq.": 65, "Al.Dist. Der.": 35, "Ruta": 7 }, "geometry": { "type": "Point", "coordinates": [ -63.3847464, -34.1468511 ] } },
{ "type": "Feature", "properties": { "Name": "489.16", "P.K.": null, "Al.Dist. Izq.": 65, "Al.Dist. Der.": 35, "Ruta": 7 }, "geometry": { "type": "Point", "coordinates": [ -63.3852553, -34.1467595 ] } },
{ "type": "Feature", "properties": { "Name": "489.2", "P.K.": null, "Al.Dist. Izq.": 65, "Al.Dist. Der.": 35, "Ruta": 7 }, "geometry": { "type": "Point", "coordinates": [ -63.3856154, -34.146812 ] } },
{ "type": "Feature", "properties": { "Name": "489.23", "P.K.": null, "Al.Dist. Izq.": 65, "Al.Dist. Der.": 35, "Ruta": 7 }, "geometry": { "type": "Point", "coordinates": [ -63.3859041, -34.1467892 ] } },
{ "type": "Feature", "properties": { "Name": "489.31", "P.K.": null, "Al.Dist. Izq.": 65, "Al.Dist. Der.": 35, "Ruta": 7 }, "geometry": { "type": "Point", "coordinates": [ -63.3867407, -34.1465688 ] } },
{ "type": "Feature", "properties": { "Name": "489.43", "P.K.": null, "Al.Dist. Izq.": 65, "Al.Dist. Der.": 35, "Ruta": 7 }, "geometry": { "type": "Point", "coordinates": [ -63.3879238, -34.1464457 ] } },
{ "type": "Feature", "properties": { "Name": "489.47", "P.K.": null, "Al.Dist. Izq.": 65, "Al.Dist. Der.": 35, "Ruta": 7 }, "geometry": { "type": "Point", "coordinates": [ -63.3882995, -34.1463287 ] } },
{ "type": "Feature", "properties": { "Name": "489.49", "P.K.": null, "Al.Dist. Izq.": 65, "Al.Dist. Der.": 35, "Ruta": 7 }, "geometry": { "type": "Point", "coordinates": [ -63.388526, -34.146307 ] } },
{ "type": "Feature", "properties": { "Name": "489.54", "P.K.": null, "Al.Dist. Izq.": 65, "Al.Dist. Der.": 35, "Ruta": 7 }, "geometry": { "type": "Point", "coordinates": [ -63.3889031, -34.1462459 ] } },
{ "type": "Feature", "properties": { "Name": "489.55", "P.K.": null, "Al.Dist. Izq.": 65, "Al.Dist. Der.": 35, "Ruta": 7 }, "geometry": { "type": "Point", "coordinates": [ -63.3891, -34.1461971 ] } },
{ "type": "Feature", "properties": { "Name": "489.59", "P.K.": null, "Al.Dist. Izq.": 65, "Al.Dist. Der.": 35, "Ruta": 7 }, "geometry": { "type": "Point", "coordinates": [ -63.3895278, -34.1461391 ] } },
{ "type": "Feature", "properties": { "Name": "489.59", "P.K.": null, "Al.Dist. Izq.": 65, "Al.Dist. Der.": 35, "Ruta": 7 }, "geometry": { "type": "Point", "coordinates": [ -63.3895113, -34.1462465 ] } },
{ "type": "Feature", "properties": { "Name": "489.63", "P.K.": null, "Al.Dist. Izq.": 65, "Al.Dist. Der.": 35, "Ruta": 7 }, "geometry": { "type": "Point", "coordinates": [ -63.3899648, -34.1460964 ] } },
{ "type": "Feature", "properties": { "Name": "489.66", "P.K.": null, "Al.Dist. Izq.": 65, "Al.Dist. Der.": 35, "Ruta": 7 }, "geometry": { "type": "Point", "coordinates": [ -63.3901373, -34.1460644 ] } },
{ "type": "Feature", "properties": { "Name": "489.66", "P.K.": null, "Al.Dist. Izq.": 65, "Al.Dist. Der.": 35, "Ruta": 7 }, "geometry": { "type": "Point", "coordinates": [ -63.3901893, -34.1462054 ] } },
{ "type": "Feature", "properties": { "Name": "489.67", "P.K.": null, "Al.Dist. Izq.": 65, "Al.Dist. Der.": 35, "Ruta": 7 }, "geometry": { "type": "Point", "coordinates": [ -63.3902103, -34.1460589 ] } },
{ "type": "Feature", "properties": { "Name": "489.69", "P.K.": null, "Al.Dist. Izq.": 65, "Al.Dist. Der.": 35, "Ruta": 7 }, "geometry": { "type": "Point", "coordinates": [ -63.3904025, -34.1460275 ] } },
{ "type": "Feature", "properties": { "Name": "489.71", "P.K.": null, "Al.Dist. Izq.": 65, "Al.Dist. Der.": 35, "Ruta": 7 }, "geometry": { "type": "Point", "coordinates": [ -63.3906835, -34.1459995 ] } },
{ "type": "Feature", "properties": { "Name": "489.71", "P.K.": null, "Al.Dist. Izq.": 65, "Al.Dist. Der.": 35, "Ruta": 7 }, "geometry": { "type": "Point", "coordinates": [ -63.3906818, -34.145893 ] } },
{ "type": "Feature", "properties": { "Name": "489.73", "P.K.": null, "Al.Dist. Izq.": 65, "Al.Dist. Der.": 35, "Ruta": 7 }, "geometry": { "type": "Point", "coordinates": [ -63.3908937, -34.146062 ] } },
{ "type": "Feature", "properties": { "Name": "489.74", "P.K.": null, "Al.Dist. Izq.": 65, "Al.Dist. Der.": 35, "Ruta": 7 }, "geometry": { "type": "Point", "coordinates": [ -63.3909909, -34.1460325 ] } },
{ "type": "Feature", "properties": { "Name": "489.74", "P.K.": null, "Al.Dist. Izq.": 65, "Al.Dist. Der.": 35, "Ruta": 7 }, "geometry": { "type": "Point", "coordinates": [ -63.3909909, -34.1460325 ] } },
{ "type": "Feature", "properties": { "Name": "489.78", "P.K.": null, "Al.Dist. Izq.": 65, "Al.Dist. Der.": 35, "Ruta": 7 }, "geometry": { "type": "Point", "coordinates": [ -63.391407, -34.1459041 ] } },
{ "type": "Feature", "properties": { "Name": "489.78", "P.K.": null, "Al.Dist. Izq.": 65, "Al.Dist. Der.": 35, "Ruta": 7 }, "geometry": { "type": "Point", "coordinates": [ -63.391407, -34.1459041 ] } },
{ "type": "Feature", "properties": { "Name": "489.78", "P.K.": null, "Al.Dist. Izq.": 65, "Al.Dist. Der.": 35, "Ruta": 7 }, "geometry": { "type": "Point", "coordinates": [ -63.3914097, -34.1458108 ] } },
{ "type": "Feature", "properties": { "Name": "489.82", "P.K.": null, "Al.Dist. Izq.": 65, "Al.Dist. Der.": 35, "Ruta": 7 }, "geometry": { "type": "Point", "coordinates": [ -63.3917724, -34.1458108 ] } },
{ "type": "Feature", "properties": { "Name": "489.89", "P.K.": null, "Al.Dist. Izq.": 65, "Al.Dist. Der.": 35, "Ruta": 7 }, "geometry": { "type": "Point", "coordinates": [ -63.3924333, -34.1456197 ] } },
{ "type": "Feature", "properties": { "Name": "489.92", "P.K.": null, "Al.Dist. Izq.": 65, "Al.Dist. Der.": 35, "Ruta": 7 }, "geometry": { "type": "Point", "coordinates": [ -63.3927856, -34.1455292 ] } },
{ "type": "Feature", "properties": { "Name": "489.95", "P.K.": null, "Al.Dist. Izq.": 65, "Al.Dist. Der.": 35, "Ruta": 7 }, "geometry": { "type": "Point", "coordinates": [ -63.3929821, -34.1455553 ] } },
{ "type": "Feature", "properties": { "Name": "489.97", "P.K.": null, "Al.Dist. Izq.": 65, "Al.Dist. Der.": 35, "Ruta": 7 }, "geometry": { "type": "Point", "coordinates": [ -63.3932373, -34.1456604 ] } },
{ "type": "Feature", "properties": { "Name": "489.97", "P.K.": null, "Al.Dist. Izq.": 65, "Al.Dist. Der.": 35, "Ruta": 7 }, "geometry": { "type": "Point", "coordinates": [ -63.3932373, -34.1456604 ] } },
{ "type": "Feature", "properties": { "Name": "490", "P.K.": "PK490", "Al.Dist. Izq.": 65, "Al.Dist. Der.": 35, "Ruta": 7 }, "geometry": { "type": "Point", "coordinates": [ -63.3936071, -34.145767 ] } },
{ "type": "Feature", "properties": { "Name": "490.07", "P.K.": null, "Al.Dist. Izq.": 65, "Al.Dist. Der.": 35, "Ruta": 7 }, "geometry": { "type": "Point", "coordinates": [ -63.3942937, -34.1454457 ] } },
{ "type": "Feature", "properties": { "Name": "490.13", "P.K.": null, "Al.Dist. Izq.": 65, "Al.Dist. Der.": 35, "Ruta": 7 }, "geometry": { "type": "Point", "coordinates": [ -63.3949609, -34.145505 ] } },
{ "type": "Feature", "properties": { "Name": "490.13", "P.K.": null, "Al.Dist. Izq.": 65, "Al.Dist. Der.": 35, "Ruta": 7 }, "geometry": { "type": "Point", "coordinates": [ -63.3948845, -34.1452129 ] } },
{ "type": "Feature", "properties": { "Name": "490.16", "P.K.": null, "Al.Dist. Izq.": 65, "Al.Dist. Der.": 35, "Ruta": 7 }, "geometry": { "type": "Point", "coordinates": [ -63.3952952, -34.1453302 ] } },
{ "type": "Feature", "properties": { "Name": "490.19", "P.K.": null, "Al.Dist. Izq.": 65, "Al.Dist. Der.": 35, "Ruta": 7 }, "geometry": { "type": "Point", "coordinates": [ -63.3955466, -34.1453755 ] } },
{ "type": "Feature", "properties": { "Name": "490.23", "P.K.": null, "Al.Dist. Izq.": 65, "Al.Dist. Der.": 35, "Ruta": 7 }, "geometry": { "type": "Point", "coordinates": [ -63.3960257, -34.1452822 ] } },
{ "type": "Feature", "properties": { "Name": "490.23", "P.K.": null, "Al.Dist. Izq.": 65, "Al.Dist. Der.": 35, "Ruta": 7 }, "geometry": { "type": "Point", "coordinates": [ -63.3960257, -34.1452822 ] } },
{ "type": "Feature", "properties": { "Name": "490.29", "P.K.": null, "Al.Dist. Izq.": 65, "Al.Dist. Der.": 35, "Ruta": 7 }, "geometry": { "type": "Point", "coordinates": [ -63.3966142, -34.1452115 ] } },
{ "type": "Feature", "properties": { "Name": "490.31", "P.K.": null, "Al.Dist. Izq.": 65, "Al.Dist. Der.": 35, "Ruta": 7 }, "geometry": { "type": "Point", "coordinates": [ -63.3968924, -34.1451615 ] } },
{ "type": "Feature", "properties": { "Name": "490.35", "P.K.": null, "Al.Dist. Izq.": 65, "Al.Dist. Der.": 35, "Ruta": 7 }, "geometry": { "type": "Point", "coordinates": [ -63.3972938, -34.1450869 ] } },
{ "type": "Feature", "properties": { "Name": "490.36", "P.K.": null, "Al.Dist. Izq.": 65, "Al.Dist. Der.": 35, "Ruta": 7 }, "geometry": { "type": "Point", "coordinates": [ -63.3973977, -34.1449481 ] } },
{ "type": "Feature", "properties": { "Name": "490.38", "P.K.": null, "Al.Dist. Izq.": 65, "Al.Dist. Der.": 35, "Ruta": 7 }, "geometry": { "type": "Point", "coordinates": [ -63.3975915, -34.1450397 ] } },
{ "type": "Feature", "properties": { "Name": "490.39", "P.K.": null, "Al.Dist. Izq.": 65, "Al.Dist. Der.": 35, "Ruta": 7 }, "geometry": { "type": "Point", "coordinates": [ -63.3977353, -34.1448852 ] } },
{ "type": "Feature", "properties": { "Name": "490.4", "P.K.": null, "Al.Dist. Izq.": 65, "Al.Dist. Der.": 35, "Ruta": 7 }, "geometry": { "type": "Point", "coordinates": [ -63.3977725, -34.1450145 ] } },
{ "type": "Feature", "properties": { "Name": "490.43", "P.K.": null, "Al.Dist. Izq.": 65, "Al.Dist. Der.": 35, "Ruta": 7 }, "geometry": { "type": "Point", "coordinates": [ -63.3981732, -34.1448216 ] } },
{ "type": "Feature", "properties": { "Name": "490.44", "P.K.": null, "Al.Dist. Izq.": 65, "Al.Dist. Der.": 35, "Ruta": 7 }, "geometry": { "type": "Point", "coordinates": [ -63.3982198, -34.1449537 ] } },
{ "type": "Feature", "properties": { "Name": "490.47", "P.K.": null, "Al.Dist. Izq.": 65, "Al.Dist. Der.": 35, "Ruta": 7 }, "geometry": { "type": "Point", "coordinates": [ -63.3985386, -34.1449371 ] } },
{ "type": "Feature", "properties": { "Name": "490.49", "P.K.": null, "Al.Dist. Izq.": 65, "Al.Dist. Der.": 35, "Ruta": 7 }, "geometry": { "type": "Point", "coordinates": [ -63.3988243, -34.1448799 ] } },
{ "type": "Feature", "properties": { "Name": "490.5", "P.K.": null, "Al.Dist. Izq.": 65, "Al.Dist. Der.": 35, "Ruta": 7 }, "geometry": { "type": "Point", "coordinates": [ -63.3989557, -34.1448016 ] } },
{ "type": "Feature", "properties": { "Name": "490.51", "P.K.": null, "Al.Dist. Izq.": 65, "Al.Dist. Der.": 35, "Ruta": 7 }, "geometry": { "type": "Point", "coordinates": [ -63.3991478, -34.1447423 ] } },
{ "type": "Feature", "properties": { "Name": "490.52", "P.K.": null, "Al.Dist. Izq.": 65, "Al.Dist. Der.": 35, "Ruta": 7 }, "geometry": { "type": "Point", "coordinates": [ -63.399233, -34.1447384 ] } },
{ "type": "Feature", "properties": { "Name": "490.52", "P.K.": null, "Al.Dist. Izq.": 65, "Al.Dist. Der.": 35, "Ruta": 7 }, "geometry": { "type": "Point", "coordinates": [ -63.399233, -34.1447384 ] } },
{ "type": "Feature", "properties": { "Name": "490.53", "P.K.": null, "Al.Dist. Izq.": 65, "Al.Dist. Der.": 35, "Ruta": 7 }, "geometry": { "type": "Point", "coordinates": [ -63.3993131, -34.1448463 ] } },
{ "type": "Feature", "properties": { "Name": "490.55", "P.K.": null, "Al.Dist. Izq.": 65, "Al.Dist. Der.": 35, "Ruta": 7 }, "geometry": { "type": "Point", "coordinates": [ -63.3994682, -34.1446308 ] } },
{ "type": "Feature", "properties": { "Name": "490.62", "P.K.": null, "Al.Dist. Izq.": 65, "Al.Dist. Der.": 35, "Ruta": 7 }, "geometry": { "type": "Point", "coordinates": [ -63.4002244, -34.1445005 ] } },
{ "type": "Feature", "properties": { "Name": "490.64", "P.K.": null, "Al.Dist. Izq.": 65, "Al.Dist. Der.": 35, "Ruta": 7 }, "geometry": { "type": "Point", "coordinates": [ -63.4005242, -34.1446218 ] } },
{ "type": "Feature", "properties": { "Name": "490.65", "P.K.": null, "Al.Dist. Izq.": 65, "Al.Dist. Der.": 35, "Ruta": 7 }, "geometry": { "type": "Point", "coordinates": [ -63.4005959, -34.1446057 ] } },
{ "type": "Feature", "properties": { "Name": "490.65", "P.K.": null, "Al.Dist. Izq.": 65, "Al.Dist. Der.": 35, "Ruta": 7 }, "geometry": { "type": "Point", "coordinates": [ -63.4005959, -34.1446057 ] } },
{ "type": "Feature", "properties": { "Name": "490.67", "P.K.": null, "Al.Dist. Izq.": 65, "Al.Dist. Der.": 35, "Ruta": 7 }, "geometry": { "type": "Point", "coordinates": [ -63.4008028, -34.1443319 ] } },
{ "type": "Feature", "properties": { "Name": "490.74", "P.K.": null, "Al.Dist. Izq.": 65, "Al.Dist. Der.": 35, "Ruta": 7 }, "geometry": { "type": "Point", "coordinates": [ -63.4015722, -34.1442531 ] } },
{ "type": "Feature", "properties": { "Name": "490.76", "P.K.": null, "Al.Dist. Izq.": 65, "Al.Dist. Der.": 35, "Ruta": 7 }, "geometry": { "type": "Point", "coordinates": [ -63.4018076, -34.1443333 ] } },
{ "type": "Feature", "properties": { "Name": "490.77", "P.K.": null, "Al.Dist. Izq.": 65, "Al.Dist. Der.": 35, "Ruta": 7 }, "geometry": { "type": "Point", "coordinates": [ -63.4018284, -34.1443668 ] } },
{ "type": "Feature", "properties": { "Name": "490.83", "P.K.": null, "Al.Dist. Izq.": 65, "Al.Dist. Der.": 35, "Ruta": 7 }, "geometry": { "type": "Point", "coordinates": [ -63.4024748, -34.1442655 ] } },
{ "type": "Feature", "properties": { "Name": "490.84", "P.K.": null, "Al.Dist. Izq.": 65, "Al.Dist. Der.": 35, "Ruta": 7 }, "geometry": { "type": "Point", "coordinates": [ -63.4025973, -34.1441804 ] } },
{ "type": "Feature", "properties": { "Name": "490.9", "P.K.": null, "Al.Dist. Izq.": 65, "Al.Dist. Der.": 35, "Ruta": 7 }, "geometry": { "type": "Point", "coordinates": [ -63.4033163, -34.1442511 ] } },
{ "type": "Feature", "properties": { "Name": "490.96", "P.K.": null, "Al.Dist. Izq.": 65, "Al.Dist. Der.": 35, "Ruta": 7 }, "geometry": { "type": "Point", "coordinates": [ -63.4039019, -34.1439815 ] } },
{ "type": "Feature", "properties": { "Name": "490.98", "P.K.": null, "Al.Dist. Izq.": 65, "Al.Dist. Der.": 35, "Ruta": 7 }, "geometry": { "type": "Point", "coordinates": [ -63.4040784, -34.1440028 ] } },
{ "type": "Feature", "properties": { "Name": "490.99", "P.K.": null, "Al.Dist. Izq.": 65, "Al.Dist. Der.": 35, "Ruta": 7 }, "geometry": { "type": "Point", "coordinates": [ -63.4042162, -34.1440771 ] } },
{ "type": "Feature", "properties": { "Name": "491", "P.K.": "PK491", "Al.Dist. Izq.": 65, "Al.Dist. Der.": 35, "Ruta": 7 }, "geometry": { "type": "Point", "coordinates": [ -63.4043446, -34.1438993 ] } },
{ "type": "Feature", "properties": { "Name": "491.06", "P.K.": null, "Al.Dist. Izq.": 65, "Al.Dist. Der.": 35, "Ruta": 7 }, "geometry": { "type": "Point", "coordinates": [ -63.4049713, -34.14394 ] } },
{ "type": "Feature", "properties": { "Name": "491.11", "P.K.": null, "Al.Dist. Izq.": 65, "Al.Dist. Der.": 35, "Ruta": 7 }, "geometry": { "type": "Point", "coordinates": [ -63.4055392, -34.1438027 ] } },
{ "type": "Feature", "properties": { "Name": "491.14", "P.K.": null, "Al.Dist. Izq.": 65, "Al.Dist. Der.": 35, "Ruta": 7 }, "geometry": { "type": "Point", "coordinates": [ -63.4058185, -34.1436598 ] } },
{ "type": "Feature", "properties": { "Name": "491.15", "P.K.": null, "Al.Dist. Izq.": 65, "Al.Dist. Der.": 35, "Ruta": 7 }, "geometry": { "type": "Point", "coordinates": [ -63.4059234, -34.1438196 ] } },
{ "type": "Feature", "properties": { "Name": "491.57", "P.K.": null, "Al.Dist. Izq.": 65, "Al.Dist. Der.": 35, "Ruta": 7 }, "geometry": { "type": "Point", "coordinates": [ -63.4105137, -34.1430008 ] } },
{ "type": "Feature", "properties": { "Name": "491.86", "P.K.": null, "Al.Dist. Izq.": 65, "Al.Dist. Der.": 35, "Ruta": 7 }, "geometry": { "type": "Point", "coordinates": [ -63.4138038, -34.1429819 ] } },
{ "type": "Feature", "properties": { "Name": "491.89", "P.K.": null, "Al.Dist. Izq.": 65, "Al.Dist. Der.": 35, "Ruta": 7 }, "geometry": { "type": "Point", "coordinates": [ -63.4140314, -34.1424358 ] } },
{ "type": "Feature", "properties": { "Name": "491.9", "P.K.": null, "Al.Dist. Izq.": 65, "Al.Dist. Der.": 35, "Ruta": 7 }, "geometry": { "type": "Point", "coordinates": [ -63.4140901, -34.1424228 ] } },
{ "type": "Feature", "properties": { "Name": "491.91", "P.K.": null, "Al.Dist. Izq.": 65, "Al.Dist. Der.": 35, "Ruta": 7 }, "geometry": { "type": "Point", "coordinates": [ -63.4142292, -34.1425795 ] } },
{ "type": "Feature", "properties": { "Name": "491.91", "P.K.": null, "Al.Dist. Izq.": 65, "Al.Dist. Der.": 35, "Ruta": 7 }, "geometry": { "type": "Point", "coordinates": [ -63.4142229, -34.1424519 ] } },
{ "type": "Feature", "properties": { "Name": "491.97", "P.K.": null, "Al.Dist. Izq.": 65, "Al.Dist. Der.": 35, "Ruta": 7 }, "geometry": { "type": "Point", "coordinates": [ -63.4149169, -34.1422687 ] } },
{ "type": "Feature", "properties": { "Name": "492", "P.K.": "PK492", "Al.Dist. Izq.": 65, "Al.Dist. Der.": 35, "Ruta": 7 }, "geometry": { "type": "Point", "coordinates": [ -63.4151844, -34.1424577 ] } },
{ "type": "Feature", "properties": { "Name": "492.2", "P.K.": null, "Al.Dist. Izq.": 65, "Al.Dist. Der.": 35, "Ruta": 7 }, "geometry": { "type": "Point", "coordinates": [ -63.4173584, -34.1419735 ] } },
{ "type": "Feature", "properties": { "Name": "492.21", "P.K.": null, "Al.Dist. Izq.": 65, "Al.Dist. Der.": 35, "Ruta": 7 }, "geometry": { "type": "Point", "coordinates": [ -63.4174754, -34.1420648 ] } },
{ "type": "Feature", "properties": { "Name": "492.26", "P.K.": null, "Al.Dist. Izq.": 65, "Al.Dist. Der.": 35, "Ruta": 7 }, "geometry": { "type": "Point", "coordinates": [ -63.4179555, -34.1418747 ] } },
{ "type": "Feature", "properties": { "Name": "492.29", "P.K.": null, "Al.Dist. Izq.": 65, "Al.Dist. Der.": 35, "Ruta": 7 }, "geometry": { "type": "Point", "coordinates": [ -63.4183062, -34.1417909 ] } },
{ "type": "Feature", "properties": { "Name": "492.29", "P.K.": null, "Al.Dist. Izq.": 65, "Al.Dist. Der.": 35, "Ruta": 7 }, "geometry": { "type": "Point", "coordinates": [ -63.4183263, -34.1419449 ] } },
{ "type": "Feature", "properties": { "Name": "492.35", "P.K.": null, "Al.Dist. Izq.": 65, "Al.Dist. Der.": 35, "Ruta": 7 }, "geometry": { "type": "Point", "coordinates": [ -63.4188705, -34.1416691 ] } },
{ "type": "Feature", "properties": { "Name": "492.39", "P.K.": null, "Al.Dist. Izq.": 65, "Al.Dist. Der.": 35, "Ruta": 7 }, "geometry": { "type": "Point", "coordinates": [ -63.4192979, -34.1415858 ] } },
{ "type": "Feature", "properties": { "Name": "492.42", "P.K.": null, "Al.Dist. Izq.": 65, "Al.Dist. Der.": 35, "Ruta": 7 }, "geometry": { "type": "Point", "coordinates": [ -63.4196862, -34.1417645 ] } },
{ "type": "Feature", "properties": { "Name": "492.43", "P.K.": null, "Al.Dist. Izq.": 65, "Al.Dist. Der.": 35, "Ruta": 7 }, "geometry": { "type": "Point", "coordinates": [ -63.4197465, -34.1416053 ] } },
{ "type": "Feature", "properties": { "Name": "492.44", "P.K.": null, "Al.Dist. Izq.": 65, "Al.Dist. Der.": 35, "Ruta": 7 }, "geometry": { "type": "Point", "coordinates": [ -63.4199021, -34.1417107 ] } },
{ "type": "Feature", "properties": { "Name": "492.44", "P.K.": null, "Al.Dist. Izq.": 65, "Al.Dist. Der.": 35, "Ruta": 7 }, "geometry": { "type": "Point", "coordinates": [ -63.4199199, -34.1415759 ] } },
{ "type": "Feature", "properties": { "Name": "492.45", "P.K.": null, "Al.Dist. Izq.": 65, "Al.Dist. Der.": 35, "Ruta": 7 }, "geometry": { "type": "Point", "coordinates": [ -63.4200188, -34.1415559 ] } },
{ "type": "Feature", "properties": { "Name": "492.45", "P.K.": null, "Al.Dist. Izq.": 65, "Al.Dist. Der.": 35, "Ruta": 7 }, "geometry": { "type": "Point", "coordinates": [ -63.4200134, -34.141678 ] } },
{ "type": "Feature", "properties": { "Name": "492.46", "P.K.": null, "Al.Dist. Izq.": 65, "Al.Dist. Der.": 35, "Ruta": 7 }, "geometry": { "type": "Point", "coordinates": [ -63.4201365, -34.1415969 ] } },
{ "type": "Feature", "properties": { "Name": "492.47", "P.K.": null, "Al.Dist. Izq.": 65, "Al.Dist. Der.": 35, "Ruta": 7 }, "geometry": { "type": "Point", "coordinates": [ -63.4202541, -34.1414726 ] } },
{ "type": "Feature", "properties": { "Name": "492.53", "P.K.": null, "Al.Dist. Izq.": 65, "Al.Dist. Der.": 35, "Ruta": 7 }, "geometry": { "type": "Point", "coordinates": [ -63.4208798, -34.1414962 ] } },
{ "type": "Feature", "properties": { "Name": "492.57", "P.K.": null, "Al.Dist. Izq.": 65, "Al.Dist. Der.": 35, "Ruta": 7 }, "geometry": { "type": "Point", "coordinates": [ -63.421261, -34.1414188 ] } },
{ "type": "Feature", "properties": { "Name": "492.62", "P.K.": null, "Al.Dist. Izq.": 65, "Al.Dist. Der.": 35, "Ruta": 7 }, "geometry": { "type": "Point", "coordinates": [ -63.4218115, -34.1414513 ] } },
{ "type": "Feature", "properties": { "Name": "492.68", "P.K.": null, "Al.Dist. Izq.": 65, "Al.Dist. Der.": 35, "Ruta": 7 }, "geometry": { "type": "Point", "coordinates": [ -63.4224247, -34.1413325 ] } },
{ "type": "Feature", "properties": { "Name": "492.71", "P.K.": null, "Al.Dist. Izq.": 65, "Al.Dist. Der.": 35, "Ruta": 7 }, "geometry": { "type": "Point", "coordinates": [ -63.4228254, -34.1412845 ] } },
{ "type": "Feature", "properties": { "Name": "492.83", "P.K.": null, "Al.Dist. Izq.": 65, "Al.Dist. Der.": 35, "Ruta": 7 }, "geometry": { "type": "Point", "coordinates": [ -63.4241279, -34.1411099 ] } },
{ "type": "Feature", "properties": { "Name": "492.86", "P.K.": null, "Al.Dist. Izq.": 65, "Al.Dist. Der.": 35, "Ruta": 7 }, "geometry": { "type": "Point", "coordinates": [ -63.4244062, -34.1410461 ] } },
{ "type": "Feature", "properties": { "Name": "492.9", "P.K.": null, "Al.Dist. Izq.": 65, "Al.Dist. Der.": 35, "Ruta": 7 }, "geometry": { "type": "Point", "coordinates": [ -63.4248481, -34.1409956 ] } },
{ "type": "Feature", "properties": { "Name": "492.9", "P.K.": null, "Al.Dist. Izq.": 65, "Al.Dist. Der.": 35, "Ruta": 7 }, "geometry": { "type": "Point", "coordinates": [ -63.424827, -34.1408402 ] } },
{ "type": "Feature", "properties": { "Name": "492.94", "P.K.": null, "Al.Dist. Izq.": 65, "Al.Dist. Der.": 35, "Ruta": 7 }, "geometry": { "type": "Point", "coordinates": [ -63.4252528, -34.1409101 ] } },
{ "type": "Feature", "properties": { "Name": "492.94", "P.K.": null, "Al.Dist. Izq.": 65, "Al.Dist. Der.": 35, "Ruta": 7 }, "geometry": { "type": "Point", "coordinates": [ -63.4252129, -34.1407761 ] } },
{ "type": "Feature", "properties": { "Name": "492.97", "P.K.": null, "Al.Dist. Izq.": 65, "Al.Dist. Der.": 35, "Ruta": 7 }, "geometry": { "type": "Point", "coordinates": [ -63.4255964, -34.1407217 ] } },
{ "type": "Feature", "properties": { "Name": "493", "P.K.": "PK493", "Al.Dist. Izq.": 65, "Al.Dist. Der.": 35, "Ruta": 7 }, "geometry": { "type": "Point", "coordinates": [ -63.4258831, -34.1406784 ] } },
{ "type": "Feature", "properties": { "Name": "493.04", "P.K.": null, "Al.Dist. Izq.": 65, "Al.Dist. Der.": 35, "Ruta": 7 }, "geometry": { "type": "Point", "coordinates": [ -63.4262972, -34.1406118 ] } },
{ "type": "Feature", "properties": { "Name": "493.09", "P.K.": null, "Al.Dist. Izq.": 65, "Al.Dist. Der.": 35, "Ruta": 7 }, "geometry": { "type": "Point", "coordinates": [ -63.426794, -34.1405466 ] } },
{ "type": "Feature", "properties": { "Name": "493.12", "P.K.": null, "Al.Dist. Izq.": 65, "Al.Dist. Der.": 35, "Ruta": 7 }, "geometry": { "type": "Point", "coordinates": [ -63.4271997, -34.1405575 ] } },
{ "type": "Feature", "properties": { "Name": "493.15", "P.K.": null, "Al.Dist. Izq.": 65, "Al.Dist. Der.": 35, "Ruta": 7 }, "geometry": { "type": "Point", "coordinates": [ -63.4274881, -34.1405716 ] } },
{ "type": "Feature", "properties": { "Name": "493.24", "P.K.": null, "Al.Dist. Izq.": 65, "Al.Dist. Der.": 35, "Ruta": 7 }, "geometry": { "type": "Point", "coordinates": [ -63.4284771, -34.1404176 ] } },
{ "type": "Feature", "properties": { "Name": "493.42", "P.K.": null, "Al.Dist. Izq.": 65, "Al.Dist. Der.": 35, "Ruta": 7 }, "geometry": { "type": "Point", "coordinates": [ -63.4303959, -34.1400702 ] } },
{ "type": "Feature", "properties": { "Name": "493.51", "P.K.": null, "Al.Dist. Izq.": 65, "Al.Dist. Der.": 35, "Ruta": 7 }, "geometry": { "type": "Point", "coordinates": [ -63.4312074, -34.139871 ] } },
{ "type": "Feature", "properties": { "Name": "494", "P.K.": "PK494", "Al.Dist. Izq.": 65, "Al.Dist. Der.": 35, "Ruta": 7 }, "geometry": { "type": "Point", "coordinates": [ -63.4364346, -34.1392191 ] } },
{ "type": "Feature", "properties": { "Name": "494.51", "P.K.": null, "Al.Dist. Izq.": 65, "Al.Dist. Der.": 35, "Ruta": 7 }, "geometry": { "type": "Point", "coordinates": [ -63.4420384, -34.1382509 ] } },
{ "type": "Feature", "properties": { "Name": "494.56", "P.K.": null, "Al.Dist. Izq.": 65, "Al.Dist. Der.": 35, "Ruta": 7 }, "geometry": { "type": "Point", "coordinates": [ -63.4426254, -34.1383658 ] } },
{ "type": "Feature", "properties": { "Name": "495", "P.K.": "PK495", "Al.Dist. Izq.": 65, "Al.Dist. Der.": 35, "Ruta": 7 }, "geometry": { "type": "Point", "coordinates": [ -63.4475369, -34.1373814 ] } },
{ "type": "Feature", "properties": { "Name": "495.05", "P.K.": null, "Al.Dist. Izq.": 65, "Al.Dist. Der.": 35, "Ruta": 7 }, "geometry": { "type": "Point", "coordinates": [ -63.4480576, -34.1372946 ] } },
{ "type": "Feature", "properties": { "Name": "495.35", "P.K.": null, "Al.Dist. Izq.": 65, "Al.Dist. Der.": 35, "Ruta": 7 }, "geometry": { "type": "Point", "coordinates": [ -63.4513825, -34.1370107 ] } },
{ "type": "Feature", "properties": { "Name": "495.37", "P.K.": null, "Al.Dist. Izq.": 65, "Al.Dist. Der.": 35, "Ruta": 7 }, "geometry": { "type": "Point", "coordinates": [ -63.4516229, -34.1367493 ] } },
{ "type": "Feature", "properties": { "Name": "495.38", "P.K.": null, "Al.Dist. Izq.": 65, "Al.Dist. Der.": 35, "Ruta": 7 }, "geometry": { "type": "Point", "coordinates": [ -63.451749, -34.1367224 ] } },
{ "type": "Feature", "properties": { "Name": "495.42", "P.K.": null, "Al.Dist. Izq.": 65, "Al.Dist. Der.": 35, "Ruta": 7 }, "geometry": { "type": "Point", "coordinates": [ -63.4522894, -34.1368567 ] } },
{ "type": "Feature", "properties": { "Name": "495.88", "P.K.": null, "Al.Dist. Izq.": 65, "Al.Dist. Der.": 35, "Ruta": 7 }, "geometry": { "type": "Point", "coordinates": [ -63.4573384, -34.1360017 ] } },
{ "type": "Feature", "properties": { "Name": "496", "P.K.": "PK496", "Al.Dist. Izq.": 65, "Al.Dist. Der.": 35, "Ruta": 7 }, "geometry": { "type": "Point", "coordinates": [ -63.4586775, -34.1358432 ] } },
{ "type": "Feature", "properties": { "Name": "496.3", "P.K.": null, "Al.Dist. Izq.": 65, "Al.Dist. Der.": 35, "Ruta": 7 }, "geometry": { "type": "Point", "coordinates": [ -63.4614529, -34.1353934 ] } },
{ "type": "Feature", "properties": { "Name": "496.61", "P.K.": null, "Al.Dist. Izq.": 65, "Al.Dist. Der.": 35, "Ruta": 7 }, "geometry": { "type": "Point", "coordinates": [ -63.4644298, -34.1348547 ] } },
{ "type": "Feature", "properties": { "Name": "496.63", "P.K.": null, "Al.Dist. Izq.": 65, "Al.Dist. Der.": 35, "Ruta": 7 }, "geometry": { "type": "Point", "coordinates": [ -63.4645679, -34.1351278 ] } },
{ "type": "Feature", "properties": { "Name": "496.72", "P.K.": null, "Al.Dist. Izq.": 65, "Al.Dist. Der.": 35, "Ruta": 7 }, "geometry": { "type": "Point", "coordinates": [ -63.4653859, -34.1347696 ] } },
{ "type": "Feature", "properties": { "Name": "496.82", "P.K.": null, "Al.Dist. Izq.": 65, "Al.Dist. Der.": 35, "Ruta": 7 }, "geometry": { "type": "Point", "coordinates": [ -63.4662614, -34.1346091 ] } },
{ "type": "Feature", "properties": { "Name": "497", "P.K.": "PK497", "Al.Dist. Izq.": 65, "Al.Dist. Der.": 35, "Ruta": 7 }, "geometry": { "type": "Point", "coordinates": [ -63.4680293, -34.1343397 ] } },
{ "type": "Feature", "properties": { "Name": "497.01", "P.K.": null, "Al.Dist. Izq.": 65, "Al.Dist. Der.": 35, "Ruta": 7 }, "geometry": { "type": "Point", "coordinates": [ -63.468086, -34.1343413 ] } },
{ "type": "Feature", "properties": { "Name": "497.02", "P.K.": null, "Al.Dist. Izq.": 65, "Al.Dist. Der.": 35, "Ruta": 7 }, "geometry": { "type": "Point", "coordinates": [ -63.4682782, -34.1343578 ] } },
{ "type": "Feature", "properties": { "Name": "497.04", "P.K.": null, "Al.Dist. Izq.": 65, "Al.Dist. Der.": 35, "Ruta": 7 }, "geometry": { "type": "Point", "coordinates": [ -63.4685178, -34.1344046 ] } },
{ "type": "Feature", "properties": { "Name": "497.22", "P.K.": null, "Al.Dist. Izq.": 65, "Al.Dist. Der.": 35, "Ruta": 7 }, "geometry": { "type": "Point", "coordinates": [ -63.4703296, -34.1341004 ] } },
{ "type": "Feature", "properties": { "Name": "497.25", "P.K.": null, "Al.Dist. Izq.": 65, "Al.Dist. Der.": 35, "Ruta": 7 }, "geometry": { "type": "Point", "coordinates": [ -63.4706716, -34.1341515 ] } },
{ "type": "Feature", "properties": { "Name": "497.35", "P.K.": null, "Al.Dist. Izq.": 65, "Al.Dist. Der.": 35, "Ruta": 7 }, "geometry": { "type": "Point", "coordinates": [ -63.4717609, -34.1337383 ] } },
{ "type": "Feature", "properties": { "Name": "497.35", "P.K.": null, "Al.Dist. Izq.": 65, "Al.Dist. Der.": 35, "Ruta": 7 }, "geometry": { "type": "Point", "coordinates": [ -63.4718119, -34.1339339 ] } },
{ "type": "Feature", "properties": { "Name": "497.59", "P.K.": null, "Al.Dist. Izq.": 65, "Al.Dist. Der.": 35, "Ruta": 7 }, "geometry": { "type": "Point", "coordinates": [ -63.4742374, -34.1334535 ] } },
{ "type": "Feature", "properties": { "Name": "497.83", "P.K.": null, "Al.Dist. Izq.": 65, "Al.Dist. Der.": 35, "Ruta": 7 }, "geometry": { "type": "Point", "coordinates": [ -63.4767854, -34.1329615 ] } },
{ "type": "Feature", "properties": { "Name": "497.99", "P.K.": null, "Al.Dist. Izq.": 65, "Al.Dist. Der.": 35, "Ruta": 7 }, "geometry": { "type": "Point", "coordinates": [ -63.478505, -34.1329493 ] } },
{ "type": "Feature", "properties": { "Name": "498", "P.K.": "PK498", "Al.Dist. Izq.": 65, "Al.Dist. Der.": 35, "Ruta": 7 }, "geometry": { "type": "Point", "coordinates": [ -63.47856, -34.1328627 ] } },
{ "type": "Feature", "properties": { "Name": "498.02", "P.K.": null, "Al.Dist. Izq.": 65, "Al.Dist. Der.": 35, "Ruta": 7 }, "geometry": { "type": "Point", "coordinates": [ -63.4788326, -34.1329554 ] } },
{ "type": "Feature", "properties": { "Name": "498.18", "P.K.": null, "Al.Dist. Izq.": 65, "Al.Dist. Der.": 35, "Ruta": 7 }, "geometry": { "type": "Point", "coordinates": [ -63.4806441, -34.1325616 ] } },
{ "type": "Feature", "properties": { "Name": "498.4", "P.K.": null, "Al.Dist. Izq.": 65, "Al.Dist. Der.": 35, "Ruta": 7 }, "geometry": { "type": "Point", "coordinates": [ -63.4829923, -34.1323799 ] } },
{ "type": "Feature", "properties": { "Name": "498.5", "P.K.": null, "Al.Dist. Izq.": 65, "Al.Dist. Der.": 35, "Ruta": 7 }, "geometry": { "type": "Point", "coordinates": [ -63.4840678, -34.1323389 ] } },
{ "type": "Feature", "properties": { "Name": "498.67", "P.K.": null, "Al.Dist. Izq.": 65, "Al.Dist. Der.": 35, "Ruta": 7 }, "geometry": { "type": "Point", "coordinates": [ -63.4860561, -34.132455 ] } },
{ "type": "Feature", "properties": { "Name": "499", "P.K.": "PK499", "Al.Dist. Izq.": 65, "Al.Dist. Der.": 35, "Ruta": 7 }, "geometry": { "type": "Point", "coordinates": [ -63.4897233, -34.1322849 ] } },
{ "type": "Feature", "properties": { "Name": "499.16", "P.K.": null, "Al.Dist. Izq.": 65, "Al.Dist. Der.": 35, "Ruta": 7 }, "geometry": { "type": "Point", "coordinates": [ -63.491393, -34.1323595 ] } },
{ "type": "Feature", "properties": { "Name": "499.18", "P.K.": null, "Al.Dist. Izq.": 65, "Al.Dist. Der.": 35, "Ruta": 7 }, "geometry": { "type": "Point", "coordinates": [ -63.4915747, -34.1323584 ] } },
{ "type": "Feature", "properties": { "Name": "499.8", "P.K.": null, "Al.Dist. Izq.": 65, "Al.Dist. Der.": 35, "Ruta": 7 }, "geometry": { "type": "Point", "coordinates": [ -63.4979524, -34.1323096 ] } },
{ "type": "Feature", "properties": { "Name": "500", "P.K.": "PK500", "Al.Dist. Izq.": 65, "Al.Dist. Der.": 35, "Ruta": 7 }, "geometry": { "type": "Point", "coordinates": [ -63.4999875, -34.1324298 ] } },
{ "type": "Feature", "properties": { "Name": "500.06", "P.K.": null, "Al.Dist. Izq.": 65, "Al.Dist. Der.": 35, "Ruta": 7 }, "geometry": { "type": "Point", "coordinates": [ -63.5006765, -34.1324422 ] } },
{ "type": "Feature", "properties": { "Name": "500.06", "P.K.": null, "Al.Dist. Izq.": 65, "Al.Dist. Der.": 35, "Ruta": 7 }, "geometry": { "type": "Point", "coordinates": [ -63.5006882, -34.1322852 ] } },
{ "type": "Feature", "properties": { "Name": "500.91", "P.K.": null, "Al.Dist. Izq.": 65, "Al.Dist. Der.": 35, "Ruta": 7 }, "geometry": { "type": "Point", "coordinates": [ -63.5094222, -34.1321692 ] } },
{ "type": "Feature", "properties": { "Name": "501", "P.K.": "PK501", "Al.Dist. Izq.": 65, "Al.Dist. Der.": 35, "Ruta": 7 }, "geometry": { "type": "Point", "coordinates": [ -63.5103921, -34.1321794 ] } },
{ "type": "Feature", "properties": { "Name": "501.25", "P.K.": null, "Al.Dist. Izq.": 65, "Al.Dist. Der.": 35, "Ruta": 7 }, "geometry": { "type": "Point", "coordinates": [ -63.5134022, -34.1325402 ] } },
{ "type": "Feature", "properties": { "Name": "501.42", "P.K.": null, "Al.Dist. Izq.": 65, "Al.Dist. Der.": 35, "Ruta": 7 }, "geometry": { "type": "Point", "coordinates": [ -63.5154965, -34.1322963 ] } },
{ "type": "Feature", "properties": { "Name": "501.53", "P.K.": null, "Al.Dist. Izq.": 65, "Al.Dist. Der.": 35, "Ruta": 7 }, "geometry": { "type": "Point", "coordinates": [ -63.5167905, -34.1323995 ] } },
{ "type": "Feature", "properties": { "Name": "501.59", "P.K.": null, "Al.Dist. Izq.": 65, "Al.Dist. Der.": 35, "Ruta": 7 }, "geometry": { "type": "Point", "coordinates": [ -63.5175677, -34.1321328 ] } },
{ "type": "Feature", "properties": { "Name": "501.63", "P.K.": null, "Al.Dist. Izq.": 65, "Al.Dist. Der.": 35, "Ruta": 7 }, "geometry": { "type": "Point", "coordinates": [ -63.5180334, -34.1323337 ] } },
{ "type": "Feature", "properties": { "Name": "501.68", "P.K.": null, "Al.Dist. Izq.": 65, "Al.Dist. Der.": 35, "Ruta": 7 }, "geometry": { "type": "Point", "coordinates": [ -63.5186848, -34.1321198 ] } },
{ "type": "Feature", "properties": { "Name": "501.73", "P.K.": null, "Al.Dist. Izq.": 65, "Al.Dist. Der.": 35, "Ruta": 7 }, "geometry": { "type": "Point", "coordinates": [ -63.5192796, -34.1326276 ] } },
{ "type": "Feature", "properties": { "Name": "501.8", "P.K.": null, "Al.Dist. Izq.": 65, "Al.Dist. Der.": 35, "Ruta": 7 }, "geometry": { "type": "Point", "coordinates": [ -63.5200105, -34.1321467 ] } },
{ "type": "Feature", "properties": { "Name": "501.84", "P.K.": null, "Al.Dist. Izq.": 65, "Al.Dist. Der.": 35, "Ruta": 7 }, "geometry": { "type": "Point", "coordinates": [ -63.5204376, -34.1320927 ] } },
{ "type": "Feature", "properties": { "Name": "501.9", "P.K.": null, "Al.Dist. Izq.": 65, "Al.Dist. Der.": 35, "Ruta": 7 }, "geometry": { "type": "Point", "coordinates": [ -63.5211639, -34.1317723 ] } },
{ "type": "Feature", "properties": { "Name": "501.95", "P.K.": null, "Al.Dist. Izq.": 65, "Al.Dist. Der.": 35, "Ruta": 7 }, "geometry": { "type": "Point", "coordinates": [ -63.5219424, -34.1320207 ] } },
{ "type": "Feature", "properties": { "Name": "502", "P.K.": "PK502", "Al.Dist. Izq.": 65, "Al.Dist. Der.": 35, "Ruta": 7 }, "geometry": { "type": "Point", "coordinates": [ -63.5224181, -34.1319172 ] } },
{ "type": "Feature", "properties": { "Name": "502.14", "P.K.": null, "Al.Dist. Izq.": 65, "Al.Dist. Der.": 35, "Ruta": 7 }, "geometry": { "type": "Point", "coordinates": [ -63.5237629, -34.1316141 ] } },
{ "type": "Feature", "properties": { "Name": "502.26", "P.K.": null, "Al.Dist. Izq.": 65, "Al.Dist. Der.": 35, "Ruta": 7 }, "geometry": { "type": "Point", "coordinates": [ -63.5250152, -34.1312503 ] } },
{ "type": "Feature", "properties": { "Name": "502.32", "P.K.": null, "Al.Dist. Izq.": 65, "Al.Dist. Der.": 35, "Ruta": 7 }, "geometry": { "type": "Point", "coordinates": [ -63.5255811, -34.1309381 ] } },
{ "type": "Feature", "properties": { "Name": "502.39", "P.K.": null, "Al.Dist. Izq.": 65, "Al.Dist. Der.": 35, "Ruta": 7 }, "geometry": { "type": "Point", "coordinates": [ -63.5262212, -34.1308512 ] } },
{ "type": "Feature", "properties": { "Name": "503", "P.K.": "PK503", "Al.Dist. Izq.": 65, "Al.Dist. Der.": 35, "Ruta": 7 }, "geometry": { "type": "Point", "coordinates": [ -63.532412, -34.1293054 ] } },
{ "type": "Feature", "properties": { "Name": "503.53", "P.K.": null, "Al.Dist. Izq.": 65, "Al.Dist. Der.": 35, "Ruta": 7 }, "geometry": { "type": "Point", "coordinates": [ -63.5382231, -34.1279771 ] } },
{ "type": "Feature", "properties": { "Name": "503.54", "P.K.": null, "Al.Dist. Izq.": 65, "Al.Dist. Der.": 35, "Ruta": 7 }, "geometry": { "type": "Point", "coordinates": [ -63.5383592, -34.1279264 ] } },
{ "type": "Feature", "properties": { "Name": "504", "P.K.": "PK504", "Al.Dist. Izq.": 65, "Al.Dist. Der.": 35, "Ruta": 7 }, "geometry": { "type": "Point", "coordinates": [ -63.5434212, -34.1267193 ] } },
{ "type": "Feature", "properties": { "Name": "504.2", "P.K.": null, "Al.Dist. Izq.": 65, "Al.Dist. Der.": 35, "Ruta": 7 }, "geometry": { "type": "Point", "coordinates": [ -63.54537, -34.1262371 ] } },
{ "type": "Feature", "properties": { "Name": "504.29", "P.K.": null, "Al.Dist. Izq.": 65, "Al.Dist. Der.": 35, "Ruta": 7 }, "geometry": { "type": "Point", "coordinates": [ -63.5462083, -34.1260554 ] } },
{ "type": "Feature", "properties": { "Name": "504.31", "P.K.": null, "Al.Dist. Izq.": 65, "Al.Dist. Der.": 35, "Ruta": 7 }, "geometry": { "type": "Point", "coordinates": [ -63.546501, -34.1259728 ] } },
{ "type": "Feature", "properties": { "Name": "504.63", "P.K.": null, "Al.Dist. Izq.": 65, "Al.Dist. Der.": 35, "Ruta": 7 }, "geometry": { "type": "Point", "coordinates": [ -63.5495555, -34.1252286 ] } },
{ "type": "Feature", "properties": { "Name": "505", "P.K.": "PK505", "Al.Dist. Izq.": 65, "Al.Dist. Der.": 35, "Ruta": 7 }, "geometry": { "type": "Point", "coordinates": [ -63.5531905, -34.1243224 ] } },
{ "type": "Feature", "properties": { "Name": "505.18", "P.K.": null, "Al.Dist. Izq.": 65, "Al.Dist. Der.": 35, "Ruta": 7 }, "geometry": { "type": "Point", "coordinates": [ -63.5550931, -34.1238792 ] } },
{ "type": "Feature", "properties": { "Name": "505.3", "P.K.": null, "Al.Dist. Izq.": 65, "Al.Dist. Der.": 35, "Ruta": 7 }, "geometry": { "type": "Point", "coordinates": [ -63.5563571, -34.1235901 ] } },
{ "type": "Feature", "properties": { "Name": "505.65", "P.K.": null, "Al.Dist. Izq.": 65, "Al.Dist. Der.": 35, "Ruta": 7 }, "geometry": { "type": "Point", "coordinates": [ -63.5599148, -34.122733 ] } },
{ "type": "Feature", "properties": { "Name": "506", "P.K.": "PK506", "Al.Dist. Izq.": 65, "Al.Dist. Der.": 35, "Ruta": 7 }, "geometry": { "type": "Point", "coordinates": [ -63.5635772, -34.1218507 ] } },
{ "type": "Feature", "properties": { "Name": "506.51", "P.K.": null, "Al.Dist. Izq.": 65, "Al.Dist. Der.": 35, "Ruta": 7 }, "geometry": { "type": "Point", "coordinates": [ -63.5688992, -34.1203328 ] } },
{ "type": "Feature", "properties": { "Name": "506.94", "P.K.": null, "Al.Dist. Izq.": 65, "Al.Dist. Der.": 35, "Ruta": 7 }, "geometry": { "type": "Point", "coordinates": [ -63.5734133, -34.1194811 ] } },
{ "type": "Feature", "properties": { "Name": "507", "P.K.": "PK507", "Al.Dist. Izq.": 65, "Al.Dist. Der.": 35, "Ruta": 7 }, "geometry": { "type": "Point", "coordinates": [ -63.5740411, -34.1193299 ] } },
{ "type": "Feature", "properties": { "Name": "507.8", "P.K.": null, "Al.Dist. Izq.": 65, "Al.Dist. Der.": 35, "Ruta": 7 }, "geometry": { "type": "Point", "coordinates": [ -63.5830366, -34.1171478 ] } },
{ "type": "Feature", "properties": { "Name": "508", "P.K.": "PK508", "Al.Dist. Izq.": 65, "Al.Dist. Der.": 35, "Ruta": 7 }, "geometry": { "type": "Point", "coordinates": [ -63.5852563, -34.1166472 ] } },
{ "type": "Feature", "properties": { "Name": "509", "P.K.": "PK509", "Al.Dist. Izq.": 65, "Al.Dist. Der.": 35, "Ruta": 7 }, "geometry": { "type": "Point", "coordinates": [ -63.5949674, -34.114282 ] } },
{ "type": "Feature", "properties": { "Name": "509.16", "P.K.": null, "Al.Dist. Izq.": 65, "Al.Dist. Der.": 35, "Ruta": 7 }, "geometry": { "type": "Point", "coordinates": [ -63.5965718, -34.1139317 ] } },
{ "type": "Feature", "properties": { "Name": "509.18", "P.K.": null, "Al.Dist. Izq.": 65, "Al.Dist. Der.": 35, "Ruta": 7 }, "geometry": { "type": "Point", "coordinates": [ -63.5966862, -34.1137987 ] } },
{ "type": "Feature", "properties": { "Name": "510", "P.K.": "PK510", "Al.Dist. Izq.": 65, "Al.Dist. Der.": 35, "Ruta": 7 }, "geometry": { "type": "Point", "coordinates": [ -63.6048538, -34.1119866 ] } },
{ "type": "Feature", "properties": { "Name": "510.06", "P.K.": null, "Al.Dist. Izq.": 65, "Al.Dist. Der.": 35, "Ruta": 7 }, "geometry": { "type": "Point", "coordinates": [ -63.6055358, -34.1117835 ] } },
{ "type": "Feature", "properties": { "Name": "510.09", "P.K.": null, "Al.Dist. Izq.": 65, "Al.Dist. Der.": 35, "Ruta": 7 }, "geometry": { "type": "Point", "coordinates": [ -63.6058471, -34.1116487 ] } },
{ "type": "Feature", "properties": { "Name": "510.09", "P.K.": null, "Al.Dist. Izq.": 65, "Al.Dist. Der.": 35, "Ruta": 7 }, "geometry": { "type": "Point", "coordinates": [ -63.6058895, -34.1117704 ] } },
{ "type": "Feature", "properties": { "Name": "510.24", "P.K.": null, "Al.Dist. Izq.": 65, "Al.Dist. Der.": 35, "Ruta": 7 }, "geometry": { "type": "Point", "coordinates": [ -63.607469, -34.1114939 ] } },
{ "type": "Feature", "properties": { "Name": "510.25", "P.K.": null, "Al.Dist. Izq.": 65, "Al.Dist. Der.": 35, "Ruta": 7 }, "geometry": { "type": "Point", "coordinates": [ -63.6076219, -34.1111575 ] } },
{ "type": "Feature", "properties": { "Name": "510.26", "P.K.": null, "Al.Dist. Izq.": 65, "Al.Dist. Der.": 35, "Ruta": 7 }, "geometry": { "type": "Point", "coordinates": [ -63.6077047, -34.1111306 ] } },
{ "type": "Feature", "properties": { "Name": "510.27", "P.K.": null, "Al.Dist. Izq.": 65, "Al.Dist. Der.": 35, "Ruta": 7 }, "geometry": { "type": "Point", "coordinates": [ -63.6078224, -34.1111081 ] } },
{ "type": "Feature", "properties": { "Name": "510.42", "P.K.": null, "Al.Dist. Izq.": 65, "Al.Dist. Der.": 35, "Ruta": 7 }, "geometry": { "type": "Point", "coordinates": [ -63.6094029, -34.1107835 ] } },
{ "type": "Feature", "properties": { "Name": "510.46", "P.K.": null, "Al.Dist. Izq.": 65, "Al.Dist. Der.": 35, "Ruta": 7 }, "geometry": { "type": "Point", "coordinates": [ -63.6099363, -34.1107208 ] } },
{ "type": "Feature", "properties": { "Name": "510.57", "P.K.": null, "Al.Dist. Izq.": 65, "Al.Dist. Der.": 35, "Ruta": 7 }, "geometry": { "type": "Point", "coordinates": [ -63.6111423, -34.1104299 ] } },
{ "type": "Feature", "properties": { "Name": "510.67", "P.K.": null, "Al.Dist. Izq.": 65, "Al.Dist. Der.": 35, "Ruta": 7 }, "geometry": { "type": "Point", "coordinates": [ -63.6122601, -34.1101978 ] } },
{ "type": "Feature", "properties": { "Name": "510.69", "P.K.": null, "Al.Dist. Izq.": 65, "Al.Dist. Der.": 35, "Ruta": 7 }, "geometry": { "type": "Point", "coordinates": [ -63.6124582, -34.1100688 ] } },
{ "type": "Feature", "properties": { "Name": "510.73", "P.K.": null, "Al.Dist. Izq.": 65, "Al.Dist. Der.": 35, "Ruta": 7 }, "geometry": { "type": "Point", "coordinates": [ -63.6128616, -34.1098345 ] } },
{ "type": "Feature", "properties": { "Name": "510.82", "P.K.": null, "Al.Dist. Izq.": 65, "Al.Dist. Der.": 35, "Ruta": 7 }, "geometry": { "type": "Point", "coordinates": [ -63.6139576, -34.109739 ] } },
{ "type": "Feature", "properties": { "Name": "510.83", "P.K.": null, "Al.Dist. Izq.": 65, "Al.Dist. Der.": 35, "Ruta": 7 }, "geometry": { "type": "Point", "coordinates": [ -63.6139693, -34.1096166 ] } },
{ "type": "Feature", "properties": { "Name": "511", "P.K.": "PK511", "Al.Dist. Izq.": 65, "Al.Dist. Der.": 35, "Ruta": 7 }, "geometry": { "type": "Point", "coordinates": [ -63.615856, -34.1092219 ] } },
{ "type": "Feature", "properties": { "Name": "511.16", "P.K.": null, "Al.Dist. Izq.": 65, "Al.Dist. Der.": 35, "Ruta": 7 }, "geometry": { "type": "Point", "coordinates": [ -63.6175213, -34.1088187 ] } },
{ "type": "Feature", "properties": { "Name": "511.93", "P.K.": null, "Al.Dist. Izq.": 65, "Al.Dist. Der.": 35, "Ruta": 7 }, "geometry": { "type": "Point", "coordinates": [ -63.6253821, -34.106941 ] } },
{ "type": "Feature", "properties": { "Name": "512", "P.K.": "PK512", "Al.Dist. Izq.": 65, "Al.Dist. Der.": 35, "Ruta": 7 }, "geometry": { "type": "Point", "coordinates": [ -63.6260979, -34.1067972 ] } },
{ "type": "Feature", "properties": { "Name": "512.05", "P.K.": null, "Al.Dist. Izq.": 65, "Al.Dist. Der.": 35, "Ruta": 7 }, "geometry": { "type": "Point", "coordinates": [ -63.6266032, -34.1066451 ] } },
{ "type": "Feature", "properties": { "Name": "513", "P.K.": "PK513", "Al.Dist. Izq.": 65, "Al.Dist. Der.": 35, "Ruta": 7 }, "geometry": { "type": "Point", "coordinates": [ -63.6361166, -34.1042946 ] } },
{ "type": "Feature", "properties": { "Name": "513.13", "P.K.": null, "Al.Dist. Izq.": 65, "Al.Dist. Der.": 35, "Ruta": 7 }, "geometry": { "type": "Point", "coordinates": [ -63.6374698, -34.1040583 ] } },
{ "type": "Feature", "properties": { "Name": "513.15", "P.K.": null, "Al.Dist. Izq.": 65, "Al.Dist. Der.": 35, "Ruta": 7 }, "geometry": { "type": "Point", "coordinates": [ -63.6376767, -34.1039054 ] } },
{ "type": "Feature", "properties": { "Name": "513.21", "P.K.": null, "Al.Dist. Izq.": 65, "Al.Dist. Der.": 35, "Ruta": 7 }, "geometry": { "type": "Point", "coordinates": [ -63.6383811, -34.1037052 ] } },
{ "type": "Feature", "properties": { "Name": "513.21", "P.K.": null, "Al.Dist. Izq.": 65, "Al.Dist. Der.": 35, "Ruta": 7 }, "geometry": { "type": "Point", "coordinates": [ -63.6383844, -34.1037621 ] } },
{ "type": "Feature", "properties": { "Name": "513.26", "P.K.": null, "Al.Dist. Izq.": 65, "Al.Dist. Der.": 35, "Ruta": 7 }, "geometry": { "type": "Point", "coordinates": [ -63.6389437, -34.1037815 ] } },
{ "type": "Feature", "properties": { "Name": "513.26", "P.K.": null, "Al.Dist. Izq.": 65, "Al.Dist. Der.": 35, "Ruta": 7 }, "geometry": { "type": "Point", "coordinates": [ -63.6389346, -34.1037599 ] } },
{ "type": "Feature", "properties": { "Name": "513.36", "P.K.": null, "Al.Dist. Izq.": 65, "Al.Dist. Der.": 35, "Ruta": 7 }, "geometry": { "type": "Point", "coordinates": [ -63.6399045, -34.1034261 ] } },
{ "type": "Feature", "properties": { "Name": "513.37", "P.K.": null, "Al.Dist. Izq.": 65, "Al.Dist. Der.": 35, "Ruta": 7 }, "geometry": { "type": "Point", "coordinates": [ -63.6400038, -34.1033429 ] } },
{ "type": "Feature", "properties": { "Name": "513.41", "P.K.": null, "Al.Dist. Izq.": 65, "Al.Dist. Der.": 35, "Ruta": 7 }, "geometry": { "type": "Point", "coordinates": [ -63.6404984, -34.1032566 ] } },
{ "type": "Feature", "properties": { "Name": "513.44", "P.K.": null, "Al.Dist. Izq.": 65, "Al.Dist. Der.": 35, "Ruta": 7 }, "geometry": { "type": "Point", "coordinates": [ -63.6408109, -34.1031333 ] } },
{ "type": "Feature", "properties": { "Name": "513.44", "P.K.": null, "Al.Dist. Izq.": 65, "Al.Dist. Der.": 35, "Ruta": 7 }, "geometry": { "type": "Point", "coordinates": [ -63.6408189, -34.1032227 ] } },
{ "type": "Feature", "properties": { "Name": "513.57", "P.K.": null, "Al.Dist. Izq.": 65, "Al.Dist. Der.": 35, "Ruta": 7 }, "geometry": { "type": "Point", "coordinates": [ -63.6422753, -34.1029348 ] } },
{ "type": "Feature", "properties": { "Name": "513.59", "P.K.": null, "Al.Dist. Izq.": 65, "Al.Dist. Der.": 35, "Ruta": 7 }, "geometry": { "type": "Point", "coordinates": [ -63.6424432, -34.1027681 ] } },
{ "type": "Feature", "properties": { "Name": "513.8", "P.K.": null, "Al.Dist. Izq.": 65, "Al.Dist. Der.": 35, "Ruta": 7 }, "geometry": { "type": "Point", "coordinates": [ -63.6446441, -34.1021036 ] } },
{ "type": "Feature", "properties": { "Name": "514", "P.K.": "PK514", "Al.Dist. Izq.": 65, "Al.Dist. Der.": 35, "Ruta": 7 }, "geometry": { "type": "Point", "coordinates": [ -63.6469323, -34.1017371 ] } },
{ "type": "Feature", "properties": { "Name": "514.53", "P.K.": null, "Al.Dist. Izq.": 65, "Al.Dist. Der.": 35, "Ruta": 7 }, "geometry": { "type": "Point", "coordinates": [ -63.6524905, -34.1003607 ] } },
{ "type": "Feature", "properties": { "Name": "515", "P.K.": "PK515", "Al.Dist. Izq.": 65, "Al.Dist. Der.": 35, "Ruta": 7 }, "geometry": { "type": "Point", "coordinates": [ -63.6574912, -34.0991564 ] } },
{ "type": "Feature", "properties": { "Name": "515.03", "P.K.": null, "Al.Dist. Izq.": 65, "Al.Dist. Der.": 35, "Ruta": 7 }, "geometry": { "type": "Point", "coordinates": [ -63.6578383, -34.0990483 ] } },
{ "type": "Feature", "properties": { "Name": "515.28", "P.K.": null, "Al.Dist. Izq.": 65, "Al.Dist. Der.": 35, "Ruta": 7 }, "geometry": { "type": "Point", "coordinates": [ -63.6604563, -34.0984237 ] } },
{ "type": "Feature", "properties": { "Name": "516", "P.K.": "PK516", "Al.Dist. Izq.": 65, "Al.Dist. Der.": 35, "Ruta": 7 }, "geometry": { "type": "Point", "coordinates": [ -63.6678217, -34.0967178 ] } },
{ "type": "Feature", "properties": { "Name": "516.02", "P.K.": null, "Al.Dist. Izq.": 65, "Al.Dist. Der.": 35, "Ruta": 7 }, "geometry": { "type": "Point", "coordinates": [ -63.6679555, -34.0964957 ] } },
{ "type": "Feature", "properties": { "Name": "516.65", "P.K.": null, "Al.Dist. Izq.": 65, "Al.Dist. Der.": 35, "Ruta": 7 }, "geometry": { "type": "Point", "coordinates": [ -63.6745872, -34.0949995 ] } },
{ "type": "Feature", "properties": { "Name": "517", "P.K.": "PK517", "Al.Dist. Izq.": 65, "Al.Dist. Der.": 35, "Ruta": 7 }, "geometry": { "type": "Point", "coordinates": [ -63.6782515, -34.0941022 ] } },
{ "type": "Feature", "properties": { "Name": "517.19", "P.K.": null, "Al.Dist. Izq.": 65, "Al.Dist. Der.": 35, "Ruta": 7 }, "geometry": { "type": "Point", "coordinates": [ -63.6802581, -34.0936638 ] } },
{ "type": "Feature", "properties": { "Name": "518", "P.K.": "PK518", "Al.Dist. Izq.": 65, "Al.Dist. Der.": 35, "Ruta": 7 }, "geometry": { "type": "Point", "coordinates": [ -63.6890427, -34.0915642 ] } },
{ "type": "Feature", "properties": { "Name": "518.42", "P.K.": null, "Al.Dist. Izq.": 65, "Al.Dist. Der.": 35, "Ruta": 7 }, "geometry": { "type": "Point", "coordinates": [ -63.6930599, -34.0905438 ] } },
{ "type": "Feature", "properties": { "Name": "519", "P.K.": "PK519", "Al.Dist. Izq.": 65, "Al.Dist. Der.": 35, "Ruta": 7 }, "geometry": { "type": "Point", "coordinates": [ -63.6985524, -34.0891438 ] } },
{ "type": "Feature", "properties": { "Name": "519.29", "P.K.": null, "Al.Dist. Izq.": 65, "Al.Dist. Der.": 35, "Ruta": 7 }, "geometry": { "type": "Point", "coordinates": [ -63.701982, -34.0882661 ] } },
{ "type": "Feature", "properties": { "Name": "519.41", "P.K.": null, "Al.Dist. Izq.": 65, "Al.Dist. Der.": 35, "Ruta": 7 }, "geometry": { "type": "Point", "coordinates": [ -63.7035149, -34.0881531 ] } },
{ "type": "Feature", "properties": { "Name": "519.64", "P.K.": null, "Al.Dist. Izq.": 65, "Al.Dist. Der.": 35, "Ruta": 7 }, "geometry": { "type": "Point", "coordinates": [ -63.706362, -34.0873362 ] } },
{ "type": "Feature", "properties": { "Name": "520", "P.K.": "PK520", "Al.Dist. Izq.": 65, "Al.Dist. Der.": 35, "Ruta": 7 }, "geometry": { "type": "Point", "coordinates": [ -63.7106308, -34.0863771 ] } },
{ "type": "Feature", "properties": { "Name": "520.21", "P.K.": null, "Al.Dist. Izq.": 65, "Al.Dist. Der.": 35, "Ruta": 7 }, "geometry": { "type": "Point", "coordinates": [ -63.7123296, -34.0858279 ] } },
{ "type": "Feature", "properties": { "Name": "520.31", "P.K.": null, "Al.Dist. Izq.": 65, "Al.Dist. Der.": 35, "Ruta": 7 }, "geometry": { "type": "Point", "coordinates": [ -63.7132084, -34.0855849 ] } },
{ "type": "Feature", "properties": { "Name": "520.32", "P.K.": null, "Al.Dist. Izq.": 65, "Al.Dist. Der.": 35, "Ruta": 7 }, "geometry": { "type": "Point", "coordinates": [ -63.7133385, -34.0857581 ] } },
{ "type": "Feature", "properties": { "Name": "520.33", "P.K.": null, "Al.Dist. Izq.": 65, "Al.Dist. Der.": 35, "Ruta": 7 }, "geometry": { "type": "Point", "coordinates": [ -63.7133395, -34.0855757 ] } },
{ "type": "Feature", "properties": { "Name": "520.48", "P.K.": null, "Al.Dist. Izq.": 65, "Al.Dist. Der.": 35, "Ruta": 7 }, "geometry": { "type": "Point", "coordinates": [ -63.714577, -34.0852447 ] } },
{ "type": "Feature", "properties": { "Name": "520.56", "P.K.": null, "Al.Dist. Izq.": 65, "Al.Dist. Der.": 35, "Ruta": 7 }, "geometry": { "type": "Point", "coordinates": [ -63.7152643, -34.085208 ] } },
{ "type": "Feature", "properties": { "Name": "520.58", "P.K.": null, "Al.Dist. Izq.": 65, "Al.Dist. Der.": 35, "Ruta": 7 }, "geometry": { "type": "Point", "coordinates": [ -63.7155432, -34.0852039 ] } },
{ "type": "Feature", "properties": { "Name": "520.77", "P.K.": null, "Al.Dist. Izq.": 65, "Al.Dist. Der.": 35, "Ruta": 7 }, "geometry": { "type": "Point", "coordinates": [ -63.7170687, -34.0848304 ] } },
{ "type": "Feature", "properties": { "Name": "520.89", "P.K.": null, "Al.Dist. Izq.": 65, "Al.Dist. Der.": 35, "Ruta": 7 }, "geometry": { "type": "Point", "coordinates": [ -63.7181041, -34.0846266 ] } },
{ "type": "Feature", "properties": { "Name": "520.96", "P.K.": null, "Al.Dist. Izq.": 65, "Al.Dist. Der.": 35, "Ruta": 7 }, "geometry": { "type": "Point", "coordinates": [ -63.7187112, -34.0842137 ] } },
{ "type": "Feature", "properties": { "Name": "520.96", "P.K.": null, "Al.Dist. Izq.": 65, "Al.Dist. Der.": 35, "Ruta": 7 }, "geometry": { "type": "Point", "coordinates": [ -63.7187659, -34.0844489 ] } },
{ "type": "Feature", "properties": { "Name": "521", "P.K.": "PK521", "Al.Dist. Izq.": 65, "Al.Dist. Der.": 35, "Ruta": 7 }, "geometry": { "type": "Point", "coordinates": [ -63.7189972, -34.0842279 ] } },
{ "type": "Feature", "properties": { "Name": "521.87", "P.K.": null, "Al.Dist. Izq.": 65, "Al.Dist. Der.": 35, "Ruta": 7 }, "geometry": { "type": "Point", "coordinates": [ -63.7286225, -34.0819726 ] } },
{ "type": "Feature", "properties": { "Name": "522", "P.K.": "PK522", "Al.Dist. Izq.": 65, "Al.Dist. Der.": 35, "Ruta": 7 }, "geometry": { "type": "Point", "coordinates": [ -63.7300882, -34.0816582 ] } },
{ "type": "Feature", "properties": { "Name": "522.18", "P.K.": null, "Al.Dist. Izq.": 65, "Al.Dist. Der.": 35, "Ruta": 7 }, "geometry": { "type": "Point", "coordinates": [ -63.7319354, -34.0811668 ] } },
{ "type": "Feature", "properties": { "Name": "522.64", "P.K.": null, "Al.Dist. Izq.": 65, "Al.Dist. Der.": 35, "Ruta": 7 }, "geometry": { "type": "Point", "coordinates": [ -63.7367887, -34.0800387 ] } },
{ "type": "Feature", "properties": { "Name": "522.65", "P.K.": null, "Al.Dist. Izq.": 65, "Al.Dist. Der.": 35, "Ruta": 7 }, "geometry": { "type": "Point", "coordinates": [ -63.7368708, -34.0798585 ] } },
{ "type": "Feature", "properties": { "Name": "522.7", "P.K.": null, "Al.Dist. Izq.": 65, "Al.Dist. Der.": 35, "Ruta": 7 }, "geometry": { "type": "Point", "coordinates": [ -63.7373519, -34.0797413 ] } },
{ "type": "Feature", "properties": { "Name": "522.78", "P.K.": null, "Al.Dist. Izq.": 65, "Al.Dist. Der.": 35, "Ruta": 7 }, "geometry": { "type": "Point", "coordinates": [ -63.7383085, -34.0795136 ] } },
{ "type": "Feature", "properties": { "Name": "522.82", "P.K.": null, "Al.Dist. Izq.": 65, "Al.Dist. Der.": 35, "Ruta": 7 }, "geometry": { "type": "Point", "coordinates": [ -63.7387742, -34.0796121 ] } },
{ "type": "Feature", "properties": { "Name": "522.87", "P.K.": null, "Al.Dist. Izq.": 65, "Al.Dist. Der.": 35, "Ruta": 7 }, "geometry": { "type": "Point", "coordinates": [ -63.7392895, -34.0793622 ] } },
{ "type": "Feature", "properties": { "Name": "522.89", "P.K.": null, "Al.Dist. Izq.": 65, "Al.Dist. Der.": 35, "Ruta": 7 }, "geometry": { "type": "Point", "coordinates": [ -63.7395403, -34.0792783 ] } },
{ "type": "Feature", "properties": { "Name": "522.9", "P.K.": null, "Al.Dist. Izq.": 65, "Al.Dist. Der.": 35, "Ruta": 7 }, "geometry": { "type": "Point", "coordinates": [ -63.7395698, -34.0793217 ] } },
{ "type": "Feature", "properties": { "Name": "523", "P.K.": "PK523", "Al.Dist. Izq.": 65, "Al.Dist. Der.": 35, "Ruta": 7 }, "geometry": { "type": "Point", "coordinates": [ -63.7405917, -34.0789898 ] } },
{ "type": "Feature", "properties": { "Name": "523.01", "P.K.": null, "Al.Dist. Izq.": 65, "Al.Dist. Der.": 35, "Ruta": 7 }, "geometry": { "type": "Point", "coordinates": [ -63.7407352, -34.0789234 ] } },
{ "type": "Feature", "properties": { "Name": "523.03", "P.K.": null, "Al.Dist. Izq.": 65, "Al.Dist. Der.": 35, "Ruta": 7 }, "geometry": { "type": "Point", "coordinates": [ -63.7409156, -34.0790115 ] } },
{ "type": "Feature", "properties": { "Name": "523.03", "P.K.": null, "Al.Dist. Izq.": 65, "Al.Dist. Der.": 35, "Ruta": 7 }, "geometry": { "type": "Point", "coordinates": [ -63.7409441, -34.0790001 ] } },
{ "type": "Feature", "properties": { "Name": "523.07", "P.K.": null, "Al.Dist. Izq.": 65, "Al.Dist. Der.": 35, "Ruta": 7 }, "geometry": { "type": "Point", "coordinates": [ -63.7412153, -34.0788424 ] } },
{ "type": "Feature", "properties": { "Name": "523.12", "P.K.": null, "Al.Dist. Izq.": 65, "Al.Dist. Der.": 35, "Ruta": 7 }, "geometry": { "type": "Point", "coordinates": [ -63.7417817, -34.0787737 ] } },
{ "type": "Feature", "properties": { "Name": "523.23", "P.K.": null, "Al.Dist. Izq.": 65, "Al.Dist. Der.": 35, "Ruta": 7 }, "geometry": { "type": "Point", "coordinates": [ -63.7428716, -34.0785913 ] } },
{ "type": "Feature", "properties": { "Name": "523.26", "P.K.": null, "Al.Dist. Izq.": 65, "Al.Dist. Der.": 35, "Ruta": 7 }, "geometry": { "type": "Point", "coordinates": [ -63.7431871, -34.0785266 ] } },
{ "type": "Feature", "properties": { "Name": "523.82", "P.K.": null, "Al.Dist. Izq.": 65, "Al.Dist. Der.": 35, "Ruta": 7 }, "geometry": { "type": "Point", "coordinates": [ -63.7484764, -34.0771128 ] } },
{ "type": "Feature", "properties": { "Name": "524", "P.K.": "PK524", "Al.Dist. Izq.": 65, "Al.Dist. Der.": 35, "Ruta": 7 }, "geometry": { "type": "Point", "coordinates": [ -63.7501444, -34.0767874 ] } },
{ "type": "Feature", "properties": { "Name": "524.52", "P.K.": null, "Al.Dist. Izq.": 65, "Al.Dist. Der.": 35, "Ruta": 7 }, "geometry": { "type": "Point", "coordinates": [ -63.7559906, -34.07522 ] } },
{ "type": "Feature", "properties": { "Name": "524.78", "P.K.": null, "Al.Dist. Izq.": 65, "Al.Dist. Der.": 35, "Ruta": 7 }, "geometry": { "type": "Point", "coordinates": [ -63.7589541, -34.0746218 ] } },
{ "type": "Feature", "properties": { "Name": "525", "P.K.": "PK525", "Al.Dist. Izq.": 65, "Al.Dist. Der.": 35, "Ruta": 7 }, "geometry": { "type": "Point", "coordinates": [ -63.7614519, -34.0740177 ] } },
{ "type": "Feature", "properties": { "Name": "525.09", "P.K.": null, "Al.Dist. Izq.": 65, "Al.Dist. Der.": 35, "Ruta": 7 }, "geometry": { "type": "Point", "coordinates": [ -63.7623768, -34.0737433 ] } },
{ "type": "Feature", "properties": { "Name": "525.46", "P.K.": null, "Al.Dist. Izq.": 65, "Al.Dist. Der.": 35, "Ruta": 7 }, "geometry": { "type": "Point", "coordinates": [ -63.7661894, -34.0728261 ] } },
{ "type": "Feature", "properties": { "Name": "526", "P.K.": "PK526", "Al.Dist. Izq.": 65, "Al.Dist. Der.": 35, "Ruta": 7 }, "geometry": { "type": "Point", "coordinates": [ -63.7718571, -34.0714919 ] } },
{ "type": "Feature", "properties": { "Name": "526.36", "P.K.": null, "Al.Dist. Izq.": 65, "Al.Dist. Der.": 35, "Ruta": 7 }, "geometry": { "type": "Point", "coordinates": [ -63.7756847, -34.0702138 ] } },
{ "type": "Feature", "properties": { "Name": "526.39", "P.K.": null, "Al.Dist. Izq.": 65, "Al.Dist. Der.": 35, "Ruta": 7 }, "geometry": { "type": "Point", "coordinates": [ -63.7761232, -34.0704564 ] } },
{ "type": "Feature", "properties": { "Name": "526.58", "P.K.": null, "Al.Dist. Izq.": 65, "Al.Dist. Der.": 35, "Ruta": 7 }, "geometry": { "type": "Point", "coordinates": [ -63.7781711, -34.0699403 ] } },
{ "type": "Feature", "properties": { "Name": "527", "P.K.": "PK527", "Al.Dist. Izq.": 65, "Al.Dist. Der.": 35, "Ruta": 7 }, "geometry": { "type": "Point", "coordinates": [ -63.7828821, -34.0687741 ] } },
{ "type": "Feature", "properties": { "Name": "527.69", "P.K.": null, "Al.Dist. Izq.": 65, "Al.Dist. Der.": 35, "Ruta": 7 }, "geometry": { "type": "Point", "coordinates": [ -63.7896533, -34.0671871 ] } },
{ "type": "Feature", "properties": { "Name": "528", "P.K.": "PK528", "Al.Dist. Izq.": 65, "Al.Dist. Der.": 35, "Ruta": 7 }, "geometry": { "type": "Point", "coordinates": [ -63.7926685, -34.0664445 ] } },
{ "type": "Feature", "properties": { "Name": "528.52", "P.K.": null, "Al.Dist. Izq.": 65, "Al.Dist. Der.": 35, "Ruta": 7 }, "geometry": { "type": "Point", "coordinates": [ -63.7980446, -34.0650016 ] } },
{ "type": "Feature", "properties": { "Name": "529", "P.K.": "PK529", "Al.Dist. Izq.": 65, "Al.Dist. Der.": 35, "Ruta": 7 }, "geometry": { "type": "Point", "coordinates": [ -63.8030738, -34.0639189 ] } },
{ "type": "Feature", "properties": { "Name": "529.08", "P.K.": null, "Al.Dist. Izq.": 65, "Al.Dist. Der.": 35, "Ruta": 7 }, "geometry": { "type": "Point", "coordinates": [ -63.8038576, -34.0636782 ] } },
{ "type": "Feature", "properties": { "Name": "529.18", "P.K.": null, "Al.Dist. Izq.": 65, "Al.Dist. Der.": 35, "Ruta": 7 }, "geometry": { "type": "Point", "coordinates": [ -63.8049882, -34.0635101 ] } },
{ "type": "Feature", "properties": { "Name": "529.2", "P.K.": null, "Al.Dist. Izq.": 65, "Al.Dist. Der.": 35, "Ruta": 7 }, "geometry": { "type": "Point", "coordinates": [ -63.805194, -34.0634337 ] } },
{ "type": "Feature", "properties": { "Name": "529.23", "P.K.": null, "Al.Dist. Izq.": 65, "Al.Dist. Der.": 35, "Ruta": 7 }, "geometry": { "type": "Point", "coordinates": [ -63.8054358, -34.0634451 ] } },
{ "type": "Feature", "properties": { "Name": "529.37", "P.K.": null, "Al.Dist. Izq.": 65, "Al.Dist. Der.": 35, "Ruta": 7 }, "geometry": { "type": "Point", "coordinates": [ -63.8069382, -34.0628927 ] } },
{ "type": "Feature", "properties": { "Name": "529.49", "P.K.": null, "Al.Dist. Izq.": 65, "Al.Dist. Der.": 35, "Ruta": 7 }, "geometry": { "type": "Point", "coordinates": [ -63.8081636, -34.0625594 ] } },
{ "type": "Feature", "properties": { "Name": "529.59", "P.K.": null, "Al.Dist. Izq.": 65, "Al.Dist. Der.": 35, "Ruta": 7 }, "geometry": { "type": "Point", "coordinates": [ -63.8091178, -34.0624452 ] } },
{ "type": "Feature", "properties": { "Name": "529.63", "P.K.": null, "Al.Dist. Izq.": 65, "Al.Dist. Der.": 35, "Ruta": 7 }, "geometry": { "type": "Point", "coordinates": [ -63.8094571, -34.062371 ] } },
{ "type": "Feature", "properties": { "Name": "529.71", "P.K.": null, "Al.Dist. Izq.": 65, "Al.Dist. Der.": 35, "Ruta": 7 }, "geometry": { "type": "Point", "coordinates": [ -63.810331, -34.0619939 ] } },
{ "type": "Feature", "properties": { "Name": "529.72", "P.K.": null, "Al.Dist. Izq.": 65, "Al.Dist. Der.": 35, "Ruta": 7 }, "geometry": { "type": "Point", "coordinates": [ -63.810421, -34.0622008 ] } },
{ "type": "Feature", "properties": { "Name": "529.79", "P.K.": null, "Al.Dist. Izq.": 65, "Al.Dist. Der.": 35, "Ruta": 7 }, "geometry": { "type": "Point", "coordinates": [ -63.8112213, -34.0620341 ] } },
{ "type": "Feature", "properties": { "Name": "529.81", "P.K.": null, "Al.Dist. Izq.": 65, "Al.Dist. Der.": 35, "Ruta": 7 }, "geometry": { "type": "Point", "coordinates": [ -63.8113853, -34.0618905 ] } },
{ "type": "Feature", "properties": { "Name": "529.85", "P.K.": null, "Al.Dist. Izq.": 65, "Al.Dist. Der.": 35, "Ruta": 7 }, "geometry": { "type": "Point", "coordinates": [ -63.8117319, -34.0617278 ] } },
{ "type": "Feature", "properties": { "Name": "529.87", "P.K.": null, "Al.Dist. Izq.": 65, "Al.Dist. Der.": 35, "Ruta": 7 }, "geometry": { "type": "Point", "coordinates": [ -63.8120803, -34.0618805 ] } },
{ "type": "Feature", "properties": { "Name": "529.94", "P.K.": null, "Al.Dist. Izq.": 65, "Al.Dist. Der.": 35, "Ruta": 7 }, "geometry": { "type": "Point", "coordinates": [ -63.8126744, -34.0613956 ] } },
{ "type": "Feature", "properties": { "Name": "530", "P.K.": "PK530", "Al.Dist. Izq.": 65, "Al.Dist. Der.": 35, "Ruta": 7 }, "geometry": { "type": "Point", "coordinates": [ -63.8133889, -34.0614286 ] } },
{ "type": "Feature", "properties": { "Name": "530.07", "P.K.": null, "Al.Dist. Izq.": 65, "Al.Dist. Der.": 35, "Ruta": 7 }, "geometry": { "type": "Point", "coordinates": [ -63.814094, -34.0613017 ] } },
{ "type": "Feature", "properties": { "Name": "531", "P.K.": "PK531", "Al.Dist. Izq.": 65, "Al.Dist. Der.": 35, "Ruta": 7 }, "geometry": { "type": "Point", "coordinates": [ -63.8238424, -34.0588241 ] } },
{ "type": "Feature", "properties": { "Name": "531.36", "P.K.": null, "Al.Dist. Izq.": 65, "Al.Dist. Der.": 35, "Ruta": 7 }, "geometry": { "type": "Point", "coordinates": [ -63.8275788, -34.0579224 ] } },
{ "type": "Feature", "properties": { "Name": "532", "P.K.": "PK532", "Al.Dist. Izq.": 65, "Al.Dist. Der.": 35, "Ruta": 7 }, "geometry": { "type": "Point", "coordinates": [ -63.8342534, -34.056363 ] } },
{ "type": "Feature", "properties": { "Name": "532.05", "P.K.": null, "Al.Dist. Izq.": 65, "Al.Dist. Der.": 35, "Ruta": 7 }, "geometry": { "type": "Point", "coordinates": [ -63.8348019, -34.0561936 ] } },
{ "type": "Feature", "properties": { "Name": "532.38", "P.K.": null, "Al.Dist. Izq.": 65, "Al.Dist. Der.": 35, "Ruta": 7 }, "geometry": { "type": "Point", "coordinates": [ -63.8381678, -34.0553711 ] } },
{ "type": "Feature", "properties": { "Name": "533", "P.K.": "PK533", "Al.Dist. Izq.": 65, "Al.Dist. Der.": 35, "Ruta": 7 }, "geometry": { "type": "Point", "coordinates": [ -63.8446789, -34.0537515 ] } },
{ "type": "Feature", "properties": { "Name": "533.35", "P.K.": null, "Al.Dist. Izq.": 65, "Al.Dist. Der.": 35, "Ruta": 7 }, "geometry": { "type": "Point", "coordinates": [ -63.8482166, -34.0528924 ] } },
{ "type": "Feature", "properties": { "Name": "534", "P.K.": "PK534", "Al.Dist. Izq.": 65, "Al.Dist. Der.": 35, "Ruta": 7 }, "geometry": { "type": "Point", "coordinates": [ -63.8548119, -34.0512672 ] } },
{ "type": "Feature", "properties": { "Name": "534.3", "P.K.": null, "Al.Dist. Izq.": 65, "Al.Dist. Der.": 35, "Ruta": 7 }, "geometry": { "type": "Point", "coordinates": [ -63.8578928, -34.0505406 ] } },
{ "type": "Feature", "properties": { "Name": "534.75", "P.K.": null, "Al.Dist. Izq.": 65, "Al.Dist. Der.": 35, "Ruta": 7 }, "geometry": { "type": "Point", "coordinates": [ -63.8626735, -34.049409 ] } },
{ "type": "Feature", "properties": { "Name": "534.81", "P.K.": null, "Al.Dist. Izq.": 65, "Al.Dist. Der.": 35, "Ruta": 7 }, "geometry": { "type": "Point", "coordinates": [ -63.8632086, -34.0492871 ] } },
{ "type": "Feature", "properties": { "Name": "534.99", "P.K.": null, "Al.Dist. Izq.": 65, "Al.Dist. Der.": 35, "Ruta": 7 }, "geometry": { "type": "Point", "coordinates": [ -63.8651216, -34.0489017 ] } },
{ "type": "Feature", "properties": { "Name": "535", "P.K.": "PK535", "Al.Dist. Izq.": 65, "Al.Dist. Der.": 35, "Ruta": 7 }, "geometry": { "type": "Point", "coordinates": [ -63.8652531, -34.0487634 ] } },
{ "type": "Feature", "properties": { "Name": "536", "P.K.": null, "Al.Dist. Izq.": 65, "Al.Dist. Der.": 35, "Ruta": 7 }, "geometry": { "type": "Point", "coordinates": [ -63.8758525, -34.0461982 ] } },
{ "type": "Feature", "properties": { "Name": "536.51", "P.K.": null, "Al.Dist. Izq.": 65, "Al.Dist. Der.": 35, "Ruta": 7 }, "geometry": { "type": "Point", "coordinates": [ -63.8811217, -34.0449033 ] } },
{ "type": "Feature", "properties": { "Name": "537", "P.K.": "PK537", "Al.Dist. Izq.": 65, "Al.Dist. Der.": 35, "Ruta": 7 }, "geometry": { "type": "Point", "coordinates": [ -63.8862809, -34.0435946 ] } },
{ "type": "Feature", "properties": { "Name": "537.26", "P.K.": null, "Al.Dist. Izq.": 65, "Al.Dist. Der.": 35, "Ruta": 7 }, "geometry": { "type": "Point", "coordinates": [ -63.8890275, -34.0430061 ] } },
{ "type": "Feature", "properties": { "Name": "538.09", "P.K.": null, "Al.Dist. Izq.": 65, "Al.Dist. Der.": 35, "Ruta": 7 }, "geometry": { "type": "Point", "coordinates": [ -63.8975358, -34.040898 ] } },
{ "type": "Feature", "properties": { "Name": "538.66", "P.K.": null, "Al.Dist. Izq.": 65, "Al.Dist. Der.": 35, "Ruta": 7 }, "geometry": { "type": "Point", "coordinates": [ -63.9034655, -34.0394464 ] } },
{ "type": "Feature", "properties": { "Name": "539", "P.K.": "PK539", "Al.Dist. Izq.": 65, "Al.Dist. Der.": 35, "Ruta": 7 }, "geometry": { "type": "Point", "coordinates": [ -63.9069976, -34.0385449 ] } },
{ "type": "Feature", "properties": { "Name": "539.1", "P.K.": null, "Al.Dist. Izq.": 65, "Al.Dist. Der.": 35, "Ruta": 7 }, "geometry": { "type": "Point", "coordinates": [ -63.9078797, -34.0383226 ] } },
{ "type": "Feature", "properties": { "Name": "539.14", "P.K.": null, "Al.Dist. Izq.": 65, "Al.Dist. Der.": 35, "Ruta": 7 }, "geometry": { "type": "Point", "coordinates": [ -63.9083806, -34.0383376 ] } },
{ "type": "Feature", "properties": { "Name": "539.14", "P.K.": null, "Al.Dist. Izq.": 65, "Al.Dist. Der.": 35, "Ruta": 7 }, "geometry": { "type": "Point", "coordinates": [ -63.9083756, -34.0383296 ] } },
{ "type": "Feature", "properties": { "Name": "539.15", "P.K.": null, "Al.Dist. Izq.": 65, "Al.Dist. Der.": 35, "Ruta": 7 }, "geometry": { "type": "Point", "coordinates": [ -63.9084393, -34.0381726 ] } },
{ "type": "Feature", "properties": { "Name": "539.37", "P.K.": null, "Al.Dist. Izq.": 65, "Al.Dist. Der.": 35, "Ruta": 7 }, "geometry": { "type": "Point", "coordinates": [ -63.9105717, -34.0377386 ] } },
{ "type": "Feature", "properties": { "Name": "539.42", "P.K.": null, "Al.Dist. Izq.": 65, "Al.Dist. Der.": 35, "Ruta": 7 }, "geometry": { "type": "Point", "coordinates": [ -63.911148, -34.0377875 ] } },
{ "type": "Feature", "properties": { "Name": "539.46", "P.K.": null, "Al.Dist. Izq.": 65, "Al.Dist. Der.": 35, "Ruta": 7 }, "geometry": { "type": "Point", "coordinates": [ -63.9115138, -34.0375327 ] } },
{ "type": "Feature", "properties": { "Name": "539.49", "P.K.": null, "Al.Dist. Izq.": 65, "Al.Dist. Der.": 35, "Ruta": 7 }, "geometry": { "type": "Point", "coordinates": [ -63.9117693, -34.0373902 ] } },
{ "type": "Feature", "properties": { "Name": "539.81", "P.K.": null, "Al.Dist. Izq.": 65, "Al.Dist. Der.": 35, "Ruta": 7 }, "geometry": { "type": "Point", "coordinates": [ -63.9149269, -34.0371877 ] } },
{ "type": "Feature", "properties": { "Name": "539.95", "P.K.": null, "Al.Dist. Izq.": 65, "Al.Dist. Der.": 35, "Ruta": 7 }, "geometry": { "type": "Point", "coordinates": [ -63.9162633, -34.0370615 ] } },
{ "type": "Feature", "properties": { "Name": "540", "P.K.": "PK540", "Al.Dist. Izq.": 65, "Al.Dist. Der.": 35, "Ruta": 7 }, "geometry": { "type": "Point", "coordinates": [ -63.9167988, -34.037071 ] } },
{ "type": "Feature", "properties": { "Name": "540.06", "P.K.": null, "Al.Dist. Izq.": 65, "Al.Dist. Der.": 35, "Ruta": 7 }, "geometry": { "type": "Point", "coordinates": [ -63.9175075, -34.0371971 ] } },
{ "type": "Feature", "properties": { "Name": "540.15", "P.K.": null, "Al.Dist. Izq.": 65, "Al.Dist. Der.": 35, "Ruta": 7 }, "geometry": { "type": "Point", "coordinates": [ -63.9186431, -34.0370218 ] } },
{ "type": "Feature", "properties": { "Name": "540.17", "P.K.": null, "Al.Dist. Izq.": 65, "Al.Dist. Der.": 35, "Ruta": 7 }, "geometry": { "type": "Point", "coordinates": [ -63.9187658, -34.0368918 ] } },
{ "type": "Feature", "properties": { "Name": "540.2", "P.K.": null, "Al.Dist. Izq.": 65, "Al.Dist. Der.": 35, "Ruta": 7 }, "geometry": { "type": "Point", "coordinates": [ -63.9190699, -34.0371302 ] } },
{ "type": "Feature", "properties": { "Name": "540.25", "P.K.": null, "Al.Dist. Izq.": 65, "Al.Dist. Der.": 35, "Ruta": 7 }, "geometry": { "type": "Point", "coordinates": [ -63.9196929, -34.0373077 ] } },
{ "type": "Feature", "properties": { "Name": "540.25", "P.K.": null, "Al.Dist. Izq.": 65, "Al.Dist. Der.": 35, "Ruta": 7 }, "geometry": { "type": "Point", "coordinates": [ -63.9196929, -34.0373077 ] } },
{ "type": "Feature", "properties": { "Name": "540.25", "P.K.": null, "Al.Dist. Izq.": 65, "Al.Dist. Der.": 35, "Ruta": 7 }, "geometry": { "type": "Point", "coordinates": [ -63.9196781, -34.0369334 ] } },
{ "type": "Feature", "properties": { "Name": "540.29", "P.K.": null, "Al.Dist. Izq.": 65, "Al.Dist. Der.": 35, "Ruta": 7 }, "geometry": { "type": "Point", "coordinates": [ -63.9202327, -34.0371219 ] } },
{ "type": "Feature", "properties": { "Name": "540.31", "P.K.": null, "Al.Dist. Izq.": 65, "Al.Dist. Der.": 35, "Ruta": 7 }, "geometry": { "type": "Point", "coordinates": [ -63.9204707, -34.0372066 ] } },
{ "type": "Feature", "properties": { "Name": "540.39", "P.K.": null, "Al.Dist. Izq.": 65, "Al.Dist. Der.": 35, "Ruta": 7 }, "geometry": { "type": "Point", "coordinates": [ -63.921274, -34.0370821 ] } },
{ "type": "Feature", "properties": { "Name": "540.42", "P.K.": null, "Al.Dist. Izq.": 65, "Al.Dist. Der.": 35, "Ruta": 7 }, "geometry": { "type": "Point", "coordinates": [ -63.9216143, -34.0370904 ] } },
{ "type": "Feature", "properties": { "Name": "540.45", "P.K.": null, "Al.Dist. Izq.": 65, "Al.Dist. Der.": 35, "Ruta": 7 }, "geometry": { "type": "Point", "coordinates": [ -63.9220978, -34.0370612 ] } },
{ "type": "Feature", "properties": { "Name": "540.46", "P.K.": null, "Al.Dist. Izq.": 65, "Al.Dist. Der.": 35, "Ruta": 7 }, "geometry": { "type": "Point", "coordinates": [ -63.9221333, -34.0372321 ] } },
{ "type": "Feature", "properties": { "Name": "540.48", "P.K.": null, "Al.Dist. Izq.": 65, "Al.Dist. Der.": 35, "Ruta": 7 }, "geometry": { "type": "Point", "coordinates": [ -63.9223791, -34.0371215 ] } },
{ "type": "Feature", "properties": { "Name": "540.52", "P.K.": null, "Al.Dist. Izq.": 65, "Al.Dist. Der.": 35, "Ruta": 7 }, "geometry": { "type": "Point", "coordinates": [ -63.9228444, -34.0371046 ] } },
{ "type": "Feature", "properties": { "Name": "540.53", "P.K.": null, "Al.Dist. Izq.": 65, "Al.Dist. Der.": 35, "Ruta": 7 }, "geometry": { "type": "Point", "coordinates": [ -63.9229157, -34.0371214 ] } },
{ "type": "Feature", "properties": { "Name": "540.66", "P.K.": null, "Al.Dist. Izq.": 65, "Al.Dist. Der.": 35, "Ruta": 7 }, "geometry": { "type": "Point", "coordinates": [ -63.9244799, -34.0371943 ] } },
{ "type": "Feature", "properties": { "Name": "540.75", "P.K.": null, "Al.Dist. Izq.": 65, "Al.Dist. Der.": 35, "Ruta": 7 }, "geometry": { "type": "Point", "coordinates": [ -63.925384, -34.0371209 ] } },
{ "type": "Feature", "properties": { "Name": "540.83", "P.K.": null, "Al.Dist. Izq.": 65, "Al.Dist. Der.": 35, "Ruta": 7 }, "geometry": { "type": "Point", "coordinates": [ -63.9263499, -34.0371207 ] } },
{ "type": "Feature", "properties": { "Name": "540.89", "P.K.": null, "Al.Dist. Izq.": 65, "Al.Dist. Der.": 35, "Ruta": 7 }, "geometry": { "type": "Point", "coordinates": [ -63.9269938, -34.0371206 ] } },
{ "type": "Feature", "properties": { "Name": "540.92", "P.K.": null, "Al.Dist. Izq.": 65, "Al.Dist. Der.": 35, "Ruta": 7 }, "geometry": { "type": "Point", "coordinates": [ -63.9274231, -34.0371205 ] } },
{ "type": "Feature", "properties": { "Name": "541", "P.K.": "PK541", "Al.Dist. Izq.": 65, "Al.Dist. Der.": 35, "Ruta": 7 }, "geometry": { "type": "Point", "coordinates": [ -63.9282981, -34.037131 ] } },
{ "type": "Feature", "properties": { "Name": "541.12", "P.K.": null, "Al.Dist. Izq.": 65, "Al.Dist. Der.": 35, "Ruta": 7 }, "geometry": { "type": "Point", "coordinates": [ -63.9296703, -34.0371218 ] } },
{ "type": "Feature", "properties": { "Name": "541.27", "P.K.": null, "Al.Dist. Izq.": 65, "Al.Dist. Der.": 35, "Ruta": 7 }, "geometry": { "type": "Point", "coordinates": [ -63.9312865, -34.0371198 ] } },
{ "type": "Feature", "properties": { "Name": "541.78", "P.K.": null, "Al.Dist. Izq.": 65, "Al.Dist. Der.": 35, "Ruta": 7 }, "geometry": { "type": "Point", "coordinates": [ -63.9366548, -34.037091 ] } },
{ "type": "Feature", "properties": { "Name": "541.78", "P.K.": null, "Al.Dist. Izq.": 65, "Al.Dist. Der.": 35, "Ruta": 7 }, "geometry": { "type": "Point", "coordinates": [ -63.9366531, -34.0371824 ] } },
{ "type": "Feature", "properties": { "Name": "542", "P.K.": "PK542", "Al.Dist. Izq.": 65, "Al.Dist. Der.": 35, "Ruta": 7 }, "geometry": { "type": "Point", "coordinates": [ -63.9391094, -34.0371735 ] } },
{ "type": "Feature", "properties": { "Name": "542.35", "P.K.": null, "Al.Dist. Izq.": 65, "Al.Dist. Der.": 35, "Ruta": 7 }, "geometry": { "type": "Point", "coordinates": [ -63.942844, -34.0371142 ] } },
{ "type": "Feature", "properties": { "Name": "542.42", "P.K.": null, "Al.Dist. Izq.": 65, "Al.Dist. Der.": 35, "Ruta": 7 }, "geometry": { "type": "Point", "coordinates": [ -63.9435907, -34.0372179 ] } },
{ "type": "Feature", "properties": { "Name": "542.59", "P.K.": null, "Al.Dist. Izq.": 65, "Al.Dist. Der.": 35, "Ruta": 7 }, "geometry": { "type": "Point", "coordinates": [ -63.9455534, -34.037139 ] } },
{ "type": "Feature", "properties": { "Name": "542.63", "P.K.": null, "Al.Dist. Izq.": 65, "Al.Dist. Der.": 35, "Ruta": 7 }, "geometry": { "type": "Point", "coordinates": [ -63.946001, -34.037181 ] } },
{ "type": "Feature", "properties": { "Name": "542.63", "P.K.": null, "Al.Dist. Izq.": 65, "Al.Dist. Der.": 35, "Ruta": 7 }, "geometry": { "type": "Point", "coordinates": [ -63.946003, -34.037096 ] } },
{ "type": "Feature", "properties": { "Name": "542.66", "P.K.": null, "Al.Dist. Izq.": 65, "Al.Dist. Der.": 35, "Ruta": 7 }, "geometry": { "type": "Point", "coordinates": [ -63.9463292, -34.0370746 ] } },
{ "type": "Feature", "properties": { "Name": "543", "P.K.": "PK543", "Al.Dist. Izq.": 65, "Al.Dist. Der.": 35, "Ruta": 7 }, "geometry": { "type": "Point", "coordinates": [ -63.9500072, -34.0371185 ] } },
{ "type": "Feature", "properties": { "Name": "543.32", "P.K.": null, "Al.Dist. Izq.": 65, "Al.Dist. Der.": 35, "Ruta": 7 }, "geometry": { "type": "Point", "coordinates": [ -63.9535155, -34.0371113 ] } },
{ "type": "Feature", "properties": { "Name": "544", "P.K.": "PK544", "Al.Dist. Izq.": 65, "Al.Dist. Der.": 35, "Ruta": 7 }, "geometry": { "type": "Point", "coordinates": [ -63.960841, -34.0371557 ] } },
{ "type": "Feature", "properties": { "Name": "544.63", "P.K.": null, "Al.Dist. Izq.": 65, "Al.Dist. Der.": 35, "Ruta": 7 }, "geometry": { "type": "Point", "coordinates": [ -63.9675596, -34.0371282 ] } },
{ "type": "Feature", "properties": { "Name": "544.9", "P.K.": null, "Al.Dist. Izq.": 65, "Al.Dist. Der.": 35, "Ruta": 7 }, "geometry": { "type": "Point", "coordinates": [ -63.9704956, -34.0371277 ] } },
{ "type": "Feature", "properties": { "Name": "545", "P.K.": "PK545", "Al.Dist. Izq.": 65, "Al.Dist. Der.": 35, "Ruta": 7 }, "geometry": { "type": "Point", "coordinates": [ -63.9715789, -34.0370999 ] } },
{ "type": "Feature", "properties": { "Name": "545.27", "P.K.": null, "Al.Dist. Izq.": 65, "Al.Dist. Der.": 35, "Ruta": 7 }, "geometry": { "type": "Point", "coordinates": [ -63.9745098, -34.0371145 ] } },
{ "type": "Feature", "properties": { "Name": "545.38", "P.K.": null, "Al.Dist. Izq.": 65, "Al.Dist. Der.": 35, "Ruta": 7 }, "geometry": { "type": "Point", "coordinates": [ -63.9756857, -34.037139 ] } },
{ "type": "Feature", "properties": { "Name": "545.43", "P.K.": null, "Al.Dist. Izq.": 65, "Al.Dist. Der.": 35, "Ruta": 7 }, "geometry": { "type": "Point", "coordinates": [ -63.9761832, -34.0371368 ] } },
{ "type": "Feature", "properties": { "Name": "545.48", "P.K.": null, "Al.Dist. Izq.": 65, "Al.Dist. Der.": 35, "Ruta": 7 }, "geometry": { "type": "Point", "coordinates": [ -63.9767304, -34.0371332 ] } },
{ "type": "Feature", "properties": { "Name": "545.57", "P.K.": null, "Al.Dist. Izq.": 65, "Al.Dist. Der.": 35, "Ruta": 7 }, "geometry": { "type": "Point", "coordinates": [ -63.9776805, -34.0371871 ] } },
{ "type": "Feature", "properties": { "Name": "546", "P.K.": "PK546", "Al.Dist. Izq.": 65, "Al.Dist. Der.": 35, "Ruta": 7 }, "geometry": { "type": "Point", "coordinates": [ -63.9823174, -34.0371707 ] } },
{ "type": "Feature", "properties": { "Name": "546.84", "P.K.": null, "Al.Dist. Izq.": 65, "Al.Dist. Der.": 35, "Ruta": 7 }, "geometry": { "type": "Point", "coordinates": [ -63.9913514, -34.0371429 ] } },
{ "type": "Feature", "properties": { "Name": "546.95", "P.K.": null, "Al.Dist. Izq.": 65, "Al.Dist. Der.": 35, "Ruta": 7 }, "geometry": { "type": "Point", "coordinates": [ -63.9925531, -34.037129 ] } },
{ "type": "Feature", "properties": { "Name": "547", "P.K.": "PK547", "Al.Dist. Izq.": 65, "Al.Dist. Der.": 35, "Ruta": 7 }, "geometry": { "type": "Point", "coordinates": [ -63.9931217, -34.0370907 ] } },
{ "type": "Feature", "properties": { "Name": "547.94", "P.K.": null, "Al.Dist. Izq.": 65, "Al.Dist. Der.": 35, "Ruta": 7 }, "geometry": { "type": "Point", "coordinates": [ -64.0033627, -34.0371279 ] } },
{ "type": "Feature", "properties": { "Name": "548", "P.K.": "PK548", "Al.Dist. Izq.": 65, "Al.Dist. Der.": 35, "Ruta": 7 }, "geometry": { "type": "Point", "coordinates": [ -64.0040775, -34.0371604 ] } },
{ "type": "Feature", "properties": { "Name": "548.77", "P.K.": null, "Al.Dist. Izq.": 65, "Al.Dist. Der.": 35, "Ruta": 7 }, "geometry": { "type": "Point", "coordinates": [ -64.0125915, -34.0371335 ] } },
{ "type": "Feature", "properties": { "Name": "549", "P.K.": "PK549", "Al.Dist. Izq.": 65, "Al.Dist. Der.": 35, "Ruta": 7 }, "geometry": { "type": "Point", "coordinates": [ -64.0150286, -34.0370693 ] } },
{ "type": "Feature", "properties": { "Name": "549.07", "P.K.": null, "Al.Dist. Izq.": 65, "Al.Dist. Der.": 35, "Ruta": 7 }, "geometry": { "type": "Point", "coordinates": [ -64.0158611, -34.0371188 ] } },
{ "type": "Feature", "properties": { "Name": "549.98", "P.K.": null, "Al.Dist. Izq.": 65, "Al.Dist. Der.": 35, "Ruta": 7 }, "geometry": { "type": "Point", "coordinates": [ -64.0255717, -34.0370693 ] } },
{ "type": "Feature", "properties": { "Name": "549.98", "P.K.": null, "Al.Dist. Izq.": 65, "Al.Dist. Der.": 35, "Ruta": 7 }, "geometry": { "type": "Point", "coordinates": [ -64.0255526, -34.0371643 ] } },
{ "type": "Feature", "properties": { "Name": "550", "P.K.": "PK550", "Al.Dist. Izq.": 65, "Al.Dist. Der.": 35, "Ruta": 7 }, "geometry": { "type": "Point", "coordinates": [ -64.0258175, -34.0371449 ] } },
{ "type": "Feature", "properties": { "Name": "550.14", "P.K.": null, "Al.Dist. Izq.": 65, "Al.Dist. Der.": 35, "Ruta": 7 }, "geometry": { "type": "Point", "coordinates": [ -64.0272293, -34.037076 ] } },
{ "type": "Feature", "properties": { "Name": "550.36", "P.K.": null, "Al.Dist. Izq.": 65, "Al.Dist. Der.": 35, "Ruta": 7 }, "geometry": { "type": "Point", "coordinates": [ -64.0295032, -34.0369954 ] } },
{ "type": "Feature", "properties": { "Name": "550.52", "P.K.": null, "Al.Dist. Izq.": 65, "Al.Dist. Der.": 35, "Ruta": 7 }, "geometry": { "type": "Point", "coordinates": [ -64.0311376, -34.0368798 ] } },
{ "type": "Feature", "properties": { "Name": "550.64", "P.K.": null, "Al.Dist. Izq.": 65, "Al.Dist. Der.": 35, "Ruta": 7 }, "geometry": { "type": "Point", "coordinates": [ -64.0322692, -34.036759 ] } },
{ "type": "Feature", "properties": { "Name": "550.67", "P.K.": null, "Al.Dist. Izq.": 65, "Al.Dist. Der.": 35, "Ruta": 7 }, "geometry": { "type": "Point", "coordinates": [ -64.0325679, -34.0366314 ] } },
{ "type": "Feature", "properties": { "Name": "550.68", "P.K.": null, "Al.Dist. Izq.": 65, "Al.Dist. Der.": 35, "Ruta": 7 }, "geometry": { "type": "Point", "coordinates": [ -64.032641, -34.0366117 ] } },
{ "type": "Feature", "properties": { "Name": "550.71", "P.K.": null, "Al.Dist. Izq.": 65, "Al.Dist. Der.": 35, "Ruta": 7 }, "geometry": { "type": "Point", "coordinates": [ -64.0330128, -34.0364725 ] } },
{ "type": "Feature", "properties": { "Name": "550.86", "P.K.": null, "Al.Dist. Izq.": 65, "Al.Dist. Der.": 35, "Ruta": 7 }, "geometry": { "type": "Point", "coordinates": [ -64.0344446, -34.0361545 ] } },
{ "type": "Feature", "properties": { "Name": "550.89", "P.K.": null, "Al.Dist. Izq.": 65, "Al.Dist. Der.": 35, "Ruta": 7 }, "geometry": { "type": "Point", "coordinates": [ -64.0348096, -34.0361219 ] } },
{ "type": "Feature", "properties": { "Name": "551", "P.K.": "PK551", "Al.Dist. Izq.": 65, "Al.Dist. Der.": 35, "Ruta": 7 }, "geometry": { "type": "Point", "coordinates": [ -64.035745, -34.0357362 ] } },
{ "type": "Feature", "properties": { "Name": "551.19", "P.K.": null, "Al.Dist. Izq.": 65, "Al.Dist. Der.": 35, "Ruta": 7 }, "geometry": { "type": "Point", "coordinates": [ -64.0379196, -34.0351361 ] } },
{ "type": "Feature", "properties": { "Name": "551.24", "P.K.": null, "Al.Dist. Izq.": 65, "Al.Dist. Der.": 35, "Ruta": 7 }, "geometry": { "type": "Point", "coordinates": [ -64.0384151, -34.0349088 ] } },
{ "type": "Feature", "properties": { "Name": "552", "P.K.": "PK552", "Al.Dist. Izq.": 65, "Al.Dist. Der.": 35, "Ruta": 7 }, "geometry": { "type": "Point", "coordinates": [ -64.0466482, -34.0322435 ] } },
{ "type": "Feature", "properties": { "Name": "552.09", "P.K.": null, "Al.Dist. Izq.": 65, "Al.Dist. Der.": 35, "Ruta": 7 }, "geometry": { "type": "Point", "coordinates": [ -64.0476061, -34.031897 ] } },
{ "type": "Feature", "properties": { "Name": "552.44", "P.K.": null, "Al.Dist. Izq.": 65, "Al.Dist. Der.": 35, "Ruta": 7 }, "geometry": { "type": "Point", "coordinates": [ -64.0510909, -34.0307597 ] } },
{ "type": "Feature", "properties": { "Name": "552.47", "P.K.": null, "Al.Dist. Izq.": 65, "Al.Dist. Der.": 35, "Ruta": 7 }, "geometry": { "type": "Point", "coordinates": [ -64.0514064, -34.0306349 ] } },
{ "type": "Feature", "properties": { "Name": "553", "P.K.": "PK553", "Al.Dist. Izq.": 65, "Al.Dist. Der.": 35, "Ruta": 7 }, "geometry": { "type": "Point", "coordinates": [ -64.0566411, -34.0288594 ] } },
{ "type": "Feature", "properties": { "Name": "553.41", "P.K.": null, "Al.Dist. Izq.": 65, "Al.Dist. Der.": 35, "Ruta": 7 }, "geometry": { "type": "Point", "coordinates": [ -64.060766, -34.0275465 ] } },
{ "type": "Feature", "properties": { "Name": "554", "P.K.": "PK554", "Al.Dist. Izq.": 65, "Al.Dist. Der.": 35, "Ruta": 7 }, "geometry": { "type": "Point", "coordinates": [ -64.0665767, -34.0256495 ] } },
{ "type": "Feature", "properties": { "Name": "554.02", "P.K.": null, "Al.Dist. Izq.": 65, "Al.Dist. Der.": 35, "Ruta": 7 }, "geometry": { "type": "Point", "coordinates": [ -64.0668362, -34.0255528 ] } },
{ "type": "Feature", "properties": { "Name": "554.09", "P.K.": null, "Al.Dist. Izq.": 65, "Al.Dist. Der.": 35, "Ruta": 7 }, "geometry": { "type": "Point", "coordinates": [ -64.0675369, -34.0253358 ] } },
{ "type": "Feature", "properties": { "Name": "554.14", "P.K.": null, "Al.Dist. Izq.": 65, "Al.Dist. Der.": 35, "Ruta": 7 }, "geometry": { "type": "Point", "coordinates": [ -64.0679557, -34.0251282 ] } },
{ "type": "Feature", "properties": { "Name": "554.16", "P.K.": null, "Al.Dist. Izq.": 65, "Al.Dist. Der.": 35, "Ruta": 7 }, "geometry": { "type": "Point", "coordinates": [ -64.0681887, -34.0251313 ] } },
{ "type": "Feature", "properties": { "Name": "554.2", "P.K.": null, "Al.Dist. Izq.": 65, "Al.Dist. Der.": 35, "Ruta": 7 }, "geometry": { "type": "Point", "coordinates": [ -64.0685682, -34.0249415 ] } },
{ "type": "Feature", "properties": { "Name": "554.95", "P.K.": null, "Al.Dist. Izq.": 65, "Al.Dist. Der.": 35, "Ruta": 7 }, "geometry": { "type": "Point", "coordinates": [ -64.0759238, -34.0224925 ] } },
{ "type": "Feature", "properties": { "Name": "555", "P.K.": "PK555", "Al.Dist. Izq.": 65, "Al.Dist. Der.": 35, "Ruta": 7 }, "geometry": { "type": "Point", "coordinates": [ -64.076422, -34.02234 ] } },
{ "type": "Feature", "properties": { "Name": "555.04", "P.K.": null, "Al.Dist. Izq.": 65, "Al.Dist. Der.": 35, "Ruta": 7 }, "geometry": { "type": "Point", "coordinates": [ -64.0768507, -34.0221964 ] } },
{ "type": "Feature", "properties": { "Name": "555.1", "P.K.": null, "Al.Dist. Izq.": 65, "Al.Dist. Der.": 35, "Ruta": 7 }, "geometry": { "type": "Point", "coordinates": [ -64.0774476, -34.0220379 ] } },
{ "type": "Feature", "properties": { "Name": "555.4", "P.K.": null, "Al.Dist. Izq.": 65, "Al.Dist. Der.": 35, "Ruta": 7 }, "geometry": { "type": "Point", "coordinates": [ -64.0805288, -34.0209867 ] } },
{ "type": "Feature", "properties": { "Name": "555.95", "P.K.": null, "Al.Dist. Izq.": 65, "Al.Dist. Der.": 35, "Ruta": 7 }, "geometry": { "type": "Point", "coordinates": [ -64.0860911, -34.0192123 ] } },
{ "type": "Feature", "properties": { "Name": "555.99", "P.K.": null, "Al.Dist. Izq.": 65, "Al.Dist. Der.": 35, "Ruta": 7 }, "geometry": { "type": "Point", "coordinates": [ -64.086402, -34.0188704 ] } },
{ "type": "Feature", "properties": { "Name": "556", "P.K.": null, "Al.Dist. Izq.": 65, "Al.Dist. Der.": 35, "Ruta": 7 }, "geometry": { "type": "Point", "coordinates": [ -64.0865957, -34.0190345 ] } },
{ "type": "Feature", "properties": { "Name": "556.31", "P.K.": null, "Al.Dist. Izq.": 65, "Al.Dist. Der.": 35, "Ruta": 7 }, "geometry": { "type": "Point", "coordinates": [ -64.0898535, -34.0180249 ] } },
{ "type": "Feature", "properties": { "Name": "556.36", "P.K.": null, "Al.Dist. Izq.": 65, "Al.Dist. Der.": 35, "Ruta": 7 }, "geometry": { "type": "Point", "coordinates": [ -64.0903277, -34.0177697 ] } },
{ "type": "Feature", "properties": { "Name": "556.36", "P.K.": null, "Al.Dist. Izq.": 65, "Al.Dist. Der.": 35, "Ruta": 7 }, "geometry": { "type": "Point", "coordinates": [ -64.0903813, -34.0179146 ] } },
{ "type": "Feature", "properties": { "Name": "556.56", "P.K.": null, "Al.Dist. Izq.": 65, "Al.Dist. Der.": 35, "Ruta": 7 }, "geometry": { "type": "Point", "coordinates": [ -64.092294, -34.0170684 ] } },
{ "type": "Feature", "properties": { "Name": "556.56", "P.K.": null, "Al.Dist. Izq.": 65, "Al.Dist. Der.": 35, "Ruta": 7 }, "geometry": { "type": "Point", "coordinates": [ -64.0923765, -34.0172157 ] } },
{ "type": "Feature", "properties": { "Name": "556.57", "P.K.": null, "Al.Dist. Izq.": 65, "Al.Dist. Der.": 35, "Ruta": 7 }, "geometry": { "type": "Point", "coordinates": [ -64.0924824, -34.0170648 ] } },
{ "type": "Feature", "properties": { "Name": "556.58", "P.K.": null, "Al.Dist. Izq.": 65, "Al.Dist. Der.": 35, "Ruta": 7 }, "geometry": { "type": "Point", "coordinates": [ -64.0925347, -34.0171506 ] } },
{ "type": "Feature", "properties": { "Name": "556.59", "P.K.": null, "Al.Dist. Izq.": 65, "Al.Dist. Der.": 35, "Ruta": 7 }, "geometry": { "type": "Point", "coordinates": [ -64.0926591, -34.0169594 ] } },
{ "type": "Feature", "properties": { "Name": "556.8", "P.K.": null, "Al.Dist. Izq.": 65, "Al.Dist. Der.": 35, "Ruta": 7 }, "geometry": { "type": "Point", "coordinates": [ -64.0949078, -34.0163656 ] } },
{ "type": "Feature", "properties": { "Name": "556.8", "P.K.": null, "Al.Dist. Izq.": 65, "Al.Dist. Der.": 35, "Ruta": 7 }, "geometry": { "type": "Point", "coordinates": [ -64.0948204, -34.0162799 ] } },
{ "type": "Feature", "properties": { "Name": "556.92", "P.K.": null, "Al.Dist. Izq.": 65, "Al.Dist. Der.": 35, "Ruta": 7 }, "geometry": { "type": "Point", "coordinates": [ -64.09609, -34.0158478 ] } },
{ "type": "Feature", "properties": { "Name": "556.97", "P.K.": null, "Al.Dist. Izq.": 65, "Al.Dist. Der.": 35, "Ruta": 7 }, "geometry": { "type": "Point", "coordinates": [ -64.0965631, -34.0156614 ] } },
{ "type": "Feature", "properties": { "Name": "557", "P.K.": "PK557", "Al.Dist. Izq.": 65, "Al.Dist. Der.": 35, "Ruta": 7 }, "geometry": { "type": "Point", "coordinates": [ -64.0968903, -34.0155632 ] } },
{ "type": "Feature", "properties": { "Name": "557.03", "P.K.": null, "Al.Dist. Izq.": 65, "Al.Dist. Der.": 35, "Ruta": 7 }, "geometry": { "type": "Point", "coordinates": [ -64.0972031, -34.0155335 ] } },
{ "type": "Feature", "properties": { "Name": "557.06", "P.K.": null, "Al.Dist. Izq.": 65, "Al.Dist. Der.": 35, "Ruta": 7 }, "geometry": { "type": "Point", "coordinates": [ -64.0975385, -34.0153678 ] } },
{ "type": "Feature", "properties": { "Name": "557.09", "P.K.": null, "Al.Dist. Izq.": 65, "Al.Dist. Der.": 35, "Ruta": 7 }, "geometry": { "type": "Point", "coordinates": [ -64.0978851, -34.0152103 ] } },
{ "type": "Feature", "properties": { "Name": "557.11", "P.K.": null, "Al.Dist. Izq.": 65, "Al.Dist. Der.": 35, "Ruta": 7 }, "geometry": { "type": "Point", "coordinates": [ -64.098154, -34.0153087 ] } },
{ "type": "Feature", "properties": { "Name": "557.11", "P.K.": null, "Al.Dist. Izq.": 65, "Al.Dist. Der.": 35, "Ruta": 7 }, "geometry": { "type": "Point", "coordinates": [ -64.0980175, -34.0151319 ] } },
{ "type": "Feature", "properties": { "Name": "557.12", "P.K.": null, "Al.Dist. Izq.": 65, "Al.Dist. Der.": 35, "Ruta": 7 }, "geometry": { "type": "Point", "coordinates": [ -64.0981365, -34.0150764 ] } },
{ "type": "Feature", "properties": { "Name": "557.16", "P.K.": null, "Al.Dist. Izq.": 65, "Al.Dist. Der.": 35, "Ruta": 7 }, "geometry": { "type": "Point", "coordinates": [ -64.0985942, -34.0151575 ] } },
{ "type": "Feature", "properties": { "Name": "557.19", "P.K.": null, "Al.Dist. Izq.": 65, "Al.Dist. Der.": 35, "Ruta": 7 }, "geometry": { "type": "Point", "coordinates": [ -64.09902, -34.0150044 ] } },
{ "type": "Feature", "properties": { "Name": "557.24", "P.K.": null, "Al.Dist. Izq.": 65, "Al.Dist. Der.": 35, "Ruta": 7 }, "geometry": { "type": "Point", "coordinates": [ -64.0995189, -34.0148104 ] } },
{ "type": "Feature", "properties": { "Name": "557.31", "P.K.": null, "Al.Dist. Izq.": 65, "Al.Dist. Der.": 35, "Ruta": 7 }, "geometry": { "type": "Point", "coordinates": [ -64.1001641, -34.0145076 ] } },
{ "type": "Feature", "properties": { "Name": "557.44", "P.K.": null, "Al.Dist. Izq.": 65, "Al.Dist. Der.": 35, "Ruta": 7 }, "geometry": { "type": "Point", "coordinates": [ -64.1015758, -34.01404 ] } },
{ "type": "Feature", "properties": { "Name": "557.44", "P.K.": null, "Al.Dist. Izq.": 65, "Al.Dist. Der.": 35, "Ruta": 7 }, "geometry": { "type": "Point", "coordinates": [ -64.1016435, -34.0141612 ] } },
{ "type": "Feature", "properties": { "Name": "557.52", "P.K.": null, "Al.Dist. Izq.": 65, "Al.Dist. Der.": 35, "Ruta": 7 }, "geometry": { "type": "Point", "coordinates": [ -64.1025763, -34.0137988 ] } },
{ "type": "Feature", "properties": { "Name": "557.56", "P.K.": null, "Al.Dist. Izq.": 65, "Al.Dist. Der.": 35, "Ruta": 7 }, "geometry": { "type": "Point", "coordinates": [ -64.1029853, -34.0135337 ] } },
{ "type": "Feature", "properties": { "Name": "557.56", "P.K.": null, "Al.Dist. Izq.": 65, "Al.Dist. Der.": 35, "Ruta": 7 }, "geometry": { "type": "Point", "coordinates": [ -64.1030517, -34.0136826 ] } },
{ "type": "Feature", "properties": { "Name": "557.7", "P.K.": null, "Al.Dist. Izq.": 65, "Al.Dist. Der.": 35, "Ruta": 7 }, "geometry": { "type": "Point", "coordinates": [ -64.1045068, -34.013054 ] } },
{ "type": "Feature", "properties": { "Name": "557.7", "P.K.": null, "Al.Dist. Izq.": 65, "Al.Dist. Der.": 35, "Ruta": 7 }, "geometry": { "type": "Point", "coordinates": [ -64.1045631, -34.0131607 ] } },
{ "type": "Feature", "properties": { "Name": "557.79", "P.K.": null, "Al.Dist. Izq.": 65, "Al.Dist. Der.": 35, "Ruta": 7 }, "geometry": { "type": "Point", "coordinates": [ -64.1054915, -34.0128867 ] } },
{ "type": "Feature", "properties": { "Name": "557.79", "P.K.": null, "Al.Dist. Izq.": 65, "Al.Dist. Der.": 35, "Ruta": 7 }, "geometry": { "type": "Point", "coordinates": [ -64.1054107, -34.0127386 ] } },
{ "type": "Feature", "properties": { "Name": "558", "P.K.": "PK558", "Al.Dist. Izq.": 65, "Al.Dist. Der.": 35, "Ruta": 7 }, "geometry": { "type": "Point", "coordinates": [ -64.1077908, -34.0120869 ] } },
{ "type": "Feature", "properties": { "Name": "558.07", "P.K.": null, "Al.Dist. Izq.": 65, "Al.Dist. Der.": 35, "Ruta": 7 }, "geometry": { "type": "Point", "coordinates": [ -64.1084161, -34.0118206 ] } },
{ "type": "Feature", "properties": { "Name": "558.41", "P.K.": null, "Al.Dist. Izq.": 65, "Al.Dist. Der.": 35, "Ruta": 7 }, "geometry": { "type": "Point", "coordinates": [ -64.1118801, -34.0106743 ] } },
{ "type": "Feature", "properties": { "Name": "558.81", "P.K.": null, "Al.Dist. Izq.": 65, "Al.Dist. Der.": 35, "Ruta": 7 }, "geometry": { "type": "Point", "coordinates": [ -64.1159638, -34.0093224 ] } },
{ "type": "Feature", "properties": { "Name": "559", "P.K.": "PK559", "Al.Dist. Izq.": 65, "Al.Dist. Der.": 35, "Ruta": 7 }, "geometry": { "type": "Point", "coordinates": [ -64.1179014, -34.0087037 ] } },
{ "type": "Feature", "properties": { "Name": "560.02", "P.K.": null, "Al.Dist. Izq.": 65, "Al.Dist. Der.": 35, "Ruta": 7 }, "geometry": { "type": "Point", "coordinates": [ -64.1276133, -34.0054905 ] } },
{ "type": "Feature", "properties": { "Name": "560.57", "P.K.": null, "Al.Dist. Izq.": 65, "Al.Dist. Der.": 35, "Ruta": 7 }, "geometry": { "type": "Point", "coordinates": [ -64.1328447, -34.0037181 ] } },
{ "type": "Feature", "properties": { "Name": "561", "P.K.": "PK561", "Al.Dist. Izq.": 65, "Al.Dist. Der.": 35, "Ruta": 7 }, "geometry": { "type": "Point", "coordinates": [ -64.1368794, -34.0023642 ] } },
{ "type": "Feature", "properties": { "Name": "561.82", "P.K.": null, "Al.Dist. Izq.": 65, "Al.Dist. Der.": 35, "Ruta": 7 }, "geometry": { "type": "Point", "coordinates": [ -64.1451855, -33.9997064 ] } },
{ "type": "Feature", "properties": { "Name": "561.85", "P.K.": null, "Al.Dist. Izq.": 65, "Al.Dist. Der.": 35, "Ruta": 7 }, "geometry": { "type": "Point", "coordinates": [ -64.1455215, -33.9995319 ] } },
{ "type": "Feature", "properties": { "Name": "561.92", "P.K.": null, "Al.Dist. Izq.": 65, "Al.Dist. Der.": 35, "Ruta": 7 }, "geometry": { "type": "Point", "coordinates": [ -64.1462064, -33.9993162 ] } },
{ "type": "Feature", "properties": { "Name": "562", "P.K.": "PK562", "Al.Dist. Izq.": 65, "Al.Dist. Der.": 35, "Ruta": 7 }, "geometry": { "type": "Point", "coordinates": [ -64.1470335, -33.9991427 ] } },
{ "type": "Feature", "properties": { "Name": "562.82", "P.K.": null, "Al.Dist. Izq.": 65, "Al.Dist. Der.": 35, "Ruta": 7 }, "geometry": { "type": "Point", "coordinates": [ -64.1553678, -33.9962652 ] } },
{ "type": "Feature", "properties": { "Name": "563", "P.K.": "PK563", "Al.Dist. Izq.": 65, "Al.Dist. Der.": 35, "Ruta": 7 }, "geometry": { "type": "Point", "coordinates": [ -64.1571217, -33.9956696 ] } },
{ "type": "Feature", "properties": { "Name": "563.46", "P.K.": null, "Al.Dist. Izq.": 65, "Al.Dist. Der.": 35, "Ruta": 7 }, "geometry": { "type": "Point", "coordinates": [ -64.1618063, -33.994128 ] } },
{ "type": "Feature", "properties": { "Name": "563.58", "P.K.": null, "Al.Dist. Izq.": 65, "Al.Dist. Der.": 35, "Ruta": 7 }, "geometry": { "type": "Point", "coordinates": [ -64.1630504, -33.9936567 ] } },
{ "type": "Feature", "properties": { "Name": "563.73", "P.K.": null, "Al.Dist. Izq.": 65, "Al.Dist. Der.": 35, "Ruta": 7 }, "geometry": { "type": "Point", "coordinates": [ -64.1646298, -33.9932712 ] } },
{ "type": "Feature", "properties": { "Name": "564", "P.K.": "PK564", "Al.Dist. Izq.": 65, "Al.Dist. Der.": 35, "Ruta": 7 }, "geometry": { "type": "Point", "coordinates": [ -64.1672849, -33.9923978 ] } },
{ "type": "Feature", "properties": { "Name": "564.25", "P.K.": null, "Al.Dist. Izq.": 65, "Al.Dist. Der.": 35, "Ruta": 7 }, "geometry": { "type": "Point", "coordinates": [ -64.1698333, -33.9914938 ] } },
{ "type": "Feature", "properties": { "Name": "564.67", "P.K.": null, "Al.Dist. Izq.": 65, "Al.Dist. Der.": 35, "Ruta": 7 }, "geometry": { "type": "Point", "coordinates": [ -64.1739475, -33.9901191 ] } },
{ "type": "Feature", "properties": { "Name": "565", "P.K.": "PK565", "Al.Dist. Izq.": 65, "Al.Dist. Der.": 35, "Ruta": 7 }, "geometry": { "type": "Point", "coordinates": [ -64.1772932, -33.9889877 ] } },
{ "type": "Feature", "properties": { "Name": "565.2", "P.K.": null, "Al.Dist. Izq.": 65, "Al.Dist. Der.": 35, "Ruta": 7 }, "geometry": { "type": "Point", "coordinates": [ -64.1793149, -33.9883717 ] } },
{ "type": "Feature", "properties": { "Name": "565.7", "P.K.": null, "Al.Dist. Izq.": 65, "Al.Dist. Der.": 35, "Ruta": 7 }, "geometry": { "type": "Point", "coordinates": [ -64.1843709, -33.9866581 ] } },
{ "type": "Feature", "properties": { "Name": "565.79", "P.K.": null, "Al.Dist. Izq.": 65, "Al.Dist. Der.": 35, "Ruta": 7 }, "geometry": { "type": "Point", "coordinates": [ -64.1852674, -33.986377 ] } },
{ "type": "Feature", "properties": { "Name": "565.96", "P.K.": null, "Al.Dist. Izq.": 65, "Al.Dist. Der.": 35, "Ruta": 7 }, "geometry": { "type": "Point", "coordinates": [ -64.1870223, -33.9858294 ] } },
{ "type": "Feature", "properties": { "Name": "566", "P.K.": "PK566", "Al.Dist. Izq.": 65, "Al.Dist. Der.": 35, "Ruta": 7 }, "geometry": { "type": "Point", "coordinates": [ -64.1874145, -33.9857134 ] } },
{ "type": "Feature", "properties": { "Name": "566.6", "P.K.": null, "Al.Dist. Izq.": 65, "Al.Dist. Der.": 35, "Ruta": 7 }, "geometry": { "type": "Point", "coordinates": [ -64.1934948, -33.9835875 ] } },
{ "type": "Feature", "properties": { "Name": "567", "P.K.": "PK567", "Al.Dist. Izq.": 65, "Al.Dist. Der.": 35, "Ruta": 7 }, "geometry": { "type": "Point", "coordinates": [ -64.1976176, -33.9822454 ] } },
{ "type": "Feature", "properties": { "Name": "567.27", "P.K.": null, "Al.Dist. Izq.": 65, "Al.Dist. Der.": 35, "Ruta": 7 }, "geometry": { "type": "Point", "coordinates": [ -64.2002171, -33.9813159 ] } },
{ "type": "Feature", "properties": { "Name": "567.37", "P.K.": null, "Al.Dist. Izq.": 65, "Al.Dist. Der.": 35, "Ruta": 7 }, "geometry": { "type": "Point", "coordinates": [ -64.2013624, -33.9811124 ] } },
{ "type": "Feature", "properties": { "Name": "567.47", "P.K.": null, "Al.Dist. Izq.": 65, "Al.Dist. Der.": 35, "Ruta": 7 }, "geometry": { "type": "Point", "coordinates": [ -64.2022217, -33.9806397 ] } },
{ "type": "Feature", "properties": { "Name": "567.53", "P.K.": null, "Al.Dist. Izq.": 65, "Al.Dist. Der.": 35, "Ruta": 7 }, "geometry": { "type": "Point", "coordinates": [ -64.2029375, -33.9806762 ] } },
{ "type": "Feature", "properties": { "Name": "567.58", "P.K.": null, "Al.Dist. Izq.": 65, "Al.Dist. Der.": 35, "Ruta": 7 }, "geometry": { "type": "Point", "coordinates": [ -64.2034096, -33.980404 ] } },
{ "type": "Feature", "properties": { "Name": "567.59", "P.K.": null, "Al.Dist. Izq.": 65, "Al.Dist. Der.": 35, "Ruta": 7 }, "geometry": { "type": "Point", "coordinates": [ -64.203433, -33.9802188 ] } },
{ "type": "Feature", "properties": { "Name": "567.68", "P.K.": null, "Al.Dist. Izq.": 65, "Al.Dist. Der.": 35, "Ruta": 7 }, "geometry": { "type": "Point", "coordinates": [ -64.2044134, -33.9799236 ] } },
{ "type": "Feature", "properties": { "Name": "567.74", "P.K.": null, "Al.Dist. Izq.": 65, "Al.Dist. Der.": 35, "Ruta": 7 }, "geometry": { "type": "Point", "coordinates": [ -64.2050071, -33.9799753 ] } },
{ "type": "Feature", "properties": { "Name": "567.83", "P.K.": null, "Al.Dist. Izq.": 65, "Al.Dist. Der.": 35, "Ruta": 7 }, "geometry": { "type": "Point", "coordinates": [ -64.2058313, -33.9796836 ] } },
{ "type": "Feature", "properties": { "Name": "567.83", "P.K.": null, "Al.Dist. Izq.": 65, "Al.Dist. Der.": 35, "Ruta": 7 }, "geometry": { "type": "Point", "coordinates": [ -64.2058186, -33.9795303 ] } },
{ "type": "Feature", "properties": { "Name": "568", "P.K.": "PK568", "Al.Dist. Izq.": 65, "Al.Dist. Der.": 35, "Ruta": 7 }, "geometry": { "type": "Point", "coordinates": [ -64.2075418, -33.9790656 ] } },
{ "type": "Feature", "properties": { "Name": "568.32", "P.K.": null, "Al.Dist. Izq.": 65, "Al.Dist. Der.": 35, "Ruta": 7 }, "geometry": { "type": "Point", "coordinates": [ -64.2106096, -33.977976 ] } },
{ "type": "Feature", "properties": { "Name": "568.33", "P.K.": null, "Al.Dist. Izq.": 65, "Al.Dist. Der.": 35, "Ruta": 7 }, "geometry": { "type": "Point", "coordinates": [ -64.2107568, -33.9779245 ] } },
{ "type": "Feature", "properties": { "Name": "569", "P.K.": "PK569", "Al.Dist. Izq.": 65, "Al.Dist. Der.": 35, "Ruta": 7 }, "geometry": { "type": "Point", "coordinates": [ -64.2173912, -33.9756825 ] } },
{ "type": "Feature", "properties": { "Name": "569.49", "P.K.": null, "Al.Dist. Izq.": 65, "Al.Dist. Der.": 35, "Ruta": 7 }, "geometry": { "type": "Point", "coordinates": [ -64.2224998, -33.9740793 ] } },
{ "type": "Feature", "properties": { "Name": "570", "P.K.": "PK570", "Al.Dist. Izq.": 65, "Al.Dist. Der.": 35, "Ruta": 7 }, "geometry": { "type": "Point", "coordinates": [ -64.2278788, -33.9722143 ] } },
{ "type": "Feature", "properties": { "Name": "570.27", "P.K.": null, "Al.Dist. Izq.": 65, "Al.Dist. Der.": 35, "Ruta": 7 }, "geometry": { "type": "Point", "coordinates": [ -64.2304007, -33.9713786 ] } },
{ "type": "Feature", "properties": { "Name": "571", "P.K.": "PK571", "Al.Dist. Izq.": 65, "Al.Dist. Der.": 35, "Ruta": 7 }, "geometry": { "type": "Point", "coordinates": [ -64.2371139, -33.9691125 ] } },
{ "type": "Feature", "properties": { "Name": "571.37", "P.K.": null, "Al.Dist. Izq.": 65, "Al.Dist. Der.": 35, "Ruta": 7 }, "geometry": { "type": "Point", "coordinates": [ -64.2411378, -33.9679572 ] } },
{ "type": "Feature", "properties": { "Name": "571.38", "P.K.": null, "Al.Dist. Izq.": 65, "Al.Dist. Der.": 35, "Ruta": 7 }, "geometry": { "type": "Point", "coordinates": [ -64.2411576, -33.9678301 ] } },
{ "type": "Feature", "properties": { "Name": "571.58", "P.K.": null, "Al.Dist. Izq.": 65, "Al.Dist. Der.": 35, "Ruta": 7 }, "geometry": { "type": "Point", "coordinates": [ -64.2433403, -33.9671617 ] } },
{ "type": "Feature", "properties": { "Name": "571.67", "P.K.": null, "Al.Dist. Izq.": 65, "Al.Dist. Der.": 35, "Ruta": 7 }, "geometry": { "type": "Point", "coordinates": [ -64.2442116, -33.966813 ] } },
{ "type": "Feature", "properties": { "Name": "571.93", "P.K.": null, "Al.Dist. Izq.": 65, "Al.Dist. Der.": 35, "Ruta": 7 }, "geometry": { "type": "Point", "coordinates": [ -64.2469666, -33.9658723 ] } },
{ "type": "Feature", "properties": { "Name": "572", "P.K.": "PK572", "Al.Dist. Izq.": 65, "Al.Dist. Der.": 35, "Ruta": 7 }, "geometry": { "type": "Point", "coordinates": [ -64.2477196, -33.9657257 ] } },
{ "type": "Feature", "properties": { "Name": "572.12", "P.K.": null, "Al.Dist. Izq.": 65, "Al.Dist. Der.": 35, "Ruta": 7 }, "geometry": { "type": "Point", "coordinates": [ -64.2489209, -33.9651501 ] } },
{ "type": "Feature", "properties": { "Name": "572.21", "P.K.": null, "Al.Dist. Izq.": 65, "Al.Dist. Der.": 35, "Ruta": 7 }, "geometry": { "type": "Point", "coordinates": [ -64.2498279, -33.9650553 ] } },
{ "type": "Feature", "properties": { "Name": "572.26", "P.K.": null, "Al.Dist. Izq.": 65, "Al.Dist. Der.": 35, "Ruta": 7 }, "geometry": { "type": "Point", "coordinates": [ -64.2503941, -33.9648323 ] } },
{ "type": "Feature", "properties": { "Name": "572.36", "P.K.": null, "Al.Dist. Izq.": 65, "Al.Dist. Der.": 35, "Ruta": 7 }, "geometry": { "type": "Point", "coordinates": [ -64.25129, -33.964401 ] } },
{ "type": "Feature", "properties": { "Name": "573", "P.K.": "PK573", "Al.Dist. Izq.": 65, "Al.Dist. Der.": 35, "Ruta": 7 }, "geometry": { "type": "Point", "coordinates": [ -64.2576224, -33.9623302 ] } },
{ "type": "Feature", "properties": { "Name": "574", "P.K.": "PK574", "Al.Dist. Izq.": 65, "Al.Dist. Der.": 35, "Ruta": 7 }, "geometry": { "type": "Point", "coordinates": [ -64.2675445, -33.9591352 ] } },
{ "type": "Feature", "properties": { "Name": "574.93", "P.K.": null, "Al.Dist. Izq.": 65, "Al.Dist. Der.": 35, "Ruta": 7 }, "geometry": { "type": "Point", "coordinates": [ -64.2769175, -33.9558534 ] } },
{ "type": "Feature", "properties": { "Name": "575", "P.K.": "PK575", "Al.Dist. Izq.": 65, "Al.Dist. Der.": 35, "Ruta": 7 }, "geometry": { "type": "Point", "coordinates": [ -64.2776283, -33.9556023 ] } },
{ "type": "Feature", "properties": { "Name": "575.12", "P.K.": null, "Al.Dist. Izq.": 65, "Al.Dist. Der.": 35, "Ruta": 7 }, "geometry": { "type": "Point", "coordinates": [ -64.2789104, -33.9552558 ] } },
{ "type": "Feature", "properties": { "Name": "575.35", "P.K.": null, "Al.Dist. Izq.": 65, "Al.Dist. Der.": 35, "Ruta": 7 }, "geometry": { "type": "Point", "coordinates": [ -64.2812332, -33.9545058 ] } },
{ "type": "Feature", "properties": { "Name": "575.45", "P.K.": null, "Al.Dist. Izq.": 65, "Al.Dist. Der.": 35, "Ruta": 7 }, "geometry": { "type": "Point", "coordinates": [ -64.2822963, -33.9543333 ] } },
{ "type": "Feature", "properties": { "Name": "576", "P.K.": "PK576", "Al.Dist. Izq.": 65, "Al.Dist. Der.": 35, "Ruta": 7 }, "geometry": { "type": "Point", "coordinates": [ -64.2877684, -33.9524041 ] } },
{ "type": "Feature", "properties": { "Name": "576.06", "P.K.": null, "Al.Dist. Izq.": 65, "Al.Dist. Der.": 35, "Ruta": 7 }, "geometry": { "type": "Point", "coordinates": [ -64.2882891, -33.9521749 ] } },
{ "type": "Feature", "properties": { "Name": "577", "P.K.": "PK577", "Al.Dist. Izq.": 65, "Al.Dist. Der.": 35, "Ruta": 7 }, "geometry": { "type": "Point", "coordinates": [ -64.2977673, -33.9489746 ] } },
{ "type": "Feature", "properties": { "Name": "577.49", "P.K.": null, "Al.Dist. Izq.": 65, "Al.Dist. Der.": 35, "Ruta": 7 }, "geometry": { "type": "Point", "coordinates": [ -64.3027287, -33.9473873 ] } },
{ "type": "Feature", "properties": { "Name": "577.95", "P.K.": null, "Al.Dist. Izq.": 65, "Al.Dist. Der.": 35, "Ruta": 7 }, "geometry": { "type": "Point", "coordinates": [ -64.3072667, -33.945711 ] } },
{ "type": "Feature", "properties": { "Name": "578", "P.K.": "PK578", "Al.Dist. Izq.": 65, "Al.Dist. Der.": 35, "Ruta": 7 }, "geometry": { "type": "Point", "coordinates": [ -64.3078628, -33.9457544 ] } },
{ "type": "Feature", "properties": { "Name": "578.68", "P.K.": null, "Al.Dist. Izq.": 65, "Al.Dist. Der.": 35, "Ruta": 7 }, "geometry": { "type": "Point", "coordinates": [ -64.3143615, -33.9435193 ] } },
{ "type": "Feature", "properties": { "Name": "578.79", "P.K.": null, "Al.Dist. Izq.": 65, "Al.Dist. Der.": 35, "Ruta": 7 }, "geometry": { "type": "Point", "coordinates": [ -64.3154855, -33.9431382 ] } },
{ "type": "Feature", "properties": { "Name": "578.93", "P.K.": null, "Al.Dist. Izq.": 65, "Al.Dist. Der.": 35, "Ruta": 7 }, "geometry": { "type": "Point", "coordinates": [ -64.3167996, -33.9427071 ] } },
{ "type": "Feature", "properties": { "Name": "578.94", "P.K.": null, "Al.Dist. Izq.": 65, "Al.Dist. Der.": 35, "Ruta": 7 }, "geometry": { "type": "Point", "coordinates": [ -64.316927, -33.942669 ] } },
{ "type": "Feature", "properties": { "Name": "579", "P.K.": "PK579", "Al.Dist. Izq.": 65, "Al.Dist. Der.": 35, "Ruta": 7 }, "geometry": { "type": "Point", "coordinates": [ -64.317508, -33.9424512 ] } },
{ "type": "Feature", "properties": { "Name": "579.1", "P.K.": null, "Al.Dist. Izq.": 65, "Al.Dist. Der.": 35, "Ruta": 7 }, "geometry": { "type": "Point", "coordinates": [ -64.318483, -33.9422209 ] } },
{ "type": "Feature", "properties": { "Name": "579.11", "P.K.": null, "Al.Dist. Izq.": 65, "Al.Dist. Der.": 35, "Ruta": 7 }, "geometry": { "type": "Point", "coordinates": [ -64.3186604, -33.9420746 ] } },
{ "type": "Feature", "properties": { "Name": "579.7", "P.K.": null, "Al.Dist. Izq.": 65, "Al.Dist. Der.": 35, "Ruta": 7 }, "geometry": { "type": "Point", "coordinates": [ -64.3248184, -33.9399788 ] } },
{ "type": "Feature", "properties": { "Name": "579.7", "P.K.": null, "Al.Dist. Izq.": 65, "Al.Dist. Der.": 35, "Ruta": 7 }, "geometry": { "type": "Point", "coordinates": [ -64.3248647, -33.9400483 ] } },
{ "type": "Feature", "properties": { "Name": "580", "P.K.": "PK580", "Al.Dist. Izq.": 65, "Al.Dist. Der.": 35, "Ruta": 7 }, "geometry": { "type": "Point", "coordinates": [ -64.3280599, -33.9390192 ] } },
{ "type": "Feature", "properties": { "Name": "580.27", "P.K.": null, "Al.Dist. Izq.": 65, "Al.Dist. Der.": 35, "Ruta": 7 }, "geometry": { "type": "Point", "coordinates": [ -64.3306602, -33.9380748 ] } },
{ "type": "Feature", "properties": { "Name": "580.32", "P.K.": null, "Al.Dist. Izq.": 65, "Al.Dist. Der.": 35, "Ruta": 7 }, "geometry": { "type": "Point", "coordinates": [ -64.3311001, -33.9378971 ] } },
{ "type": "Feature", "properties": { "Name": "580.32", "P.K.": null, "Al.Dist. Izq.": 65, "Al.Dist. Der.": 35, "Ruta": 7 }, "geometry": { "type": "Point", "coordinates": [ -64.3311451, -33.9379869 ] } },
{ "type": "Feature", "properties": { "Name": "580.97", "P.K.": null, "Al.Dist. Izq.": 65, "Al.Dist. Der.": 35, "Ruta": 7 }, "geometry": { "type": "Point", "coordinates": [ -64.3375666, -33.9357129 ] } },
{ "type": "Feature", "properties": { "Name": "580.99", "P.K.": null, "Al.Dist. Izq.": 65, "Al.Dist. Der.": 35, "Ruta": 7 }, "geometry": { "type": "Point", "coordinates": [ -64.3377795, -33.935716 ] } },
{ "type": "Feature", "properties": { "Name": "581", "P.K.": "PK581", "Al.Dist. Izq.": 65, "Al.Dist. Der.": 35, "Ruta": 7 }, "geometry": { "type": "Point", "coordinates": [ -64.3378881, -33.935612 ] } },
{ "type": "Feature", "properties": { "Name": "581.69", "P.K.": null, "Al.Dist. Izq.": 65, "Al.Dist. Der.": 35, "Ruta": 7 }, "geometry": { "type": "Point", "coordinates": [ -64.3448082, -33.9334036 ] } },
{ "type": "Feature", "properties": { "Name": "582", "P.K.": "PK582", "Al.Dist. Izq.": 65, "Al.Dist. Der.": 35, "Ruta": 7 }, "geometry": { "type": "Point", "coordinates": [ -64.3479454, -33.9322783 ] } },
{ "type": "Feature", "properties": { "Name": "582.03", "P.K.": null, "Al.Dist. Izq.": 65, "Al.Dist. Der.": 35, "Ruta": 7 }, "geometry": { "type": "Point", "coordinates": [ -64.3481872, -33.9323167 ] } },
{ "type": "Feature", "properties": { "Name": "582.2", "P.K.": null, "Al.Dist. Izq.": 65, "Al.Dist. Der.": 35, "Ruta": 7 }, "geometry": { "type": "Point", "coordinates": [ -64.3500124, -33.9316607 ] } },
{ "type": "Feature", "properties": { "Name": "582.97", "P.K.": null, "Al.Dist. Izq.": null, "Al.Dist. Der.": null, "Ruta": 7 }, "geometry": { "type": "Point", "coordinates": [ -64.3588028, -33.9303961 ] } },
{ "type": "Feature", "properties": { "Name": "582.97", "P.K.": null, "Al.Dist. Izq.": 35, "Al.Dist. Der.": 65, "Ruta": 7 }, "geometry": { "type": "Point", "coordinates": [ -64.3588028, -33.9303961 ] } },
{ "type": "Feature", "properties": { "Name": "583", "P.K.": "PK583", "Al.Dist. Izq.": 35, "Al.Dist. Der.": 65, "Ruta": 7 }, "geometry": { "type": "Point", "coordinates": [ -64.3591366, -33.9303962 ] } },
{ "type": "Feature", "properties": { "Name": "583.15", "P.K.": null, "Al.Dist. Izq.": 35, "Al.Dist. Der.": 65, "Ruta": 7 }, "geometry": { "type": "Point", "coordinates": [ -64.3606872, -33.930506 ] } },
{ "type": "Feature", "properties": { "Name": "583.61", "P.K.": null, "Al.Dist. Izq.": 35, "Al.Dist. Der.": 65, "Ruta": 7 }, "geometry": { "type": "Point", "coordinates": [ -64.3653751, -33.9304732 ] } },
{ "type": "Feature", "properties": { "Name": "584", "P.K.": "PK584", "Al.Dist. Izq.": 35, "Al.Dist. Der.": 65, "Ruta": 7 }, "geometry": { "type": "Point", "coordinates": [ -64.3694021, -33.9305197 ] } },
{ "type": "Feature", "properties": { "Name": "584.21", "P.K.": null, "Al.Dist. Izq.": 35, "Al.Dist. Der.": 65, "Ruta": 7 }, "geometry": { "type": "Point", "coordinates": [ -64.3717316, -33.9305336 ] } },
{ "type": "Feature", "properties": { "Name": "584.23", "P.K.": null, "Al.Dist. Izq.": 35, "Al.Dist. Der.": 65, "Ruta": 7 }, "geometry": { "type": "Point", "coordinates": [ -64.371853, -33.9304474 ] } },
{ "type": "Feature", "properties": { "Name": "584.43", "P.K.": null, "Al.Dist. Izq.": 35, "Al.Dist. Der.": 65, "Ruta": 7 }, "geometry": { "type": "Point", "coordinates": [ -64.3740929, -33.9304944 ] } },
{ "type": "Feature", "properties": { "Name": "584.47", "P.K.": null, "Al.Dist. Izq.": 35, "Al.Dist. Der.": 65, "Ruta": 7 }, "geometry": { "type": "Point", "coordinates": [ -64.3744661, -33.9305197 ] } },
{ "type": "Feature", "properties": { "Name": "584.53", "P.K.": null, "Al.Dist. Izq.": 35, "Al.Dist. Der.": 65, "Ruta": 7 }, "geometry": { "type": "Point", "coordinates": [ -64.3750756, -33.9305814 ] } },
{ "type": "Feature", "properties": { "Name": "584.74", "P.K.": null, "Al.Dist. Izq.": 35, "Al.Dist. Der.": 65, "Ruta": 7 }, "geometry": { "type": "Point", "coordinates": [ -64.3773042, -33.9305859 ] } },
{ "type": "Feature", "properties": { "Name": "584.77", "P.K.": null, "Al.Dist. Izq.": 35, "Al.Dist. Der.": 65, "Ruta": 7 }, "geometry": { "type": "Point", "coordinates": [ -64.3776267, -33.9305372 ] } },
{ "type": "Feature", "properties": { "Name": "584.82", "P.K.": null, "Al.Dist. Izq.": 35, "Al.Dist. Der.": 65, "Ruta": 7 }, "geometry": { "type": "Point", "coordinates": [ -64.3782198, -33.930464 ] } },
{ "type": "Feature", "properties": { "Name": "585", "P.K.": "PK585", "Al.Dist. Izq.": 35, "Al.Dist. Der.": 65, "Ruta": 7 }, "geometry": { "type": "Point", "coordinates": [ -64.3801534, -33.9305105 ] } },
{ "type": "Feature", "properties": { "Name": "585.24", "P.K.": null, "Al.Dist. Izq.": 35, "Al.Dist. Der.": 65, "Ruta": 7 }, "geometry": { "type": "Point", "coordinates": [ -64.3826713, -33.9305608 ] } },
{ "type": "Feature", "properties": { "Name": "585.3", "P.K.": null, "Al.Dist. Izq.": 35, "Al.Dist. Der.": 65, "Ruta": 7 }, "geometry": { "type": "Point", "coordinates": [ -64.3834568, -33.9304748 ] } },
{ "type": "Feature", "properties": { "Name": "585.37", "P.K.": null, "Al.Dist. Izq.": 35, "Al.Dist. Der.": 65, "Ruta": 7 }, "geometry": { "type": "Point", "coordinates": [ -64.3842545, -33.9304665 ] } },
{ "type": "Feature", "properties": { "Name": "585.4", "P.K.": null, "Al.Dist. Izq.": 35, "Al.Dist. Der.": 65, "Ruta": 7 }, "geometry": { "type": "Point", "coordinates": [ -64.3845898, -33.9305269 ] } },
{ "type": "Feature", "properties": { "Name": "585.42", "P.K.": null, "Al.Dist. Izq.": 35, "Al.Dist. Der.": 65, "Ruta": 7 }, "geometry": { "type": "Point", "coordinates": [ -64.3847929, -33.930436 ] } },
{ "type": "Feature", "properties": { "Name": "585.47", "P.K.": null, "Al.Dist. Izq.": 35, "Al.Dist. Der.": 65, "Ruta": 7 }, "geometry": { "type": "Point", "coordinates": [ -64.3853535, -33.9304607 ] } },
{ "type": "Feature", "properties": { "Name": "585.47", "P.K.": null, "Al.Dist. Izq.": 35, "Al.Dist. Der.": 65, "Ruta": 7 }, "geometry": { "type": "Point", "coordinates": [ -64.3853076, -33.9305436 ] } },
{ "type": "Feature", "properties": { "Name": "585.49", "P.K.": null, "Al.Dist. Izq.": 35, "Al.Dist. Der.": 65, "Ruta": 7 }, "geometry": { "type": "Point", "coordinates": [ -64.3855775, -33.9305817 ] } },
{ "type": "Feature", "properties": { "Name": "585.57", "P.K.": null, "Al.Dist. Izq.": 35, "Al.Dist. Der.": 65, "Ruta": 7 }, "geometry": { "type": "Point", "coordinates": [ -64.3864133, -33.9305161 ] } },
{ "type": "Feature", "properties": { "Name": "585.69", "P.K.": null, "Al.Dist. Izq.": 35, "Al.Dist. Der.": 65, "Ruta": 7 }, "geometry": { "type": "Point", "coordinates": [ -64.3876589, -33.9305097 ] } },
{ "type": "Feature", "properties": { "Name": "585.73", "P.K.": null, "Al.Dist. Izq.": 35, "Al.Dist. Der.": 65, "Ruta": 7 }, "geometry": { "type": "Point", "coordinates": [ -64.3881219, -33.9305923 ] } },
{ "type": "Feature", "properties": { "Name": "585.88", "P.K.": null, "Al.Dist. Izq.": 35, "Al.Dist. Der.": 65, "Ruta": 7 }, "geometry": { "type": "Point", "coordinates": [ -64.3898992, -33.9304635 ] } },
{ "type": "Feature", "properties": { "Name": "585.94", "P.K.": null, "Al.Dist. Izq.": 35, "Al.Dist. Der.": 65, "Ruta": 7 }, "geometry": { "type": "Point", "coordinates": [ -64.3904836, -33.9306106 ] } },
{ "type": "Feature", "properties": { "Name": "585.95", "P.K.": null, "Al.Dist. Izq.": 35, "Al.Dist. Der.": 65, "Ruta": 7 }, "geometry": { "type": "Point", "coordinates": [ -64.3906418, -33.9305047 ] } },
{ "type": "Feature", "properties": { "Name": "585.96", "P.K.": null, "Al.Dist. Izq.": 35, "Al.Dist. Der.": 65, "Ruta": 7 }, "geometry": { "type": "Point", "coordinates": [ -64.3906829, -33.9304956 ] } },
{ "type": "Feature", "properties": { "Name": "585.97", "P.K.": null, "Al.Dist. Izq.": 35, "Al.Dist. Der.": 65, "Ruta": 7 }, "geometry": { "type": "Point", "coordinates": [ -64.3908494, -33.9304799 ] } },
{ "type": "Feature", "properties": { "Name": "586", "P.K.": "PK586", "Al.Dist. Izq.": 35, "Al.Dist. Der.": 65, "Ruta": 7 }, "geometry": { "type": "Point", "coordinates": [ -64.3911709, -33.9306065 ] } },
{ "type": "Feature", "properties": { "Name": "586.02", "P.K.": null, "Al.Dist. Izq.": 35, "Al.Dist. Der.": 65, "Ruta": 7 }, "geometry": { "type": "Point", "coordinates": [ -64.391312, -33.930491 ] } },
{ "type": "Feature", "properties": { "Name": "586.03", "P.K.": null, "Al.Dist. Izq.": 35, "Al.Dist. Der.": 65, "Ruta": 7 }, "geometry": { "type": "Point", "coordinates": [ -64.3914445, -33.9304938 ] } },
{ "type": "Feature", "properties": { "Name": "586.08", "P.K.": null, "Al.Dist. Izq.": 35, "Al.Dist. Der.": 65, "Ruta": 7 }, "geometry": { "type": "Point", "coordinates": [ -64.3919856, -33.9306159 ] } },
{ "type": "Feature", "properties": { "Name": "586.09", "P.K.": null, "Al.Dist. Izq.": 35, "Al.Dist. Der.": 65, "Ruta": 7 }, "geometry": { "type": "Point", "coordinates": [ -64.3921388, -33.9304844 ] } },
{ "type": "Feature", "properties": { "Name": "586.12", "P.K.": null, "Al.Dist. Izq.": 35, "Al.Dist. Der.": 65, "Ruta": 7 }, "geometry": { "type": "Point", "coordinates": [ -64.3924171, -33.9306073 ] } },
{ "type": "Feature", "properties": { "Name": "586.13", "P.K.": null, "Al.Dist. Izq.": 35, "Al.Dist. Der.": 65, "Ruta": 7 }, "geometry": { "type": "Point", "coordinates": [ -64.392513, -33.9305005 ] } },
{ "type": "Feature", "properties": { "Name": "586.14", "P.K.": null, "Al.Dist. Izq.": 35, "Al.Dist. Der.": 65, "Ruta": 7 }, "geometry": { "type": "Point", "coordinates": [ -64.3927125, -33.930503 ] } },
{ "type": "Feature", "properties": { "Name": "586.17", "P.K.": null, "Al.Dist. Izq.": 35, "Al.Dist. Der.": 65, "Ruta": 7 }, "geometry": { "type": "Point", "coordinates": [ -64.3930119, -33.9305347 ] } },
{ "type": "Feature", "properties": { "Name": "586.17", "P.K.": null, "Al.Dist. Izq.": 35, "Al.Dist. Der.": 65, "Ruta": 7 }, "geometry": { "type": "Point", "coordinates": [ -64.3930119, -33.9305347 ] } },
{ "type": "Feature", "properties": { "Name": "586.18", "P.K.": null, "Al.Dist. Izq.": 35, "Al.Dist. Der.": 65, "Ruta": 7 }, "geometry": { "type": "Point", "coordinates": [ -64.3931222, -33.9304551 ] } },
{ "type": "Feature", "properties": { "Name": "586.18", "P.K.": null, "Al.Dist. Izq.": 35, "Al.Dist. Der.": 65, "Ruta": 7 }, "geometry": { "type": "Point", "coordinates": [ -64.3931222, -33.9304551 ] } },
{ "type": "Feature", "properties": { "Name": "586.19", "P.K.": null, "Al.Dist. Izq.": 35, "Al.Dist. Der.": 65, "Ruta": 7 }, "geometry": { "type": "Point", "coordinates": [ -64.393198, -33.9304479 ] } },
{ "type": "Feature", "properties": { "Name": "586.19", "P.K.": null, "Al.Dist. Izq.": 35, "Al.Dist. Der.": 65, "Ruta": 7 }, "geometry": { "type": "Point", "coordinates": [ -64.3932436, -33.9306129 ] } },
{ "type": "Feature", "properties": { "Name": "586.19", "P.K.": null, "Al.Dist. Izq.": 35, "Al.Dist. Der.": 65, "Ruta": 7 }, "geometry": { "type": "Point", "coordinates": [ -64.3932459, -33.930513 ] } },
{ "type": "Feature", "properties": { "Name": "586.26", "P.K.": null, "Al.Dist. Izq.": 35, "Al.Dist. Der.": 65, "Ruta": 7 }, "geometry": { "type": "Point", "coordinates": [ -64.3941096, -33.9306337 ] } },
{ "type": "Feature", "properties": { "Name": "586.27", "P.K.": null, "Al.Dist. Izq.": 35, "Al.Dist. Der.": 65, "Ruta": 7 }, "geometry": { "type": "Point", "coordinates": [ -64.3941643, -33.9303272 ] } },
{ "type": "Feature", "properties": { "Name": "586.28", "P.K.": null, "Al.Dist. Izq.": 35, "Al.Dist. Der.": 65, "Ruta": 7 }, "geometry": { "type": "Point", "coordinates": [ -64.3942943, -33.9304572 ] } },
{ "type": "Feature", "properties": { "Name": "586.28", "P.K.": null, "Al.Dist. Izq.": 35, "Al.Dist. Der.": 65, "Ruta": 7 }, "geometry": { "type": "Point", "coordinates": [ -64.3942943, -33.9304572 ] } },
{ "type": "Feature", "properties": { "Name": "586.32", "P.K.": null, "Al.Dist. Izq.": 35, "Al.Dist. Der.": 65, "Ruta": 7 }, "geometry": { "type": "Point", "coordinates": [ -64.3947456, -33.9306413 ] } },
{ "type": "Feature", "properties": { "Name": "586.36", "P.K.": null, "Al.Dist. Izq.": 35, "Al.Dist. Der.": 65, "Ruta": 7 }, "geometry": { "type": "Point", "coordinates": [ -64.3951996, -33.9305066 ] } },
{ "type": "Feature", "properties": { "Name": "586.36", "P.K.": null, "Al.Dist. Izq.": 35, "Al.Dist. Der.": 65, "Ruta": 7 }, "geometry": { "type": "Point", "coordinates": [ -64.3951795, -33.9303912 ] } },
{ "type": "Feature", "properties": { "Name": "586.39", "P.K.": null, "Al.Dist. Izq.": 35, "Al.Dist. Der.": 65, "Ruta": 7 }, "geometry": { "type": "Point", "coordinates": [ -64.3955087, -33.9305759 ] } },
{ "type": "Feature", "properties": { "Name": "586.44", "P.K.": null, "Al.Dist. Izq.": 35, "Al.Dist. Der.": 65, "Ruta": 7 }, "geometry": { "type": "Point", "coordinates": [ -64.3959443, -33.9301236 ] } },
{ "type": "Feature", "properties": { "Name": "586.46", "P.K.": null, "Al.Dist. Izq.": 35, "Al.Dist. Der.": 65, "Ruta": 7 }, "geometry": { "type": "Point", "coordinates": [ -64.3961655, -33.930242 ] } },
{ "type": "Feature", "properties": { "Name": "586.47", "P.K.": null, "Al.Dist. Izq.": 35, "Al.Dist. Der.": 65, "Ruta": 7 }, "geometry": { "type": "Point", "coordinates": [ -64.3965226, -33.9306883 ] } },
{ "type": "Feature", "properties": { "Name": "586.51", "P.K.": null, "Al.Dist. Izq.": 35, "Al.Dist. Der.": 65, "Ruta": 7 }, "geometry": { "type": "Point", "coordinates": [ -64.3966518, -33.9299872 ] } },
{ "type": "Feature", "properties": { "Name": "586.52", "P.K.": null, "Al.Dist. Izq.": 35, "Al.Dist. Der.": 65, "Ruta": 7 }, "geometry": { "type": "Point", "coordinates": [ -64.396767, -33.929859 ] } },
{ "type": "Feature", "properties": { "Name": "586.53", "P.K.": null, "Al.Dist. Izq.": 35, "Al.Dist. Der.": 65, "Ruta": 7 }, "geometry": { "type": "Point", "coordinates": [ -64.3968723, -33.9298487 ] } },
{ "type": "Feature", "properties": { "Name": "586.56", "P.K.": null, "Al.Dist. Izq.": 35, "Al.Dist. Der.": 65, "Ruta": 7 }, "geometry": { "type": "Point", "coordinates": [ -64.3971019, -33.9303881 ] } },
{ "type": "Feature", "properties": { "Name": "586.57", "P.K.": null, "Al.Dist. Izq.": 35, "Al.Dist. Der.": 65, "Ruta": 7 }, "geometry": { "type": "Point", "coordinates": [ -64.3972991, -33.9299594 ] } },
{ "type": "Feature", "properties": { "Name": "586.62", "P.K.": null, "Al.Dist. Izq.": 35, "Al.Dist. Der.": 65, "Ruta": 7 }, "geometry": { "type": "Point", "coordinates": [ -64.3974939, -33.9308546 ] } },
{ "type": "Feature", "properties": { "Name": "586.63", "P.K.": null, "Al.Dist. Izq.": 35, "Al.Dist. Der.": 65, "Ruta": 7 }, "geometry": { "type": "Point", "coordinates": [ -64.3975368, -33.9308385 ] } },
{ "type": "Feature", "properties": { "Name": "586.64", "P.K.": null, "Al.Dist. Izq.": 35, "Al.Dist. Der.": 65, "Ruta": 7 }, "geometry": { "type": "Point", "coordinates": [ -64.3980447, -33.9301817 ] } },
{ "type": "Feature", "properties": { "Name": "586.66", "P.K.": null, "Al.Dist. Izq.": 35, "Al.Dist. Der.": 65, "Ruta": 7 }, "geometry": { "type": "Point", "coordinates": [ -64.3981161, -33.9303483 ] } },
{ "type": "Feature", "properties": { "Name": "586.67", "P.K.": null, "Al.Dist. Izq.": 35, "Al.Dist. Der.": 65, "Ruta": 7 }, "geometry": { "type": "Point", "coordinates": [ -64.398028, -33.9307784 ] } },
{ "type": "Feature", "properties": { "Name": "586.73", "P.K.": null, "Al.Dist. Izq.": 35, "Al.Dist. Der.": 65, "Ruta": 7 }, "geometry": { "type": "Point", "coordinates": [ -64.398902, -33.9305408 ] } },
{ "type": "Feature", "properties": { "Name": "586.73", "P.K.": null, "Al.Dist. Izq.": 35, "Al.Dist. Der.": 65, "Ruta": 7 }, "geometry": { "type": "Point", "coordinates": [ -64.398843, -33.9306332 ] } },
{ "type": "Feature", "properties": { "Name": "586.74", "P.K.": null, "Al.Dist. Izq.": 35, "Al.Dist. Der.": 65, "Ruta": 7 }, "geometry": { "type": "Point", "coordinates": [ -64.3989604, -33.9305453 ] } },
{ "type": "Feature", "properties": { "Name": "586.77", "P.K.": null, "Al.Dist. Izq.": 35, "Al.Dist. Der.": 65, "Ruta": 7 }, "geometry": { "type": "Point", "coordinates": [ -64.3994022, -33.9306196 ] } },
{ "type": "Feature", "properties": { "Name": "586.78", "P.K.": null, "Al.Dist. Izq.": 35, "Al.Dist. Der.": 65, "Ruta": 7 }, "geometry": { "type": "Point", "coordinates": [ -64.3995327, -33.9305197 ] } },
{ "type": "Feature", "properties": { "Name": "586.79", "P.K.": null, "Al.Dist. Izq.": 35, "Al.Dist. Der.": 65, "Ruta": 7 }, "geometry": { "type": "Point", "coordinates": [ -64.3996768, -33.9306145 ] } },
{ "type": "Feature", "properties": { "Name": "586.82", "P.K.": null, "Al.Dist. Izq.": 35, "Al.Dist. Der.": 65, "Ruta": 7 }, "geometry": { "type": "Point", "coordinates": [ -64.3999477, -33.9305327 ] } },
{ "type": "Feature", "properties": { "Name": "586.83", "P.K.": null, "Al.Dist. Izq.": 35, "Al.Dist. Der.": 65, "Ruta": 7 }, "geometry": { "type": "Point", "coordinates": [ -64.4001154, -33.9306017 ] } },
{ "type": "Feature", "properties": { "Name": "586.86", "P.K.": null, "Al.Dist. Izq.": 35, "Al.Dist. Der.": 65, "Ruta": 7 }, "geometry": { "type": "Point", "coordinates": [ -64.4003605, -33.93053 ] } },
{ "type": "Feature", "properties": { "Name": "586.93", "P.K.": null, "Al.Dist. Izq.": 35, "Al.Dist. Der.": 65, "Ruta": 7 }, "geometry": { "type": "Point", "coordinates": [ -64.4011696, -33.9305309 ] } },
{ "type": "Feature", "properties": { "Name": "586.99", "P.K.": null, "Al.Dist. Izq.": 35, "Al.Dist. Der.": 65, "Ruta": 7 }, "geometry": { "type": "Point", "coordinates": [ -64.4018055, -33.9305984 ] } },
{ "type": "Feature", "properties": { "Name": "587", "P.K.": "PK587", "Al.Dist. Izq.": 35, "Al.Dist. Der.": 65, "Ruta": 7 }, "geometry": { "type": "Point", "coordinates": [ -64.4019001, -33.9305152 ] } },
{ "type": "Feature", "properties": { "Name": "587.05", "P.K.": null, "Al.Dist. Izq.": 35, "Al.Dist. Der.": 65, "Ruta": 7 }, "geometry": { "type": "Point", "coordinates": [ -64.402461, -33.930505 ] } },
{ "type": "Feature", "properties": { "Name": "587.11", "P.K.": null, "Al.Dist. Izq.": 35, "Al.Dist. Der.": 65, "Ruta": 7 }, "geometry": { "type": "Point", "coordinates": [ -64.4031121, -33.9303619 ] } },
{ "type": "Feature", "properties": { "Name": "587.35", "P.K.": null, "Al.Dist. Izq.": 35, "Al.Dist. Der.": 65, "Ruta": 7 }, "geometry": { "type": "Point", "coordinates": [ -64.4055546, -33.9302849 ] } },
{ "type": "Feature", "properties": { "Name": "587.38", "P.K.": null, "Al.Dist. Izq.": 35, "Al.Dist. Der.": 65, "Ruta": 7 }, "geometry": { "type": "Point", "coordinates": [ -64.4058811, -33.9303608 ] } },
{ "type": "Feature", "properties": { "Name": "587.4", "P.K.": null, "Al.Dist. Izq.": 35, "Al.Dist. Der.": 65, "Ruta": 7 }, "geometry": { "type": "Point", "coordinates": [ -64.4061393, -33.9301836 ] } },
{ "type": "Feature", "properties": { "Name": "587.59", "P.K.": null, "Al.Dist. Izq.": 35, "Al.Dist. Der.": 65, "Ruta": 7 }, "geometry": { "type": "Point", "coordinates": [ -64.4081463, -33.9301825 ] } },
{ "type": "Feature", "properties": { "Name": "588", "P.K.": "PK588", "Al.Dist. Izq.": 35, "Al.Dist. Der.": 65, "Ruta": 7 }, "geometry": { "type": "Point", "coordinates": [ -64.4124592, -33.9298626 ] } },
{ "type": "Feature", "properties": { "Name": "588.05", "P.K.": null, "Al.Dist. Izq.": 35, "Al.Dist. Der.": 65, "Ruta": 7 }, "geometry": { "type": "Point", "coordinates": [ -64.4129598, -33.9296815 ] } },
{ "type": "Feature", "properties": { "Name": "588.16", "P.K.": null, "Al.Dist. Izq.": 35, "Al.Dist. Der.": 65, "Ruta": 7 }, "geometry": { "type": "Point", "coordinates": [ -64.4141899, -33.9294603 ] } },
{ "type": "Feature", "properties": { "Name": "588.26", "P.K.": null, "Al.Dist. Izq.": 35, "Al.Dist. Der.": 65, "Ruta": 7 }, "geometry": { "type": "Point", "coordinates": [ -64.4153309, -33.9295368 ] } },
{ "type": "Feature", "properties": { "Name": "588.34", "P.K.": null, "Al.Dist. Izq.": 35, "Al.Dist. Der.": 65, "Ruta": 7 }, "geometry": { "type": "Point", "coordinates": [ -64.4162485, -33.9296044 ] } },
{ "type": "Feature", "properties": { "Name": "588.39", "P.K.": null, "Al.Dist. Izq.": 35, "Al.Dist. Der.": 65, "Ruta": 7 }, "geometry": { "type": "Point", "coordinates": [ -64.4167418, -33.9295006 ] } },
{ "type": "Feature", "properties": { "Name": "588.39", "P.K.": null, "Al.Dist. Izq.": 65, "Al.Dist. Der.": 35, "Ruta": 7 }, "geometry": { "type": "Point", "coordinates": [ -64.4167418, -33.9295006 ] } },
{ "type": "Feature", "properties": { "Name": "588.45", "P.K.": null, "Al.Dist. Izq.": 65, "Al.Dist. Der.": 35, "Ruta": 7 }, "geometry": { "type": "Point", "coordinates": [ -64.41742, -33.929494 ] } },
{ "type": "Feature", "properties": { "Name": "588.6", "P.K.": null, "Al.Dist. Izq.": 65, "Al.Dist. Der.": 35, "Ruta": 7 }, "geometry": { "type": "Point", "coordinates": [ -64.4190555, -33.9296095 ] } },
{ "type": "Feature", "properties": { "Name": "588.77", "P.K.": null, "Al.Dist. Izq.": 65, "Al.Dist. Der.": 35, "Ruta": 7 }, "geometry": { "type": "Point", "coordinates": [ -64.4210343, -33.9297875 ] } },
{ "type": "Feature", "properties": { "Name": "588.9", "P.K.": null, "Al.Dist. Izq.": 65, "Al.Dist. Der.": 35, "Ruta": 7 }, "geometry": { "type": "Point", "coordinates": [ -64.4224444, -33.9296809 ] } },
{ "type": "Feature", "properties": { "Name": "589", "P.K.": null, "Al.Dist. Izq.": 65, "Al.Dist. Der.": 35, "Ruta": 7 }, "geometry": { "type": "Point", "coordinates": [ -64.4235796, -33.92962 ] } },
{ "type": "Feature", "properties": { "Name": "589.09", "P.K.": null, "Al.Dist. Izq.": 65, "Al.Dist. Der.": 35, "Ruta": 7 }, "geometry": { "type": "Point", "coordinates": [ -64.4246113, -33.9294489 ] } },
{ "type": "Feature", "properties": { "Name": "589.3", "P.K.": null, "Al.Dist. Izq.": 65, "Al.Dist. Der.": 35, "Ruta": 7 }, "geometry": { "type": "Point", "coordinates": [ -64.4267903, -33.9296289 ] } },
{ "type": "Feature", "properties": { "Name": "589.39", "P.K.": null, "Al.Dist. Izq.": 65, "Al.Dist. Der.": 35, "Ruta": 7 }, "geometry": { "type": "Point", "coordinates": [ -64.4277971, -33.9296082 ] } },
{ "type": "Feature", "properties": { "Name": "589.41", "P.K.": null, "Al.Dist. Izq.": 65, "Al.Dist. Der.": 35, "Ruta": 7 }, "geometry": { "type": "Point", "coordinates": [ -64.4281028, -33.9296143 ] } },
{ "type": "Feature", "properties": { "Name": "589.45", "P.K.": null, "Al.Dist. Izq.": 65, "Al.Dist. Der.": 35, "Ruta": 7 }, "geometry": { "type": "Point", "coordinates": [ -64.4285632, -33.9295989 ] } },
{ "type": "Feature", "properties": { "Name": "589.48", "P.K.": null, "Al.Dist. Izq.": 65, "Al.Dist. Der.": 35, "Ruta": 7 }, "geometry": { "type": "Point", "coordinates": [ -64.4289438, -33.9297669 ] } },
{ "type": "Feature", "properties": { "Name": "589.49", "P.K.": null, "Al.Dist. Izq.": 65, "Al.Dist. Der.": 35, "Ruta": 7 }, "geometry": { "type": "Point", "coordinates": [ -64.4289552, -33.9298607 ] } },
{ "type": "Feature", "properties": { "Name": "589.62", "P.K.": null, "Al.Dist. Izq.": 65, "Al.Dist. Der.": 35, "Ruta": 7 }, "geometry": { "type": "Point", "coordinates": [ -64.4303888, -33.929709 ] } },
{ "type": "Feature", "properties": { "Name": "589.63", "P.K.": null, "Al.Dist. Izq.": 65, "Al.Dist. Der.": 35, "Ruta": 7 }, "geometry": { "type": "Point", "coordinates": [ -64.4305139, -33.9294203 ] } },
{ "type": "Feature", "properties": { "Name": "589.65", "P.K.": null, "Al.Dist. Izq.": 65, "Al.Dist. Der.": 35, "Ruta": 7 }, "geometry": { "type": "Point", "coordinates": [ -64.4307315, -33.9294292 ] } },
{ "type": "Feature", "properties": { "Name": "590", "P.K.": "PK590", "Al.Dist. Izq.": 65, "Al.Dist. Der.": 35, "Ruta": 7 }, "geometry": { "type": "Point", "coordinates": [ -64.434618, -33.9297141 ] } },
{ "type": "Feature", "properties": { "Name": "590.18", "P.K.": null, "Al.Dist. Izq.": 65, "Al.Dist. Der.": 35, "Ruta": 7 }, "geometry": { "type": "Point", "coordinates": [ -64.436579, -33.9295561 ] } },
{ "type": "Feature", "properties": { "Name": "590.32", "P.K.": null, "Al.Dist. Izq.": 65, "Al.Dist. Der.": 35, "Ruta": 7 }, "geometry": { "type": "Point", "coordinates": [ -64.4380804, -33.9297669 ] } },
{ "type": "Feature", "properties": { "Name": "590.6", "P.K.": null, "Al.Dist. Izq.": 65, "Al.Dist. Der.": 35, "Ruta": 7 }, "geometry": { "type": "Point", "coordinates": [ -64.4409946, -33.9296248 ] } },
{ "type": "Feature", "properties": { "Name": "590.89", "P.K.": null, "Al.Dist. Izq.": 65, "Al.Dist. Der.": 35, "Ruta": 7 }, "geometry": { "type": "Point", "coordinates": [ -64.4441006, -33.9296406 ] } },
{ "type": "Feature", "properties": { "Name": "590.95", "P.K.": null, "Al.Dist. Izq.": 65, "Al.Dist. Der.": 35, "Ruta": 7 }, "geometry": { "type": "Point", "coordinates": [ -64.4447681, -33.9294923 ] } },
{ "type": "Feature", "properties": { "Name": "591", "P.K.": "PK591", "Al.Dist. Izq.": 65, "Al.Dist. Der.": 35, "Ruta": 7 }, "geometry": { "type": "Point", "coordinates": [ -64.4452851, -33.9296632 ] } },
{ "type": "Feature", "properties": { "Name": "591.1", "P.K.": null, "Al.Dist. Izq.": 65, "Al.Dist. Der.": 35, "Ruta": 7 }, "geometry": { "type": "Point", "coordinates": [ -64.4463982, -33.9295277 ] } },
{ "type": "Feature", "properties": { "Name": "591.15", "P.K.": null, "Al.Dist. Izq.": 65, "Al.Dist. Der.": 35, "Ruta": 7 }, "geometry": { "type": "Point", "coordinates": [ -64.4469582, -33.9296618 ] } },
{ "type": "Feature", "properties": { "Name": "591.2", "P.K.": null, "Al.Dist. Izq.": 65, "Al.Dist. Der.": 35, "Ruta": 7 }, "geometry": { "type": "Point", "coordinates": [ -64.4474956, -33.9299088 ] } },
{ "type": "Feature", "properties": { "Name": "591.37", "P.K.": null, "Al.Dist. Izq.": 65, "Al.Dist. Der.": 35, "Ruta": 7 }, "geometry": { "type": "Point", "coordinates": [ -64.4492504, -33.9296534 ] } },
{ "type": "Feature", "properties": { "Name": "591.39", "P.K.": null, "Al.Dist. Izq.": 65, "Al.Dist. Der.": 35, "Ruta": 7 }, "geometry": { "type": "Point", "coordinates": [ -64.4494583, -33.9296567 ] } },
{ "type": "Feature", "properties": { "Name": "591.59", "P.K.": null, "Al.Dist. Izq.": 65, "Al.Dist. Der.": 35, "Ruta": 7 }, "geometry": { "type": "Point", "coordinates": [ -64.4516497, -33.9296476 ] } },
{ "type": "Feature", "properties": { "Name": "591.63", "P.K.": null, "Al.Dist. Izq.": 65, "Al.Dist. Der.": 35, "Ruta": 7 }, "geometry": { "type": "Point", "coordinates": [ -64.4520111, -33.9297149 ] } },
{ "type": "Feature", "properties": { "Name": "591.67", "P.K.": null, "Al.Dist. Izq.": 65, "Al.Dist. Der.": 35, "Ruta": 7 }, "geometry": { "type": "Point", "coordinates": [ -64.4524245, -33.9296654 ] } },
{ "type": "Feature", "properties": { "Name": "591.9", "P.K.": null, "Al.Dist. Izq.": 65, "Al.Dist. Der.": 35, "Ruta": 7 }, "geometry": { "type": "Point", "coordinates": [ -64.4548878, -33.929832 ] } },
{ "type": "Feature", "properties": { "Name": "591.98", "P.K.": null, "Al.Dist. Izq.": 65, "Al.Dist. Der.": 35, "Ruta": 7 }, "geometry": { "type": "Point", "coordinates": [ -64.4556931, -33.9298184 ] } },
{ "type": "Feature", "properties": { "Name": "592", "P.K.": "PK592", "Al.Dist. Izq.": 65, "Al.Dist. Der.": 35, "Ruta": 7 }, "geometry": { "type": "Point", "coordinates": [ -64.4559543, -33.9298315 ] } },
{ "type": "Feature", "properties": { "Name": "592.34", "P.K.": null, "Al.Dist. Izq.": 65, "Al.Dist. Der.": 35, "Ruta": 7 }, "geometry": { "type": "Point", "coordinates": [ -64.4593657, -33.9298417 ] } },
{ "type": "Feature", "properties": { "Name": "592.88", "P.K.": null, "Al.Dist. Izq.": 65, "Al.Dist. Der.": 35, "Ruta": 7 }, "geometry": { "type": "Point", "coordinates": [ -64.4650279, -33.9298181 ] } },
{ "type": "Feature", "properties": { "Name": "592.97", "P.K.": null, "Al.Dist. Izq.": 65, "Al.Dist. Der.": 35, "Ruta": 7 }, "geometry": { "type": "Point", "coordinates": [ -64.4658248, -33.9299691 ] } },
{ "type": "Feature", "properties": { "Name": "592.98", "P.K.": null, "Al.Dist. Izq.": 65, "Al.Dist. Der.": 35, "Ruta": 7 }, "geometry": { "type": "Point", "coordinates": [ -64.4659894, -33.9294553 ] } },
{ "type": "Feature", "properties": { "Name": "593", "P.K.": "PK593", "Al.Dist. Izq.": 65, "Al.Dist. Der.": 35, "Ruta": 7 }, "geometry": { "type": "Point", "coordinates": [ -64.4662589, -33.9298147 ] } },
{ "type": "Feature", "properties": { "Name": "593.69", "P.K.": null, "Al.Dist. Izq.": 65, "Al.Dist. Der.": 35, "Ruta": 7 }, "geometry": { "type": "Point", "coordinates": [ -64.4750858, -33.9298529 ] } },
{ "type": "Feature", "properties": { "Name": "594", "P.K.": "PK594", "Al.Dist. Izq.": 65, "Al.Dist. Der.": 35, "Ruta": 7 }, "geometry": { "type": "Point", "coordinates": [ -64.4789925, -33.9300251 ] } },
{ "type": "Feature", "properties": { "Name": "594.03", "P.K.": null, "Al.Dist. Izq.": 65, "Al.Dist. Der.": 35, "Ruta": 7 }, "geometry": { "type": "Point", "coordinates": [ -64.4793371, -33.9300649 ] } },
{ "type": "Feature", "properties": { "Name": "594.13", "P.K.": null, "Al.Dist. Izq.": 65, "Al.Dist. Der.": 35, "Ruta": 7 }, "geometry": { "type": "Point", "coordinates": [ -64.4801636, -33.9300632 ] } },
{ "type": "Feature", "properties": { "Name": "594.33", "P.K.": null, "Al.Dist. Izq.": 65, "Al.Dist. Der.": 35, "Ruta": 7 }, "geometry": { "type": "Point", "coordinates": [ -64.482018, -33.9299616 ] } },
{ "type": "Feature", "properties": { "Name": "594.41", "P.K.": null, "Al.Dist. Izq.": 65, "Al.Dist. Der.": 35, "Ruta": 7 }, "geometry": { "type": "Point", "coordinates": [ -64.4827576, -33.9298868 ] } },
{ "type": "Feature", "properties": { "Name": "594.58", "P.K.": null, "Al.Dist. Izq.": 65, "Al.Dist. Der.": 35, "Ruta": 7 }, "geometry": { "type": "Point", "coordinates": [ -64.4844058, -33.9303775 ] } },
{ "type": "Feature", "properties": { "Name": "594.59", "P.K.": null, "Al.Dist. Izq.": 65, "Al.Dist. Der.": 35, "Ruta": 7 }, "geometry": { "type": "Point", "coordinates": [ -64.4844437, -33.9302248 ] } },
{ "type": "Feature", "properties": { "Name": "594.71", "P.K.": null, "Al.Dist. Izq.": 65, "Al.Dist. Der.": 35, "Ruta": 7 }, "geometry": { "type": "Point", "coordinates": [ -64.4856152, -33.9299007 ] } },
{ "type": "Feature", "properties": { "Name": "595", "P.K.": "PK595", "Al.Dist. Izq.": 65, "Al.Dist. Der.": 35, "Ruta": 7 }, "geometry": { "type": "Point", "coordinates": [ -64.4882541, -33.9299235 ] } },
{ "type": "Feature", "properties": { "Name": "595.01", "P.K.": null, "Al.Dist. Izq.": 65, "Al.Dist. Der.": 35, "Ruta": 7 }, "geometry": { "type": "Point", "coordinates": [ -64.4883239, -33.9300515 ] } },
{ "type": "Feature", "properties": { "Name": "595.95", "P.K.": null, "Al.Dist. Izq.": 65, "Al.Dist. Der.": 35, "Ruta": 7 }, "geometry": { "type": "Point", "coordinates": [ -64.4984153, -33.9299786 ] } },
{ "type": "Feature", "properties": { "Name": "595.97", "P.K.": null, "Al.Dist. Izq.": 65, "Al.Dist. Der.": 35, "Ruta": 7 }, "geometry": { "type": "Point", "coordinates": [ -64.4986433, -33.9300955 ] } },
{ "type": "Feature", "properties": { "Name": "596", "P.K.": "PK596", "Al.Dist. Izq.": 65, "Al.Dist. Der.": 35, "Ruta": 7 }, "geometry": { "type": "Point", "coordinates": [ -64.4990148, -33.9301088 ] } },
{ "type": "Feature", "properties": { "Name": "596.01", "P.K.": null, "Al.Dist. Izq.": 65, "Al.Dist. Der.": 35, "Ruta": 7 }, "geometry": { "type": "Point", "coordinates": [ -64.4990973, -33.9301035 ] } },
{ "type": "Feature", "properties": { "Name": "596.21", "P.K.": null, "Al.Dist. Izq.": 65, "Al.Dist. Der.": 35, "Ruta": 7 }, "geometry": { "type": "Point", "coordinates": [ -64.5012032, -33.9300733 ] } },
{ "type": "Feature", "properties": { "Name": "596.98", "P.K.": null, "Al.Dist. Izq.": 65, "Al.Dist. Der.": 35, "Ruta": 7 }, "geometry": { "type": "Point", "coordinates": [ -64.5097389, -33.9300342 ] } },
{ "type": "Feature", "properties": { "Name": "596.99", "P.K.": null, "Al.Dist. Izq.": 65, "Al.Dist. Der.": 35, "Ruta": 7 }, "geometry": { "type": "Point", "coordinates": [ -64.5098439, -33.929454 ] } },
{ "type": "Feature", "properties": { "Name": "597", "P.K.": "PK597", "Al.Dist. Izq.": 65, "Al.Dist. Der.": 35, "Ruta": 7 }, "geometry": { "type": "Point", "coordinates": [ -64.5099133, -33.9300968 ] } },
{ "type": "Feature", "properties": { "Name": "597.11", "P.K.": null, "Al.Dist. Izq.": 65, "Al.Dist. Der.": 35, "Ruta": 7 }, "geometry": { "type": "Point", "coordinates": [ -64.5111122, -33.9295408 ] } },
{ "type": "Feature", "properties": { "Name": "597.18", "P.K.": null, "Al.Dist. Izq.": 65, "Al.Dist. Der.": 35, "Ruta": 7 }, "geometry": { "type": "Point", "coordinates": [ -64.5118087, -33.9300898 ] } },
{ "type": "Feature", "properties": { "Name": "597.22", "P.K.": null, "Al.Dist. Izq.": 65, "Al.Dist. Der.": 35, "Ruta": 7 }, "geometry": { "type": "Point", "coordinates": [ -64.5122455, -33.930103 ] } },
{ "type": "Feature", "properties": { "Name": "597.47", "P.K.": null, "Al.Dist. Izq.": 65, "Al.Dist. Der.": 35, "Ruta": 7 }, "geometry": { "type": "Point", "coordinates": [ -64.5150272, -33.9300966 ] } },
{ "type": "Feature", "properties": { "Name": "598", "P.K.": "PK598", "Al.Dist. Izq.": 65, "Al.Dist. Der.": 35, "Ruta": 7 }, "geometry": { "type": "Point", "coordinates": [ -64.5206381, -33.9300818 ] } },
{ "type": "Feature", "properties": { "Name": "598.18", "P.K.": null, "Al.Dist. Izq.": 65, "Al.Dist. Der.": 35, "Ruta": 7 }, "geometry": { "type": "Point", "coordinates": [ -64.5224762, -33.9301319 ] } },
{ "type": "Feature", "properties": { "Name": "598.49", "P.K.": null, "Al.Dist. Izq.": 65, "Al.Dist. Der.": 35, "Ruta": 7 }, "geometry": { "type": "Point", "coordinates": [ -64.5256465, -33.93014 ] } },
{ "type": "Feature", "properties": { "Name": "598.99", "P.K.": null, "Al.Dist. Izq.": 65, "Al.Dist. Der.": 35, "Ruta": 7 }, "geometry": { "type": "Point", "coordinates": [ -64.5307255, -33.9301168 ] } },
{ "type": "Feature", "properties": { "Name": "599", "P.K.": "PK599", "Al.Dist. Izq.": 65, "Al.Dist. Der.": 35, "Ruta": 7 }, "geometry": { "type": "Point", "coordinates": [ -64.530847, -33.9301384 ] } },
{ "type": "Feature", "properties": { "Name": "599.05", "P.K.": null, "Al.Dist. Izq.": 65, "Al.Dist. Der.": 35, "Ruta": 7 }, "geometry": { "type": "Point", "coordinates": [ -64.5314244, -33.9301239 ] } },
{ "type": "Feature", "properties": { "Name": "599.43", "P.K.": null, "Al.Dist. Izq.": 65, "Al.Dist. Der.": 35, "Ruta": 7 }, "geometry": { "type": "Point", "coordinates": [ -64.5358959, -33.9300164 ] } },
{ "type": "Feature", "properties": { "Name": "599.44", "P.K.": null, "Al.Dist. Izq.": 65, "Al.Dist. Der.": 35, "Ruta": 7 }, "geometry": { "type": "Point", "coordinates": [ -64.5359307, -33.9302754 ] } },
{ "type": "Feature", "properties": { "Name": "599.5", "P.K.": null, "Al.Dist. Izq.": 65, "Al.Dist. Der.": 35, "Ruta": 7 }, "geometry": { "type": "Point", "coordinates": [ -64.5367588, -33.9300498 ] } },
{ "type": "Feature", "properties": { "Name": "599.51", "P.K.": null, "Al.Dist. Izq.": 65, "Al.Dist. Der.": 35, "Ruta": 7 }, "geometry": { "type": "Point", "coordinates": [ -64.5368259, -33.9303052 ] } },
{ "type": "Feature", "properties": { "Name": "599.54", "P.K.": null, "Al.Dist. Izq.": 65, "Al.Dist. Der.": 35, "Ruta": 7 }, "geometry": { "type": "Point", "coordinates": [ -64.537192, -33.9302148 ] } },
{ "type": "Feature", "properties": { "Name": "599.59", "P.K.": null, "Al.Dist. Izq.": 65, "Al.Dist. Der.": 35, "Ruta": 7 }, "geometry": { "type": "Point", "coordinates": [ -64.5376581, -33.9299864 ] } },
{ "type": "Feature", "properties": { "Name": "599.71", "P.K.": null, "Al.Dist. Izq.": 65, "Al.Dist. Der.": 35, "Ruta": 7 }, "geometry": { "type": "Point", "coordinates": [ -64.5391185, -33.9298242 ] } },
{ "type": "Feature", "properties": { "Name": "599.79", "P.K.": null, "Al.Dist. Izq.": 65, "Al.Dist. Der.": 35, "Ruta": 7 }, "geometry": { "type": "Point", "coordinates": [ -64.5399671, -33.9302229 ] } },
{ "type": "Feature", "properties": { "Name": "599.79", "P.K.": null, "Al.Dist. Izq.": 65, "Al.Dist. Der.": 35, "Ruta": 7 }, "geometry": { "type": "Point", "coordinates": [ -64.5399544, -33.9300735 ] } },
{ "type": "Feature", "properties": { "Name": "599.8", "P.K.": null, "Al.Dist. Izq.": 65, "Al.Dist. Der.": 35, "Ruta": 7 }, "geometry": { "type": "Point", "coordinates": [ -64.5401948, -33.9301628 ] } },
{ "type": "Feature", "properties": { "Name": "599.85", "P.K.": null, "Al.Dist. Izq.": 65, "Al.Dist. Der.": 35, "Ruta": 7 }, "geometry": { "type": "Point", "coordinates": [ -64.5406859, -33.9302039 ] } },
{ "type": "Feature", "properties": { "Name": "600", "P.K.": "PK600", "Al.Dist. Izq.": 65, "Al.Dist. Der.": 35, "Ruta": 7 }, "geometry": { "type": "Point", "coordinates": [ -64.542474, -33.9302276 ] } },
{ "type": "Feature", "properties": { "Name": "600.06", "P.K.": null, "Al.Dist. Izq.": 65, "Al.Dist. Der.": 35, "Ruta": 7 }, "geometry": { "type": "Point", "coordinates": [ -64.5430567, -33.9302306 ] } },
{ "type": "Feature", "properties": { "Name": "600.18", "P.K.": null, "Al.Dist. Izq.": 65, "Al.Dist. Der.": 35, "Ruta": 7 }, "geometry": { "type": "Point", "coordinates": [ -64.5443596, -33.9301269 ] } },
{ "type": "Feature", "properties": { "Name": "600.21", "P.K.": null, "Al.Dist. Izq.": 65, "Al.Dist. Der.": 35, "Ruta": 7 }, "geometry": { "type": "Point", "coordinates": [ -64.5447783, -33.9302415 ] } },
{ "type": "Feature", "properties": { "Name": "600.22", "P.K.": null, "Al.Dist. Izq.": 65, "Al.Dist. Der.": 35, "Ruta": 7 }, "geometry": { "type": "Point", "coordinates": [ -64.5448336, -33.9301455 ] } },
{ "type": "Feature", "properties": { "Name": "600.32", "P.K.": null, "Al.Dist. Izq.": 65, "Al.Dist. Der.": 35, "Ruta": 7 }, "geometry": { "type": "Point", "coordinates": [ -64.54582, -33.930286 ] } },
{ "type": "Feature", "properties": { "Name": "600.52", "P.K.": null, "Al.Dist. Izq.": 65, "Al.Dist. Der.": 35, "Ruta": 7 }, "geometry": { "type": "Point", "coordinates": [ -64.5479333, -33.9302585 ] } },
{ "type": "Feature", "properties": { "Name": "600.52", "P.K.": null, "Al.Dist. Izq.": 65, "Al.Dist. Der.": 35, "Ruta": 7 }, "geometry": { "type": "Point", "coordinates": [ -64.5479443, -33.9301352 ] } },
{ "type": "Feature", "properties": { "Name": "601", "P.K.": "PK601", "Al.Dist. Izq.": 65, "Al.Dist. Der.": 35, "Ruta": 7 }, "geometry": { "type": "Point", "coordinates": [ -64.5530999, -33.9301124 ] } },
{ "type": "Feature", "properties": { "Name": "601.06", "P.K.": null, "Al.Dist. Izq.": 65, "Al.Dist. Der.": 35, "Ruta": 7 }, "geometry": { "type": "Point", "coordinates": [ -64.5537466, -33.9300674 ] } },
{ "type": "Feature", "properties": { "Name": "601.1", "P.K.": null, "Al.Dist. Izq.": 65, "Al.Dist. Der.": 35, "Ruta": 7 }, "geometry": { "type": "Point", "coordinates": [ -64.5541724, -33.9301121 ] } },
{ "type": "Feature", "properties": { "Name": "601.19", "P.K.": null, "Al.Dist. Izq.": 65, "Al.Dist. Der.": 35, "Ruta": 7 }, "geometry": { "type": "Point", "coordinates": [ -64.5550683, -33.9301973 ] } },
{ "type": "Feature", "properties": { "Name": "601.61", "P.K.": null, "Al.Dist. Izq.": 65, "Al.Dist. Der.": 35, "Ruta": 7 }, "geometry": { "type": "Point", "coordinates": [ -64.5596941, -33.9300651 ] } },
{ "type": "Feature", "properties": { "Name": "601.73", "P.K.": null, "Al.Dist. Izq.": 65, "Al.Dist. Der.": 35, "Ruta": 7 }, "geometry": { "type": "Point", "coordinates": [ -64.5609044, -33.9299689 ] } },
{ "type": "Feature", "properties": { "Name": "601.82", "P.K.": null, "Al.Dist. Izq.": 65, "Al.Dist. Der.": 35, "Ruta": 7 }, "geometry": { "type": "Point", "coordinates": [ -64.5619196, -33.9298256 ] } },
{ "type": "Feature", "properties": { "Name": "601.93", "P.K.": null, "Al.Dist. Izq.": 65, "Al.Dist. Der.": 35, "Ruta": 7 }, "geometry": { "type": "Point", "coordinates": [ -64.5630659, -33.9298423 ] } },
{ "type": "Feature", "properties": { "Name": "602", "P.K.": "PK602", "Al.Dist. Izq.": 65, "Al.Dist. Der.": 35, "Ruta": 7 }, "geometry": { "type": "Point", "coordinates": [ -64.5638041, -33.9297228 ] } },
{ "type": "Feature", "properties": { "Name": "602.92", "P.K.": null, "Al.Dist. Izq.": 65, "Al.Dist. Der.": 35, "Ruta": 7 }, "geometry": { "type": "Point", "coordinates": [ -64.5740141, -33.9286901 ] } },
{ "type": "Feature", "properties": { "Name": "603", "P.K.": "PK603", "Al.Dist. Izq.": 65, "Al.Dist. Der.": 35, "Ruta": 7 }, "geometry": { "type": "Point", "coordinates": [ -64.5748633, -33.9285957 ] } },
{ "type": "Feature", "properties": { "Name": "603.14", "P.K.": null, "Al.Dist. Izq.": 65, "Al.Dist. Der.": 35, "Ruta": 7 }, "geometry": { "type": "Point", "coordinates": [ -64.5763854, -33.9284827 ] } },
{ "type": "Feature", "properties": { "Name": "603.54", "P.K.": null, "Al.Dist. Izq.": 65, "Al.Dist. Der.": 35, "Ruta": 7 }, "geometry": { "type": "Point", "coordinates": [ -64.5806264, -33.9281579 ] } },
{ "type": "Feature", "properties": { "Name": "603.6", "P.K.": null, "Al.Dist. Izq.": 65, "Al.Dist. Der.": 35, "Ruta": 7 }, "geometry": { "type": "Point", "coordinates": [ -64.5812346, -33.9280513 ] } },
{ "type": "Feature", "properties": { "Name": "603.74", "P.K.": null, "Al.Dist. Izq.": 65, "Al.Dist. Der.": 35, "Ruta": 7 }, "geometry": { "type": "Point", "coordinates": [ -64.5827701, -33.9278897 ] } },
{ "type": "Feature", "properties": { "Name": "604", "P.K.": "PK604", "Al.Dist. Izq.": 65, "Al.Dist. Der.": 35, "Ruta": 7 }, "geometry": { "type": "Point", "coordinates": [ -64.585566, -33.9275419 ] } },
{ "type": "Feature", "properties": { "Name": "604.14", "P.K.": null, "Al.Dist. Izq.": 65, "Al.Dist. Der.": 35, "Ruta": 7 }, "geometry": { "type": "Point", "coordinates": [ -64.5869943, -33.9274494 ] } },
{ "type": "Feature", "properties": { "Name": "604.5", "P.K.": null, "Al.Dist. Izq.": 65, "Al.Dist. Der.": 35, "Ruta": 7 }, "geometry": { "type": "Point", "coordinates": [ -64.5907926, -33.92714 ] } },
{ "type": "Feature", "properties": { "Name": "604.89", "P.K.": null, "Al.Dist. Izq.": 65, "Al.Dist. Der.": 35, "Ruta": 7 }, "geometry": { "type": "Point", "coordinates": [ -64.5949088, -33.926682 ] } },
{ "type": "Feature", "properties": { "Name": "605", "P.K.": "PK605", "Al.Dist. Izq.": 65, "Al.Dist. Der.": 35, "Ruta": 7 }, "geometry": { "type": "Point", "coordinates": [ -64.5961011, -33.9265538 ] } },
{ "type": "Feature", "properties": { "Name": "605.14", "P.K.": null, "Al.Dist. Izq.": 65, "Al.Dist. Der.": 35, "Ruta": 7 }, "geometry": { "type": "Point", "coordinates": [ -64.5975873, -33.9264272 ] } },
{ "type": "Feature", "properties": { "Name": "605.32", "P.K.": null, "Al.Dist. Izq.": 65, "Al.Dist. Der.": 35, "Ruta": 7 }, "geometry": { "type": "Point", "coordinates": [ -64.5994944, -33.9262926 ] } },
{ "type": "Feature", "properties": { "Name": "605.47", "P.K.": null, "Al.Dist. Izq.": 65, "Al.Dist. Der.": 35, "Ruta": 7 }, "geometry": { "type": "Point", "coordinates": [ -64.6011255, -33.9262077 ] } },
{ "type": "Feature", "properties": { "Name": "605.84", "P.K.": null, "Al.Dist. Izq.": 65, "Al.Dist. Der.": 35, "Ruta": 7 }, "geometry": { "type": "Point", "coordinates": [ -64.6050398, -33.9255509 ] } },
{ "type": "Feature", "properties": { "Name": "606", "P.K.": "PK606", "Al.Dist. Izq.": 65, "Al.Dist. Der.": 35, "Ruta": 7 }, "geometry": { "type": "Point", "coordinates": [ -64.6067685, -33.925389 ] } },
{ "type": "Feature", "properties": { "Name": "606.11", "P.K.": null, "Al.Dist. Izq.": 65, "Al.Dist. Der.": 35, "Ruta": 7 }, "geometry": { "type": "Point", "coordinates": [ -64.6080291, -33.9253778 ] } },
{ "type": "Feature", "properties": { "Name": "606.34", "P.K.": null, "Al.Dist. Izq.": 65, "Al.Dist. Der.": 35, "Ruta": 7 }, "geometry": { "type": "Point", "coordinates": [ -64.6104126, -33.9251937 ] } },
{ "type": "Feature", "properties": { "Name": "606.35", "P.K.": null, "Al.Dist. Izq.": 65, "Al.Dist. Der.": 35, "Ruta": 7 }, "geometry": { "type": "Point", "coordinates": [ -64.6105892, -33.9251405 ] } },
{ "type": "Feature", "properties": { "Name": "607", "P.K.": "PK607", "Al.Dist. Izq.": 65, "Al.Dist. Der.": 35, "Ruta": 7 }, "geometry": { "type": "Point", "coordinates": [ -64.617664, -33.9244142 ] } },
{ "type": "Feature", "properties": { "Name": "607.23", "P.K.": null, "Al.Dist. Izq.": 65, "Al.Dist. Der.": 35, "Ruta": 7 }, "geometry": { "type": "Point", "coordinates": [ -64.6201245, -33.9242093 ] } },
{ "type": "Feature", "properties": { "Name": "607.38", "P.K.": null, "Al.Dist. Izq.": 65, "Al.Dist. Der.": 35, "Ruta": 7 }, "geometry": { "type": "Point", "coordinates": [ -64.6217123, -33.9240412 ] } },
{ "type": "Feature", "properties": { "Name": "607.79", "P.K.": null, "Al.Dist. Izq.": 65, "Al.Dist. Der.": 35, "Ruta": 7 }, "geometry": { "type": "Point", "coordinates": [ -64.6261031, -33.92362 ] } },
{ "type": "Feature", "properties": { "Name": "608", "P.K.": "PK608", "Al.Dist. Izq.": 65, "Al.Dist. Der.": 35, "Ruta": 7 }, "geometry": { "type": "Point", "coordinates": [ -64.6284146, -33.9234157 ] } },
{ "type": "Feature", "properties": { "Name": "608.08", "P.K.": null, "Al.Dist. Izq.": 65, "Al.Dist. Der.": 35, "Ruta": 7 }, "geometry": { "type": "Point", "coordinates": [ -64.6292531, -33.9233372 ] } },
{ "type": "Feature", "properties": { "Name": "609", "P.K.": "PK609", "Al.Dist. Izq.": 65, "Al.Dist. Der.": 35, "Ruta": 7 }, "geometry": { "type": "Point", "coordinates": [ -64.6387405, -33.9224019 ] } },
{ "type": "Feature", "properties": { "Name": "609.24", "P.K.": null, "Al.Dist. Izq.": 65, "Al.Dist. Der.": 35, "Ruta": 7 }, "geometry": { "type": "Point", "coordinates": [ -64.6412527, -33.9220296 ] } },
{ "type": "Feature", "properties": { "Name": "609.24", "P.K.": null, "Al.Dist. Izq.": 65, "Al.Dist. Der.": 35, "Ruta": 7 }, "geometry": { "type": "Point", "coordinates": [ -64.6412674, -33.9222158 ] } },
{ "type": "Feature", "properties": { "Name": "609.86", "P.K.": null, "Al.Dist. Izq.": 65, "Al.Dist. Der.": 35, "Ruta": 7 }, "geometry": { "type": "Point", "coordinates": [ -64.6480861, -33.9214636 ] } },
{ "type": "Feature", "properties": { "Name": "610", "P.K.": "PK610", "Al.Dist. Izq.": 65, "Al.Dist. Der.": 35, "Ruta": 7 }, "geometry": { "type": "Point", "coordinates": [ -64.649593, -33.92134 ] } },
{ "type": "Feature", "properties": { "Name": "610.09", "P.K.": null, "Al.Dist. Izq.": 65, "Al.Dist. Der.": 35, "Ruta": 7 }, "geometry": { "type": "Point", "coordinates": [ -64.65056, -33.9212504 ] } },
{ "type": "Feature", "properties": { "Name": "610.19", "P.K.": null, "Al.Dist. Izq.": 65, "Al.Dist. Der.": 35, "Ruta": 7 }, "geometry": { "type": "Point", "coordinates": [ -64.6516043, -33.921146 ] } },
{ "type": "Feature", "properties": { "Name": "610.36", "P.K.": null, "Al.Dist. Izq.": 65, "Al.Dist. Der.": 35, "Ruta": 7 }, "geometry": { "type": "Point", "coordinates": [ -64.6534115, -33.9209477 ] } },
{ "type": "Feature", "properties": { "Name": "610.5", "P.K.": null, "Al.Dist. Izq.": 65, "Al.Dist. Der.": 35, "Ruta": 7 }, "geometry": { "type": "Point", "coordinates": [ -64.6549442, -33.9208081 ] } },
{ "type": "Feature", "properties": { "Name": "611", "P.K.": "PK611", "Al.Dist. Izq.": 65, "Al.Dist. Der.": 35, "Ruta": 7 }, "geometry": { "type": "Point", "coordinates": [ -64.6603259, -33.9203172 ] } },
{ "type": "Feature", "properties": { "Name": "611.09", "P.K.": null, "Al.Dist. Izq.": 65, "Al.Dist. Der.": 35, "Ruta": 7 }, "geometry": { "type": "Point", "coordinates": [ -64.661216, -33.9202299 ] } },
{ "type": "Feature", "properties": { "Name": "611.23", "P.K.": null, "Al.Dist. Izq.": 65, "Al.Dist. Der.": 35, "Ruta": 7 }, "geometry": { "type": "Point", "coordinates": [ -64.6627075, -33.92009 ] } },
{ "type": "Feature", "properties": { "Name": "611.55", "P.K.": null, "Al.Dist. Izq.": 65, "Al.Dist. Der.": 35, "Ruta": 7 }, "geometry": { "type": "Point", "coordinates": [ -64.66596, -33.919737 ] } },
{ "type": "Feature", "properties": { "Name": "611.57", "P.K.": null, "Al.Dist. Izq.": 65, "Al.Dist. Der.": 35, "Ruta": 7 }, "geometry": { "type": "Point", "coordinates": [ -64.6661959, -33.919733 ] } },
{ "type": "Feature", "properties": { "Name": "611.71", "P.K.": null, "Al.Dist. Izq.": 65, "Al.Dist. Der.": 35, "Ruta": 7 }, "geometry": { "type": "Point", "coordinates": [ -64.6676034, -33.9195149 ] } },
{ "type": "Feature", "properties": { "Name": "611.73", "P.K.": null, "Al.Dist. Izq.": 65, "Al.Dist. Der.": 35, "Ruta": 7 }, "geometry": { "type": "Point", "coordinates": [ -64.6678337, -33.919526 ] } },
{ "type": "Feature", "properties": { "Name": "612", "P.K.": "PK612", "Al.Dist. Izq.": 65, "Al.Dist. Der.": 35, "Ruta": 7 }, "geometry": { "type": "Point", "coordinates": [ -64.6705582, -33.9193282 ] } },
{ "type": "Feature", "properties": { "Name": "612.02", "P.K.": null, "Al.Dist. Izq.": 65, "Al.Dist. Der.": 35, "Ruta": 7 }, "geometry": { "type": "Point", "coordinates": [ -64.6708607, -33.9192446 ] } },
{ "type": "Feature", "properties": { "Name": "612.1", "P.K.": null, "Al.Dist. Izq.": 65, "Al.Dist. Der.": 35, "Ruta": 7 }, "geometry": { "type": "Point", "coordinates": [ -64.6716439, -33.9190726 ] } },
{ "type": "Feature", "properties": { "Name": "612.42", "P.K.": null, "Al.Dist. Izq.": 65, "Al.Dist. Der.": 35, "Ruta": 7 }, "geometry": { "type": "Point", "coordinates": [ -64.6750379, -33.9184857 ] } },
{ "type": "Feature", "properties": { "Name": "612.97", "P.K.": null, "Al.Dist. Izq.": 65, "Al.Dist. Der.": 35, "Ruta": 7 }, "geometry": { "type": "Point", "coordinates": [ -64.6808045, -33.9174582 ] } },
{ "type": "Feature", "properties": { "Name": "613", "P.K.": "PK613", "Al.Dist. Izq.": 65, "Al.Dist. Der.": 35, "Ruta": 7 }, "geometry": { "type": "Point", "coordinates": [ -64.6810691, -33.9172918 ] } },
{ "type": "Feature", "properties": { "Name": "613.04", "P.K.": null, "Al.Dist. Izq.": 65, "Al.Dist. Der.": 35, "Ruta": 7 }, "geometry": { "type": "Point", "coordinates": [ -64.681518, -33.9173316 ] } },
{ "type": "Feature", "properties": { "Name": "613.31", "P.K.": null, "Al.Dist. Izq.": 65, "Al.Dist. Der.": 35, "Ruta": 7 }, "geometry": { "type": "Point", "coordinates": [ -64.6842384, -33.9167095 ] } },
{ "type": "Feature", "properties": { "Name": "613.58", "P.K.": null, "Al.Dist. Izq.": 65, "Al.Dist. Der.": 35, "Ruta": 7 }, "geometry": { "type": "Point", "coordinates": [ -64.6870487, -33.9158481 ] } },
{ "type": "Feature", "properties": { "Name": "613.78", "P.K.": null, "Al.Dist. Izq.": 65, "Al.Dist. Der.": 35, "Ruta": 7 }, "geometry": { "type": "Point", "coordinates": [ -64.6890979, -33.9160234 ] } },
{ "type": "Feature", "properties": { "Name": "613.85", "P.K.": null, "Al.Dist. Izq.": 65, "Al.Dist. Der.": 35, "Ruta": 7 }, "geometry": { "type": "Point", "coordinates": [ -64.6898352, -33.9158359 ] } },
{ "type": "Feature", "properties": { "Name": "614", "P.K.": "PK614", "Al.Dist. Izq.": 65, "Al.Dist. Der.": 35, "Ruta": 7 }, "geometry": { "type": "Point", "coordinates": [ -64.691441, -33.9154293 ] } },
{ "type": "Feature", "properties": { "Name": "614.45", "P.K.": null, "Al.Dist. Izq.": 65, "Al.Dist. Der.": 35, "Ruta": 7 }, "geometry": { "type": "Point", "coordinates": [ -64.696586, -33.9144692 ] } },
{ "type": "Feature", "properties": { "Name": "615", "P.K.": "PK615", "Al.Dist. Izq.": 65, "Al.Dist. Der.": 35, "Ruta": 7 }, "geometry": { "type": "Point", "coordinates": [ -64.7027681, -33.9132577 ] } },
{ "type": "Feature", "properties": { "Name": "615.08", "P.K.": null, "Al.Dist. Izq.": 65, "Al.Dist. Der.": 35, "Ruta": 7 }, "geometry": { "type": "Point", "coordinates": [ -64.703615, -33.9130068 ] } },
{ "type": "Feature", "properties": { "Name": "615.27", "P.K.": null, "Al.Dist. Izq.": 65, "Al.Dist. Der.": 35, "Ruta": 7 }, "geometry": { "type": "Point", "coordinates": [ -64.7055774, -33.9125647 ] } },
{ "type": "Feature", "properties": { "Name": "615.45", "P.K.": null, "Al.Dist. Izq.": 65, "Al.Dist. Der.": 35, "Ruta": 7 }, "geometry": { "type": "Point", "coordinates": [ -64.70751, -33.9123969 ] } },
{ "type": "Feature", "properties": { "Name": "615.55", "P.K.": null, "Al.Dist. Izq.": 65, "Al.Dist. Der.": 35, "Ruta": 7 }, "geometry": { "type": "Point", "coordinates": [ -64.7086918, -33.9122772 ] } },
{ "type": "Feature", "properties": { "Name": "615.56", "P.K.": null, "Al.Dist. Izq.": 65, "Al.Dist. Der.": 35, "Ruta": 7 }, "geometry": { "type": "Point", "coordinates": [ -64.70878, -33.9121531 ] } },
{ "type": "Feature", "properties": { "Name": "615.61", "P.K.": null, "Al.Dist. Izq.": 65, "Al.Dist. Der.": 35, "Ruta": 7 }, "geometry": { "type": "Point", "coordinates": [ -64.7093382, -33.9120173 ] } },
{ "type": "Feature", "properties": { "Name": "615.69", "P.K.": null, "Al.Dist. Izq.": 65, "Al.Dist. Der.": 35, "Ruta": 7 }, "geometry": { "type": "Point", "coordinates": [ -64.7102109, -33.9118654 ] } },
{ "type": "Feature", "properties": { "Name": "615.7", "P.K.": null, "Al.Dist. Izq.": 65, "Al.Dist. Der.": 35, "Ruta": 7 }, "geometry": { "type": "Point", "coordinates": [ -64.7102408, -33.9118546 ] } },
{ "type": "Feature", "properties": { "Name": "615.71", "P.K.": null, "Al.Dist. Izq.": 65, "Al.Dist. Der.": 35, "Ruta": 7 }, "geometry": { "type": "Point", "coordinates": [ -64.7104215, -33.9119152 ] } },
{ "type": "Feature", "properties": { "Name": "615.83", "P.K.": null, "Al.Dist. Izq.": 65, "Al.Dist. Der.": 35, "Ruta": 7 }, "geometry": { "type": "Point", "coordinates": [ -64.7116573, -33.9116996 ] } },
{ "type": "Feature", "properties": { "Name": "615.87", "P.K.": null, "Al.Dist. Izq.": 65, "Al.Dist. Der.": 35, "Ruta": 7 }, "geometry": { "type": "Point", "coordinates": [ -64.7120834, -33.911539 ] } },
{ "type": "Feature", "properties": { "Name": "615.87", "P.K.": null, "Al.Dist. Izq.": 65, "Al.Dist. Der.": 35, "Ruta": 7 }, "geometry": { "type": "Point", "coordinates": [ -64.7120754, -33.9116348 ] } },
{ "type": "Feature", "properties": { "Name": "616", "P.K.": "PK616", "Al.Dist. Izq.": 65, "Al.Dist. Der.": 35, "Ruta": 7 }, "geometry": { "type": "Point", "coordinates": [ -64.7134293, -33.9113351 ] } },
{ "type": "Feature", "properties": { "Name": "617", "P.K.": "PK617", "Al.Dist. Izq.": 65, "Al.Dist. Der.": 35, "Ruta": 7 }, "geometry": { "type": "Point", "coordinates": [ -64.7239787, -33.9092886 ] } },
{ "type": "Feature", "properties": { "Name": "617.33", "P.K.": null, "Al.Dist. Izq.": 65, "Al.Dist. Der.": 35, "Ruta": 7 }, "geometry": { "type": "Point", "coordinates": [ -64.7273358, -33.9086388 ] } },
{ "type": "Feature", "properties": { "Name": "617.38", "P.K.": null, "Al.Dist. Izq.": 65, "Al.Dist. Der.": 35, "Ruta": 7 }, "geometry": { "type": "Point", "coordinates": [ -64.7279118, -33.9085298 ] } },
{ "type": "Feature", "properties": { "Name": "617.42", "P.K.": null, "Al.Dist. Izq.": 65, "Al.Dist. Der.": 35, "Ruta": 7 }, "geometry": { "type": "Point", "coordinates": [ -64.728341, -33.9084958 ] } },
{ "type": "Feature", "properties": { "Name": "617.6", "P.K.": null, "Al.Dist. Izq.": 65, "Al.Dist. Der.": 35, "Ruta": 7 }, "geometry": { "type": "Point", "coordinates": [ -64.7302346, -33.9082073 ] } },
{ "type": "Feature", "properties": { "Name": "617.82", "P.K.": null, "Al.Dist. Izq.": 65, "Al.Dist. Der.": 35, "Ruta": 7 }, "geometry": { "type": "Point", "coordinates": [ -64.732387, -33.90767 ] } },
{ "type": "Feature", "properties": { "Name": "618", "P.K.": "PK618", "Al.Dist. Izq.": 65, "Al.Dist. Der.": 35, "Ruta": 7 }, "geometry": { "type": "Point", "coordinates": [ -64.7343595, -33.9074039 ] } },
{ "type": "Feature", "properties": { "Name": "618.23", "P.K.": null, "Al.Dist. Izq.": 65, "Al.Dist. Der.": 35, "Ruta": 7 }, "geometry": { "type": "Point", "coordinates": [ -64.7367571, -33.9068577 ] } },
{ "type": "Feature", "properties": { "Name": "618.33", "P.K.": null, "Al.Dist. Izq.": 65, "Al.Dist. Der.": 35, "Ruta": 7 }, "geometry": { "type": "Point", "coordinates": [ -64.7379064, -33.906627 ] } },
{ "type": "Feature", "properties": { "Name": "618.46", "P.K.": null, "Al.Dist. Izq.": 65, "Al.Dist. Der.": 35, "Ruta": 7 }, "geometry": { "type": "Point", "coordinates": [ -64.7393042, -33.9063836 ] } },
{ "type": "Feature", "properties": { "Name": "618.57", "P.K.": null, "Al.Dist. Izq.": 65, "Al.Dist. Der.": 35, "Ruta": 7 }, "geometry": { "type": "Point", "coordinates": [ -64.7404502, -33.9062247 ] } },
{ "type": "Feature", "properties": { "Name": "618.9", "P.K.": null, "Al.Dist. Izq.": 65, "Al.Dist. Der.": 35, "Ruta": 7 }, "geometry": { "type": "Point", "coordinates": [ -64.7440681, -33.9057672 ] } },
{ "type": "Feature", "properties": { "Name": "619", "P.K.": "PK619", "Al.Dist. Izq.": 65, "Al.Dist. Der.": 35, "Ruta": 7 }, "geometry": { "type": "Point", "coordinates": [ -64.7451957, -33.9056648 ] } },
{ "type": "Feature", "properties": { "Name": "619.07", "P.K.": null, "Al.Dist. Izq.": 65, "Al.Dist. Der.": 35, "Ruta": 7 }, "geometry": { "type": "Point", "coordinates": [ -64.7458934, -33.9055963 ] } },
{ "type": "Feature", "properties": { "Name": "619.17", "P.K.": null, "Al.Dist. Izq.": 65, "Al.Dist. Der.": 35, "Ruta": 7 }, "geometry": { "type": "Point", "coordinates": [ -64.7469451, -33.9055031 ] } },
{ "type": "Feature", "properties": { "Name": "619.25", "P.K.": null, "Al.Dist. Izq.": 65, "Al.Dist. Der.": 35, "Ruta": 7 }, "geometry": { "type": "Point", "coordinates": [ -64.7479107, -33.9055849 ] } },
{ "type": "Feature", "properties": { "Name": "619.6", "P.K.": null, "Al.Dist. Izq.": 65, "Al.Dist. Der.": 35, "Ruta": 7 }, "geometry": { "type": "Point", "coordinates": [ -64.7517714, -33.9053375 ] } },
{ "type": "Feature", "properties": { "Name": "620", "P.K.": "PK620", "Al.Dist. Izq.": 65, "Al.Dist. Der.": 35, "Ruta": 7 }, "geometry": { "type": "Point", "coordinates": [ -64.7560405, -33.9050618 ] } },
{ "type": "Feature", "properties": { "Name": "620.88", "P.K.": null, "Al.Dist. Izq.": 65, "Al.Dist. Der.": 35, "Ruta": 7 }, "geometry": { "type": "Point", "coordinates": [ -64.7653806, -33.9043878 ] } },
{ "type": "Feature", "properties": { "Name": "621", "P.K.": "PK621", "Al.Dist. Izq.": 65, "Al.Dist. Der.": 35, "Ruta": 7 }, "geometry": { "type": "Point", "coordinates": [ -64.7667103, -33.904318 ] } },
{ "type": "Feature", "properties": { "Name": "621.51", "P.K.": null, "Al.Dist. Izq.": 65, "Al.Dist. Der.": 35, "Ruta": 7 }, "geometry": { "type": "Point", "coordinates": [ -64.7722263, -33.9042532 ] } },
{ "type": "Feature", "properties": { "Name": "621.58", "P.K.": null, "Al.Dist. Izq.": 65, "Al.Dist. Der.": 35, "Ruta": 7 }, "geometry": { "type": "Point", "coordinates": [ -64.7730159, -33.903959 ] } },
{ "type": "Feature", "properties": { "Name": "621.59", "P.K.": null, "Al.Dist. Izq.": 65, "Al.Dist. Der.": 35, "Ruta": 7 }, "geometry": { "type": "Point", "coordinates": [ -64.7730363, -33.903833 ] } },
{ "type": "Feature", "properties": { "Name": "621.9", "P.K.": null, "Al.Dist. Izq.": 65, "Al.Dist. Der.": 35, "Ruta": 7 }, "geometry": { "type": "Point", "coordinates": [ -64.7764734, -33.9035318 ] } },
{ "type": "Feature", "properties": { "Name": "622", "P.K.": "PK622", "Al.Dist. Izq.": 65, "Al.Dist. Der.": 35, "Ruta": 7 }, "geometry": { "type": "Point", "coordinates": [ -64.7775273, -33.903688 ] } },
{ "type": "Feature", "properties": { "Name": "622.18", "P.K.": null, "Al.Dist. Izq.": 65, "Al.Dist. Der.": 35, "Ruta": 7 }, "geometry": { "type": "Point", "coordinates": [ -64.7793999, -33.9035202 ] } },
{ "type": "Feature", "properties": { "Name": "622.28", "P.K.": null, "Al.Dist. Izq.": 65, "Al.Dist. Der.": 35, "Ruta": 7 }, "geometry": { "type": "Point", "coordinates": [ -64.7806545, -33.9033159 ] } },
{ "type": "Feature", "properties": { "Name": "622.28", "P.K.": null, "Al.Dist. Izq.": 65, "Al.Dist. Der.": 35, "Ruta": 7 }, "geometry": { "type": "Point", "coordinates": [ -64.7806394, -33.9034325 ] } },
{ "type": "Feature", "properties": { "Name": "622.54", "P.K.": null, "Al.Dist. Izq.": 65, "Al.Dist. Der.": 35, "Ruta": 7 }, "geometry": { "type": "Point", "coordinates": [ -64.7834306, -33.9032135 ] } },
{ "type": "Feature", "properties": { "Name": "623", "P.K.": "PK623", "Al.Dist. Izq.": 65, "Al.Dist. Der.": 35, "Ruta": 7 }, "geometry": { "type": "Point", "coordinates": [ -64.7885475, -33.9028665 ] } },
{ "type": "Feature", "properties": { "Name": "623.82", "P.K.": null, "Al.Dist. Izq.": 65, "Al.Dist. Der.": 35, "Ruta": 7 }, "geometry": { "type": "Point", "coordinates": [ -64.7975547, -33.9022231 ] } },
{ "type": "Feature", "properties": { "Name": "623.84", "P.K.": null, "Al.Dist. Izq.": 65, "Al.Dist. Der.": 35, "Ruta": 7 }, "geometry": { "type": "Point", "coordinates": [ -64.7977777, -33.9023662 ] } },
{ "type": "Feature", "properties": { "Name": "624", "P.K.": "PK624", "Al.Dist. Izq.": 65, "Al.Dist. Der.": 35, "Ruta": 7 }, "geometry": { "type": "Point", "coordinates": [ -64.7994755, -33.9022755 ] } },
{ "type": "Feature", "properties": { "Name": "624.09", "P.K.": null, "Al.Dist. Izq.": 65, "Al.Dist. Der.": 35, "Ruta": 7 }, "geometry": { "type": "Point", "coordinates": [ -64.8005139, -33.9021021 ] } },
{ "type": "Feature", "properties": { "Name": "624.48", "P.K.": null, "Al.Dist. Izq.": 65, "Al.Dist. Der.": 35, "Ruta": 7 }, "geometry": { "type": "Point", "coordinates": [ -64.8044436, -33.9018569 ] } },
{ "type": "Feature", "properties": { "Name": "625", "P.K.": "PK625", "Al.Dist. Izq.": 65, "Al.Dist. Der.": 35, "Ruta": 7 }, "geometry": { "type": "Point", "coordinates": [ -64.8098744, -33.9014952 ] } },
{ "type": "Feature", "properties": { "Name": "625.75", "P.K.": null, "Al.Dist. Izq.": 65, "Al.Dist. Der.": 35, "Ruta": 7 }, "geometry": { "type": "Point", "coordinates": [ -64.8184458, -33.9008971 ] } },
{ "type": "Feature", "properties": { "Name": "625.92", "P.K.": null, "Al.Dist. Izq.": 65, "Al.Dist. Der.": 35, "Ruta": 7 }, "geometry": { "type": "Point", "coordinates": [ -64.8202992, -33.9007697 ] } },
{ "type": "Feature", "properties": { "Name": "625.95", "P.K.": null, "Al.Dist. Izq.": 65, "Al.Dist. Der.": 35, "Ruta": 7 }, "geometry": { "type": "Point", "coordinates": [ -64.8207213, -33.9007483 ] } },
{ "type": "Feature", "properties": { "Name": "625.95", "P.K.": null, "Al.Dist. Izq.": 65, "Al.Dist. Der.": 35, "Ruta": 7 }, "geometry": { "type": "Point", "coordinates": [ -64.820728, -33.9008696 ] } },
{ "type": "Feature", "properties": { "Name": "626", "P.K.": "PK626", "Al.Dist. Izq.": 65, "Al.Dist. Der.": 35, "Ruta": 7 }, "geometry": { "type": "Point", "coordinates": [ -64.8212215, -33.9008482 ] } },
{ "type": "Feature", "properties": { "Name": "626.43", "P.K.": null, "Al.Dist. Izq.": 65, "Al.Dist. Der.": 35, "Ruta": 7 }, "geometry": { "type": "Point", "coordinates": [ -64.8255938, -33.9006454 ] } },
{ "type": "Feature", "properties": { "Name": "626.59", "P.K.": null, "Al.Dist. Izq.": 65, "Al.Dist. Der.": 35, "Ruta": 7 }, "geometry": { "type": "Point", "coordinates": [ -64.8271901, -33.9006283 ] } },
{ "type": "Feature", "properties": { "Name": "626.6", "P.K.": null, "Al.Dist. Izq.": 65, "Al.Dist. Der.": 35, "Ruta": 7 }, "geometry": { "type": "Point", "coordinates": [ -64.8273004, -33.9007956 ] } },
{ "type": "Feature", "properties": { "Name": "626.63", "P.K.": null, "Al.Dist. Izq.": 65, "Al.Dist. Der.": 35, "Ruta": 7 }, "geometry": { "type": "Point", "coordinates": [ -64.8276981, -33.9007163 ] } },
{ "type": "Feature", "properties": { "Name": "626.69", "P.K.": null, "Al.Dist. Izq.": 65, "Al.Dist. Der.": 35, "Ruta": 7 }, "geometry": { "type": "Point", "coordinates": [ -64.8283153, -33.9008604 ] } },
{ "type": "Feature", "properties": { "Name": "626.73", "P.K.": null, "Al.Dist. Izq.": 65, "Al.Dist. Der.": 35, "Ruta": 7 }, "geometry": { "type": "Point", "coordinates": [ -64.8287652, -33.9007285 ] } },
{ "type": "Feature", "properties": { "Name": "626.91", "P.K.": null, "Al.Dist. Izq.": 65, "Al.Dist. Der.": 35, "Ruta": 7 }, "geometry": { "type": "Point", "coordinates": [ -64.8305969, -33.9009815 ] } },
{ "type": "Feature", "properties": { "Name": "626.98", "P.K.": null, "Al.Dist. Izq.": 65, "Al.Dist. Der.": 35, "Ruta": 7 }, "geometry": { "type": "Point", "coordinates": [ -64.8311987, -33.9008883 ] } },
{ "type": "Feature", "properties": { "Name": "627", "P.K.": "PK627", "Al.Dist. Izq.": 65, "Al.Dist. Der.": 35, "Ruta": 7 }, "geometry": { "type": "Point", "coordinates": [ -64.8314314, -33.9007992 ] } },
{ "type": "Feature", "properties": { "Name": "627.07", "P.K.": null, "Al.Dist. Izq.": 65, "Al.Dist. Der.": 35, "Ruta": 7 }, "geometry": { "type": "Point", "coordinates": [ -64.8321254, -33.900864 ] } },
{ "type": "Feature", "properties": { "Name": "627.09", "P.K.": null, "Al.Dist. Izq.": 65, "Al.Dist. Der.": 35, "Ruta": 7 }, "geometry": { "type": "Point", "coordinates": [ -64.8323923, -33.9008835 ] } },
{ "type": "Feature", "properties": { "Name": "627.34", "P.K.": null, "Al.Dist. Izq.": 65, "Al.Dist. Der.": 35, "Ruta": 7 }, "geometry": { "type": "Point", "coordinates": [ -64.835045, -33.9010853 ] } },
{ "type": "Feature", "properties": { "Name": "627.52", "P.K.": null, "Al.Dist. Izq.": 65, "Al.Dist. Der.": 35, "Ruta": 7 }, "geometry": { "type": "Point", "coordinates": [ -64.8370053, -33.9013852 ] } },
{ "type": "Feature", "properties": { "Name": "627.52", "P.K.": null, "Al.Dist. Izq.": 65, "Al.Dist. Der.": 35, "Ruta": 7 }, "geometry": { "type": "Point", "coordinates": [ -64.8370422, -33.9012019 ] } },
{ "type": "Feature", "properties": { "Name": "627.56", "P.K.": null, "Al.Dist. Izq.": 65, "Al.Dist. Der.": 35, "Ruta": 7 }, "geometry": { "type": "Point", "coordinates": [ -64.837475, -33.9014139 ] } },
{ "type": "Feature", "properties": { "Name": "628", "P.K.": "PK628", "Al.Dist. Izq.": 65, "Al.Dist. Der.": 35, "Ruta": 7 }, "geometry": { "type": "Point", "coordinates": [ -64.8421743, -33.901602 ] } },
{ "type": "Feature", "properties": { "Name": "628.1", "P.K.": null, "Al.Dist. Izq.": 65, "Al.Dist. Der.": 35, "Ruta": 7 }, "geometry": { "type": "Point", "coordinates": [ -64.8432724, -33.9014823 ] } },
{ "type": "Feature", "properties": { "Name": "628.39", "P.K.": null, "Al.Dist. Izq.": 65, "Al.Dist. Der.": 35, "Ruta": 7 }, "geometry": { "type": "Point", "coordinates": [ -64.8464608, -33.9016549 ] } },
{ "type": "Feature", "properties": { "Name": "628.68", "P.K.": null, "Al.Dist. Izq.": 65, "Al.Dist. Der.": 35, "Ruta": 7 }, "geometry": { "type": "Point", "coordinates": [ -64.849498, -33.9017812 ] } },
{ "type": "Feature", "properties": { "Name": "629", "P.K.": "PK629", "Al.Dist. Izq.": 65, "Al.Dist. Der.": 35, "Ruta": 7 }, "geometry": { "type": "Point", "coordinates": [ -64.8529081, -33.9019524 ] } },
{ "type": "Feature", "properties": { "Name": "629.1", "P.K.": null, "Al.Dist. Izq.": 65, "Al.Dist. Der.": 35, "Ruta": 7 }, "geometry": { "type": "Point", "coordinates": [ -64.8539507, -33.9019781 ] } },
{ "type": "Feature", "properties": { "Name": "629.24", "P.K.": null, "Al.Dist. Izq.": 65, "Al.Dist. Der.": 35, "Ruta": 7 }, "geometry": { "type": "Point", "coordinates": [ -64.855467, -33.9021945 ] } },
{ "type": "Feature", "properties": { "Name": "629.35", "P.K.": null, "Al.Dist. Izq.": 65, "Al.Dist. Der.": 35, "Ruta": 7 }, "geometry": { "type": "Point", "coordinates": [ -64.8566763, -33.9022766 ] } },
{ "type": "Feature", "properties": { "Name": "629.96", "P.K.": null, "Al.Dist. Izq.": 65, "Al.Dist. Der.": 35, "Ruta": 7 }, "geometry": { "type": "Point", "coordinates": [ -64.8633952, -33.9023759 ] } },
{ "type": "Feature", "properties": { "Name": "629.99", "P.K.": null, "Al.Dist. Izq.": 65, "Al.Dist. Der.": 35, "Ruta": 7 }, "geometry": { "type": "Point", "coordinates": [ -64.8637, -33.9023673 ] } },
{ "type": "Feature", "properties": { "Name": "630", "P.K.": "PK630", "Al.Dist. Izq.": 65, "Al.Dist. Der.": 35, "Ruta": 7 }, "geometry": { "type": "Point", "coordinates": [ -64.8637687, -33.9024833 ] } },
{ "type": "Feature", "properties": { "Name": "630.17", "P.K.": null, "Al.Dist. Izq.": 65, "Al.Dist. Der.": 35, "Ruta": 7 }, "geometry": { "type": "Point", "coordinates": [ -64.8655896, -33.9026222 ] } },
{ "type": "Feature", "properties": { "Name": "630.78", "P.K.": null, "Al.Dist. Izq.": 65, "Al.Dist. Der.": 35, "Ruta": 7 }, "geometry": { "type": "Point", "coordinates": [ -64.8722482, -33.9029778 ] } },
{ "type": "Feature", "properties": { "Name": "630.85", "P.K.": null, "Al.Dist. Izq.": 65, "Al.Dist. Der.": 35, "Ruta": 7 }, "geometry": { "type": "Point", "coordinates": [ -64.8729389, -33.9027602 ] } },
{ "type": "Feature", "properties": { "Name": "631", "P.K.": "PK631", "Al.Dist. Izq.": 65, "Al.Dist. Der.": 35, "Ruta": 7 }, "geometry": { "type": "Point", "coordinates": [ -64.8746431, -33.9028743 ] } },
{ "type": "Feature", "properties": { "Name": "631.58", "P.K.": null, "Al.Dist. Izq.": 65, "Al.Dist. Der.": 35, "Ruta": 7 }, "geometry": { "type": "Point", "coordinates": [ -64.8809557, -33.9031231 ] } },
{ "type": "Feature", "properties": { "Name": "631.69", "P.K.": null, "Al.Dist. Izq.": 65, "Al.Dist. Der.": 35, "Ruta": 7 }, "geometry": { "type": "Point", "coordinates": [ -64.8821459, -33.903176 ] } },
{ "type": "Feature", "properties": { "Name": "632", "P.K.": "PK632", "Al.Dist. Izq.": 65, "Al.Dist. Der.": 35, "Ruta": 7 }, "geometry": { "type": "Point", "coordinates": [ -64.8854829, -33.9035093 ] } },
{ "type": "Feature", "properties": { "Name": "632.2", "P.K.": null, "Al.Dist. Izq.": 65, "Al.Dist. Der.": 35, "Ruta": 7 }, "geometry": { "type": "Point", "coordinates": [ -64.8875462, -33.9035433 ] } },
{ "type": "Feature", "properties": { "Name": "632.6", "P.K.": null, "Al.Dist. Izq.": 65, "Al.Dist. Der.": 35, "Ruta": 7 }, "geometry": { "type": "Point", "coordinates": [ -64.8918012, -33.9036693 ] } },
{ "type": "Feature", "properties": { "Name": "632.6", "P.K.": null, "Al.Dist. Izq.": 65, "Al.Dist. Der.": 35, "Ruta": 7 }, "geometry": { "type": "Point", "coordinates": [ -64.8917717, -33.9037453 ] } },
{ "type": "Feature", "properties": { "Name": "632.68", "P.K.": null, "Al.Dist. Izq.": 65, "Al.Dist. Der.": 35, "Ruta": 7 }, "geometry": { "type": "Point", "coordinates": [ -64.8926555, -33.9036774 ] } },
{ "type": "Feature", "properties": { "Name": "632.71", "P.K.": null, "Al.Dist. Izq.": 65, "Al.Dist. Der.": 35, "Ruta": 7 }, "geometry": { "type": "Point", "coordinates": [ -64.8929643, -33.9037386 ] } },
{ "type": "Feature", "properties": { "Name": "632.81", "P.K.": null, "Al.Dist. Izq.": 65, "Al.Dist. Der.": 35, "Ruta": 7 }, "geometry": { "type": "Point", "coordinates": [ -64.8939905, -33.9037311 ] } },
{ "type": "Feature", "properties": { "Name": "632.93", "P.K.": null, "Al.Dist. Izq.": 65, "Al.Dist. Der.": 35, "Ruta": 7 }, "geometry": { "type": "Point", "coordinates": [ -64.8952619, -33.9038867 ] } },
{ "type": "Feature", "properties": { "Name": "633", "P.K.": "PK633", "Al.Dist. Izq.": 65, "Al.Dist. Der.": 35, "Ruta": 7 }, "geometry": { "type": "Point", "coordinates": [ -64.8960052, -33.9038485 ] } },
{ "type": "Feature", "properties": { "Name": "633.29", "P.K.": null, "Al.Dist. Izq.": 65, "Al.Dist. Der.": 35, "Ruta": 7 }, "geometry": { "type": "Point", "coordinates": [ -64.8991313, -33.9040019 ] } },
{ "type": "Feature", "properties": { "Name": "633.47", "P.K.": null, "Al.Dist. Izq.": 65, "Al.Dist. Der.": 35, "Ruta": 7 }, "geometry": { "type": "Point", "coordinates": [ -64.9010575, -33.904023 ] } },
{ "type": "Feature", "properties": { "Name": "633.47", "P.K.": null, "Al.Dist. Izq.": 65, "Al.Dist. Der.": 35, "Ruta": 7 }, "geometry": { "type": "Point", "coordinates": [ -64.9010561, -33.9041825 ] } },
{ "type": "Feature", "properties": { "Name": "633.85", "P.K.": null, "Al.Dist. Izq.": 65, "Al.Dist. Der.": 35, "Ruta": 7 }, "geometry": { "type": "Point", "coordinates": [ -64.9051355, -33.9043002 ] } },
{ "type": "Feature", "properties": { "Name": "634", "P.K.": "PK634", "Al.Dist. Izq.": 65, "Al.Dist. Der.": 35, "Ruta": 7 }, "geometry": { "type": "Point", "coordinates": [ -64.9068071, -33.9044797 ] } },
{ "type": "Feature", "properties": { "Name": "634.41", "P.K.": null, "Al.Dist. Izq.": 65, "Al.Dist. Der.": 35, "Ruta": 7 }, "geometry": { "type": "Point", "coordinates": [ -64.9112194, -33.9045459 ] } },
{ "type": "Feature", "properties": { "Name": "635", "P.K.": "PK635", "Al.Dist. Izq.": 65, "Al.Dist. Der.": 35, "Ruta": 7 }, "geometry": { "type": "Point", "coordinates": [ -64.9174843, -33.9048592 ] } },
{ "type": "Feature", "properties": { "Name": "635.7", "P.K.": null, "Al.Dist. Izq.": 65, "Al.Dist. Der.": 35, "Ruta": 7 }, "geometry": { "type": "Point", "coordinates": [ -64.9251705, -33.9051714 ] } },
{ "type": "Feature", "properties": { "Name": "636", "P.K.": "PK636", "Al.Dist. Izq.": 65, "Al.Dist. Der.": 35, "Ruta": 7 }, "geometry": { "type": "Point", "coordinates": [ -64.9283593, -33.9054391 ] } },
{ "type": "Feature", "properties": { "Name": "636.07", "P.K.": null, "Al.Dist. Izq.": 65, "Al.Dist. Der.": 35, "Ruta": 7 }, "geometry": { "type": "Point", "coordinates": [ -64.9291711, -33.9054085 ] } },
{ "type": "Feature", "properties": { "Name": "636.31", "P.K.": null, "Al.Dist. Izq.": 65, "Al.Dist. Der.": 35, "Ruta": 7 }, "geometry": { "type": "Point", "coordinates": [ -64.9317218, -33.9055988 ] } },
{ "type": "Feature", "properties": { "Name": "636.36", "P.K.": null, "Al.Dist. Izq.": 65, "Al.Dist. Der.": 35, "Ruta": 7 }, "geometry": { "type": "Point", "coordinates": [ -64.9322138, -33.9055752 ] } },
{ "type": "Feature", "properties": { "Name": "636.64", "P.K.": null, "Al.Dist. Izq.": 65, "Al.Dist. Der.": 35, "Ruta": 7 }, "geometry": { "type": "Point", "coordinates": [ -64.9352498, -33.9057085 ] } },
{ "type": "Feature", "properties": { "Name": "637", "P.K.": "PK637", "Al.Dist. Izq.": 65, "Al.Dist. Der.": 35, "Ruta": 7 }, "geometry": { "type": "Point", "coordinates": [ -64.9391677, -33.9058242 ] } },
{ "type": "Feature", "properties": { "Name": "637.28", "P.K.": null, "Al.Dist. Izq.": 65, "Al.Dist. Der.": 35, "Ruta": 7 }, "geometry": { "type": "Point", "coordinates": [ -64.9422012, -33.9060619 ] } },
{ "type": "Feature", "properties": { "Name": "637.36", "P.K.": null, "Al.Dist. Izq.": 65, "Al.Dist. Der.": 35, "Ruta": 7 }, "geometry": { "type": "Point", "coordinates": [ -64.9430294, -33.9060801 ] } },
{ "type": "Feature", "properties": { "Name": "637.5", "P.K.": null, "Al.Dist. Izq.": 65, "Al.Dist. Der.": 35, "Ruta": 7 }, "geometry": { "type": "Point", "coordinates": [ -64.9445286, -33.906079 ] } },
{ "type": "Feature", "properties": { "Name": "637.65", "P.K.": null, "Al.Dist. Izq.": 65, "Al.Dist. Der.": 35, "Ruta": 7 }, "geometry": { "type": "Point", "coordinates": [ -64.9461409, -33.906167 ] } },
{ "type": "Feature", "properties": { "Name": "637.84", "P.K.": null, "Al.Dist. Izq.": 65, "Al.Dist. Der.": 35, "Ruta": 7 }, "geometry": { "type": "Point", "coordinates": [ -64.9481832, -33.9062785 ] } },
{ "type": "Feature", "properties": { "Name": "637.95", "P.K.": null, "Al.Dist. Izq.": 65, "Al.Dist. Der.": 35, "Ruta": 7 }, "geometry": { "type": "Point", "coordinates": [ -64.9493651, -33.9064239 ] } },
{ "type": "Feature", "properties": { "Name": "637.97", "P.K.": null, "Al.Dist. Izq.": 65, "Al.Dist. Der.": 35, "Ruta": 7 }, "geometry": { "type": "Point", "coordinates": [ -64.9496326, -33.9063719 ] } },
{ "type": "Feature", "properties": { "Name": "638", "P.K.": "PK638", "Al.Dist. Izq.": 65, "Al.Dist. Der.": 35, "Ruta": 7 }, "geometry": { "type": "Point", "coordinates": [ -64.949977, -33.9064353 ] } },
{ "type": "Feature", "properties": { "Name": "638.09", "P.K.": null, "Al.Dist. Izq.": 65, "Al.Dist. Der.": 35, "Ruta": 7 }, "geometry": { "type": "Point", "coordinates": [ -64.9508922, -33.9066006 ] } },
{ "type": "Feature", "properties": { "Name": "638.09", "P.K.": null, "Al.Dist. Izq.": 65, "Al.Dist. Der.": 35, "Ruta": 7 }, "geometry": { "type": "Point", "coordinates": [ -64.9509798, -33.9063671 ] } },
{ "type": "Feature", "properties": { "Name": "638.23", "P.K.": null, "Al.Dist. Izq.": 65, "Al.Dist. Der.": 35, "Ruta": 7 }, "geometry": { "type": "Point", "coordinates": [ -64.9524704, -33.9067269 ] } },
{ "type": "Feature", "properties": { "Name": "638.81", "P.K.": null, "Al.Dist. Izq.": 65, "Al.Dist. Der.": 35, "Ruta": 7 }, "geometry": { "type": "Point", "coordinates": [ -64.958677, -33.9069582 ] } },
{ "type": "Feature", "properties": { "Name": "638.86", "P.K.": null, "Al.Dist. Izq.": 65, "Al.Dist. Der.": 35, "Ruta": 7 }, "geometry": { "type": "Point", "coordinates": [ -64.9591712, -33.9069737 ] } },
{ "type": "Feature", "properties": { "Name": "638.91", "P.K.": null, "Al.Dist. Izq.": 65, "Al.Dist. Der.": 35, "Ruta": 7 }, "geometry": { "type": "Point", "coordinates": [ -64.9597573, -33.9071674 ] } },
{ "type": "Feature", "properties": { "Name": "639", "P.K.": "PK639", "Al.Dist. Izq.": 65, "Al.Dist. Der.": 35, "Ruta": 7 }, "geometry": { "type": "Point", "coordinates": [ -64.9607594, -33.907144 ] } },
{ "type": "Feature", "properties": { "Name": "639.28", "P.K.": null, "Al.Dist. Izq.": 65, "Al.Dist. Der.": 35, "Ruta": 7 }, "geometry": { "type": "Point", "coordinates": [ -64.9636123, -33.9074145 ] } },
{ "type": "Feature", "properties": { "Name": "639.57", "P.K.": null, "Al.Dist. Izq.": 65, "Al.Dist. Der.": 35, "Ruta": 7 }, "geometry": { "type": "Point", "coordinates": [ -64.9666623, -33.9075567 ] } },
{ "type": "Feature", "properties": { "Name": "639.86", "P.K.": null, "Al.Dist. Izq.": 65, "Al.Dist. Der.": 35, "Ruta": 7 }, "geometry": { "type": "Point", "coordinates": [ -64.9696204, -33.907779 ] } },
{ "type": "Feature", "properties": { "Name": "639.95", "P.K.": null, "Al.Dist. Izq.": 65, "Al.Dist. Der.": 35, "Ruta": 7 }, "geometry": { "type": "Point", "coordinates": [ -64.9706762, -33.9079975 ] } },
{ "type": "Feature", "properties": { "Name": "640", "P.K.": "PK640", "Al.Dist. Izq.": 65, "Al.Dist. Der.": 35, "Ruta": 7 }, "geometry": { "type": "Point", "coordinates": [ -64.9711916, -33.9080542 ] } },
{ "type": "Feature", "properties": { "Name": "640.55", "P.K.": null, "Al.Dist. Izq.": 65, "Al.Dist. Der.": 35, "Ruta": 7 }, "geometry": { "type": "Point", "coordinates": [ -64.9771105, -33.9083678 ] } },
{ "type": "Feature", "properties": { "Name": "640.61", "P.K.": null, "Al.Dist. Izq.": 65, "Al.Dist. Der.": 35, "Ruta": 7 }, "geometry": { "type": "Point", "coordinates": [ -64.9776879, -33.9084034 ] } },
{ "type": "Feature", "properties": { "Name": "641", "P.K.": "PK641", "Al.Dist. Izq.": 65, "Al.Dist. Der.": 35, "Ruta": 7 }, "geometry": { "type": "Point", "coordinates": [ -64.9819304, -33.9086925 ] } },
{ "type": "Feature", "properties": { "Name": "641.22", "P.K.": null, "Al.Dist. Izq.": 65, "Al.Dist. Der.": 35, "Ruta": 7 }, "geometry": { "type": "Point", "coordinates": [ -64.984455, -33.9090103 ] } },
{ "type": "Feature", "properties": { "Name": "641.27", "P.K.": null, "Al.Dist. Izq.": 65, "Al.Dist. Der.": 35, "Ruta": 7 }, "geometry": { "type": "Point", "coordinates": [ -64.9849731, -33.9089332 ] } },
{ "type": "Feature", "properties": { "Name": "641.4", "P.K.": null, "Al.Dist. Izq.": 65, "Al.Dist. Der.": 35, "Ruta": 7 }, "geometry": { "type": "Point", "coordinates": [ -64.9863688, -33.9089366 ] } },
{ "type": "Feature", "properties": { "Name": "641.41", "P.K.": null, "Al.Dist. Izq.": 65, "Al.Dist. Der.": 35, "Ruta": 7 }, "geometry": { "type": "Point", "coordinates": [ -64.9864148, -33.9091069 ] } },
{ "type": "Feature", "properties": { "Name": "641.71", "P.K.": null, "Al.Dist. Izq.": 65, "Al.Dist. Der.": 35, "Ruta": 7 }, "geometry": { "type": "Point", "coordinates": [ -64.9897725, -33.9092157 ] } },
{ "type": "Feature", "properties": { "Name": "641.84", "P.K.": null, "Al.Dist. Izq.": 65, "Al.Dist. Der.": 35, "Ruta": 7 }, "geometry": { "type": "Point", "coordinates": [ -64.991295, -33.9093643 ] } },
{ "type": "Feature", "properties": { "Name": "641.85", "P.K.": null, "Al.Dist. Izq.": 65, "Al.Dist. Der.": 35, "Ruta": 7 }, "geometry": { "type": "Point", "coordinates": [ -64.9914033, -33.9093923 ] } },
{ "type": "Feature", "properties": { "Name": "642", "P.K.": "PK642", "Al.Dist. Izq.": 65, "Al.Dist. Der.": 35, "Ruta": 7 }, "geometry": { "type": "Point", "coordinates": [ -64.9930291, -33.909593 ] } },
{ "type": "Feature", "properties": { "Name": "642.68", "P.K.": null, "Al.Dist. Izq.": 65, "Al.Dist. Der.": 35, "Ruta": 7 }, "geometry": { "type": "Point", "coordinates": [ -65.0002657, -33.9101272 ] } },
{ "type": "Feature", "properties": { "Name": "642.76", "P.K.": null, "Al.Dist. Izq.": 65, "Al.Dist. Der.": 35, "Ruta": 7 }, "geometry": { "type": "Point", "coordinates": [ -65.001063, -33.910086 ] } },
{ "type": "Feature", "properties": { "Name": "642.85", "P.K.": null, "Al.Dist. Izq.": 65, "Al.Dist. Der.": 35, "Ruta": 7 }, "geometry": { "type": "Point", "coordinates": [ -65.0019964, -33.9100718 ] } },
{ "type": "Feature", "properties": { "Name": "642.91", "P.K.": null, "Al.Dist. Izq.": 65, "Al.Dist. Der.": 35, "Ruta": 7 }, "geometry": { "type": "Point", "coordinates": [ -65.0025814, -33.9101829 ] } },
{ "type": "Feature", "properties": { "Name": "642.94", "P.K.": null, "Al.Dist. Izq.": 65, "Al.Dist. Der.": 35, "Ruta": 7 }, "geometry": { "type": "Point", "coordinates": [ -65.0029992, -33.9103309 ] } },
{ "type": "Feature", "properties": { "Name": "643", "P.K.": "PK643", "Al.Dist. Izq.": 65, "Al.Dist. Der.": 35, "Ruta": 7 }, "geometry": { "type": "Point", "coordinates": [ -65.0036443, -33.9102385 ] } },
{ "type": "Feature", "properties": { "Name": "643.06", "P.K.": null, "Al.Dist. Izq.": 65, "Al.Dist. Der.": 35, "Ruta": 7 }, "geometry": { "type": "Point", "coordinates": [ -65.004295, -33.9102958 ] } },
{ "type": "Feature", "properties": { "Name": "643.48", "P.K.": null, "Al.Dist. Izq.": 65, "Al.Dist. Der.": 35, "Ruta": 7 }, "geometry": { "type": "Point", "coordinates": [ -65.0087357, -33.9100831 ] } },
{ "type": "Feature", "properties": { "Name": "643.84", "P.K.": null, "Al.Dist. Izq.": 65, "Al.Dist. Der.": 35, "Ruta": 7 }, "geometry": { "type": "Point", "coordinates": [ -65.0125951, -33.9093768 ] } },
{ "type": "Feature", "properties": { "Name": "644", "P.K.": "PK644", "Al.Dist. Izq.": 65, "Al.Dist. Der.": 35, "Ruta": 7 }, "geometry": { "type": "Point", "coordinates": [ -65.0142524, -33.9089561 ] } },
{ "type": "Feature", "properties": { "Name": "644.41", "P.K.": null, "Al.Dist. Izq.": 65, "Al.Dist. Der.": 35, "Ruta": 7 }, "geometry": { "type": "Point", "coordinates": [ -65.0185265, -33.908 ] } },
{ "type": "Feature", "properties": { "Name": "644.48", "P.K.": null, "Al.Dist. Izq.": 65, "Al.Dist. Der.": 35, "Ruta": 7 }, "geometry": { "type": "Point", "coordinates": [ -65.0192665, -33.9078731 ] } },
{ "type": "Feature", "properties": { "Name": "644.56", "P.K.": null, "Al.Dist. Izq.": 65, "Al.Dist. Der.": 35, "Ruta": 7 }, "geometry": { "type": "Point", "coordinates": [ -65.0199541, -33.9075097 ] } },
{ "type": "Feature", "properties": { "Name": "644.64", "P.K.": null, "Al.Dist. Izq.": 65, "Al.Dist. Der.": 35, "Ruta": 7 }, "geometry": { "type": "Point", "coordinates": [ -65.0207702, -33.9073135 ] } },
{ "type": "Feature", "properties": { "Name": "644.74", "P.K.": null, "Al.Dist. Izq.": 65, "Al.Dist. Der.": 35, "Ruta": 7 }, "geometry": { "type": "Point", "coordinates": [ -65.0217398, -33.907038 ] } },
{ "type": "Feature", "properties": { "Name": "644.86", "P.K.": null, "Al.Dist. Izq.": 65, "Al.Dist. Der.": 35, "Ruta": 7 }, "geometry": { "type": "Point", "coordinates": [ -65.0230903, -33.9067712 ] } },
{ "type": "Feature", "properties": { "Name": "644.87", "P.K.": null, "Al.Dist. Izq.": 65, "Al.Dist. Der.": 35, "Ruta": 7 }, "geometry": { "type": "Point", "coordinates": [ -65.0231366, -33.906794 ] } },
{ "type": "Feature", "properties": { "Name": "644.9", "P.K.": null, "Al.Dist. Izq.": 65, "Al.Dist. Der.": 35, "Ruta": 7 }, "geometry": { "type": "Point", "coordinates": [ -65.0234085, -33.9066298 ] } },
{ "type": "Feature", "properties": { "Name": "644.95", "P.K.": null, "Al.Dist. Izq.": 65, "Al.Dist. Der.": 35, "Ruta": 7 }, "geometry": { "type": "Point", "coordinates": [ -65.0240267, -33.9066401 ] } },
{ "type": "Feature", "properties": { "Name": "645", "P.K.": "PK645", "Al.Dist. Izq.": 65, "Al.Dist. Der.": 35, "Ruta": 7 }, "geometry": { "type": "Point", "coordinates": [ -65.0245226, -33.9064044 ] } },
{ "type": "Feature", "properties": { "Name": "645.06", "P.K.": null, "Al.Dist. Izq.": 65, "Al.Dist. Der.": 35, "Ruta": 7 }, "geometry": { "type": "Point", "coordinates": [ -65.0250933, -33.9062971 ] } },
{ "type": "Feature", "properties": { "Name": "645.11", "P.K.": null, "Al.Dist. Izq.": 65, "Al.Dist. Der.": 35, "Ruta": 7 }, "geometry": { "type": "Point", "coordinates": [ -65.0256364, -33.9062338 ] } },
{ "type": "Feature", "properties": { "Name": "645.19", "P.K.": null, "Al.Dist. Izq.": 65, "Al.Dist. Der.": 35, "Ruta": 7 }, "geometry": { "type": "Point", "coordinates": [ -65.0264135, -33.9059194 ] } },
{ "type": "Feature", "properties": { "Name": "645.51", "P.K.": null, "Al.Dist. Izq.": 65, "Al.Dist. Der.": 35, "Ruta": 7 }, "geometry": { "type": "Point", "coordinates": [ -65.0296781, -33.9053726 ] } },
{ "type": "Feature", "properties": { "Name": "645.6", "P.K.": null, "Al.Dist. Izq.": 65, "Al.Dist. Der.": 35, "Ruta": 7 }, "geometry": { "type": "Point", "coordinates": [ -65.0306705, -33.905086 ] } },
{ "type": "Feature", "properties": { "Name": "646", "P.K.": "PK646", "Al.Dist. Izq.": 65, "Al.Dist. Der.": 35, "Ruta": 7 }, "geometry": { "type": "Point", "coordinates": [ -65.0346315, -33.9039504 ] } },
{ "type": "Feature", "properties": { "Name": "646.05", "P.K.": null, "Al.Dist. Izq.": 65, "Al.Dist. Der.": 35, "Ruta": 7 }, "geometry": { "type": "Point", "coordinates": [ -65.0352326, -33.9038101 ] } },
{ "type": "Feature", "properties": { "Name": "646.68", "P.K.": null, "Al.Dist. Izq.": 65, "Al.Dist. Der.": 35, "Ruta": 7 }, "geometry": { "type": "Point", "coordinates": [ -65.0418218, -33.9023169 ] } },
{ "type": "Feature", "properties": { "Name": "647", "P.K.": "PK647", "Al.Dist. Izq.": 65, "Al.Dist. Der.": 35, "Ruta": 7 }, "geometry": { "type": "Point", "coordinates": [ -65.0452463, -33.9014292 ] } },
{ "type": "Feature", "properties": { "Name": "647.07", "P.K.": null, "Al.Dist. Izq.": 65, "Al.Dist. Der.": 35, "Ruta": 7 }, "geometry": { "type": "Point", "coordinates": [ -65.0460124, -33.9012386 ] } },
{ "type": "Feature", "properties": { "Name": "647.4", "P.K.": null, "Al.Dist. Izq.": 65, "Al.Dist. Der.": 35, "Ruta": 7 }, "geometry": { "type": "Point", "coordinates": [ -65.0495952, -33.9006414 ] } },
{ "type": "Feature", "properties": { "Name": "647.67", "P.K.": null, "Al.Dist. Izq.": 65, "Al.Dist. Der.": 35, "Ruta": 7 }, "geometry": { "type": "Point", "coordinates": [ -65.0523978, -33.899762 ] } },
{ "type": "Feature", "properties": { "Name": "648", "P.K.": "PK648", "Al.Dist. Izq.": 65, "Al.Dist. Der.": 35, "Ruta": 7 }, "geometry": { "type": "Point", "coordinates": [ -65.0559457, -33.8989419 ] } },
{ "type": "Feature", "properties": { "Name": "648.09", "P.K.": null, "Al.Dist. Izq.": 65, "Al.Dist. Der.": 35, "Ruta": 7 }, "geometry": { "type": "Point", "coordinates": [ -65.0569206, -33.8986369 ] } },
{ "type": "Feature", "properties": { "Name": "648.32", "P.K.": null, "Al.Dist. Izq.": 65, "Al.Dist. Der.": 35, "Ruta": 7 }, "geometry": { "type": "Point", "coordinates": [ -65.0593286, -33.8982646 ] } },
{ "type": "Feature", "properties": { "Name": "648.71", "P.K.": null, "Al.Dist. Izq.": 65, "Al.Dist. Der.": 35, "Ruta": 7 }, "geometry": { "type": "Point", "coordinates": [ -65.0634076, -33.8971152 ] } },
{ "type": "Feature", "properties": { "Name": "649", "P.K.": "PK649", "Al.Dist. Izq.": 65, "Al.Dist. Der.": 35, "Ruta": 7 }, "geometry": { "type": "Point", "coordinates": [ -65.066408, -33.8964195 ] } },
{ "type": "Feature", "properties": { "Name": "649.03", "P.K.": null, "Al.Dist. Izq.": 65, "Al.Dist. Der.": 35, "Ruta": 7 }, "geometry": { "type": "Point", "coordinates": [ -65.0667127, -33.8962751 ] } },
{ "type": "Feature", "properties": { "Name": "649.31", "P.K.": null, "Al.Dist. Izq.": 65, "Al.Dist. Der.": 35, "Ruta": 7 }, "geometry": { "type": "Point", "coordinates": [ -65.069694, -33.8956937 ] } },
{ "type": "Feature", "properties": { "Name": "649.8", "P.K.": null, "Al.Dist. Izq.": 65, "Al.Dist. Der.": 35, "Ruta": 7 }, "geometry": { "type": "Point", "coordinates": [ -65.0749967, -33.8943653 ] } },
{ "type": "Feature", "properties": { "Name": "650", "P.K.": "PK650", "Al.Dist. Izq.": 65, "Al.Dist. Der.": 35, "Ruta": 7 }, "geometry": { "type": "Point", "coordinates": [ -65.0772193, -33.8938828 ] } },
{ "type": "Feature", "properties": { "Name": "650.26", "P.K.": null, "Al.Dist. Izq.": 65, "Al.Dist. Der.": 35, "Ruta": 7 }, "geometry": { "type": "Point", "coordinates": [ -65.0797288, -33.8933348 ] } },
{ "type": "Feature", "properties": { "Name": "650.28", "P.K.": null, "Al.Dist. Izq.": 65, "Al.Dist. Der.": 35, "Ruta": 7 }, "geometry": { "type": "Point", "coordinates": [ -65.0799095, -33.8931987 ] } },
{ "type": "Feature", "properties": { "Name": "650.61", "P.K.": null, "Al.Dist. Izq.": 65, "Al.Dist. Der.": 35, "Ruta": 7 }, "geometry": { "type": "Point", "coordinates": [ -65.08315, -33.8924707 ] } },
{ "type": "Feature", "properties": { "Name": "650.96", "P.K.": null, "Al.Dist. Izq.": 65, "Al.Dist. Der.": 35, "Ruta": 7 }, "geometry": { "type": "Point", "coordinates": [ -65.0865852, -33.8915973 ] } },
{ "type": "Feature", "properties": { "Name": "651", "P.K.": "PK651", "Al.Dist. Izq.": 65, "Al.Dist. Der.": 35, "Ruta": 7 }, "geometry": { "type": "Point", "coordinates": [ -65.0869617, -33.8914843 ] } },
{ "type": "Feature", "properties": { "Name": "651.37", "P.K.": null, "Al.Dist. Izq.": 65, "Al.Dist. Der.": 35, "Ruta": 7 }, "geometry": { "type": "Point", "coordinates": [ -65.0908667, -33.8905812 ] } },
{ "type": "Feature", "properties": { "Name": "651.64", "P.K.": null, "Al.Dist. Izq.": 65, "Al.Dist. Der.": 35, "Ruta": 7 }, "geometry": { "type": "Point", "coordinates": [ -65.0937753, -33.8898689 ] } },
{ "type": "Feature", "properties": { "Name": "651.75", "P.K.": null, "Al.Dist. Izq.": 65, "Al.Dist. Der.": 35, "Ruta": 7 }, "geometry": { "type": "Point", "coordinates": [ -65.0949272, -33.8895947 ] } },
{ "type": "Feature", "properties": { "Name": "651.79", "P.K.": null, "Al.Dist. Izq.": 65, "Al.Dist. Der.": 35, "Ruta": 7 }, "geometry": { "type": "Point", "coordinates": [ -65.0954124, -33.8896247 ] } },
{ "type": "Feature", "properties": { "Name": "652", "P.K.": "PK652", "Al.Dist. Izq.": 65, "Al.Dist. Der.": 35, "Ruta": 7 }, "geometry": { "type": "Point", "coordinates": [ -65.0977174, -33.8890132 ] } },
{ "type": "Feature", "properties": { "Name": "652.1", "P.K.": null, "Al.Dist. Izq.": 65, "Al.Dist. Der.": 35, "Ruta": 7 }, "geometry": { "type": "Point", "coordinates": [ -65.0987708, -33.8887855 ] } },
{ "type": "Feature", "properties": { "Name": "652.67", "P.K.": null, "Al.Dist. Izq.": 65, "Al.Dist. Der.": 35, "Ruta": 7 }, "geometry": { "type": "Point", "coordinates": [ -65.1038261, -33.8856752 ] } },
{ "type": "Feature", "properties": { "Name": "652.72", "P.K.": null, "Al.Dist. Izq.": 65, "Al.Dist. Der.": 35, "Ruta": 7 }, "geometry": { "type": "Point", "coordinates": [ -65.1041144, -33.8853048 ] } },
{ "type": "Feature", "properties": { "Name": "652.91", "P.K.": null, "Al.Dist. Izq.": 65, "Al.Dist. Der.": 35, "Ruta": 7 }, "geometry": { "type": "Point", "coordinates": [ -65.10541, -33.8838447 ] } },
{ "type": "Feature", "properties": { "Name": "652.96", "P.K.": null, "Al.Dist. Izq.": 65, "Al.Dist. Der.": 35, "Ruta": 7 }, "geometry": { "type": "Point", "coordinates": [ -65.1057643, -33.8834525 ] } },
{ "type": "Feature", "properties": { "Name": "652.99", "P.K.": null, "Al.Dist. Izq.": 65, "Al.Dist. Der.": 35, "Ruta": 7 }, "geometry": { "type": "Point", "coordinates": [ -65.1059548, -33.8833139 ] } },
{ "type": "Feature", "properties": { "Name": "652.99", "P.K.": null, "Al.Dist. Izq.": 65, "Al.Dist. Der.": 35, "Ruta": 7 }, "geometry": { "type": "Point", "coordinates": [ -65.1057735, -33.8831731 ] } },
{ "type": "Feature", "properties": { "Name": "653", "P.K.": "PK653", "Al.Dist. Izq.": 65, "Al.Dist. Der.": 35, "Ruta": 7 }, "geometry": { "type": "Point", "coordinates": [ -65.1057992, -33.8830842 ] } },
{ "type": "Feature", "properties": { "Name": "653.16", "P.K.": null, "Al.Dist. Izq.": 65, "Al.Dist. Der.": 35, "Ruta": 7 }, "geometry": { "type": "Point", "coordinates": [ -65.1069345, -33.8819096 ] } },
{ "type": "Feature", "properties": { "Name": "653.18", "P.K.": null, "Al.Dist. Izq.": 65, "Al.Dist. Der.": 35, "Ruta": 7 }, "geometry": { "type": "Point", "coordinates": [ -65.10691, -33.881641 ] } },
{ "type": "Feature", "properties": { "Name": "653.58", "P.K.": null, "Al.Dist. Izq.": 65, "Al.Dist. Der.": 35, "Ruta": 7 }, "geometry": { "type": "Point", "coordinates": [ -65.1094489, -33.8785455 ] } },
{ "type": "Feature", "properties": { "Name": "653.61", "P.K.": null, "Al.Dist. Izq.": 65, "Al.Dist. Der.": 35, "Ruta": 7 }, "geometry": { "type": "Point", "coordinates": [ -65.1096562, -33.8783671 ] } },
{ "type": "Feature", "properties": { "Name": "653.86", "P.K.": null, "Al.Dist. Izq.": 65, "Al.Dist. Der.": 35, "Ruta": 7 }, "geometry": { "type": "Point", "coordinates": [ -65.1112766, -33.8764623 ] } },
{ "type": "Feature", "properties": { "Name": "653.9", "P.K.": null, "Al.Dist. Izq.": 65, "Al.Dist. Der.": 35, "Ruta": 7 }, "geometry": { "type": "Point", "coordinates": [ -65.1115368, -33.8761681 ] } },
{ "type": "Feature", "properties": { "Name": "653.94", "P.K.": null, "Al.Dist. Izq.": 65, "Al.Dist. Der.": 35, "Ruta": 7 }, "geometry": { "type": "Point", "coordinates": [ -65.1117279, -33.8757845 ] } }
]
}
