{
"type": "FeatureCollection",
"name": "MOJONES RN 1V09",
"crs": { "type": "name", "properties": { "name": "urn:ogc:def:crs:OGC:1.3:CRS84" } },
"features": [
{ "type": "Feature", "properties": { "Name": "419.15", "P.K.": null, "Al.Dist. Izq.": null, "Al.Dist. Der.": null, "Ruta": "1V09" }, "geometry": { "type": "Point", "coordinates": [ -61.8380556, -32.7338684 ] } },
{ "type": "Feature", "properties": { "Name": "419.17", "P.K.": null, "Al.Dist. Izq.": null, "Al.Dist. Der.": null, "Ruta": "1V09" }, "geometry": { "type": "Point", "coordinates": [ -61.83816715, -32.73393738 ] } },
{ "type": "Feature", "properties": { "Name": "419.17", "P.K.": null, "Al.Dist. Izq.": null, "Al.Dist. Der.": null, "Ruta": "1V09" }, "geometry": { "type": "Point", "coordinates": [ -61.83816715, -32.73393738 ] } },
{ "type": "Feature", "properties": { "Name": "419.24", "P.K.": null, "Al.Dist. Izq.": null, "Al.Dist. Der.": null, "Ruta": "1V09" }, "geometry": { "type": "Point", "coordinates": [ -61.83853973, -32.73426836 ] } },
{ "type": "Feature", "properties": { "Name": "419.24", "P.K.": null, "Al.Dist. Izq.": 35, "Al.Dist. Der.": 15, "Ruta": "1V09" }, "geometry": { "type": "Point", "coordinates": [ -61.83853973, -32.73426836 ] } },
{ "type": "Feature", "properties": { "Name": "419.4", "P.K.": null, "Al.Dist. Izq.": 35, "Al.Dist. Der.": 15, "Ruta": "1V09" }, "geometry": { "type": "Point", "coordinates": [ -61.83951383, -32.73462979 ] } },
{ "type": "Feature", "properties": { "Name": "419.51", "P.K.": null, "Al.Dist. Izq.": 35, "Al.Dist. Der.": 15, "Ruta": "1V09" }, "geometry": { "type": "Point", "coordinates": [ -61.84019415, -32.7348367 ] } },
{ "type": "Feature", "properties": { "Name": "419.64", "P.K.": null, "Al.Dist. Izq.": 35, "Al.Dist. Der.": 15, "Ruta": "1V09" }, "geometry": { "type": "Point", "coordinates": [ -61.84107207, -32.73499995 ] } },
{ "type": "Feature", "properties": { "Name": "420", "P.K.": "PK420", "Al.Dist. Izq.": 35, "Al.Dist. Der.": 15, "Ruta": "1V09" }, "geometry": { "type": "Point", "coordinates": [ -61.84328724, -32.73399846 ] } },
{ "type": "Feature", "properties": { "Name": "420.08", "P.K.": null, "Al.Dist. Izq.": 35, "Al.Dist. Der.": 15, "Ruta": "1V09" }, "geometry": { "type": "Point", "coordinates": [ -61.84376945, -32.73343923 ] } },
{ "type": "Feature", "properties": { "Name": "420.19", "P.K.": null, "Al.Dist. Izq.": 35, "Al.Dist. Der.": 15, "Ruta": "1V09" }, "geometry": { "type": "Point", "coordinates": [ -61.84456799, -32.73271324 ] } },
{ "type": "Feature", "properties": { "Name": "420.24", "P.K.": null, "Al.Dist. Izq.": 35, "Al.Dist. Der.": 15, "Ruta": "1V09" }, "geometry": { "type": "Point", "coordinates": [ -61.84497703, -32.73249297 ] } },
{ "type": "Feature", "properties": { "Name": "420.41", "P.K.": null, "Al.Dist. Izq.": 35, "Al.Dist. Der.": 15, "Ruta": "1V09" }, "geometry": { "type": "Point", "coordinates": [ -61.84678383, -32.73206653 ] } },
{ "type": "Feature", "properties": { "Name": "420.5", "P.K.": null, "Al.Dist. Izq.": 35, "Al.Dist. Der.": 15, "Ruta": "1V09" }, "geometry": { "type": "Point", "coordinates": [ -61.84767868, -32.73198784 ] } },
{ "type": "Feature", "properties": { "Name": "420.66", "P.K.": null, "Al.Dist. Izq.": 35, "Al.Dist. Der.": 15, "Ruta": "1V09" }, "geometry": { "type": "Point", "coordinates": [ -61.84940549, -32.73161525 ] } },
{ "type": "Feature", "properties": { "Name": "420.77", "P.K.": null, "Al.Dist. Izq.": 35, "Al.Dist. Der.": 15, "Ruta": "1V09" }, "geometry": { "type": "Point", "coordinates": [ -61.85053959, -32.73143166 ] } },
{ "type": "Feature", "properties": { "Name": "420.99", "P.K.": null, "Al.Dist. Izq.": 35, "Al.Dist. Der.": 15, "Ruta": "1V09" }, "geometry": { "type": "Point", "coordinates": [ -61.85284093, -32.73102214 ] } },
{ "type": "Feature", "properties": { "Name": "421", "P.K.": null, "Al.Dist. Izq.": 35, "Al.Dist. Der.": 15, "Ruta": "1V09" }, "geometry": { "type": "Point", "coordinates": [ -61.85297102, -32.73099422 ] } },
{ "type": "Feature", "properties": { "Name": "421.23", "P.K.": null, "Al.Dist. Izq.": 35, "Al.Dist. Der.": 15, "Ruta": "1V09" }, "geometry": { "type": "Point", "coordinates": [ -61.85538299, -32.73068679 ] } },
{ "type": "Feature", "properties": { "Name": "421.26", "P.K.": null, "Al.Dist. Izq.": 35, "Al.Dist. Der.": 15, "Ruta": "1V09" }, "geometry": { "type": "Point", "coordinates": [ -61.85568642, -32.73064674 ] } },
{ "type": "Feature", "properties": { "Name": "421.28", "P.K.": null, "Al.Dist. Izq.": 35, "Al.Dist. Der.": 15, "Ruta": "1V09" }, "geometry": { "type": "Point", "coordinates": [ -61.85585305, -32.73063377 ] } },
{ "type": "Feature", "properties": { "Name": "421.28", "P.K.": null, "Al.Dist. Izq.": 35, "Al.Dist. Der.": 15, "Ruta": "1V09" }, "geometry": { "type": "Point", "coordinates": [ -61.85585305, -32.73063377 ] } },
{ "type": "Feature", "properties": { "Name": "421.5", "P.K.": null, "Al.Dist. Izq.": 35, "Al.Dist. Der.": 15, "Ruta": "1V09" }, "geometry": { "type": "Point", "coordinates": [ -61.85814366, -32.73007053 ] } },
{ "type": "Feature", "properties": { "Name": "421.62", "P.K.": null, "Al.Dist. Izq.": 35, "Al.Dist. Der.": 15, "Ruta": "1V09" }, "geometry": { "type": "Point", "coordinates": [ -61.8594, -32.7299 ] } },
{ "type": "Feature", "properties": { "Name": "421.64", "P.K.": null, "Al.Dist. Izq.": 35, "Al.Dist. Der.": 15, "Ruta": "1V09" }, "geometry": { "type": "Point", "coordinates": [ -61.85964, -32.72984 ] } },
{ "type": "Feature", "properties": { "Name": "421.76", "P.K.": null, "Al.Dist. Izq.": 35, "Al.Dist. Der.": 15, "Ruta": "1V09" }, "geometry": { "type": "Point", "coordinates": [ -61.86087146, -32.72974646 ] } },
{ "type": "Feature", "properties": { "Name": "421.79", "P.K.": null, "Al.Dist. Izq.": 35, "Al.Dist. Der.": 15, "Ruta": "1V09" }, "geometry": { "type": "Point", "coordinates": [ -61.86118897, -32.72953323 ] } },
{ "type": "Feature", "properties": { "Name": "422.07", "P.K.": null, "Al.Dist. Izq.": 35, "Al.Dist. Der.": 15, "Ruta": "1V09" }, "geometry": { "type": "Point", "coordinates": [ -61.86416253, -32.72915783 ] } },
{ "type": "Feature", "properties": { "Name": "422.16", "P.K.": null, "Al.Dist. Izq.": 35, "Al.Dist. Der.": 15, "Ruta": "1V09" }, "geometry": { "type": "Point", "coordinates": [ -61.86509125, -32.7290405 ] } },
{ "type": "Feature", "properties": { "Name": "422.17", "P.K.": null, "Al.Dist. Izq.": 35, "Al.Dist. Der.": 15, "Ruta": "1V09" }, "geometry": { "type": "Point", "coordinates": [ -61.86513193, -32.72886229 ] } },
{ "type": "Feature", "properties": { "Name": "422.2", "P.K.": null, "Al.Dist. Izq.": 35, "Al.Dist. Der.": 15, "Ruta": "1V09" }, "geometry": { "type": "Point", "coordinates": [ -61.8655251, -32.72888989 ] } },
{ "type": "Feature", "properties": { "Name": "422.32", "P.K.": null, "Al.Dist. Izq.": 35, "Al.Dist. Der.": 15, "Ruta": "1V09" }, "geometry": { "type": "Point", "coordinates": [ -61.86666602, -32.72858746 ] } },
{ "type": "Feature", "properties": { "Name": "422.54", "P.K.": null, "Al.Dist. Izq.": 35, "Al.Dist. Der.": 15, "Ruta": "1V09" }, "geometry": { "type": "Point", "coordinates": [ -61.86904114, -32.72818505 ] } },
{ "type": "Feature", "properties": { "Name": "422.55", "P.K.": null, "Al.Dist. Izq.": 35, "Al.Dist. Der.": 15, "Ruta": "1V09" }, "geometry": { "type": "Point", "coordinates": [ -61.86910786, -32.72827982 ] } },
{ "type": "Feature", "properties": { "Name": "422.89", "P.K.": null, "Al.Dist. Izq.": 35, "Al.Dist. Der.": 15, "Ruta": "1V09" }, "geometry": { "type": "Point", "coordinates": [ -61.87270259, -32.72753143 ] } },
{ "type": "Feature", "properties": { "Name": "423.19", "P.K.": null, "Al.Dist. Izq.": 35, "Al.Dist. Der.": 15, "Ruta": "1V09" }, "geometry": { "type": "Point", "coordinates": [ -61.87578, -32.72705 ] } },
{ "type": "Feature", "properties": { "Name": "423.72", "P.K.": null, "Al.Dist. Izq.": 35, "Al.Dist. Der.": 15, "Ruta": "1V09" }, "geometry": { "type": "Point", "coordinates": [ -61.88134275, -32.72604568 ] } },
{ "type": "Feature", "properties": { "Name": "424.21", "P.K.": null, "Al.Dist. Izq.": 35, "Al.Dist. Der.": 15, "Ruta": "1V09" }, "geometry": { "type": "Point", "coordinates": [ -61.88646778, -32.72531741 ] } },
{ "type": "Feature", "properties": { "Name": "424.23", "P.K.": null, "Al.Dist. Izq.": 35, "Al.Dist. Der.": 15, "Ruta": "1V09" }, "geometry": { "type": "Point", "coordinates": [ -61.8866257, -32.72516002 ] } },
{ "type": "Feature", "properties": { "Name": "424.24", "P.K.": null, "Al.Dist. Izq.": 35, "Al.Dist. Der.": 15, "Ruta": "1V09" }, "geometry": { "type": "Point", "coordinates": [ -61.88676, -32.72512 ] } },
{ "type": "Feature", "properties": { "Name": "424.35", "P.K.": null, "Al.Dist. Izq.": 35, "Al.Dist. Der.": 15, "Ruta": "1V09" }, "geometry": { "type": "Point", "coordinates": [ -61.88792724, -32.72499191 ] } },
{ "type": "Feature", "properties": { "Name": "425.12", "P.K.": null, "Al.Dist. Izq.": 35, "Al.Dist. Der.": 15, "Ruta": "1V09" }, "geometry": { "type": "Point", "coordinates": [ -61.89596569, -32.72349356 ] } },
{ "type": "Feature", "properties": { "Name": "425.22", "P.K.": null, "Al.Dist. Izq.": 35, "Al.Dist. Der.": 15, "Ruta": "1V09" }, "geometry": { "type": "Point", "coordinates": [ -61.89702275, -32.72332069 ] } },
{ "type": "Feature", "properties": { "Name": "425.3", "P.K.": null, "Al.Dist. Izq.": 35, "Al.Dist. Der.": 15, "Ruta": "1V09" }, "geometry": { "type": "Point", "coordinates": [ -61.89780154, -32.72317219 ] } },
{ "type": "Feature", "properties": { "Name": "425.36", "P.K.": null, "Al.Dist. Izq.": 35, "Al.Dist. Der.": 15, "Ruta": "1V09" }, "geometry": { "type": "Point", "coordinates": [ -61.89844117, -32.72301127 ] } },
{ "type": "Feature", "properties": { "Name": "425.47", "P.K.": null, "Al.Dist. Izq.": 35, "Al.Dist. Der.": 15, "Ruta": "1V09" }, "geometry": { "type": "Point", "coordinates": [ -61.89960323, -32.72291508 ] } },
{ "type": "Feature", "properties": { "Name": "425.48", "P.K.": null, "Al.Dist. Izq.": 35, "Al.Dist. Der.": 15, "Ruta": "1V09" }, "geometry": { "type": "Point", "coordinates": [ -61.89972192, -32.72279605 ] } },
{ "type": "Feature", "properties": { "Name": "425.49", "P.K.": null, "Al.Dist. Izq.": 35, "Al.Dist. Der.": 15, "Ruta": "1V09" }, "geometry": { "type": "Point", "coordinates": [ -61.89983, -32.72287 ] } },
{ "type": "Feature", "properties": { "Name": "425.65", "P.K.": null, "Al.Dist. Izq.": 35, "Al.Dist. Der.": 15, "Ruta": "1V09" }, "geometry": { "type": "Point", "coordinates": [ -61.90152369, -32.72262512 ] } },
{ "type": "Feature", "properties": { "Name": "425.94", "P.K.": null, "Al.Dist. Izq.": 35, "Al.Dist. Der.": 15, "Ruta": "1V09" }, "geometry": { "type": "Point", "coordinates": [ -61.90448988, -32.72180656 ] } },
{ "type": "Feature", "properties": { "Name": "426.1", "P.K.": null, "Al.Dist. Izq.": 35, "Al.Dist. Der.": 15, "Ruta": "1V09" }, "geometry": { "type": "Point", "coordinates": [ -61.90625746, -32.72183646 ] } },
{ "type": "Feature", "properties": { "Name": "426.1", "P.K.": null, "Al.Dist. Izq.": 35, "Al.Dist. Der.": 15, "Ruta": "1V09" }, "geometry": { "type": "Point", "coordinates": [ -61.90625746, -32.72183646 ] } },
{ "type": "Feature", "properties": { "Name": "426.11", "P.K.": null, "Al.Dist. Izq.": 35, "Al.Dist. Der.": 15, "Ruta": "1V09" }, "geometry": { "type": "Point", "coordinates": [ -61.90636039, -32.72184746 ] } },
{ "type": "Feature", "properties": { "Name": "426.13", "P.K.": null, "Al.Dist. Izq.": 35, "Al.Dist. Der.": 15, "Ruta": "1V09" }, "geometry": { "type": "Point", "coordinates": [ -61.90659408, -32.7219112 ] } },
{ "type": "Feature", "properties": { "Name": "426.18", "P.K.": null, "Al.Dist. Izq.": 35, "Al.Dist. Der.": 15, "Ruta": "1V09" }, "geometry": { "type": "Point", "coordinates": [ -61.90706883, -32.72172532 ] } },
{ "type": "Feature", "properties": { "Name": "426.22", "P.K.": null, "Al.Dist. Izq.": 35, "Al.Dist. Der.": 15, "Ruta": "1V09" }, "geometry": { "type": "Point", "coordinates": [ -61.90747149, -32.72167906 ] } },
{ "type": "Feature", "properties": { "Name": "426.26", "P.K.": null, "Al.Dist. Izq.": 35, "Al.Dist. Der.": 15, "Ruta": "1V09" }, "geometry": { "type": "Point", "coordinates": [ -61.90788757, -32.72157385 ] } },
{ "type": "Feature", "properties": { "Name": "426.33", "P.K.": null, "Al.Dist. Izq.": 35, "Al.Dist. Der.": 15, "Ruta": "1V09" }, "geometry": { "type": "Point", "coordinates": [ -61.90864295, -32.72142689 ] } },
{ "type": "Feature", "properties": { "Name": "426.36", "P.K.": null, "Al.Dist. Izq.": 35, "Al.Dist. Der.": 15, "Ruta": "1V09" }, "geometry": { "type": "Point", "coordinates": [ -61.90892022, -32.72136483 ] } },
{ "type": "Feature", "properties": { "Name": "426.37", "P.K.": null, "Al.Dist. Izq.": 35, "Al.Dist. Der.": 15, "Ruta": "1V09" }, "geometry": { "type": "Point", "coordinates": [ -61.90908048, -32.72133635 ] } },
{ "type": "Feature", "properties": { "Name": "426.41", "P.K.": null, "Al.Dist. Izq.": 35, "Al.Dist. Der.": 15, "Ruta": "1V09" }, "geometry": { "type": "Point", "coordinates": [ -61.9094285, -32.72127485 ] } },
{ "type": "Feature", "properties": { "Name": "426.43", "P.K.": null, "Al.Dist. Izq.": 35, "Al.Dist. Der.": 15, "Ruta": "1V09" }, "geometry": { "type": "Point", "coordinates": [ -61.90964106, -32.72124044 ] } },
{ "type": "Feature", "properties": { "Name": "426.44", "P.K.": null, "Al.Dist. Izq.": 35, "Al.Dist. Der.": 15, "Ruta": "1V09" }, "geometry": { "type": "Point", "coordinates": [ -61.90976478, -32.72122211 ] } },
{ "type": "Feature", "properties": { "Name": "426.46", "P.K.": null, "Al.Dist. Izq.": 35, "Al.Dist. Der.": 15, "Ruta": "1V09" }, "geometry": { "type": "Point", "coordinates": [ -61.9099988, -32.72117613 ] } },
{ "type": "Feature", "properties": { "Name": "426.47", "P.K.": null, "Al.Dist. Izq.": 35, "Al.Dist. Der.": 15, "Ruta": "1V09" }, "geometry": { "type": "Point", "coordinates": [ -61.91006955, -32.7210475 ] } },
{ "type": "Feature", "properties": { "Name": "426.5", "P.K.": null, "Al.Dist. Izq.": 35, "Al.Dist. Der.": 15, "Ruta": "1V09" }, "geometry": { "type": "Point", "coordinates": [ -61.91037163, -32.72112846 ] } },
{ "type": "Feature", "properties": { "Name": "426.51", "P.K.": null, "Al.Dist. Izq.": 35, "Al.Dist. Der.": 15, "Ruta": "1V09" }, "geometry": { "type": "Point", "coordinates": [ -61.91045914, -32.72095104 ] } },
{ "type": "Feature", "properties": { "Name": "426.53", "P.K.": null, "Al.Dist. Izq.": 35, "Al.Dist. Der.": 15, "Ruta": "1V09" }, "geometry": { "type": "Point", "coordinates": [ -61.91072602, -32.72101817 ] } },
{ "type": "Feature", "properties": { "Name": "426.54", "P.K.": null, "Al.Dist. Izq.": 35, "Al.Dist. Der.": 15, "Ruta": "1V09" }, "geometry": { "type": "Point", "coordinates": [ -61.91079652, -32.72090764 ] } },
{ "type": "Feature", "properties": { "Name": "426.56", "P.K.": null, "Al.Dist. Izq.": 35, "Al.Dist. Der.": 15, "Ruta": "1V09" }, "geometry": { "type": "Point", "coordinates": [ -61.91101335, -32.72100971 ] } },
{ "type": "Feature", "properties": { "Name": "426.59", "P.K.": null, "Al.Dist. Izq.": 35, "Al.Dist. Der.": 15, "Ruta": "1V09" }, "geometry": { "type": "Point", "coordinates": [ -61.91139992, -32.72094003 ] } },
{ "type": "Feature", "properties": { "Name": "426.66", "P.K.": null, "Al.Dist. Izq.": 35, "Al.Dist. Der.": 15, "Ruta": "1V09" }, "geometry": { "type": "Point", "coordinates": [ -61.91200322, -32.72069196 ] } },
{ "type": "Feature", "properties": { "Name": "426.68", "P.K.": null, "Al.Dist. Izq.": 35, "Al.Dist. Der.": 15, "Ruta": "1V09" }, "geometry": { "type": "Point", "coordinates": [ -61.91231892, -32.72077756 ] } },
{ "type": "Feature", "properties": { "Name": "426.71", "P.K.": null, "Al.Dist. Izq.": 35, "Al.Dist. Der.": 15, "Ruta": "1V09" }, "geometry": { "type": "Point", "coordinates": [ -61.91251606, -32.72054767 ] } },
{ "type": "Feature", "properties": { "Name": "426.72", "P.K.": null, "Al.Dist. Izq.": 35, "Al.Dist. Der.": 15, "Ruta": "1V09" }, "geometry": { "type": "Point", "coordinates": [ -61.91267509, -32.72056539 ] } },
{ "type": "Feature", "properties": { "Name": "426.77", "P.K.": null, "Al.Dist. Izq.": 35, "Al.Dist. Der.": 15, "Ruta": "1V09" }, "geometry": { "type": "Point", "coordinates": [ -61.91317, -32.72047 ] } },
{ "type": "Feature", "properties": { "Name": "426.78", "P.K.": null, "Al.Dist. Izq.": 35, "Al.Dist. Der.": 15, "Ruta": "1V09" }, "geometry": { "type": "Point", "coordinates": [ -61.91325031, -32.72038689 ] } },
{ "type": "Feature", "properties": { "Name": "426.79", "P.K.": null, "Al.Dist. Izq.": 35, "Al.Dist. Der.": 15, "Ruta": "1V09" }, "geometry": { "type": "Point", "coordinates": [ -61.91333771, -32.72034184 ] } },
{ "type": "Feature", "properties": { "Name": "426.8", "P.K.": null, "Al.Dist. Izq.": 35, "Al.Dist. Der.": 15, "Ruta": "1V09" }, "geometry": { "type": "Point", "coordinates": [ -61.91348467, -32.72027406 ] } },
{ "type": "Feature", "properties": { "Name": "426.82", "P.K.": null, "Al.Dist. Izq.": 35, "Al.Dist. Der.": 15, "Ruta": "1V09" }, "geometry": { "type": "Point", "coordinates": [ -61.91370662, -32.72020664 ] } },
{ "type": "Feature", "properties": { "Name": "426.86", "P.K.": null, "Al.Dist. Izq.": 35, "Al.Dist. Der.": 15, "Ruta": "1V09" }, "geometry": { "type": "Point", "coordinates": [ -61.91403452, -32.72010594 ] } },
{ "type": "Feature", "properties": { "Name": "426.86", "P.K.": null, "Al.Dist. Izq.": 35, "Al.Dist. Der.": 15, "Ruta": "1V09" }, "geometry": { "type": "Point", "coordinates": [ -61.91408481, -32.72015982 ] } },
{ "type": "Feature", "properties": { "Name": "426.87", "P.K.": null, "Al.Dist. Izq.": 35, "Al.Dist. Der.": 15, "Ruta": "1V09" }, "geometry": { "type": "Point", "coordinates": [ -61.91412706, -32.71994544 ] } },
{ "type": "Feature", "properties": { "Name": "426.92", "P.K.": null, "Al.Dist. Izq.": 35, "Al.Dist. Der.": 15, "Ruta": "1V09" }, "geometry": { "type": "Point", "coordinates": [ -61.91442, -32.71962 ] } },
{ "type": "Feature", "properties": { "Name": "426.99", "P.K.": null, "Al.Dist. Izq.": 35, "Al.Dist. Der.": 15, "Ruta": "1V09" }, "geometry": { "type": "Point", "coordinates": [ -61.91481337, -32.72013979 ] } },
{ "type": "Feature", "properties": { "Name": "427.01", "P.K.": null, "Al.Dist. Izq.": 35, "Al.Dist. Der.": 15, "Ruta": "1V09" }, "geometry": { "type": "Point", "coordinates": [ -61.91522207, -32.71990398 ] } },
{ "type": "Feature", "properties": { "Name": "427.02", "P.K.": null, "Al.Dist. Izq.": 35, "Al.Dist. Der.": 15, "Ruta": "1V09" }, "geometry": { "type": "Point", "coordinates": [ -61.91537093, -32.71981174 ] } },
{ "type": "Feature", "properties": { "Name": "427.03", "P.K.": null, "Al.Dist. Izq.": 35, "Al.Dist. Der.": 15, "Ruta": "1V09" }, "geometry": { "type": "Point", "coordinates": [ -61.91537227, -32.71989777 ] } },
{ "type": "Feature", "properties": { "Name": "427.03", "P.K.": null, "Al.Dist. Izq.": 35, "Al.Dist. Der.": 15, "Ruta": "1V09" }, "geometry": { "type": "Point", "coordinates": [ -61.91544838, -32.7198958 ] } },
{ "type": "Feature", "properties": { "Name": "427.08", "P.K.": null, "Al.Dist. Izq.": 35, "Al.Dist. Der.": 15, "Ruta": "1V09" }, "geometry": { "type": "Point", "coordinates": [ -61.91597879, -32.71998211 ] } },
{ "type": "Feature", "properties": { "Name": "427.09", "P.K.": null, "Al.Dist. Izq.": 35, "Al.Dist. Der.": 15, "Ruta": "1V09" }, "geometry": { "type": "Point", "coordinates": [ -61.91602204, -32.72010792 ] } },
{ "type": "Feature", "properties": { "Name": "427.14", "P.K.": null, "Al.Dist. Izq.": 35, "Al.Dist. Der.": 15, "Ruta": "1V09" }, "geometry": { "type": "Point", "coordinates": [ -61.91658664, -32.7200216 ] } },
{ "type": "Feature", "properties": { "Name": "427.17", "P.K.": null, "Al.Dist. Izq.": 35, "Al.Dist. Der.": 15, "Ruta": "1V09" }, "geometry": { "type": "Point", "coordinates": [ -61.91690113, -32.71990313 ] } },
{ "type": "Feature", "properties": { "Name": "427.19", "P.K.": null, "Al.Dist. Izq.": 35, "Al.Dist. Der.": 15, "Ruta": "1V09" }, "geometry": { "type": "Point", "coordinates": [ -61.91713583, -32.71993642 ] } },
{ "type": "Feature", "properties": { "Name": "427.23", "P.K.": null, "Al.Dist. Izq.": 35, "Al.Dist. Der.": 15, "Ruta": "1V09" }, "geometry": { "type": "Point", "coordinates": [ -61.91758309, -32.71985631 ] } },
{ "type": "Feature", "properties": { "Name": "427.26", "P.K.": null, "Al.Dist. Izq.": 35, "Al.Dist. Der.": 15, "Ruta": "1V09" }, "geometry": { "type": "Point", "coordinates": [ -61.91791534, -32.7197683 ] } },
{ "type": "Feature", "properties": { "Name": "427.35", "P.K.": null, "Al.Dist. Izq.": 35, "Al.Dist. Der.": 15, "Ruta": "1V09" }, "geometry": { "type": "Point", "coordinates": [ -61.91878606, -32.71962444 ] } },
{ "type": "Feature", "properties": { "Name": "427.48", "P.K.": null, "Al.Dist. Izq.": 35, "Al.Dist. Der.": 15, "Ruta": "1V09" }, "geometry": { "type": "Point", "coordinates": [ -61.92014191, -32.71937255 ] } },
{ "type": "Feature", "properties": { "Name": "427.63", "P.K.": null, "Al.Dist. Izq.": 35, "Al.Dist. Der.": 15, "Ruta": "1V09" }, "geometry": { "type": "Point", "coordinates": [ -61.92172873, -32.71898934 ] } },
{ "type": "Feature", "properties": { "Name": "427.63", "P.K.": null, "Al.Dist. Izq.": 35, "Al.Dist. Der.": 15, "Ruta": "1V09" }, "geometry": { "type": "Point", "coordinates": [ -61.92172873, -32.71898934 ] } },
{ "type": "Feature", "properties": { "Name": "427.65", "P.K.": null, "Al.Dist. Izq.": 35, "Al.Dist. Der.": 15, "Ruta": "1V09" }, "geometry": { "type": "Point", "coordinates": [ -61.92195509, -32.71905746 ] } },
{ "type": "Feature", "properties": { "Name": "427.67", "P.K.": null, "Al.Dist. Izq.": 35, "Al.Dist. Der.": 15, "Ruta": "1V09" }, "geometry": { "type": "Point", "coordinates": [ -61.92215256, -32.71905549 ] } },
{ "type": "Feature", "properties": { "Name": "427.76", "P.K.": null, "Al.Dist. Izq.": 35, "Al.Dist. Der.": 15, "Ruta": "1V09" }, "geometry": { "type": "Point", "coordinates": [ -61.92308675, -32.71873886 ] } },
{ "type": "Feature", "properties": { "Name": "428", "P.K.": "PK428", "Al.Dist. Izq.": 35, "Al.Dist. Der.": 15, "Ruta": "1V09" }, "geometry": { "type": "Point", "coordinates": [ -61.92560423, -32.71847159 ] } },
{ "type": "Feature", "properties": { "Name": "428.11", "P.K.": null, "Al.Dist. Izq.": 35, "Al.Dist. Der.": 15, "Ruta": "1V09" }, "geometry": { "type": "Point", "coordinates": [ -61.92675389, -32.71820417 ] } },
{ "type": "Feature", "properties": { "Name": "428.12", "P.K.": null, "Al.Dist. Izq.": 35, "Al.Dist. Der.": 15, "Ruta": "1V09" }, "geometry": { "type": "Point", "coordinates": [ -61.92686118, -32.71813986 ] } },
{ "type": "Feature", "properties": { "Name": "428.14", "P.K.": null, "Al.Dist. Izq.": 35, "Al.Dist. Der.": 15, "Ruta": "1V09" }, "geometry": { "type": "Point", "coordinates": [ -61.92702, -32.71811 ] } },
{ "type": "Feature", "properties": { "Name": "428.36", "P.K.": null, "Al.Dist. Izq.": 35, "Al.Dist. Der.": 15, "Ruta": "1V09" }, "geometry": { "type": "Point", "coordinates": [ -61.92950318, -32.71762866 ] } },
{ "type": "Feature", "properties": { "Name": "428.36", "P.K.": null, "Al.Dist. Izq.": 35, "Al.Dist. Der.": 15, "Ruta": "1V09" }, "geometry": { "type": "Point", "coordinates": [ -61.92950318, -32.71762866 ] } },
{ "type": "Feature", "properties": { "Name": "428.54", "P.K.": null, "Al.Dist. Izq.": 35, "Al.Dist. Der.": 15, "Ruta": "1V09" }, "geometry": { "type": "Point", "coordinates": [ -61.93139613, -32.71736357 ] } },
{ "type": "Feature", "properties": { "Name": "429", "P.K.": "PK429", "Al.Dist. Izq.": 35, "Al.Dist. Der.": 15, "Ruta": "1V09" }, "geometry": { "type": "Point", "coordinates": [ -61.9362184, -32.71646372 ] } },
{ "type": "Feature", "properties": { "Name": "429.03", "P.K.": null, "Al.Dist. Izq.": 35, "Al.Dist. Der.": 15, "Ruta": "1V09" }, "geometry": { "type": "Point", "coordinates": [ -61.9366, -32.71644 ] } },
{ "type": "Feature", "properties": { "Name": "429.83", "P.K.": null, "Al.Dist. Izq.": 35, "Al.Dist. Der.": 15, "Ruta": "1V09" }, "geometry": { "type": "Point", "coordinates": [ -61.94453, -32.71506 ] } },
{ "type": "Feature", "properties": { "Name": "430", "P.K.": "PK430", "Al.Dist. Izq.": 35, "Al.Dist. Der.": 15, "Ruta": "1V09" }, "geometry": { "type": "Point", "coordinates": [ -61.94614056, -32.71484001 ] } },
{ "type": "Feature", "properties": { "Name": "430.13", "P.K.": null, "Al.Dist. Izq.": 35, "Al.Dist. Der.": 15, "Ruta": "1V09" }, "geometry": { "type": "Point", "coordinates": [ -61.947424, -32.71446257 ] } },
{ "type": "Feature", "properties": { "Name": "430.78", "P.K.": null, "Al.Dist. Izq.": 35, "Al.Dist. Der.": 15, "Ruta": "1V09" }, "geometry": { "type": "Point", "coordinates": [ -61.95396256, -32.71340754 ] } },
{ "type": "Feature", "properties": { "Name": "430.79", "P.K.": null, "Al.Dist. Izq.": 35, "Al.Dist. Der.": 15, "Ruta": "1V09" }, "geometry": { "type": "Point", "coordinates": [ -61.95416, -32.71337 ] } },
{ "type": "Feature", "properties": { "Name": "431", "P.K.": "PK431", "Al.Dist. Izq.": 35, "Al.Dist. Der.": 15, "Ruta": "1V09" }, "geometry": { "type": "Point", "coordinates": [ -61.95622161, -32.71297743 ] } },
{ "type": "Feature", "properties": { "Name": "431.42", "P.K.": null, "Al.Dist. Izq.": 35, "Al.Dist. Der.": 15, "Ruta": "1V09" }, "geometry": { "type": "Point", "coordinates": [ -61.9606312, -32.71222329 ] } },
{ "type": "Feature", "properties": { "Name": "431.98", "P.K.": null, "Al.Dist. Izq.": 35, "Al.Dist. Der.": 15, "Ruta": "1V09" }, "geometry": { "type": "Point", "coordinates": [ -61.96648512, -32.71130167 ] } },
{ "type": "Feature", "properties": { "Name": "432", "P.K.": "PK432", "Al.Dist. Izq.": 35, "Al.Dist. Der.": 15, "Ruta": "1V09" }, "geometry": { "type": "Point", "coordinates": [ -61.96666148, -32.71124525 ] } },
{ "type": "Feature", "properties": { "Name": "432.09", "P.K.": null, "Al.Dist. Izq.": 35, "Al.Dist. Der.": 15, "Ruta": "1V09" }, "geometry": { "type": "Point", "coordinates": [ -61.96756035, -32.71100179 ] } },
{ "type": "Feature", "properties": { "Name": "432.09", "P.K.": null, "Al.Dist. Izq.": 35, "Al.Dist. Der.": 15, "Ruta": "1V09" }, "geometry": { "type": "Point", "coordinates": [ -61.9676321, -32.71098797 ] } },
{ "type": "Feature", "properties": { "Name": "432.21", "P.K.": null, "Al.Dist. Izq.": 35, "Al.Dist. Der.": 15, "Ruta": "1V09" }, "geometry": { "type": "Point", "coordinates": [ -61.96885586, -32.71070022 ] } },
{ "type": "Feature", "properties": { "Name": "432.71", "P.K.": null, "Al.Dist. Izq.": 35, "Al.Dist. Der.": 15, "Ruta": "1V09" }, "geometry": { "type": "Point", "coordinates": [ -61.97393294, -32.70999383 ] } },
{ "type": "Feature", "properties": { "Name": "433", "P.K.": "PK433", "Al.Dist. Izq.": 35, "Al.Dist. Der.": 15, "Ruta": "1V09" }, "geometry": { "type": "Point", "coordinates": [ -61.97694708, -32.70935768 ] } },
{ "type": "Feature", "properties": { "Name": "433.4", "P.K.": null, "Al.Dist. Izq.": 35, "Al.Dist. Der.": 15, "Ruta": "1V09" }, "geometry": { "type": "Point", "coordinates": [ -61.98119972, -32.70860501 ] } },
{ "type": "Feature", "properties": { "Name": "433.41", "P.K.": null, "Al.Dist. Izq.": 35, "Al.Dist. Der.": 15, "Ruta": "1V09" }, "geometry": { "type": "Point", "coordinates": [ -61.98126744, -32.70859598 ] } },
{ "type": "Feature", "properties": { "Name": "433.42", "P.K.": null, "Al.Dist. Izq.": 35, "Al.Dist. Der.": 15, "Ruta": "1V09" }, "geometry": { "type": "Point", "coordinates": [ -61.98136, -32.70859 ] } },
{ "type": "Feature", "properties": { "Name": "434.53", "P.K.": null, "Al.Dist. Izq.": 35, "Al.Dist. Der.": 15, "Ruta": "1V09" }, "geometry": { "type": "Point", "coordinates": [ -61.99291, -32.70651 ] } },
{ "type": "Feature", "properties": { "Name": "434.7", "P.K.": null, "Al.Dist. Izq.": 35, "Al.Dist. Der.": 15, "Ruta": "1V09" }, "geometry": { "type": "Point", "coordinates": [ -61.99477002, -32.70620336 ] } },
{ "type": "Feature", "properties": { "Name": "434.71", "P.K.": null, "Al.Dist. Izq.": 35, "Al.Dist. Der.": 15, "Ruta": "1V09" }, "geometry": { "type": "Point", "coordinates": [ -61.99488234, -32.70619038 ] } },
{ "type": "Feature", "properties": { "Name": "435.99", "P.K.": null, "Al.Dist. Izq.": 35, "Al.Dist. Der.": 15, "Ruta": "1V09" }, "geometry": { "type": "Point", "coordinates": [ -62.00824, -32.70379 ] } },
{ "type": "Feature", "properties": { "Name": "436", "P.K.": null, "Al.Dist. Izq.": 35, "Al.Dist. Der.": 15, "Ruta": "1V09" }, "geometry": { "type": "Point", "coordinates": [ -62.00833999, -32.70377598 ] } },
{ "type": "Feature", "properties": { "Name": "436.01", "P.K.": null, "Al.Dist. Izq.": 35, "Al.Dist. Der.": 15, "Ruta": "1V09" }, "geometry": { "type": "Point", "coordinates": [ -62.00836647, -32.70385751 ] } },
{ "type": "Feature", "properties": { "Name": "436.27", "P.K.": null, "Al.Dist. Izq.": 35, "Al.Dist. Der.": 15, "Ruta": "1V09" }, "geometry": { "type": "Point", "coordinates": [ -62.01120526, -32.70354153 ] } },
{ "type": "Feature", "properties": { "Name": "436.85", "P.K.": null, "Al.Dist. Izq.": 35, "Al.Dist. Der.": 15, "Ruta": "1V09" }, "geometry": { "type": "Point", "coordinates": [ -62.01716613, -32.70228098 ] } },
{ "type": "Feature", "properties": { "Name": "437.03", "P.K.": null, "Al.Dist. Izq.": 35, "Al.Dist. Der.": 15, "Ruta": "1V09" }, "geometry": { "type": "Point", "coordinates": [ -62.01906815, -32.70197458 ] } },
{ "type": "Feature", "properties": { "Name": "437.34", "P.K.": null, "Al.Dist. Izq.": 35, "Al.Dist. Der.": 15, "Ruta": "1V09" }, "geometry": { "type": "Point", "coordinates": [ -62.02229518, -32.70145405 ] } },
{ "type": "Feature", "properties": { "Name": "438.26", "P.K.": null, "Al.Dist. Izq.": 35, "Al.Dist. Der.": 15, "Ruta": "1V09" }, "geometry": { "type": "Point", "coordinates": [ -62.03188467, -32.69973524 ] } },
{ "type": "Feature", "properties": { "Name": "438.59", "P.K.": null, "Al.Dist. Izq.": 35, "Al.Dist. Der.": 15, "Ruta": "1V09" }, "geometry": { "type": "Point", "coordinates": [ -62.03538638, -32.69918933 ] } },
{ "type": "Feature", "properties": { "Name": "438.7", "P.K.": null, "Al.Dist. Izq.": 35, "Al.Dist. Der.": 15, "Ruta": "1V09" }, "geometry": { "type": "Point", "coordinates": [ -62.03661047, -32.69918961 ] } },
{ "type": "Feature", "properties": { "Name": "438.76", "P.K.": null, "Al.Dist. Izq.": 35, "Al.Dist. Der.": 15, "Ruta": "1V09" }, "geometry": { "type": "Point", "coordinates": [ -62.03713, -32.69881 ] } },
{ "type": "Feature", "properties": { "Name": "439.06", "P.K.": null, "Al.Dist. Izq.": 35, "Al.Dist. Der.": 15, "Ruta": "1V09" }, "geometry": { "type": "Point", "coordinates": [ -62.04032198, -32.69830876 ] } },
{ "type": "Feature", "properties": { "Name": "439.17", "P.K.": null, "Al.Dist. Izq.": 35, "Al.Dist. Der.": 15, "Ruta": "1V09" }, "geometry": { "type": "Point", "coordinates": [ -62.0414428, -32.69802916 ] } },
{ "type": "Feature", "properties": { "Name": "440.28", "P.K.": null, "Al.Dist. Izq.": 35, "Al.Dist. Der.": 15, "Ruta": "1V09" }, "geometry": { "type": "Point", "coordinates": [ -62.05298, -32.696 ] } },
{ "type": "Feature", "properties": { "Name": "440.67", "P.K.": null, "Al.Dist. Izq.": 35, "Al.Dist. Der.": 15, "Ruta": "1V09" }, "geometry": { "type": "Point", "coordinates": [ -62.05708746, -32.69528159 ] } },
{ "type": "Feature", "properties": { "Name": "440.71", "P.K.": null, "Al.Dist. Izq.": 35, "Al.Dist. Der.": 15, "Ruta": "1V09" }, "geometry": { "type": "Point", "coordinates": [ -62.05746364, -32.69514446 ] } },
{ "type": "Feature", "properties": { "Name": "441.19", "P.K.": null, "Al.Dist. Izq.": 35, "Al.Dist. Der.": 15, "Ruta": "1V09" }, "geometry": { "type": "Point", "coordinates": [ -62.06256285, -32.69438039 ] } },
{ "type": "Feature", "properties": { "Name": "441.2", "P.K.": null, "Al.Dist. Izq.": 35, "Al.Dist. Der.": 15, "Ruta": "1V09" }, "geometry": { "type": "Point", "coordinates": [ -62.06260309, -32.69442158 ] } },
{ "type": "Feature", "properties": { "Name": "441.82", "P.K.": null, "Al.Dist. Izq.": 35, "Al.Dist. Der.": 15, "Ruta": "1V09" }, "geometry": { "type": "Point", "coordinates": [ -62.06903704, -32.69318912 ] } },
{ "type": "Feature", "properties": { "Name": "441.84", "P.K.": null, "Al.Dist. Izq.": 35, "Al.Dist. Der.": 15, "Ruta": "1V09" }, "geometry": { "type": "Point", "coordinates": [ -62.06927877, -32.69317332 ] } },
{ "type": "Feature", "properties": { "Name": "442.32", "P.K.": null, "Al.Dist. Izq.": 35, "Al.Dist. Der.": 15, "Ruta": "1V09" }, "geometry": { "type": "Point", "coordinates": [ -62.07435519, -32.6924586 ] } },
{ "type": "Feature", "properties": { "Name": "442.32", "P.K.": null, "Al.Dist. Izq.": 35, "Al.Dist. Der.": 15, "Ruta": "1V09" }, "geometry": { "type": "Point", "coordinates": [ -62.07435519, -32.6924586 ] } },
{ "type": "Feature", "properties": { "Name": "442.33", "P.K.": null, "Al.Dist. Izq.": 35, "Al.Dist. Der.": 15, "Ruta": "1V09" }, "geometry": { "type": "Point", "coordinates": [ -62.07440112, -32.69237734 ] } },
{ "type": "Feature", "properties": { "Name": "442.34", "P.K.": null, "Al.Dist. Izq.": 35, "Al.Dist. Der.": 15, "Ruta": "1V09" }, "geometry": { "type": "Point", "coordinates": [ -62.07450371, -32.69229833 ] } },
{ "type": "Feature", "properties": { "Name": "442.35", "P.K.": null, "Al.Dist. Izq.": 35, "Al.Dist. Der.": 15, "Ruta": "1V09" }, "geometry": { "type": "Point", "coordinates": [ -62.07464, -32.69232 ] } },
{ "type": "Feature", "properties": { "Name": "442.39", "P.K.": null, "Al.Dist. Izq.": 35, "Al.Dist. Der.": 15, "Ruta": "1V09" }, "geometry": { "type": "Point", "coordinates": [ -62.07502, -32.6923 ] } },
{ "type": "Feature", "properties": { "Name": "442.43", "P.K.": null, "Al.Dist. Izq.": 35, "Al.Dist. Der.": 15, "Ruta": "1V09" }, "geometry": { "type": "Point", "coordinates": [ -62.07548641, -32.69203366 ] } },
{ "type": "Feature", "properties": { "Name": "442.43", "P.K.": null, "Al.Dist. Izq.": null, "Al.Dist. Der.": null, "Ruta": "1V09" }, "geometry": { "type": "Point", "coordinates": [ -62.07548641, -32.69203366 ] } },
{ "type": "Feature", "properties": { "Name": "442.45", "P.K.": null, "Al.Dist. Izq.": null, "Al.Dist. Der.": null, "Ruta": "1V09" }, "geometry": { "type": "Point", "coordinates": [ -62.07564566, -32.69259178 ] } },
{ "type": "Feature", "properties": { "Name": "442.46", "P.K.": null, "Al.Dist. Izq.": null, "Al.Dist. Der.": null, "Ruta": "1V09" }, "geometry": { "type": "Point", "coordinates": [ -62.07579218, -32.69223964 ] } },
{ "type": "Feature", "properties": { "Name": "442.48", "P.K.": null, "Al.Dist. Izq.": null, "Al.Dist. Der.": null, "Ruta": "1V09" }, "geometry": { "type": "Point", "coordinates": [ -62.07592, -32.69211 ] } },
{ "type": "Feature", "properties": { "Name": "442.49", "P.K.": null, "Al.Dist. Izq.": null, "Al.Dist. Der.": null, "Ruta": "1V09" }, "geometry": { "type": "Point", "coordinates": [ -62.07610197, -32.69211972 ] } },
{ "type": "Feature", "properties": { "Name": "442.5", "P.K.": null, "Al.Dist. Izq.": null, "Al.Dist. Der.": null, "Ruta": "1V09" }, "geometry": { "type": "Point", "coordinates": [ -62.07610365, -32.69192672 ] } },
{ "type": "Feature", "properties": { "Name": "442.55", "P.K.": null, "Al.Dist. Izq.": null, "Al.Dist. Der.": null, "Ruta": "1V09" }, "geometry": { "type": "Point", "coordinates": [ -62.07668971, -32.69198711 ] } },
{ "type": "Feature", "properties": { "Name": "442.59", "P.K.": null, "Al.Dist. Izq.": null, "Al.Dist. Der.": null, "Ruta": "1V09" }, "geometry": { "type": "Point", "coordinates": [ -62.07704108, -32.69166826 ] } },
{ "type": "Feature", "properties": { "Name": "442.65", "P.K.": null, "Al.Dist. Izq.": null, "Al.Dist. Der.": null, "Ruta": "1V09" }, "geometry": { "type": "Point", "coordinates": [ -62.07770828, -32.69155991 ] } },
{ "type": "Feature", "properties": { "Name": "442.67", "P.K.": null, "Al.Dist. Izq.": null, "Al.Dist. Der.": null, "Ruta": "1V09" }, "geometry": { "type": "Point", "coordinates": [ -62.07787525, -32.69171595 ] } },
{ "type": "Feature", "properties": { "Name": "442.72", "P.K.": null, "Al.Dist. Izq.": null, "Al.Dist. Der.": null, "Ruta": "1V09" }, "geometry": { "type": "Point", "coordinates": [ -62.07844237, -32.69147543 ] } },
{ "type": "Feature", "properties": { "Name": "442.73", "P.K.": null, "Al.Dist. Izq.": null, "Al.Dist. Der.": null, "Ruta": "1V09" }, "geometry": { "type": "Point", "coordinates": [ -62.0785448, -32.69162396 ] } },
{ "type": "Feature", "properties": { "Name": "442.74", "P.K.": null, "Al.Dist. Izq.": null, "Al.Dist. Der.": null, "Ruta": "1V09" }, "geometry": { "type": "Point", "coordinates": [ -62.07866114, -32.69141234 ] } },
{ "type": "Feature", "properties": { "Name": "442.76", "P.K.": null, "Al.Dist. Izq.": null, "Al.Dist. Der.": null, "Ruta": "1V09" }, "geometry": { "type": "Point", "coordinates": [ -62.07883, -32.69145 ] } },
{ "type": "Feature", "properties": { "Name": "442.79", "P.K.": null, "Al.Dist. Izq.": null, "Al.Dist. Der.": null, "Ruta": "1V09" }, "geometry": { "type": "Point", "coordinates": [ -62.07914963, -32.6915252 ] } },
{ "type": "Feature", "properties": { "Name": "442.81", "P.K.": null, "Al.Dist. Izq.": null, "Al.Dist. Der.": null, "Ruta": "1V09" }, "geometry": { "type": "Point", "coordinates": [ -62.07934912, -32.69126815 ] } },
{ "type": "Feature", "properties": { "Name": "442.83", "P.K.": null, "Al.Dist. Izq.": null, "Al.Dist. Der.": null, "Ruta": "1V09" }, "geometry": { "type": "Point", "coordinates": [ -62.07956471, -32.6914747 ] } },
{ "type": "Feature", "properties": { "Name": "442.85", "P.K.": null, "Al.Dist. Izq.": null, "Al.Dist. Der.": null, "Ruta": "1V09" }, "geometry": { "type": "Point", "coordinates": [ -62.07983829, -32.69141657 ] } },
{ "type": "Feature", "properties": { "Name": "442.89", "P.K.": null, "Al.Dist. Izq.": null, "Al.Dist. Der.": null, "Ruta": "1V09" }, "geometry": { "type": "Point", "coordinates": [ -62.08016183, -32.6912309 ] } },
{ "type": "Feature", "properties": { "Name": "442.91", "P.K.": null, "Al.Dist. Izq.": null, "Al.Dist. Der.": null, "Ruta": "1V09" }, "geometry": { "type": "Point", "coordinates": [ -62.08041664, -32.69106189 ] } },
{ "type": "Feature", "properties": { "Name": "442.96", "P.K.": null, "Al.Dist. Izq.": null, "Al.Dist. Der.": null, "Ruta": "1V09" }, "geometry": { "type": "Point", "coordinates": [ -62.0793105, -32.6821387 ] } },
{ "type": "Feature", "properties": { "Name": "443", "P.K.": "PK443", "Al.Dist. Izq.": null, "Al.Dist. Der.": null, "Ruta": "1V09" }, "geometry": { "type": "Point", "coordinates": [ -62.08129641, -32.69095438 ] } },
{ "type": "Feature", "properties": { "Name": "443.02", "P.K.": null, "Al.Dist. Izq.": null, "Al.Dist. Der.": null, "Ruta": "1V09" }, "geometry": { "type": "Point", "coordinates": [ -62.08159346, -32.69121454 ] } },
{ "type": "Feature", "properties": { "Name": "443.05", "P.K.": null, "Al.Dist. Izq.": null, "Al.Dist. Der.": null, "Ruta": "1V09" }, "geometry": { "type": "Point", "coordinates": [ -62.08185397, -32.69107797 ] } },
{ "type": "Feature", "properties": { "Name": "443.07", "P.K.": null, "Al.Dist. Izq.": null, "Al.Dist. Der.": null, "Ruta": "1V09" }, "geometry": { "type": "Point", "coordinates": [ -62.08209221, -32.69090199 ] } },
{ "type": "Feature", "properties": { "Name": "443.1", "P.K.": null, "Al.Dist. Izq.": null, "Al.Dist. Der.": null, "Ruta": "1V09" }, "geometry": { "type": "Point", "coordinates": [ -62.08240618, -32.69084612 ] } },
{ "type": "Feature", "properties": { "Name": "443.13", "P.K.": null, "Al.Dist. Izq.": null, "Al.Dist. Der.": null, "Ruta": "1V09" }, "geometry": { "type": "Point", "coordinates": [ -62.08266802, -32.69066657 ] } },
{ "type": "Feature", "properties": { "Name": "443.24", "P.K.": null, "Al.Dist. Izq.": null, "Al.Dist. Der.": null, "Ruta": "1V09" }, "geometry": { "type": "Point", "coordinates": [ -62.08390217, -32.69069676 ] } },
{ "type": "Feature", "properties": { "Name": "443.28", "P.K.": null, "Al.Dist. Izq.": null, "Al.Dist. Der.": null, "Ruta": "1V09" }, "geometry": { "type": "Point", "coordinates": [ -62.08426964, -32.69063186 ] } },
{ "type": "Feature", "properties": { "Name": "443.28", "P.K.": null, "Al.Dist. Izq.": null, "Al.Dist. Der.": null, "Ruta": "1V09" }, "geometry": { "type": "Point", "coordinates": [ -62.0842522, -32.69044563 ] } },
{ "type": "Feature", "properties": { "Name": "443.33", "P.K.": null, "Al.Dist. Izq.": null, "Al.Dist. Der.": null, "Ruta": "1V09" }, "geometry": { "type": "Point", "coordinates": [ -62.08481326, -32.69041775 ] } },
{ "type": "Feature", "properties": { "Name": "443.36", "P.K.": null, "Al.Dist. Izq.": null, "Al.Dist. Der.": null, "Ruta": "1V09" }, "geometry": { "type": "Point", "coordinates": [ -62.08514839, -32.69036239 ] } },
{ "type": "Feature", "properties": { "Name": "443.37", "P.K.": null, "Al.Dist. Izq.": null, "Al.Dist. Der.": null, "Ruta": "1V09" }, "geometry": { "type": "Point", "coordinates": [ -62.0851494, -32.69022469 ] } },
{ "type": "Feature", "properties": { "Name": "443.41", "P.K.": null, "Al.Dist. Izq.": null, "Al.Dist. Der.": null, "Ruta": "1V09" }, "geometry": { "type": "Point", "coordinates": [ -62.08568517, -32.69037876 ] } },
{ "type": "Feature", "properties": { "Name": "443.48", "P.K.": null, "Al.Dist. Izq.": null, "Al.Dist. Der.": null, "Ruta": "1V09" }, "geometry": { "type": "Point", "coordinates": [ -62.08640467, -32.69017729 ] } },
{ "type": "Feature", "properties": { "Name": "443.6", "P.K.": null, "Al.Dist. Izq.": null, "Al.Dist. Der.": null, "Ruta": "1V09" }, "geometry": { "type": "Point", "coordinates": [ -62.08766431, -32.68999444 ] } },
{ "type": "Feature", "properties": { "Name": "443.61", "P.K.": null, "Al.Dist. Izq.": null, "Al.Dist. Der.": null, "Ruta": "1V09" }, "geometry": { "type": "Point", "coordinates": [ -62.08763245, -32.68978451 ] } },
{ "type": "Feature", "properties": { "Name": "443.64", "P.K.": null, "Al.Dist. Izq.": null, "Al.Dist. Der.": null, "Ruta": "1V09" }, "geometry": { "type": "Point", "coordinates": [ -62.0879674, -32.6897371 ] } },
{ "type": "Feature", "properties": { "Name": "443.65", "P.K.": null, "Al.Dist. Izq.": null, "Al.Dist. Der.": null, "Ruta": "1V09" }, "geometry": { "type": "Point", "coordinates": [ -62.08815482, -32.68991826 ] } },
{ "type": "Feature", "properties": { "Name": "443.65", "P.K.": null, "Al.Dist. Izq.": null, "Al.Dist. Der.": null, "Ruta": "1V09" }, "geometry": { "type": "Point", "coordinates": [ -62.08813705, -32.68968631 ] } },
{ "type": "Feature", "properties": { "Name": "443.68", "P.K.": null, "Al.Dist. Izq.": null, "Al.Dist. Der.": null, "Ruta": "1V09" }, "geometry": { "type": "Point", "coordinates": [ -62.08832111, -32.68965358 ] } },
{ "type": "Feature", "properties": { "Name": "443.73", "P.K.": null, "Al.Dist. Izq.": null, "Al.Dist. Der.": null, "Ruta": "1V09" }, "geometry": { "type": "Point", "coordinates": [ -62.08886728, -32.68978366 ] } },
{ "type": "Feature", "properties": { "Name": "443.8", "P.K.": null, "Al.Dist. Izq.": null, "Al.Dist. Der.": null, "Ruta": "1V09" }, "geometry": { "type": "Point", "coordinates": [ -62.0895955, -32.68966205 ] } },
{ "type": "Feature", "properties": { "Name": "443.81", "P.K.": null, "Al.Dist. Izq.": null, "Al.Dist. Der.": null, "Ruta": "1V09" }, "geometry": { "type": "Point", "coordinates": [ -62.08971, -32.68948 ] } },
{ "type": "Feature", "properties": { "Name": "443.84", "P.K.": null, "Al.Dist. Izq.": null, "Al.Dist. Der.": null, "Ruta": "1V09" }, "geometry": { "type": "Point", "coordinates": [ -62.08999012, -32.68942531 ] } },
{ "type": "Feature", "properties": { "Name": "443.85", "P.K.": null, "Al.Dist. Izq.": null, "Al.Dist. Der.": null, "Ruta": "1V09" }, "geometry": { "type": "Point", "coordinates": [ -62.09011551, -32.68956893 ] } },
{ "type": "Feature", "properties": { "Name": "443.97", "P.K.": null, "Al.Dist. Izq.": null, "Al.Dist. Der.": null, "Ruta": "1V09" }, "geometry": { "type": "Point", "coordinates": [ -62.09138654, -32.68919759 ] } },
{ "type": "Feature", "properties": { "Name": "444", "P.K.": null, "Al.Dist. Izq.": null, "Al.Dist. Der.": null, "Ruta": "1V09" }, "geometry": { "type": "Point", "coordinates": [ -62.0916608, -32.68916345 ] } },
{ "type": "Feature", "properties": { "Name": "444.06", "P.K.": null, "Al.Dist. Izq.": null, "Al.Dist. Der.": null, "Ruta": "1V09" }, "geometry": { "type": "Point", "coordinates": [ -62.09229, -32.68911 ] } },
{ "type": "Feature", "properties": { "Name": "444.07", "P.K.": null, "Al.Dist. Izq.": null, "Al.Dist. Der.": null, "Ruta": "1V09" }, "geometry": { "type": "Point", "coordinates": [ -62.09238466, -32.68902067 ] } },
{ "type": "Feature", "properties": { "Name": "444.08", "P.K.": null, "Al.Dist. Izq.": null, "Al.Dist. Der.": null, "Ruta": "1V09" }, "geometry": { "type": "Point", "coordinates": [ -62.09251, -32.68907 ] } },
{ "type": "Feature", "properties": { "Name": "444.2", "P.K.": null, "Al.Dist. Izq.": null, "Al.Dist. Der.": null, "Ruta": "1V09" }, "geometry": { "type": "Point", "coordinates": [ -62.09376566, -32.68885955 ] } },
{ "type": "Feature", "properties": { "Name": "444.25", "P.K.": null, "Al.Dist. Izq.": null, "Al.Dist. Der.": null, "Ruta": "1V09" }, "geometry": { "type": "Point", "coordinates": [ -62.09435441, -32.68885701 ] } },
{ "type": "Feature", "properties": { "Name": "444.33", "P.K.": null, "Al.Dist. Izq.": null, "Al.Dist. Der.": null, "Ruta": "1V09" }, "geometry": { "type": "Point", "coordinates": [ -62.09512856, -32.68880932 ] } },
{ "type": "Feature", "properties": { "Name": "444.91", "P.K.": null, "Al.Dist. Izq.": null, "Al.Dist. Der.": null, "Ruta": "1V09" }, "geometry": { "type": "Point", "coordinates": [ -62.10112464, -32.68752288 ] } },
{ "type": "Feature", "properties": { "Name": "444.92", "P.K.": null, "Al.Dist. Izq.": null, "Al.Dist. Der.": null, "Ruta": "1V09" }, "geometry": { "type": "Point", "coordinates": [ -62.10128892, -32.68748987 ] } },
{ "type": "Feature", "properties": { "Name": "445.12", "P.K.": null, "Al.Dist. Izq.": null, "Al.Dist. Der.": null, "Ruta": "1V09" }, "geometry": { "type": "Point", "coordinates": [ -62.10324924, -32.68723462 ] } },
{ "type": "Feature", "properties": { "Name": "445.37", "P.K.": null, "Al.Dist. Izq.": null, "Al.Dist. Der.": null, "Ruta": "1V09" }, "geometry": { "type": "Point", "coordinates": [ -62.10586023, -32.68679473 ] } },
{ "type": "Feature", "properties": { "Name": "445.51", "P.K.": null, "Al.Dist. Izq.": null, "Al.Dist. Der.": null, "Ruta": "1V09" }, "geometry": { "type": "Point", "coordinates": [ -62.10736714, -32.68646273 ] } },
{ "type": "Feature", "properties": { "Name": "445.52", "P.K.": null, "Al.Dist. Izq.": null, "Al.Dist. Der.": null, "Ruta": "1V09" }, "geometry": { "type": "Point", "coordinates": [ -62.10741878, -32.68644862 ] } },
{ "type": "Feature", "properties": { "Name": "445.53", "P.K.": null, "Al.Dist. Izq.": null, "Al.Dist. Der.": null, "Ruta": "1V09" }, "geometry": { "type": "Point", "coordinates": [ -62.10759748, -32.6864063 ] } },
{ "type": "Feature", "properties": { "Name": "445.56", "P.K.": null, "Al.Dist. Izq.": null, "Al.Dist. Der.": null, "Ruta": "1V09" }, "geometry": { "type": "Point", "coordinates": [ -62.10787978, -32.68633293 ] } },
{ "type": "Feature", "properties": { "Name": "445.63", "P.K.": null, "Al.Dist. Izq.": null, "Al.Dist. Der.": null, "Ruta": "1V09" }, "geometry": { "type": "Point", "coordinates": [ -62.10859895, -32.68620623 ] } },
{ "type": "Feature", "properties": { "Name": "445.67", "P.K.": null, "Al.Dist. Izq.": null, "Al.Dist. Der.": null, "Ruta": "1V09" }, "geometry": { "type": "Point", "coordinates": [ -62.10905761, -32.68612553 ] } },
{ "type": "Feature", "properties": { "Name": "445.85", "P.K.": null, "Al.Dist. Izq.": null, "Al.Dist. Der.": null, "Ruta": "1V09" }, "geometry": { "type": "Point", "coordinates": [ -62.1093376, -32.6770065 ] } },
{ "type": "Feature", "properties": { "Name": "445.92", "P.K.": null, "Al.Dist. Izq.": null, "Al.Dist. Der.": null, "Ruta": "1V09" }, "geometry": { "type": "Point", "coordinates": [ -62.11158391, -32.68573865 ] } },
{ "type": "Feature", "properties": { "Name": "445.95", "P.K.": null, "Al.Dist. Izq.": null, "Al.Dist. Der.": null, "Ruta": "1V09" }, "geometry": { "type": "Point", "coordinates": [ -62.11196244, -32.68567516 ] } },
{ "type": "Feature", "properties": { "Name": "445.96", "P.K.": null, "Al.Dist. Izq.": null, "Al.Dist. Der.": null, "Ruta": "1V09" }, "geometry": { "type": "Point", "coordinates": [ -62.11206805, -32.68592715 ] } },
{ "type": "Feature", "properties": { "Name": "446.08", "P.K.": null, "Al.Dist. Izq.": null, "Al.Dist. Der.": null, "Ruta": "1V09" }, "geometry": { "type": "Point", "coordinates": [ -62.11336423, -32.6855747 ] } },
{ "type": "Feature", "properties": { "Name": "446.19", "P.K.": null, "Al.Dist. Izq.": null, "Al.Dist. Der.": null, "Ruta": "1V09" }, "geometry": { "type": "Point", "coordinates": [ -62.11451087, -32.68540596 ] } },
{ "type": "Feature", "properties": { "Name": "446.22", "P.K.": null, "Al.Dist. Izq.": null, "Al.Dist. Der.": null, "Ruta": "1V09" }, "geometry": { "type": "Point", "coordinates": [ -62.11482972, -32.68535375 ] } },
{ "type": "Feature", "properties": { "Name": "446.23", "P.K.": null, "Al.Dist. Izq.": null, "Al.Dist. Der.": null, "Ruta": "1V09" }, "geometry": { "type": "Point", "coordinates": [ -62.11486828, -32.68518473 ] } },
{ "type": "Feature", "properties": { "Name": "446.24", "P.K.": null, "Al.Dist. Izq.": null, "Al.Dist. Der.": null, "Ruta": "1V09" }, "geometry": { "type": "Point", "coordinates": [ -62.11496316, -32.68531425 ] } },
{ "type": "Feature", "properties": { "Name": "446.25", "P.K.": null, "Al.Dist. Izq.": null, "Al.Dist. Der.": null, "Ruta": "1V09" }, "geometry": { "type": "Point", "coordinates": [ -62.11512711, -32.68531509 ] } },
{ "type": "Feature", "properties": { "Name": "446.26", "P.K.": null, "Al.Dist. Izq.": null, "Al.Dist. Der.": null, "Ruta": "1V09" }, "geometry": { "type": "Point", "coordinates": [ -62.11515723, -32.68516347 ] } },
{ "type": "Feature", "properties": { "Name": "446.28", "P.K.": null, "Al.Dist. Izq.": null, "Al.Dist. Der.": null, "Ruta": "1V09" }, "geometry": { "type": "Point", "coordinates": [ -62.11536583, -32.68505069 ] } },
{ "type": "Feature", "properties": { "Name": "446.29", "P.K.": null, "Al.Dist. Izq.": null, "Al.Dist. Der.": null, "Ruta": "1V09" }, "geometry": { "type": "Point", "coordinates": [ -62.11552273, -32.68525612 ] } },
{ "type": "Feature", "properties": { "Name": "446.35", "P.K.": null, "Al.Dist. Izq.": null, "Al.Dist. Der.": null, "Ruta": "1V09" }, "geometry": { "type": "Point", "coordinates": [ -62.11598944, -32.68495644 ] } },
{ "type": "Feature", "properties": { "Name": "446.4", "P.K.": null, "Al.Dist. Izq.": null, "Al.Dist. Der.": null, "Ruta": "1V09" }, "geometry": { "type": "Point", "coordinates": [ -62.1165403, -32.68481647 ] } },
{ "type": "Feature", "properties": { "Name": "446.41", "P.K.": null, "Al.Dist. Izq.": null, "Al.Dist. Der.": null, "Ruta": "1V09" }, "geometry": { "type": "Point", "coordinates": [ -62.11666234, -32.6851455 ] } },
{ "type": "Feature", "properties": { "Name": "446.42", "P.K.": null, "Al.Dist. Izq.": null, "Al.Dist. Der.": null, "Ruta": "1V09" }, "geometry": { "type": "Point", "coordinates": [ -62.11676594, -32.68483369 ] } },
{ "type": "Feature", "properties": { "Name": "446.45", "P.K.": null, "Al.Dist. Izq.": null, "Al.Dist. Der.": null, "Ruta": "1V09" }, "geometry": { "type": "Point", "coordinates": [ -62.11704689, -32.68480172 ] } },
{ "type": "Feature", "properties": { "Name": "446.54", "P.K.": null, "Al.Dist. Izq.": null, "Al.Dist. Der.": null, "Ruta": "1V09" }, "geometry": { "type": "Point", "coordinates": [ -62.11800411, -32.68474734 ] } },
{ "type": "Feature", "properties": { "Name": "446.58", "P.K.": null, "Al.Dist. Izq.": null, "Al.Dist. Der.": null, "Ruta": "1V09" }, "geometry": { "type": "Point", "coordinates": [ -62.11838432, -32.68439178 ] } },
{ "type": "Feature", "properties": { "Name": "446.68", "P.K.": null, "Al.Dist. Izq.": null, "Al.Dist. Der.": null, "Ruta": "1V09" }, "geometry": { "type": "Point", "coordinates": [ -62.11948838, -32.6844612 ] } },
{ "type": "Feature", "properties": { "Name": "446.73", "P.K.": null, "Al.Dist. Izq.": null, "Al.Dist. Der.": null, "Ruta": "1V09" }, "geometry": { "type": "Point", "coordinates": [ -62.11992357, -32.68407996 ] } },
{ "type": "Feature", "properties": { "Name": "446.75", "P.K.": null, "Al.Dist. Izq.": null, "Al.Dist. Der.": null, "Ruta": "1V09" }, "geometry": { "type": "Point", "coordinates": [ -62.12013245, -32.68427891 ] } },
{ "type": "Feature", "properties": { "Name": "446.76", "P.K.": null, "Al.Dist. Izq.": null, "Al.Dist. Der.": null, "Ruta": "1V09" }, "geometry": { "type": "Point", "coordinates": [ -62.12024, -32.68412 ] } },
{ "type": "Feature", "properties": { "Name": "446.81", "P.K.": null, "Al.Dist. Izq.": null, "Al.Dist. Der.": null, "Ruta": "1V09" }, "geometry": { "type": "Point", "coordinates": [ -62.12076344, -32.68420046 ] } },
{ "type": "Feature", "properties": { "Name": "446.83", "P.K.": null, "Al.Dist. Izq.": null, "Al.Dist. Der.": null, "Ruta": "1V09" }, "geometry": { "type": "Point", "coordinates": [ -62.12094616, -32.68393351 ] } },
{ "type": "Feature", "properties": { "Name": "446.86", "P.K.": null, "Al.Dist. Izq.": null, "Al.Dist. Der.": null, "Ruta": "1V09" }, "geometry": { "type": "Point", "coordinates": [ -62.12132737, -32.68407206 ] } },
{ "type": "Feature", "properties": { "Name": "446.86", "P.K.": null, "Al.Dist. Izq.": null, "Al.Dist. Der.": null, "Ruta": "1V09" }, "geometry": { "type": "Point", "coordinates": [ -62.12131161, -32.68384631 ] } },
{ "type": "Feature", "properties": { "Name": "446.88", "P.K.": null, "Al.Dist. Izq.": null, "Al.Dist. Der.": null, "Ruta": "1V09" }, "geometry": { "type": "Point", "coordinates": [ -62.12149534, -32.68379382 ] } },
{ "type": "Feature", "properties": { "Name": "446.93", "P.K.": null, "Al.Dist. Izq.": null, "Al.Dist. Der.": null, "Ruta": "1V09" }, "geometry": { "type": "Point", "coordinates": [ -62.122027, -32.68380285 ] } },
{ "type": "Feature", "properties": { "Name": "446.96", "P.K.": null, "Al.Dist. Izq.": null, "Al.Dist. Der.": null, "Ruta": "1V09" }, "geometry": { "type": "Point", "coordinates": [ -62.12238483, -32.68390218 ] } },
{ "type": "Feature", "properties": { "Name": "446.99", "P.K.": null, "Al.Dist. Izq.": null, "Al.Dist. Der.": null, "Ruta": "1V09" }, "geometry": { "type": "Point", "coordinates": [ -62.12263022, -32.68373637 ] } },
{ "type": "Feature", "properties": { "Name": "446.99", "P.K.": null, "Al.Dist. Izq.": 15, "Al.Dist. Der.": 15, "Ruta": "1V09" }, "geometry": { "type": "Point", "coordinates": [ -62.12263022, -32.68373637 ] } },
{ "type": "Feature", "properties": { "Name": "447.01", "P.K.": null, "Al.Dist. Izq.": 15, "Al.Dist. Der.": 15, "Ruta": "1V09" }, "geometry": { "type": "Point", "coordinates": [ -62.12285925, -32.68381301 ] } },
{ "type": "Feature", "properties": { "Name": "447.01", "P.K.": null, "Al.Dist. Izq.": 15, "Al.Dist. Der.": 15, "Ruta": "1V09" }, "geometry": { "type": "Point", "coordinates": [ -62.12289311, -32.68353816 ] } },
{ "type": "Feature", "properties": { "Name": "447.07", "P.K.": null, "Al.Dist. Izq.": 15, "Al.Dist. Der.": 15, "Ruta": "1V09" }, "geometry": { "type": "Point", "coordinates": [ -62.12346543, -32.68345548 ] } },
{ "type": "Feature", "properties": { "Name": "447.12", "P.K.": null, "Al.Dist. Izq.": 15, "Al.Dist. Der.": 15, "Ruta": "1V09" }, "geometry": { "type": "Point", "coordinates": [ -62.12396365, -32.68329717 ] } },
{ "type": "Feature", "properties": { "Name": "447.14", "P.K.": null, "Al.Dist. Izq.": 15, "Al.Dist. Der.": 15, "Ruta": "1V09" }, "geometry": { "type": "Point", "coordinates": [ -62.12427244, -32.68354606 ] } },
{ "type": "Feature", "properties": { "Name": "447.17", "P.K.": null, "Al.Dist. Izq.": 15, "Al.Dist. Der.": 15, "Ruta": "1V09" }, "geometry": { "type": "Point", "coordinates": [ -62.12457418, -32.68327911 ] } },
{ "type": "Feature", "properties": { "Name": "447.22", "P.K.": null, "Al.Dist. Izq.": 15, "Al.Dist. Der.": 15, "Ruta": "1V09" }, "geometry": { "type": "Point", "coordinates": [ -62.1251284, -32.68346705 ] } },
{ "type": "Feature", "properties": { "Name": "447.34", "P.K.": null, "Al.Dist. Izq.": 15, "Al.Dist. Der.": 15, "Ruta": "1V09" }, "geometry": { "type": "Point", "coordinates": [ -62.12634612, -32.68323283 ] } },
{ "type": "Feature", "properties": { "Name": "447.4", "P.K.": null, "Al.Dist. Izq.": 15, "Al.Dist. Der.": 15, "Ruta": "1V09" }, "geometry": { "type": "Point", "coordinates": [ -62.1269637, -32.68311769 ] } },
{ "type": "Feature", "properties": { "Name": "447.43", "P.K.": null, "Al.Dist. Izq.": 15, "Al.Dist. Der.": 15, "Ruta": "1V09" }, "geometry": { "type": "Point", "coordinates": [ -62.12725726, -32.6828824 ] } },
{ "type": "Feature", "properties": { "Name": "447.47", "P.K.": null, "Al.Dist. Izq.": 15, "Al.Dist. Der.": 15, "Ruta": "1V09" }, "geometry": { "type": "Point", "coordinates": [ -62.12772209, -32.68297575 ] } },
{ "type": "Feature", "properties": { "Name": "447.48", "P.K.": null, "Al.Dist. Izq.": 15, "Al.Dist. Der.": 15, "Ruta": "1V09" }, "geometry": { "type": "Point", "coordinates": [ -62.12778311, -32.68277765 ] } },
{ "type": "Feature", "properties": { "Name": "447.5", "P.K.": null, "Al.Dist. Izq.": 15, "Al.Dist. Der.": 15, "Ruta": "1V09" }, "geometry": { "type": "Point", "coordinates": [ -62.12800741, -32.68293709 ] } },
{ "type": "Feature", "properties": { "Name": "447.51", "P.K.": null, "Al.Dist. Izq.": 15, "Al.Dist. Der.": 15, "Ruta": "1V09" }, "geometry": { "type": "Point", "coordinates": [ -62.1280738, -32.68273645 ] } },
{ "type": "Feature", "properties": { "Name": "447.52", "P.K.": null, "Al.Dist. Izq.": 15, "Al.Dist. Der.": 15, "Ruta": "1V09" }, "geometry": { "type": "Point", "coordinates": [ -62.12825451, -32.68287049 ] } },
{ "type": "Feature", "properties": { "Name": "447.53", "P.K.": null, "Al.Dist. Izq.": 15, "Al.Dist. Der.": 15, "Ruta": "1V09" }, "geometry": { "type": "Point", "coordinates": [ -62.12831184, -32.68276693 ] } },
{ "type": "Feature", "properties": { "Name": "447.55", "P.K.": null, "Al.Dist. Izq.": 15, "Al.Dist. Der.": 15, "Ruta": "1V09" }, "geometry": { "type": "Point", "coordinates": [ -62.12852307, -32.68279515 ] } },
{ "type": "Feature", "properties": { "Name": "447.57", "P.K.": null, "Al.Dist. Izq.": 15, "Al.Dist. Der.": 15, "Ruta": "1V09" }, "geometry": { "type": "Point", "coordinates": [ -62.12873865, -32.6827991 ] } },
{ "type": "Feature", "properties": { "Name": "447.61", "P.K.": null, "Al.Dist. Izq.": 15, "Al.Dist. Der.": 15, "Ruta": "1V09" }, "geometry": { "type": "Point", "coordinates": [ -62.12915037, -32.6827167 ] } },
{ "type": "Feature", "properties": { "Name": "447.63", "P.K.": null, "Al.Dist. Izq.": 15, "Al.Dist. Der.": 15, "Ruta": "1V09" }, "geometry": { "type": "Point", "coordinates": [ -62.1293455, -32.68269441 ] } },
{ "type": "Feature", "properties": { "Name": "447.68", "P.K.": null, "Al.Dist. Izq.": 15, "Al.Dist. Der.": 15, "Ruta": "1V09" }, "geometry": { "type": "Point", "coordinates": [ -62.12959327, -32.6819988 ] } },
{ "type": "Feature", "properties": { "Name": "447.68", "P.K.": null, "Al.Dist. Izq.": 15, "Al.Dist. Der.": 15, "Ruta": "1V09" }, "geometry": { "type": "Point", "coordinates": [ -62.12959327, -32.6819988 ] } },
{ "type": "Feature", "properties": { "Name": "447.72", "P.K.": null, "Al.Dist. Izq.": 15, "Al.Dist. Der.": 15, "Ruta": "1V09" }, "geometry": { "type": "Point", "coordinates": [ -62.13017095, -32.68212494 ] } },
{ "type": "Feature", "properties": { "Name": "447.74", "P.K.": null, "Al.Dist. Izq.": 15, "Al.Dist. Der.": 15, "Ruta": "1V09" }, "geometry": { "type": "Point", "coordinates": [ -62.13033725, -32.68197876 ] } },
{ "type": "Feature", "properties": { "Name": "447.78", "P.K.": null, "Al.Dist. Izq.": 15, "Al.Dist. Der.": 15, "Ruta": "1V09" }, "geometry": { "type": "Point", "coordinates": [ -62.13037413, -32.68157804 ] } },
{ "type": "Feature", "properties": { "Name": "447.78", "P.K.": null, "Al.Dist. Izq.": 35, "Al.Dist. Der.": 15, "Ruta": "1V09" }, "geometry": { "type": "Point", "coordinates": [ -62.13037413, -32.68157804 ] } },
{ "type": "Feature", "properties": { "Name": "447.84", "P.K.": null, "Al.Dist. Izq.": 35, "Al.Dist. Der.": 15, "Ruta": "1V09" }, "geometry": { "type": "Point", "coordinates": [ -62.13090487, -32.68196945 ] } },
{ "type": "Feature", "properties": { "Name": "448", "P.K.": null, "Al.Dist. Izq.": 35, "Al.Dist. Der.": 15, "Ruta": "1V09" }, "geometry": { "type": "Point", "coordinates": [ -62.13265702, -32.68204395 ] } },
{ "type": "Feature", "properties": { "Name": "448.01", "P.K.": null, "Al.Dist. Izq.": 35, "Al.Dist. Der.": 15, "Ruta": "1V09" }, "geometry": { "type": "Point", "coordinates": [ -62.13272743, -32.68189354 ] } },
{ "type": "Feature", "properties": { "Name": "448.08", "P.K.": null, "Al.Dist. Izq.": 35, "Al.Dist. Der.": 15, "Ruta": "1V09" }, "geometry": { "type": "Point", "coordinates": [ -62.13348281, -32.68187124 ] } },
{ "type": "Feature", "properties": { "Name": "448.15", "P.K.": null, "Al.Dist. Izq.": 35, "Al.Dist. Der.": 15, "Ruta": "1V09" }, "geometry": { "type": "Point", "coordinates": [ -62.13414565, -32.68164041 ] } },
{ "type": "Feature", "properties": { "Name": "448.25", "P.K.": null, "Al.Dist. Izq.": 35, "Al.Dist. Der.": 15, "Ruta": "1V09" }, "geometry": { "type": "Point", "coordinates": [ -62.13515675, -32.68146912 ] } },
{ "type": "Feature", "properties": { "Name": "448.27", "P.K.": null, "Al.Dist. Izq.": 35, "Al.Dist. Der.": 15, "Ruta": "1V09" }, "geometry": { "type": "Point", "coordinates": [ -62.13539355, -32.68138643 ] } },
{ "type": "Feature", "properties": { "Name": "448.36", "P.K.": null, "Al.Dist. Izq.": 35, "Al.Dist. Der.": 15, "Ruta": "1V09" }, "geometry": { "type": "Point", "coordinates": [ -62.1363065, -32.68123179 ] } },
{ "type": "Feature", "properties": { "Name": "448.43", "P.K.": null, "Al.Dist. Izq.": 35, "Al.Dist. Der.": 15, "Ruta": "1V09" }, "geometry": { "type": "Point", "coordinates": [ -62.13713, -32.6812 ] } },
{ "type": "Feature", "properties": { "Name": "449.07", "P.K.": null, "Al.Dist. Izq.": 35, "Al.Dist. Der.": 15, "Ruta": "1V09" }, "geometry": { "type": "Point", "coordinates": [ -62.14369364, -32.68012161 ] } },
{ "type": "Feature", "properties": { "Name": "449.66", "P.K.": null, "Al.Dist. Izq.": 35, "Al.Dist. Der.": 15, "Ruta": "1V09" }, "geometry": { "type": "Point", "coordinates": [ -62.14981743, -32.67889687 ] } },
{ "type": "Feature", "properties": { "Name": "449.74", "P.K.": null, "Al.Dist. Izq.": 35, "Al.Dist. Der.": 15, "Ruta": "1V09" }, "geometry": { "type": "Point", "coordinates": [ -62.15061842, -32.67876474 ] } },
{ "type": "Feature", "properties": { "Name": "449.88", "P.K.": null, "Al.Dist. Izq.": 35, "Al.Dist. Der.": 15, "Ruta": "1V09" }, "geometry": { "type": "Point", "coordinates": [ -62.15212349, -32.67865387 ] } },
{ "type": "Feature", "properties": { "Name": "449.98", "P.K.": null, "Al.Dist. Izq.": 35, "Al.Dist. Der.": 15, "Ruta": "1V09" }, "geometry": { "type": "Point", "coordinates": [ -62.15315312, -32.67844165 ] } },
{ "type": "Feature", "properties": { "Name": "450.24", "P.K.": null, "Al.Dist. Izq.": 35, "Al.Dist. Der.": 15, "Ruta": "1V09" }, "geometry": { "type": "Point", "coordinates": [ -62.15585684, -32.67784753 ] } },
{ "type": "Feature", "properties": { "Name": "450.39", "P.K.": null, "Al.Dist. Izq.": 35, "Al.Dist. Der.": 15, "Ruta": "1V09" }, "geometry": { "type": "Point", "coordinates": [ -62.15734022, -32.67755648 ] } },
{ "type": "Feature", "properties": { "Name": "450.4", "P.K.": null, "Al.Dist. Izq.": 35, "Al.Dist. Der.": 15, "Ruta": "1V09" }, "geometry": { "type": "Point", "coordinates": [ -62.15749126, -32.67768816 ] } },
{ "type": "Feature", "properties": { "Name": "450.53", "P.K.": null, "Al.Dist. Izq.": 35, "Al.Dist. Der.": 15, "Ruta": "1V09" }, "geometry": { "type": "Point", "coordinates": [ -62.15878576, -32.67741075 ] } },
{ "type": "Feature", "properties": { "Name": "450.73", "P.K.": null, "Al.Dist. Izq.": 35, "Al.Dist. Der.": 15, "Ruta": "1V09" }, "geometry": { "type": "Point", "coordinates": [ -62.16089029, -32.67713616 ] } },
{ "type": "Feature", "properties": { "Name": "450.99", "P.K.": null, "Al.Dist. Izq.": 35, "Al.Dist. Der.": 15, "Ruta": "1V09" }, "geometry": { "type": "Point", "coordinates": [ -62.16353092, -32.67641934 ] } },
{ "type": "Feature", "properties": { "Name": "451", "P.K.": "PK451", "Al.Dist. Izq.": 35, "Al.Dist. Der.": 15, "Ruta": "1V09" }, "geometry": { "type": "Point", "coordinates": [ -62.16371801, -32.67637983 ] } },
{ "type": "Feature", "properties": { "Name": "451.72", "P.K.": null, "Al.Dist. Izq.": 35, "Al.Dist. Der.": 15, "Ruta": "1V09" }, "geometry": { "type": "Point", "coordinates": [ -62.17113, -32.67519 ] } },
{ "type": "Feature", "properties": { "Name": "452.02", "P.K.": null, "Al.Dist. Izq.": 35, "Al.Dist. Der.": 15, "Ruta": "1V09" }, "geometry": { "type": "Point", "coordinates": [ -62.17415649, -32.67478023 ] } },
{ "type": "Feature", "properties": { "Name": "452.33", "P.K.": null, "Al.Dist. Izq.": 35, "Al.Dist. Der.": 15, "Ruta": "1V09" }, "geometry": { "type": "Point", "coordinates": [ -62.17735, -32.67411 ] } },
{ "type": "Feature", "properties": { "Name": "452.96", "P.K.": null, "Al.Dist. Izq.": 35, "Al.Dist. Der.": 15, "Ruta": "1V09" }, "geometry": { "type": "Point", "coordinates": [ -62.18385665, -32.67287997 ] } },
{ "type": "Feature", "properties": { "Name": "452.97", "P.K.": null, "Al.Dist. Izq.": 35, "Al.Dist. Der.": 15, "Ruta": "1V09" }, "geometry": { "type": "Point", "coordinates": [ -62.18392074, -32.67291531 ] } },
{ "type": "Feature", "properties": { "Name": "452.98", "P.K.": null, "Al.Dist. Izq.": 35, "Al.Dist. Der.": 15, "Ruta": "1V09" }, "geometry": { "type": "Point", "coordinates": [ -62.18398731, -32.67276084 ] } },
{ "type": "Feature", "properties": { "Name": "452.98", "P.K.": null, "Al.Dist. Izq.": 35, "Al.Dist. Der.": 15, "Ruta": "1V09" }, "geometry": { "type": "Point", "coordinates": [ -62.18403, -32.67291 ] } },
{ "type": "Feature", "properties": { "Name": "453", "P.K.": "PK453", "Al.Dist. Izq.": 35, "Al.Dist. Der.": 15, "Ruta": "1V09" }, "geometry": { "type": "Point", "coordinates": [ -62.18423691, -32.67280637 ] } },
{ "type": "Feature", "properties": { "Name": "453.14", "P.K.": null, "Al.Dist. Izq.": 35, "Al.Dist. Der.": 15, "Ruta": "1V09" }, "geometry": { "type": "Point", "coordinates": [ -62.18575604, -32.67264268 ] } },
{ "type": "Feature", "properties": { "Name": "454.27", "P.K.": null, "Al.Dist. Izq.": 35, "Al.Dist. Der.": 15, "Ruta": "1V09" }, "geometry": { "type": "Point", "coordinates": [ -62.19763856, -32.67053246 ] } },
{ "type": "Feature", "properties": { "Name": "454.39", "P.K.": null, "Al.Dist. Izq.": 35, "Al.Dist. Der.": 15, "Ruta": "1V09" }, "geometry": { "type": "Point", "coordinates": [ -62.19882745, -32.67018983 ] } },
{ "type": "Feature", "properties": { "Name": "455.1", "P.K.": null, "Al.Dist. Izq.": 35, "Al.Dist. Der.": 15, "Ruta": "1V09" }, "geometry": { "type": "Point", "coordinates": [ -62.20638, -32.66894 ] } },
{ "type": "Feature", "properties": { "Name": "455.57", "P.K.": null, "Al.Dist. Izq.": 35, "Al.Dist. Der.": 15, "Ruta": "1V09" }, "geometry": { "type": "Point", "coordinates": [ -62.21124373, -32.66814362 ] } },
{ "type": "Feature", "properties": { "Name": "456.22", "P.K.": null, "Al.Dist. Izq.": 35, "Al.Dist. Der.": 15, "Ruta": "1V09" }, "geometry": { "type": "Point", "coordinates": [ -62.21801162, -32.66679197 ] } },
{ "type": "Feature", "properties": { "Name": "456.84", "P.K.": null, "Al.Dist. Izq.": 35, "Al.Dist. Der.": 15, "Ruta": "1V09" }, "geometry": { "type": "Point", "coordinates": [ -62.22466014, -32.66569234 ] } },
{ "type": "Feature", "properties": { "Name": "457", "P.K.": "PK457", "Al.Dist. Izq.": 35, "Al.Dist. Der.": 15, "Ruta": "1V09" }, "geometry": { "type": "Point", "coordinates": [ -62.22624097, -32.6653576 ] } },
{ "type": "Feature", "properties": { "Name": "457.04", "P.K.": null, "Al.Dist. Izq.": 35, "Al.Dist. Der.": 15, "Ruta": "1V09" }, "geometry": { "type": "Point", "coordinates": [ -62.22672578, -32.66540727 ] } },
{ "type": "Feature", "properties": { "Name": "458.95", "P.K.": null, "Al.Dist. Izq.": 35, "Al.Dist. Der.": 15, "Ruta": "1V09" }, "geometry": { "type": "Point", "coordinates": [ -62.24648762, -32.66190705 ] } },
{ "type": "Feature", "properties": { "Name": "459", "P.K.": "PK459", "Al.Dist. Izq.": 35, "Al.Dist. Der.": 15, "Ruta": "1V09" }, "geometry": { "type": "Point", "coordinates": [ -62.24698618, -32.66170241 ] } },
{ "type": "Feature", "properties": { "Name": "459.35", "P.K.": null, "Al.Dist. Izq.": 35, "Al.Dist. Der.": 15, "Ruta": "1V09" }, "geometry": { "type": "Point", "coordinates": [ -62.25074839, -32.6610358 ] } },
{ "type": "Feature", "properties": { "Name": "459.46", "P.K.": null, "Al.Dist. Izq.": 35, "Al.Dist. Der.": 15, "Ruta": "1V09" }, "geometry": { "type": "Point", "coordinates": [ -62.25181684, -32.66087934 ] } },
{ "type": "Feature", "properties": { "Name": "459.47", "P.K.": null, "Al.Dist. Izq.": 35, "Al.Dist. Der.": 15, "Ruta": "1V09" }, "geometry": { "type": "Point", "coordinates": [ -62.25191407, -32.66077772 ] } },
{ "type": "Feature", "properties": { "Name": "459.62", "P.K.": null, "Al.Dist. Izq.": 35, "Al.Dist. Der.": 15, "Ruta": "1V09" }, "geometry": { "type": "Point", "coordinates": [ -62.25356866, -32.66059792 ] } },
{ "type": "Feature", "properties": { "Name": "459.63", "P.K.": null, "Al.Dist. Izq.": 35, "Al.Dist. Der.": 15, "Ruta": "1V09" }, "geometry": { "type": "Point", "coordinates": [ -62.25362, -32.6606 ] } },
{ "type": "Feature", "properties": { "Name": "460", "P.K.": "PK460", "Al.Dist. Izq.": 35, "Al.Dist. Der.": 15, "Ruta": "1V09" }, "geometry": { "type": "Point", "coordinates": [ -62.25757387, -32.65990129 ] } },
{ "type": "Feature", "properties": { "Name": "461", "P.K.": null, "Al.Dist. Izq.": 35, "Al.Dist. Der.": 15, "Ruta": "1V09" }, "geometry": { "type": "Point", "coordinates": [ -62.2681652, -32.65795674 ] } },
{ "type": "Feature", "properties": { "Name": "461.51", "P.K.": null, "Al.Dist. Izq.": 35, "Al.Dist. Der.": 15, "Ruta": "1V09" }, "geometry": { "type": "Point", "coordinates": [ -62.27341541, -32.65702826 ] } },
{ "type": "Feature", "properties": { "Name": "461.74", "P.K.": null, "Al.Dist. Izq.": 35, "Al.Dist. Der.": 15, "Ruta": "1V09" }, "geometry": { "type": "Point", "coordinates": [ -62.27588812, -32.65658455 ] } },
{ "type": "Feature", "properties": { "Name": "461.84", "P.K.": null, "Al.Dist. Izq.": 35, "Al.Dist. Der.": 15, "Ruta": "1V09" }, "geometry": { "type": "Point", "coordinates": [ -62.27689717, -32.65649768 ] } },
{ "type": "Feature", "properties": { "Name": "461.84", "P.K.": null, "Al.Dist. Izq.": 35, "Al.Dist. Der.": 15, "Ruta": "1V09" }, "geometry": { "type": "Point", "coordinates": [ -62.27689717, -32.65649768 ] } },
{ "type": "Feature", "properties": { "Name": "461.85", "P.K.": null, "Al.Dist. Izq.": 35, "Al.Dist. Der.": 15, "Ruta": "1V09" }, "geometry": { "type": "Point", "coordinates": [ -62.27697026, -32.65648441 ] } },
{ "type": "Feature", "properties": { "Name": "461.88", "P.K.": null, "Al.Dist. Izq.": 35, "Al.Dist. Der.": 15, "Ruta": "1V09" }, "geometry": { "type": "Point", "coordinates": [ -62.27729347, -32.65635851 ] } },
{ "type": "Feature", "properties": { "Name": "461.91", "P.K.": null, "Al.Dist. Izq.": 35, "Al.Dist. Der.": 15, "Ruta": "1V09" }, "geometry": { "type": "Point", "coordinates": [ -62.27764953, -32.65631448 ] } },
{ "type": "Feature", "properties": { "Name": "461.92", "P.K.": null, "Al.Dist. Izq.": 35, "Al.Dist. Der.": 15, "Ruta": "1V09" }, "geometry": { "type": "Point", "coordinates": [ -62.27775688, -32.65624419 ] } },
{ "type": "Feature", "properties": { "Name": "461.92", "P.K.": null, "Al.Dist. Izq.": 35, "Al.Dist. Der.": 15, "Ruta": "1V09" }, "geometry": { "type": "Point", "coordinates": [ -62.27775688, -32.65624419 ] } },
{ "type": "Feature", "properties": { "Name": "462.02", "P.K.": null, "Al.Dist. Izq.": 35, "Al.Dist. Der.": 15, "Ruta": "1V09" }, "geometry": { "type": "Point", "coordinates": [ -62.27879316, -32.65614229 ] } },
{ "type": "Feature", "properties": { "Name": "462.05", "P.K.": null, "Al.Dist. Izq.": 35, "Al.Dist. Der.": 15, "Ruta": "1V09" }, "geometry": { "type": "Point", "coordinates": [ -62.27913111, -32.65607285 ] } },
{ "type": "Feature", "properties": { "Name": "462.07", "P.K.": null, "Al.Dist. Izq.": 35, "Al.Dist. Der.": 15, "Ruta": "1V09" }, "geometry": { "type": "Point", "coordinates": [ -62.2796813, -32.65643247 ] } },
{ "type": "Feature", "properties": { "Name": "462.11", "P.K.": null, "Al.Dist. Izq.": 35, "Al.Dist. Der.": 15, "Ruta": "1V09" }, "geometry": { "type": "Point", "coordinates": [ -62.27952909, -32.65572311 ] } },
{ "type": "Feature", "properties": { "Name": "462.19", "P.K.": null, "Al.Dist. Izq.": 35, "Al.Dist. Der.": 15, "Ruta": "1V09" }, "geometry": { "type": "Point", "coordinates": [ -62.28039443, -32.65589417 ] } },
{ "type": "Feature", "properties": { "Name": "462.2", "P.K.": null, "Al.Dist. Izq.": 35, "Al.Dist. Der.": 15, "Ruta": "1V09" }, "geometry": { "type": "Point", "coordinates": [ -62.28044875, -32.65585578 ] } },
{ "type": "Feature", "properties": { "Name": "462.26", "P.K.": null, "Al.Dist. Izq.": 35, "Al.Dist. Der.": 15, "Ruta": "1V09" }, "geometry": { "type": "Point", "coordinates": [ -62.28105392, -32.65565084 ] } },
{ "type": "Feature", "properties": { "Name": "462.27", "P.K.": null, "Al.Dist. Izq.": 35, "Al.Dist. Der.": 15, "Ruta": "1V09" }, "geometry": { "type": "Point", "coordinates": [ -62.28117362, -32.65572904 ] } },
{ "type": "Feature", "properties": { "Name": "462.74", "P.K.": null, "Al.Dist. Izq.": 35, "Al.Dist. Der.": 15, "Ruta": "1V09" }, "geometry": { "type": "Point", "coordinates": [ -62.28621382, -32.654793 ] } },
{ "type": "Feature", "properties": { "Name": "462.75", "P.K.": null, "Al.Dist. Izq.": 35, "Al.Dist. Der.": 15, "Ruta": "1V09" }, "geometry": { "type": "Point", "coordinates": [ -62.28628336, -32.65475325 ] } },
{ "type": "Feature", "properties": { "Name": "462.75", "P.K.": null, "Al.Dist. Izq.": 15, "Al.Dist. Der.": 15, "Ruta": "1V09" }, "geometry": { "type": "Point", "coordinates": [ -62.28628336, -32.65475325 ] } },
{ "type": "Feature", "properties": { "Name": "462.87", "P.K.": null, "Al.Dist. Izq.": 15, "Al.Dist. Der.": 15, "Ruta": "1V09" }, "geometry": { "type": "Point", "coordinates": [ -62.28755859, -32.65453825 ] } },
{ "type": "Feature", "properties": { "Name": "462.88", "P.K.": null, "Al.Dist. Izq.": 15, "Al.Dist. Der.": 15, "Ruta": "1V09" }, "geometry": { "type": "Point", "coordinates": [ -62.28766054, -32.65464056 ] } },
{ "type": "Feature", "properties": { "Name": "462.91", "P.K.": null, "Al.Dist. Izq.": 15, "Al.Dist. Der.": 15, "Ruta": "1V09" }, "geometry": { "type": "Point", "coordinates": [ -62.28804644, -32.65456943 ] } },
{ "type": "Feature", "properties": { "Name": "462.94", "P.K.": null, "Al.Dist. Izq.": 15, "Al.Dist. Der.": 15, "Ruta": "1V09" }, "geometry": { "type": "Point", "coordinates": [ -62.28826516, -32.65440415 ] } },
{ "type": "Feature", "properties": { "Name": "462.97", "P.K.": null, "Al.Dist. Izq.": 15, "Al.Dist. Der.": 15, "Ruta": "1V09" }, "geometry": { "type": "Point", "coordinates": [ -62.28857808, -32.65434902 ] } },
{ "type": "Feature", "properties": { "Name": "462.97", "P.K.": null, "Al.Dist. Izq.": null, "Al.Dist. Der.": null, "Ruta": "1V09" }, "geometry": { "type": "Point", "coordinates": [ -62.28857808, -32.65434902 ] } },
{ "type": "Feature", "properties": { "Name": "463.1", "P.K.": null, "Al.Dist. Izq.": null, "Al.Dist. Der.": null, "Ruta": "1V09" }, "geometry": { "type": "Point", "coordinates": [ -62.28994612, -32.65423069 ] } },
{ "type": "Feature", "properties": { "Name": "463.17", "P.K.": null, "Al.Dist. Izq.": null, "Al.Dist. Der.": null, "Ruta": "1V09" }, "geometry": { "type": "Point", "coordinates": [ -62.29075916, -32.65407459 ] } },
{ "type": "Feature", "properties": { "Name": "463.19", "P.K.": null, "Al.Dist. Izq.": null, "Al.Dist. Der.": null, "Ruta": "1V09" }, "geometry": { "type": "Point", "coordinates": [ -62.29096234, -32.65398341 ] } },
{ "type": "Feature", "properties": { "Name": "463.21", "P.K.": null, "Al.Dist. Izq.": null, "Al.Dist. Der.": null, "Ruta": "1V09" }, "geometry": { "type": "Point", "coordinates": [ -62.2911283, -32.65400006 ] } },
{ "type": "Feature", "properties": { "Name": "463.27", "P.K.": null, "Al.Dist. Izq.": null, "Al.Dist. Der.": null, "Ruta": "1V09" }, "geometry": { "type": "Point", "coordinates": [ -62.29174018, -32.65370734 ] } },
{ "type": "Feature", "properties": { "Name": "463.31", "P.K.": null, "Al.Dist. Izq.": null, "Al.Dist. Der.": null, "Ruta": "1V09" }, "geometry": { "type": "Point", "coordinates": [ -62.2922156, -32.65381573 ] } },
{ "type": "Feature", "properties": { "Name": "463.36", "P.K.": null, "Al.Dist. Izq.": null, "Al.Dist. Der.": null, "Ruta": "1V09" }, "geometry": { "type": "Point", "coordinates": [ -62.29268532, -32.65373189 ] } },
{ "type": "Feature", "properties": { "Name": "463.4", "P.K.": null, "Al.Dist. Izq.": null, "Al.Dist. Der.": null, "Ruta": "1V09" }, "geometry": { "type": "Point", "coordinates": [ -62.29305446, -32.65347078 ] } },
{ "type": "Feature", "properties": { "Name": "463.42", "P.K.": null, "Al.Dist. Izq.": null, "Al.Dist. Der.": null, "Ruta": "1V09" }, "geometry": { "type": "Point", "coordinates": [ -62.29334266, -32.65351144 ] } },
{ "type": "Feature", "properties": { "Name": "463.49", "P.K.": null, "Al.Dist. Izq.": null, "Al.Dist. Der.": null, "Ruta": "1V09" }, "geometry": { "type": "Point", "coordinates": [ -62.29399666, -32.65336747 ] } },
{ "type": "Feature", "properties": { "Name": "463.5", "P.K.": null, "Al.Dist. Izq.": null, "Al.Dist. Der.": null, "Ruta": "1V09" }, "geometry": { "type": "Point", "coordinates": [ -62.29410119, -32.65329125 ] } },
{ "type": "Feature", "properties": { "Name": "463.53", "P.K.": null, "Al.Dist. Izq.": null, "Al.Dist. Der.": null, "Ruta": "1V09" }, "geometry": { "type": "Point", "coordinates": [ -62.29439277, -32.65322007 ] } },
{ "type": "Feature", "properties": { "Name": "463.55", "P.K.": null, "Al.Dist. Izq.": null, "Al.Dist. Der.": null, "Ruta": "1V09" }, "geometry": { "type": "Point", "coordinates": [ -62.2946021, -32.6531916 ] } },
{ "type": "Feature", "properties": { "Name": "463.58", "P.K.": null, "Al.Dist. Izq.": null, "Al.Dist. Der.": null, "Ruta": "1V09" }, "geometry": { "type": "Point", "coordinates": [ -62.29475408, -32.6527183 ] } },
{ "type": "Feature", "properties": { "Name": "463.59", "P.K.": null, "Al.Dist. Izq.": null, "Al.Dist. Der.": null, "Ruta": "1V09" }, "geometry": { "type": "Point", "coordinates": [ -62.29486, -32.65285 ] } },
{ "type": "Feature", "properties": { "Name": "463.64", "P.K.": null, "Al.Dist. Izq.": null, "Al.Dist. Der.": null, "Ruta": "1V09" }, "geometry": { "type": "Point", "coordinates": [ -62.29536988, -32.65305638 ] } },
{ "type": "Feature", "properties": { "Name": "463.66", "P.K.": null, "Al.Dist. Izq.": null, "Al.Dist. Der.": null, "Ruta": "1V09" }, "geometry": { "type": "Point", "coordinates": [ -62.29552578, -32.65306034 ] } },
{ "type": "Feature", "properties": { "Name": "463.69", "P.K.": null, "Al.Dist. Izq.": null, "Al.Dist. Der.": null, "Ruta": "1V09" }, "geometry": { "type": "Point", "coordinates": [ -62.29591839, -32.65315688 ] } },
{ "type": "Feature", "properties": { "Name": "463.7", "P.K.": null, "Al.Dist. Izq.": null, "Al.Dist. Der.": null, "Ruta": "1V09" }, "geometry": { "type": "Point", "coordinates": [ -62.29603037, -32.65317043 ] } },
{ "type": "Feature", "properties": { "Name": "463.71", "P.K.": null, "Al.Dist. Izq.": null, "Al.Dist. Der.": null, "Ruta": "1V09" }, "geometry": { "type": "Point", "coordinates": [ -62.29609609, -32.65301343 ] } },
{ "type": "Feature", "properties": { "Name": "463.74", "P.K.": null, "Al.Dist. Izq.": null, "Al.Dist. Der.": null, "Ruta": "1V09" }, "geometry": { "type": "Point", "coordinates": [ -62.29641125, -32.65308857 ] } },
{ "type": "Feature", "properties": { "Name": "463.76", "P.K.": null, "Al.Dist. Izq.": null, "Al.Dist. Der.": null, "Ruta": "1V09" }, "geometry": { "type": "Point", "coordinates": [ -62.29666036, -32.65302477 ] } },
{ "type": "Feature", "properties": { "Name": "463.77", "P.K.": null, "Al.Dist. Izq.": null, "Al.Dist. Der.": null, "Ruta": "1V09" }, "geometry": { "type": "Point", "coordinates": [ -62.29675323, -32.65298101 ] } },
{ "type": "Feature", "properties": { "Name": "463.83", "P.K.": null, "Al.Dist. Izq.": null, "Al.Dist. Der.": null, "Ruta": "1V09" }, "geometry": { "type": "Point", "coordinates": [ -62.29730107, -32.65289605 ] } },
{ "type": "Feature", "properties": { "Name": "463.85", "P.K.": null, "Al.Dist. Izq.": null, "Al.Dist. Der.": null, "Ruta": "1V09" }, "geometry": { "type": "Point", "coordinates": [ -62.29753342, -32.65286641 ] } },
{ "type": "Feature", "properties": { "Name": "463.85", "P.K.": null, "Al.Dist. Izq.": null, "Al.Dist. Der.": null, "Ruta": "1V09" }, "geometry": { "type": "Point", "coordinates": [ -62.29749486, -32.65271143 ] } },
{ "type": "Feature", "properties": { "Name": "463.87", "P.K.": null, "Al.Dist. Izq.": null, "Al.Dist. Der.": null, "Ruta": "1V09" }, "geometry": { "type": "Point", "coordinates": [ -62.29773089, -32.65283874 ] } },
{ "type": "Feature", "properties": { "Name": "463.89", "P.K.": null, "Al.Dist. Izq.": null, "Al.Dist. Der.": null, "Ruta": "1V09" }, "geometry": { "type": "Point", "coordinates": [ -62.29795016, -32.65264368 ] } },
{ "type": "Feature", "properties": { "Name": "463.91", "P.K.": null, "Al.Dist. Izq.": null, "Al.Dist. Der.": null, "Ruta": "1V09" }, "geometry": { "type": "Point", "coordinates": [ -62.29820732, -32.65260952 ] } },
{ "type": "Feature", "properties": { "Name": "463.92", "P.K.": null, "Al.Dist. Izq.": null, "Al.Dist. Der.": null, "Ruta": "1V09" }, "geometry": { "type": "Point", "coordinates": [ -62.29832031, -32.65274192 ] } },
{ "type": "Feature", "properties": { "Name": "463.93", "P.K.": null, "Al.Dist. Izq.": null, "Al.Dist. Der.": null, "Ruta": "1V09" }, "geometry": { "type": "Point", "coordinates": [ -62.2983421, -32.65258355 ] } },
{ "type": "Feature", "properties": { "Name": "463.94", "P.K.": null, "Al.Dist. Izq.": null, "Al.Dist. Der.": null, "Ruta": "1V09" }, "geometry": { "type": "Point", "coordinates": [ -62.29850605, -32.65271566 ] } },
{ "type": "Feature", "properties": { "Name": "463.96", "P.K.": null, "Al.Dist. Izq.": null, "Al.Dist. Der.": null, "Ruta": "1V09" }, "geometry": { "type": "Point", "coordinates": [ -62.29873069, -32.65269167 ] } },
{ "type": "Feature", "properties": { "Name": "463.98", "P.K.": null, "Al.Dist. Izq.": null, "Al.Dist. Der.": null, "Ruta": "1V09" }, "geometry": { "type": "Point", "coordinates": [ -62.29892448, -32.65265384 ] } },
{ "type": "Feature", "properties": { "Name": "464", "P.K.": null, "Al.Dist. Izq.": null, "Al.Dist. Der.": null, "Ruta": "1V09" }, "geometry": { "type": "Point", "coordinates": [ -62.29910284, -32.65266598 ] } },
{ "type": "Feature", "properties": { "Name": "464.07", "P.K.": null, "Al.Dist. Izq.": null, "Al.Dist. Der.": null, "Ruta": "1V09" }, "geometry": { "type": "Point", "coordinates": [ -62.29982067, -32.6524074 ] } },
{ "type": "Feature", "properties": { "Name": "464.09", "P.K.": null, "Al.Dist. Izq.": null, "Al.Dist. Der.": null, "Ruta": "1V09" }, "geometry": { "type": "Point", "coordinates": [ -62.30008822, -32.65247544 ] } },
{ "type": "Feature", "properties": { "Name": "464.12", "P.K.": null, "Al.Dist. Izq.": null, "Al.Dist. Der.": null, "Ruta": "1V09" }, "geometry": { "type": "Point", "coordinates": [ -62.30035309, -32.65233881 ] } },
{ "type": "Feature", "properties": { "Name": "464.13", "P.K.": null, "Al.Dist. Izq.": null, "Al.Dist. Der.": null, "Ruta": "1V09" }, "geometry": { "type": "Point", "coordinates": [ -62.30048719, -32.65230978 ] } },
{ "type": "Feature", "properties": { "Name": "464.17", "P.K.": null, "Al.Dist. Izq.": null, "Al.Dist. Der.": null, "Ruta": "1V09" }, "geometry": { "type": "Point", "coordinates": [ -62.301029, -32.65223775 ] } },
{ "type": "Feature", "properties": { "Name": "464.21", "P.K.": null, "Al.Dist. Izq.": null, "Al.Dist. Der.": null, "Ruta": "1V09" }, "geometry": { "type": "Point", "coordinates": [ -62.30142463, -32.65214459 ] } },
{ "type": "Feature", "properties": { "Name": "464.23", "P.K.": null, "Al.Dist. Izq.": null, "Al.Dist. Der.": null, "Ruta": "1V09" }, "geometry": { "type": "Point", "coordinates": [ -62.30163447, -32.65210721 ] } },
{ "type": "Feature", "properties": { "Name": "464.26", "P.K.": null, "Al.Dist. Izq.": null, "Al.Dist. Der.": null, "Ruta": "1V09" }, "geometry": { "type": "Point", "coordinates": [ -62.30196442, -32.65214121 ] } },
{ "type": "Feature", "properties": { "Name": "464.26", "P.K.": null, "Al.Dist. Izq.": null, "Al.Dist. Der.": null, "Ruta": "1V09" }, "geometry": { "type": "Point", "coordinates": [ -62.30188765, -32.65195828 ] } },
{ "type": "Feature", "properties": { "Name": "464.28", "P.K.": null, "Al.Dist. Izq.": null, "Al.Dist. Der.": null, "Ruta": "1V09" }, "geometry": { "type": "Point", "coordinates": [ -62.30214313, -32.65210112 ] } },
{ "type": "Feature", "properties": { "Name": "464.31", "P.K.": null, "Al.Dist. Izq.": null, "Al.Dist. Der.": null, "Ruta": "1V09" }, "geometry": { "type": "Point", "coordinates": [ -62.30245963, -32.65196336 ] } },
{ "type": "Feature", "properties": { "Name": "464.32", "P.K.": null, "Al.Dist. Izq.": null, "Al.Dist. Der.": null, "Ruta": "1V09" }, "geometry": { "type": "Point", "coordinates": [ -62.30251595, -32.65183605 ] } },
{ "type": "Feature", "properties": { "Name": "464.34", "P.K.": null, "Al.Dist. Izq.": null, "Al.Dist. Der.": null, "Ruta": "1V09" }, "geometry": { "type": "Point", "coordinates": [ -62.30283815, -32.65201756 ] } },
{ "type": "Feature", "properties": { "Name": "464.37", "P.K.": null, "Al.Dist. Izq.": null, "Al.Dist. Der.": null, "Ruta": "1V09" }, "geometry": { "type": "Point", "coordinates": [ -62.30304636, -32.65190578 ] } },
{ "type": "Feature", "properties": { "Name": "464.38", "P.K.": null, "Al.Dist. Izq.": null, "Al.Dist. Der.": null, "Ruta": "1V09" }, "geometry": { "type": "Point", "coordinates": [ -62.30320964, -32.6518863 ] } },
{ "type": "Feature", "properties": { "Name": "464.4", "P.K.": null, "Al.Dist. Izq.": null, "Al.Dist. Der.": null, "Ruta": "1V09" }, "geometry": { "type": "Point", "coordinates": [ -62.30339237, -32.65185468 ] } },
{ "type": "Feature", "properties": { "Name": "464.42", "P.K.": null, "Al.Dist. Izq.": null, "Al.Dist. Der.": null, "Ruta": "1V09" }, "geometry": { "type": "Point", "coordinates": [ -62.30359588, -32.65183153 ] } },
{ "type": "Feature", "properties": { "Name": "464.42", "P.K.": null, "Al.Dist. Izq.": null, "Al.Dist. Der.": null, "Ruta": "1V09" }, "geometry": { "type": "Point", "coordinates": [ -62.30363075, -32.65164155 ] } },
{ "type": "Feature", "properties": { "Name": "464.43", "P.K.": null, "Al.Dist. Izq.": null, "Al.Dist. Der.": null, "Ruta": "1V09" }, "geometry": { "type": "Point", "coordinates": [ -62.30365388, -32.65170507 ] } },
{ "type": "Feature", "properties": { "Name": "464.45", "P.K.": null, "Al.Dist. Izq.": null, "Al.Dist. Der.": null, "Ruta": "1V09" }, "geometry": { "type": "Point", "coordinates": [ -62.30389964, -32.65174882 ] } },
{ "type": "Feature", "properties": { "Name": "464.47", "P.K.": null, "Al.Dist. Izq.": null, "Al.Dist. Der.": null, "Ruta": "1V09" }, "geometry": { "type": "Point", "coordinates": [ -62.30419401, -32.65181911 ] } },
{ "type": "Feature", "properties": { "Name": "464.47", "P.K.": null, "Al.Dist. Izq.": null, "Al.Dist. Der.": null, "Ruta": "1V09" }, "geometry": { "type": "Point", "coordinates": [ -62.30418261, -32.65175786 ] } },
{ "type": "Feature", "properties": { "Name": "464.53", "P.K.": null, "Al.Dist. Izq.": null, "Al.Dist. Der.": null, "Ruta": "1V09" }, "geometry": { "type": "Point", "coordinates": [ -62.30477069, -32.65155235 ] } },
{ "type": "Feature", "properties": { "Name": "464.54", "P.K.": null, "Al.Dist. Izq.": null, "Al.Dist. Der.": null, "Ruta": "1V09" }, "geometry": { "type": "Point", "coordinates": [ -62.30483774, -32.65170055 ] } },
{ "type": "Feature", "properties": { "Name": "464.57", "P.K.": null, "Al.Dist. Izq.": null, "Al.Dist. Der.": null, "Ruta": "1V09" }, "geometry": { "type": "Point", "coordinates": [ -62.30519984, -32.65137592 ] } },
{ "type": "Feature", "properties": { "Name": "464.58", "P.K.": null, "Al.Dist. Izq.": null, "Al.Dist. Der.": null, "Ruta": "1V09" }, "geometry": { "type": "Point", "coordinates": [ -62.30524778, -32.65159187 ] } },
{ "type": "Feature", "properties": { "Name": "464.6", "P.K.": null, "Al.Dist. Izq.": null, "Al.Dist. Der.": null, "Ruta": "1V09" }, "geometry": { "type": "Point", "coordinates": [ -62.3055217, -32.65159356 ] } },
{ "type": "Feature", "properties": { "Name": "464.62", "P.K.": null, "Al.Dist. Izq.": null, "Al.Dist. Der.": null, "Ruta": "1V09" }, "geometry": { "type": "Point", "coordinates": [ -62.30563637, -32.65129631 ] } },
{ "type": "Feature", "properties": { "Name": "464.63", "P.K.": null, "Al.Dist. Izq.": null, "Al.Dist. Der.": null, "Ruta": "1V09" }, "geometry": { "type": "Point", "coordinates": [ -62.30573528, -32.65126808 ] } },
{ "type": "Feature", "properties": { "Name": "464.64", "P.K.": null, "Al.Dist. Izq.": null, "Al.Dist. Der.": null, "Ruta": "1V09" }, "geometry": { "type": "Point", "coordinates": [ -62.30587475, -32.65122658 ] } },
{ "type": "Feature", "properties": { "Name": "464.68", "P.K.": null, "Al.Dist. Izq.": null, "Al.Dist. Der.": null, "Ruta": "1V09" }, "geometry": { "type": "Point", "coordinates": [ -62.30625764, -32.65120033 ] } },
{ "type": "Feature", "properties": { "Name": "464.7", "P.K.": null, "Al.Dist. Izq.": null, "Al.Dist. Der.": null, "Ruta": "1V09" }, "geometry": { "type": "Point", "coordinates": [ -62.30649769, -32.65117549 ] } },
{ "type": "Feature", "properties": { "Name": "464.74", "P.K.": null, "Al.Dist. Izq.": null, "Al.Dist. Der.": null, "Ruta": "1V09" }, "geometry": { "type": "Point", "coordinates": [ -62.30696708, -32.65105608 ] } },
{ "type": "Feature", "properties": { "Name": "464.75", "P.K.": null, "Al.Dist. Izq.": null, "Al.Dist. Der.": null, "Ruta": "1V09" }, "geometry": { "type": "Point", "coordinates": [ -62.30698954, -32.65097111 ] } },
{ "type": "Feature", "properties": { "Name": "464.78", "P.K.": null, "Al.Dist. Izq.": null, "Al.Dist. Der.": null, "Ruta": "1V09" }, "geometry": { "type": "Point", "coordinates": [ -62.30730034, -32.65104168 ] } },
{ "type": "Feature", "properties": { "Name": "464.78", "P.K.": null, "Al.Dist. Izq.": null, "Al.Dist. Der.": null, "Ruta": "1V09" }, "geometry": { "type": "Point", "coordinates": [ -62.30737, -32.65109 ] } },
{ "type": "Feature", "properties": { "Name": "464.85", "P.K.": null, "Al.Dist. Izq.": null, "Al.Dist. Der.": null, "Ruta": "1V09" }, "geometry": { "type": "Point", "coordinates": [ -62.3080869, -32.65079891 ] } },
{ "type": "Feature", "properties": { "Name": "464.87", "P.K.": null, "Al.Dist. Izq.": null, "Al.Dist. Der.": null, "Ruta": "1V09" }, "geometry": { "type": "Point", "coordinates": [ -62.30831, -32.65093 ] } },
{ "type": "Feature", "properties": { "Name": "464.91", "P.K.": null, "Al.Dist. Izq.": null, "Al.Dist. Der.": null, "Ruta": "1V09" }, "geometry": { "type": "Point", "coordinates": [ -62.30872677, -32.65085511 ] } },
{ "type": "Feature", "properties": { "Name": "464.91", "P.K.": null, "Al.Dist. Izq.": 35, "Al.Dist. Der.": 15, "Ruta": "1V09" }, "geometry": { "type": "Point", "coordinates": [ -62.30872677, -32.65085511 ] } },
{ "type": "Feature", "properties": { "Name": "464.94", "P.K.": null, "Al.Dist. Izq.": 35, "Al.Dist. Der.": 15, "Ruta": "1V09" }, "geometry": { "type": "Point", "coordinates": [ -62.30903439, -32.65087372 ] } },
{ "type": "Feature", "properties": { "Name": "465", "P.K.": "PK465", "Al.Dist. Izq.": 35, "Al.Dist. Der.": 15, "Ruta": "1V09" }, "geometry": { "type": "Point", "coordinates": [ -62.30965029, -32.65079891 ] } },
{ "type": "Feature", "properties": { "Name": "465.53", "P.K.": null, "Al.Dist. Izq.": 35, "Al.Dist. Der.": 15, "Ruta": "1V09" }, "geometry": { "type": "Point", "coordinates": [ -62.31532, -32.64972 ] } },
{ "type": "Feature", "properties": { "Name": "465.59", "P.K.": null, "Al.Dist. Izq.": 35, "Al.Dist. Der.": 15, "Ruta": "1V09" }, "geometry": { "type": "Point", "coordinates": [ -62.31596394, -32.64958738 ] } },
{ "type": "Feature", "properties": { "Name": "465.6", "P.K.": null, "Al.Dist. Izq.": 35, "Al.Dist. Der.": 15, "Ruta": "1V09" }, "geometry": { "type": "Point", "coordinates": [ -62.31598936, -32.64963416 ] } },
{ "type": "Feature", "properties": { "Name": "465.67", "P.K.": null, "Al.Dist. Izq.": 35, "Al.Dist. Der.": 15, "Ruta": "1V09" }, "geometry": { "type": "Point", "coordinates": [ -62.31671087, -32.6494038 ] } },
{ "type": "Feature", "properties": { "Name": "465.71", "P.K.": null, "Al.Dist. Izq.": 35, "Al.Dist. Der.": 15, "Ruta": "1V09" }, "geometry": { "type": "Point", "coordinates": [ -62.31719032, -32.6493256 ] } },
{ "type": "Feature", "properties": { "Name": "465.9", "P.K.": null, "Al.Dist. Izq.": 35, "Al.Dist. Der.": 15, "Ruta": "1V09" }, "geometry": { "type": "Point", "coordinates": [ -62.31915312, -32.64904043 ] } },
{ "type": "Feature", "properties": { "Name": "466.04", "P.K.": null, "Al.Dist. Izq.": 35, "Al.Dist. Der.": 15, "Ruta": "1V09" }, "geometry": { "type": "Point", "coordinates": [ -62.32056526, -32.64879424 ] } },
{ "type": "Feature", "properties": { "Name": "466.1", "P.K.": null, "Al.Dist. Izq.": 35, "Al.Dist. Der.": 15, "Ruta": "1V09" }, "geometry": { "type": "Point", "coordinates": [ -62.3212257, -32.64860489 ] } },
{ "type": "Feature", "properties": { "Name": "466.14", "P.K.": null, "Al.Dist. Izq.": 35, "Al.Dist. Der.": 15, "Ruta": "1V09" }, "geometry": { "type": "Point", "coordinates": [ -62.32165862, -32.64857511 ] } },
{ "type": "Feature", "properties": { "Name": "466.15", "P.K.": null, "Al.Dist. Izq.": 35, "Al.Dist. Der.": 15, "Ruta": "1V09" }, "geometry": { "type": "Point", "coordinates": [ -62.3216961, -32.64828674 ] } },
{ "type": "Feature", "properties": { "Name": "466.77", "P.K.": null, "Al.Dist. Izq.": 35, "Al.Dist. Der.": 15, "Ruta": "1V09" }, "geometry": { "type": "Point", "coordinates": [ -62.32833084, -32.64737067 ] } },
{ "type": "Feature", "properties": { "Name": "467.1", "P.K.": null, "Al.Dist. Izq.": 35, "Al.Dist. Der.": 15, "Ruta": "1V09" }, "geometry": { "type": "Point", "coordinates": [ -62.33173427, -32.64679851 ] } },
{ "type": "Feature", "properties": { "Name": "467.27", "P.K.": null, "Al.Dist. Izq.": 35, "Al.Dist. Der.": 15, "Ruta": "1V09" }, "geometry": { "type": "Point", "coordinates": [ -62.33350888, -32.6463984 ] } },
{ "type": "Feature", "properties": { "Name": "467.27", "P.K.": null, "Al.Dist. Izq.": 35, "Al.Dist. Der.": 15, "Ruta": "1V09" }, "geometry": { "type": "Point", "coordinates": [ -62.33350888, -32.6463984 ] } },
{ "type": "Feature", "properties": { "Name": "467.28", "P.K.": null, "Al.Dist. Izq.": 35, "Al.Dist. Der.": 15, "Ruta": "1V09" }, "geometry": { "type": "Point", "coordinates": [ -62.33362656, -32.64654294 ] } },
{ "type": "Feature", "properties": { "Name": "467.29", "P.K.": null, "Al.Dist. Izq.": 35, "Al.Dist. Der.": 15, "Ruta": "1V09" }, "geometry": { "type": "Point", "coordinates": [ -62.33380158, -32.64641054 ] } },
{ "type": "Feature", "properties": { "Name": "467.29", "P.K.": null, "Al.Dist. Izq.": 35, "Al.Dist. Der.": 15, "Ruta": "1V09" }, "geometry": { "type": "Point", "coordinates": [ -62.33380158, -32.64641054 ] } },
{ "type": "Feature", "properties": { "Name": "467.3", "P.K.": null, "Al.Dist. Izq.": 35, "Al.Dist. Der.": 15, "Ruta": "1V09" }, "geometry": { "type": "Point", "coordinates": [ -62.33383812, -32.64652657 ] } },
{ "type": "Feature", "properties": { "Name": "467.41", "P.K.": null, "Al.Dist. Izq.": 35, "Al.Dist. Der.": 15, "Ruta": "1V09" }, "geometry": { "type": "Point", "coordinates": [ -62.3349385, -32.64613473 ] } },
{ "type": "Feature", "properties": { "Name": "467.42", "P.K.": null, "Al.Dist. Izq.": 35, "Al.Dist. Der.": 15, "Ruta": "1V09" }, "geometry": { "type": "Point", "coordinates": [ -62.33510882, -32.64610283 ] } },
{ "type": "Feature", "properties": { "Name": "467.43", "P.K.": null, "Al.Dist. Izq.": 35, "Al.Dist. Der.": 15, "Ruta": "1V09" }, "geometry": { "type": "Point", "coordinates": [ -62.335235, -32.646207 ] } },
{ "type": "Feature", "properties": { "Name": "467.43", "P.K.": null, "Al.Dist. Izq.": 35, "Al.Dist. Der.": 15, "Ruta": "1V09" }, "geometry": { "type": "Point", "coordinates": [ -62.335235, -32.646207 ] } },
{ "type": "Feature", "properties": { "Name": "467.45", "P.K.": null, "Al.Dist. Izq.": 35, "Al.Dist. Der.": 15, "Ruta": "1V09" }, "geometry": { "type": "Point", "coordinates": [ -62.33538442, -32.64609776 ] } },
{ "type": "Feature", "properties": { "Name": "467.5", "P.K.": null, "Al.Dist. Izq.": 35, "Al.Dist. Der.": 15, "Ruta": "1V09" }, "geometry": { "type": "Point", "coordinates": [ -62.3360543, -32.64605907 ] } },
{ "type": "Feature", "properties": { "Name": "467.84", "P.K.": null, "Al.Dist. Izq.": 35, "Al.Dist. Der.": 15, "Ruta": "1V09" }, "geometry": { "type": "Point", "coordinates": [ -62.33955458, -32.64544674 ] } },
{ "type": "Feature", "properties": { "Name": "468", "P.K.": "PK468", "Al.Dist. Izq.": 35, "Al.Dist. Der.": 15, "Ruta": "1V09" }, "geometry": { "type": "Point", "coordinates": [ -62.34131243, -32.64513591 ] } },
{ "type": "Feature", "properties": { "Name": "468.05", "P.K.": null, "Al.Dist. Izq.": 35, "Al.Dist. Der.": 15, "Ruta": "1V09" }, "geometry": { "type": "Point", "coordinates": [ -62.34178884, -32.64501678 ] } },
{ "type": "Feature", "properties": { "Name": "468.38", "P.K.": null, "Al.Dist. Izq.": 35, "Al.Dist. Der.": 15, "Ruta": "1V09" }, "geometry": { "type": "Point", "coordinates": [ -62.34522348, -32.64436956 ] } },
{ "type": "Feature", "properties": { "Name": "468.67", "P.K.": null, "Al.Dist. Izq.": 35, "Al.Dist. Der.": 15, "Ruta": "1V09" }, "geometry": { "type": "Point", "coordinates": [ -62.34839, -32.64383 ] } },
{ "type": "Feature", "properties": { "Name": "469", "P.K.": "PK469", "Al.Dist. Izq.": 35, "Al.Dist. Der.": 15, "Ruta": "1V09" }, "geometry": { "type": "Point", "coordinates": [ -62.35177492, -32.64322574 ] } },
{ "type": "Feature", "properties": { "Name": "469.91", "P.K.": null, "Al.Dist. Izq.": 35, "Al.Dist. Der.": 15, "Ruta": "1V09" }, "geometry": { "type": "Point", "coordinates": [ -62.36076151, -32.64161227 ] } },
{ "type": "Feature", "properties": { "Name": "469.92", "P.K.": null, "Al.Dist. Izq.": 35, "Al.Dist. Der.": 15, "Ruta": "1V09" }, "geometry": { "type": "Point", "coordinates": [ -62.36081444, -32.64148639 ] } },
{ "type": "Feature", "properties": { "Name": "469.99", "P.K.": null, "Al.Dist. Izq.": 35, "Al.Dist. Der.": 15, "Ruta": "1V09" }, "geometry": { "type": "Point", "coordinates": [ -62.36159127, -32.64150842 ] } },
{ "type": "Feature", "properties": { "Name": "470", "P.K.": "PK470", "Al.Dist. Izq.": 35, "Al.Dist. Der.": 15, "Ruta": "1V09" }, "geometry": { "type": "Point", "coordinates": [ -62.36167375, -32.64146381 ] } },
{ "type": "Feature", "properties": { "Name": "470.06", "P.K.": null, "Al.Dist. Izq.": 35, "Al.Dist. Der.": 15, "Ruta": "1V09" }, "geometry": { "type": "Point", "coordinates": [ -62.36236345, -32.64135612 ] } },
{ "type": "Feature", "properties": { "Name": "471", "P.K.": "PK471", "Al.Dist. Izq.": 35, "Al.Dist. Der.": 15, "Ruta": "1V09" }, "geometry": { "type": "Point", "coordinates": [ -62.37175751, -32.63964902 ] } },
{ "type": "Feature", "properties": { "Name": "471.1", "P.K.": null, "Al.Dist. Izq.": 35, "Al.Dist. Der.": 15, "Ruta": "1V09" }, "geometry": { "type": "Point", "coordinates": [ -62.37276, -32.6395 ] } },
{ "type": "Feature", "properties": { "Name": "472", "P.K.": "PK472", "Al.Dist. Izq.": 35, "Al.Dist. Der.": 15, "Ruta": "1V09" }, "geometry": { "type": "Point", "coordinates": [ -62.38265864, -32.63771459 ] } },
{ "type": "Feature", "properties": { "Name": "472.22", "P.K.": null, "Al.Dist. Izq.": 35, "Al.Dist. Der.": 15, "Ruta": "1V09" }, "geometry": { "type": "Point", "coordinates": [ -62.38497, -32.6373 ] } },
{ "type": "Feature", "properties": { "Name": "472.51", "P.K.": null, "Al.Dist. Izq.": 35, "Al.Dist. Der.": 15, "Ruta": "1V09" }, "geometry": { "type": "Point", "coordinates": [ -62.38784698, -32.6366405 ] } },
{ "type": "Feature", "properties": { "Name": "472.52", "P.K.": null, "Al.Dist. Izq.": 35, "Al.Dist. Der.": 15, "Ruta": "1V09" }, "geometry": { "type": "Point", "coordinates": [ -62.38797698, -32.6367705 ] } },
{ "type": "Feature", "properties": { "Name": "473", "P.K.": "PK473", "Al.Dist. Izq.": 35, "Al.Dist. Der.": 15, "Ruta": "1V09" }, "geometry": { "type": "Point", "coordinates": [ -62.39289466, -32.63584681 ] } },
{ "type": "Feature", "properties": { "Name": "473.09", "P.K.": null, "Al.Dist. Izq.": 35, "Al.Dist. Der.": 15, "Ruta": "1V09" }, "geometry": { "type": "Point", "coordinates": [ -62.39387, -32.63571 ] } },
{ "type": "Feature", "properties": { "Name": "473.2", "P.K.": null, "Al.Dist. Izq.": 35, "Al.Dist. Der.": 15, "Ruta": "1V09" }, "geometry": { "type": "Point", "coordinates": [ -62.3949251, -32.6355224 ] } },
{ "type": "Feature", "properties": { "Name": "474", "P.K.": "PK474", "Al.Dist. Izq.": 35, "Al.Dist. Der.": 15, "Ruta": "1V09" }, "geometry": { "type": "Point", "coordinates": [ -62.40321647, -32.63410926 ] } },
{ "type": "Feature", "properties": { "Name": "474.73", "P.K.": null, "Al.Dist. Izq.": 35, "Al.Dist. Der.": 15, "Ruta": "1V09" }, "geometry": { "type": "Point", "coordinates": [ -62.41084233, -32.632693 ] } },
{ "type": "Feature", "properties": { "Name": "474.86", "P.K.": null, "Al.Dist. Izq.": 35, "Al.Dist. Der.": 15, "Ruta": "1V09" }, "geometry": { "type": "Point", "coordinates": [ -62.41215, -32.63247 ] } },
{ "type": "Feature", "properties": { "Name": "475", "P.K.": "PK475", "Al.Dist. Izq.": 35, "Al.Dist. Der.": 15, "Ruta": "1V09" }, "geometry": { "type": "Point", "coordinates": [ -62.41358522, -32.63217206 ] } },
{ "type": "Feature", "properties": { "Name": "475.01", "P.K.": null, "Al.Dist. Izq.": 35, "Al.Dist. Der.": 15, "Ruta": "1V09" }, "geometry": { "type": "Point", "coordinates": [ -62.41374649, -32.63215315 ] } },
{ "type": "Feature", "properties": { "Name": "475.13", "P.K.": null, "Al.Dist. Izq.": 35, "Al.Dist. Der.": 15, "Ruta": "1V09" }, "geometry": { "type": "Point", "coordinates": [ -62.4149622, -32.63196199 ] } },
{ "type": "Feature", "properties": { "Name": "475.24", "P.K.": null, "Al.Dist. Izq.": 35, "Al.Dist. Der.": 15, "Ruta": "1V09" }, "geometry": { "type": "Point", "coordinates": [ -62.41622896, -32.63173045 ] } },
{ "type": "Feature", "properties": { "Name": "475.51", "P.K.": null, "Al.Dist. Izq.": 35, "Al.Dist. Der.": 15, "Ruta": "1V09" }, "geometry": { "type": "Point", "coordinates": [ -62.41915071, -32.63120015 ] } },
{ "type": "Feature", "properties": { "Name": "476", "P.K.": "PK476", "Al.Dist. Izq.": 35, "Al.Dist. Der.": 15, "Ruta": "1V09" }, "geometry": { "type": "Point", "coordinates": [ -62.42436322, -32.630266 ] } },
{ "type": "Feature", "properties": { "Name": "476.09", "P.K.": null, "Al.Dist. Izq.": 35, "Al.Dist. Der.": 15, "Ruta": "1V09" }, "geometry": { "type": "Point", "coordinates": [ -62.42519744, -32.63011772 ] } },
{ "type": "Feature", "properties": { "Name": "476.57", "P.K.": null, "Al.Dist. Izq.": 35, "Al.Dist. Der.": 15, "Ruta": "1V09" }, "geometry": { "type": "Point", "coordinates": [ -62.43003353, -32.62922199 ] } },
{ "type": "Feature", "properties": { "Name": "476.62", "P.K.": null, "Al.Dist. Izq.": 35, "Al.Dist. Der.": 15, "Ruta": "1V09" }, "geometry": { "type": "Point", "coordinates": [ -62.4304, -32.62915 ] } },
{ "type": "Feature", "properties": { "Name": "477", "P.K.": "PK477", "Al.Dist. Izq.": 35, "Al.Dist. Der.": 15, "Ruta": "1V09" }, "geometry": { "type": "Point", "coordinates": [ -62.43414938, -32.62849293 ] } },
{ "type": "Feature", "properties": { "Name": "477.08", "P.K.": null, "Al.Dist. Izq.": 35, "Al.Dist. Der.": 15, "Ruta": "1V09" }, "geometry": { "type": "Point", "coordinates": [ -62.43499529, -32.6283413 ] } },
{ "type": "Feature", "properties": { "Name": "477.09", "P.K.": null, "Al.Dist. Izq.": 35, "Al.Dist. Der.": 15, "Ruta": "1V09" }, "geometry": { "type": "Point", "coordinates": [ -62.43509687, -32.62829867 ] } },
{ "type": "Feature", "properties": { "Name": "477.2", "P.K.": null, "Al.Dist. Izq.": 35, "Al.Dist. Der.": 15, "Ruta": "1V09" }, "geometry": { "type": "Point", "coordinates": [ -62.43623, -32.62814 ] } },
{ "type": "Feature", "properties": { "Name": "477.48", "P.K.": null, "Al.Dist. Izq.": 35, "Al.Dist. Der.": 15, "Ruta": "1V09" }, "geometry": { "type": "Point", "coordinates": [ -62.43916303, -32.62762473 ] } },
{ "type": "Feature", "properties": { "Name": "477.54", "P.K.": null, "Al.Dist. Izq.": 35, "Al.Dist. Der.": 15, "Ruta": "1V09" }, "geometry": { "type": "Point", "coordinates": [ -62.43975386, -32.62745383 ] } },
{ "type": "Feature", "properties": { "Name": "477.57", "P.K.": null, "Al.Dist. Izq.": 35, "Al.Dist. Der.": 15, "Ruta": "1V09" }, "geometry": { "type": "Point", "coordinates": [ -62.44016432, -32.62745247 ] } },
{ "type": "Feature", "properties": { "Name": "477.63", "P.K.": null, "Al.Dist. Izq.": 35, "Al.Dist. Der.": 15, "Ruta": "1V09" }, "geometry": { "type": "Point", "coordinates": [ -62.44079959, -32.62744761 ] } },
{ "type": "Feature", "properties": { "Name": "477.64", "P.K.": null, "Al.Dist. Izq.": 35, "Al.Dist. Der.": 15, "Ruta": "1V09" }, "geometry": { "type": "Point", "coordinates": [ -62.44078852, -32.62722313 ] } },
{ "type": "Feature", "properties": { "Name": "477.75", "P.K.": null, "Al.Dist. Izq.": 35, "Al.Dist. Der.": 15, "Ruta": "1V09" }, "geometry": { "type": "Point", "coordinates": [ -62.44196199, -32.62710115 ] } },
{ "type": "Feature", "properties": { "Name": "477.92", "P.K.": null, "Al.Dist. Izq.": 35, "Al.Dist. Der.": 15, "Ruta": "1V09" }, "geometry": { "type": "Point", "coordinates": [ -62.44379271, -32.62680424 ] } },
{ "type": "Feature", "properties": { "Name": "477.95", "P.K.": null, "Al.Dist. Izq.": 35, "Al.Dist. Der.": 15, "Ruta": "1V09" }, "geometry": { "type": "Point", "coordinates": [ -62.44403097, -32.62677348 ] } },
{ "type": "Feature", "properties": { "Name": "479.18", "P.K.": null, "Al.Dist. Izq.": 35, "Al.Dist. Der.": 15, "Ruta": "1V09" }, "geometry": { "type": "Point", "coordinates": [ -62.45702997, -32.62453071 ] } },
{ "type": "Feature", "properties": { "Name": "479.55", "P.K.": null, "Al.Dist. Izq.": 35, "Al.Dist. Der.": 15, "Ruta": "1V09" }, "geometry": { "type": "Point", "coordinates": [ -62.46085, -32.62378 ] } },
{ "type": "Feature", "properties": { "Name": "480.23", "P.K.": null, "Al.Dist. Izq.": 35, "Al.Dist. Der.": 15, "Ruta": "1V09" }, "geometry": { "type": "Point", "coordinates": [ -62.46795641, -32.62246181 ] } },
{ "type": "Feature", "properties": { "Name": "480.32", "P.K.": null, "Al.Dist. Izq.": 35, "Al.Dist. Der.": 15, "Ruta": "1V09" }, "geometry": { "type": "Point", "coordinates": [ -62.46885046, -32.62236288 ] } },
{ "type": "Feature", "properties": { "Name": "480.34", "P.K.": null, "Al.Dist. Izq.": 35, "Al.Dist. Der.": 15, "Ruta": "1V09" }, "geometry": { "type": "Point", "coordinates": [ -62.46913, -32.62227 ] } },
{ "type": "Feature", "properties": { "Name": "480.53", "P.K.": null, "Al.Dist. Izq.": 35, "Al.Dist. Der.": 15, "Ruta": "1V09" }, "geometry": { "type": "Point", "coordinates": [ -62.47106, -32.62192 ] } },
{ "type": "Feature", "properties": { "Name": "480.57", "P.K.": null, "Al.Dist. Izq.": 35, "Al.Dist. Der.": 15, "Ruta": "1V09" }, "geometry": { "type": "Point", "coordinates": [ -62.47148132, -32.62183726 ] } },
{ "type": "Feature", "properties": { "Name": "480.63", "P.K.": null, "Al.Dist. Izq.": 35, "Al.Dist. Der.": 15, "Ruta": "1V09" }, "geometry": { "type": "Point", "coordinates": [ -62.47209527, -32.62167781 ] } },
{ "type": "Feature", "properties": { "Name": "480.67", "P.K.": null, "Al.Dist. Izq.": 35, "Al.Dist. Der.": 15, "Ruta": "1V09" }, "geometry": { "type": "Point", "coordinates": [ -62.47257639, -32.62160919 ] } },
{ "type": "Feature", "properties": { "Name": "480.71", "P.K.": null, "Al.Dist. Izq.": 35, "Al.Dist. Der.": 15, "Ruta": "1V09" }, "geometry": { "type": "Point", "coordinates": [ -62.47294486, -32.62166087 ] } },
{ "type": "Feature", "properties": { "Name": "480.71", "P.K.": null, "Al.Dist. Izq.": 35, "Al.Dist. Der.": 15, "Ruta": "1V09" }, "geometry": { "type": "Point", "coordinates": [ -62.47294486, -32.62166087 ] } },
{ "type": "Feature", "properties": { "Name": "480.72", "P.K.": null, "Al.Dist. Izq.": 35, "Al.Dist. Der.": 15, "Ruta": "1V09" }, "geometry": { "type": "Point", "coordinates": [ -62.47305918, -32.62164279 ] } },
{ "type": "Feature", "properties": { "Name": "480.72", "P.K.": null, "Al.Dist. Izq.": 35, "Al.Dist. Der.": 15, "Ruta": "1V09" }, "geometry": { "type": "Point", "coordinates": [ -62.47305918, -32.62164279 ] } },
{ "type": "Feature", "properties": { "Name": "480.85", "P.K.": null, "Al.Dist. Izq.": 35, "Al.Dist. Der.": 15, "Ruta": "1V09" }, "geometry": { "type": "Point", "coordinates": [ -62.47439487, -32.62125135 ] } },
{ "type": "Feature", "properties": { "Name": "480.86", "P.K.": null, "Al.Dist. Izq.": 35, "Al.Dist. Der.": 15, "Ruta": "1V09" }, "geometry": { "type": "Point", "coordinates": [ -62.47449987, -32.62122006 ] } },
{ "type": "Feature", "properties": { "Name": "481.12", "P.K.": null, "Al.Dist. Izq.": 35, "Al.Dist. Der.": 15, "Ruta": "1V09" }, "geometry": { "type": "Point", "coordinates": [ -62.47720801, -32.62073805 ] } },
{ "type": "Feature", "properties": { "Name": "481.12", "P.K.": null, "Al.Dist. Izq.": 35, "Al.Dist. Der.": 15, "Ruta": "1V09" }, "geometry": { "type": "Point", "coordinates": [ -62.47720801, -32.62073805 ] } },
{ "type": "Feature", "properties": { "Name": "481.13", "P.K.": null, "Al.Dist. Izq.": 35, "Al.Dist. Der.": 15, "Ruta": "1V09" }, "geometry": { "type": "Point", "coordinates": [ -62.47733764, -32.62088656 ] } },
{ "type": "Feature", "properties": { "Name": "481.16", "P.K.": null, "Al.Dist. Izq.": 35, "Al.Dist. Der.": 15, "Ruta": "1V09" }, "geometry": { "type": "Point", "coordinates": [ -62.47766821, -32.62071033 ] } },
{ "type": "Feature", "properties": { "Name": "481.2", "P.K.": null, "Al.Dist. Izq.": 35, "Al.Dist. Der.": 15, "Ruta": "1V09" }, "geometry": { "type": "Point", "coordinates": [ -62.47808728, -32.62064487 ] } },
{ "type": "Feature", "properties": { "Name": "481.32", "P.K.": null, "Al.Dist. Izq.": 35, "Al.Dist. Der.": 15, "Ruta": "1V09" }, "geometry": { "type": "Point", "coordinates": [ -62.47925207, -32.62040932 ] } },
{ "type": "Feature", "properties": { "Name": "481.34", "P.K.": null, "Al.Dist. Izq.": 35, "Al.Dist. Der.": 15, "Ruta": "1V09" }, "geometry": { "type": "Point", "coordinates": [ -62.47947436, -32.62043248 ] } },
{ "type": "Feature", "properties": { "Name": "481.46", "P.K.": null, "Al.Dist. Izq.": 35, "Al.Dist. Der.": 15, "Ruta": "1V09" }, "geometry": { "type": "Point", "coordinates": [ -62.48076953, -32.62027604 ] } },
{ "type": "Feature", "properties": { "Name": "481.64", "P.K.": null, "Al.Dist. Izq.": 35, "Al.Dist. Der.": 15, "Ruta": "1V09" }, "geometry": { "type": "Point", "coordinates": [ -62.48280533, -32.61984567 ] } },
{ "type": "Feature", "properties": { "Name": "481.66", "P.K.": null, "Al.Dist. Izq.": 35, "Al.Dist. Der.": 15, "Ruta": "1V09" }, "geometry": { "type": "Point", "coordinates": [ -62.48298839, -32.61999703 ] } },
{ "type": "Feature", "properties": { "Name": "481.8", "P.K.": null, "Al.Dist. Izq.": 35, "Al.Dist. Der.": 15, "Ruta": "1V09" }, "geometry": { "type": "Point", "coordinates": [ -62.48440689, -32.61948314 ] } },
{ "type": "Feature", "properties": { "Name": "481.96", "P.K.": null, "Al.Dist. Izq.": 35, "Al.Dist. Der.": 15, "Ruta": "1V09" }, "geometry": { "type": "Point", "coordinates": [ -62.4860626, -32.61923218 ] } },
{ "type": "Feature", "properties": { "Name": "482.67", "P.K.": null, "Al.Dist. Izq.": 35, "Al.Dist. Der.": 15, "Ruta": "1V09" }, "geometry": { "type": "Point", "coordinates": [ -62.49348208, -32.61788821 ] } },
{ "type": "Feature", "properties": { "Name": "483.35", "P.K.": null, "Al.Dist. Izq.": 35, "Al.Dist. Der.": 15, "Ruta": "1V09" }, "geometry": { "type": "Point", "coordinates": [ -62.50057226, -32.61662415 ] } },
{ "type": "Feature", "properties": { "Name": "483.64", "P.K.": null, "Al.Dist. Izq.": 35, "Al.Dist. Der.": 15, "Ruta": "1V09" }, "geometry": { "type": "Point", "coordinates": [ -62.50358, -32.61613 ] } },
{ "type": "Feature", "properties": { "Name": "483.87", "P.K.": null, "Al.Dist. Izq.": 35, "Al.Dist. Der.": 15, "Ruta": "1V09" }, "geometry": { "type": "Point", "coordinates": [ -62.50599, -32.61568 ] } },
{ "type": "Feature", "properties": { "Name": "483.88", "P.K.": null, "Al.Dist. Izq.": 35, "Al.Dist. Der.": 15, "Ruta": "1V09" }, "geometry": { "type": "Point", "coordinates": [ -62.50609562, -32.61565968 ] } },
{ "type": "Feature", "properties": { "Name": "484.07", "P.K.": null, "Al.Dist. Izq.": 35, "Al.Dist. Der.": 15, "Ruta": "1V09" }, "geometry": { "type": "Point", "coordinates": [ -62.50807, -32.61532 ] } },
{ "type": "Feature", "properties": { "Name": "484.52", "P.K.": null, "Al.Dist. Izq.": 35, "Al.Dist. Der.": 15, "Ruta": "1V09" }, "geometry": { "type": "Point", "coordinates": [ -62.51284, -32.61447 ] } },
{ "type": "Feature", "properties": { "Name": "486", "P.K.": null, "Al.Dist. Izq.": 35, "Al.Dist. Der.": 15, "Ruta": "1V09" }, "geometry": { "type": "Point", "coordinates": [ -62.52830509, -32.61166673 ] } },
{ "type": "Feature", "properties": { "Name": "486.39", "P.K.": null, "Al.Dist. Izq.": 35, "Al.Dist. Der.": 15, "Ruta": "1V09" }, "geometry": { "type": "Point", "coordinates": [ -62.53239669, -32.61088861 ] } },
{ "type": "Feature", "properties": { "Name": "486.4", "P.K.": null, "Al.Dist. Izq.": 35, "Al.Dist. Der.": 15, "Ruta": "1V09" }, "geometry": { "type": "Point", "coordinates": [ -62.53251739, -32.61095187 ] } },
{ "type": "Feature", "properties": { "Name": "486.83", "P.K.": null, "Al.Dist. Izq.": 35, "Al.Dist. Der.": 15, "Ruta": "1V09" }, "geometry": { "type": "Point", "coordinates": [ -62.53692, -32.61015 ] } },
{ "type": "Feature", "properties": { "Name": "487.7", "P.K.": null, "Al.Dist. Izq.": 35, "Al.Dist. Der.": 15, "Ruta": "1V09" }, "geometry": { "type": "Point", "coordinates": [ -62.54618, -32.60852 ] } },
{ "type": "Feature", "properties": { "Name": "487.72", "P.K.": null, "Al.Dist. Izq.": 35, "Al.Dist. Der.": 15, "Ruta": "1V09" }, "geometry": { "type": "Point", "coordinates": [ -62.54634285, -32.60844812 ] } },
{ "type": "Feature", "properties": { "Name": "488.55", "P.K.": null, "Al.Dist. Izq.": 35, "Al.Dist. Der.": 15, "Ruta": "1V09" }, "geometry": { "type": "Point", "coordinates": [ -62.55503, -32.60692 ] } },
{ "type": "Feature", "properties": { "Name": "489.02", "P.K.": null, "Al.Dist. Izq.": 35, "Al.Dist. Der.": 15, "Ruta": "1V09" }, "geometry": { "type": "Point", "coordinates": [ -62.55990844, -32.60602662 ] } },
{ "type": "Feature", "properties": { "Name": "489.04", "P.K.": null, "Al.Dist. Izq.": 35, "Al.Dist. Der.": 15, "Ruta": "1V09" }, "geometry": { "type": "Point", "coordinates": [ -62.56007977, -32.60600685 ] } },
{ "type": "Feature", "properties": { "Name": "490.07", "P.K.": null, "Al.Dist. Izq.": 35, "Al.Dist. Der.": 15, "Ruta": "1V09" }, "geometry": { "type": "Point", "coordinates": [ -62.57084196, -32.60405891 ] } },
{ "type": "Feature", "properties": { "Name": "490.21", "P.K.": null, "Al.Dist. Izq.": 35, "Al.Dist. Der.": 15, "Ruta": "1V09" }, "geometry": { "type": "Point", "coordinates": [ -62.57224, -32.60381 ] } },
{ "type": "Feature", "properties": { "Name": "490.34", "P.K.": null, "Al.Dist. Izq.": 35, "Al.Dist. Der.": 15, "Ruta": "1V09" }, "geometry": { "type": "Point", "coordinates": [ -62.57368, -32.60359 ] } },
{ "type": "Feature", "properties": { "Name": "490.65", "P.K.": null, "Al.Dist. Izq.": 35, "Al.Dist. Der.": 15, "Ruta": "1V09" }, "geometry": { "type": "Point", "coordinates": [ -62.57694, -32.60299 ] } },
{ "type": "Feature", "properties": { "Name": "490.72", "P.K.": null, "Al.Dist. Izq.": 35, "Al.Dist. Der.": 15, "Ruta": "1V09" }, "geometry": { "type": "Point", "coordinates": [ -62.5776707, -32.60278223 ] } },
{ "type": "Feature", "properties": { "Name": "490.88", "P.K.": null, "Al.Dist. Izq.": 35, "Al.Dist. Der.": 15, "Ruta": "1V09" }, "geometry": { "type": "Point", "coordinates": [ -62.57933922, -32.60254751 ] } },
{ "type": "Feature", "properties": { "Name": "490.99", "P.K.": null, "Al.Dist. Izq.": 35, "Al.Dist. Der.": 15, "Ruta": "1V09" }, "geometry": { "type": "Point", "coordinates": [ -62.58050781, -32.60251927 ] } },
{ "type": "Feature", "properties": { "Name": "491.21", "P.K.": null, "Al.Dist. Izq.": 35, "Al.Dist. Der.": 15, "Ruta": "1V09" }, "geometry": { "type": "Point", "coordinates": [ -62.58275248, -32.60182558 ] } },
{ "type": "Feature", "properties": { "Name": "491.25", "P.K.": null, "Al.Dist. Izq.": 35, "Al.Dist. Der.": 15, "Ruta": "1V09" }, "geometry": { "type": "Point", "coordinates": [ -62.58326545, -32.6017626 ] } },
{ "type": "Feature", "properties": { "Name": "491.41", "P.K.": null, "Al.Dist. Izq.": 35, "Al.Dist. Der.": 15, "Ruta": "1V09" }, "geometry": { "type": "Point", "coordinates": [ -62.58494519, -32.60165611 ] } },
{ "type": "Feature", "properties": { "Name": "491.43", "P.K.": null, "Al.Dist. Izq.": 35, "Al.Dist. Der.": 15, "Ruta": "1V09" }, "geometry": { "type": "Point", "coordinates": [ -62.58514669, -32.6015581 ] } },
{ "type": "Feature", "properties": { "Name": "491.43", "P.K.": null, "Al.Dist. Izq.": 35, "Al.Dist. Der.": 15, "Ruta": "1V09" }, "geometry": { "type": "Point", "coordinates": [ -62.58514669, -32.6015581 ] } },
{ "type": "Feature", "properties": { "Name": "491.45", "P.K.": null, "Al.Dist. Izq.": 35, "Al.Dist. Der.": 15, "Ruta": "1V09" }, "geometry": { "type": "Point", "coordinates": [ -62.58531533, -32.60145247 ] } },
{ "type": "Feature", "properties": { "Name": "491.45", "P.K.": null, "Al.Dist. Izq.": 35, "Al.Dist. Der.": 15, "Ruta": "1V09" }, "geometry": { "type": "Point", "coordinates": [ -62.58531533, -32.60145247 ] } },
{ "type": "Feature", "properties": { "Name": "491.62", "P.K.": null, "Al.Dist. Izq.": 35, "Al.Dist. Der.": 15, "Ruta": "1V09" }, "geometry": { "type": "Point", "coordinates": [ -62.58707218, -32.60116239 ] } },
{ "type": "Feature", "properties": { "Name": "492.04", "P.K.": null, "Al.Dist. Izq.": 35, "Al.Dist. Der.": 15, "Ruta": "1V09" }, "geometry": { "type": "Point", "coordinates": [ -62.59141669, -32.60033565 ] } },
{ "type": "Feature", "properties": { "Name": "492.33", "P.K.": null, "Al.Dist. Izq.": 35, "Al.Dist. Der.": 15, "Ruta": "1V09" }, "geometry": { "type": "Point", "coordinates": [ -62.59450322, -32.59979895 ] } },
{ "type": "Feature", "properties": { "Name": "492.9", "P.K.": null, "Al.Dist. Izq.": 35, "Al.Dist. Der.": 15, "Ruta": "1V09" }, "geometry": { "type": "Point", "coordinates": [ -62.60044436, -32.59872767 ] } },
{ "type": "Feature", "properties": { "Name": "493.1", "P.K.": null, "Al.Dist. Izq.": 35, "Al.Dist. Der.": 15, "Ruta": "1V09" }, "geometry": { "type": "Point", "coordinates": [ -62.60249, -32.5984 ] } },
{ "type": "Feature", "properties": { "Name": "493.97", "P.K.": null, "Al.Dist. Izq.": 35, "Al.Dist. Der.": 15, "Ruta": "1V09" }, "geometry": { "type": "Point", "coordinates": [ -62.61170152, -32.59669932 ] } },
{ "type": "Feature", "properties": { "Name": "494.19", "P.K.": null, "Al.Dist. Izq.": 35, "Al.Dist. Der.": 15, "Ruta": "1V09" }, "geometry": { "type": "Point", "coordinates": [ -62.61399491, -32.59628765 ] } },
{ "type": "Feature", "properties": { "Name": "494.48", "P.K.": null, "Al.Dist. Izq.": 35, "Al.Dist. Der.": 15, "Ruta": "1V09" }, "geometry": { "type": "Point", "coordinates": [ -62.61702541, -32.59576121 ] } },
{ "type": "Feature", "properties": { "Name": "494.69", "P.K.": null, "Al.Dist. Izq.": 35, "Al.Dist. Der.": 15, "Ruta": "1V09" }, "geometry": { "type": "Point", "coordinates": [ -62.61919, -32.5954 ] } },
{ "type": "Feature", "properties": { "Name": "495", "P.K.": "PK495", "Al.Dist. Izq.": 35, "Al.Dist. Der.": 15, "Ruta": "1V09" }, "geometry": { "type": "Point", "coordinates": [ -62.62243878, -32.59477194 ] } },
{ "type": "Feature", "properties": { "Name": "495.38", "P.K.": null, "Al.Dist. Izq.": 35, "Al.Dist. Der.": 15, "Ruta": "1V09" }, "geometry": { "type": "Point", "coordinates": [ -62.62641683, -32.5942805 ] } },
{ "type": "Feature", "properties": { "Name": "495.58", "P.K.": null, "Al.Dist. Izq.": 35, "Al.Dist. Der.": 15, "Ruta": "1V09" }, "geometry": { "type": "Point", "coordinates": [ -62.62847275, -32.59369578 ] } },
{ "type": "Feature", "properties": { "Name": "495.79", "P.K.": null, "Al.Dist. Izq.": 35, "Al.Dist. Der.": 15, "Ruta": "1V09" }, "geometry": { "type": "Point", "coordinates": [ -62.63068, -32.59332 ] } },
{ "type": "Feature", "properties": { "Name": "496.01", "P.K.": null, "Al.Dist. Izq.": 35, "Al.Dist. Der.": 15, "Ruta": "1V09" }, "geometry": { "type": "Point", "coordinates": [ -62.6329108, -32.59276305 ] } },
{ "type": "Feature", "properties": { "Name": "496.06", "P.K.": null, "Al.Dist. Izq.": 35, "Al.Dist. Der.": 15, "Ruta": "1V09" }, "geometry": { "type": "Point", "coordinates": [ -62.63348806, -32.59278444 ] } },
{ "type": "Feature", "properties": { "Name": "496.09", "P.K.": null, "Al.Dist. Izq.": 35, "Al.Dist. Der.": 15, "Ruta": "1V09" }, "geometry": { "type": "Point", "coordinates": [ -62.63372773, -32.59276717 ] } },
{ "type": "Feature", "properties": { "Name": "496.22", "P.K.": null, "Al.Dist. Izq.": 35, "Al.Dist. Der.": 15, "Ruta": "1V09" }, "geometry": { "type": "Point", "coordinates": [ -62.63514373, -32.59253339 ] } },
{ "type": "Feature", "properties": { "Name": "496.29", "P.K.": null, "Al.Dist. Izq.": 35, "Al.Dist. Der.": 15, "Ruta": "1V09" }, "geometry": { "type": "Point", "coordinates": [ -62.63588541, -32.59235243 ] } },
{ "type": "Feature", "properties": { "Name": "496.4", "P.K.": null, "Al.Dist. Izq.": 35, "Al.Dist. Der.": 15, "Ruta": "1V09" }, "geometry": { "type": "Point", "coordinates": [ -62.63701, -32.59221 ] } },
{ "type": "Feature", "properties": { "Name": "496.56", "P.K.": null, "Al.Dist. Izq.": 35, "Al.Dist. Der.": 15, "Ruta": "1V09" }, "geometry": { "type": "Point", "coordinates": [ -62.63872579, -32.59218869 ] } },
{ "type": "Feature", "properties": { "Name": "496.69", "P.K.": null, "Al.Dist. Izq.": 35, "Al.Dist. Der.": 15, "Ruta": "1V09" }, "geometry": { "type": "Point", "coordinates": [ -62.6400642, -32.59249873 ] } },
{ "type": "Feature", "properties": { "Name": "496.93", "P.K.": null, "Al.Dist. Izq.": 35, "Al.Dist. Der.": 15, "Ruta": "1V09" }, "geometry": { "type": "Point", "coordinates": [ -62.64234164, -32.59332015 ] } },
{ "type": "Feature", "properties": { "Name": "498.32", "P.K.": null, "Al.Dist. Izq.": 35, "Al.Dist. Der.": 15, "Ruta": "1V09" }, "geometry": { "type": "Point", "coordinates": [ -62.65614005, -32.59818347 ] } },
{ "type": "Feature", "properties": { "Name": "498.39", "P.K.": null, "Al.Dist. Izq.": 35, "Al.Dist. Der.": 15, "Ruta": "1V09" }, "geometry": { "type": "Point", "coordinates": [ -62.65676033, -32.59856494 ] } },
{ "type": "Feature", "properties": { "Name": "498.7", "P.K.": null, "Al.Dist. Izq.": 35, "Al.Dist. Der.": 15, "Ruta": "1V09" }, "geometry": { "type": "Point", "coordinates": [ -62.65985, -32.59954 ] } },
{ "type": "Feature", "properties": { "Name": "498.75", "P.K.": null, "Al.Dist. Izq.": 35, "Al.Dist. Der.": 15, "Ruta": "1V09" }, "geometry": { "type": "Point", "coordinates": [ -62.6603109, -32.59978063 ] } },
{ "type": "Feature", "properties": { "Name": "498.84", "P.K.": null, "Al.Dist. Izq.": 35, "Al.Dist. Der.": 15, "Ruta": "1V09" }, "geometry": { "type": "Point", "coordinates": [ -62.6611967, -32.60004501 ] } },
{ "type": "Feature", "properties": { "Name": "499", "P.K.": null, "Al.Dist. Izq.": 35, "Al.Dist. Der.": 15, "Ruta": "1V09" }, "geometry": { "type": "Point", "coordinates": [ -62.66275372, -32.60074775 ] } },
{ "type": "Feature", "properties": { "Name": "499.27", "P.K.": null, "Al.Dist. Izq.": 35, "Al.Dist. Der.": 15, "Ruta": "1V09" }, "geometry": { "type": "Point", "coordinates": [ -62.66551673, -32.60144371 ] } },
{ "type": "Feature", "properties": { "Name": "499.44", "P.K.": null, "Al.Dist. Izq.": 35, "Al.Dist. Der.": 15, "Ruta": "1V09" }, "geometry": { "type": "Point", "coordinates": [ -62.66712271, -32.60206086 ] } },
{ "type": "Feature", "properties": { "Name": "499.72", "P.K.": null, "Al.Dist. Izq.": 35, "Al.Dist. Der.": 15, "Ruta": "1V09" }, "geometry": { "type": "Point", "coordinates": [ -62.66982034, -32.60317087 ] } },
{ "type": "Feature", "properties": { "Name": "499.73", "P.K.": null, "Al.Dist. Izq.": 35, "Al.Dist. Der.": 15, "Ruta": "1V09" }, "geometry": { "type": "Point", "coordinates": [ -62.67001212, -32.60293757 ] } },
{ "type": "Feature", "properties": { "Name": "499.86", "P.K.": null, "Al.Dist. Izq.": 35, "Al.Dist. Der.": 15, "Ruta": "1V09" }, "geometry": { "type": "Point", "coordinates": [ -62.67125264, -32.60358013 ] } },
{ "type": "Feature", "properties": { "Name": "499.87", "P.K.": null, "Al.Dist. Izq.": 35, "Al.Dist. Der.": 15, "Ruta": "1V09" }, "geometry": { "type": "Point", "coordinates": [ -62.67137, -32.60366 ] } },
{ "type": "Feature", "properties": { "Name": "499.95", "P.K.": null, "Al.Dist. Izq.": 35, "Al.Dist. Der.": 15, "Ruta": "1V09" }, "geometry": { "type": "Point", "coordinates": [ -62.67211363, -32.60387642 ] } },
{ "type": "Feature", "properties": { "Name": "500", "P.K.": "PK500", "Al.Dist. Izq.": 35, "Al.Dist. Der.": 15, "Ruta": "1V09" }, "geometry": { "type": "Point", "coordinates": [ -62.67263062, -32.6041566 ] } },
{ "type": "Feature", "properties": { "Name": "500", "P.K.": null, "Al.Dist. Izq.": 35, "Al.Dist. Der.": 15, "Ruta": "1V09" }, "geometry": { "type": "Point", "coordinates": [ -62.67263062, -32.6041566 ] } },
{ "type": "Feature", "properties": { "Name": "500.19", "P.K.": null, "Al.Dist. Izq.": 35, "Al.Dist. Der.": 15, "Ruta": "1V09" }, "geometry": { "type": "Point", "coordinates": [ -62.67493665, -32.60502397 ] } },
{ "type": "Feature", "properties": { "Name": "500.24", "P.K.": null, "Al.Dist. Izq.": null, "Al.Dist. Der.": null, "Ruta": "1V09" }, "geometry": { "type": "Point", "coordinates": [ -62.67557334, -32.6050042 ] } },
{ "type": "Feature", "properties": { "Name": "500.25", "P.K.": null, "Al.Dist. Izq.": null, "Al.Dist. Der.": null, "Ruta": "1V09" }, "geometry": { "type": "Point", "coordinates": [ -62.67567, -32.60521 ] } },
{ "type": "Feature", "properties": { "Name": "500.26", "P.K.": null, "Al.Dist. Izq.": null, "Al.Dist. Der.": null, "Ruta": "1V09" }, "geometry": { "type": "Point", "coordinates": [ -62.67576387, -32.60519381 ] } },
{ "type": "Feature", "properties": { "Name": "500.31", "P.K.": null, "Al.Dist. Izq.": null, "Al.Dist. Der.": null, "Ruta": "1V09" }, "geometry": { "type": "Point", "coordinates": [ -62.6764008, -32.60547898 ] } },
{ "type": "Feature", "properties": { "Name": "500.33", "P.K.": null, "Al.Dist. Izq.": null, "Al.Dist. Der.": null, "Ruta": "1V09" }, "geometry": { "type": "Point", "coordinates": [ -62.67668, -32.60551 ] } },
{ "type": "Feature", "properties": { "Name": "500.39", "P.K.": null, "Al.Dist. Izq.": null, "Al.Dist. Der.": null, "Ruta": "1V09" }, "geometry": { "type": "Point", "coordinates": [ -62.67731117, -32.60573816 ] } },
{ "type": "Feature", "properties": { "Name": "500.52", "P.K.": null, "Al.Dist. Izq.": null, "Al.Dist. Der.": null, "Ruta": "1V09" }, "geometry": { "type": "Point", "coordinates": [ -62.6789422, -32.60641807 ] } },
{ "type": "Feature", "properties": { "Name": "500.59", "P.K.": null, "Al.Dist. Izq.": null, "Al.Dist. Der.": null, "Ruta": "1V09" }, "geometry": { "type": "Point", "coordinates": [ -62.67973177, -32.60673327 ] } },
{ "type": "Feature", "properties": { "Name": "500.6", "P.K.": null, "Al.Dist. Izq.": null, "Al.Dist. Der.": null, "Ruta": "1V09" }, "geometry": { "type": "Point", "coordinates": [ -62.67998591, -32.60659629 ] } },
{ "type": "Feature", "properties": { "Name": "500.61", "P.K.": null, "Al.Dist. Izq.": null, "Al.Dist. Der.": null, "Ruta": "1V09" }, "geometry": { "type": "Point", "coordinates": [ -62.68001139, -32.60681122 ] } },
{ "type": "Feature", "properties": { "Name": "500.65", "P.K.": null, "Al.Dist. Izq.": null, "Al.Dist. Der.": null, "Ruta": "1V09" }, "geometry": { "type": "Point", "coordinates": [ -62.68050022, -32.60676857 ] } },
{ "type": "Feature", "properties": { "Name": "500.66", "P.K.": null, "Al.Dist. Izq.": null, "Al.Dist. Der.": null, "Ruta": "1V09" }, "geometry": { "type": "Point", "coordinates": [ -62.68058673, -32.60703321 ] } },
{ "type": "Feature", "properties": { "Name": "500.66", "P.K.": null, "Al.Dist. Izq.": null, "Al.Dist. Der.": null, "Ruta": "1V09" }, "geometry": { "type": "Point", "coordinates": [ -62.68072989, -32.60684398 ] } },
{ "type": "Feature", "properties": { "Name": "500.7", "P.K.": null, "Al.Dist. Izq.": null, "Al.Dist. Der.": null, "Ruta": "1V09" }, "geometry": { "type": "Point", "coordinates": [ -62.68106818, -32.60716765 ] } },
{ "type": "Feature", "properties": { "Name": "500.71", "P.K.": null, "Al.Dist. Izq.": null, "Al.Dist. Der.": null, "Ruta": "1V09" }, "geometry": { "type": "Point", "coordinates": [ -62.68129148, -32.60725012 ] } },
{ "type": "Feature", "properties": { "Name": "500.71", "P.K.": null, "Al.Dist. Izq.": null, "Al.Dist. Der.": null, "Ruta": "1V09" }, "geometry": { "type": "Point", "coordinates": [ -62.68131394, -32.60701853 ] } },
{ "type": "Feature", "properties": { "Name": "500.74", "P.K.": null, "Al.Dist. Izq.": null, "Al.Dist. Der.": null, "Ruta": "1V09" }, "geometry": { "type": "Point", "coordinates": [ -62.68157411, -32.60714223 ] } },
{ "type": "Feature", "properties": { "Name": "500.75", "P.K.": null, "Al.Dist. Izq.": null, "Al.Dist. Der.": null, "Ruta": "1V09" }, "geometry": { "type": "Point", "coordinates": [ -62.68176146, -32.60728525 ] } },
{ "type": "Feature", "properties": { "Name": "500.76", "P.K.": null, "Al.Dist. Izq.": null, "Al.Dist. Der.": null, "Ruta": "1V09" }, "geometry": { "type": "Point", "coordinates": [ -62.68179975, -32.60745573 ] } },
{ "type": "Feature", "properties": { "Name": "500.76", "P.K.": null, "Al.Dist. Izq.": null, "Al.Dist. Der.": null, "Ruta": "1V09" }, "geometry": { "type": "Point", "coordinates": [ -62.68189833, -32.6072665 ] } },
{ "type": "Feature", "properties": { "Name": "500.78", "P.K.": null, "Al.Dist. Izq.": null, "Al.Dist. Der.": null, "Ruta": "1V09" }, "geometry": { "type": "Point", "coordinates": [ -62.68199991, -32.6075269 ] } },
{ "type": "Feature", "properties": { "Name": "500.79", "P.K.": null, "Al.Dist. Izq.": null, "Al.Dist. Der.": null, "Ruta": "1V09" }, "geometry": { "type": "Point", "coordinates": [ -62.68223863, -32.60761474 ] } },
{ "type": "Feature", "properties": { "Name": "500.8", "P.K.": null, "Al.Dist. Izq.": null, "Al.Dist. Der.": null, "Ruta": "1V09" }, "geometry": { "type": "Point", "coordinates": [ -62.68235631, -32.60748397 ] } },
{ "type": "Feature", "properties": { "Name": "500.81", "P.K.": null, "Al.Dist. Izq.": null, "Al.Dist. Der.": null, "Ruta": "1V09" }, "geometry": { "type": "Point", "coordinates": [ -62.68242, -32.60758 ] } },
{ "type": "Feature", "properties": { "Name": "500.85", "P.K.": null, "Al.Dist. Izq.": null, "Al.Dist. Der.": null, "Ruta": "1V09" }, "geometry": { "type": "Point", "coordinates": [ -62.68293704, -32.60772482 ] } },
{ "type": "Feature", "properties": { "Name": "500.85", "P.K.": null, "Al.Dist. Izq.": null, "Al.Dist. Der.": null, "Ruta": "1V09" }, "geometry": { "type": "Point", "coordinates": [ -62.68293704, -32.60772482 ] } },
{ "type": "Feature", "properties": { "Name": "500.87", "P.K.": null, "Al.Dist. Izq.": null, "Al.Dist. Der.": null, "Ruta": "1V09" }, "geometry": { "type": "Point", "coordinates": [ -62.68319741, -32.60779573 ] } },
{ "type": "Feature", "properties": { "Name": "500.9", "P.K.": null, "Al.Dist. Izq.": null, "Al.Dist. Der.": null, "Ruta": "1V09" }, "geometry": { "type": "Point", "coordinates": [ -62.68351972, -32.60815587 ] } },
{ "type": "Feature", "properties": { "Name": "500.92", "P.K.": null, "Al.Dist. Izq.": null, "Al.Dist. Der.": null, "Ruta": "1V09" }, "geometry": { "type": "Point", "coordinates": [ -62.68382348, -32.60796891 ] } },
{ "type": "Feature", "properties": { "Name": "500.95", "P.K.": null, "Al.Dist. Izq.": null, "Al.Dist. Der.": null, "Ruta": "1V09" }, "geometry": { "type": "Point", "coordinates": [ -62.68420771, -32.60810532 ] } },
{ "type": "Feature", "properties": { "Name": "500.96", "P.K.": null, "Al.Dist. Izq.": null, "Al.Dist. Der.": null, "Ruta": "1V09" }, "geometry": { "type": "Point", "coordinates": [ -62.68431265, -32.6083516 ] } },
{ "type": "Feature", "properties": { "Name": "500.99", "P.K.": null, "Al.Dist. Izq.": null, "Al.Dist. Der.": null, "Ruta": "1V09" }, "geometry": { "type": "Point", "coordinates": [ -62.68460824, -32.60833158 ] } },
{ "type": "Feature", "properties": { "Name": "501.01", "P.K.": null, "Al.Dist. Izq.": null, "Al.Dist. Der.": null, "Ruta": "1V09" }, "geometry": { "type": "Point", "coordinates": [ -62.68493291, -32.60840893 ] } },
{ "type": "Feature", "properties": { "Name": "501.04", "P.K.": null, "Al.Dist. Izq.": null, "Al.Dist. Der.": null, "Ruta": "1V09" }, "geometry": { "type": "Point", "coordinates": [ -62.68521152, -32.60848575 ] } },
{ "type": "Feature", "properties": { "Name": "501.21", "P.K.": null, "Al.Dist. Izq.": null, "Al.Dist. Der.": null, "Ruta": "1V09" }, "geometry": { "type": "Point", "coordinates": [ -62.68734321, -32.60924463 ] } },
{ "type": "Feature", "properties": { "Name": "501.22", "P.K.": null, "Al.Dist. Izq.": null, "Al.Dist. Der.": null, "Ruta": "1V09" }, "geometry": { "type": "Point", "coordinates": [ -62.68745452, -32.60936494 ] } },
{ "type": "Feature", "properties": { "Name": "501.24", "P.K.": null, "Al.Dist. Izq.": null, "Al.Dist. Der.": null, "Ruta": "1V09" }, "geometry": { "type": "Point", "coordinates": [ -62.68769827, -32.60951406 ] } },
{ "type": "Feature", "properties": { "Name": "501.26", "P.K.": null, "Al.Dist. Izq.": null, "Al.Dist. Der.": null, "Ruta": "1V09" }, "geometry": { "type": "Point", "coordinates": [ -62.68783, -32.60949 ] } },
{ "type": "Feature", "properties": { "Name": "501.28", "P.K.": null, "Al.Dist. Izq.": null, "Al.Dist. Der.": null, "Ruta": "1V09" }, "geometry": { "type": "Point", "coordinates": [ -62.68817, -32.60946 ] } },
{ "type": "Feature", "properties": { "Name": "501.33", "P.K.": null, "Al.Dist. Izq.": null, "Al.Dist. Der.": null, "Ruta": "1V09" }, "geometry": { "type": "Point", "coordinates": [ -62.68872388, -32.60968041 ] } },
{ "type": "Feature", "properties": { "Name": "501.35", "P.K.": null, "Al.Dist. Izq.": null, "Al.Dist. Der.": null, "Ruta": "1V09" }, "geometry": { "type": "Point", "coordinates": [ -62.6889852, -32.609723 ] } },
{ "type": "Feature", "properties": { "Name": "501.37", "P.K.": null, "Al.Dist. Izq.": null, "Al.Dist. Der.": null, "Ruta": "1V09" }, "geometry": { "type": "Point", "coordinates": [ -62.6892857, -32.60979189 ] } },
{ "type": "Feature", "properties": { "Name": "501.39", "P.K.": null, "Al.Dist. Izq.": null, "Al.Dist. Der.": null, "Ruta": "1V09" }, "geometry": { "type": "Point", "coordinates": [ -62.68949189, -32.60982828 ] } },
{ "type": "Feature", "properties": { "Name": "501.42", "P.K.": null, "Al.Dist. Izq.": null, "Al.Dist. Der.": null, "Ruta": "1V09" }, "geometry": { "type": "Point", "coordinates": [ -62.68989493, -32.60987983 ] } },
{ "type": "Feature", "properties": { "Name": "501.43", "P.K.": null, "Al.Dist. Izq.": null, "Al.Dist. Der.": null, "Ruta": "1V09" }, "geometry": { "type": "Point", "coordinates": [ -62.69002, -32.60991 ] } },
{ "type": "Feature", "properties": { "Name": "501.48", "P.K.": null, "Al.Dist. Izq.": null, "Al.Dist. Der.": null, "Ruta": "1V09" }, "geometry": { "type": "Point", "coordinates": [ -62.6906145, -32.61005264 ] } },
{ "type": "Feature", "properties": { "Name": "501.49", "P.K.": null, "Al.Dist. Izq.": null, "Al.Dist. Der.": null, "Ruta": "1V09" }, "geometry": { "type": "Point", "coordinates": [ -62.69083712, -32.60990239 ] } },
{ "type": "Feature", "properties": { "Name": "501.5", "P.K.": null, "Al.Dist. Izq.": null, "Al.Dist. Der.": null, "Ruta": "1V09" }, "geometry": { "type": "Point", "coordinates": [ -62.6910065, -32.61002216 ] } },
{ "type": "Feature", "properties": { "Name": "501.52", "P.K.": null, "Al.Dist. Izq.": null, "Al.Dist. Der.": null, "Ruta": "1V09" }, "geometry": { "type": "Point", "coordinates": [ -62.69121666, -32.60994419 ] } },
{ "type": "Feature", "properties": { "Name": "501.52", "P.K.": null, "Al.Dist. Izq.": null, "Al.Dist. Der.": null, "Ruta": "1V09" }, "geometry": { "type": "Point", "coordinates": [ -62.69120257, -32.61016364 ] } },
{ "type": "Feature", "properties": { "Name": "501.53", "P.K.": null, "Al.Dist. Izq.": null, "Al.Dist. Der.": null, "Ruta": "1V09" }, "geometry": { "type": "Point", "coordinates": [ -62.69137055, -32.60996509 ] } },
{ "type": "Feature", "properties": { "Name": "501.54", "P.K.": null, "Al.Dist. Izq.": null, "Al.Dist. Der.": null, "Ruta": "1V09" }, "geometry": { "type": "Point", "coordinates": [ -62.69151505, -32.61016674 ] } },
{ "type": "Feature", "properties": { "Name": "501.57", "P.K.": null, "Al.Dist. Izq.": null, "Al.Dist. Der.": null, "Ruta": "1V09" }, "geometry": { "type": "Point", "coordinates": [ -62.69193716, -32.61008202 ] } },
{ "type": "Feature", "properties": { "Name": "501.58", "P.K.": null, "Al.Dist. Izq.": null, "Al.Dist. Der.": null, "Ruta": "1V09" }, "geometry": { "type": "Point", "coordinates": [ -62.69202869, -32.61025627 ] } },
{ "type": "Feature", "properties": { "Name": "501.65", "P.K.": null, "Al.Dist. Izq.": null, "Al.Dist. Der.": null, "Ruta": "1V09" }, "geometry": { "type": "Point", "coordinates": [ -62.69283037, -32.61026761 ] } },
{ "type": "Feature", "properties": { "Name": "501.68", "P.K.": null, "Al.Dist. Izq.": null, "Al.Dist. Der.": null, "Ruta": "1V09" }, "geometry": { "type": "Point", "coordinates": [ -62.69331258, -32.61032554 ] } },
{ "type": "Feature", "properties": { "Name": "501.73", "P.K.": null, "Al.Dist. Izq.": null, "Al.Dist. Der.": null, "Ruta": "1V09" }, "geometry": { "type": "Point", "coordinates": [ -62.69389717, -32.61040725 ] } },
{ "type": "Feature", "properties": { "Name": "501.74", "P.K.": null, "Al.Dist. Izq.": null, "Al.Dist. Der.": null, "Ruta": "1V09" }, "geometry": { "type": "Point", "coordinates": [ -62.69413264, -32.61045115 ] } },
{ "type": "Feature", "properties": { "Name": "501.74", "P.K.": null, "Al.Dist. Izq.": null, "Al.Dist. Der.": null, "Ruta": "1V09" }, "geometry": { "type": "Point", "coordinates": [ -62.69415166, -32.61054067 ] } },
{ "type": "Feature", "properties": { "Name": "501.76", "P.K.": null, "Al.Dist. Izq.": null, "Al.Dist. Der.": null, "Ruta": "1V09" }, "geometry": { "type": "Point", "coordinates": [ -62.6943659, -32.61046441 ] } },
{ "type": "Feature", "properties": { "Name": "501.76", "P.K.": null, "Al.Dist. Izq.": null, "Al.Dist. Der.": null, "Ruta": "1V09" }, "geometry": { "type": "Point", "coordinates": [ -62.69434713, -32.61052881 ] } },
{ "type": "Feature", "properties": { "Name": "501.77", "P.K.": null, "Al.Dist. Izq.": null, "Al.Dist. Der.": null, "Ruta": "1V09" }, "geometry": { "type": "Point", "coordinates": [ -62.69448236, -32.61050815 ] } },
{ "type": "Feature", "properties": { "Name": "501.79", "P.K.": null, "Al.Dist. Izq.": null, "Al.Dist. Der.": null, "Ruta": "1V09" }, "geometry": { "type": "Point", "coordinates": [ -62.69474231, -32.61055408 ] } },
{ "type": "Feature", "properties": { "Name": "501.81", "P.K.": null, "Al.Dist. Izq.": null, "Al.Dist. Der.": null, "Ruta": "1V09" }, "geometry": { "type": "Point", "coordinates": [ -62.69500413, -32.61058131 ] } },
{ "type": "Feature", "properties": { "Name": "501.82", "P.K.": null, "Al.Dist. Izq.": null, "Al.Dist. Der.": null, "Ruta": "1V09" }, "geometry": { "type": "Point", "coordinates": [ -62.69517034, -32.61061514 ] } },
{ "type": "Feature", "properties": { "Name": "501.86", "P.K.": null, "Al.Dist. Izq.": null, "Al.Dist. Der.": null, "Ruta": "1V09" }, "geometry": { "type": "Point", "coordinates": [ -62.69568253, -32.61063867 ] } },
{ "type": "Feature", "properties": { "Name": "501.87", "P.K.": null, "Al.Dist. Izq.": null, "Al.Dist. Der.": null, "Ruta": "1V09" }, "geometry": { "type": "Point", "coordinates": [ -62.69584548, -32.61063189 ] } },
{ "type": "Feature", "properties": { "Name": "501.95", "P.K.": null, "Al.Dist. Izq.": null, "Al.Dist. Der.": null, "Ruta": "1V09" }, "geometry": { "type": "Point", "coordinates": [ -62.69676712, -32.61077407 ] } },
{ "type": "Feature", "properties": { "Name": "501.95", "P.K.": null, "Al.Dist. Izq.": 15, "Al.Dist. Der.": 15, "Ruta": "1V09" }, "geometry": { "type": "Point", "coordinates": [ -62.69676712, -32.61077407 ] } },
{ "type": "Feature", "properties": { "Name": "501.97", "P.K.": null, "Al.Dist. Izq.": 15, "Al.Dist. Der.": 15, "Ruta": "1V09" }, "geometry": { "type": "Point", "coordinates": [ -62.69704107, -32.61082648 ] } },
{ "type": "Feature", "properties": { "Name": "502.01", "P.K.": null, "Al.Dist. Izq.": 15, "Al.Dist. Der.": 15, "Ruta": "1V09" }, "geometry": { "type": "Point", "coordinates": [ -62.69759797, -32.61068894 ] } },
{ "type": "Feature", "properties": { "Name": "502.03", "P.K.": null, "Al.Dist. Izq.": 15, "Al.Dist. Der.": 15, "Ruta": "1V09" }, "geometry": { "type": "Point", "coordinates": [ -62.69785244, -32.61065138 ] } },
{ "type": "Feature", "properties": { "Name": "502.05", "P.K.": null, "Al.Dist. Izq.": 15, "Al.Dist. Der.": 15, "Ruta": "1V09" }, "geometry": { "type": "Point", "coordinates": [ -62.69810895, -32.6106459 ] } },
{ "type": "Feature", "properties": { "Name": "502.08", "P.K.": null, "Al.Dist. Izq.": 15, "Al.Dist. Der.": 15, "Ruta": "1V09" }, "geometry": { "type": "Point", "coordinates": [ -62.69839559, -32.61052203 ] } },
{ "type": "Feature", "properties": { "Name": "502.09", "P.K.": null, "Al.Dist. Izq.": 15, "Al.Dist. Der.": 15, "Ruta": "1V09" }, "geometry": { "type": "Point", "coordinates": [ -62.69862492, -32.61045481 ] } },
{ "type": "Feature", "properties": { "Name": "502.09", "P.K.": null, "Al.Dist. Izq.": 15, "Al.Dist. Der.": 15, "Ruta": "1V09" }, "geometry": { "type": "Point", "coordinates": [ -62.6986, -32.61056 ] } },
{ "type": "Feature", "properties": { "Name": "502.1", "P.K.": null, "Al.Dist. Izq.": 15, "Al.Dist. Der.": 15, "Ruta": "1V09" }, "geometry": { "type": "Point", "coordinates": [ -62.69875, -32.61054 ] } },
{ "type": "Feature", "properties": { "Name": "502.13", "P.K.": null, "Al.Dist. Izq.": 15, "Al.Dist. Der.": 15, "Ruta": "1V09" }, "geometry": { "type": "Point", "coordinates": [ -62.69919924, -32.61058049 ] } },
{ "type": "Feature", "properties": { "Name": "502.15", "P.K.": null, "Al.Dist. Izq.": 15, "Al.Dist. Der.": 15, "Ruta": "1V09" }, "geometry": { "type": "Point", "coordinates": [ -62.69935582, -32.61054575 ] } },
{ "type": "Feature", "properties": { "Name": "502.16", "P.K.": null, "Al.Dist. Izq.": 15, "Al.Dist. Der.": 15, "Ruta": "1V09" }, "geometry": { "type": "Point", "coordinates": [ -62.69943193, -32.61038364 ] } },
{ "type": "Feature", "properties": { "Name": "502.16", "P.K.": null, "Al.Dist. Izq.": 15, "Al.Dist. Der.": 15, "Ruta": "1V09" }, "geometry": { "type": "Point", "coordinates": [ -62.69948591, -32.61049294 ] } },
{ "type": "Feature", "properties": { "Name": "502.16", "P.K.": null, "Al.Dist. Izq.": 15, "Al.Dist. Der.": 15, "Ruta": "1V09" }, "geometry": { "type": "Point", "coordinates": [ -62.69954961, -32.61031501 ] } },
{ "type": "Feature", "properties": { "Name": "502.17", "P.K.": null, "Al.Dist. Izq.": 15, "Al.Dist. Der.": 15, "Ruta": "1V09" }, "geometry": { "type": "Point", "coordinates": [ -62.69970115, -32.61026107 ] } },
{ "type": "Feature", "properties": { "Name": "502.21", "P.K.": null, "Al.Dist. Izq.": 15, "Al.Dist. Der.": 15, "Ruta": "1V09" }, "geometry": { "type": "Point", "coordinates": [ -62.70008873, -32.6103876 ] } },
{ "type": "Feature", "properties": { "Name": "502.23", "P.K.": null, "Al.Dist. Izq.": 15, "Al.Dist. Der.": 15, "Ruta": "1V09" }, "geometry": { "type": "Point", "coordinates": [ -62.70040859, -32.61011252 ] } },
{ "type": "Feature", "properties": { "Name": "502.25", "P.K.": null, "Al.Dist. Izq.": 15, "Al.Dist. Der.": 15, "Ruta": "1V09" }, "geometry": { "type": "Point", "coordinates": [ -62.70061914, -32.61022916 ] } },
{ "type": "Feature", "properties": { "Name": "502.27", "P.K.": null, "Al.Dist. Izq.": 15, "Al.Dist. Der.": 15, "Ruta": "1V09" }, "geometry": { "type": "Point", "coordinates": [ -62.70089675, -32.61019611 ] } },
{ "type": "Feature", "properties": { "Name": "502.27", "P.K.": null, "Al.Dist. Izq.": 15, "Al.Dist. Der.": 15, "Ruta": "1V09" }, "geometry": { "type": "Point", "coordinates": [ -62.7009286, -32.61000689 ] } },
{ "type": "Feature", "properties": { "Name": "502.29", "P.K.": null, "Al.Dist. Izq.": 15, "Al.Dist. Der.": 15, "Ruta": "1V09" }, "geometry": { "type": "Point", "coordinates": [ -62.70126991, -32.61016109 ] } },
{ "type": "Feature", "properties": { "Name": "502.31", "P.K.": null, "Al.Dist. Izq.": 15, "Al.Dist. Der.": 15, "Ruta": "1V09" }, "geometry": { "type": "Point", "coordinates": [ -62.70146336, -32.60993374 ] } },
{ "type": "Feature", "properties": { "Name": "502.33", "P.K.": null, "Al.Dist. Izq.": 15, "Al.Dist. Der.": 15, "Ruta": "1V09" }, "geometry": { "type": "Point", "coordinates": [ -62.7017175, -32.61008738 ] } },
{ "type": "Feature", "properties": { "Name": "502.39", "P.K.": null, "Al.Dist. Izq.": 15, "Al.Dist. Der.": 15, "Ruta": "1V09" }, "geometry": { "type": "Point", "coordinates": [ -62.70244919, -32.60979977 ] } },
{ "type": "Feature", "properties": { "Name": "502.52", "P.K.": null, "Al.Dist. Izq.": 15, "Al.Dist. Der.": 15, "Ruta": "1V09" }, "geometry": { "type": "Point", "coordinates": [ -62.70418065, -32.60946777 ] } },
{ "type": "Feature", "properties": { "Name": "502.54", "P.K.": null, "Al.Dist. Izq.": 15, "Al.Dist. Der.": 15, "Ruta": "1V09" }, "geometry": { "type": "Point", "coordinates": [ -62.70438127, -32.60953581 ] } },
{ "type": "Feature", "properties": { "Name": "502.8", "P.K.": null, "Al.Dist. Izq.": 15, "Al.Dist. Der.": 15, "Ruta": "1V09" }, "geometry": { "type": "Point", "coordinates": [ -62.7077461, -32.60894836 ] } },
{ "type": "Feature", "properties": { "Name": "502.85", "P.K.": null, "Al.Dist. Izq.": 15, "Al.Dist. Der.": 15, "Ruta": "1V09" }, "geometry": { "type": "Point", "coordinates": [ -62.70832343, -32.60880465 ] } },
{ "type": "Feature", "properties": { "Name": "502.96", "P.K.": null, "Al.Dist. Izq.": 15, "Al.Dist. Der.": 15, "Ruta": "1V09" }, "geometry": { "type": "Point", "coordinates": [ -62.70979531, -32.60857669 ] } },
{ "type": "Feature", "properties": { "Name": "503", "P.K.": "PK503", "Al.Dist. Izq.": 15, "Al.Dist. Der.": 15, "Ruta": "1V09" }, "geometry": { "type": "Point", "coordinates": [ -62.71028514, -32.60852613 ] } },
{ "type": "Feature", "properties": { "Name": "503.01", "P.K.": null, "Al.Dist. Izq.": 15, "Al.Dist. Der.": 15, "Ruta": "1V09" }, "geometry": { "type": "Point", "coordinates": [ -62.71041758, -32.60849309 ] } },
{ "type": "Feature", "properties": { "Name": "503.1", "P.K.": null, "Al.Dist. Izq.": 15, "Al.Dist. Der.": 15, "Ruta": "1V09" }, "geometry": { "type": "Point", "coordinates": [ -62.71143236, -32.60835914 ] } },
{ "type": "Feature", "properties": { "Name": "503.16", "P.K.": null, "Al.Dist. Izq.": 15, "Al.Dist. Der.": 15, "Ruta": "1V09" }, "geometry": { "type": "Point", "coordinates": [ -62.71199305, -32.60842955 ] } },
{ "type": "Feature", "properties": { "Name": "503.17", "P.K.": null, "Al.Dist. Izq.": 15, "Al.Dist. Der.": 15, "Ruta": "1V09" }, "geometry": { "type": "Point", "coordinates": [ -62.71216382, -32.60826073 ] } },
{ "type": "Feature", "properties": { "Name": "503.26", "P.K.": null, "Al.Dist. Izq.": 15, "Al.Dist. Der.": 15, "Ruta": "1V09" }, "geometry": { "type": "Point", "coordinates": [ -62.71311438, -32.60813183 ] } },
{ "type": "Feature", "properties": { "Name": "503.26", "P.K.": null, "Al.Dist. Izq.": 15, "Al.Dist. Der.": 15, "Ruta": "1V09" }, "geometry": { "type": "Point", "coordinates": [ -62.71311438, -32.60813183 ] } },
{ "type": "Feature", "properties": { "Name": "503.32", "P.K.": null, "Al.Dist. Izq.": 15, "Al.Dist. Der.": 15, "Ruta": "1V09" }, "geometry": { "type": "Point", "coordinates": [ -62.71363355, -32.6079353 ] } },
{ "type": "Feature", "properties": { "Name": "503.33", "P.K.": null, "Al.Dist. Izq.": 15, "Al.Dist. Der.": 15, "Ruta": "1V09" }, "geometry": { "type": "Point", "coordinates": [ -62.71383505, -32.60797484 ] } },
{ "type": "Feature", "properties": { "Name": "503.35", "P.K.": null, "Al.Dist. Izq.": 15, "Al.Dist. Der.": 15, "Ruta": "1V09" }, "geometry": { "type": "Point", "coordinates": [ -62.71404427, -32.60809515 ] } },
{ "type": "Feature", "properties": { "Name": "503.36", "P.K.": null, "Al.Dist. Izq.": 15, "Al.Dist. Der.": 15, "Ruta": "1V09" }, "geometry": { "type": "Point", "coordinates": [ -62.71414887, -32.6080751 ] } },
{ "type": "Feature", "properties": { "Name": "503.39", "P.K.": null, "Al.Dist. Izq.": 15, "Al.Dist. Der.": 15, "Ruta": "1V09" }, "geometry": { "type": "Point", "coordinates": [ -62.71442145, -32.60778985 ] } },
{ "type": "Feature", "properties": { "Name": "503.4", "P.K.": null, "Al.Dist. Izq.": 15, "Al.Dist. Der.": 15, "Ruta": "1V09" }, "geometry": { "type": "Point", "coordinates": [ -62.71457534, -32.60794038 ] } },
{ "type": "Feature", "properties": { "Name": "503.42", "P.K.": null, "Al.Dist. Izq.": 15, "Al.Dist. Der.": 15, "Ruta": "1V09" }, "geometry": { "type": "Point", "coordinates": [ -62.71471616, -32.60786074 ] } },
{ "type": "Feature", "properties": { "Name": "503.42", "P.K.": null, "Al.Dist. Izq.": 15, "Al.Dist. Der.": 15, "Ruta": "1V09" }, "geometry": { "type": "Point", "coordinates": [ -62.71481439, -32.60802483 ] } },
{ "type": "Feature", "properties": { "Name": "503.45", "P.K.": null, "Al.Dist. Izq.": 15, "Al.Dist. Der.": 15, "Ruta": "1V09" }, "geometry": { "type": "Point", "coordinates": [ -62.71497729, -32.60763977 ] } },
{ "type": "Feature", "properties": { "Name": "503.47", "P.K.": null, "Al.Dist. Izq.": 15, "Al.Dist. Der.": 15, "Ruta": "1V09" }, "geometry": { "type": "Point", "coordinates": [ -62.71511413, -32.60759497 ] } },
{ "type": "Feature", "properties": { "Name": "503.47", "P.K.": null, "Al.Dist. Izq.": 35, "Al.Dist. Der.": 15, "Ruta": "1V09" }, "geometry": { "type": "Point", "coordinates": [ -62.71511413, -32.60759497 ] } },
{ "type": "Feature", "properties": { "Name": "503.49", "P.K.": null, "Al.Dist. Izq.": 35, "Al.Dist. Der.": 15, "Ruta": "1V09" }, "geometry": { "type": "Point", "coordinates": [ -62.71521606, -32.6079401 ] } },
{ "type": "Feature", "properties": { "Name": "503.49", "P.K.": null, "Al.Dist. Izq.": 35, "Al.Dist. Der.": 15, "Ruta": "1V09" }, "geometry": { "type": "Point", "coordinates": [ -62.71509368, -32.60827817 ] } },
{ "type": "Feature", "properties": { "Name": "503.51", "P.K.": null, "Al.Dist. Izq.": 35, "Al.Dist. Der.": 15, "Ruta": "1V09" }, "geometry": { "type": "Point", "coordinates": [ -62.71557748, -32.6077986 ] } },
{ "type": "Feature", "properties": { "Name": "503.52", "P.K.": null, "Al.Dist. Izq.": 35, "Al.Dist. Der.": 15, "Ruta": "1V09" }, "geometry": { "type": "Point", "coordinates": [ -62.71562342, -32.60789547 ] } },
{ "type": "Feature", "properties": { "Name": "503.54", "P.K.": null, "Al.Dist. Izq.": 35, "Al.Dist. Der.": 15, "Ruta": "1V09" }, "geometry": { "type": "Point", "coordinates": [ -62.71589868, -32.60781018 ] } },
{ "type": "Feature", "properties": { "Name": "503.54", "P.K.": null, "Al.Dist. Izq.": 35, "Al.Dist. Der.": 15, "Ruta": "1V09" }, "geometry": { "type": "Point", "coordinates": [ -62.71584671, -32.6077215 ] } },
{ "type": "Feature", "properties": { "Name": "503.55", "P.K.": null, "Al.Dist. Izq.": 35, "Al.Dist. Der.": 15, "Ruta": "1V09" }, "geometry": { "type": "Point", "coordinates": [ -62.71598283, -32.60764778 ] } },
{ "type": "Feature", "properties": { "Name": "503.62", "P.K.": null, "Al.Dist. Izq.": 35, "Al.Dist. Der.": 15, "Ruta": "1V09" }, "geometry": { "type": "Point", "coordinates": [ -62.71672212, -32.60753114 ] } },
{ "type": "Feature", "properties": { "Name": "503.65", "P.K.": null, "Al.Dist. Izq.": 35, "Al.Dist. Der.": 15, "Ruta": "1V09" }, "geometry": { "type": "Point", "coordinates": [ -62.71698598, -32.60749523 ] } },
{ "type": "Feature", "properties": { "Name": "503.71", "P.K.": null, "Al.Dist. Izq.": 35, "Al.Dist. Der.": 15, "Ruta": "1V09" }, "geometry": { "type": "Point", "coordinates": [ -62.71764681, -32.60755712 ] } },
{ "type": "Feature", "properties": { "Name": "503.76", "P.K.": null, "Al.Dist. Izq.": 35, "Al.Dist. Der.": 15, "Ruta": "1V09" }, "geometry": { "type": "Point", "coordinates": [ -62.71816816, -32.60748878 ] } },
{ "type": "Feature", "properties": { "Name": "503.76", "P.K.": null, "Al.Dist. Izq.": 35, "Al.Dist. Der.": 15, "Ruta": "1V09" }, "geometry": { "type": "Point", "coordinates": [ -62.71815624, -32.60735895 ] } },
{ "type": "Feature", "properties": { "Name": "503.86", "P.K.": null, "Al.Dist. Izq.": 35, "Al.Dist. Der.": 15, "Ruta": "1V09" }, "geometry": { "type": "Point", "coordinates": [ -62.71925848, -32.60726763 ] } },
{ "type": "Feature", "properties": { "Name": "503.87", "P.K.": null, "Al.Dist. Izq.": 35, "Al.Dist. Der.": 15, "Ruta": "1V09" }, "geometry": { "type": "Point", "coordinates": [ -62.71932621, -32.60712077 ] } },
{ "type": "Feature", "properties": { "Name": "503.89", "P.K.": null, "Al.Dist. Izq.": 35, "Al.Dist. Der.": 15, "Ruta": "1V09" }, "geometry": { "type": "Point", "coordinates": [ -62.71954447, -32.60723346 ] } },
{ "type": "Feature", "properties": { "Name": "504", "P.K.": "PK504", "Al.Dist. Izq.": 35, "Al.Dist. Der.": 15, "Ruta": "1V09" }, "geometry": { "type": "Point", "coordinates": [ -62.72070587, -32.60705609 ] } },
{ "type": "Feature", "properties": { "Name": "504.04", "P.K.": null, "Al.Dist. Izq.": 35, "Al.Dist. Der.": 15, "Ruta": "1V09" }, "geometry": { "type": "Point", "coordinates": [ -62.721017, -32.60701599 ] } },
{ "type": "Feature", "properties": { "Name": "504.27", "P.K.": null, "Al.Dist. Izq.": 35, "Al.Dist. Der.": 15, "Ruta": "1V09" }, "geometry": { "type": "Point", "coordinates": [ -62.72305045, -32.60662086 ] } },
{ "type": "Feature", "properties": { "Name": "504.33", "P.K.": null, "Al.Dist. Izq.": 35, "Al.Dist. Der.": 15, "Ruta": "1V09" }, "geometry": { "type": "Point", "coordinates": [ -62.72351473, -32.60654325 ] } },
{ "type": "Feature", "properties": { "Name": "504.34", "P.K.": null, "Al.Dist. Izq.": 35, "Al.Dist. Der.": 15, "Ruta": "1V09" }, "geometry": { "type": "Point", "coordinates": [ -62.72360866, -32.60652953 ] } },
{ "type": "Feature", "properties": { "Name": "504.37", "P.K.": null, "Al.Dist. Izq.": 35, "Al.Dist. Der.": 15, "Ruta": "1V09" }, "geometry": { "type": "Point", "coordinates": [ -62.72389047, -32.60648837 ] } },
{ "type": "Feature", "properties": { "Name": "504.45", "P.K.": null, "Al.Dist. Izq.": 35, "Al.Dist. Der.": 15, "Ruta": "1V09" }, "geometry": { "type": "Point", "coordinates": [ -62.72458, -32.60648 ] } },
{ "type": "Feature", "properties": { "Name": "504.54", "P.K.": null, "Al.Dist. Izq.": 35, "Al.Dist. Der.": 15, "Ruta": "1V09" }, "geometry": { "type": "Point", "coordinates": [ -62.72535782, -32.60631668 ] } },
{ "type": "Feature", "properties": { "Name": "504.66", "P.K.": null, "Al.Dist. Izq.": 35, "Al.Dist. Der.": 15, "Ruta": "1V09" }, "geometry": { "type": "Point", "coordinates": [ -62.72636365, -32.60618563 ] } },
{ "type": "Feature", "properties": { "Name": "504.68", "P.K.": null, "Al.Dist. Izq.": 35, "Al.Dist. Der.": 15, "Ruta": "1V09" }, "geometry": { "type": "Point", "coordinates": [ -62.72654168, -32.60632092 ] } },
{ "type": "Feature", "properties": { "Name": "504.74", "P.K.": null, "Al.Dist. Izq.": 35, "Al.Dist. Der.": 15, "Ruta": "1V09" }, "geometry": { "type": "Point", "coordinates": [ -62.72699128, -32.60604211 ] } },
{ "type": "Feature", "properties": { "Name": "504.85", "P.K.": null, "Al.Dist. Izq.": 35, "Al.Dist. Der.": 15, "Ruta": "1V09" }, "geometry": { "type": "Point", "coordinates": [ -62.72797808, -32.60590136 ] } },
{ "type": "Feature", "properties": { "Name": "504.91", "P.K.": null, "Al.Dist. Izq.": 35, "Al.Dist. Der.": 15, "Ruta": "1V09" }, "geometry": { "type": "Point", "coordinates": [ -62.72850917, -32.60586667 ] } },
{ "type": "Feature", "properties": { "Name": "505.11", "P.K.": null, "Al.Dist. Izq.": 35, "Al.Dist. Der.": 15, "Ruta": "1V09" }, "geometry": { "type": "Point", "coordinates": [ -62.7301506, -32.60573656 ] } },
{ "type": "Feature", "properties": { "Name": "505.28", "P.K.": null, "Al.Dist. Izq.": 35, "Al.Dist. Der.": 15, "Ruta": "1V09" }, "geometry": { "type": "Point", "coordinates": [ -62.73170426, -32.60564307 ] } },
{ "type": "Feature", "properties": { "Name": "505.32", "P.K.": null, "Al.Dist. Izq.": 35, "Al.Dist. Der.": 15, "Ruta": "1V09" }, "geometry": { "type": "Point", "coordinates": [ -62.73200601, -32.6056185 ] } },
{ "type": "Feature", "properties": { "Name": "505.59", "P.K.": null, "Al.Dist. Izq.": 35, "Al.Dist. Der.": 15, "Ruta": "1V09" }, "geometry": { "type": "Point", "coordinates": [ -62.7342936, -32.60523241 ] } },
{ "type": "Feature", "properties": { "Name": "505.86", "P.K.": null, "Al.Dist. Izq.": 35, "Al.Dist. Der.": 15, "Ruta": "1V09" }, "geometry": { "type": "Point", "coordinates": [ -62.73652665, -32.60465581 ] } },
{ "type": "Feature", "properties": { "Name": "505.91", "P.K.": null, "Al.Dist. Izq.": 35, "Al.Dist. Der.": 15, "Ruta": "1V09" }, "geometry": { "type": "Point", "coordinates": [ -62.73699526, -32.60461246 ] } },
{ "type": "Feature", "properties": { "Name": "505.95", "P.K.": null, "Al.Dist. Izq.": 35, "Al.Dist. Der.": 15, "Ruta": "1V09" }, "geometry": { "type": "Point", "coordinates": [ -62.73737209, -32.60453248 ] } },
{ "type": "Feature", "properties": { "Name": "506.11", "P.K.": null, "Al.Dist. Izq.": 35, "Al.Dist. Der.": 15, "Ruta": "1V09" }, "geometry": { "type": "Point", "coordinates": [ -62.73871824, -32.60440599 ] } },
{ "type": "Feature", "properties": { "Name": "506.19", "P.K.": null, "Al.Dist. Izq.": 35, "Al.Dist. Der.": 15, "Ruta": "1V09" }, "geometry": { "type": "Point", "coordinates": [ -62.7394126, -32.60446869 ] } },
{ "type": "Feature", "properties": { "Name": "506.42", "P.K.": null, "Al.Dist. Izq.": 35, "Al.Dist. Der.": 15, "Ruta": "1V09" }, "geometry": { "type": "Point", "coordinates": [ -62.74141487, -32.60423286 ] } },
{ "type": "Feature", "properties": { "Name": "506.56", "P.K.": null, "Al.Dist. Izq.": 35, "Al.Dist. Der.": 15, "Ruta": "1V09" }, "geometry": { "type": "Point", "coordinates": [ -62.74257392, -32.60403176 ] } },
{ "type": "Feature", "properties": { "Name": "506.75", "P.K.": null, "Al.Dist. Izq.": 35, "Al.Dist. Der.": 15, "Ruta": "1V09" }, "geometry": { "type": "Point", "coordinates": [ -62.74431769, -32.60399561 ] } },
{ "type": "Feature", "properties": { "Name": "506.88", "P.K.": null, "Al.Dist. Izq.": 35, "Al.Dist. Der.": 15, "Ruta": "1V09" }, "geometry": { "type": "Point", "coordinates": [ -62.74535738, -32.60403289 ] } },
{ "type": "Feature", "properties": { "Name": "507", "P.K.": "PK507", "Al.Dist. Izq.": 35, "Al.Dist. Der.": 15, "Ruta": "1V09" }, "geometry": { "type": "Point", "coordinates": [ -62.74635818, -32.6037914 ] } },
{ "type": "Feature", "properties": { "Name": "507.52", "P.K.": null, "Al.Dist. Izq.": 35, "Al.Dist. Der.": 15, "Ruta": "1V09" }, "geometry": { "type": "Point", "coordinates": [ -62.75193, -32.60376 ] } },
{ "type": "Feature", "properties": { "Name": "508.38", "P.K.": null, "Al.Dist. Izq.": 35, "Al.Dist. Der.": 15, "Ruta": "1V09" }, "geometry": { "type": "Point", "coordinates": [ -62.76111335, -32.60357448 ] } },
{ "type": "Feature", "properties": { "Name": "508.51", "P.K.": null, "Al.Dist. Izq.": 35, "Al.Dist. Der.": 15, "Ruta": "1V09" }, "geometry": { "type": "Point", "coordinates": [ -62.76252922, -32.60346123 ] } },
{ "type": "Feature", "properties": { "Name": "508.71", "P.K.": null, "Al.Dist. Izq.": 35, "Al.Dist. Der.": 15, "Ruta": "1V09" }, "geometry": { "type": "Point", "coordinates": [ -62.7646599, -32.60383574 ] } },
{ "type": "Feature", "properties": { "Name": "508.88", "P.K.": null, "Al.Dist. Izq.": 35, "Al.Dist. Der.": 15, "Ruta": "1V09" }, "geometry": { "type": "Point", "coordinates": [ -62.766392, -32.603395 ] } },
{ "type": "Feature", "properties": { "Name": "509.02", "P.K.": null, "Al.Dist. Izq.": 35, "Al.Dist. Der.": 15, "Ruta": "1V09" }, "geometry": { "type": "Point", "coordinates": [ -62.76791, -32.603165 ] } },
{ "type": "Feature", "properties": { "Name": "509.24", "P.K.": null, "Al.Dist. Izq.": 35, "Al.Dist. Der.": 15, "Ruta": "1V09" }, "geometry": { "type": "Point", "coordinates": [ -62.77009691, -32.60249896 ] } },
{ "type": "Feature", "properties": { "Name": "509.37", "P.K.": null, "Al.Dist. Izq.": 35, "Al.Dist. Der.": 15, "Ruta": "1V09" }, "geometry": { "type": "Point", "coordinates": [ -62.77136978, -32.60217384 ] } },
{ "type": "Feature", "properties": { "Name": "509.53", "P.K.": null, "Al.Dist. Izq.": 35, "Al.Dist. Der.": 15, "Ruta": "1V09" }, "geometry": { "type": "Point", "coordinates": [ -62.77298413, -32.60156177 ] } },
{ "type": "Feature", "properties": { "Name": "509.86", "P.K.": null, "Al.Dist. Izq.": 35, "Al.Dist. Der.": 15, "Ruta": "1V09" }, "geometry": { "type": "Point", "coordinates": [ -62.77626, -32.60062 ] } },
{ "type": "Feature", "properties": { "Name": "510.11", "P.K.": null, "Al.Dist. Izq.": 35, "Al.Dist. Der.": 15, "Ruta": "1V09" }, "geometry": { "type": "Point", "coordinates": [ -62.77870964, -32.59991395 ] } },
{ "type": "Feature", "properties": { "Name": "511.34", "P.K.": null, "Al.Dist. Izq.": 35, "Al.Dist. Der.": 15, "Ruta": "1V09" }, "geometry": { "type": "Point", "coordinates": [ -62.79099, -32.5961 ] } },
{ "type": "Feature", "properties": { "Name": "511.35", "P.K.": null, "Al.Dist. Izq.": 35, "Al.Dist. Der.": 15, "Ruta": "1V09" }, "geometry": { "type": "Point", "coordinates": [ -62.79115, -32.59603 ] } },
{ "type": "Feature", "properties": { "Name": "512.64", "P.K.": null, "Al.Dist. Izq.": 35, "Al.Dist. Der.": 15, "Ruta": "1V09" }, "geometry": { "type": "Point", "coordinates": [ -62.80403238, -32.59201618 ] } },
{ "type": "Feature", "properties": { "Name": "513", "P.K.": "PK513", "Al.Dist. Izq.": 35, "Al.Dist. Der.": 15, "Ruta": "1V09" }, "geometry": { "type": "Point", "coordinates": [ -62.80765765, -32.59087089 ] } },
{ "type": "Feature", "properties": { "Name": "513.94", "P.K.": null, "Al.Dist. Izq.": 35, "Al.Dist. Der.": 15, "Ruta": "1V09" }, "geometry": { "type": "Point", "coordinates": [ -62.81706, -32.58801 ] } },
{ "type": "Feature", "properties": { "Name": "513.95", "P.K.": null, "Al.Dist. Izq.": 35, "Al.Dist. Der.": 15, "Ruta": "1V09" }, "geometry": { "type": "Point", "coordinates": [ -62.81711955, -32.58796448 ] } },
{ "type": "Feature", "properties": { "Name": "514.06", "P.K.": null, "Al.Dist. Izq.": 35, "Al.Dist. Der.": 15, "Ruta": "1V09" }, "geometry": { "type": "Point", "coordinates": [ -62.81819, -32.58767 ] } },
{ "type": "Feature", "properties": { "Name": "514.85", "P.K.": null, "Al.Dist. Izq.": 35, "Al.Dist. Der.": 15, "Ruta": "1V09" }, "geometry": { "type": "Point", "coordinates": [ -62.82627379, -32.58542375 ] } },
{ "type": "Feature", "properties": { "Name": "514.92", "P.K.": null, "Al.Dist. Izq.": 35, "Al.Dist. Der.": 15, "Ruta": "1V09" }, "geometry": { "type": "Point", "coordinates": [ -62.82693174, -32.58520025 ] } },
{ "type": "Feature", "properties": { "Name": "514.98", "P.K.": null, "Al.Dist. Izq.": 35, "Al.Dist. Der.": 15, "Ruta": "1V09" }, "geometry": { "type": "Point", "coordinates": [ -62.82761, -32.58511098 ] } },
{ "type": "Feature", "properties": { "Name": "514.99", "P.K.": null, "Al.Dist. Izq.": 35, "Al.Dist. Der.": 15, "Ruta": "1V09" }, "geometry": { "type": "Point", "coordinates": [ -62.82763246, -32.58499883 ] } },
{ "type": "Feature", "properties": { "Name": "515", "P.K.": null, "Al.Dist. Izq.": 35, "Al.Dist. Der.": 15, "Ruta": "1V09" }, "geometry": { "type": "Point", "coordinates": [ -62.82768443, -32.58496013 ] } },
{ "type": "Feature", "properties": { "Name": "515", "P.K.": null, "Al.Dist. Izq.": 35, "Al.Dist. Der.": 15, "Ruta": "1V09" }, "geometry": { "type": "Point", "coordinates": [ -62.82768443, -32.58496013 ] } },
{ "type": "Feature", "properties": { "Name": "515.06", "P.K.": null, "Al.Dist. Izq.": 35, "Al.Dist. Der.": 15, "Ruta": "1V09" }, "geometry": { "type": "Point", "coordinates": [ -62.82833219, -32.58485476 ] } },
{ "type": "Feature", "properties": { "Name": "515.06", "P.K.": null, "Al.Dist. Izq.": 35, "Al.Dist. Der.": 15, "Ruta": "1V09" }, "geometry": { "type": "Point", "coordinates": [ -62.82833219, -32.58485476 ] } },
{ "type": "Feature", "properties": { "Name": "515.17", "P.K.": null, "Al.Dist. Izq.": 35, "Al.Dist. Der.": 15, "Ruta": "1V09" }, "geometry": { "type": "Point", "coordinates": [ -62.82945871, -32.58455559 ] } },
{ "type": "Feature", "properties": { "Name": "515.17", "P.K.": null, "Al.Dist. Izq.": 35, "Al.Dist. Der.": 15, "Ruta": "1V09" }, "geometry": { "type": "Point", "coordinates": [ -62.82950331, -32.58454457 ] } },
{ "type": "Feature", "properties": { "Name": "515.18", "P.K.": null, "Al.Dist. Izq.": 35, "Al.Dist. Der.": 15, "Ruta": "1V09" }, "geometry": { "type": "Point", "coordinates": [ -62.8295774, -32.58462056 ] } },
{ "type": "Feature", "properties": { "Name": "515.19", "P.K.": null, "Al.Dist. Izq.": 35, "Al.Dist. Der.": 15, "Ruta": "1V09" }, "geometry": { "type": "Point", "coordinates": [ -62.82971989, -32.58447338 ] } },
{ "type": "Feature", "properties": { "Name": "515.24", "P.K.": null, "Al.Dist. Izq.": 35, "Al.Dist. Der.": 15, "Ruta": "1V09" }, "geometry": { "type": "Point", "coordinates": [ -62.83018861, -32.58445869 ] } },
{ "type": "Feature", "properties": { "Name": "515.31", "P.K.": null, "Al.Dist. Izq.": 35, "Al.Dist. Der.": 15, "Ruta": "1V09" }, "geometry": { "type": "Point", "coordinates": [ -62.83092353, -32.58433523 ] } },
{ "type": "Feature", "properties": { "Name": "515.55", "P.K.": null, "Al.Dist. Izq.": 35, "Al.Dist. Der.": 15, "Ruta": "1V09" }, "geometry": { "type": "Point", "coordinates": [ -62.83325907, -32.58340071 ] } },
{ "type": "Feature", "properties": { "Name": "516.34", "P.K.": null, "Al.Dist. Izq.": 35, "Al.Dist. Der.": 15, "Ruta": "1V09" }, "geometry": { "type": "Point", "coordinates": [ -62.84107938, -32.58069906 ] } },
{ "type": "Feature", "properties": { "Name": "516.45", "P.K.": null, "Al.Dist. Izq.": 35, "Al.Dist. Der.": 15, "Ruta": "1V09" }, "geometry": { "type": "Point", "coordinates": [ -62.84205168, -32.58019759 ] } },
{ "type": "Feature", "properties": { "Name": "516.55", "P.K.": null, "Al.Dist. Izq.": 35, "Al.Dist. Der.": 15, "Ruta": "1V09" }, "geometry": { "type": "Point", "coordinates": [ -62.84307528, -32.57993174 ] } },
{ "type": "Feature", "properties": { "Name": "516.56", "P.K.": null, "Al.Dist. Izq.": 35, "Al.Dist. Der.": 15, "Ruta": "1V09" }, "geometry": { "type": "Point", "coordinates": [ -62.8432, -32.5799 ] } },
{ "type": "Feature", "properties": { "Name": "516.61", "P.K.": null, "Al.Dist. Izq.": 35, "Al.Dist. Der.": 15, "Ruta": "1V09" }, "geometry": { "type": "Point", "coordinates": [ -62.84367945, -32.57979161 ] } },
{ "type": "Feature", "properties": { "Name": "517", "P.K.": "PK517", "Al.Dist. Izq.": 35, "Al.Dist. Der.": 15, "Ruta": "1V09" }, "geometry": { "type": "Point", "coordinates": [ -62.84759715, -32.57845812 ] } },
{ "type": "Feature", "properties": { "Name": "517.59", "P.K.": null, "Al.Dist. Izq.": 35, "Al.Dist. Der.": 15, "Ruta": "1V09" }, "geometry": { "type": "Point", "coordinates": [ -62.85356406, -32.57677088 ] } },
{ "type": "Feature", "properties": { "Name": "517.64", "P.K.": null, "Al.Dist. Izq.": 35, "Al.Dist. Der.": 15, "Ruta": "1V09" }, "geometry": { "type": "Point", "coordinates": [ -62.85403, -32.57657 ] } },
{ "type": "Feature", "properties": { "Name": "517.7", "P.K.": null, "Al.Dist. Izq.": 35, "Al.Dist. Der.": 15, "Ruta": "1V09" }, "geometry": { "type": "Point", "coordinates": [ -62.85458229, -32.57634313 ] } },
{ "type": "Feature", "properties": { "Name": "518.94", "P.K.": null, "Al.Dist. Izq.": 35, "Al.Dist. Der.": 15, "Ruta": "1V09" }, "geometry": { "type": "Point", "coordinates": [ -62.8668705, -32.57256508 ] } },
{ "type": "Feature", "properties": { "Name": "519.82", "P.K.": null, "Al.Dist. Izq.": 35, "Al.Dist. Der.": 15, "Ruta": "1V09" }, "geometry": { "type": "Point", "coordinates": [ -62.87571, -32.56981 ] } },
{ "type": "Feature", "properties": { "Name": "519.84", "P.K.": null, "Al.Dist. Izq.": 35, "Al.Dist. Der.": 15, "Ruta": "1V09" }, "geometry": { "type": "Point", "coordinates": [ -62.87587, -32.56977 ] } },
{ "type": "Feature", "properties": { "Name": "520.19", "P.K.": null, "Al.Dist. Izq.": 35, "Al.Dist. Der.": 15, "Ruta": "1V09" }, "geometry": { "type": "Point", "coordinates": [ -62.87928142, -32.56861225 ] } },
{ "type": "Feature", "properties": { "Name": "520.43", "P.K.": null, "Al.Dist. Izq.": 35, "Al.Dist. Der.": 15, "Ruta": "1V09" }, "geometry": { "type": "Point", "coordinates": [ -62.88169, -32.56797 ] } },
{ "type": "Feature", "properties": { "Name": "521.31", "P.K.": null, "Al.Dist. Izq.": 35, "Al.Dist. Der.": 15, "Ruta": "1V09" }, "geometry": { "type": "Point", "coordinates": [ -62.89048467, -32.5651916 ] } },
{ "type": "Feature", "properties": { "Name": "521.75", "P.K.": null, "Al.Dist. Izq.": 35, "Al.Dist. Der.": 15, "Ruta": "1V09" }, "geometry": { "type": "Point", "coordinates": [ -62.89491, -32.56386 ] } },
{ "type": "Feature", "properties": { "Name": "521.96", "P.K.": null, "Al.Dist. Izq.": 35, "Al.Dist. Der.": 15, "Ruta": "1V09" }, "geometry": { "type": "Point", "coordinates": [ -62.89701954, -32.56318763 ] } },
{ "type": "Feature", "properties": { "Name": "522.45", "P.K.": null, "Al.Dist. Izq.": 35, "Al.Dist. Der.": 15, "Ruta": "1V09" }, "geometry": { "type": "Point", "coordinates": [ -62.90189546, -32.56190588 ] } },
{ "type": "Feature", "properties": { "Name": "522.64", "P.K.": null, "Al.Dist. Izq.": 35, "Al.Dist. Der.": 15, "Ruta": "1V09" }, "geometry": { "type": "Point", "coordinates": [ -62.90374038, -32.56108984 ] } },
{ "type": "Feature", "properties": { "Name": "523.46", "P.K.": null, "Al.Dist. Izq.": 35, "Al.Dist. Der.": 15, "Ruta": "1V09" }, "geometry": { "type": "Point", "coordinates": [ -62.91188, -32.5586 ] } },
{ "type": "Feature", "properties": { "Name": "524.25", "P.K.": null, "Al.Dist. Izq.": 35, "Al.Dist. Der.": 15, "Ruta": "1V09" }, "geometry": { "type": "Point", "coordinates": [ -62.91968118, -32.55601854 ] } },
{ "type": "Feature", "properties": { "Name": "524.63", "P.K.": null, "Al.Dist. Izq.": 35, "Al.Dist. Der.": 15, "Ruta": "1V09" }, "geometry": { "type": "Point", "coordinates": [ -62.92353, -32.55499 ] } },
{ "type": "Feature", "properties": { "Name": "525.19", "P.K.": null, "Al.Dist. Izq.": 35, "Al.Dist. Der.": 15, "Ruta": "1V09" }, "geometry": { "type": "Point", "coordinates": [ -62.92913195, -32.5531872 ] } },
{ "type": "Feature", "properties": { "Name": "525.73", "P.K.": null, "Al.Dist. Izq.": 35, "Al.Dist. Der.": 15, "Ruta": "1V09" }, "geometry": { "type": "Point", "coordinates": [ -62.93452822, -32.55155205 ] } },
{ "type": "Feature", "properties": { "Name": "525.92", "P.K.": null, "Al.Dist. Izq.": 35, "Al.Dist. Der.": 15, "Ruta": "1V09" }, "geometry": { "type": "Point", "coordinates": [ -62.93641395, -32.55093738 ] } },
{ "type": "Feature", "properties": { "Name": "526.14", "P.K.": null, "Al.Dist. Izq.": 35, "Al.Dist. Der.": 15, "Ruta": "1V09" }, "geometry": { "type": "Point", "coordinates": [ -62.93850459, -32.55026985 ] } },
{ "type": "Feature", "properties": { "Name": "526.28", "P.K.": null, "Al.Dist. Izq.": 35, "Al.Dist. Der.": 15, "Ruta": "1V09" }, "geometry": { "type": "Point", "coordinates": [ -62.9399, -32.54989 ] } },
{ "type": "Feature", "properties": { "Name": "526.7", "P.K.": null, "Al.Dist. Izq.": 35, "Al.Dist. Der.": 15, "Ruta": "1V09" }, "geometry": { "type": "Point", "coordinates": [ -62.94404309, -32.54856712 ] } },
{ "type": "Feature", "properties": { "Name": "527.41", "P.K.": null, "Al.Dist. Izq.": 35, "Al.Dist. Der.": 15, "Ruta": "1V09" }, "geometry": { "type": "Point", "coordinates": [ -62.95114068, -32.54636305 ] } },
{ "type": "Feature", "properties": { "Name": "528.33", "P.K.": null, "Al.Dist. Izq.": 35, "Al.Dist. Der.": 15, "Ruta": "1V09" }, "geometry": { "type": "Point", "coordinates": [ -62.9603, -32.54354 ] } },
{ "type": "Feature", "properties": { "Name": "528.94", "P.K.": null, "Al.Dist. Izq.": 35, "Al.Dist. Der.": 15, "Ruta": "1V09" }, "geometry": { "type": "Point", "coordinates": [ -62.96647903, -32.5417965 ] } },
{ "type": "Feature", "properties": { "Name": "528.97", "P.K.": null, "Al.Dist. Izq.": 35, "Al.Dist. Der.": 15, "Ruta": "1V09" }, "geometry": { "type": "Point", "coordinates": [ -62.96682369, -32.54186066 ] } },
{ "type": "Feature", "properties": { "Name": "529", "P.K.": "PK529", "Al.Dist. Izq.": 35, "Al.Dist. Der.": 15, "Ruta": "1V09" }, "geometry": { "type": "Point", "coordinates": [ -62.96696283, -32.54140589 ] } },
{ "type": "Feature", "properties": { "Name": "529.33", "P.K.": null, "Al.Dist. Izq.": 35, "Al.Dist. Der.": 15, "Ruta": "1V09" }, "geometry": { "type": "Point", "coordinates": [ -62.97041734, -32.54038714 ] } },
{ "type": "Feature", "properties": { "Name": "529.38", "P.K.": null, "Al.Dist. Izq.": 35, "Al.Dist. Der.": 15, "Ruta": "1V09" }, "geometry": { "type": "Point", "coordinates": [ -62.97089126, -32.54032931 ] } },
{ "type": "Feature", "properties": { "Name": "529.38", "P.K.": null, "Al.Dist. Izq.": 35, "Al.Dist. Der.": 15, "Ruta": "1V09" }, "geometry": { "type": "Point", "coordinates": [ -62.97089126, -32.54032931 ] } },
{ "type": "Feature", "properties": { "Name": "529.6", "P.K.": null, "Al.Dist. Izq.": 35, "Al.Dist. Der.": 15, "Ruta": "1V09" }, "geometry": { "type": "Point", "coordinates": [ -62.97302869, -32.53955952 ] } },
{ "type": "Feature", "properties": { "Name": "529.61", "P.K.": null, "Al.Dist. Izq.": 35, "Al.Dist. Der.": 15, "Ruta": "1V09" }, "geometry": { "type": "Point", "coordinates": [ -62.97336258, -32.53966143 ] } },
{ "type": "Feature", "properties": { "Name": "529.87", "P.K.": null, "Al.Dist. Izq.": 35, "Al.Dist. Der.": 15, "Ruta": "1V09" }, "geometry": { "type": "Point", "coordinates": [ -62.97597237, -32.53893559 ] } },
{ "type": "Feature", "properties": { "Name": "529.89", "P.K.": null, "Al.Dist. Izq.": 35, "Al.Dist. Der.": 15, "Ruta": "1V09" }, "geometry": { "type": "Point", "coordinates": [ -62.97606289, -32.53861196 ] } },
{ "type": "Feature", "properties": { "Name": "530.06", "P.K.": null, "Al.Dist. Izq.": 35, "Al.Dist. Der.": 15, "Ruta": "1V09" }, "geometry": { "type": "Point", "coordinates": [ -62.97789048, -32.53813061 ] } },
{ "type": "Feature", "properties": { "Name": "530.1", "P.K.": null, "Al.Dist. Izq.": 35, "Al.Dist. Der.": 15, "Ruta": "1V09" }, "geometry": { "type": "Point", "coordinates": [ -62.97826004, -32.53802264 ] } },
{ "type": "Feature", "properties": { "Name": "530.1", "P.K.": null, "Al.Dist. Izq.": 35, "Al.Dist. Der.": 15, "Ruta": "1V09" }, "geometry": { "type": "Point", "coordinates": [ -62.97826004, -32.53802264 ] } },
{ "type": "Feature", "properties": { "Name": "530.2", "P.K.": null, "Al.Dist. Izq.": 35, "Al.Dist. Der.": 15, "Ruta": "1V09" }, "geometry": { "type": "Point", "coordinates": [ -62.97936302, -32.53782366 ] } },
{ "type": "Feature", "properties": { "Name": "530.21", "P.K.": null, "Al.Dist. Izq.": 35, "Al.Dist. Der.": 15, "Ruta": "1V09" }, "geometry": { "type": "Point", "coordinates": [ -62.97939, -32.53762 ] } },
{ "type": "Feature", "properties": { "Name": "530.25", "P.K.": null, "Al.Dist. Izq.": 35, "Al.Dist. Der.": 15, "Ruta": "1V09" }, "geometry": { "type": "Point", "coordinates": [ -62.979825, -32.537565 ] } },
{ "type": "Feature", "properties": { "Name": "530.25", "P.K.": null, "Al.Dist. Izq.": 35, "Al.Dist. Der.": 15, "Ruta": "1V09" }, "geometry": { "type": "Point", "coordinates": [ -62.979825, -32.537565 ] } },
{ "type": "Feature", "properties": { "Name": "530.41", "P.K.": null, "Al.Dist. Izq.": 35, "Al.Dist. Der.": 15, "Ruta": "1V09" }, "geometry": { "type": "Point", "coordinates": [ -62.9815403, -32.53713314 ] } },
{ "type": "Feature", "properties": { "Name": "530.53", "P.K.": null, "Al.Dist. Izq.": 35, "Al.Dist. Der.": 15, "Ruta": "1V09" }, "geometry": { "type": "Point", "coordinates": [ -62.98274696, -32.53688101 ] } },
{ "type": "Feature", "properties": { "Name": "530.55", "P.K.": null, "Al.Dist. Izq.": 35, "Al.Dist. Der.": 15, "Ruta": "1V09" }, "geometry": { "type": "Point", "coordinates": [ -62.98301451, -32.53681233 ] } },
{ "type": "Feature", "properties": { "Name": "530.58", "P.K.": null, "Al.Dist. Izq.": 35, "Al.Dist. Der.": 15, "Ruta": "1V09" }, "geometry": { "type": "Point", "coordinates": [ -62.98326127, -32.5367411 ] } },
{ "type": "Feature", "properties": { "Name": "530.65", "P.K.": null, "Al.Dist. Izq.": 35, "Al.Dist. Der.": 15, "Ruta": "1V09" }, "geometry": { "type": "Point", "coordinates": [ -62.98390036, -32.53626083 ] } },
{ "type": "Feature", "properties": { "Name": "530.74", "P.K.": null, "Al.Dist. Izq.": 35, "Al.Dist. Der.": 15, "Ruta": "1V09" }, "geometry": { "type": "Point", "coordinates": [ -62.98475866, -32.53600104 ] } },
{ "type": "Feature", "properties": { "Name": "530.74", "P.K.": null, "Al.Dist. Izq.": 35, "Al.Dist. Der.": 15, "Ruta": "1V09" }, "geometry": { "type": "Point", "coordinates": [ -62.98475866, -32.53600104 ] } },
{ "type": "Feature", "properties": { "Name": "530.88", "P.K.": null, "Al.Dist. Izq.": 35, "Al.Dist. Der.": 15, "Ruta": "1V09" }, "geometry": { "type": "Point", "coordinates": [ -62.98628209, -32.53556239 ] } },
{ "type": "Feature", "properties": { "Name": "530.93", "P.K.": null, "Al.Dist. Izq.": 35, "Al.Dist. Der.": 15, "Ruta": "1V09" }, "geometry": { "type": "Point", "coordinates": [ -62.98684, -32.53541 ] } },
{ "type": "Feature", "properties": { "Name": "531", "P.K.": "PK531", "Al.Dist. Izq.": 35, "Al.Dist. Der.": 15, "Ruta": "1V09" }, "geometry": { "type": "Point", "coordinates": [ -62.98755326, -32.53519433 ] } },
{ "type": "Feature", "properties": { "Name": "531.25", "P.K.": null, "Al.Dist. Izq.": 35, "Al.Dist. Der.": 15, "Ruta": "1V09" }, "geometry": { "type": "Point", "coordinates": [ -62.98989, -32.53448 ] } },
{ "type": "Feature", "properties": { "Name": "531.67", "P.K.": null, "Al.Dist. Izq.": 35, "Al.Dist. Der.": 15, "Ruta": "1V09" }, "geometry": { "type": "Point", "coordinates": [ -62.99402, -32.53323 ] } },
{ "type": "Feature", "properties": { "Name": "532.2", "P.K.": null, "Al.Dist. Izq.": 35, "Al.Dist. Der.": 15, "Ruta": "1V09" }, "geometry": { "type": "Point", "coordinates": [ -62.99919843, -32.53159463 ] } },
{ "type": "Feature", "properties": { "Name": "532.62", "P.K.": null, "Al.Dist. Izq.": 35, "Al.Dist. Der.": 15, "Ruta": "1V09" }, "geometry": { "type": "Point", "coordinates": [ -63.00329436, -32.53033679 ] } },
{ "type": "Feature", "properties": { "Name": "532.72", "P.K.": null, "Al.Dist. Izq.": 35, "Al.Dist. Der.": 15, "Ruta": "1V09" }, "geometry": { "type": "Point", "coordinates": [ -63.0043, -32.52989 ] } },
{ "type": "Feature", "properties": { "Name": "532.74", "P.K.": null, "Al.Dist. Izq.": 35, "Al.Dist. Der.": 15, "Ruta": "1V09" }, "geometry": { "type": "Point", "coordinates": [ -63.00443, -32.52982 ] } },
{ "type": "Feature", "properties": { "Name": "532.81", "P.K.": null, "Al.Dist. Izq.": 35, "Al.Dist. Der.": 15, "Ruta": "1V09" }, "geometry": { "type": "Point", "coordinates": [ -63.00500326, -32.529467 ] } },
{ "type": "Feature", "properties": { "Name": "533", "P.K.": "PK533", "Al.Dist. Izq.": 35, "Al.Dist. Der.": 15, "Ruta": "1V09" }, "geometry": { "type": "Point", "coordinates": [ -63.00668246, -32.52858451 ] } },
{ "type": "Feature", "properties": { "Name": "533.04", "P.K.": null, "Al.Dist. Izq.": 35, "Al.Dist. Der.": 15, "Ruta": "1V09" }, "geometry": { "type": "Point", "coordinates": [ -63.00712086, -32.52850731 ] } },
{ "type": "Feature", "properties": { "Name": "533.12", "P.K.": null, "Al.Dist. Izq.": 35, "Al.Dist. Der.": 15, "Ruta": "1V09" }, "geometry": { "type": "Point", "coordinates": [ -63.00787, -32.52794 ] } },
{ "type": "Feature", "properties": { "Name": "533.36", "P.K.": null, "Al.Dist. Izq.": 35, "Al.Dist. Der.": 15, "Ruta": "1V09" }, "geometry": { "type": "Point", "coordinates": [ -63.01019424, -32.52665105 ] } },
{ "type": "Feature", "properties": { "Name": "534", "P.K.": "PK534", "Al.Dist. Izq.": 35, "Al.Dist. Der.": 15, "Ruta": "1V09" }, "geometry": { "type": "Point", "coordinates": [ -63.01648741, -32.52332859 ] } },
{ "type": "Feature", "properties": { "Name": "534.13", "P.K.": null, "Al.Dist. Izq.": 35, "Al.Dist. Der.": 15, "Ruta": "1V09" }, "geometry": { "type": "Point", "coordinates": [ -63.01754, -32.52279 ] } },
{ "type": "Feature", "properties": { "Name": "534.77", "P.K.": null, "Al.Dist. Izq.": 35, "Al.Dist. Der.": 15, "Ruta": "1V09" }, "geometry": { "type": "Point", "coordinates": [ -63.02311142, -32.51980535 ] } },
{ "type": "Feature", "properties": { "Name": "535", "P.K.": "PK535", "Al.Dist. Izq.": 35, "Al.Dist. Der.": 15, "Ruta": "1V09" }, "geometry": { "type": "Point", "coordinates": [ -63.02515098, -32.51870551 ] } },
{ "type": "Feature", "properties": { "Name": "535.3", "P.K.": null, "Al.Dist. Izq.": 35, "Al.Dist. Der.": 15, "Ruta": "1V09" }, "geometry": { "type": "Point", "coordinates": [ -63.02791452, -32.51722435 ] } },
{ "type": "Feature", "properties": { "Name": "535.4", "P.K.": null, "Al.Dist. Izq.": 35, "Al.Dist. Der.": 15, "Ruta": "1V09" }, "geometry": { "type": "Point", "coordinates": [ -63.02885, -32.51671 ] } },
{ "type": "Feature", "properties": { "Name": "535.6", "P.K.": null, "Al.Dist. Izq.": 35, "Al.Dist. Der.": 15, "Ruta": "1V09" }, "geometry": { "type": "Point", "coordinates": [ -63.03072, -32.51574 ] } },
{ "type": "Feature", "properties": { "Name": "536.31", "P.K.": null, "Al.Dist. Izq.": 35, "Al.Dist. Der.": 15, "Ruta": "1V09" }, "geometry": { "type": "Point", "coordinates": [ -63.0372937, -32.51234621 ] } },
{ "type": "Feature", "properties": { "Name": "536.45", "P.K.": null, "Al.Dist. Izq.": 35, "Al.Dist. Der.": 15, "Ruta": "1V09" }, "geometry": { "type": "Point", "coordinates": [ -63.03854, -32.51159 ] } },
{ "type": "Feature", "properties": { "Name": "537", "P.K.": "PK537", "Al.Dist. Izq.": 35, "Al.Dist. Der.": 15, "Ruta": "1V09" }, "geometry": { "type": "Point", "coordinates": [ -63.04361167, -32.50883978 ] } },
{ "type": "Feature", "properties": { "Name": "537.04", "P.K.": null, "Al.Dist. Izq.": 35, "Al.Dist. Der.": 15, "Ruta": "1V09" }, "geometry": { "type": "Point", "coordinates": [ -63.04424244, -32.5085034 ] } },
{ "type": "Feature", "properties": { "Name": "537.36", "P.K.": null, "Al.Dist. Izq.": 35, "Al.Dist. Der.": 15, "Ruta": "1V09" }, "geometry": { "type": "Point", "coordinates": [ -63.04991081, -32.50555732 ] } },
{ "type": "Feature", "properties": { "Name": "537.37", "P.K.": null, "Al.Dist. Izq.": 35, "Al.Dist. Der.": 15, "Ruta": "1V09" }, "geometry": { "type": "Point", "coordinates": [ -63.04998, -32.50548 ] } },
{ "type": "Feature", "properties": { "Name": "537.56", "P.K.": null, "Al.Dist. Izq.": 35, "Al.Dist. Der.": 15, "Ruta": "1V09" }, "geometry": { "type": "Point", "coordinates": [ -63.05348184, -32.50370867 ] } },
{ "type": "Feature", "properties": { "Name": "537.78", "P.K.": null, "Al.Dist. Izq.": 35, "Al.Dist. Der.": 15, "Ruta": "1V09" }, "geometry": { "type": "Point", "coordinates": [ -63.05721, -32.50157 ] } },
{ "type": "Feature", "properties": { "Name": "538", "P.K.": "PK538", "Al.Dist. Izq.": 35, "Al.Dist. Der.": 15, "Ruta": "1V09" }, "geometry": { "type": "Point", "coordinates": [ -63.06095587, -32.499459 ] } },
{ "type": "Feature", "properties": { "Name": "538.2", "P.K.": null, "Al.Dist. Izq.": 35, "Al.Dist. Der.": 15, "Ruta": "1V09" }, "geometry": { "type": "Point", "coordinates": [ -63.06279682, -32.49844612 ] } },
{ "type": "Feature", "properties": { "Name": "538.95", "P.K.": null, "Al.Dist. Izq.": 35, "Al.Dist. Der.": 15, "Ruta": "1V09" }, "geometry": { "type": "Point", "coordinates": [ -63.06951, -32.4948 ] } },
{ "type": "Feature", "properties": { "Name": "539.08", "P.K.": null, "Al.Dist. Izq.": 35, "Al.Dist. Der.": 15, "Ruta": "1V09" }, "geometry": { "type": "Point", "coordinates": [ -63.07064027, -32.49406896 ] } },
{ "type": "Feature", "properties": { "Name": "539.4", "P.K.": null, "Al.Dist. Izq.": 35, "Al.Dist. Der.": 15, "Ruta": "1V09" }, "geometry": { "type": "Point", "coordinates": [ -63.07353, -32.49258 ] } },
{ "type": "Feature", "properties": { "Name": "540.1", "P.K.": null, "Al.Dist. Izq.": 35, "Al.Dist. Der.": 15, "Ruta": "1V09" }, "geometry": { "type": "Point", "coordinates": [ -63.07977, -32.48915 ] } },
{ "type": "Feature", "properties": { "Name": "540.75", "P.K.": null, "Al.Dist. Izq.": 35, "Al.Dist. Der.": 15, "Ruta": "1V09" }, "geometry": { "type": "Point", "coordinates": [ -63.08565058, -32.48612878 ] } },
{ "type": "Feature", "properties": { "Name": "540.8", "P.K.": null, "Al.Dist. Izq.": 35, "Al.Dist. Der.": 15, "Ruta": "1V09" }, "geometry": { "type": "Point", "coordinates": [ -63.08611, -32.48585 ] } },
{ "type": "Feature", "properties": { "Name": "541.3", "P.K.": null, "Al.Dist. Izq.": 35, "Al.Dist. Der.": 15, "Ruta": "1V09" }, "geometry": { "type": "Point", "coordinates": [ -63.09058031, -32.48341645 ] } },
{ "type": "Feature", "properties": { "Name": "541.9", "P.K.": null, "Al.Dist. Izq.": 35, "Al.Dist. Der.": 15, "Ruta": "1V09" }, "geometry": { "type": "Point", "coordinates": [ -63.09608, -32.48065 ] } },
{ "type": "Feature", "properties": { "Name": "541.92", "P.K.": null, "Al.Dist. Izq.": 35, "Al.Dist. Der.": 15, "Ruta": "1V09" }, "geometry": { "type": "Point", "coordinates": [ -63.09618709, -32.48047476 ] } },
{ "type": "Feature", "properties": { "Name": "541.93", "P.K.": null, "Al.Dist. Izq.": 35, "Al.Dist. Der.": 15, "Ruta": "1V09" }, "geometry": { "type": "Point", "coordinates": [ -63.09635, -32.4805 ] } },
{ "type": "Feature", "properties": { "Name": "542", "P.K.": "PK542", "Al.Dist. Izq.": 35, "Al.Dist. Der.": 15, "Ruta": "1V09" }, "geometry": { "type": "Point", "coordinates": [ -63.09697353, -32.48011463 ] } },
{ "type": "Feature", "properties": { "Name": "542.66", "P.K.": null, "Al.Dist. Izq.": 35, "Al.Dist. Der.": 15, "Ruta": "1V09" }, "geometry": { "type": "Point", "coordinates": [ -63.10180565, -32.47755565 ] } },
{ "type": "Feature", "properties": { "Name": "543.11", "P.K.": null, "Al.Dist. Izq.": 35, "Al.Dist. Der.": 15, "Ruta": "1V09" }, "geometry": { "type": "Point", "coordinates": [ -63.10507, -32.47594 ] } },
{ "type": "Feature", "properties": { "Name": "543.57", "P.K.": null, "Al.Dist. Izq.": 35, "Al.Dist. Der.": 15, "Ruta": "1V09" }, "geometry": { "type": "Point", "coordinates": [ -63.10853418, -32.47412908 ] } },
{ "type": "Feature", "properties": { "Name": "544.11", "P.K.": null, "Al.Dist. Izq.": 35, "Al.Dist. Der.": 15, "Ruta": "1V09" }, "geometry": { "type": "Point", "coordinates": [ -63.11245322, -32.47185183 ] } },
{ "type": "Feature", "properties": { "Name": "544.49", "P.K.": null, "Al.Dist. Izq.": 35, "Al.Dist. Der.": 15, "Ruta": "1V09" }, "geometry": { "type": "Point", "coordinates": [ -63.11526089, -32.47045039 ] } },
{ "type": "Feature", "properties": { "Name": "545.12", "P.K.": null, "Al.Dist. Izq.": 35, "Al.Dist. Der.": 15, "Ruta": "1V09" }, "geometry": { "type": "Point", "coordinates": [ -63.11992, -32.46807 ] } },
{ "type": "Feature", "properties": { "Name": "545.13", "P.K.": null, "Al.Dist. Izq.": 35, "Al.Dist. Der.": 15, "Ruta": "1V09" }, "geometry": { "type": "Point", "coordinates": [ -63.11997145, -32.46803402 ] } },
{ "type": "Feature", "properties": { "Name": "545.14", "P.K.": null, "Al.Dist. Izq.": 35, "Al.Dist. Der.": 15, "Ruta": "1V09" }, "geometry": { "type": "Point", "coordinates": [ -63.12006, -32.46799 ] } },
{ "type": "Feature", "properties": { "Name": "545.49", "P.K.": null, "Al.Dist. Izq.": 35, "Al.Dist. Der.": 15, "Ruta": "1V09" }, "geometry": { "type": "Point", "coordinates": [ -63.1225846, -32.46668359 ] } },
{ "type": "Feature", "properties": { "Name": "545.61", "P.K.": null, "Al.Dist. Izq.": 35, "Al.Dist. Der.": 15, "Ruta": "1V09" }, "geometry": { "type": "Point", "coordinates": [ -63.12342949, -32.46604712 ] } },
{ "type": "Feature", "properties": { "Name": "546.2", "P.K.": null, "Al.Dist. Izq.": 35, "Al.Dist. Der.": 15, "Ruta": "1V09" }, "geometry": { "type": "Point", "coordinates": [ -63.12782831, -32.46378126 ] } },
{ "type": "Feature", "properties": { "Name": "546.28", "P.K.": null, "Al.Dist. Izq.": 35, "Al.Dist. Der.": 15, "Ruta": "1V09" }, "geometry": { "type": "Point", "coordinates": [ -63.12839, -32.46353 ] } },
{ "type": "Feature", "properties": { "Name": "546.34", "P.K.": null, "Al.Dist. Izq.": 35, "Al.Dist. Der.": 15, "Ruta": "1V09" }, "geometry": { "type": "Point", "coordinates": [ -63.12880397, -32.46338975 ] } },
{ "type": "Feature", "properties": { "Name": "546.71", "P.K.": null, "Al.Dist. Izq.": 35, "Al.Dist. Der.": 15, "Ruta": "1V09" }, "geometry": { "type": "Point", "coordinates": [ -63.13149, -32.46188 ] } },
{ "type": "Feature", "properties": { "Name": "546.72", "P.K.": null, "Al.Dist. Izq.": 35, "Al.Dist. Der.": 15, "Ruta": "1V09" }, "geometry": { "type": "Point", "coordinates": [ -63.13156396, -32.46181294 ] } },
{ "type": "Feature", "properties": { "Name": "546.73", "P.K.": null, "Al.Dist. Izq.": 35, "Al.Dist. Der.": 15, "Ruta": "1V09" }, "geometry": { "type": "Point", "coordinates": [ -63.13168, -32.46178 ] } },
{ "type": "Feature", "properties": { "Name": "547", "P.K.": "PK547", "Al.Dist. Izq.": 35, "Al.Dist. Der.": 15, "Ruta": "1V09" }, "geometry": { "type": "Point", "coordinates": [ -63.13362795, -32.4606184 ] } },
{ "type": "Feature", "properties": { "Name": "547.05", "P.K.": null, "Al.Dist. Izq.": 35, "Al.Dist. Der.": 15, "Ruta": "1V09" }, "geometry": { "type": "Point", "coordinates": [ -63.13444197, -32.46028504 ] } },
{ "type": "Feature", "properties": { "Name": "547.12", "P.K.": null, "Al.Dist. Izq.": 35, "Al.Dist. Der.": 15, "Ruta": "1V09" }, "geometry": { "type": "Point", "coordinates": [ -63.13571, -32.45964 ] } },
{ "type": "Feature", "properties": { "Name": "547.22", "P.K.": null, "Al.Dist. Izq.": 35, "Al.Dist. Der.": 15, "Ruta": "1V09" }, "geometry": { "type": "Point", "coordinates": [ -63.13734043, -32.45866376 ] } },
{ "type": "Feature", "properties": { "Name": "547.35", "P.K.": null, "Al.Dist. Izq.": 35, "Al.Dist. Der.": 15, "Ruta": "1V09" }, "geometry": { "type": "Point", "coordinates": [ -63.13971788, -32.45759383 ] } },
{ "type": "Feature", "properties": { "Name": "547.39", "P.K.": null, "Al.Dist. Izq.": 35, "Al.Dist. Der.": 15, "Ruta": "1V09" }, "geometry": { "type": "Point", "coordinates": [ -63.14029043, -32.45705172 ] } },
{ "type": "Feature", "properties": { "Name": "547.4", "P.K.": null, "Al.Dist. Izq.": 35, "Al.Dist. Der.": 15, "Ruta": "1V09" }, "geometry": { "type": "Point", "coordinates": [ -63.14053562, -32.45711799 ] } },
{ "type": "Feature", "properties": { "Name": "547.42", "P.K.": null, "Al.Dist. Izq.": 35, "Al.Dist. Der.": 15, "Ruta": "1V09" }, "geometry": { "type": "Point", "coordinates": [ -63.14086787, -32.45691006 ] } },
{ "type": "Feature", "properties": { "Name": "547.56", "P.K.": null, "Al.Dist. Izq.": 35, "Al.Dist. Der.": 15, "Ruta": "1V09" }, "geometry": { "type": "Point", "coordinates": [ -63.14322, -32.4556 ] } },
{ "type": "Feature", "properties": { "Name": "547.57", "P.K.": null, "Al.Dist. Izq.": 35, "Al.Dist. Der.": 15, "Ruta": "1V09" }, "geometry": { "type": "Point", "coordinates": [ -63.1432936, -32.45561717 ] } },
{ "type": "Feature", "properties": { "Name": "547.68", "P.K.": null, "Al.Dist. Izq.": 35, "Al.Dist. Der.": 15, "Ruta": "1V09" }, "geometry": { "type": "Point", "coordinates": [ -63.14521708, -32.45468102 ] } },
{ "type": "Feature", "properties": { "Name": "547.74", "P.K.": null, "Al.Dist. Izq.": 35, "Al.Dist. Der.": 15, "Ruta": "1V09" }, "geometry": { "type": "Point", "coordinates": [ -63.14626817, -32.45392678 ] } },
{ "type": "Feature", "properties": { "Name": "548", "P.K.": "PK548", "Al.Dist. Izq.": 35, "Al.Dist. Der.": 15, "Ruta": "1V09" }, "geometry": { "type": "Point", "coordinates": [ -63.15061636, -32.45160346 ] } },
{ "type": "Feature", "properties": { "Name": "548.07", "P.K.": null, "Al.Dist. Izq.": 35, "Al.Dist. Der.": 15, "Ruta": "1V09" }, "geometry": { "type": "Point", "coordinates": [ -63.15127786, -32.45122944 ] } },
{ "type": "Feature", "properties": { "Name": "548.14", "P.K.": null, "Al.Dist. Izq.": 35, "Al.Dist. Der.": 15, "Ruta": "1V09" }, "geometry": { "type": "Point", "coordinates": [ -63.15190282, -32.45101696 ] } },
{ "type": "Feature", "properties": { "Name": "548.46", "P.K.": null, "Al.Dist. Izq.": 35, "Al.Dist. Der.": 15, "Ruta": "1V09" }, "geometry": { "type": "Point", "coordinates": [ -63.15478906, -32.44929786 ] } },
{ "type": "Feature", "properties": { "Name": "548.47", "P.K.": null, "Al.Dist. Izq.": 35, "Al.Dist. Der.": 15, "Ruta": "1V09" }, "geometry": { "type": "Point", "coordinates": [ -63.1549, -32.44934 ] } },
{ "type": "Feature", "properties": { "Name": "548.47", "P.K.": null, "Al.Dist. Izq.": 35, "Al.Dist. Der.": 15, "Ruta": "1V09" }, "geometry": { "type": "Point", "coordinates": [ -63.1547758, -32.449245 ] } },
{ "type": "Feature", "properties": { "Name": "548.49", "P.K.": null, "Al.Dist. Izq.": 35, "Al.Dist. Der.": 15, "Ruta": "1V09" }, "geometry": { "type": "Point", "coordinates": [ -63.15502, -32.44927 ] } },
{ "type": "Feature", "properties": { "Name": "548.64", "P.K.": null, "Al.Dist. Izq.": 35, "Al.Dist. Der.": 15, "Ruta": "1V09" }, "geometry": { "type": "Point", "coordinates": [ -63.15633181, -32.44864943 ] } },
{ "type": "Feature", "properties": { "Name": "548.81", "P.K.": null, "Al.Dist. Izq.": 35, "Al.Dist. Der.": 15, "Ruta": "1V09" }, "geometry": { "type": "Point", "coordinates": [ -63.15784827, -32.44782667 ] } },
{ "type": "Feature", "properties": { "Name": "549", "P.K.": "PK549", "Al.Dist. Izq.": 35, "Al.Dist. Der.": 15, "Ruta": "1V09" }, "geometry": { "type": "Point", "coordinates": [ -63.15952173, -32.44679978 ] } },
{ "type": "Feature", "properties": { "Name": "549.04", "P.K.": null, "Al.Dist. Izq.": 35, "Al.Dist. Der.": 15, "Ruta": "1V09" }, "geometry": { "type": "Point", "coordinates": [ -63.15984081, -32.44657723 ] } },
{ "type": "Feature", "properties": { "Name": "549.35", "P.K.": null, "Al.Dist. Izq.": 35, "Al.Dist. Der.": 15, "Ruta": "1V09" }, "geometry": { "type": "Point", "coordinates": [ -63.16267, -32.44518 ] } },
{ "type": "Feature", "properties": { "Name": "549.48", "P.K.": null, "Al.Dist. Izq.": 35, "Al.Dist. Der.": 15, "Ruta": "1V09" }, "geometry": { "type": "Point", "coordinates": [ -63.1639, -32.44451148 ] } },
{ "type": "Feature", "properties": { "Name": "549.59", "P.K.": null, "Al.Dist. Izq.": 35, "Al.Dist. Der.": 15, "Ruta": "1V09" }, "geometry": { "type": "Point", "coordinates": [ -63.16467851, -32.44397163 ] } },
{ "type": "Feature", "properties": { "Name": "549.81", "P.K.": null, "Al.Dist. Izq.": 35, "Al.Dist. Der.": 15, "Ruta": "1V09" }, "geometry": { "type": "Point", "coordinates": [ -63.16673208, -32.44296349 ] } },
{ "type": "Feature", "properties": { "Name": "549.82", "P.K.": null, "Al.Dist. Izq.": 35, "Al.Dist. Der.": 15, "Ruta": "1V09" }, "geometry": { "type": "Point", "coordinates": [ -63.16684, -32.44292 ] } },
{ "type": "Feature", "properties": { "Name": "550", "P.K.": "PK550", "Al.Dist. Izq.": 35, "Al.Dist. Der.": 15, "Ruta": "1V09" }, "geometry": { "type": "Point", "coordinates": [ -63.16844558, -32.44201021 ] } },
{ "type": "Feature", "properties": { "Name": "550.11", "P.K.": null, "Al.Dist. Izq.": 35, "Al.Dist. Der.": 15, "Ruta": "1V09" }, "geometry": { "type": "Point", "coordinates": [ -63.16944687, -32.44146433 ] } },
{ "type": "Feature", "properties": { "Name": "550.15", "P.K.": null, "Al.Dist. Izq.": 35, "Al.Dist. Der.": 15, "Ruta": "1V09" }, "geometry": { "type": "Point", "coordinates": [ -63.16983, -32.44134 ] } },
{ "type": "Feature", "properties": { "Name": "550.19", "P.K.": null, "Al.Dist. Izq.": 35, "Al.Dist. Der.": 15, "Ruta": "1V09" }, "geometry": { "type": "Point", "coordinates": [ -63.17016598, -32.44113619 ] } },
{ "type": "Feature", "properties": { "Name": "550.32", "P.K.": null, "Al.Dist. Izq.": 35, "Al.Dist. Der.": 15, "Ruta": "1V09" }, "geometry": { "type": "Point", "coordinates": [ -63.17127528, -32.44052418 ] } },
{ "type": "Feature", "properties": { "Name": "550.42", "P.K.": null, "Al.Dist. Izq.": 35, "Al.Dist. Der.": 15, "Ruta": "1V09" }, "geometry": { "type": "Point", "coordinates": [ -63.17215423, -32.44001585 ] } },
{ "type": "Feature", "properties": { "Name": "550.45", "P.K.": null, "Al.Dist. Izq.": 35, "Al.Dist. Der.": 15, "Ruta": "1V09" }, "geometry": { "type": "Point", "coordinates": [ -63.17250419, -32.43982582 ] } },
{ "type": "Feature", "properties": { "Name": "550.51", "P.K.": null, "Al.Dist. Izq.": 35, "Al.Dist. Der.": 15, "Ruta": "1V09" }, "geometry": { "type": "Point", "coordinates": [ -63.1729139, -32.43951824 ] } },
{ "type": "Feature", "properties": { "Name": "550.51", "P.K.": null, "Al.Dist. Izq.": 35, "Al.Dist. Der.": 15, "Ruta": "1V09" }, "geometry": { "type": "Point", "coordinates": [ -63.1729139, -32.43951824 ] } },
{ "type": "Feature", "properties": { "Name": "550.52", "P.K.": null, "Al.Dist. Izq.": 35, "Al.Dist. Der.": 15, "Ruta": "1V09" }, "geometry": { "type": "Point", "coordinates": [ -63.17304168, -32.43955923 ] } },
{ "type": "Feature", "properties": { "Name": "550.52", "P.K.": null, "Al.Dist. Izq.": 35, "Al.Dist. Der.": 15, "Ruta": "1V09" }, "geometry": { "type": "Point", "coordinates": [ -63.17304168, -32.43955923 ] } },
{ "type": "Feature", "properties": { "Name": "550.75", "P.K.": null, "Al.Dist. Izq.": 35, "Al.Dist. Der.": 15, "Ruta": "1V09" }, "geometry": { "type": "Point", "coordinates": [ -63.17501575, -32.43825199 ] } },
{ "type": "Feature", "properties": { "Name": "551", "P.K.": "PK551", "Al.Dist. Izq.": 35, "Al.Dist. Der.": 15, "Ruta": "1V09" }, "geometry": { "type": "Point", "coordinates": [ -63.17734251, -32.43723301 ] } },
{ "type": "Feature", "properties": { "Name": "551.12", "P.K.": null, "Al.Dist. Izq.": 35, "Al.Dist. Der.": 15, "Ruta": "1V09" }, "geometry": { "type": "Point", "coordinates": [ -63.17846373, -32.43667389 ] } },
{ "type": "Feature", "properties": { "Name": "551.13", "P.K.": null, "Al.Dist. Izq.": 35, "Al.Dist. Der.": 15, "Ruta": "1V09" }, "geometry": { "type": "Point", "coordinates": [ -63.17855, -32.43664 ] } },
{ "type": "Feature", "properties": { "Name": "551.17", "P.K.": null, "Al.Dist. Izq.": 35, "Al.Dist. Der.": 15, "Ruta": "1V09" }, "geometry": { "type": "Point", "coordinates": [ -63.17891032, -32.4364662 ] } },
{ "type": "Feature", "properties": { "Name": "551.18", "P.K.": null, "Al.Dist. Izq.": 35, "Al.Dist. Der.": 15, "Ruta": "1V09" }, "geometry": { "type": "Point", "coordinates": [ -63.17890271, -32.4363807 ] } },
{ "type": "Feature", "properties": { "Name": "551.25", "P.K.": null, "Al.Dist. Izq.": 35, "Al.Dist. Der.": 15, "Ruta": "1V09" }, "geometry": { "type": "Point", "coordinates": [ -63.17959, -32.43605 ] } },
{ "type": "Feature", "properties": { "Name": "551.27", "P.K.": null, "Al.Dist. Izq.": 35, "Al.Dist. Der.": 15, "Ruta": "1V09" }, "geometry": { "type": "Point", "coordinates": [ -63.1797931, -32.43602844 ] } },
{ "type": "Feature", "properties": { "Name": "551.29", "P.K.": null, "Al.Dist. Izq.": 35, "Al.Dist. Der.": 15, "Ruta": "1V09" }, "geometry": { "type": "Point", "coordinates": [ -63.17996476, -32.43581169 ] } },
{ "type": "Feature", "properties": { "Name": "551.36", "P.K.": null, "Al.Dist. Izq.": 35, "Al.Dist. Der.": 15, "Ruta": "1V09" }, "geometry": { "type": "Point", "coordinates": [ -63.18054479, -32.43550806 ] } },
{ "type": "Feature", "properties": { "Name": "551.41", "P.K.": null, "Al.Dist. Izq.": 35, "Al.Dist. Der.": 15, "Ruta": "1V09" }, "geometry": { "type": "Point", "coordinates": [ -63.18100617, -32.43530469 ] } },
{ "type": "Feature", "properties": { "Name": "551.46", "P.K.": null, "Al.Dist. Izq.": 35, "Al.Dist. Der.": 15, "Ruta": "1V09" }, "geometry": { "type": "Point", "coordinates": [ -63.18146817, -32.43500388 ] } },
{ "type": "Feature", "properties": { "Name": "551.49", "P.K.": null, "Al.Dist. Izq.": 35, "Al.Dist. Der.": 15, "Ruta": "1V09" }, "geometry": { "type": "Point", "coordinates": [ -63.18172637, -32.43491897 ] } },
{ "type": "Feature", "properties": { "Name": "551.66", "P.K.": null, "Al.Dist. Izq.": 35, "Al.Dist. Der.": 15, "Ruta": "1V09" }, "geometry": { "type": "Point", "coordinates": [ -63.18326924, -32.43416167 ] } },
{ "type": "Feature", "properties": { "Name": "551.67", "P.K.": null, "Al.Dist. Izq.": 35, "Al.Dist. Der.": 15, "Ruta": "1V09" }, "geometry": { "type": "Point", "coordinates": [ -63.18345934, -32.43417355 ] } },
{ "type": "Feature", "properties": { "Name": "551.67", "P.K.": null, "Al.Dist. Izq.": null, "Al.Dist. Der.": null, "Ruta": "1V09" }, "geometry": { "type": "Point", "coordinates": [ -63.18345934, -32.43417355 ] } },
{ "type": "Feature", "properties": { "Name": "551.68", "P.K.": null, "Al.Dist. Izq.": null, "Al.Dist. Der.": null, "Ruta": "1V09" }, "geometry": { "type": "Point", "coordinates": [ -63.18347912, -32.43405357 ] } },
{ "type": "Feature", "properties": { "Name": "551.72", "P.K.": null, "Al.Dist. Izq.": null, "Al.Dist. Der.": null, "Ruta": "1V09" }, "geometry": { "type": "Point", "coordinates": [ -63.1837336, -32.43363929 ] } },
{ "type": "Feature", "properties": { "Name": "551.79", "P.K.": null, "Al.Dist. Izq.": null, "Al.Dist. Der.": null, "Ruta": "1V09" }, "geometry": { "type": "Point", "coordinates": [ -63.18441818, -32.43342356 ] } },
{ "type": "Feature", "properties": { "Name": "551.83", "P.K.": null, "Al.Dist. Izq.": null, "Al.Dist. Der.": null, "Ruta": "1V09" }, "geometry": { "type": "Point", "coordinates": [ -63.18483867, -32.43332547 ] } },
{ "type": "Feature", "properties": { "Name": "551.86", "P.K.": null, "Al.Dist. Izq.": null, "Al.Dist. Der.": null, "Ruta": "1V09" }, "geometry": { "type": "Point", "coordinates": [ -63.18505358, -32.43313205 ] } },
{ "type": "Feature", "properties": { "Name": "551.96", "P.K.": null, "Al.Dist. Izq.": null, "Al.Dist. Der.": null, "Ruta": "1V09" }, "geometry": { "type": "Point", "coordinates": [ -63.18592297, -32.43260273 ] } },
{ "type": "Feature", "properties": { "Name": "551.97", "P.K.": null, "Al.Dist. Izq.": null, "Al.Dist. Der.": null, "Ruta": "1V09" }, "geometry": { "type": "Point", "coordinates": [ -63.18614725, -32.43277621 ] } },
{ "type": "Feature", "properties": { "Name": "552", "P.K.": "PK552", "Al.Dist. Izq.": null, "Al.Dist. Der.": null, "Ruta": "1V09" }, "geometry": { "type": "Point", "coordinates": [ -63.18634674, -32.43258265 ] } },
{ "type": "Feature", "properties": { "Name": "552.09", "P.K.": null, "Al.Dist. Izq.": null, "Al.Dist. Der.": null, "Ruta": "1V09" }, "geometry": { "type": "Point", "coordinates": [ -63.18716347, -32.43216016 ] } },
{ "type": "Feature", "properties": { "Name": "552.11", "P.K.": null, "Al.Dist. Izq.": null, "Al.Dist. Der.": null, "Ruta": "1V09" }, "geometry": { "type": "Point", "coordinates": [ -63.18741258, -32.43201329 ] } },
{ "type": "Feature", "properties": { "Name": "552.17", "P.K.": null, "Al.Dist. Izq.": null, "Al.Dist. Der.": null, "Ruta": "1V09" }, "geometry": { "type": "Point", "coordinates": [ -63.18787, -32.43164 ] } },
{ "type": "Feature", "properties": { "Name": "552.18", "P.K.": null, "Al.Dist. Izq.": null, "Al.Dist. Der.": null, "Ruta": "1V09" }, "geometry": { "type": "Point", "coordinates": [ -63.18809185, -32.43175295 ] } },
{ "type": "Feature", "properties": { "Name": "552.18", "P.K.": null, "Al.Dist. Izq.": null, "Al.Dist. Der.": null, "Ruta": "1V09" }, "geometry": { "type": "Point", "coordinates": [ -63.18809185, -32.43175295 ] } },
{ "type": "Feature", "properties": { "Name": "552.2", "P.K.": null, "Al.Dist. Izq.": null, "Al.Dist. Der.": null, "Ruta": "1V09" }, "geometry": { "type": "Point", "coordinates": [ -63.18813913, -32.43144761 ] } },
{ "type": "Feature", "properties": { "Name": "552.24", "P.K.": null, "Al.Dist. Izq.": null, "Al.Dist. Der.": null, "Ruta": "1V09" }, "geometry": { "type": "Point", "coordinates": [ -63.18849217, -32.43131376 ] } },
{ "type": "Feature", "properties": { "Name": "552.27", "P.K.": null, "Al.Dist. Izq.": null, "Al.Dist. Der.": null, "Ruta": "1V09" }, "geometry": { "type": "Point", "coordinates": [ -63.18879124, -32.43112727 ] } },
{ "type": "Feature", "properties": { "Name": "552.27", "P.K.": null, "Al.Dist. Izq.": null, "Al.Dist. Der.": null, "Ruta": "1V09" }, "geometry": { "type": "Point", "coordinates": [ -63.18879124, -32.43112727 ] } },
{ "type": "Feature", "properties": { "Name": "552.32", "P.K.": null, "Al.Dist. Izq.": null, "Al.Dist. Der.": null, "Ruta": "1V09" }, "geometry": { "type": "Point", "coordinates": [ -63.1892385, -32.4308839 ] } },
{ "type": "Feature", "properties": { "Name": "552.42", "P.K.": null, "Al.Dist. Izq.": null, "Al.Dist. Der.": null, "Ruta": "1V09" }, "geometry": { "type": "Point", "coordinates": [ -63.19000594, -32.43026897 ] } },
{ "type": "Feature", "properties": { "Name": "552.43", "P.K.": null, "Al.Dist. Izq.": null, "Al.Dist. Der.": null, "Ruta": "1V09" }, "geometry": { "type": "Point", "coordinates": [ -63.19020744, -32.43044527 ] } },
{ "type": "Feature", "properties": { "Name": "552.44", "P.K.": null, "Al.Dist. Izq.": null, "Al.Dist. Der.": null, "Ruta": "1V09" }, "geometry": { "type": "Point", "coordinates": [ -63.19013871, -32.43012153 ] } },
{ "type": "Feature", "properties": { "Name": "552.48", "P.K.": null, "Al.Dist. Izq.": null, "Al.Dist. Der.": null, "Ruta": "1V09" }, "geometry": { "type": "Point", "coordinates": [ -63.19054, -32.43008 ] } },
{ "type": "Feature", "properties": { "Name": "552.58", "P.K.": null, "Al.Dist. Izq.": null, "Al.Dist. Der.": null, "Ruta": "1V09" }, "geometry": { "type": "Point", "coordinates": [ -63.19145367, -32.42967469 ] } },
{ "type": "Feature", "properties": { "Name": "552.61", "P.K.": null, "Al.Dist. Izq.": null, "Al.Dist. Der.": null, "Ruta": "1V09" }, "geometry": { "type": "Point", "coordinates": [ -63.19170043, -32.42958782 ] } },
{ "type": "Feature", "properties": { "Name": "552.63", "P.K.": null, "Al.Dist. Izq.": null, "Al.Dist. Der.": null, "Ruta": "1V09" }, "geometry": { "type": "Point", "coordinates": [ -63.1919026, -32.42957763 ] } },
{ "type": "Feature", "properties": { "Name": "552.7", "P.K.": null, "Al.Dist. Izq.": null, "Al.Dist. Der.": null, "Ruta": "1V09" }, "geometry": { "type": "Point", "coordinates": [ -63.19260735, -32.42927936 ] } },
{ "type": "Feature", "properties": { "Name": "552.71", "P.K.": null, "Al.Dist. Izq.": null, "Al.Dist. Der.": null, "Ruta": "1V09" }, "geometry": { "type": "Point", "coordinates": [ -63.19257315, -32.42901617 ] } },
{ "type": "Feature", "properties": { "Name": "552.77", "P.K.": null, "Al.Dist. Izq.": null, "Al.Dist. Der.": null, "Ruta": "1V09" }, "geometry": { "type": "Point", "coordinates": [ -63.19316659, -32.4288993 ] } },
{ "type": "Feature", "properties": { "Name": "552.8", "P.K.": null, "Al.Dist. Izq.": null, "Al.Dist. Der.": null, "Ruta": "1V09" }, "geometry": { "type": "Point", "coordinates": [ -63.19330674, -32.42852914 ] } },
{ "type": "Feature", "properties": { "Name": "552.8", "P.K.": null, "Al.Dist. Izq.": null, "Al.Dist. Der.": null, "Ruta": "1V09" }, "geometry": { "type": "Point", "coordinates": [ -63.193352, -32.4285631 ] } },
{ "type": "Feature", "properties": { "Name": "552.81", "P.K.": null, "Al.Dist. Izq.": null, "Al.Dist. Der.": null, "Ruta": "1V09" }, "geometry": { "type": "Point", "coordinates": [ -63.19346519, -32.42856728 ] } },
{ "type": "Feature", "properties": { "Name": "552.82", "P.K.": null, "Al.Dist. Izq.": null, "Al.Dist. Der.": null, "Ruta": "1V09" }, "geometry": { "type": "Point", "coordinates": [ -63.19351025, -32.42839727 ] } },
{ "type": "Feature", "properties": { "Name": "552.83", "P.K.": null, "Al.Dist. Izq.": null, "Al.Dist. Der.": null, "Ruta": "1V09" }, "geometry": { "type": "Point", "coordinates": [ -63.19366, -32.42845 ] } },
{ "type": "Feature", "properties": { "Name": "552.85", "P.K.": null, "Al.Dist. Izq.": null, "Al.Dist. Der.": null, "Ruta": "1V09" }, "geometry": { "type": "Point", "coordinates": [ -63.19390722, -32.42846094 ] } },
{ "type": "Feature", "properties": { "Name": "552.86", "P.K.": null, "Al.Dist. Izq.": null, "Al.Dist. Der.": null, "Ruta": "1V09" }, "geometry": { "type": "Point", "coordinates": [ -63.19400746, -32.42842415 ] } },
{ "type": "Feature", "properties": { "Name": "552.89", "P.K.": null, "Al.Dist. Izq.": null, "Al.Dist. Der.": null, "Ruta": "1V09" }, "geometry": { "type": "Point", "coordinates": [ -63.19416538, -32.42821474 ] } },
{ "type": "Feature", "properties": { "Name": "552.94", "P.K.": null, "Al.Dist. Izq.": null, "Al.Dist. Der.": null, "Ruta": "1V09" }, "geometry": { "type": "Point", "coordinates": [ -63.19467802, -32.42788873 ] } },
{ "type": "Feature", "properties": { "Name": "552.98", "P.K.": null, "Al.Dist. Izq.": null, "Al.Dist. Der.": null, "Ruta": "1V09" }, "geometry": { "type": "Point", "coordinates": [ -63.19504816, -32.4279125 ] } },
{ "type": "Feature", "properties": { "Name": "553", "P.K.": "PK553", "Al.Dist. Izq.": null, "Al.Dist. Der.": null, "Ruta": "1V09" }, "geometry": { "type": "Point", "coordinates": [ -63.19522401, -32.42776117 ] } },
{ "type": "Feature", "properties": { "Name": "553.09", "P.K.": null, "Al.Dist. Izq.": null, "Al.Dist. Der.": null, "Ruta": "1V09" }, "geometry": { "type": "Point", "coordinates": [ -63.19579096, -32.42759268 ] } },
{ "type": "Feature", "properties": { "Name": "553.25", "P.K.": null, "Al.Dist. Izq.": null, "Al.Dist. Der.": null, "Ruta": "1V09" }, "geometry": { "type": "Point", "coordinates": [ -63.19673225, -32.42746282 ] } },
{ "type": "Feature", "properties": { "Name": "553.37", "P.K.": null, "Al.Dist. Izq.": null, "Al.Dist. Der.": null, "Ruta": "1V09" }, "geometry": { "type": "Point", "coordinates": [ -63.19731195, -32.42716312 ] } },
{ "type": "Feature", "properties": { "Name": "553.39", "P.K.": null, "Al.Dist. Izq.": null, "Al.Dist. Der.": null, "Ruta": "1V09" }, "geometry": { "type": "Point", "coordinates": [ -63.19743653, -32.42708844 ] } },
{ "type": "Feature", "properties": { "Name": "553.46", "P.K.": null, "Al.Dist. Izq.": null, "Al.Dist. Der.": null, "Ruta": "1V09" }, "geometry": { "type": "Point", "coordinates": [ -63.19787119, -32.42715859 ] } },
{ "type": "Feature", "properties": { "Name": "553.47", "P.K.": null, "Al.Dist. Izq.": null, "Al.Dist. Der.": null, "Ruta": "1V09" }, "geometry": { "type": "Point", "coordinates": [ -63.19794163, -32.42691586 ] } },
{ "type": "Feature", "properties": { "Name": "553.6", "P.K.": null, "Al.Dist. Izq.": null, "Al.Dist. Der.": null, "Ruta": "1V09" }, "geometry": { "type": "Point", "coordinates": [ -63.19858561, -32.42670102 ] } },
{ "type": "Feature", "properties": { "Name": "553.74", "P.K.": null, "Al.Dist. Izq.": null, "Al.Dist. Der.": null, "Ruta": "1V09" }, "geometry": { "type": "Point", "coordinates": [ -63.1995251, -32.42665712 ] } },
{ "type": "Feature", "properties": { "Name": "553.88", "P.K.": null, "Al.Dist. Izq.": null, "Al.Dist. Der.": null, "Ruta": "1V09" }, "geometry": { "type": "Point", "coordinates": [ -63.20025098, -32.42624592 ] } },
{ "type": "Feature", "properties": { "Name": "554.07", "P.K.": null, "Al.Dist. Izq.": null, "Al.Dist. Der.": null, "Ruta": "1V09" }, "geometry": { "type": "Point", "coordinates": [ -63.20136141, -32.42581152 ] } },
{ "type": "Feature", "properties": { "Name": "554.3", "P.K.": null, "Al.Dist. Izq.": null, "Al.Dist. Der.": null, "Ruta": "1V09" }, "geometry": { "type": "Point", "coordinates": [ -63.20266061, -32.42539295 ] } },
{ "type": "Feature", "properties": { "Name": "554.53", "P.K.": null, "Al.Dist. Izq.": null, "Al.Dist. Der.": null, "Ruta": "1V09" }, "geometry": { "type": "Point", "coordinates": [ -63.2039427, -32.42513485 ] } },
{ "type": "Feature", "properties": { "Name": "554.53", "P.K.": null, "Al.Dist. Izq.": null, "Al.Dist. Der.": null, "Ruta": "1V09" }, "geometry": { "type": "Point", "coordinates": [ -63.2039427, -32.42513485 ] } },
{ "type": "Feature", "properties": { "Name": "554.6", "P.K.": null, "Al.Dist. Izq.": null, "Al.Dist. Der.": null, "Ruta": "1V09" }, "geometry": { "type": "Point", "coordinates": [ -63.20436683, -32.42516797 ] } },
{ "type": "Feature", "properties": { "Name": "554.77", "P.K.": null, "Al.Dist. Izq.": null, "Al.Dist. Der.": null, "Ruta": "1V09" }, "geometry": { "type": "Point", "coordinates": [ -63.20527542, -32.42460903 ] } },
{ "type": "Feature", "properties": { "Name": "554.79", "P.K.": null, "Al.Dist. Izq.": null, "Al.Dist. Der.": null, "Ruta": "1V09" }, "geometry": { "type": "Point", "coordinates": [ -63.20544273, -32.4245397 ] } },
{ "type": "Feature", "properties": { "Name": "554.82", "P.K.": null, "Al.Dist. Izq.": null, "Al.Dist. Der.": null, "Ruta": "1V09" }, "geometry": { "type": "Point", "coordinates": [ -63.20564725, -32.42447064 ] } },
{ "type": "Feature", "properties": { "Name": "554.86", "P.K.": null, "Al.Dist. Izq.": null, "Al.Dist. Der.": null, "Ruta": "1V09" }, "geometry": { "type": "Point", "coordinates": [ -63.20585612, -32.42442083 ] } },
{ "type": "Feature", "properties": { "Name": "554.89", "P.K.": null, "Al.Dist. Izq.": null, "Al.Dist. Der.": null, "Ruta": "1V09" }, "geometry": { "type": "Point", "coordinates": [ -63.20605729, -32.42434046 ] } },
{ "type": "Feature", "properties": { "Name": "554.91", "P.K.": null, "Al.Dist. Izq.": null, "Al.Dist. Der.": null, "Ruta": "1V09" }, "geometry": { "type": "Point", "coordinates": [ -63.20615888, -32.42432263 ] } },
{ "type": "Feature", "properties": { "Name": "555", "P.K.": "PK555", "Al.Dist. Izq.": null, "Al.Dist. Der.": null, "Ruta": "1V09" }, "geometry": { "type": "Point", "coordinates": [ -63.20658803, -32.42426235 ] } },
{ "type": "Feature", "properties": { "Name": "555.03", "P.K.": null, "Al.Dist. Izq.": null, "Al.Dist. Der.": null, "Ruta": "1V09" }, "geometry": { "type": "Point", "coordinates": [ -63.20695549, -32.42409792 ] } },
{ "type": "Feature", "properties": { "Name": "555.05", "P.K.": null, "Al.Dist. Izq.": null, "Al.Dist. Der.": null, "Ruta": "1V09" }, "geometry": { "type": "Point", "coordinates": [ -63.20713453, -32.42405377 ] } },
{ "type": "Feature", "properties": { "Name": "555.11", "P.K.": null, "Al.Dist. Izq.": null, "Al.Dist. Der.": null, "Ruta": "1V09" }, "geometry": { "type": "Point", "coordinates": [ -63.20770493, -32.42389017 ] } },
{ "type": "Feature", "properties": { "Name": "555.41", "P.K.": null, "Al.Dist. Izq.": null, "Al.Dist. Der.": null, "Ruta": "1V09" }, "geometry": { "type": "Point", "coordinates": [ -63.21097177, -32.42300522 ] } },
{ "type": "Feature", "properties": { "Name": "555.93", "P.K.": null, "Al.Dist. Izq.": null, "Al.Dist. Der.": null, "Ruta": "1V09" }, "geometry": { "type": "Point", "coordinates": [ -63.21633113, -32.42127298 ] } },
{ "type": "Feature", "properties": { "Name": "556", "P.K.": "PK556", "Al.Dist. Izq.": null, "Al.Dist. Der.": null, "Ruta": "1V09" }, "geometry": { "type": "Point", "coordinates": [ -63.21706675, -32.42120667 ] } },
{ "type": "Feature", "properties": { "Name": "556.54", "P.K.": null, "Al.Dist. Izq.": null, "Al.Dist. Der.": null, "Ruta": "1V09" }, "geometry": { "type": "Point", "coordinates": [ -63.22329953, -32.41915818 ] } },
{ "type": "Feature", "properties": { "Name": "556.54", "P.K.": null, "Al.Dist. Izq.": null, "Al.Dist. Der.": null, "Ruta": "1V09" }, "geometry": { "type": "Point", "coordinates": [ -63.22329953, -32.41915818 ] } },
{ "type": "Feature", "properties": { "Name": "556.79", "P.K.": null, "Al.Dist. Izq.": null, "Al.Dist. Der.": null, "Ruta": "1V09" }, "geometry": { "type": "Point", "coordinates": [ -63.22624091, -32.41836854 ] } },
{ "type": "Feature", "properties": { "Name": "556.84", "P.K.": null, "Al.Dist. Izq.": null, "Al.Dist. Der.": null, "Ruta": "1V09" }, "geometry": { "type": "Point", "coordinates": [ -63.22672371, -32.41805947 ] } },
{ "type": "Feature", "properties": { "Name": "557.29", "P.K.": null, "Al.Dist. Izq.": null, "Al.Dist. Der.": null, "Ruta": "1V09" }, "geometry": { "type": "Point", "coordinates": [ -63.2319463, -32.41620507 ] } },
{ "type": "Feature", "properties": { "Name": "557.37", "P.K.": null, "Al.Dist. Izq.": null, "Al.Dist. Der.": null, "Ruta": "1V09" }, "geometry": { "type": "Point", "coordinates": [ -63.23252, -32.41553 ] } },
{ "type": "Feature", "properties": { "Name": "557.42", "P.K.": null, "Al.Dist. Izq.": null, "Al.Dist. Der.": null, "Ruta": "1V09" }, "geometry": { "type": "Point", "coordinates": [ -63.23280729, -32.41510605 ] } },
{ "type": "Feature", "properties": { "Name": "557.46", "P.K.": null, "Al.Dist. Izq.": null, "Al.Dist. Der.": null, "Ruta": "1V09" }, "geometry": { "type": "Point", "coordinates": [ -63.23320024, -32.41484792 ] } },
{ "type": "Feature", "properties": { "Name": "557.46", "P.K.": null, "Al.Dist. Izq.": null, "Al.Dist. Der.": null, "Ruta": "1V09" }, "geometry": { "type": "Point", "coordinates": [ -63.23320024, -32.41484792 ] } },
{ "type": "Feature", "properties": { "Name": "557.47", "P.K.": null, "Al.Dist. Izq.": null, "Al.Dist. Der.": null, "Ruta": "1V09" }, "geometry": { "type": "Point", "coordinates": [ -63.23326, -32.41471 ] } },
{ "type": "Feature", "properties": { "Name": "558.86", "P.K.": null, "Al.Dist. Izq.": null, "Al.Dist. Der.": null, "Ruta": "1V09" }, "geometry": { "type": "Point", "coordinates": [ -63.24354, -32.40312 ] } },
{ "type": "Feature", "properties": { "Name": "559", "P.K.": null, "Al.Dist. Izq.": null, "Al.Dist. Der.": null, "Ruta": "1V09" }, "geometry": { "type": "Point", "coordinates": [ -63.24448, -32.40187 ] } },
{ "type": "Feature", "properties": { "Name": "559.02", "P.K.": null, "Al.Dist. Izq.": null, "Al.Dist. Der.": null, "Ruta": "1V09" }, "geometry": { "type": "Point", "coordinates": [ -63.24473374, -32.40177748 ] } },
{ "type": "Feature", "properties": { "Name": "559.02", "P.K.": null, "Al.Dist. Izq.": null, "Al.Dist. Der.": null, "Ruta": "1V09" }, "geometry": { "type": "Point", "coordinates": [ -63.24473374, -32.40177748 ] } },
{ "type": "Feature", "properties": { "Name": "559.06", "P.K.": null, "Al.Dist. Izq.": null, "Al.Dist. Der.": null, "Ruta": "1V09" }, "geometry": { "type": "Point", "coordinates": [ -63.24472455, -32.40135774 ] } },
{ "type": "Feature", "properties": { "Name": "559.08", "P.K.": null, "Al.Dist. Izq.": null, "Al.Dist. Der.": null, "Ruta": "1V09" }, "geometry": { "type": "Point", "coordinates": [ -63.24499, -32.40126 ] } },
{ "type": "Feature", "properties": { "Name": "559.59", "P.K.": null, "Al.Dist. Izq.": null, "Al.Dist. Der.": null, "Ruta": "1V09" }, "geometry": { "type": "Point", "coordinates": [ -63.24977217, -32.40455285 ] } },
{ "type": "Feature", "properties": { "Name": "559.61", "P.K.": null, "Al.Dist. Izq.": null, "Al.Dist. Der.": null, "Ruta": "1V09" }, "geometry": { "type": "Point", "coordinates": [ -63.24990217, -32.40468285 ] } },
{ "type": "Feature", "properties": { "Name": "559.7", "P.K.": null, "Al.Dist. Izq.": null, "Al.Dist. Der.": null, "Ruta": "1V09" }, "geometry": { "type": "Point", "coordinates": [ -63.25073116, -32.40489949 ] } },
{ "type": "Feature", "properties": { "Name": "559.7", "P.K.": null, "Al.Dist. Izq.": null, "Al.Dist. Der.": null, "Ruta": "1V09" }, "geometry": { "type": "Point", "coordinates": [ -63.25073116, -32.40489949 ] } },
{ "type": "Feature", "properties": { "Name": "559.78", "P.K.": null, "Al.Dist. Izq.": null, "Al.Dist. Der.": null, "Ruta": "1V09" }, "geometry": { "type": "Point", "coordinates": [ -63.25137, -32.40435 ] } },
{ "type": "Feature", "properties": { "Name": "559.97", "P.K.": null, "Al.Dist. Izq.": null, "Al.Dist. Der.": null, "Ruta": "1V09" }, "geometry": { "type": "Point", "coordinates": [ -63.25274583, -32.40257547 ] } },
{ "type": "Feature", "properties": { "Name": "559.98", "P.K.": null, "Al.Dist. Izq.": null, "Al.Dist. Der.": null, "Ruta": "1V09" }, "geometry": { "type": "Point", "coordinates": [ -63.25285681, -32.40248319 ] } },
{ "type": "Feature", "properties": { "Name": "560", "P.K.": null, "Al.Dist. Izq.": null, "Al.Dist. Der.": null, "Ruta": "1V09" }, "geometry": { "type": "Point", "coordinates": [ -63.25297046, -32.40232353 ] } },
{ "type": "Feature", "properties": { "Name": "560.03", "P.K.": null, "Al.Dist. Izq.": null, "Al.Dist. Der.": null, "Ruta": "1V09" }, "geometry": { "type": "Point", "coordinates": [ -63.25312, -32.40213 ] } },
{ "type": "Feature", "properties": { "Name": "560.03", "P.K.": null, "Al.Dist. Izq.": null, "Al.Dist. Der.": null, "Ruta": "1V09" }, "geometry": { "type": "Point", "coordinates": [ -63.25301372, -32.40215312 ] } },
{ "type": "Feature", "properties": { "Name": "560.06", "P.K.": null, "Al.Dist. Izq.": null, "Al.Dist. Der.": null, "Ruta": "1V09" }, "geometry": { "type": "Point", "coordinates": [ -63.25352501, -32.40221738 ] } },
{ "type": "Feature", "properties": { "Name": "560.06", "P.K.": null, "Al.Dist. Izq.": null, "Al.Dist. Der.": null, "Ruta": "1V09" }, "geometry": { "type": "Point", "coordinates": [ -63.25352501, -32.40221738 ] } },
{ "type": "Feature", "properties": { "Name": "560.06", "P.K.": null, "Al.Dist. Izq.": null, "Al.Dist. Der.": null, "Ruta": "1V09" }, "geometry": { "type": "Point", "coordinates": [ -63.25362056, -32.40230344 ] } },
{ "type": "Feature", "properties": { "Name": "560.09", "P.K.": null, "Al.Dist. Izq.": null, "Al.Dist. Der.": null, "Ruta": "1V09" }, "geometry": { "type": "Point", "coordinates": [ -63.25370036, -32.40187401 ] } },
{ "type": "Feature", "properties": { "Name": "560.09", "P.K.": null, "Al.Dist. Izq.": null, "Al.Dist. Der.": null, "Ruta": "1V09" }, "geometry": { "type": "Point", "coordinates": [ -63.25401854, -32.40195921 ] } },
{ "type": "Feature", "properties": { "Name": "560.15", "P.K.": null, "Al.Dist. Izq.": null, "Al.Dist. Der.": null, "Ruta": "1V09" }, "geometry": { "type": "Point", "coordinates": [ -63.25428, -32.40147 ] } },
{ "type": "Feature", "properties": { "Name": "560.21", "P.K.": null, "Al.Dist. Izq.": null, "Al.Dist. Der.": null, "Ruta": "1V09" }, "geometry": { "type": "Point", "coordinates": [ -63.25462708, -32.40086683 ] } },
{ "type": "Feature", "properties": { "Name": "560.29", "P.K.": null, "Al.Dist. Izq.": null, "Al.Dist. Der.": null, "Ruta": "1V09" }, "geometry": { "type": "Point", "coordinates": [ -63.25549442, -32.40032839 ] } },
{ "type": "Feature", "properties": { "Name": "560.3", "P.K.": null, "Al.Dist. Izq.": null, "Al.Dist. Der.": null, "Ruta": "1V09" }, "geometry": { "type": "Point", "coordinates": [ -63.2553461, -32.4000747 ] } },
{ "type": "Feature", "properties": { "Name": "560.35", "P.K.": null, "Al.Dist. Izq.": null, "Al.Dist. Der.": null, "Ruta": "1V09" }, "geometry": { "type": "Point", "coordinates": [ -63.25587, -32.39983 ] } },
{ "type": "Feature", "properties": { "Name": "560.53", "P.K.": null, "Al.Dist. Izq.": null, "Al.Dist. Der.": null, "Ruta": "1V09" }, "geometry": { "type": "Point", "coordinates": [ -63.25719863, -32.39829811 ] } },
{ "type": "Feature", "properties": { "Name": "560.87", "P.K.": null, "Al.Dist. Izq.": null, "Al.Dist. Der.": null, "Ruta": "1V09" }, "geometry": { "type": "Point", "coordinates": [ -63.25958245, -32.39530695 ] } },
{ "type": "Feature", "properties": { "Name": "560.91", "P.K.": null, "Al.Dist. Izq.": null, "Al.Dist. Der.": null, "Ruta": "1V09" }, "geometry": { "type": "Point", "coordinates": [ -63.25992174, -32.39510142 ] } },
{ "type": "Feature", "properties": { "Name": "560.91", "P.K.": null, "Al.Dist. Izq.": null, "Al.Dist. Der.": null, "Ruta": "1V09" }, "geometry": { "type": "Point", "coordinates": [ -63.25992174, -32.39510142 ] } },
{ "type": "Feature", "properties": { "Name": "560.91", "P.K.": null, "Al.Dist. Izq.": null, "Al.Dist. Der.": null, "Ruta": "1V09" }, "geometry": { "type": "Point", "coordinates": [ -63.26001897, -32.39514417 ] } },
{ "type": "Feature", "properties": { "Name": "560.92", "P.K.": null, "Al.Dist. Izq.": null, "Al.Dist. Der.": null, "Ruta": "1V09" }, "geometry": { "type": "Point", "coordinates": [ -63.25987179, -32.39478067 ] } },
{ "type": "Feature", "properties": { "Name": "560.99", "P.K.": null, "Al.Dist. Izq.": null, "Al.Dist. Der.": null, "Ruta": "1V09" }, "geometry": { "type": "Point", "coordinates": [ -63.26060001, -32.39442764 ] } },
{ "type": "Feature", "properties": { "Name": "561", "P.K.": "PK561", "Al.Dist. Izq.": null, "Al.Dist. Der.": null, "Ruta": "1V09" }, "geometry": { "type": "Point", "coordinates": [ -63.26055206, -32.39427816 ] } },
{ "type": "Feature", "properties": { "Name": "561.09", "P.K.": null, "Al.Dist. Izq.": null, "Al.Dist. Der.": null, "Ruta": "1V09" }, "geometry": { "type": "Point", "coordinates": [ -63.26114116, -32.39365752 ] } },
{ "type": "Feature", "properties": { "Name": "561.12", "P.K.": null, "Al.Dist. Izq.": null, "Al.Dist. Der.": null, "Ruta": "1V09" }, "geometry": { "type": "Point", "coordinates": [ -63.26139059, -32.39347444 ] } },
{ "type": "Feature", "properties": { "Name": "561.12", "P.K.": null, "Al.Dist. Izq.": null, "Al.Dist. Der.": null, "Ruta": "1V09" }, "geometry": { "type": "Point", "coordinates": [ -63.26139059, -32.39347444 ] } },
{ "type": "Feature", "properties": { "Name": "561.16", "P.K.": null, "Al.Dist. Izq.": null, "Al.Dist. Der.": null, "Ruta": "1V09" }, "geometry": { "type": "Point", "coordinates": [ -63.26170048, -32.39308927 ] } },
{ "type": "Feature", "properties": { "Name": "561.16", "P.K.": null, "Al.Dist. Izq.": 10, "Al.Dist. Der.": 20, "Ruta": "1V09" }, "geometry": { "type": "Point", "coordinates": [ -63.26170048, -32.39308927 ] } },
{ "type": "Feature", "properties": { "Name": "561.29", "P.K.": null, "Al.Dist. Izq.": 10, "Al.Dist. Der.": 20, "Ruta": "1V09" }, "geometry": { "type": "Point", "coordinates": [ -63.26248359, -32.39210449 ] } },
{ "type": "Feature", "properties": { "Name": "561.32", "P.K.": null, "Al.Dist. Izq.": 10, "Al.Dist. Der.": 20, "Ruta": "1V09" }, "geometry": { "type": "Point", "coordinates": [ -63.26265211, -32.39192479 ] } },
{ "type": "Feature", "properties": { "Name": "561.35", "P.K.": null, "Al.Dist. Izq.": 10, "Al.Dist. Der.": 20, "Ruta": "1V09" }, "geometry": { "type": "Point", "coordinates": [ -63.2628078, -32.39168832 ] } },
{ "type": "Feature", "properties": { "Name": "561.49", "P.K.": null, "Al.Dist. Izq.": 10, "Al.Dist. Der.": 20, "Ruta": "1V09" }, "geometry": { "type": "Point", "coordinates": [ -63.26383207, -32.39055361 ] } },
{ "type": "Feature", "properties": { "Name": "561.52", "P.K.": null, "Al.Dist. Izq.": 10, "Al.Dist. Der.": 20, "Ruta": "1V09" }, "geometry": { "type": "Point", "coordinates": [ -63.26400742, -32.39035741 ] } },
{ "type": "Feature", "properties": { "Name": "561.61", "P.K.": null, "Al.Dist. Izq.": 10, "Al.Dist. Der.": 20, "Ruta": "1V09" }, "geometry": { "type": "Point", "coordinates": [ -63.26456565, -32.38973654 ] } },
{ "type": "Feature", "properties": { "Name": "561.66", "P.K.": null, "Al.Dist. Izq.": 10, "Al.Dist. Der.": 20, "Ruta": "1V09" }, "geometry": { "type": "Point", "coordinates": [ -63.26491769, -32.38927761 ] } },
{ "type": "Feature", "properties": { "Name": "561.71", "P.K.": null, "Al.Dist. Izq.": 10, "Al.Dist. Der.": 20, "Ruta": "1V09" }, "geometry": { "type": "Point", "coordinates": [ -63.26529848, -32.3890102 ] } },
{ "type": "Feature", "properties": { "Name": "561.71", "P.K.": null, "Al.Dist. Izq.": 10, "Al.Dist. Der.": 40, "Ruta": "1V09" }, "geometry": { "type": "Point", "coordinates": [ -63.26529848, -32.3890102 ] } },
{ "type": "Feature", "properties": { "Name": "561.76", "P.K.": null, "Al.Dist. Izq.": 10, "Al.Dist. Der.": 40, "Ruta": "1V09" }, "geometry": { "type": "Point", "coordinates": [ -63.26567, -32.38863 ] } },
{ "type": "Feature", "properties": { "Name": "561.78", "P.K.": null, "Al.Dist. Izq.": 10, "Al.Dist. Der.": 40, "Ruta": "1V09" }, "geometry": { "type": "Point", "coordinates": [ -63.26580416, -32.38849621 ] } },
{ "type": "Feature", "properties": { "Name": "561.81", "P.K.": null, "Al.Dist. Izq.": 10, "Al.Dist. Der.": 40, "Ruta": "1V09" }, "geometry": { "type": "Point", "coordinates": [ -63.26598588, -32.38826462 ] } },
{ "type": "Feature", "properties": { "Name": "561.89", "P.K.": null, "Al.Dist. Izq.": 10, "Al.Dist. Der.": 40, "Ruta": "1V09" }, "geometry": { "type": "Point", "coordinates": [ -63.26654714, -32.3876477 ] } },
{ "type": "Feature", "properties": { "Name": "562", "P.K.": "PK562", "Al.Dist. Izq.": 10, "Al.Dist. Der.": 40, "Ruta": "1V09" }, "geometry": { "type": "Point", "coordinates": [ -63.26730553, -32.38693961 ] } },
{ "type": "Feature", "properties": { "Name": "562.24", "P.K.": null, "Al.Dist. Izq.": 10, "Al.Dist. Der.": 40, "Ruta": "1V09" }, "geometry": { "type": "Point", "coordinates": [ -63.26861344, -32.38496989 ] } },
{ "type": "Feature", "properties": { "Name": "562.78", "P.K.": null, "Al.Dist. Izq.": 10, "Al.Dist. Der.": 40, "Ruta": "1V09" }, "geometry": { "type": "Point", "coordinates": [ -63.27206109, -32.38130413 ] } },
{ "type": "Feature", "properties": { "Name": "562.79", "P.K.": null, "Al.Dist. Izq.": 10, "Al.Dist. Der.": 40, "Ruta": "1V09" }, "geometry": { "type": "Point", "coordinates": [ -63.27210856, -32.38123684 ] } },
{ "type": "Feature", "properties": { "Name": "562.84", "P.K.": null, "Al.Dist. Izq.": 10, "Al.Dist. Der.": 40, "Ruta": "1V09" }, "geometry": { "type": "Point", "coordinates": [ -63.27240441, -32.38088423 ] } },
{ "type": "Feature", "properties": { "Name": "562.88", "P.K.": null, "Al.Dist. Izq.": 10, "Al.Dist. Der.": 40, "Ruta": "1V09" }, "geometry": { "type": "Point", "coordinates": [ -63.27269409, -32.38053257 ] } },
{ "type": "Feature", "properties": { "Name": "563", "P.K.": "PK563", "Al.Dist. Izq.": 10, "Al.Dist. Der.": 40, "Ruta": "1V09" }, "geometry": { "type": "Point", "coordinates": [ -63.27346667, -32.37968785 ] } },
{ "type": "Feature", "properties": { "Name": "563.45", "P.K.": null, "Al.Dist. Izq.": 10, "Al.Dist. Der.": 40, "Ruta": "1V09" }, "geometry": { "type": "Point", "coordinates": [ -63.27636149, -32.37649229 ] } },
{ "type": "Feature", "properties": { "Name": "563.53", "P.K.": null, "Al.Dist. Izq.": 10, "Al.Dist. Der.": 40, "Ruta": "1V09" }, "geometry": { "type": "Point", "coordinates": [ -63.27687465, -32.37592202 ] } },
{ "type": "Feature", "properties": { "Name": "563.59", "P.K.": null, "Al.Dist. Izq.": 10, "Al.Dist. Der.": 40, "Ruta": "1V09" }, "geometry": { "type": "Point", "coordinates": [ -63.27724714, -32.37548142 ] } },
{ "type": "Feature", "properties": { "Name": "563.74", "P.K.": null, "Al.Dist. Izq.": 10, "Al.Dist. Der.": 40, "Ruta": "1V09" }, "geometry": { "type": "Point", "coordinates": [ -63.27814803, -32.37441956 ] } },
{ "type": "Feature", "properties": { "Name": "563.89", "P.K.": null, "Al.Dist. Izq.": 10, "Al.Dist. Der.": 40, "Ruta": "1V09" }, "geometry": { "type": "Point", "coordinates": [ -63.27914145, -32.37327784 ] } },
{ "type": "Feature", "properties": { "Name": "564", "P.K.": "PK564", "Al.Dist. Izq.": 10, "Al.Dist. Der.": 40, "Ruta": "1V09" }, "geometry": { "type": "Point", "coordinates": [ -63.27985381, -32.37250159 ] } },
{ "type": "Feature", "properties": { "Name": "564.05", "P.K.": null, "Al.Dist. Izq.": 10, "Al.Dist. Der.": 40, "Ruta": "1V09" }, "geometry": { "type": "Point", "coordinates": [ -63.2802, -32.37217 ] } },
{ "type": "Feature", "properties": { "Name": "564.06", "P.K.": null, "Al.Dist. Izq.": 10, "Al.Dist. Der.": 40, "Ruta": "1V09" }, "geometry": { "type": "Point", "coordinates": [ -63.28031458, -32.37222531 ] } },
{ "type": "Feature", "properties": { "Name": "564.25", "P.K.": null, "Al.Dist. Izq.": 10, "Al.Dist. Der.": 40, "Ruta": "1V09" }, "geometry": { "type": "Point", "coordinates": [ -63.28143, -32.3708 ] } },
{ "type": "Feature", "properties": { "Name": "564.28", "P.K.": null, "Al.Dist. Izq.": 10, "Al.Dist. Der.": 40, "Ruta": "1V09" }, "geometry": { "type": "Point", "coordinates": [ -63.28159, -32.37059 ] } },
{ "type": "Feature", "properties": { "Name": "564.84", "P.K.": null, "Al.Dist. Izq.": 10, "Al.Dist. Der.": 40, "Ruta": "1V09" }, "geometry": { "type": "Point", "coordinates": [ -63.28493234, -32.36667444 ] } },
{ "type": "Feature", "properties": { "Name": "565", "P.K.": "PK565", "Al.Dist. Izq.": 10, "Al.Dist. Der.": 40, "Ruta": "1V09" }, "geometry": { "type": "Point", "coordinates": [ -63.28586904, -32.3656682 ] } },
{ "type": "Feature", "properties": { "Name": "565.31", "P.K.": null, "Al.Dist. Izq.": 10, "Al.Dist. Der.": 40, "Ruta": "1V09" }, "geometry": { "type": "Point", "coordinates": [ -63.28793557, -32.36338951 ] } },
{ "type": "Feature", "properties": { "Name": "565.53", "P.K.": null, "Al.Dist. Izq.": 10, "Al.Dist. Der.": 40, "Ruta": "1V09" }, "geometry": { "type": "Point", "coordinates": [ -63.28943711, -32.36167491 ] } },
{ "type": "Feature", "properties": { "Name": "566", "P.K.": "PK566", "Al.Dist. Izq.": 10, "Al.Dist. Der.": 40, "Ruta": "1V09" }, "geometry": { "type": "Point", "coordinates": [ -63.29247692, -32.35819239 ] } },
{ "type": "Feature", "properties": { "Name": "566.19", "P.K.": null, "Al.Dist. Izq.": 10, "Al.Dist. Der.": 40, "Ruta": "1V09" }, "geometry": { "type": "Point", "coordinates": [ -63.293618, -32.35694473 ] } },
{ "type": "Feature", "properties": { "Name": "566.29", "P.K.": null, "Al.Dist. Izq.": 10, "Al.Dist. Der.": 40, "Ruta": "1V09" }, "geometry": { "type": "Point", "coordinates": [ -63.29427, -32.35626 ] } },
{ "type": "Feature", "properties": { "Name": "566.76", "P.K.": null, "Al.Dist. Izq.": 10, "Al.Dist. Der.": 40, "Ruta": "1V09" }, "geometry": { "type": "Point", "coordinates": [ -63.29710138, -32.3529397 ] } },
{ "type": "Feature", "properties": { "Name": "566.85", "P.K.": null, "Al.Dist. Izq.": 10, "Al.Dist. Der.": 40, "Ruta": "1V09" }, "geometry": { "type": "Point", "coordinates": [ -63.29768792, -32.35227746 ] } },
{ "type": "Feature", "properties": { "Name": "567", "P.K.": "PK567", "Al.Dist. Izq.": 10, "Al.Dist. Der.": 40, "Ruta": "1V09" }, "geometry": { "type": "Point", "coordinates": [ -63.2985251, -32.35130766 ] } },
{ "type": "Feature", "properties": { "Name": "567.57", "P.K.": null, "Al.Dist. Izq.": 10, "Al.Dist. Der.": 40, "Ruta": "1V09" }, "geometry": { "type": "Point", "coordinates": [ -63.30230366, -32.34714372 ] } },
{ "type": "Feature", "properties": { "Name": "567.82", "P.K.": null, "Al.Dist. Izq.": 10, "Al.Dist. Der.": 40, "Ruta": "1V09" }, "geometry": { "type": "Point", "coordinates": [ -63.30390642, -32.34522818 ] } },
{ "type": "Feature", "properties": { "Name": "567.89", "P.K.": null, "Al.Dist. Izq.": 10, "Al.Dist. Der.": 40, "Ruta": "1V09" }, "geometry": { "type": "Point", "coordinates": [ -63.3044, -32.34476 ] } },
{ "type": "Feature", "properties": { "Name": "568", "P.K.": "PK568", "Al.Dist. Izq.": 10, "Al.Dist. Der.": 40, "Ruta": "1V09" }, "geometry": { "type": "Point", "coordinates": [ -63.30498923, -32.34387016 ] } },
{ "type": "Feature", "properties": { "Name": "568.15", "P.K.": null, "Al.Dist. Izq.": 10, "Al.Dist. Der.": 40, "Ruta": "1V09" }, "geometry": { "type": "Point", "coordinates": [ -63.30598634, -32.34281161 ] } },
{ "type": "Feature", "properties": { "Name": "568.2", "P.K.": null, "Al.Dist. Izq.": 10, "Al.Dist. Der.": 40, "Ruta": "1V09" }, "geometry": { "type": "Point", "coordinates": [ -63.3064, -32.3425 ] } },
{ "type": "Feature", "properties": { "Name": "568.27", "P.K.": null, "Al.Dist. Izq.": 10, "Al.Dist. Der.": 40, "Ruta": "1V09" }, "geometry": { "type": "Point", "coordinates": [ -63.30685001, -32.34210459 ] } },
{ "type": "Feature", "properties": { "Name": "568.91", "P.K.": null, "Al.Dist. Izq.": 10, "Al.Dist. Der.": 40, "Ruta": "1V09" }, "geometry": { "type": "Point", "coordinates": [ -63.31082638, -32.33738188 ] } },
{ "type": "Feature", "properties": { "Name": "569", "P.K.": "PK569", "Al.Dist. Izq.": 10, "Al.Dist. Der.": 40, "Ruta": "1V09" }, "geometry": { "type": "Point", "coordinates": [ -63.3114345, -32.33671599 ] } },
{ "type": "Feature", "properties": { "Name": "569.11", "P.K.": null, "Al.Dist. Izq.": 10, "Al.Dist. Der.": 40, "Ruta": "1V09" }, "geometry": { "type": "Point", "coordinates": [ -63.31214, -32.336 ] } },
{ "type": "Feature", "properties": { "Name": "569.47", "P.K.": null, "Al.Dist. Izq.": 10, "Al.Dist. Der.": 40, "Ruta": "1V09" }, "geometry": { "type": "Point", "coordinates": [ -63.31435215, -32.33333232 ] } },
{ "type": "Feature", "properties": { "Name": "569.57", "P.K.": null, "Al.Dist. Izq.": 10, "Al.Dist. Der.": 40, "Ruta": "1V09" }, "geometry": { "type": "Point", "coordinates": [ -63.31504852, -32.33255043 ] } },
{ "type": "Feature", "properties": { "Name": "570", "P.K.": "PK570", "Al.Dist. Izq.": 10, "Al.Dist. Der.": 40, "Ruta": "1V09" }, "geometry": { "type": "Point", "coordinates": [ -63.31788629, -32.32956587 ] } },
{ "type": "Feature", "properties": { "Name": "570.01", "P.K.": null, "Al.Dist. Izq.": 10, "Al.Dist. Der.": 40, "Ruta": "1V09" }, "geometry": { "type": "Point", "coordinates": [ -63.31787, -32.32948 ] } },
{ "type": "Feature", "properties": { "Name": "570.02", "P.K.": null, "Al.Dist. Izq.": 10, "Al.Dist. Der.": 40, "Ruta": "1V09" }, "geometry": { "type": "Point", "coordinates": [ -63.31802208, -32.32944009 ] } },
{ "type": "Feature", "properties": { "Name": "570.13", "P.K.": null, "Al.Dist. Izq.": 10, "Al.Dist. Der.": 40, "Ruta": "1V09" }, "geometry": { "type": "Point", "coordinates": [ -63.31864682, -32.32854348 ] } },
{ "type": "Feature", "properties": { "Name": "570.16", "P.K.": null, "Al.Dist. Izq.": 10, "Al.Dist. Der.": 40, "Ruta": "1V09" }, "geometry": { "type": "Point", "coordinates": [ -63.31900511, -32.32834029 ] } },
{ "type": "Feature", "properties": { "Name": "571", "P.K.": "PK571", "Al.Dist. Izq.": 10, "Al.Dist. Der.": 40, "Ruta": "1V09" }, "geometry": { "type": "Point", "coordinates": [ -63.32442101, -32.32200357 ] } },
{ "type": "Feature", "properties": { "Name": "571.36", "P.K.": null, "Al.Dist. Izq.": 10, "Al.Dist. Der.": 40, "Ruta": "1V09" }, "geometry": { "type": "Point", "coordinates": [ -63.32676, -32.31939 ] } },
{ "type": "Feature", "properties": { "Name": "572.89", "P.K.": null, "Al.Dist. Izq.": 10, "Al.Dist. Der.": 40, "Ruta": "1V09" }, "geometry": { "type": "Point", "coordinates": [ -63.33637, -32.30856 ] } },
{ "type": "Feature", "properties": { "Name": "573.24", "P.K.": null, "Al.Dist. Izq.": 10, "Al.Dist. Der.": 40, "Ruta": "1V09" }, "geometry": { "type": "Point", "coordinates": [ -63.33846842, -32.30603646 ] } },
{ "type": "Feature", "properties": { "Name": "574.25", "P.K.": null, "Al.Dist. Izq.": 10, "Al.Dist. Der.": 40, "Ruta": "1V09" }, "geometry": { "type": "Point", "coordinates": [ -63.34482712, -32.29882374 ] } },
{ "type": "Feature", "properties": { "Name": "574.53", "P.K.": null, "Al.Dist. Izq.": 10, "Al.Dist. Der.": 40, "Ruta": "1V09" }, "geometry": { "type": "Point", "coordinates": [ -63.34658861, -32.29679475 ] } },
{ "type": "Feature", "properties": { "Name": "574.58", "P.K.": null, "Al.Dist. Izq.": 10, "Al.Dist. Der.": 40, "Ruta": "1V09" }, "geometry": { "type": "Point", "coordinates": [ -63.34693193, -32.29645778 ] } },
{ "type": "Feature", "properties": { "Name": "574.77", "P.K.": null, "Al.Dist. Izq.": 10, "Al.Dist. Der.": 40, "Ruta": "1V09" }, "geometry": { "type": "Point", "coordinates": [ -63.34811316, -32.29515649 ] } },
{ "type": "Feature", "properties": { "Name": "574.8", "P.K.": null, "Al.Dist. Izq.": 10, "Al.Dist. Der.": 40, "Ruta": "1V09" }, "geometry": { "type": "Point", "coordinates": [ -63.34824689, -32.29485934 ] } },
{ "type": "Feature", "properties": { "Name": "574.8", "P.K.": null, "Al.Dist. Izq.": 10, "Al.Dist. Der.": 40, "Ruta": "1V09" }, "geometry": { "type": "Point", "coordinates": [ -63.34824689, -32.29485934 ] } },
{ "type": "Feature", "properties": { "Name": "574.95", "P.K.": null, "Al.Dist. Izq.": 10, "Al.Dist. Der.": 40, "Ruta": "1V09" }, "geometry": { "type": "Point", "coordinates": [ -63.34916399, -32.29384307 ] } },
{ "type": "Feature", "properties": { "Name": "575", "P.K.": "PK575", "Al.Dist. Izq.": 10, "Al.Dist. Der.": 40, "Ruta": "1V09" }, "geometry": { "type": "Point", "coordinates": [ -63.34946607, -32.29341715 ] } },
{ "type": "Feature", "properties": { "Name": "575.05", "P.K.": null, "Al.Dist. Izq.": 10, "Al.Dist. Der.": 40, "Ruta": "1V09" }, "geometry": { "type": "Point", "coordinates": [ -63.34961264, -32.29298657 ] } },
{ "type": "Feature", "properties": { "Name": "575.2", "P.K.": null, "Al.Dist. Izq.": 10, "Al.Dist. Der.": 40, "Ruta": "1V09" }, "geometry": { "type": "Point", "coordinates": [ -63.35011236, -32.29171767 ] } },
{ "type": "Feature", "properties": { "Name": "575.22", "P.K.": null, "Al.Dist. Izq.": 10, "Al.Dist. Der.": 40, "Ruta": "1V09" }, "geometry": { "type": "Point", "coordinates": [ -63.35022893, -32.29156004 ] } },
{ "type": "Feature", "properties": { "Name": "575.26", "P.K.": null, "Al.Dist. Izq.": 10, "Al.Dist. Der.": 40, "Ruta": "1V09" }, "geometry": { "type": "Point", "coordinates": [ -63.35042417, -32.29128375 ] } },
{ "type": "Feature", "properties": { "Name": "575.4", "P.K.": null, "Al.Dist. Izq.": 10, "Al.Dist. Der.": 40, "Ruta": "1V09" }, "geometry": { "type": "Point", "coordinates": [ -63.351315, -32.29028071 ] } },
{ "type": "Feature", "properties": { "Name": "575.42", "P.K.": null, "Al.Dist. Izq.": 10, "Al.Dist. Der.": 40, "Ruta": "1V09" }, "geometry": { "type": "Point", "coordinates": [ -63.35131521, -32.28992309 ] } },
{ "type": "Feature", "properties": { "Name": "575.42", "P.K.": null, "Al.Dist. Izq.": null, "Al.Dist. Der.": null, "Ruta": "1V09" }, "geometry": { "type": "Point", "coordinates": [ -63.35131521, -32.28992309 ] } },
{ "type": "Feature", "properties": { "Name": "575.54", "P.K.": null, "Al.Dist. Izq.": null, "Al.Dist. Der.": null, "Ruta": "1V09" }, "geometry": { "type": "Point", "coordinates": [ -63.35232787, -32.28932527 ] } },
{ "type": "Feature", "properties": { "Name": "575.86", "P.K.": null, "Al.Dist. Izq.": null, "Al.Dist. Der.": null, "Ruta": "1V09" }, "geometry": { "type": "Point", "coordinates": [ -63.35420226, -32.28691593 ] } },
{ "type": "Feature", "properties": { "Name": "576", "P.K.": "PK576", "Al.Dist. Izq.": null, "Al.Dist. Der.": null, "Ruta": "1V09" }, "geometry": { "type": "Point", "coordinates": [ -63.35517608, -32.28590942 ] } },
{ "type": "Feature", "properties": { "Name": "577", "P.K.": "PK577", "Al.Dist. Izq.": null, "Al.Dist. Der.": null, "Ruta": "1V09" }, "geometry": { "type": "Point", "coordinates": [ -63.35704693, -32.28376515 ] } },
{ "type": "Feature", "properties": { "Name": "577.12", "P.K.": null, "Al.Dist. Izq.": null, "Al.Dist. Der.": null, "Ruta": "1V09" }, "geometry": { "type": "Point", "coordinates": [ -63.3579414, -32.28278915 ] } },
{ "type": "Feature", "properties": { "Name": "577.2", "P.K.": null, "Al.Dist. Izq.": null, "Al.Dist. Der.": null, "Ruta": "1V09" }, "geometry": { "type": "Point", "coordinates": [ -63.35864481, -32.28233194 ] } },
{ "type": "Feature", "properties": { "Name": "577.25", "P.K.": null, "Al.Dist. Izq.": null, "Al.Dist. Der.": null, "Ruta": "1V09" }, "geometry": { "type": "Point", "coordinates": [ -63.35918091, -32.2820159 ] } },
{ "type": "Feature", "properties": { "Name": "577.26", "P.K.": null, "Al.Dist. Izq.": null, "Al.Dist. Der.": null, "Ruta": "1V09" }, "geometry": { "type": "Point", "coordinates": [ -63.35916348, -32.28192896 ] } },
{ "type": "Feature", "properties": { "Name": "577.26", "P.K.": null, "Al.Dist. Izq.": 10, "Al.Dist. Der.": 40, "Ruta": "1V09" }, "geometry": { "type": "Point", "coordinates": [ -63.35916348, -32.28192896 ] } },
{ "type": "Feature", "properties": { "Name": "577.35", "P.K.": null, "Al.Dist. Izq.": 10, "Al.Dist. Der.": 40, "Ruta": "1V09" }, "geometry": { "type": "Point", "coordinates": [ -63.36016461, -32.28153516 ] } },
{ "type": "Feature", "properties": { "Name": "577.38", "P.K.": null, "Al.Dist. Izq.": 10, "Al.Dist. Der.": 40, "Ruta": "1V09" }, "geometry": { "type": "Point", "coordinates": [ -63.36039062, -32.28114834 ] } },
{ "type": "Feature", "properties": { "Name": "577.46", "P.K.": null, "Al.Dist. Izq.": 10, "Al.Dist. Der.": 40, "Ruta": "1V09" }, "geometry": { "type": "Point", "coordinates": [ -63.36096797, -32.28049198 ] } },
{ "type": "Feature", "properties": { "Name": "577.52", "P.K.": null, "Al.Dist. Izq.": 10, "Al.Dist. Der.": 40, "Ruta": "1V09" }, "geometry": { "type": "Point", "coordinates": [ -63.36134076, -32.28009605 ] } },
{ "type": "Feature", "properties": { "Name": "577.69", "P.K.": null, "Al.Dist. Izq.": 10, "Al.Dist. Der.": 40, "Ruta": "1V09" }, "geometry": { "type": "Point", "coordinates": [ -63.36273149, -32.27876152 ] } },
{ "type": "Feature", "properties": { "Name": "577.72", "P.K.": null, "Al.Dist. Izq.": 10, "Al.Dist. Der.": 40, "Ruta": "1V09" }, "geometry": { "type": "Point", "coordinates": [ -63.36283536, -32.27844538 ] } },
{ "type": "Feature", "properties": { "Name": "577.82", "P.K.": null, "Al.Dist. Izq.": 10, "Al.Dist. Der.": 40, "Ruta": "1V09" }, "geometry": { "type": "Point", "coordinates": [ -63.36355023, -32.27768209 ] } },
{ "type": "Feature", "properties": { "Name": "577.83", "P.K.": null, "Al.Dist. Izq.": 10, "Al.Dist. Der.": 40, "Ruta": "1V09" }, "geometry": { "type": "Point", "coordinates": [ -63.36374637, -32.27756218 ] } },
{ "type": "Feature", "properties": { "Name": "578.55", "P.K.": null, "Al.Dist. Izq.": 10, "Al.Dist. Der.": 40, "Ruta": "1V09" }, "geometry": { "type": "Point", "coordinates": [ -63.36876, -32.27176 ] } },
{ "type": "Feature", "properties": { "Name": "578.76", "P.K.": null, "Al.Dist. Izq.": 10, "Al.Dist. Der.": 40, "Ruta": "1V09" }, "geometry": { "type": "Point", "coordinates": [ -63.37024698, -32.26994591 ] } },
{ "type": "Feature", "properties": { "Name": "580.15", "P.K.": null, "Al.Dist. Izq.": 10, "Al.Dist. Der.": 40, "Ruta": "1V09" }, "geometry": { "type": "Point", "coordinates": [ -63.38027548, -32.25863402 ] } },
{ "type": "Feature", "properties": { "Name": "580.27", "P.K.": null, "Al.Dist. Izq.": 10, "Al.Dist. Der.": 40, "Ruta": "1V09" }, "geometry": { "type": "Point", "coordinates": [ -63.38102818, -32.25764905 ] } },
{ "type": "Feature", "properties": { "Name": "580.79", "P.K.": null, "Al.Dist. Izq.": 10, "Al.Dist. Der.": 40, "Ruta": "1V09" }, "geometry": { "type": "Point", "coordinates": [ -63.38459585, -32.25324489 ] } },
{ "type": "Feature", "properties": { "Name": "580.89", "P.K.": null, "Al.Dist. Izq.": 10, "Al.Dist. Der.": 40, "Ruta": "1V09" }, "geometry": { "type": "Point", "coordinates": [ -63.3854669, -32.25259104 ] } },
{ "type": "Feature", "properties": { "Name": "580.9", "P.K.": null, "Al.Dist. Izq.": 10, "Al.Dist. Der.": 40, "Ruta": "1V09" }, "geometry": { "type": "Point", "coordinates": [ -63.3856912, -32.25265143 ] } },
{ "type": "Feature", "properties": { "Name": "581.2", "P.K.": null, "Al.Dist. Izq.": 10, "Al.Dist. Der.": 40, "Ruta": "1V09" }, "geometry": { "type": "Point", "coordinates": [ -63.38770285, -32.25010914 ] } },
{ "type": "Feature", "properties": { "Name": "581.55", "P.K.": null, "Al.Dist. Izq.": 10, "Al.Dist. Der.": 40, "Ruta": "1V09" }, "geometry": { "type": "Point", "coordinates": [ -63.39033, -32.24735 ] } },
{ "type": "Feature", "properties": { "Name": "582", "P.K.": "PK582", "Al.Dist. Izq.": 10, "Al.Dist. Der.": 40, "Ruta": "1V09" }, "geometry": { "type": "Point", "coordinates": [ -63.39354839, -32.24374261 ] } },
{ "type": "Feature", "properties": { "Name": "582.4", "P.K.": null, "Al.Dist. Izq.": 10, "Al.Dist. Der.": 40, "Ruta": "1V09" }, "geometry": { "type": "Point", "coordinates": [ -63.39597079, -32.24074904 ] } },
{ "type": "Feature", "properties": { "Name": "582.68", "P.K.": null, "Al.Dist. Izq.": 10, "Al.Dist. Der.": 40, "Ruta": "1V09" }, "geometry": { "type": "Point", "coordinates": [ -63.39771118, -32.23873743 ] } },
{ "type": "Feature", "properties": { "Name": "583.92", "P.K.": null, "Al.Dist. Izq.": 10, "Al.Dist. Der.": 40, "Ruta": "1V09" }, "geometry": { "type": "Point", "coordinates": [ -63.40561498, -32.22998947 ] } },
{ "type": "Feature", "properties": { "Name": "585.22", "P.K.": null, "Al.Dist. Izq.": 10, "Al.Dist. Der.": 40, "Ruta": "1V09" }, "geometry": { "type": "Point", "coordinates": [ -63.4138, -32.22067 ] } },
{ "type": "Feature", "properties": { "Name": "585.42", "P.K.": null, "Al.Dist. Izq.": 10, "Al.Dist. Der.": 40, "Ruta": "1V09" }, "geometry": { "type": "Point", "coordinates": [ -63.41497354, -32.21911644 ] } },
{ "type": "Feature", "properties": { "Name": "586.44", "P.K.": null, "Al.Dist. Izq.": 10, "Al.Dist. Der.": 40, "Ruta": "1V09" }, "geometry": { "type": "Point", "coordinates": [ -63.42144672, -32.21184368 ] } },
{ "type": "Feature", "properties": { "Name": "586.66", "P.K.": null, "Al.Dist. Izq.": 10, "Al.Dist. Der.": 40, "Ruta": "1V09" }, "geometry": { "type": "Point", "coordinates": [ -63.42280926, -32.21033513 ] } },
{ "type": "Feature", "properties": { "Name": "586.74", "P.K.": null, "Al.Dist. Izq.": 10, "Al.Dist. Der.": 40, "Ruta": "1V09" }, "geometry": { "type": "Point", "coordinates": [ -63.42330482, -32.20977796 ] } },
{ "type": "Feature", "properties": { "Name": "586.75", "P.K.": null, "Al.Dist. Izq.": 10, "Al.Dist. Der.": 40, "Ruta": "1V09" }, "geometry": { "type": "Point", "coordinates": [ -63.42332608, -32.20967622 ] } },
{ "type": "Feature", "properties": { "Name": "587.08", "P.K.": null, "Al.Dist. Izq.": 10, "Al.Dist. Der.": 40, "Ruta": "1V09" }, "geometry": { "type": "Point", "coordinates": [ -63.42548, -32.20738 ] } },
{ "type": "Feature", "properties": { "Name": "587.84", "P.K.": null, "Al.Dist. Izq.": 10, "Al.Dist. Der.": 40, "Ruta": "1V09" }, "geometry": { "type": "Point", "coordinates": [ -63.43020648, -32.20186698 ] } },
{ "type": "Feature", "properties": { "Name": "587.85", "P.K.": null, "Al.Dist. Izq.": 10, "Al.Dist. Der.": 40, "Ruta": "1V09" }, "geometry": { "type": "Point", "coordinates": [ -63.43035132, -32.20184797 ] } },
{ "type": "Feature", "properties": { "Name": "588", "P.K.": "PK588", "Al.Dist. Izq.": 10, "Al.Dist. Der.": 40, "Ruta": "1V09" }, "geometry": { "type": "Point", "coordinates": [ -63.43125409, -32.20074748 ] } },
{ "type": "Feature", "properties": { "Name": "588.14", "P.K.": null, "Al.Dist. Izq.": 10, "Al.Dist. Der.": 40, "Ruta": "1V09" }, "geometry": { "type": "Point", "coordinates": [ -63.43218, -32.19976 ] } },
{ "type": "Feature", "properties": { "Name": "588.53", "P.K.": null, "Al.Dist. Izq.": 10, "Al.Dist. Der.": 40, "Ruta": "1V09" }, "geometry": { "type": "Point", "coordinates": [ -63.43449702, -32.19696453 ] } },
{ "type": "Feature", "properties": { "Name": "589", "P.K.": "PK589", "Al.Dist. Izq.": 10, "Al.Dist. Der.": 40, "Ruta": "1V09" }, "geometry": { "type": "Point", "coordinates": [ -63.43753826, -32.19359043 ] } },
{ "type": "Feature", "properties": { "Name": "589.17", "P.K.": null, "Al.Dist. Izq.": 10, "Al.Dist. Der.": 40, "Ruta": "1V09" }, "geometry": { "type": "Point", "coordinates": [ -63.43862158, -32.19234685 ] } },
{ "type": "Feature", "properties": { "Name": "589.32", "P.K.": null, "Al.Dist. Izq.": 10, "Al.Dist. Der.": 40, "Ruta": "1V09" }, "geometry": { "type": "Point", "coordinates": [ -63.43962841, -32.19139094 ] } },
{ "type": "Feature", "properties": { "Name": "589.36", "P.K.": null, "Al.Dist. Izq.": 10, "Al.Dist. Der.": 40, "Ruta": "1V09" }, "geometry": { "type": "Point", "coordinates": [ -63.4397975, -32.19093099 ] } },
{ "type": "Feature", "properties": { "Name": "589.69", "P.K.": null, "Al.Dist. Izq.": 10, "Al.Dist. Der.": 40, "Ruta": "1V09" }, "geometry": { "type": "Point", "coordinates": [ -63.44182016, -32.1886355 ] } },
{ "type": "Feature", "properties": { "Name": "590.06", "P.K.": null, "Al.Dist. Izq.": 10, "Al.Dist. Der.": 40, "Ruta": "1V09" }, "geometry": { "type": "Point", "coordinates": [ -63.44422, -32.18606 ] } },
{ "type": "Feature", "properties": { "Name": "590.8", "P.K.": null, "Al.Dist. Izq.": 10, "Al.Dist. Der.": 40, "Ruta": "1V09" }, "geometry": { "type": "Point", "coordinates": [ -63.44886493, -32.18078203 ] } },
{ "type": "Feature", "properties": { "Name": "591", "P.K.": "PK591", "Al.Dist. Izq.": 10, "Al.Dist. Der.": 40, "Ruta": "1V09" }, "geometry": { "type": "Point", "coordinates": [ -63.45012886, -32.17927926 ] } },
{ "type": "Feature", "properties": { "Name": "591.41", "P.K.": null, "Al.Dist. Izq.": 10, "Al.Dist. Der.": 40, "Ruta": "1V09" }, "geometry": { "type": "Point", "coordinates": [ -63.45267769, -32.17636763 ] } },
{ "type": "Feature", "properties": { "Name": "591.5", "P.K.": null, "Al.Dist. Izq.": 10, "Al.Dist. Der.": 40, "Ruta": "1V09" }, "geometry": { "type": "Point", "coordinates": [ -63.45327582, -32.17569336 ] } },
{ "type": "Feature", "properties": { "Name": "591.5", "P.K.": null, "Al.Dist. Izq.": 10, "Al.Dist. Der.": 40, "Ruta": "1V09" }, "geometry": { "type": "Point", "coordinates": [ -63.45327582, -32.17569336 ] } },
{ "type": "Feature", "properties": { "Name": "591.56", "P.K.": null, "Al.Dist. Izq.": 10, "Al.Dist. Der.": 40, "Ruta": "1V09" }, "geometry": { "type": "Point", "coordinates": [ -63.45375929, -32.17530968 ] } },
{ "type": "Feature", "properties": { "Name": "591.6", "P.K.": null, "Al.Dist. Izq.": 10, "Al.Dist. Der.": 40, "Ruta": "1V09" }, "geometry": { "type": "Point", "coordinates": [ -63.45395006, -32.17501511 ] } },
{ "type": "Feature", "properties": { "Name": "591.72", "P.K.": null, "Al.Dist. Izq.": 10, "Al.Dist. Der.": 40, "Ruta": "1V09" }, "geometry": { "type": "Point", "coordinates": [ -63.45467305, -32.1740972 ] } },
{ "type": "Feature", "properties": { "Name": "592", "P.K.": "PK592", "Al.Dist. Izq.": 10, "Al.Dist. Der.": 40, "Ruta": "1V09" }, "geometry": { "type": "Point", "coordinates": [ -63.45652364, -32.17220161 ] } },
{ "type": "Feature", "properties": { "Name": "592.05", "P.K.": null, "Al.Dist. Izq.": 10, "Al.Dist. Der.": 40, "Ruta": "1V09" }, "geometry": { "type": "Point", "coordinates": [ -63.45676873, -32.17171972 ] } },
{ "type": "Feature", "properties": { "Name": "592.1", "P.K.": null, "Al.Dist. Izq.": 10, "Al.Dist. Der.": 40, "Ruta": "1V09" }, "geometry": { "type": "Point", "coordinates": [ -63.45701415, -32.17132865 ] } },
{ "type": "Feature", "properties": { "Name": "592.16", "P.K.": null, "Al.Dist. Izq.": 10, "Al.Dist. Der.": 40, "Ruta": "1V09" }, "geometry": { "type": "Point", "coordinates": [ -63.45755294, -32.17101193 ] } },
{ "type": "Feature", "properties": { "Name": "592.38", "P.K.": null, "Al.Dist. Izq.": 10, "Al.Dist. Der.": 40, "Ruta": "1V09" }, "geometry": { "type": "Point", "coordinates": [ -63.45885127, -32.16935617 ] } },
{ "type": "Feature", "properties": { "Name": "592.54", "P.K.": null, "Al.Dist. Izq.": 10, "Al.Dist. Der.": 40, "Ruta": "1V09" }, "geometry": { "type": "Point", "coordinates": [ -63.45987, -32.16824 ] } },
{ "type": "Feature", "properties": { "Name": "592.57", "P.K.": null, "Al.Dist. Izq.": 10, "Al.Dist. Der.": 40, "Ruta": "1V09" }, "geometry": { "type": "Point", "coordinates": [ -63.46018285, -32.16812565 ] } },
{ "type": "Feature", "properties": { "Name": "592.59", "P.K.": null, "Al.Dist. Izq.": 10, "Al.Dist. Der.": 40, "Ruta": "1V09" }, "geometry": { "type": "Point", "coordinates": [ -63.46019123, -32.16791961 ] } },
{ "type": "Feature", "properties": { "Name": "592.6", "P.K.": null, "Al.Dist. Izq.": 10, "Al.Dist. Der.": 40, "Ruta": "1V09" }, "geometry": { "type": "Point", "coordinates": [ -63.46020452, -32.16780763 ] } },
{ "type": "Feature", "properties": { "Name": "592.68", "P.K.": null, "Al.Dist. Izq.": 10, "Al.Dist. Der.": 40, "Ruta": "1V09" }, "geometry": { "type": "Point", "coordinates": [ -63.4606291, -32.16720838 ] } },
{ "type": "Feature", "properties": { "Name": "592.68", "P.K.": null, "Al.Dist. Izq.": null, "Al.Dist. Der.": null, "Ruta": "1V09" }, "geometry": { "type": "Point", "coordinates": [ -63.4606291, -32.16720838 ] } },
{ "type": "Feature", "properties": { "Name": "592.72", "P.K.": null, "Al.Dist. Izq.": null, "Al.Dist. Der.": null, "Ruta": "1V09" }, "geometry": { "type": "Point", "coordinates": [ -63.46068, -32.16683 ] } },
{ "type": "Feature", "properties": { "Name": "592.74", "P.K.": null, "Al.Dist. Izq.": null, "Al.Dist. Der.": null, "Ruta": "1V09" }, "geometry": { "type": "Point", "coordinates": [ -63.46077067, -32.16662487 ] } },
{ "type": "Feature", "properties": { "Name": "592.8", "P.K.": null, "Al.Dist. Izq.": null, "Al.Dist. Der.": null, "Ruta": "1V09" }, "geometry": { "type": "Point", "coordinates": [ -63.46098851, -32.1661245 ] } },
{ "type": "Feature", "properties": { "Name": "592.9", "P.K.": null, "Al.Dist. Izq.": null, "Al.Dist. Der.": null, "Ruta": "1V09" }, "geometry": { "type": "Point", "coordinates": [ -63.46143, -32.16539 ] } },
{ "type": "Feature", "properties": { "Name": "592.91", "P.K.": null, "Al.Dist. Izq.": null, "Al.Dist. Der.": null, "Ruta": "1V09" }, "geometry": { "type": "Point", "coordinates": [ -63.46161615, -32.16533862 ] } },
{ "type": "Feature", "properties": { "Name": "593", "P.K.": "PK593", "Al.Dist. Izq.": null, "Al.Dist. Der.": null, "Ruta": "1V09" }, "geometry": { "type": "Point", "coordinates": [ -63.46207196, -32.16468333 ] } },
{ "type": "Feature", "properties": { "Name": "593.17", "P.K.": null, "Al.Dist. Izq.": null, "Al.Dist. Der.": null, "Ruta": "1V09" }, "geometry": { "type": "Point", "coordinates": [ -63.46311528, -32.163355 ] } },
{ "type": "Feature", "properties": { "Name": "593.29", "P.K.": null, "Al.Dist. Izq.": null, "Al.Dist. Der.": null, "Ruta": "1V09" }, "geometry": { "type": "Point", "coordinates": [ -63.46390039, -32.16264516 ] } },
{ "type": "Feature", "properties": { "Name": "593.31", "P.K.": null, "Al.Dist. Izq.": null, "Al.Dist. Der.": null, "Ruta": "1V09" }, "geometry": { "type": "Point", "coordinates": [ -63.46399, -32.1625 ] } },
{ "type": "Feature", "properties": { "Name": "593.55", "P.K.": null, "Al.Dist. Izq.": null, "Al.Dist. Der.": null, "Ruta": "1V09" }, "geometry": { "type": "Point", "coordinates": [ -63.46557006, -32.16074494 ] } },
{ "type": "Feature", "properties": { "Name": "593.57", "P.K.": null, "Al.Dist. Izq.": null, "Al.Dist. Der.": null, "Ruta": "1V09" }, "geometry": { "type": "Point", "coordinates": [ -63.4657729, -32.16068022 ] } },
{ "type": "Feature", "properties": { "Name": "593.63", "P.K.": null, "Al.Dist. Izq.": null, "Al.Dist. Der.": null, "Ruta": "1V09" }, "geometry": { "type": "Point", "coordinates": [ -63.46608, -32.16021 ] } },
{ "type": "Feature", "properties": { "Name": "593.64", "P.K.": null, "Al.Dist. Izq.": null, "Al.Dist. Der.": null, "Ruta": "1V09" }, "geometry": { "type": "Point", "coordinates": [ -63.46606045, -32.16014551 ] } },
{ "type": "Feature", "properties": { "Name": "593.88", "P.K.": null, "Al.Dist. Izq.": null, "Al.Dist. Der.": null, "Ruta": "1V09" }, "geometry": { "type": "Point", "coordinates": [ -63.46755, -32.15844 ] } },
{ "type": "Feature", "properties": { "Name": "594", "P.K.": "PK594", "Al.Dist. Izq.": null, "Al.Dist. Der.": null, "Ruta": "1V09" }, "geometry": { "type": "Point", "coordinates": [ -63.46831273, -32.15755595 ] } },
{ "type": "Feature", "properties": { "Name": "594.11", "P.K.": null, "Al.Dist. Izq.": null, "Al.Dist. Der.": null, "Ruta": "1V09" }, "geometry": { "type": "Point", "coordinates": [ -63.4689117, -32.15675103 ] } },
{ "type": "Feature", "properties": { "Name": "594.22", "P.K.": null, "Al.Dist. Izq.": null, "Al.Dist. Der.": null, "Ruta": "1V09" }, "geometry": { "type": "Point", "coordinates": [ -63.46979387, -32.15624441 ] } },
{ "type": "Feature", "properties": { "Name": "594.25", "P.K.": null, "Al.Dist. Izq.": null, "Al.Dist. Der.": null, "Ruta": "1V09" }, "geometry": { "type": "Point", "coordinates": [ -63.47008679, -32.15610913 ] } },
{ "type": "Feature", "properties": { "Name": "594.25", "P.K.": null, "Al.Dist. Izq.": 10, "Al.Dist. Der.": 40, "Ruta": "1V09" }, "geometry": { "type": "Point", "coordinates": [ -63.47008679, -32.15610913 ] } },
{ "type": "Feature", "properties": { "Name": "594.26", "P.K.": null, "Al.Dist. Izq.": 10, "Al.Dist. Der.": 40, "Ruta": "1V09" }, "geometry": { "type": "Point", "coordinates": [ -63.4701563, -32.15615812 ] } },
{ "type": "Feature", "properties": { "Name": "594.27", "P.K.": null, "Al.Dist. Izq.": 10, "Al.Dist. Der.": 40, "Ruta": "1V09" }, "geometry": { "type": "Point", "coordinates": [ -63.47030718, -32.15614165 ] } },
{ "type": "Feature", "properties": { "Name": "594.28", "P.K.": null, "Al.Dist. Izq.": 10, "Al.Dist. Der.": 40, "Ruta": "1V09" }, "geometry": { "type": "Point", "coordinates": [ -63.47038329, -32.15621375 ] } },
{ "type": "Feature", "properties": { "Name": "594.3", "P.K.": null, "Al.Dist. Izq.": 10, "Al.Dist. Der.": 40, "Ruta": "1V09" }, "geometry": { "type": "Point", "coordinates": [ -63.4706381, -32.15608659 ] } },
{ "type": "Feature", "properties": { "Name": "594.31", "P.K.": null, "Al.Dist. Izq.": 10, "Al.Dist. Der.": 40, "Ruta": "1V09" }, "geometry": { "type": "Point", "coordinates": [ -63.47063438, -32.15586156 ] } },
{ "type": "Feature", "properties": { "Name": "594.45", "P.K.": null, "Al.Dist. Izq.": 10, "Al.Dist. Der.": 40, "Ruta": "1V09" }, "geometry": { "type": "Point", "coordinates": [ -63.47165432, -32.15500002 ] } },
{ "type": "Feature", "properties": { "Name": "594.47", "P.K.": null, "Al.Dist. Izq.": 10, "Al.Dist. Der.": 40, "Ruta": "1V09" }, "geometry": { "type": "Point", "coordinates": [ -63.4716434, -32.15471494 ] } },
{ "type": "Feature", "properties": { "Name": "594.53", "P.K.": null, "Al.Dist. Izq.": 10, "Al.Dist. Der.": 40, "Ruta": "1V09" }, "geometry": { "type": "Point", "coordinates": [ -63.4721284, -32.1544204 ] } },
{ "type": "Feature", "properties": { "Name": "594.65", "P.K.": null, "Al.Dist. Izq.": 10, "Al.Dist. Der.": 40, "Ruta": "1V09" }, "geometry": { "type": "Point", "coordinates": [ -63.47285796, -32.15361369 ] } },
{ "type": "Feature", "properties": { "Name": "594.7", "P.K.": null, "Al.Dist. Izq.": 10, "Al.Dist. Der.": 40, "Ruta": "1V09" }, "geometry": { "type": "Point", "coordinates": [ -63.47301923, -32.15317372 ] } },
{ "type": "Feature", "properties": { "Name": "594.71", "P.K.": null, "Al.Dist. Izq.": 10, "Al.Dist. Der.": 40, "Ruta": "1V09" }, "geometry": { "type": "Point", "coordinates": [ -63.47318, -32.15312 ] } },
{ "type": "Feature", "properties": { "Name": "594.77", "P.K.": null, "Al.Dist. Izq.": 10, "Al.Dist. Der.": 40, "Ruta": "1V09" }, "geometry": { "type": "Point", "coordinates": [ -63.47350169, -32.15268577 ] } },
{ "type": "Feature", "properties": { "Name": "594.84", "P.K.": null, "Al.Dist. Izq.": 10, "Al.Dist. Der.": 40, "Ruta": "1V09" }, "geometry": { "type": "Point", "coordinates": [ -63.47390831, -32.15218922 ] } },
{ "type": "Feature", "properties": { "Name": "595.15", "P.K.": null, "Al.Dist. Izq.": 10, "Al.Dist. Der.": 40, "Ruta": "1V09" }, "geometry": { "type": "Point", "coordinates": [ -63.475849, -32.14998566 ] } },
{ "type": "Feature", "properties": { "Name": "595.52", "P.K.": null, "Al.Dist. Izq.": 10, "Al.Dist. Der.": 40, "Ruta": "1V09" }, "geometry": { "type": "Point", "coordinates": [ -63.47818, -32.14744 ] } },
{ "type": "Feature", "properties": { "Name": "596.23", "P.K.": null, "Al.Dist. Izq.": 10, "Al.Dist. Der.": 40, "Ruta": "1V09" }, "geometry": { "type": "Point", "coordinates": [ -63.48256119, -32.14228272 ] } },
{ "type": "Feature", "properties": { "Name": "597", "P.K.": "PK597", "Al.Dist. Izq.": 10, "Al.Dist. Der.": 40, "Ruta": "1V09" }, "geometry": { "type": "Point", "coordinates": [ -63.48731215, -32.13696278 ] } },
{ "type": "Feature", "properties": { "Name": "597.31", "P.K.": null, "Al.Dist. Izq.": 10, "Al.Dist. Der.": 40, "Ruta": "1V09" }, "geometry": { "type": "Point", "coordinates": [ -63.48933, -32.13475 ] } },
{ "type": "Feature", "properties": { "Name": "598.54", "P.K.": null, "Al.Dist. Izq.": 10, "Al.Dist. Der.": 40, "Ruta": "1V09" }, "geometry": { "type": "Point", "coordinates": [ -63.49713597, -32.12579044 ] } },
{ "type": "Feature", "properties": { "Name": "598.85", "P.K.": null, "Al.Dist. Izq.": 10, "Al.Dist. Der.": 40, "Ruta": "1V09" }, "geometry": { "type": "Point", "coordinates": [ -63.49913992, -32.12359727 ] } },
{ "type": "Feature", "properties": { "Name": "599", "P.K.": "PK599", "Al.Dist. Izq.": 10, "Al.Dist. Der.": 40, "Ruta": "1V09" }, "geometry": { "type": "Point", "coordinates": [ -63.49999144, -32.12250414 ] } },
{ "type": "Feature", "properties": { "Name": "599.09", "P.K.": null, "Al.Dist. Izq.": 10, "Al.Dist. Der.": 40, "Ruta": "1V09" }, "geometry": { "type": "Point", "coordinates": [ -63.50065, -32.12185 ] } },
{ "type": "Feature", "properties": { "Name": "600.44", "P.K.": null, "Al.Dist. Izq.": 10, "Al.Dist. Der.": 40, "Ruta": "1V09" }, "geometry": { "type": "Point", "coordinates": [ -63.50922, -32.1121 ] } },
{ "type": "Feature", "properties": { "Name": "600.86", "P.K.": null, "Al.Dist. Izq.": 10, "Al.Dist. Der.": 40, "Ruta": "1V09" }, "geometry": { "type": "Point", "coordinates": [ -63.51183337, -32.1090817 ] } },
{ "type": "Feature", "properties": { "Name": "601.42", "P.K.": null, "Al.Dist. Izq.": 10, "Al.Dist. Der.": 40, "Ruta": "1V09" }, "geometry": { "type": "Point", "coordinates": [ -63.51548865, -32.10491311 ] } },
{ "type": "Feature", "properties": { "Name": "602.73", "P.K.": null, "Al.Dist. Izq.": 10, "Al.Dist. Der.": 40, "Ruta": "1V09" }, "geometry": { "type": "Point", "coordinates": [ -63.52387156, -32.09555695 ] } },
{ "type": "Feature", "properties": { "Name": "602.75", "P.K.": null, "Al.Dist. Izq.": 10, "Al.Dist. Der.": 40, "Ruta": "1V09" }, "geometry": { "type": "Point", "coordinates": [ -63.52385078, -32.0952945 ] } },
{ "type": "Feature", "properties": { "Name": "603", "P.K.": "PK603", "Al.Dist. Izq.": 10, "Al.Dist. Der.": 40, "Ruta": "1V09" }, "geometry": { "type": "Point", "coordinates": [ -63.52544882, -32.09355057 ] } },
{ "type": "Feature", "properties": { "Name": "603.55", "P.K.": null, "Al.Dist. Izq.": 10, "Al.Dist. Der.": 40, "Ruta": "1V09" }, "geometry": { "type": "Point", "coordinates": [ -63.52888327, -32.0896358 ] } },
{ "type": "Feature", "properties": { "Name": "603.92", "P.K.": null, "Al.Dist. Izq.": 10, "Al.Dist. Der.": 40, "Ruta": "1V09" }, "geometry": { "type": "Point", "coordinates": [ -63.53119433, -32.08687136 ] } },
{ "type": "Feature", "properties": { "Name": "604.04", "P.K.": null, "Al.Dist. Izq.": 10, "Al.Dist. Der.": 40, "Ruta": "1V09" }, "geometry": { "type": "Point", "coordinates": [ -63.53202716, -32.08615297 ] } },
{ "type": "Feature", "properties": { "Name": "604.53", "P.K.": null, "Al.Dist. Izq.": 10, "Al.Dist. Der.": 40, "Ruta": "1V09" }, "geometry": { "type": "Point", "coordinates": [ -63.53504, -32.08266 ] } },
{ "type": "Feature", "properties": { "Name": "605", "P.K.": "PK605", "Al.Dist. Izq.": 10, "Al.Dist. Der.": 40, "Ruta": "1V09" }, "geometry": { "type": "Point", "coordinates": [ -63.53806119, -32.07917681 ] } },
{ "type": "Feature", "properties": { "Name": "605.08", "P.K.": null, "Al.Dist. Izq.": 10, "Al.Dist. Der.": 40, "Ruta": "1V09" }, "geometry": { "type": "Point", "coordinates": [ -63.53859, -32.07863 ] } },
{ "type": "Feature", "properties": { "Name": "605.09", "P.K.": null, "Al.Dist. Izq.": 10, "Al.Dist. Der.": 40, "Ruta": "1V09" }, "geometry": { "type": "Point", "coordinates": [ -63.53861, -32.0786 ] } },
{ "type": "Feature", "properties": { "Name": "605.75", "P.K.": null, "Al.Dist. Izq.": 10, "Al.Dist. Der.": 40, "Ruta": "1V09" }, "geometry": { "type": "Point", "coordinates": [ -63.54279842, -32.07377671 ] } },
{ "type": "Feature", "properties": { "Name": "605.86", "P.K.": null, "Al.Dist. Izq.": 10, "Al.Dist. Der.": 40, "Ruta": "1V09" }, "geometry": { "type": "Point", "coordinates": [ -63.5435, -32.07307 ] } },
{ "type": "Feature", "properties": { "Name": "605.89", "P.K.": null, "Al.Dist. Izq.": 10, "Al.Dist. Der.": 40, "Ruta": "1V09" }, "geometry": { "type": "Point", "coordinates": [ -63.54370952, -32.07280758 ] } },
{ "type": "Feature", "properties": { "Name": "606", "P.K.": "PK606", "Al.Dist. Izq.": 10, "Al.Dist. Der.": 40, "Ruta": "1V09" }, "geometry": { "type": "Point", "coordinates": [ -63.54437053, -32.07198713 ] } },
{ "type": "Feature", "properties": { "Name": "606.11", "P.K.": null, "Al.Dist. Izq.": 10, "Al.Dist. Der.": 40, "Ruta": "1V09" }, "geometry": { "type": "Point", "coordinates": [ -63.54513444, -32.07126601 ] } },
{ "type": "Feature", "properties": { "Name": "606.27", "P.K.": null, "Al.Dist. Izq.": 10, "Al.Dist. Der.": 40, "Ruta": "1V09" }, "geometry": { "type": "Point", "coordinates": [ -63.54602084, -32.07010749 ] } },
{ "type": "Feature", "properties": { "Name": "606.4", "P.K.": null, "Al.Dist. Izq.": 10, "Al.Dist. Der.": 40, "Ruta": "1V09" }, "geometry": { "type": "Point", "coordinates": [ -63.5468696, -32.06913738 ] } },
{ "type": "Feature", "properties": { "Name": "606.63", "P.K.": null, "Al.Dist. Izq.": 10, "Al.Dist. Der.": 40, "Ruta": "1V09" }, "geometry": { "type": "Point", "coordinates": [ -63.54837991, -32.06755945 ] } },
{ "type": "Feature", "properties": { "Name": "607", "P.K.": "PK607", "Al.Dist. Izq.": 10, "Al.Dist. Der.": 40, "Ruta": "1V09" }, "geometry": { "type": "Point", "coordinates": [ -63.55057094, -32.06490057 ] } },
{ "type": "Feature", "properties": { "Name": "607.24", "P.K.": null, "Al.Dist. Izq.": 10, "Al.Dist. Der.": 40, "Ruta": "1V09" }, "geometry": { "type": "Point", "coordinates": [ -63.55214439, -32.06325464 ] } },
{ "type": "Feature", "properties": { "Name": "607.41", "P.K.": null, "Al.Dist. Izq.": 10, "Al.Dist. Der.": 40, "Ruta": "1V09" }, "geometry": { "type": "Point", "coordinates": [ -63.55317848, -32.06195169 ] } },
{ "type": "Feature", "properties": { "Name": "607.59", "P.K.": null, "Al.Dist. Izq.": 10, "Al.Dist. Der.": 40, "Ruta": "1V09" }, "geometry": { "type": "Point", "coordinates": [ -63.5543964, -32.06055032 ] } },
{ "type": "Feature", "properties": { "Name": "607.64", "P.K.": null, "Al.Dist. Izq.": 10, "Al.Dist. Der.": 40, "Ruta": "1V09" }, "geometry": { "type": "Point", "coordinates": [ -63.55475921, -32.06031409 ] } },
{ "type": "Feature", "properties": { "Name": "607.75", "P.K.": null, "Al.Dist. Izq.": 10, "Al.Dist. Der.": 40, "Ruta": "1V09" }, "geometry": { "type": "Point", "coordinates": [ -63.55539255, -32.05939375 ] } },
{ "type": "Feature", "properties": { "Name": "607.84", "P.K.": null, "Al.Dist. Izq.": 10, "Al.Dist. Der.": 40, "Ruta": "1V09" }, "geometry": { "type": "Point", "coordinates": [ -63.55595928, -32.05878343 ] } },
{ "type": "Feature", "properties": { "Name": "607.86", "P.K.": null, "Al.Dist. Izq.": 10, "Al.Dist. Der.": 40, "Ruta": "1V09" }, "geometry": { "type": "Point", "coordinates": [ -63.55607443, -32.05864969 ] } },
{ "type": "Feature", "properties": { "Name": "607.9", "P.K.": null, "Al.Dist. Izq.": 10, "Al.Dist. Der.": 40, "Ruta": "1V09" }, "geometry": { "type": "Point", "coordinates": [ -63.55638213, -32.05829713 ] } },
{ "type": "Feature", "properties": { "Name": "607.96", "P.K.": null, "Al.Dist. Izq.": 10, "Al.Dist. Der.": 40, "Ruta": "1V09" }, "geometry": { "type": "Point", "coordinates": [ -63.55672644, -32.05791523 ] } },
{ "type": "Feature", "properties": { "Name": "608", "P.K.": "PK608", "Al.Dist. Izq.": 10, "Al.Dist. Der.": 40, "Ruta": "1V09" }, "geometry": { "type": "Point", "coordinates": [ -63.55698737, -32.05761041 ] } },
{ "type": "Feature", "properties": { "Name": "608.02", "P.K.": null, "Al.Dist. Izq.": 10, "Al.Dist. Der.": 40, "Ruta": "1V09" }, "geometry": { "type": "Point", "coordinates": [ -63.55712727, -32.05742346 ] } },
{ "type": "Feature", "properties": { "Name": "608.06", "P.K.": null, "Al.Dist. Izq.": 10, "Al.Dist. Der.": 40, "Ruta": "1V09" }, "geometry": { "type": "Point", "coordinates": [ -63.55746388, -32.05724671 ] } },
{ "type": "Feature", "properties": { "Name": "608.06", "P.K.": null, "Al.Dist. Izq.": 10, "Al.Dist. Der.": 40, "Ruta": "1V09" }, "geometry": { "type": "Point", "coordinates": [ -63.55746388, -32.05724671 ] } },
{ "type": "Feature", "properties": { "Name": "608.11", "P.K.": null, "Al.Dist. Izq.": 10, "Al.Dist. Der.": 40, "Ruta": "1V09" }, "geometry": { "type": "Point", "coordinates": [ -63.55771, -32.05684 ] } },
{ "type": "Feature", "properties": { "Name": "608.14", "P.K.": null, "Al.Dist. Izq.": 10, "Al.Dist. Der.": 40, "Ruta": "1V09" }, "geometry": { "type": "Point", "coordinates": [ -63.55782129, -32.05652979 ] } },
{ "type": "Feature", "properties": { "Name": "608.14", "P.K.": null, "Al.Dist. Izq.": 10, "Al.Dist. Der.": 40, "Ruta": "1V09" }, "geometry": { "type": "Point", "coordinates": [ -63.55782129, -32.05652979 ] } },
{ "type": "Feature", "properties": { "Name": "608.21", "P.K.": null, "Al.Dist. Izq.": null, "Al.Dist. Der.": null, "Ruta": "1V09" }, "geometry": { "type": "Point", "coordinates": [ -63.55840232, -32.0562391 ] } },
{ "type": "Feature", "properties": { "Name": "608.21", "P.K.": null, "Al.Dist. Izq.": null, "Al.Dist. Der.": null, "Ruta": "1V09" }, "geometry": { "type": "Point", "coordinates": [ -63.55840232, -32.0562391 ] } },
{ "type": "Feature", "properties": { "Name": "608.32", "P.K.": null, "Al.Dist. Izq.": null, "Al.Dist. Der.": null, "Ruta": "1V09" }, "geometry": { "type": "Point", "coordinates": [ -63.55895089, -32.05535233 ] } },
{ "type": "Feature", "properties": { "Name": "608.49", "P.K.": null, "Al.Dist. Izq.": null, "Al.Dist. Der.": null, "Ruta": "1V09" }, "geometry": { "type": "Point", "coordinates": [ -63.56008407, -32.05424118 ] } },
{ "type": "Feature", "properties": { "Name": "608.8", "P.K.": null, "Al.Dist. Izq.": null, "Al.Dist. Der.": null, "Ruta": "1V09" }, "geometry": { "type": "Point", "coordinates": [ -63.56203437, -32.0520443 ] } },
{ "type": "Feature", "properties": { "Name": "609", "P.K.": "PK609", "Al.Dist. Izq.": null, "Al.Dist. Der.": null, "Ruta": "1V09" }, "geometry": { "type": "Point", "coordinates": [ -63.56307741, -32.05061208 ] } },
{ "type": "Feature", "properties": { "Name": "609.06", "P.K.": null, "Al.Dist. Izq.": null, "Al.Dist. Der.": null, "Ruta": "1V09" }, "geometry": { "type": "Point", "coordinates": [ -63.56351495, -32.05010682 ] } },
{ "type": "Feature", "properties": { "Name": "609.16", "P.K.": null, "Al.Dist. Izq.": null, "Al.Dist. Der.": null, "Ruta": "1V09" }, "geometry": { "type": "Point", "coordinates": [ -63.56413195, -32.04945526 ] } },
{ "type": "Feature", "properties": { "Name": "609.18", "P.K.": null, "Al.Dist. Izq.": null, "Al.Dist. Der.": null, "Ruta": "1V09" }, "geometry": { "type": "Point", "coordinates": [ -63.56423143, -32.04926594 ] } },
{ "type": "Feature", "properties": { "Name": "609.21", "P.K.": null, "Al.Dist. Izq.": null, "Al.Dist. Der.": null, "Ruta": "1V09" }, "geometry": { "type": "Point", "coordinates": [ -63.56447468, -32.04906927 ] } },
{ "type": "Feature", "properties": { "Name": "609.29", "P.K.": null, "Al.Dist. Izq.": null, "Al.Dist. Der.": null, "Ruta": "1V09" }, "geometry": { "type": "Point", "coordinates": [ -63.56496281, -32.04851345 ] } },
{ "type": "Feature", "properties": { "Name": "609.3", "P.K.": null, "Al.Dist. Izq.": null, "Al.Dist. Der.": null, "Ruta": "1V09" }, "geometry": { "type": "Point", "coordinates": [ -63.56491003, -32.04831905 ] } },
{ "type": "Feature", "properties": { "Name": "609.5", "P.K.": null, "Al.Dist. Izq.": null, "Al.Dist. Der.": null, "Ruta": "1V09" }, "geometry": { "type": "Point", "coordinates": [ -63.56614452, -32.04690155 ] } },
{ "type": "Feature", "properties": { "Name": "609.51", "P.K.": null, "Al.Dist. Izq.": null, "Al.Dist. Der.": null, "Ruta": "1V09" }, "geometry": { "type": "Point", "coordinates": [ -63.5660818, -32.04674394 ] } },
{ "type": "Feature", "properties": { "Name": "609.56", "P.K.": null, "Al.Dist. Izq.": null, "Al.Dist. Der.": null, "Ruta": "1V09" }, "geometry": { "type": "Point", "coordinates": [ -63.5662234, -32.0463588 ] } },
{ "type": "Feature", "properties": { "Name": "609.61", "P.K.": null, "Al.Dist. Izq.": null, "Al.Dist. Der.": null, "Ruta": "1V09" }, "geometry": { "type": "Point", "coordinates": [ -63.56642917, -32.04596601 ] } },
{ "type": "Feature", "properties": { "Name": "609.73", "P.K.": null, "Al.Dist. Izq.": null, "Al.Dist. Der.": null, "Ruta": "1V09" }, "geometry": { "type": "Point", "coordinates": [ -63.56702697, -32.04500375 ] } },
{ "type": "Feature", "properties": { "Name": "610.25", "P.K.": null, "Al.Dist. Izq.": null, "Al.Dist. Der.": null, "Ruta": "1V09" }, "geometry": { "type": "Point", "coordinates": [ -63.57049271, -32.04135012 ] } },
{ "type": "Feature", "properties": { "Name": "610.79", "P.K.": null, "Al.Dist. Izq.": null, "Al.Dist. Der.": null, "Ruta": "1V09" }, "geometry": { "type": "Point", "coordinates": [ -63.57374959, -32.03739394 ] } },
{ "type": "Feature", "properties": { "Name": "610.84", "P.K.": null, "Al.Dist. Izq.": null, "Al.Dist. Der.": null, "Ruta": "1V09" }, "geometry": { "type": "Point", "coordinates": [ -63.57405737, -32.03692442 ] } },
{ "type": "Feature", "properties": { "Name": "611", "P.K.": "PK611", "Al.Dist. Izq.": null, "Al.Dist. Der.": null, "Ruta": "1V09" }, "geometry": { "type": "Point", "coordinates": [ -63.57521849, -32.03588335 ] } },
{ "type": "Feature", "properties": { "Name": "611.01", "P.K.": null, "Al.Dist. Izq.": null, "Al.Dist. Der.": null, "Ruta": "1V09" }, "geometry": { "type": "Point", "coordinates": [ -63.5753227, -32.03583928 ] } },
{ "type": "Feature", "properties": { "Name": "611.07", "P.K.": null, "Al.Dist. Izq.": null, "Al.Dist. Der.": null, "Ruta": "1V09" }, "geometry": { "type": "Point", "coordinates": [ -63.57582428, -32.03564089 ] } },
{ "type": "Feature", "properties": { "Name": "611.07", "P.K.": null, "Al.Dist. Izq.": null, "Al.Dist. Der.": null, "Ruta": "1V09" }, "geometry": { "type": "Point", "coordinates": [ -63.57582428, -32.03564089 ] } },
{ "type": "Feature", "properties": { "Name": "611.09", "P.K.": null, "Al.Dist. Izq.": null, "Al.Dist. Der.": null, "Ruta": "1V09" }, "geometry": { "type": "Point", "coordinates": [ -63.57605193, -32.03549168 ] } },
{ "type": "Feature", "properties": { "Name": "611.11", "P.K.": null, "Al.Dist. Izq.": null, "Al.Dist. Der.": null, "Ruta": "1V09" }, "geometry": { "type": "Point", "coordinates": [ -63.57614752, -32.0353726 ] } },
{ "type": "Feature", "properties": { "Name": "611.12", "P.K.": null, "Al.Dist. Izq.": null, "Al.Dist. Der.": null, "Ruta": "1V09" }, "geometry": { "type": "Point", "coordinates": [ -63.57625603, -32.03536264 ] } },
{ "type": "Feature", "properties": { "Name": "611.12", "P.K.": null, "Al.Dist. Izq.": 10, "Al.Dist. Der.": 40, "Ruta": "1V09" }, "geometry": { "type": "Point", "coordinates": [ -63.57625603, -32.03536264 ] } },
{ "type": "Feature", "properties": { "Name": "611.15", "P.K.": null, "Al.Dist. Izq.": 10, "Al.Dist. Der.": 40, "Ruta": "1V09" }, "geometry": { "type": "Point", "coordinates": [ -63.57662357, -32.0353328 ] } },
{ "type": "Feature", "properties": { "Name": "611.2", "P.K.": null, "Al.Dist. Izq.": 10, "Al.Dist. Der.": 40, "Ruta": "1V09" }, "geometry": { "type": "Point", "coordinates": [ -63.57686564, -32.03484479 ] } },
{ "type": "Feature", "properties": { "Name": "611.2", "P.K.": null, "Al.Dist. Izq.": 10, "Al.Dist. Der.": 40, "Ruta": "1V09" }, "geometry": { "type": "Point", "coordinates": [ -63.57686564, -32.03484479 ] } },
{ "type": "Feature", "properties": { "Name": "611.25", "P.K.": null, "Al.Dist. Izq.": 10, "Al.Dist. Der.": 40, "Ruta": "1V09" }, "geometry": { "type": "Point", "coordinates": [ -63.57722707, -32.03457876 ] } },
{ "type": "Feature", "properties": { "Name": "611.29", "P.K.": null, "Al.Dist. Izq.": 10, "Al.Dist. Der.": 40, "Ruta": "1V09" }, "geometry": { "type": "Point", "coordinates": [ -63.57757542, -32.03433603 ] } },
{ "type": "Feature", "properties": { "Name": "611.32", "P.K.": null, "Al.Dist. Izq.": 10, "Al.Dist. Der.": 40, "Ruta": "1V09" }, "geometry": { "type": "Point", "coordinates": [ -63.57767135, -32.0339958 ] } },
{ "type": "Feature", "properties": { "Name": "611.41", "P.K.": null, "Al.Dist. Izq.": 10, "Al.Dist. Der.": 40, "Ruta": "1V09" }, "geometry": { "type": "Point", "coordinates": [ -63.5783774, -32.03345664 ] } },
{ "type": "Feature", "properties": { "Name": "611.45", "P.K.": null, "Al.Dist. Izq.": 10, "Al.Dist. Der.": 40, "Ruta": "1V09" }, "geometry": { "type": "Point", "coordinates": [ -63.57865468, -32.03317667 ] } },
{ "type": "Feature", "properties": { "Name": "611.59", "P.K.": null, "Al.Dist. Izq.": 10, "Al.Dist. Der.": 40, "Ruta": "1V09" }, "geometry": { "type": "Point", "coordinates": [ -63.57952874, -32.03205965 ] } },
{ "type": "Feature", "properties": { "Name": "611.64", "P.K.": null, "Al.Dist. Izq.": 10, "Al.Dist. Der.": 40, "Ruta": "1V09" }, "geometry": { "type": "Point", "coordinates": [ -63.57982378, -32.03173222 ] } },
{ "type": "Feature", "properties": { "Name": "611.64", "P.K.": null, "Al.Dist. Izq.": 10, "Al.Dist. Der.": 40, "Ruta": "1V09" }, "geometry": { "type": "Point", "coordinates": [ -63.57974466, -32.0316677 ] } },
{ "type": "Feature", "properties": { "Name": "611.64", "P.K.": null, "Al.Dist. Izq.": 10, "Al.Dist. Der.": 40, "Ruta": "1V09" }, "geometry": { "type": "Point", "coordinates": [ -63.57977, -32.03171 ] } },
{ "type": "Feature", "properties": { "Name": "611.67", "P.K.": null, "Al.Dist. Izq.": 10, "Al.Dist. Der.": 40, "Ruta": "1V09" }, "geometry": { "type": "Point", "coordinates": [ -63.57991944, -32.03144522 ] } },
{ "type": "Feature", "properties": { "Name": "611.71", "P.K.": null, "Al.Dist. Izq.": 10, "Al.Dist. Der.": 40, "Ruta": "1V09" }, "geometry": { "type": "Point", "coordinates": [ -63.58014464, -32.03114585 ] } },
{ "type": "Feature", "properties": { "Name": "611.87", "P.K.": null, "Al.Dist. Izq.": 10, "Al.Dist. Der.": 40, "Ruta": "1V09" }, "geometry": { "type": "Point", "coordinates": [ -63.5805, -32.02979 ] } },
{ "type": "Feature", "properties": { "Name": "612", "P.K.": "PK612", "Al.Dist. Izq.": 10, "Al.Dist. Der.": 40, "Ruta": "1V09" }, "geometry": { "type": "Point", "coordinates": [ -63.58174559, -32.02923748 ] } },
{ "type": "Feature", "properties": { "Name": "612.13", "P.K.": null, "Al.Dist. Izq.": 10, "Al.Dist. Der.": 40, "Ruta": "1V09" }, "geometry": { "type": "Point", "coordinates": [ -63.58257908, -32.02826936 ] } },
{ "type": "Feature", "properties": { "Name": "612.16", "P.K.": null, "Al.Dist. Izq.": 10, "Al.Dist. Der.": 40, "Ruta": "1V09" }, "geometry": { "type": "Point", "coordinates": [ -63.58300388, -32.02810052 ] } },
{ "type": "Feature", "properties": { "Name": "612.22", "P.K.": null, "Al.Dist. Izq.": 10, "Al.Dist. Der.": 40, "Ruta": "1V09" }, "geometry": { "type": "Point", "coordinates": [ -63.5832721, -32.02758717 ] } },
{ "type": "Feature", "properties": { "Name": "612.22", "P.K.": null, "Al.Dist. Izq.": 10, "Al.Dist. Der.": 40, "Ruta": "1V09" }, "geometry": { "type": "Point", "coordinates": [ -63.5832835, -32.02760792 ] } },
{ "type": "Feature", "properties": { "Name": "612.32", "P.K.": null, "Al.Dist. Izq.": 10, "Al.Dist. Der.": 40, "Ruta": "1V09" }, "geometry": { "type": "Point", "coordinates": [ -63.58389279, -32.02692335 ] } },
{ "type": "Feature", "properties": { "Name": "612.35", "P.K.": null, "Al.Dist. Izq.": 10, "Al.Dist. Der.": 40, "Ruta": "1V09" }, "geometry": { "type": "Point", "coordinates": [ -63.5841807, -32.02675661 ] } },
{ "type": "Feature", "properties": { "Name": "612.47", "P.K.": null, "Al.Dist. Izq.": 10, "Al.Dist. Der.": 40, "Ruta": "1V09" }, "geometry": { "type": "Point", "coordinates": [ -63.58491733, -32.02575229 ] } },
{ "type": "Feature", "properties": { "Name": "612.47", "P.K.": null, "Al.Dist. Izq.": 10, "Al.Dist. Der.": 40, "Ruta": "1V09" }, "geometry": { "type": "Point", "coordinates": [ -63.5849924, -32.02583706 ] } },
{ "type": "Feature", "properties": { "Name": "612.56", "P.K.": null, "Al.Dist. Izq.": 10, "Al.Dist. Der.": 40, "Ruta": "1V09" }, "geometry": { "type": "Point", "coordinates": [ -63.58555064, -32.02518641 ] } },
{ "type": "Feature", "properties": { "Name": "612.86", "P.K.": null, "Al.Dist. Izq.": 10, "Al.Dist. Der.": 40, "Ruta": "1V09" }, "geometry": { "type": "Point", "coordinates": [ -63.58747434, -32.02283477 ] } },
{ "type": "Feature", "properties": { "Name": "614", "P.K.": "PK614", "Al.Dist. Izq.": 10, "Al.Dist. Der.": 40, "Ruta": "1V09" }, "geometry": { "type": "Point", "coordinates": [ -63.59500308, -32.01441035 ] } },
{ "type": "Feature", "properties": { "Name": "614.42", "P.K.": null, "Al.Dist. Izq.": 10, "Al.Dist. Der.": 40, "Ruta": "1V09" }, "geometry": { "type": "Point", "coordinates": [ -63.59746702, -32.01113702 ] } },
{ "type": "Feature", "properties": { "Name": "615.3", "P.K.": null, "Al.Dist. Izq.": 10, "Al.Dist. Der.": 40, "Ruta": "1V09" }, "geometry": { "type": "Point", "coordinates": [ -63.60324, -32.00493 ] } },
{ "type": "Feature", "properties": { "Name": "615.5", "P.K.": null, "Al.Dist. Izq.": 10, "Al.Dist. Der.": 40, "Ruta": "1V09" }, "geometry": { "type": "Point", "coordinates": [ -63.60451251, -32.00351133 ] } },
{ "type": "Feature", "properties": { "Name": "615.73", "P.K.": null, "Al.Dist. Izq.": 10, "Al.Dist. Der.": 40, "Ruta": "1V09" }, "geometry": { "type": "Point", "coordinates": [ -63.60594448, -32.00180312 ] } },
{ "type": "Feature", "properties": { "Name": "615.9", "P.K.": null, "Al.Dist. Izq.": 10, "Al.Dist. Der.": 40, "Ruta": "1V09" }, "geometry": { "type": "Point", "coordinates": [ -63.60695466, -32.00051512 ] } },
{ "type": "Feature", "properties": { "Name": "616", "P.K.": "PK616", "Al.Dist. Izq.": 10, "Al.Dist. Der.": 40, "Ruta": "1V09" }, "geometry": { "type": "Point", "coordinates": [ -63.60764697, -31.99987726 ] } },
{ "type": "Feature", "properties": { "Name": "617.02", "P.K.": null, "Al.Dist. Izq.": 10, "Al.Dist. Der.": 40, "Ruta": "1V09" }, "geometry": { "type": "Point", "coordinates": [ -63.61407928, -31.99248703 ] } },
{ "type": "Feature", "properties": { "Name": "618.01", "P.K.": null, "Al.Dist. Izq.": 10, "Al.Dist. Der.": 40, "Ruta": "1V09" }, "geometry": { "type": "Point", "coordinates": [ -63.62038, -31.98541 ] } },
{ "type": "Feature", "properties": { "Name": "618.48", "P.K.": null, "Al.Dist. Izq.": 10, "Al.Dist. Der.": 40, "Ruta": "1V09" }, "geometry": { "type": "Point", "coordinates": [ -63.62333659, -31.98200089 ] } },
{ "type": "Feature", "properties": { "Name": "618.96", "P.K.": null, "Al.Dist. Izq.": 10, "Al.Dist. Der.": 40, "Ruta": "1V09" }, "geometry": { "type": "Point", "coordinates": [ -63.6260986, -31.9782182 ] } },
{ "type": "Feature", "properties": { "Name": "619.63", "P.K.": null, "Al.Dist. Izq.": 10, "Al.Dist. Der.": 40, "Ruta": "1V09" }, "geometry": { "type": "Point", "coordinates": [ -63.63063589, -31.9736407 ] } },
{ "type": "Feature", "properties": { "Name": "620.93", "P.K.": null, "Al.Dist. Izq.": 10, "Al.Dist. Der.": 40, "Ruta": "1V09" }, "geometry": { "type": "Point", "coordinates": [ -63.63890648, -31.96418607 ] } },
{ "type": "Feature", "properties": { "Name": "621.54", "P.K.": null, "Al.Dist. Izq.": 10, "Al.Dist. Der.": 40, "Ruta": "1V09" }, "geometry": { "type": "Point", "coordinates": [ -63.64283, -31.95978 ] } },
{ "type": "Feature", "properties": { "Name": "621.54", "P.K.": null, "Al.Dist. Izq.": 10, "Al.Dist. Der.": 40, "Ruta": "1V09" }, "geometry": { "type": "Point", "coordinates": [ -63.64277, -31.95984 ] } },
{ "type": "Feature", "properties": { "Name": "622.21", "P.K.": null, "Al.Dist. Izq.": 10, "Al.Dist. Der.": 40, "Ruta": "1V09" }, "geometry": { "type": "Point", "coordinates": [ -63.64692729, -31.95483715 ] } },
{ "type": "Feature", "properties": { "Name": "622.44", "P.K.": null, "Al.Dist. Izq.": 10, "Al.Dist. Der.": 40, "Ruta": "1V09" }, "geometry": { "type": "Point", "coordinates": [ -63.64851952, -31.95330214 ] } },
{ "type": "Feature", "properties": { "Name": "623.51", "P.K.": null, "Al.Dist. Izq.": 10, "Al.Dist. Der.": 40, "Ruta": "1V09" }, "geometry": { "type": "Point", "coordinates": [ -63.65528438, -31.94553507 ] } },
{ "type": "Feature", "properties": { "Name": "624.13", "P.K.": null, "Al.Dist. Izq.": 10, "Al.Dist. Der.": 40, "Ruta": "1V09" }, "geometry": { "type": "Point", "coordinates": [ -63.65918, -31.94111 ] } },
{ "type": "Feature", "properties": { "Name": "624.82", "P.K.": null, "Al.Dist. Izq.": 10, "Al.Dist. Der.": 40, "Ruta": "1V09" }, "geometry": { "type": "Point", "coordinates": [ -63.66360459, -31.93612507 ] } },
{ "type": "Feature", "properties": { "Name": "624.92", "P.K.": null, "Al.Dist. Izq.": 10, "Al.Dist. Der.": 40, "Ruta": "1V09" }, "geometry": { "type": "Point", "coordinates": [ -63.66426744, -31.93543139 ] } },
{ "type": "Feature", "properties": { "Name": "624.99", "P.K.": null, "Al.Dist. Izq.": 10, "Al.Dist. Der.": 40, "Ruta": "1V09" }, "geometry": { "type": "Point", "coordinates": [ -63.6646815, -31.93497329 ] } },
{ "type": "Feature", "properties": { "Name": "625", "P.K.": "PK625", "Al.Dist. Izq.": 10, "Al.Dist. Der.": 40, "Ruta": "1V09" }, "geometry": { "type": "Point", "coordinates": [ -63.66464421, -31.93481156 ] } },
{ "type": "Feature", "properties": { "Name": "625.14", "P.K.": null, "Al.Dist. Izq.": 10, "Al.Dist. Der.": 40, "Ruta": "1V09" }, "geometry": { "type": "Point", "coordinates": [ -63.66541, -31.93401 ] } },
{ "type": "Feature", "properties": { "Name": "625.24", "P.K.": null, "Al.Dist. Izq.": 10, "Al.Dist. Der.": 40, "Ruta": "1V09" }, "geometry": { "type": "Point", "coordinates": [ -63.66599847, -31.93347152 ] } },
{ "type": "Feature", "properties": { "Name": "625.63", "P.K.": null, "Al.Dist. Izq.": 10, "Al.Dist. Der.": 40, "Ruta": "1V09" }, "geometry": { "type": "Point", "coordinates": [ -63.66790585, -31.93132552 ] } },
{ "type": "Feature", "properties": { "Name": "625.63", "P.K.": null, "Al.Dist. Izq.": 10, "Al.Dist. Der.": 40, "Ruta": "1V09" }, "geometry": { "type": "Point", "coordinates": [ -63.66790585, -31.93132552 ] } },
{ "type": "Feature", "properties": { "Name": "625.71", "P.K.": null, "Al.Dist. Izq.": 10, "Al.Dist. Der.": 40, "Ruta": "1V09" }, "geometry": { "type": "Point", "coordinates": [ -63.66796888, -31.93070322 ] } },
{ "type": "Feature", "properties": { "Name": "625.83", "P.K.": null, "Al.Dist. Izq.": 10, "Al.Dist. Der.": 40, "Ruta": "1V09" }, "geometry": { "type": "Point", "coordinates": [ -63.66873998, -31.93010532 ] } },
{ "type": "Feature", "properties": { "Name": "625.88", "P.K.": null, "Al.Dist. Izq.": 10, "Al.Dist. Der.": 40, "Ruta": "1V09" }, "geometry": { "type": "Point", "coordinates": [ -63.66908703, -31.92979609 ] } },
{ "type": "Feature", "properties": { "Name": "625.9", "P.K.": null, "Al.Dist. Izq.": 10, "Al.Dist. Der.": 40, "Ruta": "1V09" }, "geometry": { "type": "Point", "coordinates": [ -63.66910782, -31.92976621 ] } },
{ "type": "Feature", "properties": { "Name": "625.9", "P.K.": null, "Al.Dist. Izq.": 10, "Al.Dist. Der.": 40, "Ruta": "1V09" }, "geometry": { "type": "Point", "coordinates": [ -63.66910782, -31.92976621 ] } },
{ "type": "Feature", "properties": { "Name": "625.96", "P.K.": null, "Al.Dist. Izq.": 10, "Al.Dist. Der.": 40, "Ruta": "1V09" }, "geometry": { "type": "Point", "coordinates": [ -63.66929322, -31.92928106 ] } },
{ "type": "Feature", "properties": { "Name": "626", "P.K.": "PK626", "Al.Dist. Izq.": 10, "Al.Dist. Der.": 40, "Ruta": "1V09" }, "geometry": { "type": "Point", "coordinates": [ -63.66953665, -31.92907918 ] } },
{ "type": "Feature", "properties": { "Name": "626.09", "P.K.": null, "Al.Dist. Izq.": 10, "Al.Dist. Der.": 40, "Ruta": "1V09" }, "geometry": { "type": "Point", "coordinates": [ -63.670116, -31.92851 ] } },
{ "type": "Feature", "properties": { "Name": "626.1", "P.K.": null, "Al.Dist. Izq.": 10, "Al.Dist. Der.": 40, "Ruta": "1V09" }, "geometry": { "type": "Point", "coordinates": [ -63.67018101, -31.92841947 ] } },
{ "type": "Feature", "properties": { "Name": "626.26", "P.K.": null, "Al.Dist. Izq.": 10, "Al.Dist. Der.": null, "Ruta": "1V09" }, "geometry": { "type": "Point", "coordinates": [ -63.67122341, -31.92732248 ] } },
{ "type": "Feature", "properties": { "Name": "626.34", "P.K.": null, "Al.Dist. Izq.": 10, "Al.Dist. Der.": null, "Ruta": "1V09" }, "geometry": { "type": "Point", "coordinates": [ -63.67176153, -31.92675992 ] } },
{ "type": "Feature", "properties": { "Name": "626.37", "P.K.": null, "Al.Dist. Izq.": 10, "Al.Dist. Der.": null, "Ruta": "1V09" }, "geometry": { "type": "Point", "coordinates": [ -63.67199, -31.92648 ] } },
{ "type": "Feature", "properties": { "Name": "626.37", "P.K.": null, "Al.Dist. Izq.": null, "Al.Dist. Der.": null, "Ruta": "1V09" }, "geometry": { "type": "Point", "coordinates": [ -63.67199, -31.92648 ] } },
{ "type": "Feature", "properties": { "Name": "626.38", "P.K.": null, "Al.Dist. Izq.": null, "Al.Dist. Der.": null, "Ruta": "1V09" }, "geometry": { "type": "Point", "coordinates": [ -63.67207199, -31.92641475 ] } },
{ "type": "Feature", "properties": { "Name": "626.39", "P.K.": null, "Al.Dist. Izq.": null, "Al.Dist. Der.": null, "Ruta": "1V09" }, "geometry": { "type": "Point", "coordinates": [ -63.67205255, -31.92627787 ] } },
{ "type": "Feature", "properties": { "Name": "626.43", "P.K.": null, "Al.Dist. Izq.": null, "Al.Dist. Der.": null, "Ruta": "1V09" }, "geometry": { "type": "Point", "coordinates": [ -63.67228623, -31.92601352 ] } },
{ "type": "Feature", "properties": { "Name": "626.49", "P.K.": null, "Al.Dist. Izq.": null, "Al.Dist. Der.": null, "Ruta": "1V09" }, "geometry": { "type": "Point", "coordinates": [ -63.67280692, -31.9257116 ] } },
{ "type": "Feature", "properties": { "Name": "626.53", "P.K.": null, "Al.Dist. Izq.": null, "Al.Dist. Der.": null, "Ruta": "1V09" }, "geometry": { "type": "Point", "coordinates": [ -63.67293097, -31.92527821 ] } },
{ "type": "Feature", "properties": { "Name": "626.57", "P.K.": null, "Al.Dist. Izq.": null, "Al.Dist. Der.": null, "Ruta": "1V09" }, "geometry": { "type": "Point", "coordinates": [ -63.67318377, -31.92496093 ] } },
{ "type": "Feature", "properties": { "Name": "626.6", "P.K.": null, "Al.Dist. Izq.": null, "Al.Dist. Der.": null, "Ruta": "1V09" }, "geometry": { "type": "Point", "coordinates": [ -63.67351335, -31.92493333 ] } },
{ "type": "Feature", "properties": { "Name": "626.64", "P.K.": null, "Al.Dist. Izq.": null, "Al.Dist. Der.": null, "Ruta": "1V09" }, "geometry": { "type": "Point", "coordinates": [ -63.67360756, -31.92450847 ] } },
{ "type": "Feature", "properties": { "Name": "626.95", "P.K.": null, "Al.Dist. Izq.": null, "Al.Dist. Der.": null, "Ruta": "1V09" }, "geometry": { "type": "Point", "coordinates": [ -63.67559608, -31.9222564 ] } },
{ "type": "Feature", "properties": { "Name": "626.97", "P.K.": null, "Al.Dist. Izq.": null, "Al.Dist. Der.": null, "Ruta": "1V09" }, "geometry": { "type": "Point", "coordinates": [ -63.67571075, -31.92215054 ] } },
{ "type": "Feature", "properties": { "Name": "626.98", "P.K.": null, "Al.Dist. Izq.": null, "Al.Dist. Der.": null, "Ruta": "1V09" }, "geometry": { "type": "Point", "coordinates": [ -63.67579658, -31.92203899 ] } },
{ "type": "Feature", "properties": { "Name": "627", "P.K.": "PK627", "Al.Dist. Izq.": null, "Al.Dist. Der.": null, "Ruta": "1V09" }, "geometry": { "type": "Point", "coordinates": [ -63.67591124, -31.92190126 ] } },
{ "type": "Feature", "properties": { "Name": "627.02", "P.K.": null, "Al.Dist. Izq.": null, "Al.Dist. Der.": null, "Ruta": "1V09" }, "geometry": { "type": "Point", "coordinates": [ -63.676042, -31.92175783 ] } },
{ "type": "Feature", "properties": { "Name": "627.03", "P.K.": null, "Al.Dist. Izq.": null, "Al.Dist. Der.": null, "Ruta": "1V09" }, "geometry": { "type": "Point", "coordinates": [ -63.67614795, -31.92172312 ] } },
{ "type": "Feature", "properties": { "Name": "627.09", "P.K.": null, "Al.Dist. Izq.": null, "Al.Dist. Der.": null, "Ruta": "1V09" }, "geometry": { "type": "Point", "coordinates": [ -63.67646378, -31.92123735 ] } },
{ "type": "Feature", "properties": { "Name": "627.22", "P.K.": null, "Al.Dist. Izq.": null, "Al.Dist. Der.": null, "Ruta": "1V09" }, "geometry": { "type": "Point", "coordinates": [ -63.67688086, -31.92015824 ] } },
{ "type": "Feature", "properties": { "Name": "627.24", "P.K.": null, "Al.Dist. Izq.": null, "Al.Dist. Der.": null, "Ruta": "1V09" }, "geometry": { "type": "Point", "coordinates": [ -63.67705755, -31.91997867 ] } },
{ "type": "Feature", "properties": { "Name": "627.29", "P.K.": null, "Al.Dist. Izq.": null, "Al.Dist. Der.": null, "Ruta": "1V09" }, "geometry": { "type": "Point", "coordinates": [ -63.67735259, -31.91959989 ] } },
{ "type": "Feature", "properties": { "Name": "627.29", "P.K.": null, "Al.Dist. Izq.": null, "Al.Dist. Der.": null, "Ruta": "1V09" }, "geometry": { "type": "Point", "coordinates": [ -63.67735259, -31.91959989 ] } },
{ "type": "Feature", "properties": { "Name": "627.33", "P.K.": null, "Al.Dist. Izq.": null, "Al.Dist. Der.": null, "Ruta": "1V09" }, "geometry": { "type": "Point", "coordinates": [ -63.6774468, -31.91928714 ] } },
{ "type": "Feature", "properties": { "Name": "627.86", "P.K.": null, "Al.Dist. Izq.": null, "Al.Dist. Der.": null, "Ruta": "1V09" }, "geometry": { "type": "Point", "coordinates": [ -63.68073251, -31.91554569 ] } },
{ "type": "Feature", "properties": { "Name": "628", "P.K.": "PK628", "Al.Dist. Izq.": null, "Al.Dist. Der.": null, "Ruta": "1V09" }, "geometry": { "type": "Point", "coordinates": [ -63.68170816, -31.91458889 ] } },
{ "type": "Feature", "properties": { "Name": "628.05", "P.K.": null, "Al.Dist. Izq.": null, "Al.Dist. Der.": null, "Ruta": "1V09" }, "geometry": { "type": "Point", "coordinates": [ -63.68205082, -31.91421094 ] } },
{ "type": "Feature", "properties": { "Name": "628.11", "P.K.": null, "Al.Dist. Izq.": null, "Al.Dist. Der.": null, "Ruta": "1V09" }, "geometry": { "type": "Point", "coordinates": [ -63.68248533, -31.91387626 ] } },
{ "type": "Feature", "properties": { "Name": "629", "P.K.": "PK629", "Al.Dist. Izq.": null, "Al.Dist. Der.": null, "Ruta": "1V09" }, "geometry": { "type": "Point", "coordinates": [ -63.6876972, -31.90756994 ] } },
{ "type": "Feature", "properties": { "Name": "629.02", "P.K.": null, "Al.Dist. Izq.": null, "Al.Dist. Der.": null, "Ruta": "1V09" }, "geometry": { "type": "Point", "coordinates": [ -63.68786, -31.90747 ] } },
{ "type": "Feature", "properties": { "Name": "629.03", "P.K.": null, "Al.Dist. Izq.": null, "Al.Dist. Der.": null, "Ruta": "1V09" }, "geometry": { "type": "Point", "coordinates": [ -63.68797119, -31.90730525 ] } },
{ "type": "Feature", "properties": { "Name": "629.03", "P.K.": null, "Al.Dist. Izq.": 10, "Al.Dist. Der.": null, "Ruta": "1V09" }, "geometry": { "type": "Point", "coordinates": [ -63.68797119, -31.90730525 ] } },
{ "type": "Feature", "properties": { "Name": "629.12", "P.K.": null, "Al.Dist. Izq.": 10, "Al.Dist. Der.": null, "Ruta": "1V09" }, "geometry": { "type": "Point", "coordinates": [ -63.68862893, -31.90661761 ] } },
{ "type": "Feature", "properties": { "Name": "629.23", "P.K.": null, "Al.Dist. Izq.": 10, "Al.Dist. Der.": null, "Ruta": "1V09" }, "geometry": { "type": "Point", "coordinates": [ -63.68952402, -31.90571101 ] } },
{ "type": "Feature", "properties": { "Name": "629.24", "P.K.": null, "Al.Dist. Izq.": 10, "Al.Dist. Der.": null, "Ruta": "1V09" }, "geometry": { "type": "Point", "coordinates": [ -63.68968673, -31.90569344 ] } },
{ "type": "Feature", "properties": { "Name": "629.28", "P.K.": null, "Al.Dist. Izq.": 10, "Al.Dist. Der.": null, "Ruta": "1V09" }, "geometry": { "type": "Point", "coordinates": [ -63.69003542, -31.9055685 ] } },
{ "type": "Feature", "properties": { "Name": "629.28", "P.K.": null, "Al.Dist. Izq.": 10, "Al.Dist. Der.": 40, "Ruta": "1V09" }, "geometry": { "type": "Point", "coordinates": [ -63.69003542, -31.9055685 ] } },
{ "type": "Feature", "properties": { "Name": "629.29", "P.K.": null, "Al.Dist. Izq.": 10, "Al.Dist. Der.": 40, "Ruta": "1V09" }, "geometry": { "type": "Point", "coordinates": [ -63.69002905, -31.90537438 ] } },
{ "type": "Feature", "properties": { "Name": "629.31", "P.K.": null, "Al.Dist. Izq.": 10, "Al.Dist. Der.": 40, "Ruta": "1V09" }, "geometry": { "type": "Point", "coordinates": [ -63.69038578, -31.90537068 ] } },
{ "type": "Feature", "properties": { "Name": "629.32", "P.K.": null, "Al.Dist. Izq.": 10, "Al.Dist. Der.": 40, "Ruta": "1V09" }, "geometry": { "type": "Point", "coordinates": [ -63.69055141, -31.90532514 ] } },
{ "type": "Feature", "properties": { "Name": "629.35", "P.K.": null, "Al.Dist. Izq.": 10, "Al.Dist. Der.": 40, "Ruta": "1V09" }, "geometry": { "type": "Point", "coordinates": [ -63.69067345, -31.90489536 ] } },
{ "type": "Feature", "properties": { "Name": "629.35", "P.K.": null, "Al.Dist. Izq.": 10, "Al.Dist. Der.": 40, "Ruta": "1V09" }, "geometry": { "type": "Point", "coordinates": [ -63.69067345, -31.90489536 ] } },
{ "type": "Feature", "properties": { "Name": "629.37", "P.K.": null, "Al.Dist. Izq.": 10, "Al.Dist. Der.": 40, "Ruta": "1V09" }, "geometry": { "type": "Point", "coordinates": [ -63.69096, -31.90486 ] } },
{ "type": "Feature", "properties": { "Name": "629.39", "P.K.": null, "Al.Dist. Izq.": 10, "Al.Dist. Der.": 40, "Ruta": "1V09" }, "geometry": { "type": "Point", "coordinates": [ -63.69100534, -31.90473201 ] } },
{ "type": "Feature", "properties": { "Name": "629.39", "P.K.": null, "Al.Dist. Izq.": 10, "Al.Dist. Der.": 40, "Ruta": "1V09" }, "geometry": { "type": "Point", "coordinates": [ -63.69100534, -31.90473201 ] } },
{ "type": "Feature", "properties": { "Name": "629.41", "P.K.": null, "Al.Dist. Izq.": 10, "Al.Dist. Der.": 40, "Ruta": "1V09" }, "geometry": { "type": "Point", "coordinates": [ -63.6911891, -31.9046187 ] } },
{ "type": "Feature", "properties": { "Name": "629.47", "P.K.": null, "Al.Dist. Izq.": 10, "Al.Dist. Der.": 40, "Ruta": "1V09" }, "geometry": { "type": "Point", "coordinates": [ -63.69168464, -31.90419347 ] } },
{ "type": "Feature", "properties": { "Name": "629.67", "P.K.": null, "Al.Dist. Izq.": 10, "Al.Dist. Der.": 40, "Ruta": "1V09" }, "geometry": { "type": "Point", "coordinates": [ -63.69316857, -31.90249509 ] } },
{ "type": "Feature", "properties": { "Name": "629.77", "P.K.": null, "Al.Dist. Izq.": 10, "Al.Dist. Der.": 40, "Ruta": "1V09" }, "geometry": { "type": "Point", "coordinates": [ -63.69385, -31.90153 ] } },
{ "type": "Feature", "properties": { "Name": "629.77", "P.K.": null, "Al.Dist. Izq.": 10, "Al.Dist. Der.": 40, "Ruta": "1V09" }, "geometry": { "type": "Point", "coordinates": [ -63.69385, -31.90153 ] } },
{ "type": "Feature", "properties": { "Name": "629.97", "P.K.": null, "Al.Dist. Izq.": 10, "Al.Dist. Der.": 40, "Ruta": "1V09" }, "geometry": { "type": "Point", "coordinates": [ -63.69536094, -31.89996325 ] } },
{ "type": "Feature", "properties": { "Name": "630", "P.K.": null, "Al.Dist. Izq.": 10, "Al.Dist. Der.": 40, "Ruta": "1V09" }, "geometry": { "type": "Point", "coordinates": [ -63.69539347, -31.89956703 ] } },
{ "type": "Feature", "properties": { "Name": "630.13", "P.K.": null, "Al.Dist. Izq.": 10, "Al.Dist. Der.": 40, "Ruta": "1V09" }, "geometry": { "type": "Point", "coordinates": [ -63.69650323, -31.89852438 ] } },
{ "type": "Feature", "properties": { "Name": "630.15", "P.K.": null, "Al.Dist. Izq.": 10, "Al.Dist. Der.": 40, "Ruta": "1V09" }, "geometry": { "type": "Point", "coordinates": [ -63.69661, -31.89839 ] } },
{ "type": "Feature", "properties": { "Name": "630.19", "P.K.": null, "Al.Dist. Izq.": 10, "Al.Dist. Der.": 40, "Ruta": "1V09" }, "geometry": { "type": "Point", "coordinates": [ -63.69681504, -31.89810482 ] } },
{ "type": "Feature", "properties": { "Name": "630.4", "P.K.": null, "Al.Dist. Izq.": 10, "Al.Dist. Der.": 40, "Ruta": "1V09" }, "geometry": { "type": "Point", "coordinates": [ -63.69842251, -31.89622858 ] } },
{ "type": "Feature", "properties": { "Name": "630.44", "P.K.": null, "Al.Dist. Izq.": 10, "Al.Dist. Der.": 40, "Ruta": "1V09" }, "geometry": { "type": "Point", "coordinates": [ -63.6986423, -31.89598243 ] } },
{ "type": "Feature", "properties": { "Name": "630.58", "P.K.": null, "Al.Dist. Izq.": 10, "Al.Dist. Der.": 40, "Ruta": "1V09" }, "geometry": { "type": "Point", "coordinates": [ -63.69974492, -31.89472406 ] } },
{ "type": "Feature", "properties": { "Name": "630.99", "P.K.": null, "Al.Dist. Izq.": 10, "Al.Dist. Der.": 40, "Ruta": "1V09" }, "geometry": { "type": "Point", "coordinates": [ -63.70270047, -31.89137497 ] } },
{ "type": "Feature", "properties": { "Name": "631", "P.K.": "PK631", "Al.Dist. Izq.": 10, "Al.Dist. Der.": 40, "Ruta": "1V09" }, "geometry": { "type": "Point", "coordinates": [ -63.70279169, -31.89127809 ] } },
{ "type": "Feature", "properties": { "Name": "631.07", "P.K.": null, "Al.Dist. Izq.": 10, "Al.Dist. Der.": 40, "Ruta": "1V09" }, "geometry": { "type": "Point", "coordinates": [ -63.70322, -31.89082 ] } },
{ "type": "Feature", "properties": { "Name": "632.26", "P.K.": null, "Al.Dist. Izq.": 10, "Al.Dist. Der.": 40, "Ruta": "1V09" }, "geometry": { "type": "Point", "coordinates": [ -63.71065, -31.88228 ] } },
{ "type": "Feature", "properties": { "Name": "632.64", "P.K.": null, "Al.Dist. Izq.": 10, "Al.Dist. Der.": 40, "Ruta": "1V09" }, "geometry": { "type": "Point", "coordinates": [ -63.71300988, -31.879677 ] } },
{ "type": "Feature", "properties": { "Name": "632.65", "P.K.": null, "Al.Dist. Izq.": 10, "Al.Dist. Der.": 40, "Ruta": "1V09" }, "geometry": { "type": "Point", "coordinates": [ -63.71307392, -31.87959842 ] } },
{ "type": "Feature", "properties": { "Name": "633", "P.K.": null, "Al.Dist. Izq.": 10, "Al.Dist. Der.": 40, "Ruta": "1V09" }, "geometry": { "type": "Point", "coordinates": [ -63.7152113, -31.87695263 ] } },
{ "type": "Feature", "properties": { "Name": "633.22", "P.K.": null, "Al.Dist. Izq.": 10, "Al.Dist. Der.": 40, "Ruta": "1V09" }, "geometry": { "type": "Point", "coordinates": [ -63.71654436, -31.87548152 ] } },
{ "type": "Feature", "properties": { "Name": "633.96", "P.K.": null, "Al.Dist. Izq.": 10, "Al.Dist. Der.": 40, "Ruta": "1V09" }, "geometry": { "type": "Point", "coordinates": [ -63.72117419, -31.8703004 ] } },
{ "type": "Feature", "properties": { "Name": "635.29", "P.K.": null, "Al.Dist. Izq.": 10, "Al.Dist. Der.": 40, "Ruta": "1V09" }, "geometry": { "type": "Point", "coordinates": [ -63.72945651, -31.86074972 ] } },
{ "type": "Feature", "properties": { "Name": "635.68", "P.K.": null, "Al.Dist. Izq.": 10, "Al.Dist. Der.": 40, "Ruta": "1V09" }, "geometry": { "type": "Point", "coordinates": [ -63.73185935, -31.85800894 ] } },
{ "type": "Feature", "properties": { "Name": "635.76", "P.K.": null, "Al.Dist. Izq.": 10, "Al.Dist. Der.": 40, "Ruta": "1V09" }, "geometry": { "type": "Point", "coordinates": [ -63.73237979, -31.85739688 ] } },
{ "type": "Feature", "properties": { "Name": "635.87", "P.K.": null, "Al.Dist. Izq.": 10, "Al.Dist. Der.": 40, "Ruta": "1V09" }, "geometry": { "type": "Point", "coordinates": [ -63.73243243, -31.85616609 ] } },
{ "type": "Feature", "properties": { "Name": "636.59", "P.K.": null, "Al.Dist. Izq.": 10, "Al.Dist. Der.": 40, "Ruta": "1V09" }, "geometry": { "type": "Point", "coordinates": [ -63.73760205, -31.85154094 ] } },
{ "type": "Feature", "properties": { "Name": "636.64", "P.K.": null, "Al.Dist. Izq.": 10, "Al.Dist. Der.": 40, "Ruta": "1V09" }, "geometry": { "type": "Point", "coordinates": [ -63.73793028, -31.851212 ] } },
{ "type": "Feature", "properties": { "Name": "636.81", "P.K.": null, "Al.Dist. Izq.": 10, "Al.Dist. Der.": 40, "Ruta": "1V09" }, "geometry": { "type": "Point", "coordinates": [ -63.73885062, -31.85004663 ] } },
{ "type": "Feature", "properties": { "Name": "636.86", "P.K.": null, "Al.Dist. Izq.": 10, "Al.Dist. Der.": 40, "Ruta": "1V09" }, "geometry": { "type": "Point", "coordinates": [ -63.73920567, -31.84970061 ] } },
{ "type": "Feature", "properties": { "Name": "636.88", "P.K.": null, "Al.Dist. Izq.": 10, "Al.Dist. Der.": 40, "Ruta": "1V09" }, "geometry": { "type": "Point", "coordinates": [ -63.73923786, -31.84946964 ] } },
{ "type": "Feature", "properties": { "Name": "637", "P.K.": "PK637", "Al.Dist. Izq.": 10, "Al.Dist. Der.": 40, "Ruta": "1V09" }, "geometry": { "type": "Point", "coordinates": [ -63.73978034, -31.84846259 ] } },
{ "type": "Feature", "properties": { "Name": "637.14", "P.K.": null, "Al.Dist. Izq.": 10, "Al.Dist. Der.": 40, "Ruta": "1V09" }, "geometry": { "type": "Point", "coordinates": [ -63.74007404, -31.84764237 ] } },
{ "type": "Feature", "properties": { "Name": "637.32", "P.K.": null, "Al.Dist. Izq.": 10, "Al.Dist. Der.": 40, "Ruta": "1V09" }, "geometry": { "type": "Point", "coordinates": [ -63.74072179, -31.84652822 ] } },
{ "type": "Feature", "properties": { "Name": "637.41", "P.K.": null, "Al.Dist. Izq.": 10, "Al.Dist. Der.": 40, "Ruta": "1V09" }, "geometry": { "type": "Point", "coordinates": [ -63.74093302, -31.84588883 ] } },
{ "type": "Feature", "properties": { "Name": "637.42", "P.K.": null, "Al.Dist. Izq.": 10, "Al.Dist. Der.": 40, "Ruta": "1V09" }, "geometry": { "type": "Point", "coordinates": [ -63.74103829, -31.84595462 ] } },
{ "type": "Feature", "properties": { "Name": "637.46", "P.K.": null, "Al.Dist. Izq.": 10, "Al.Dist. Der.": 40, "Ruta": "1V09" }, "geometry": { "type": "Point", "coordinates": [ -63.74124449, -31.84575326 ] } },
{ "type": "Feature", "properties": { "Name": "637.5", "P.K.": null, "Al.Dist. Izq.": 10, "Al.Dist. Der.": 40, "Ruta": "1V09" }, "geometry": { "type": "Point", "coordinates": [ -63.74148723, -31.84547984 ] } },
{ "type": "Feature", "properties": { "Name": "637.64", "P.K.": null, "Al.Dist. Izq.": 10, "Al.Dist. Der.": 40, "Ruta": "1V09" }, "geometry": { "type": "Point", "coordinates": [ -63.74205586, -31.8447476 ] } },
{ "type": "Feature", "properties": { "Name": "637.68", "P.K.": null, "Al.Dist. Izq.": 10, "Al.Dist. Der.": 40, "Ruta": "1V09" }, "geometry": { "type": "Point", "coordinates": [ -63.74229658, -31.84461089 ] } },
{ "type": "Feature", "properties": { "Name": "637.81", "P.K.": null, "Al.Dist. Izq.": 10, "Al.Dist. Der.": 40, "Ruta": "1V09" }, "geometry": { "type": "Point", "coordinates": [ -63.7427938, -31.84371572 ] } },
{ "type": "Feature", "properties": { "Name": "637.81", "P.K.": null, "Al.Dist. Izq.": 10, "Al.Dist. Der.": 40, "Ruta": "1V09" }, "geometry": { "type": "Point", "coordinates": [ -63.7427938, -31.84371572 ] } },
{ "type": "Feature", "properties": { "Name": "637.84", "P.K.": null, "Al.Dist. Izq.": 10, "Al.Dist. Der.": 40, "Ruta": "1V09" }, "geometry": { "type": "Point", "coordinates": [ -63.74299328, -31.84369508 ] } },
{ "type": "Feature", "properties": { "Name": "637.91", "P.K.": null, "Al.Dist. Izq.": 10, "Al.Dist. Der.": 40, "Ruta": "1V09" }, "geometry": { "type": "Point", "coordinates": [ -63.74328431, -31.8433278 ] } },
{ "type": "Feature", "properties": { "Name": "638", "P.K.": "PK638", "Al.Dist. Izq.": 10, "Al.Dist. Der.": 40, "Ruta": "1V09" }, "geometry": { "type": "Point", "coordinates": [ -63.7437768, -31.84278811 ] } },
{ "type": "Feature", "properties": { "Name": "638.1", "P.K.": null, "Al.Dist. Izq.": 10, "Al.Dist. Der.": 40, "Ruta": "1V09" }, "geometry": { "type": "Point", "coordinates": [ -63.74441184, -31.84203616 ] } },
{ "type": "Feature", "properties": { "Name": "638.18", "P.K.": null, "Al.Dist. Izq.": 10, "Al.Dist. Der.": 40, "Ruta": "1V09" }, "geometry": { "type": "Point", "coordinates": [ -63.74491811, -31.8415101 ] } },
{ "type": "Feature", "properties": { "Name": "638.21", "P.K.": null, "Al.Dist. Izq.": 10, "Al.Dist. Der.": 40, "Ruta": "1V09" }, "geometry": { "type": "Point", "coordinates": [ -63.74510234, -31.84125838 ] } },
{ "type": "Feature", "properties": { "Name": "638.44", "P.K.": null, "Al.Dist. Izq.": 10, "Al.Dist. Der.": 40, "Ruta": "1V09" }, "geometry": { "type": "Point", "coordinates": [ -63.74643624, -31.83962001 ] } },
{ "type": "Feature", "properties": { "Name": "638.61", "P.K.": null, "Al.Dist. Izq.": 10, "Al.Dist. Der.": 40, "Ruta": "1V09" }, "geometry": { "type": "Point", "coordinates": [ -63.74777667, -31.83869261 ] } },
{ "type": "Feature", "properties": { "Name": "638.77", "P.K.": null, "Al.Dist. Izq.": 10, "Al.Dist. Der.": 40, "Ruta": "1V09" }, "geometry": { "type": "Point", "coordinates": [ -63.74912, -31.83797 ] } },
{ "type": "Feature", "properties": { "Name": "638.78", "P.K.": null, "Al.Dist. Izq.": 10, "Al.Dist. Der.": 40, "Ruta": "1V09" }, "geometry": { "type": "Point", "coordinates": [ -63.74926, -31.83789 ] } },
{ "type": "Feature", "properties": { "Name": "638.8", "P.K.": null, "Al.Dist. Izq.": 10, "Al.Dist. Der.": 40, "Ruta": "1V09" }, "geometry": { "type": "Point", "coordinates": [ -63.74942154, -31.83776434 ] } },
{ "type": "Feature", "properties": { "Name": "638.81", "P.K.": null, "Al.Dist. Izq.": 10, "Al.Dist. Der.": 40, "Ruta": "1V09" }, "geometry": { "type": "Point", "coordinates": [ -63.7495238, -31.83777659 ] } },
{ "type": "Feature", "properties": { "Name": "638.82", "P.K.": null, "Al.Dist. Izq.": 10, "Al.Dist. Der.": 40, "Ruta": "1V09" }, "geometry": { "type": "Point", "coordinates": [ -63.74959253, -31.83772304 ] } },
{ "type": "Feature", "properties": { "Name": "638.85", "P.K.": null, "Al.Dist. Izq.": 10, "Al.Dist. Der.": 40, "Ruta": "1V09" }, "geometry": { "type": "Point", "coordinates": [ -63.74978, -31.83753 ] } },
{ "type": "Feature", "properties": { "Name": "638.91", "P.K.": null, "Al.Dist. Izq.": 10, "Al.Dist. Der.": 40, "Ruta": "1V09" }, "geometry": { "type": "Point", "coordinates": [ -63.75010248, -31.83706024 ] } },
{ "type": "Feature", "properties": { "Name": "639.1", "P.K.": null, "Al.Dist. Izq.": 10, "Al.Dist. Der.": 40, "Ruta": "1V09" }, "geometry": { "type": "Point", "coordinates": [ -63.75148986, -31.83575939 ] } },
{ "type": "Feature", "properties": { "Name": "639.24", "P.K.": null, "Al.Dist. Izq.": 10, "Al.Dist. Der.": 40, "Ruta": "1V09" }, "geometry": { "type": "Point", "coordinates": [ -63.75238035, -31.83473995 ] } },
{ "type": "Feature", "properties": { "Name": "639.27", "P.K.": null, "Al.Dist. Izq.": 10, "Al.Dist. Der.": 40, "Ruta": "1V09" }, "geometry": { "type": "Point", "coordinates": [ -63.75237867, -31.83447875 ] } },
{ "type": "Feature", "properties": { "Name": "639.54", "P.K.": null, "Al.Dist. Izq.": 10, "Al.Dist. Der.": 40, "Ruta": "1V09" }, "geometry": { "type": "Point", "coordinates": [ -63.75396956, -31.83246688 ] } },
{ "type": "Feature", "properties": { "Name": "639.62", "P.K.": null, "Al.Dist. Izq.": 10, "Al.Dist. Der.": 40, "Ruta": "1V09" }, "geometry": { "type": "Point", "coordinates": [ -63.75464916, -31.83209971 ] } },
{ "type": "Feature", "properties": { "Name": "640.63", "P.K.": null, "Al.Dist. Izq.": 10, "Al.Dist. Der.": 40, "Ruta": "1V09" }, "geometry": { "type": "Point", "coordinates": [ -63.76086149, -31.82493603 ] } },
{ "type": "Feature", "properties": { "Name": "640.63", "P.K.": null, "Al.Dist. Izq.": 10, "Al.Dist. Der.": 40, "Ruta": "1V09" }, "geometry": { "type": "Point", "coordinates": [ -63.76086149, -31.82493603 ] } },
{ "type": "Feature", "properties": { "Name": "640.67", "P.K.": null, "Al.Dist. Izq.": 10, "Al.Dist. Der.": 40, "Ruta": "1V09" }, "geometry": { "type": "Point", "coordinates": [ -63.76103919, -31.82447369 ] } },
{ "type": "Feature", "properties": { "Name": "640.68", "P.K.": null, "Al.Dist. Izq.": 10, "Al.Dist. Der.": 40, "Ruta": "1V09" }, "geometry": { "type": "Point", "coordinates": [ -63.76114748, -31.82445802 ] } },
{ "type": "Feature", "properties": { "Name": "640.68", "P.K.": null, "Al.Dist. Izq.": 10, "Al.Dist. Der.": 40, "Ruta": "1V09" }, "geometry": { "type": "Point", "coordinates": [ -63.76114748, -31.82445802 ] } },
{ "type": "Feature", "properties": { "Name": "640.85", "P.K.": null, "Al.Dist. Izq.": 10, "Al.Dist. Der.": 40, "Ruta": "1V09" }, "geometry": { "type": "Point", "coordinates": [ -63.76213118, -31.82327721 ] } },
{ "type": "Feature", "properties": { "Name": "640.87", "P.K.": null, "Al.Dist. Izq.": 10, "Al.Dist. Der.": 40, "Ruta": "1V09" }, "geometry": { "type": "Point", "coordinates": [ -63.762226, -31.82317 ] } },
{ "type": "Feature", "properties": { "Name": "641.84", "P.K.": null, "Al.Dist. Izq.": 10, "Al.Dist. Der.": 40, "Ruta": "1V09" }, "geometry": { "type": "Point", "coordinates": [ -63.76819164, -31.81624362 ] } },
{ "type": "Feature", "properties": { "Name": "641.85", "P.K.": null, "Al.Dist. Izq.": 10, "Al.Dist. Der.": 40, "Ruta": "1V09" }, "geometry": { "type": "Point", "coordinates": [ -63.76832955, -31.81626206 ] } },
{ "type": "Feature", "properties": { "Name": "641.97", "P.K.": null, "Al.Dist. Izq.": 10, "Al.Dist. Der.": 40, "Ruta": "1V09" }, "geometry": { "type": "Point", "coordinates": [ -63.76918606, -31.81544219 ] } },
{ "type": "Feature", "properties": { "Name": "642.04", "P.K.": null, "Al.Dist. Izq.": 10, "Al.Dist. Der.": 40, "Ruta": "1V09" }, "geometry": { "type": "Point", "coordinates": [ -63.76962125, -31.8149288 ] } },
{ "type": "Feature", "properties": { "Name": "642.18", "P.K.": null, "Al.Dist. Izq.": 10, "Al.Dist. Der.": 40, "Ruta": "1V09" }, "geometry": { "type": "Point", "coordinates": [ -63.77039919, -31.8138958 ] } },
{ "type": "Feature", "properties": { "Name": "642.19", "P.K.": null, "Al.Dist. Izq.": 10, "Al.Dist. Der.": 40, "Ruta": "1V09" }, "geometry": { "type": "Point", "coordinates": [ -63.77046246, -31.81379517 ] } },
{ "type": "Feature", "properties": { "Name": "642.2", "P.K.": null, "Al.Dist. Izq.": 10, "Al.Dist. Der.": 40, "Ruta": "1V09" }, "geometry": { "type": "Point", "coordinates": [ -63.77060562, -31.81377123 ] } },
{ "type": "Feature", "properties": { "Name": "642.24", "P.K.": null, "Al.Dist. Izq.": 10, "Al.Dist. Der.": 40, "Ruta": "1V09" }, "geometry": { "type": "Point", "coordinates": [ -63.7708, -31.81346 ] } },
{ "type": "Feature", "properties": { "Name": "642.66", "P.K.": null, "Al.Dist. Izq.": 10, "Al.Dist. Der.": 40, "Ruta": "1V09" }, "geometry": { "type": "Point", "coordinates": [ -63.77342, -31.81049 ] } },
{ "type": "Feature", "properties": { "Name": "643.64", "P.K.": null, "Al.Dist. Izq.": 10, "Al.Dist. Der.": 40, "Ruta": "1V09" }, "geometry": { "type": "Point", "coordinates": [ -63.77947, -31.80351 ] } },
{ "type": "Feature", "properties": { "Name": "643.66", "P.K.": null, "Al.Dist. Izq.": 10, "Al.Dist. Der.": 40, "Ruta": "1V09" }, "geometry": { "type": "Point", "coordinates": [ -63.77961, -31.80339 ] } },
{ "type": "Feature", "properties": { "Name": "644.31", "P.K.": null, "Al.Dist. Izq.": 10, "Al.Dist. Der.": 40, "Ruta": "1V09" }, "geometry": { "type": "Point", "coordinates": [ -63.78347855, -31.79877198 ] } },
{ "type": "Feature", "properties": { "Name": "644.98", "P.K.": null, "Al.Dist. Izq.": 10, "Al.Dist. Der.": 40, "Ruta": "1V09" }, "geometry": { "type": "Point", "coordinates": [ -63.78771275, -31.79409465 ] } },
{ "type": "Feature", "properties": { "Name": "645", "P.K.": "PK645", "Al.Dist. Izq.": 10, "Al.Dist. Der.": 40, "Ruta": "1V09" }, "geometry": { "type": "Point", "coordinates": [ -63.78779959, -31.79390344 ] } },
{ "type": "Feature", "properties": { "Name": "645.51", "P.K.": null, "Al.Dist. Izq.": 10, "Al.Dist. Der.": 40, "Ruta": "1V09" }, "geometry": { "type": "Point", "coordinates": [ -63.79127227, -31.78996657 ] } },
{ "type": "Feature", "properties": { "Name": "645.61", "P.K.": null, "Al.Dist. Izq.": 10, "Al.Dist. Der.": 40, "Ruta": "1V09" }, "geometry": { "type": "Point", "coordinates": [ -63.79199, -31.78923 ] } },
{ "type": "Feature", "properties": { "Name": "645.69", "P.K.": null, "Al.Dist. Izq.": 10, "Al.Dist. Der.": 40, "Ruta": "1V09" }, "geometry": { "type": "Point", "coordinates": [ -63.79244082, -31.78859548 ] } },
{ "type": "Feature", "properties": { "Name": "645.8", "P.K.": null, "Al.Dist. Izq.": 10, "Al.Dist. Der.": 40, "Ruta": "1V09" }, "geometry": { "type": "Point", "coordinates": [ -63.79318479, -31.78775933 ] } },
{ "type": "Feature", "properties": { "Name": "645.89", "P.K.": null, "Al.Dist. Izq.": 10, "Al.Dist. Der.": 40, "Ruta": "1V09" }, "geometry": { "type": "Point", "coordinates": [ -63.79376854, -31.78713783 ] } },
{ "type": "Feature", "properties": { "Name": "645.92", "P.K.": null, "Al.Dist. Izq.": 10, "Al.Dist. Der.": 40, "Ruta": "1V09" }, "geometry": { "type": "Point", "coordinates": [ -63.79407797, -31.78680633 ] } },
{ "type": "Feature", "properties": { "Name": "646", "P.K.": "PK646", "Al.Dist. Izq.": null, "Al.Dist. Der.": null, "Ruta": "1V09" }, "geometry": { "type": "Point", "coordinates": [ -63.79445865, -31.78620233 ] } },
{ "type": "Feature", "properties": { "Name": "646.02", "P.K.": null, "Al.Dist. Izq.": null, "Al.Dist. Der.": null, "Ruta": "1V09" }, "geometry": { "type": "Point", "coordinates": [ -63.79450377, -31.78605652 ] } },
{ "type": "Feature", "properties": { "Name": "646.1", "P.K.": null, "Al.Dist. Izq.": null, "Al.Dist. Der.": null, "Ruta": "1V09" }, "geometry": { "type": "Point", "coordinates": [ -63.7948424, -31.78533948 ] } },
{ "type": "Feature", "properties": { "Name": "646.1", "P.K.": null, "Al.Dist. Izq.": null, "Al.Dist. Der.": null, "Ruta": "1V09" }, "geometry": { "type": "Point", "coordinates": [ -63.7948424, -31.78533948 ] } },
{ "type": "Feature", "properties": { "Name": "646.17", "P.K.": null, "Al.Dist. Izq.": null, "Al.Dist. Der.": null, "Ruta": "1V09" }, "geometry": { "type": "Point", "coordinates": [ -63.79508648, -31.78472959 ] } },
{ "type": "Feature", "properties": { "Name": "646.22", "P.K.": null, "Al.Dist. Izq.": null, "Al.Dist. Der.": null, "Ruta": "1V09" }, "geometry": { "type": "Point", "coordinates": [ -63.7952216, -31.78432974 ] } },
{ "type": "Feature", "properties": { "Name": "646.24", "P.K.": null, "Al.Dist. Izq.": null, "Al.Dist. Der.": null, "Ruta": "1V09" }, "geometry": { "type": "Point", "coordinates": [ -63.79532809, -31.78420771 ] } },
{ "type": "Feature", "properties": { "Name": "646.29", "P.K.": null, "Al.Dist. Izq.": null, "Al.Dist. Der.": null, "Ruta": "1V09" }, "geometry": { "type": "Point", "coordinates": [ -63.79563868, -31.78384952 ] } },
{ "type": "Feature", "properties": { "Name": "646.29", "P.K.": null, "Al.Dist. Izq.": null, "Al.Dist. Der.": null, "Ruta": "1V09" }, "geometry": { "type": "Point", "coordinates": [ -63.79563868, -31.78384952 ] } },
{ "type": "Feature", "properties": { "Name": "646.35", "P.K.": null, "Al.Dist. Izq.": null, "Al.Dist. Der.": null, "Ruta": "1V09" }, "geometry": { "type": "Point", "coordinates": [ -63.79606146, -31.78336474 ] } },
{ "type": "Feature", "properties": { "Name": "646.72", "P.K.": null, "Al.Dist. Izq.": null, "Al.Dist. Der.": null, "Ruta": "1V09" }, "geometry": { "type": "Point", "coordinates": [ -63.79839, -31.78084 ] } },
{ "type": "Feature", "properties": { "Name": "646.89", "P.K.": null, "Al.Dist. Izq.": null, "Al.Dist. Der.": null, "Ruta": "1V09" }, "geometry": { "type": "Point", "coordinates": [ -63.79936997, -31.77954623 ] } },
{ "type": "Feature", "properties": { "Name": "647.04", "P.K.": null, "Al.Dist. Izq.": null, "Al.Dist. Der.": null, "Ruta": "1V09" }, "geometry": { "type": "Point", "coordinates": [ -63.80031914, -31.77850878 ] } },
{ "type": "Feature", "properties": { "Name": "647.29", "P.K.": null, "Al.Dist. Izq.": null, "Al.Dist. Der.": null, "Ruta": "1V09" }, "geometry": { "type": "Point", "coordinates": [ -63.80189225, -31.77664191 ] } },
{ "type": "Feature", "properties": { "Name": "647.48", "P.K.": null, "Al.Dist. Izq.": null, "Al.Dist. Der.": null, "Ruta": "1V09" }, "geometry": { "type": "Point", "coordinates": [ -63.80319912, -31.77530087 ] } },
{ "type": "Feature", "properties": { "Name": "647.48", "P.K.": null, "Al.Dist. Izq.": null, "Al.Dist. Der.": null, "Ruta": "1V09" }, "geometry": { "type": "Point", "coordinates": [ -63.80319912, -31.77530087 ] } },
{ "type": "Feature", "properties": { "Name": "647.55", "P.K.": null, "Al.Dist. Izq.": null, "Al.Dist. Der.": null, "Ruta": "1V09" }, "geometry": { "type": "Point", "coordinates": [ -63.80362, -31.77492 ] } },
{ "type": "Feature", "properties": { "Name": "647.62", "P.K.": null, "Al.Dist. Izq.": null, "Al.Dist. Der.": null, "Ruta": "1V09" }, "geometry": { "type": "Point", "coordinates": [ -63.8040169, -31.77437113 ] } },
{ "type": "Feature", "properties": { "Name": "647.81", "P.K.": null, "Al.Dist. Izq.": null, "Al.Dist. Der.": null, "Ruta": "1V09" }, "geometry": { "type": "Point", "coordinates": [ -63.80516964, -31.77296874 ] } },
{ "type": "Feature", "properties": { "Name": "647.81", "P.K.": null, "Al.Dist. Izq.": 10, "Al.Dist. Der.": 40, "Ruta": "1V09" }, "geometry": { "type": "Point", "coordinates": [ -63.80516964, -31.77296874 ] } },
{ "type": "Feature", "properties": { "Name": "647.83", "P.K.": null, "Al.Dist. Izq.": 10, "Al.Dist. Der.": 40, "Ruta": "1V09" }, "geometry": { "type": "Point", "coordinates": [ -63.80532347, -31.77294626 ] } },
{ "type": "Feature", "properties": { "Name": "647.85", "P.K.": null, "Al.Dist. Izq.": 10, "Al.Dist. Der.": 40, "Ruta": "1V09" }, "geometry": { "type": "Point", "coordinates": [ -63.80537912, -31.77264356 ] } },
{ "type": "Feature", "properties": { "Name": "647.88", "P.K.": null, "Al.Dist. Izq.": 10, "Al.Dist. Der.": 40, "Ruta": "1V09" }, "geometry": { "type": "Point", "coordinates": [ -63.80566679, -31.77258855 ] } },
{ "type": "Feature", "properties": { "Name": "647.9", "P.K.": null, "Al.Dist. Izq.": 10, "Al.Dist. Der.": 40, "Ruta": "1V09" }, "geometry": { "type": "Point", "coordinates": [ -63.80578849, -31.77245828 ] } },
{ "type": "Feature", "properties": { "Name": "647.93", "P.K.": null, "Al.Dist. Izq.": 10, "Al.Dist. Der.": 40, "Ruta": "1V09" }, "geometry": { "type": "Point", "coordinates": [ -63.80588371, -31.77201705 ] } },
{ "type": "Feature", "properties": { "Name": "647.94", "P.K.": null, "Al.Dist. Izq.": 10, "Al.Dist. Der.": 40, "Ruta": "1V09" }, "geometry": { "type": "Point", "coordinates": [ -63.80610969, -31.77218237 ] } },
{ "type": "Feature", "properties": { "Name": "647.97", "P.K.": null, "Al.Dist. Izq.": 10, "Al.Dist. Der.": 40, "Ruta": "1V09" }, "geometry": { "type": "Point", "coordinates": [ -63.80627766, -31.77195491 ] } },
{ "type": "Feature", "properties": { "Name": "648.06", "P.K.": null, "Al.Dist. Izq.": 10, "Al.Dist. Der.": 40, "Ruta": "1V09" }, "geometry": { "type": "Point", "coordinates": [ -63.8071306, -31.77165164 ] } },
{ "type": "Feature", "properties": { "Name": "648.1", "P.K.": null, "Al.Dist. Izq.": 10, "Al.Dist. Der.": 40, "Ruta": "1V09" }, "geometry": { "type": "Point", "coordinates": [ -63.80748888, -31.77137975 ] } },
{ "type": "Feature", "properties": { "Name": "648.16", "P.K.": null, "Al.Dist. Izq.": 10, "Al.Dist. Der.": 40, "Ruta": "1V09" }, "geometry": { "type": "Point", "coordinates": [ -63.80781658, -31.77090541 ] } },
{ "type": "Feature", "properties": { "Name": "648.17", "P.K.": null, "Al.Dist. Izq.": 10, "Al.Dist. Der.": 40, "Ruta": "1V09" }, "geometry": { "type": "Point", "coordinates": [ -63.80793761, -31.77089942 ] } },
{ "type": "Feature", "properties": { "Name": "648.19", "P.K.": null, "Al.Dist. Izq.": 10, "Al.Dist. Der.": 40, "Ruta": "1V09" }, "geometry": { "type": "Point", "coordinates": [ -63.80808614, -31.77074807 ] } },
{ "type": "Feature", "properties": { "Name": "648.21", "P.K.": null, "Al.Dist. Izq.": 10, "Al.Dist. Der.": 40, "Ruta": "1V09" }, "geometry": { "type": "Point", "coordinates": [ -63.8082853, -31.7706446 ] } },
{ "type": "Feature", "properties": { "Name": "648.32", "P.K.": null, "Al.Dist. Izq.": 10, "Al.Dist. Der.": 40, "Ruta": "1V09" }, "geometry": { "type": "Point", "coordinates": [ -63.80891193, -31.76987869 ] } },
{ "type": "Feature", "properties": { "Name": "648.41", "P.K.": null, "Al.Dist. Izq.": 10, "Al.Dist. Der.": 40, "Ruta": "1V09" }, "geometry": { "type": "Point", "coordinates": [ -63.80950235, -31.76921141 ] } },
{ "type": "Feature", "properties": { "Name": "648.51", "P.K.": null, "Al.Dist. Izq.": 10, "Al.Dist. Der.": 40, "Ruta": "1V09" }, "geometry": { "type": "Point", "coordinates": [ -63.81022688, -31.76865614 ] } },
{ "type": "Feature", "properties": { "Name": "648.53", "P.K.": null, "Al.Dist. Izq.": 10, "Al.Dist. Der.": 40, "Ruta": "1V09" }, "geometry": { "type": "Point", "coordinates": [ -63.81015075, -31.76838392 ] } },
{ "type": "Feature", "properties": { "Name": "648.7", "P.K.": null, "Al.Dist. Izq.": 10, "Al.Dist. Der.": 40, "Ruta": "1V09" }, "geometry": { "type": "Point", "coordinates": [ -63.81128535, -31.76713997 ] } },
{ "type": "Feature", "properties": { "Name": "648.88", "P.K.": null, "Al.Dist. Izq.": 10, "Al.Dist. Der.": 40, "Ruta": "1V09" }, "geometry": { "type": "Point", "coordinates": [ -63.81217517, -31.76571642 ] } },
{ "type": "Feature", "properties": { "Name": "648.9", "P.K.": null, "Al.Dist. Izq.": 10, "Al.Dist. Der.": 40, "Ruta": "1V09" }, "geometry": { "type": "Point", "coordinates": [ -63.81252654, -31.76571386 ] } },
{ "type": "Feature", "properties": { "Name": "649", "P.K.": "PK649", "Al.Dist. Izq.": 10, "Al.Dist. Der.": 40, "Ruta": "1V09" }, "geometry": { "type": "Point", "coordinates": [ -63.81310983, -31.76496425 ] } },
{ "type": "Feature", "properties": { "Name": "649.76", "P.K.": null, "Al.Dist. Izq.": 10, "Al.Dist. Der.": 40, "Ruta": "1V09" }, "geometry": { "type": "Point", "coordinates": [ -63.81743, -31.76008 ] } },
{ "type": "Feature", "properties": { "Name": "650", "P.K.": "PK650", "Al.Dist. Izq.": 10, "Al.Dist. Der.": 40, "Ruta": "1V09" }, "geometry": { "type": "Point", "coordinates": [ -63.81880693, -31.75860917 ] } },
{ "type": "Feature", "properties": { "Name": "650.62", "P.K.": null, "Al.Dist. Izq.": 10, "Al.Dist. Der.": 40, "Ruta": "1V09" }, "geometry": { "type": "Point", "coordinates": [ -63.82263587, -31.75406623 ] } },
{ "type": "Feature", "properties": { "Name": "650.62", "P.K.": null, "Al.Dist. Izq.": 10, "Al.Dist. Der.": 10, "Ruta": "1V09" }, "geometry": { "type": "Point", "coordinates": [ -63.82263587, -31.75406623 ] } },
{ "type": "Feature", "properties": { "Name": "651.22", "P.K.": null, "Al.Dist. Izq.": 10, "Al.Dist. Der.": 10, "Ruta": "1V09" }, "geometry": { "type": "Point", "coordinates": [ -63.82648, -31.74969 ] } },
{ "type": "Feature", "properties": { "Name": "651.57", "P.K.": null, "Al.Dist. Izq.": 10, "Al.Dist. Der.": 10, "Ruta": "1V09" }, "geometry": { "type": "Point", "coordinates": [ -63.82793784, -31.74653712 ] } },
{ "type": "Feature", "properties": { "Name": "651.59", "P.K.": null, "Al.Dist. Izq.": 10, "Al.Dist. Der.": 10, "Ruta": "1V09" }, "geometry": { "type": "Point", "coordinates": [ -63.82851887, -31.74686329 ] } },
{ "type": "Feature", "properties": { "Name": "651.59", "P.K.": null, "Al.Dist. Izq.": 10, "Al.Dist. Der.": 10, "Ruta": "1V09" }, "geometry": { "type": "Point", "coordinates": [ -63.82924508, -31.74744035 ] } },
{ "type": "Feature", "properties": { "Name": "653.02", "P.K.": null, "Al.Dist. Izq.": 10, "Al.Dist. Der.": 10, "Ruta": "1V09" }, "geometry": { "type": "Point", "coordinates": [ -63.83772355, -31.73656189 ] } },
{ "type": "Feature", "properties": { "Name": "653.37", "P.K.": null, "Al.Dist. Izq.": 10, "Al.Dist. Der.": 10, "Ruta": "1V09" }, "geometry": { "type": "Point", "coordinates": [ -63.84005, -31.73412 ] } },
{ "type": "Feature", "properties": { "Name": "654", "P.K.": "PK654", "Al.Dist. Izq.": 10, "Al.Dist. Der.": 10, "Ruta": "1V09" }, "geometry": { "type": "Point", "coordinates": [ -63.84409044, -31.72959926 ] } },
{ "type": "Feature", "properties": { "Name": "654.07", "P.K.": null, "Al.Dist. Izq.": 10, "Al.Dist. Der.": 10, "Ruta": "1V09" }, "geometry": { "type": "Point", "coordinates": [ -63.84455279, -31.72907655 ] } },
{ "type": "Feature", "properties": { "Name": "656.35", "P.K.": null, "Al.Dist. Izq.": 10, "Al.Dist. Der.": 10, "Ruta": "1V09" }, "geometry": { "type": "Point", "coordinates": [ -63.85914853, -31.71219112 ] } },
{ "type": "Feature", "properties": { "Name": "656.35", "P.K.": null, "Al.Dist. Izq.": 10, "Al.Dist. Der.": 20, "Ruta": "1V09" }, "geometry": { "type": "Point", "coordinates": [ -63.85914853, -31.71219112 ] } },
{ "type": "Feature", "properties": { "Name": "656.52", "P.K.": null, "Al.Dist. Izq.": 10, "Al.Dist. Der.": 20, "Ruta": "1V09" }, "geometry": { "type": "Point", "coordinates": [ -63.86020817, -31.71096438 ] } },
{ "type": "Feature", "properties": { "Name": "656.71", "P.K.": null, "Al.Dist. Izq.": 10, "Al.Dist. Der.": 20, "Ruta": "1V09" }, "geometry": { "type": "Point", "coordinates": [ -63.86158414, -31.7096552 ] } },
{ "type": "Feature", "properties": { "Name": "656.73", "P.K.": null, "Al.Dist. Izq.": 10, "Al.Dist. Der.": 20, "Ruta": "1V09" }, "geometry": { "type": "Point", "coordinates": [ -63.86139907, -31.70928782 ] } },
{ "type": "Feature", "properties": { "Name": "656.86", "P.K.": null, "Al.Dist. Izq.": 10, "Al.Dist. Der.": 20, "Ruta": "1V09" }, "geometry": { "type": "Point", "coordinates": [ -63.86242, -31.70845 ] } },
{ "type": "Feature", "properties": { "Name": "656.96", "P.K.": null, "Al.Dist. Izq.": 10, "Al.Dist. Der.": 20, "Ruta": "1V09" }, "geometry": { "type": "Point", "coordinates": [ -63.86303239, -31.70772514 ] } },
{ "type": "Feature", "properties": { "Name": "656.96", "P.K.": null, "Al.Dist. Izq.": null, "Al.Dist. Der.": null, "Ruta": "1V09" }, "geometry": { "type": "Point", "coordinates": [ -63.86303239, -31.70772514 ] } },
{ "type": "Feature", "properties": { "Name": "657.26", "P.K.": null, "Al.Dist. Izq.": null, "Al.Dist. Der.": null, "Ruta": "1V09" }, "geometry": { "type": "Point", "coordinates": [ -63.86499, -31.70548 ] } },
{ "type": "Feature", "properties": { "Name": "657.35", "P.K.": null, "Al.Dist. Izq.": null, "Al.Dist. Der.": null, "Ruta": "1V09" }, "geometry": { "type": "Point", "coordinates": [ -63.86550218, -31.70467899 ] } },
{ "type": "Feature", "properties": { "Name": "657.35", "P.K.": null, "Al.Dist. Izq.": null, "Al.Dist. Der.": null, "Ruta": "1V09" }, "geometry": { "type": "Point", "coordinates": [ -63.86550218, -31.70467899 ] } },
{ "type": "Feature", "properties": { "Name": "657.37", "P.K.": null, "Al.Dist. Izq.": null, "Al.Dist. Der.": null, "Ruta": "1V09" }, "geometry": { "type": "Point", "coordinates": [ -63.86578515, -31.70472634 ] } },
{ "type": "Feature", "properties": { "Name": "657.47", "P.K.": null, "Al.Dist. Izq.": null, "Al.Dist. Der.": null, "Ruta": "1V09" }, "geometry": { "type": "Point", "coordinates": [ -63.86635244, -31.70391968 ] } },
{ "type": "Feature", "properties": { "Name": "657.49", "P.K.": null, "Al.Dist. Izq.": null, "Al.Dist. Der.": null, "Ruta": "1V09" }, "geometry": { "type": "Point", "coordinates": [ -63.86631388, -31.70370203 ] } },
{ "type": "Feature", "properties": { "Name": "657.51", "P.K.": null, "Al.Dist. Izq.": null, "Al.Dist. Der.": null, "Ruta": "1V09" }, "geometry": { "type": "Point", "coordinates": [ -63.86633366, -31.70347184 ] } },
{ "type": "Feature", "properties": { "Name": "657.56", "P.K.": null, "Al.Dist. Izq.": null, "Al.Dist. Der.": null, "Ruta": "1V09" }, "geometry": { "type": "Point", "coordinates": [ -63.86646, -31.70307 ] } },
{ "type": "Feature", "properties": { "Name": "657.57", "P.K.": null, "Al.Dist. Izq.": null, "Al.Dist. Der.": null, "Ruta": "1V09" }, "geometry": { "type": "Point", "coordinates": [ -63.86643838, -31.70304071 ] } },
{ "type": "Feature", "properties": { "Name": "657.59", "P.K.": null, "Al.Dist. Izq.": null, "Al.Dist. Der.": null, "Ruta": "1V09" }, "geometry": { "type": "Point", "coordinates": [ -63.86715911, -31.70281235 ] } },
{ "type": "Feature", "properties": { "Name": "657.6", "P.K.": null, "Al.Dist. Izq.": null, "Al.Dist. Der.": null, "Ruta": "1V09" }, "geometry": { "type": "Point", "coordinates": [ -63.86642553, -31.70271765 ] } },
{ "type": "Feature", "properties": { "Name": "657.61", "P.K.": null, "Al.Dist. Izq.": null, "Al.Dist. Der.": null, "Ruta": "1V09" }, "geometry": { "type": "Point", "coordinates": [ -63.86631254, -31.70270196 ] } },
{ "type": "Feature", "properties": { "Name": "657.62", "P.K.": null, "Al.Dist. Izq.": null, "Al.Dist. Der.": null, "Ruta": "1V09" }, "geometry": { "type": "Point", "coordinates": [ -63.86646945, -31.7025291 ] } },
{ "type": "Feature", "properties": { "Name": "657.72", "P.K.": null, "Al.Dist. Izq.": null, "Al.Dist. Der.": null, "Ruta": "1V09" }, "geometry": { "type": "Point", "coordinates": [ -63.86654623, -31.70168333 ] } },
{ "type": "Feature", "properties": { "Name": "657.85", "P.K.": null, "Al.Dist. Izq.": null, "Al.Dist. Der.": null, "Ruta": "1V09" }, "geometry": { "type": "Point", "coordinates": [ -63.8677, -31.70092 ] } },
{ "type": "Feature", "properties": { "Name": "657.9", "P.K.": null, "Al.Dist. Izq.": null, "Al.Dist. Der.": null, "Ruta": "1V09" }, "geometry": { "type": "Point", "coordinates": [ -63.86814784, -31.70078849 ] } },
{ "type": "Feature", "properties": { "Name": "657.92", "P.K.": null, "Al.Dist. Izq.": null, "Al.Dist. Der.": null, "Ruta": "1V09" }, "geometry": { "type": "Point", "coordinates": [ -63.86839988, -31.70065266 ] } },
{ "type": "Feature", "properties": { "Name": "657.92", "P.K.": null, "Al.Dist. Izq.": 10, "Al.Dist. Der.": 20, "Ruta": "1V09" }, "geometry": { "type": "Point", "coordinates": [ -63.86839988, -31.70065266 ] } },
{ "type": "Feature", "properties": { "Name": "658.01", "P.K.": null, "Al.Dist. Izq.": 10, "Al.Dist. Der.": 20, "Ruta": "1V09" }, "geometry": { "type": "Point", "coordinates": [ -63.86916976, -31.70027275 ] } },
{ "type": "Feature", "properties": { "Name": "658.06", "P.K.": null, "Al.Dist. Izq.": 10, "Al.Dist. Der.": 20, "Ruta": "1V09" }, "geometry": { "type": "Point", "coordinates": [ -63.86960596, -31.7000745 ] } },
{ "type": "Feature", "properties": { "Name": "658.08", "P.K.": null, "Al.Dist. Izq.": 10, "Al.Dist. Der.": 20, "Ruta": "1V09" }, "geometry": { "type": "Point", "coordinates": [ -63.86969236, -31.6998132 ] } },
{ "type": "Feature", "properties": { "Name": "658.08", "P.K.": null, "Al.Dist. Izq.": 10, "Al.Dist. Der.": 20, "Ruta": "1V09" }, "geometry": { "type": "Point", "coordinates": [ -63.86969236, -31.6998132 ] } },
{ "type": "Feature", "properties": { "Name": "658.12", "P.K.": null, "Al.Dist. Izq.": 10, "Al.Dist. Der.": 20, "Ruta": "1V09" }, "geometry": { "type": "Point", "coordinates": [ -63.87008037, -31.69963863 ] } },
{ "type": "Feature", "properties": { "Name": "658.15", "P.K.": null, "Al.Dist. Izq.": 10, "Al.Dist. Der.": 20, "Ruta": "1V09" }, "geometry": { "type": "Point", "coordinates": [ -63.87024332, -31.69940842 ] } },
{ "type": "Feature", "properties": { "Name": "658.2", "P.K.": null, "Al.Dist. Izq.": 10, "Al.Dist. Der.": 20, "Ruta": "1V09" }, "geometry": { "type": "Point", "coordinates": [ -63.87050685, -31.69899965 ] } },
{ "type": "Feature", "properties": { "Name": "658.21", "P.K.": null, "Al.Dist. Izq.": 10, "Al.Dist. Der.": 20, "Ruta": "1V09" }, "geometry": { "type": "Point", "coordinates": [ -63.87069292, -31.69897626 ] } },
{ "type": "Feature", "properties": { "Name": "658.24", "P.K.": null, "Al.Dist. Izq.": 10, "Al.Dist. Der.": 20, "Ruta": "1V09" }, "geometry": { "type": "Point", "coordinates": [ -63.87084983, -31.69870098 ] } },
{ "type": "Feature", "properties": { "Name": "658.28", "P.K.": null, "Al.Dist. Izq.": 10, "Al.Dist. Der.": 20, "Ruta": "1V09" }, "geometry": { "type": "Point", "coordinates": [ -63.871182, -31.698437 ] } },
{ "type": "Feature", "properties": { "Name": "658.38", "P.K.": null, "Al.Dist. Izq.": 10, "Al.Dist. Der.": 20, "Ruta": "1V09" }, "geometry": { "type": "Point", "coordinates": [ -63.87145, -31.697552 ] } },
{ "type": "Feature", "properties": { "Name": "658.57", "P.K.": null, "Al.Dist. Izq.": 10, "Al.Dist. Der.": 20, "Ruta": "1V09" }, "geometry": { "type": "Point", "coordinates": [ -63.87113918, -31.69582579 ] } },
{ "type": "Feature", "properties": { "Name": "658.57", "P.K.": null, "Al.Dist. Izq.": 10, "Al.Dist. Der.": 20, "Ruta": "1V09" }, "geometry": { "type": "Point", "coordinates": [ -63.87105368, -31.6958218 ] } },
{ "type": "Feature", "properties": { "Name": "658.75", "P.K.": null, "Al.Dist. Izq.": 10, "Al.Dist. Der.": 20, "Ruta": "1V09" }, "geometry": { "type": "Point", "coordinates": [ -63.87067823, -31.69418103 ] } },
{ "type": "Feature", "properties": { "Name": "658.82", "P.K.": null, "Al.Dist. Izq.": 10, "Al.Dist. Der.": 20, "Ruta": "1V09" }, "geometry": { "type": "Point", "coordinates": [ -63.87064, -31.69355 ] } },
{ "type": "Feature", "properties": { "Name": "658.87", "P.K.": null, "Al.Dist. Izq.": 10, "Al.Dist. Der.": 20, "Ruta": "1V09" }, "geometry": { "type": "Point", "coordinates": [ -63.87052, -31.69311 ] } },
{ "type": "Feature", "properties": { "Name": "658.87", "P.K.": null, "Al.Dist. Izq.": null, "Al.Dist. Der.": null, "Ruta": "1V09" }, "geometry": { "type": "Point", "coordinates": [ -63.87052, -31.69311 ] } },
{ "type": "Feature", "properties": { "Name": "658.9", "P.K.": null, "Al.Dist. Izq.": null, "Al.Dist. Der.": null, "Ruta": "1V09" }, "geometry": { "type": "Point", "coordinates": [ -63.8705045, -31.69285096 ] } },
{ "type": "Feature", "properties": { "Name": "658.92", "P.K.": null, "Al.Dist. Izq.": null, "Al.Dist. Der.": null, "Ruta": "1V09" }, "geometry": { "type": "Point", "coordinates": [ -63.870431, -31.692662 ] } },
{ "type": "Feature", "properties": { "Name": "659", "P.K.": "PK659", "Al.Dist. Izq.": null, "Al.Dist. Der.": null, "Ruta": "1V09" }, "geometry": { "type": "Point", "coordinates": [ -63.87034088, -31.69196117 ] } },
{ "type": "Feature", "properties": { "Name": "659.01", "P.K.": null, "Al.Dist. Izq.": null, "Al.Dist. Der.": null, "Ruta": "1V09" }, "geometry": { "type": "Point", "coordinates": [ -63.87045924, -31.69189812 ] } },
{ "type": "Feature", "properties": { "Name": "659.06", "P.K.": null, "Al.Dist. Izq.": null, "Al.Dist. Der.": null, "Ruta": "1V09" }, "geometry": { "type": "Point", "coordinates": [ -63.870692, -31.691514 ] } },
{ "type": "Feature", "properties": { "Name": "659.14", "P.K.": null, "Al.Dist. Izq.": null, "Al.Dist. Der.": null, "Ruta": "1V09" }, "geometry": { "type": "Point", "coordinates": [ -63.87122, -31.69092 ] } },
{ "type": "Feature", "properties": { "Name": "659.15", "P.K.": null, "Al.Dist. Izq.": null, "Al.Dist. Der.": null, "Ruta": "1V09" }, "geometry": { "type": "Point", "coordinates": [ -63.87131453, -31.6908303 ] } },
{ "type": "Feature", "properties": { "Name": "659.28", "P.K.": null, "Al.Dist. Izq.": null, "Al.Dist. Der.": null, "Ruta": "1V09" }, "geometry": { "type": "Point", "coordinates": [ -63.87211, -31.6899 ] } },
{ "type": "Feature", "properties": { "Name": "659.29", "P.K.": null, "Al.Dist. Izq.": null, "Al.Dist. Der.": null, "Ruta": "1V09" }, "geometry": { "type": "Point", "coordinates": [ -63.87217652, -31.68987574 ] } },
{ "type": "Feature", "properties": { "Name": "659.29", "P.K.": null, "Al.Dist. Izq.": null, "Al.Dist. Der.": null, "Ruta": "1V09" }, "geometry": { "type": "Point", "coordinates": [ -63.87217652, -31.68987574 ] } },
{ "type": "Feature", "properties": { "Name": "659.31", "P.K.": null, "Al.Dist. Izq.": null, "Al.Dist. Der.": null, "Ruta": "1V09" }, "geometry": { "type": "Point", "coordinates": [ -63.8723512, -31.68969515 ] } },
{ "type": "Feature", "properties": { "Name": "659.57", "P.K.": null, "Al.Dist. Izq.": null, "Al.Dist. Der.": null, "Ruta": "1V09" }, "geometry": { "type": "Point", "coordinates": [ -63.87396321, -31.68767357 ] } },
{ "type": "Feature", "properties": { "Name": "659.84", "P.K.": null, "Al.Dist. Izq.": null, "Al.Dist. Der.": null, "Ruta": "1V09" }, "geometry": { "type": "Point", "coordinates": [ -63.87570798, -31.68576864 ] } },
{ "type": "Feature", "properties": { "Name": "659.86", "P.K.": null, "Al.Dist. Izq.": null, "Al.Dist. Der.": null, "Ruta": "1V09" }, "geometry": { "type": "Point", "coordinates": [ -63.87585081, -31.68570873 ] } },
{ "type": "Feature", "properties": { "Name": "659.97", "P.K.": null, "Al.Dist. Izq.": null, "Al.Dist. Der.": null, "Ruta": "1V09" }, "geometry": { "type": "Point", "coordinates": [ -63.87653645, -31.68484484 ] } },
{ "type": "Feature", "properties": { "Name": "660", "P.K.": "PK660", "Al.Dist. Izq.": null, "Al.Dist. Der.": null, "Ruta": "1V09" }, "geometry": { "type": "Point", "coordinates": [ -63.87675103, -31.68473385 ] } },
{ "type": "Feature", "properties": { "Name": "660.09", "P.K.": null, "Al.Dist. Izq.": null, "Al.Dist. Der.": null, "Ruta": "1V09" }, "geometry": { "type": "Point", "coordinates": [ -63.87725763, -31.68409991 ] } },
{ "type": "Feature", "properties": { "Name": "660.13", "P.K.": null, "Al.Dist. Izq.": null, "Al.Dist. Der.": null, "Ruta": "1V09" }, "geometry": { "type": "Point", "coordinates": [ -63.87746248, -31.68379206 ] } },
{ "type": "Feature", "properties": { "Name": "660.22", "P.K.": null, "Al.Dist. Izq.": null, "Al.Dist. Der.": null, "Ruta": "1V09" }, "geometry": { "type": "Point", "coordinates": [ -63.87794381, -31.68314175 ] } },
{ "type": "Feature", "properties": { "Name": "660.24", "P.K.": null, "Al.Dist. Izq.": null, "Al.Dist. Der.": null, "Ruta": "1V09" }, "geometry": { "type": "Point", "coordinates": [ -63.8780655, -31.68299951 ] } },
{ "type": "Feature", "properties": { "Name": "660.28", "P.K.": null, "Al.Dist. Izq.": null, "Al.Dist. Der.": null, "Ruta": "1V09" }, "geometry": { "type": "Point", "coordinates": [ -63.87833789, -31.6827641 ] } },
{ "type": "Feature", "properties": { "Name": "660.34", "P.K.": null, "Al.Dist. Izq.": null, "Al.Dist. Der.": null, "Ruta": "1V09" }, "geometry": { "type": "Point", "coordinates": [ -63.87879957, -31.68238663 ] } },
{ "type": "Feature", "properties": { "Name": "660.52", "P.K.": null, "Al.Dist. Izq.": null, "Al.Dist. Der.": null, "Ruta": "1V09" }, "geometry": { "type": "Point", "coordinates": [ -63.87972896, -31.68111789 ] } },
{ "type": "Feature", "properties": { "Name": "660.62", "P.K.": null, "Al.Dist. Izq.": null, "Al.Dist. Der.": null, "Ruta": "1V09" }, "geometry": { "type": "Point", "coordinates": [ -63.88045147, -31.68050042 ] } },
{ "type": "Feature", "properties": { "Name": "660.63", "P.K.": null, "Al.Dist. Izq.": null, "Al.Dist. Der.": null, "Ruta": "1V09" }, "geometry": { "type": "Point", "coordinates": [ -63.88038235, -31.68035369 ] } },
{ "type": "Feature", "properties": { "Name": "660.67", "P.K.": null, "Al.Dist. Izq.": null, "Al.Dist. Der.": null, "Ruta": "1V09" }, "geometry": { "type": "Point", "coordinates": [ -63.88071131, -31.68018629 ] } },
{ "type": "Feature", "properties": { "Name": "660.82", "P.K.": null, "Al.Dist. Izq.": null, "Al.Dist. Der.": null, "Ruta": "1V09" }, "geometry": { "type": "Point", "coordinates": [ -63.88143919, -31.67905642 ] } },
{ "type": "Feature", "properties": { "Name": "660.85", "P.K.": null, "Al.Dist. Izq.": null, "Al.Dist. Der.": null, "Ruta": "1V09" }, "geometry": { "type": "Point", "coordinates": [ -63.88176139, -31.67895028 ] } },
{ "type": "Feature", "properties": { "Name": "660.88", "P.K.": null, "Al.Dist. Izq.": null, "Al.Dist. Der.": null, "Ruta": "1V09" }, "geometry": { "type": "Point", "coordinates": [ -63.88190959, -31.67869007 ] } },
{ "type": "Feature", "properties": { "Name": "660.91", "P.K.": null, "Al.Dist. Izq.": null, "Al.Dist. Der.": null, "Ruta": "1V09" }, "geometry": { "type": "Point", "coordinates": [ -63.88212986, -31.67855483 ] } },
{ "type": "Feature", "properties": { "Name": "661", "P.K.": "PK661", "Al.Dist. Izq.": null, "Al.Dist. Der.": null, "Ruta": "1V09" }, "geometry": { "type": "Point", "coordinates": [ -63.88255365, -31.67786063 ] } },
{ "type": "Feature", "properties": { "Name": "661.57", "P.K.": null, "Al.Dist. Izq.": null, "Al.Dist. Der.": null, "Ruta": "1V09" }, "geometry": { "type": "Point", "coordinates": [ -63.88647961, -31.67338178 ] } },
{ "type": "Feature", "properties": { "Name": "661.62", "P.K.": null, "Al.Dist. Izq.": null, "Al.Dist. Der.": null, "Ruta": "1V09" }, "geometry": { "type": "Point", "coordinates": [ -63.88684965, -31.67294537 ] } },
{ "type": "Feature", "properties": { "Name": "661.81", "P.K.": null, "Al.Dist. Izq.": null, "Al.Dist. Der.": null, "Ruta": "1V09" }, "geometry": { "type": "Point", "coordinates": [ -63.88818026, -31.67151052 ] } },
{ "type": "Feature", "properties": { "Name": "661.85", "P.K.": null, "Al.Dist. Izq.": null, "Al.Dist. Der.": null, "Ruta": "1V09" }, "geometry": { "type": "Point", "coordinates": [ -63.88837237, -31.67118636 ] } },
{ "type": "Feature", "properties": { "Name": "661.96", "P.K.": null, "Al.Dist. Izq.": null, "Al.Dist. Der.": null, "Ruta": "1V09" }, "geometry": { "type": "Point", "coordinates": [ -63.88909925, -31.67023388 ] } },
{ "type": "Feature", "properties": { "Name": "661.98", "P.K.": null, "Al.Dist. Izq.": null, "Al.Dist. Der.": null, "Ruta": "1V09" }, "geometry": { "type": "Point", "coordinates": [ -63.88923001, -31.67013829 ] } },
{ "type": "Feature", "properties": { "Name": "662", "P.K.": null, "Al.Dist. Izq.": null, "Al.Dist. Der.": null, "Ruta": "1V09" }, "geometry": { "type": "Point", "coordinates": [ -63.88934266, -31.66997735 ] } },
{ "type": "Feature", "properties": { "Name": "662.02", "P.K.": null, "Al.Dist. Izq.": null, "Al.Dist. Der.": null, "Ruta": "1V09" }, "geometry": { "type": "Point", "coordinates": [ -63.88968464, -31.66980842 ] } },
{ "type": "Feature", "properties": { "Name": "662.03", "P.K.": null, "Al.Dist. Izq.": null, "Al.Dist. Der.": null, "Ruta": "1V09" }, "geometry": { "type": "Point", "coordinates": [ -63.88968095, -31.66967459 ] } },
{ "type": "Feature", "properties": { "Name": "662.04", "P.K.": null, "Al.Dist. Izq.": null, "Al.Dist. Der.": null, "Ruta": "1V09" }, "geometry": { "type": "Point", "coordinates": [ -63.8896, -31.66957 ] } },
{ "type": "Feature", "properties": { "Name": "662.07", "P.K.": null, "Al.Dist. Izq.": null, "Al.Dist. Der.": null, "Ruta": "1V09" }, "geometry": { "type": "Point", "coordinates": [ -63.88967894, -31.6693433 ] } },
{ "type": "Feature", "properties": { "Name": "662.11", "P.K.": null, "Al.Dist. Izq.": null, "Al.Dist. Der.": null, "Ruta": "1V09" }, "geometry": { "type": "Point", "coordinates": [ -63.88983283, -31.66887475 ] } },
{ "type": "Feature", "properties": { "Name": "662.15", "P.K.": null, "Al.Dist. Izq.": null, "Al.Dist. Der.": null, "Ruta": "1V09" }, "geometry": { "type": "Point", "coordinates": [ -63.8898325, -31.66854089 ] } },
{ "type": "Feature", "properties": { "Name": "662.17", "P.K.": null, "Al.Dist. Izq.": null, "Al.Dist. Der.": null, "Ruta": "1V09" }, "geometry": { "type": "Point", "coordinates": [ -63.88967501, -31.6683238 ] } },
{ "type": "Feature", "properties": { "Name": "662.25", "P.K.": null, "Al.Dist. Izq.": null, "Al.Dist. Der.": null, "Ruta": "1V09" }, "geometry": { "type": "Point", "coordinates": [ -63.88968, -31.66779 ] } },
{ "type": "Feature", "properties": { "Name": "662.25", "P.K.": null, "Al.Dist. Izq.": 10, "Al.Dist. Der.": 20, "Ruta": "1V09" }, "geometry": { "type": "Point", "coordinates": [ -63.88968, -31.66779 ] } },
{ "type": "Feature", "properties": { "Name": "662.39", "P.K.": null, "Al.Dist. Izq.": 10, "Al.Dist. Der.": 20, "Ruta": "1V09" }, "geometry": { "type": "Point", "coordinates": [ -63.88943448, -31.66691612 ] } },
{ "type": "Feature", "properties": { "Name": "662.48", "P.K.": null, "Al.Dist. Izq.": 10, "Al.Dist. Der.": 20, "Ruta": "1V09" }, "geometry": { "type": "Point", "coordinates": [ -63.88937902, -31.6663062 ] } },
{ "type": "Feature", "properties": { "Name": "662.61", "P.K.": null, "Al.Dist. Izq.": 10, "Al.Dist. Der.": 20, "Ruta": "1V09" }, "geometry": { "type": "Point", "coordinates": [ -63.88938624, -31.66536913 ] } },
{ "type": "Feature", "properties": { "Name": "662.71", "P.K.": null, "Al.Dist. Izq.": 10, "Al.Dist. Der.": 20, "Ruta": "1V09" }, "geometry": { "type": "Point", "coordinates": [ -63.88982981, -31.66446453 ] } },
{ "type": "Feature", "properties": { "Name": "662.72", "P.K.": null, "Al.Dist. Izq.": 10, "Al.Dist. Der.": 20, "Ruta": "1V09" }, "geometry": { "type": "Point", "coordinates": [ -63.89000986, -31.66448508 ] } },
{ "type": "Feature", "properties": { "Name": "662.73", "P.K.": null, "Al.Dist. Izq.": 10, "Al.Dist. Der.": 20, "Ruta": "1V09" }, "geometry": { "type": "Point", "coordinates": [ -63.88998852, -31.66435436 ] } },
{ "type": "Feature", "properties": { "Name": "662.75", "P.K.": null, "Al.Dist. Izq.": 10, "Al.Dist. Der.": 20, "Ruta": "1V09" }, "geometry": { "type": "Point", "coordinates": [ -63.89029182, -31.66420228 ] } },
{ "type": "Feature", "properties": { "Name": "662.78", "P.K.": null, "Al.Dist. Izq.": 10, "Al.Dist. Der.": 20, "Ruta": "1V09" }, "geometry": { "type": "Point", "coordinates": [ -63.89030188, -31.66379706 ] } },
{ "type": "Feature", "properties": { "Name": "662.79", "P.K.": null, "Al.Dist. Izq.": 10, "Al.Dist. Der.": 20, "Ruta": "1V09" }, "geometry": { "type": "Point", "coordinates": [ -63.89051713, -31.66391434 ] } },
{ "type": "Feature", "properties": { "Name": "662.79", "P.K.": null, "Al.Dist. Izq.": 10, "Al.Dist. Der.": 20, "Ruta": "1V09" }, "geometry": { "type": "Point", "coordinates": [ -63.89051713, -31.66391434 ] } },
{ "type": "Feature", "properties": { "Name": "662.8", "P.K.": null, "Al.Dist. Izq.": 10, "Al.Dist. Der.": 20, "Ruta": "1V09" }, "geometry": { "type": "Point", "coordinates": [ -63.89051989, -31.66375842 ] } },
{ "type": "Feature", "properties": { "Name": "662.82", "P.K.": null, "Al.Dist. Izq.": 10, "Al.Dist. Der.": 20, "Ruta": "1V09" }, "geometry": { "type": "Point", "coordinates": [ -63.89073338, -31.66365095 ] } },
{ "type": "Feature", "properties": { "Name": "662.83", "P.K.": null, "Al.Dist. Izq.": 10, "Al.Dist. Der.": 20, "Ruta": "1V09" }, "geometry": { "type": "Point", "coordinates": [ -63.89069357, -31.66351569 ] } },
{ "type": "Feature", "properties": { "Name": "662.9", "P.K.": null, "Al.Dist. Izq.": 10, "Al.Dist. Der.": 20, "Ruta": "1V09" }, "geometry": { "type": "Point", "coordinates": [ -63.89134493, -31.66305196 ] } },
{ "type": "Feature", "properties": { "Name": "663", "P.K.": "PK663", "Al.Dist. Izq.": 10, "Al.Dist. Der.": 20, "Ruta": "1V09" }, "geometry": { "type": "Point", "coordinates": [ -63.89192965, -31.6621225 ] } },
{ "type": "Feature", "properties": { "Name": "663.02", "P.K.": null, "Al.Dist. Izq.": 10, "Al.Dist. Der.": 20, "Ruta": "1V09" }, "geometry": { "type": "Point", "coordinates": [ -63.89202721, -31.6620152 ] } },
{ "type": "Feature", "properties": { "Name": "663.06", "P.K.": null, "Al.Dist. Izq.": 10, "Al.Dist. Der.": 20, "Ruta": "1V09" }, "geometry": { "type": "Point", "coordinates": [ -63.8924785, -31.66178348 ] } },
{ "type": "Feature", "properties": { "Name": "663.09", "P.K.": null, "Al.Dist. Izq.": 10, "Al.Dist. Der.": 20, "Ruta": "1V09" }, "geometry": { "type": "Point", "coordinates": [ -63.89252577, -31.66142876 ] } },
{ "type": "Feature", "properties": { "Name": "663.25", "P.K.": null, "Al.Dist. Izq.": 10, "Al.Dist. Der.": 20, "Ruta": "1V09" }, "geometry": { "type": "Point", "coordinates": [ -63.89352389, -31.66054837 ] } },
{ "type": "Feature", "properties": { "Name": "663.42", "P.K.": null, "Al.Dist. Izq.": 10, "Al.Dist. Der.": 20, "Ruta": "1V09" }, "geometry": { "type": "Point", "coordinates": [ -63.89448445, -31.65944509 ] } },
{ "type": "Feature", "properties": { "Name": "663.42", "P.K.": null, "Al.Dist. Izq.": 10, "Al.Dist. Der.": 20, "Ruta": "1V09" }, "geometry": { "type": "Point", "coordinates": [ -63.8943718, -31.65935691 ] } },
{ "type": "Feature", "properties": { "Name": "663.63", "P.K.": null, "Al.Dist. Izq.": 10, "Al.Dist. Der.": 20, "Ruta": "1V09" }, "geometry": { "type": "Point", "coordinates": [ -63.89560461, -31.65802959 ] } },
{ "type": "Feature", "properties": { "Name": "663.77", "P.K.": null, "Al.Dist. Izq.": 10, "Al.Dist. Der.": 20, "Ruta": "1V09" }, "geometry": { "type": "Point", "coordinates": [ -63.89660853, -31.65688545 ] } },
{ "type": "Feature", "properties": { "Name": "664", "P.K.": "PK664", "Al.Dist. Izq.": 10, "Al.Dist. Der.": 20, "Ruta": "1V09" }, "geometry": { "type": "Point", "coordinates": [ -63.89829386, -31.65518539 ] } },
{ "type": "Feature", "properties": { "Name": "664.02", "P.K.": null, "Al.Dist. Izq.": 10, "Al.Dist. Der.": 20, "Ruta": "1V09" }, "geometry": { "type": "Point", "coordinates": [ -63.89858019, -31.65502757 ] } },
{ "type": "Feature", "properties": { "Name": "664.06", "P.K.": null, "Al.Dist. Izq.": 10, "Al.Dist. Der.": 20, "Ruta": "1V09" }, "geometry": { "type": "Point", "coordinates": [ -63.89875486, -31.65469081 ] } },
{ "type": "Feature", "properties": { "Name": "664.07", "P.K.": null, "Al.Dist. Izq.": 10, "Al.Dist. Der.": 20, "Ruta": "1V09" }, "geometry": { "type": "Point", "coordinates": [ -63.89879, -31.65447 ] } },
{ "type": "Feature", "properties": { "Name": "664.07", "P.K.": null, "Al.Dist. Izq.": 10, "Al.Dist. Der.": 20, "Ruta": "1V09" }, "geometry": { "type": "Point", "coordinates": [ -63.89891982, -31.65451186 ] } },
{ "type": "Feature", "properties": { "Name": "664.09", "P.K.": null, "Al.Dist. Izq.": 10, "Al.Dist. Der.": 20, "Ruta": "1V09" }, "geometry": { "type": "Point", "coordinates": [ -63.89906131, -31.65435689 ] } },
{ "type": "Feature", "properties": { "Name": "664.12", "P.K.": null, "Al.Dist. Izq.": 10, "Al.Dist. Der.": 20, "Ruta": "1V09" }, "geometry": { "type": "Point", "coordinates": [ -63.89929198, -31.65410346 ] } },
{ "type": "Feature", "properties": { "Name": "664.13", "P.K.": null, "Al.Dist. Izq.": 10, "Al.Dist. Der.": 20, "Ruta": "1V09" }, "geometry": { "type": "Point", "coordinates": [ -63.89942072, -31.6539873 ] } },
{ "type": "Feature", "properties": { "Name": "664.14", "P.K.": null, "Al.Dist. Izq.": 10, "Al.Dist. Der.": 20, "Ruta": "1V09" }, "geometry": { "type": "Point", "coordinates": [ -63.89944956, -31.6537781 ] } },
{ "type": "Feature", "properties": { "Name": "664.16", "P.K.": null, "Al.Dist. Izq.": 10, "Al.Dist. Der.": 20, "Ruta": "1V09" }, "geometry": { "type": "Point", "coordinates": [ -63.89947403, -31.6536003 ] } },
{ "type": "Feature", "properties": { "Name": "664.16", "P.K.": null, "Al.Dist. Izq.": 10, "Al.Dist. Der.": 20, "Ruta": "1V09" }, "geometry": { "type": "Point", "coordinates": [ -63.89947403, -31.6536003 ] } },
{ "type": "Feature", "properties": { "Name": "664.17", "P.K.": null, "Al.Dist. Izq.": 10, "Al.Dist. Der.": 20, "Ruta": "1V09" }, "geometry": { "type": "Point", "coordinates": [ -63.89953812, -31.65353334 ] } },
{ "type": "Feature", "properties": { "Name": "664.29", "P.K.": null, "Al.Dist. Izq.": 10, "Al.Dist. Der.": 20, "Ruta": "1V09" }, "geometry": { "type": "Point", "coordinates": [ -63.9004698, -31.652447 ] } },
{ "type": "Feature", "properties": { "Name": "664.33", "P.K.": null, "Al.Dist. Izq.": 10, "Al.Dist. Der.": 20, "Ruta": "1V09" }, "geometry": { "type": "Point", "coordinates": [ -63.9009, -31.65211 ] } },
{ "type": "Feature", "properties": { "Name": "664.36", "P.K.": null, "Al.Dist. Izq.": 10, "Al.Dist. Der.": 20, "Ruta": "1V09" }, "geometry": { "type": "Point", "coordinates": [ -63.90109704, -31.65179504 ] } },
{ "type": "Feature", "properties": { "Name": "664.36", "P.K.": null, "Al.Dist. Izq.": null, "Al.Dist. Der.": null, "Ruta": "1V09" }, "geometry": { "type": "Point", "coordinates": [ -63.90109704, -31.65179504 ] } },
{ "type": "Feature", "properties": { "Name": "664.37", "P.K.": null, "Al.Dist. Izq.": null, "Al.Dist. Der.": null, "Ruta": "1V09" }, "geometry": { "type": "Point", "coordinates": [ -63.90116351, -31.65168162 ] } },
{ "type": "Feature", "properties": { "Name": "664.4", "P.K.": null, "Al.Dist. Izq.": null, "Al.Dist. Der.": null, "Ruta": "1V09" }, "geometry": { "type": "Point", "coordinates": [ -63.90139651, -31.65143895 ] } },
{ "type": "Feature", "properties": { "Name": "664.42", "P.K.": null, "Al.Dist. Izq.": null, "Al.Dist. Der.": null, "Ruta": "1V09" }, "geometry": { "type": "Point", "coordinates": [ -63.90156347, -31.65125029 ] } },
{ "type": "Feature", "properties": { "Name": "664.52", "P.K.": null, "Al.Dist. Izq.": null, "Al.Dist. Der.": null, "Ruta": "1V09" }, "geometry": { "type": "Point", "coordinates": [ -63.90231818, -31.65017373 ] } },
{ "type": "Feature", "properties": { "Name": "664.57", "P.K.": null, "Al.Dist. Izq.": null, "Al.Dist. Der.": null, "Ruta": "1V09" }, "geometry": { "type": "Point", "coordinates": [ -63.9029438, -31.65001219 ] } },
{ "type": "Feature", "properties": { "Name": "664.63", "P.K.": null, "Al.Dist. Izq.": null, "Al.Dist. Der.": null, "Ruta": "1V09" }, "geometry": { "type": "Point", "coordinates": [ -63.90333977, -31.649388 ] } },
{ "type": "Feature", "properties": { "Name": "664.64", "P.K.": null, "Al.Dist. Izq.": null, "Al.Dist. Der.": null, "Ruta": "1V09" }, "geometry": { "type": "Point", "coordinates": [ -63.90353289, -31.64935461 ] } },
{ "type": "Feature", "properties": { "Name": "664.87", "P.K.": null, "Al.Dist. Izq.": null, "Al.Dist. Der.": null, "Ruta": "1V09" }, "geometry": { "type": "Point", "coordinates": [ -63.904868, -31.646965 ] } },
{ "type": "Feature", "properties": { "Name": "665", "P.K.": "PK665", "Al.Dist. Izq.": null, "Al.Dist. Der.": null, "Ruta": "1V09" }, "geometry": { "type": "Point", "coordinates": [ -63.90622531, -31.64593813 ] } },
{ "type": "Feature", "properties": { "Name": "665.7", "P.K.": null, "Al.Dist. Izq.": null, "Al.Dist. Der.": null, "Ruta": "1V09" }, "geometry": { "type": "Point", "coordinates": [ -63.90950516, -31.64209058 ] } },
{ "type": "Feature", "properties": { "Name": "666", "P.K.": null, "Al.Dist. Izq.": null, "Al.Dist. Der.": null, "Ruta": "1V09" }, "geometry": { "type": "Point", "coordinates": [ -63.911019, -31.6404 ] } },
{ "type": "Feature", "properties": { "Name": "666.01", "P.K.": null, "Al.Dist. Izq.": null, "Al.Dist. Der.": null, "Ruta": "1V09" }, "geometry": { "type": "Point", "coordinates": [ -63.91117048, -31.64048043 ] } },
{ "type": "Feature", "properties": { "Name": "666.05", "P.K.": null, "Al.Dist. Izq.": null, "Al.Dist. Der.": null, "Ruta": "1V09" }, "geometry": { "type": "Point", "coordinates": [ -63.91135, -31.64035 ] } },
{ "type": "Feature", "properties": { "Name": "666.09", "P.K.": null, "Al.Dist. Izq.": null, "Al.Dist. Der.": null, "Ruta": "1V09" }, "geometry": { "type": "Point", "coordinates": [ -63.91173139, -31.64038566 ] } },
{ "type": "Feature", "properties": { "Name": "666.25", "P.K.": null, "Al.Dist. Izq.": null, "Al.Dist. Der.": null, "Ruta": "1V09" }, "geometry": { "type": "Point", "coordinates": [ -63.912936, -31.640432 ] } },
{ "type": "Feature", "properties": { "Name": "666.33", "P.K.": null, "Al.Dist. Izq.": null, "Al.Dist. Der.": null, "Ruta": "1V09" }, "geometry": { "type": "Point", "coordinates": [ -63.91354255, -31.640624 ] } },
{ "type": "Feature", "properties": { "Name": "666.33", "P.K.": null, "Al.Dist. Izq.": null, "Al.Dist. Der.": null, "Ruta": "1V09" }, "geometry": { "type": "Point", "coordinates": [ -63.91354255, -31.640624 ] } },
{ "type": "Feature", "properties": { "Name": "666.37", "P.K.": null, "Al.Dist. Izq.": null, "Al.Dist. Der.": null, "Ruta": "1V09" }, "geometry": { "type": "Point", "coordinates": [ -63.91384497, -31.64074046 ] } },
{ "type": "Feature", "properties": { "Name": "666.38", "P.K.": null, "Al.Dist. Izq.": null, "Al.Dist. Der.": null, "Ruta": "1V09" }, "geometry": { "type": "Point", "coordinates": [ -63.91389929, -31.6405966 ] } },
{ "type": "Feature", "properties": { "Name": "666.39", "P.K.": null, "Al.Dist. Izq.": null, "Al.Dist. Der.": null, "Ruta": "1V09" }, "geometry": { "type": "Point", "coordinates": [ -63.91406793, -31.64069879 ] } },
{ "type": "Feature", "properties": { "Name": "666.47", "P.K.": null, "Al.Dist. Izq.": null, "Al.Dist. Der.": null, "Ruta": "1V09" }, "geometry": { "type": "Point", "coordinates": [ -63.91466, -31.64073 ] } },
{ "type": "Feature", "properties": { "Name": "666.53", "P.K.": null, "Al.Dist. Izq.": null, "Al.Dist. Der.": null, "Ruta": "1V09" }, "geometry": { "type": "Point", "coordinates": [ -63.91503561, -31.64066573 ] } },
{ "type": "Feature", "properties": { "Name": "666.54", "P.K.": null, "Al.Dist. Izq.": null, "Al.Dist. Der.": null, "Ruta": "1V09" }, "geometry": { "type": "Point", "coordinates": [ -63.91512372, -31.64048157 ] } },
{ "type": "Feature", "properties": { "Name": "666.59", "P.K.": null, "Al.Dist. Izq.": null, "Al.Dist. Der.": null, "Ruta": "1V09" }, "geometry": { "type": "Point", "coordinates": [ -63.91562629, -31.64116577 ] } },
{ "type": "Feature", "properties": { "Name": "666.63", "P.K.": null, "Al.Dist. Izq.": null, "Al.Dist. Der.": null, "Ruta": "1V09" }, "geometry": { "type": "Point", "coordinates": [ -63.91593508, -31.64132847 ] } },
{ "type": "Feature", "properties": { "Name": "666.63", "P.K.": null, "Al.Dist. Izq.": null, "Al.Dist. Der.": null, "Ruta": "1V09" }, "geometry": { "type": "Point", "coordinates": [ -63.91596224, -31.64118432 ] } },
{ "type": "Feature", "properties": { "Name": "666.74", "P.K.": null, "Al.Dist. Izq.": null, "Al.Dist. Der.": null, "Ruta": "1V09" }, "geometry": { "type": "Point", "coordinates": [ -63.91679541, -31.64048583 ] } },
{ "type": "Feature", "properties": { "Name": "666.75", "P.K.": null, "Al.Dist. Izq.": null, "Al.Dist. Der.": null, "Ruta": "1V09" }, "geometry": { "type": "Point", "coordinates": [ -63.91682518, -31.64050829 ] } },
{ "type": "Feature", "properties": { "Name": "666.75", "P.K.": null, "Al.Dist. Izq.": null, "Al.Dist. Der.": null, "Ruta": "1V09" }, "geometry": { "type": "Point", "coordinates": [ -63.91682518, -31.64050829 ] } },
{ "type": "Feature", "properties": { "Name": "666.8", "P.K.": null, "Al.Dist. Izq.": null, "Al.Dist. Der.": null, "Ruta": "1V09" }, "geometry": { "type": "Point", "coordinates": [ -63.91721517, -31.64023923 ] } },
{ "type": "Feature", "properties": { "Name": "666.8", "P.K.": null, "Al.Dist. Izq.": null, "Al.Dist. Der.": null, "Ruta": "1V09" }, "geometry": { "type": "Point", "coordinates": [ -63.91721517, -31.64023923 ] } },
{ "type": "Feature", "properties": { "Name": "666.82", "P.K.": null, "Al.Dist. Izq.": null, "Al.Dist. Der.": null, "Ruta": "1V09" }, "geometry": { "type": "Point", "coordinates": [ -63.9174825, -31.64156384 ] } },
{ "type": "Feature", "properties": { "Name": "666.82", "P.K.": null, "Al.Dist. Izq.": null, "Al.Dist. Der.": null, "Ruta": "1V09" }, "geometry": { "type": "Point", "coordinates": [ -63.9174825, -31.64156384 ] } },
{ "type": "Feature", "properties": { "Name": "666.86", "P.K.": null, "Al.Dist. Izq.": null, "Al.Dist. Der.": null, "Ruta": "1V09" }, "geometry": { "type": "Point", "coordinates": [ -63.9177933, -31.6415909 ] } },
{ "type": "Feature", "properties": { "Name": "666.86", "P.K.": null, "Al.Dist. Izq.": null, "Al.Dist. Der.": null, "Ruta": "1V09" }, "geometry": { "type": "Point", "coordinates": [ -63.9177933, -31.6415909 ] } },
{ "type": "Feature", "properties": { "Name": "666.93", "P.K.": null, "Al.Dist. Izq.": null, "Al.Dist. Der.": null, "Ruta": "1V09" }, "geometry": { "type": "Point", "coordinates": [ -63.91832795, -31.64045931 ] } },
{ "type": "Feature", "properties": { "Name": "666.93", "P.K.": null, "Al.Dist. Izq.": null, "Al.Dist. Der.": null, "Ruta": "1V09" }, "geometry": { "type": "Point", "coordinates": [ -63.91832795, -31.64045931 ] } },
{ "type": "Feature", "properties": { "Name": "666.95", "P.K.": null, "Al.Dist. Izq.": null, "Al.Dist. Der.": null, "Ruta": "1V09" }, "geometry": { "type": "Point", "coordinates": [ -63.91856292, -31.64171083 ] } },
{ "type": "Feature", "properties": { "Name": "666.95", "P.K.": null, "Al.Dist. Izq.": null, "Al.Dist. Der.": null, "Ruta": "1V09" }, "geometry": { "type": "Point", "coordinates": [ -63.91856292, -31.64171083 ] } },
{ "type": "Feature", "properties": { "Name": "666.97", "P.K.": null, "Al.Dist. Izq.": null, "Al.Dist. Der.": null, "Ruta": "1V09" }, "geometry": { "type": "Point", "coordinates": [ -63.91873363, -31.6416119 ] } },
{ "type": "Feature", "properties": { "Name": "666.97", "P.K.": null, "Al.Dist. Izq.": null, "Al.Dist. Der.": null, "Ruta": "1V09" }, "geometry": { "type": "Point", "coordinates": [ -63.91873363, -31.6416119 ] } },
{ "type": "Feature", "properties": { "Name": "666.99", "P.K.": null, "Al.Dist. Izq.": null, "Al.Dist. Der.": null, "Ruta": "1V09" }, "geometry": { "type": "Point", "coordinates": [ -63.91878024, -31.6404202 ] } },
{ "type": "Feature", "properties": { "Name": "666.99", "P.K.": null, "Al.Dist. Izq.": null, "Al.Dist. Der.": null, "Ruta": "1V09" }, "geometry": { "type": "Point", "coordinates": [ -63.91878024, -31.6404202 ] } },
{ "type": "Feature", "properties": { "Name": "666.99", "P.K.": null, "Al.Dist. Izq.": null, "Al.Dist. Der.": null, "Ruta": "1V09" }, "geometry": { "type": "Point", "coordinates": [ -63.91890999, -31.64176062 ] } },
{ "type": "Feature", "properties": { "Name": "666.99", "P.K.": null, "Al.Dist. Izq.": null, "Al.Dist. Der.": null, "Ruta": "1V09" }, "geometry": { "type": "Point", "coordinates": [ -63.91884193, -31.64160277 ] } },
{ "type": "Feature", "properties": { "Name": "667", "P.K.": "PK667", "Al.Dist. Izq.": null, "Al.Dist. Der.": null, "Ruta": "1V09" }, "geometry": { "type": "Point", "coordinates": [ -63.91884461, -31.6402535 ] } },
{ "type": "Feature", "properties": { "Name": "667", "P.K.": null, "Al.Dist. Izq.": null, "Al.Dist. Der.": null, "Ruta": "1V09" }, "geometry": { "type": "Point", "coordinates": [ -63.91884461, -31.6402535 ] } },
{ "type": "Feature", "properties": { "Name": "667.04", "P.K.": null, "Al.Dist. Izq.": null, "Al.Dist. Der.": null, "Ruta": "1V09" }, "geometry": { "type": "Point", "coordinates": [ -63.91939446, -31.64194015 ] } },
{ "type": "Feature", "properties": { "Name": "667.04", "P.K.": null, "Al.Dist. Izq.": null, "Al.Dist. Der.": null, "Ruta": "1V09" }, "geometry": { "type": "Point", "coordinates": [ -63.91939446, -31.64194015 ] } },
{ "type": "Feature", "properties": { "Name": "667.05", "P.K.": null, "Al.Dist. Izq.": null, "Al.Dist. Der.": null, "Ruta": "1V09" }, "geometry": { "type": "Point", "coordinates": [ -63.91949639, -31.64022667 ] } },
{ "type": "Feature", "properties": { "Name": "667.05", "P.K.": null, "Al.Dist. Izq.": null, "Al.Dist. Der.": null, "Ruta": "1V09" }, "geometry": { "type": "Point", "coordinates": [ -63.91949639, -31.64022667 ] } },
{ "type": "Feature", "properties": { "Name": "667.08", "P.K.": null, "Al.Dist. Izq.": null, "Al.Dist. Der.": null, "Ruta": "1V09" }, "geometry": { "type": "Point", "coordinates": [ -63.91982161, -31.64037111 ] } },
{ "type": "Feature", "properties": { "Name": "667.08", "P.K.": null, "Al.Dist. Izq.": null, "Al.Dist. Der.": null, "Ruta": "1V09" }, "geometry": { "type": "Point", "coordinates": [ -63.91982161, -31.64037111 ] } },
{ "type": "Feature", "properties": { "Name": "667.14", "P.K.": null, "Al.Dist. Izq.": null, "Al.Dist. Der.": null, "Ruta": "1V09" }, "geometry": { "type": "Point", "coordinates": [ -63.9207, -31.6417 ] } },
{ "type": "Feature", "properties": { "Name": "667.14", "P.K.": null, "Al.Dist. Izq.": null, "Al.Dist. Der.": null, "Ruta": "1V09" }, "geometry": { "type": "Point", "coordinates": [ -63.9207, -31.6417 ] } },
{ "type": "Feature", "properties": { "Name": "667.17", "P.K.": null, "Al.Dist. Izq.": null, "Al.Dist. Der.": null, "Ruta": "1V09" }, "geometry": { "type": "Point", "coordinates": [ -63.92101251, -31.64164187 ] } },
{ "type": "Feature", "properties": { "Name": "667.17", "P.K.": null, "Al.Dist. Izq.": null, "Al.Dist. Der.": null, "Ruta": "1V09" }, "geometry": { "type": "Point", "coordinates": [ -63.92101251, -31.64164187 ] } },
{ "type": "Feature", "properties": { "Name": "667.18", "P.K.": null, "Al.Dist. Izq.": null, "Al.Dist. Der.": null, "Ruta": "1V09" }, "geometry": { "type": "Point", "coordinates": [ -63.92090917, -31.6401516 ] } },
{ "type": "Feature", "properties": { "Name": "667.18", "P.K.": null, "Al.Dist. Izq.": null, "Al.Dist. Der.": null, "Ruta": "1V09" }, "geometry": { "type": "Point", "coordinates": [ -63.92090917, -31.6401516 ] } },
{ "type": "Feature", "properties": { "Name": "667.19", "P.K.": null, "Al.Dist. Izq.": null, "Al.Dist. Der.": null, "Ruta": "1V09" }, "geometry": { "type": "Point", "coordinates": [ -63.92121, -31.64154 ] } },
{ "type": "Feature", "properties": { "Name": "667.19", "P.K.": null, "Al.Dist. Izq.": null, "Al.Dist. Der.": null, "Ruta": "1V09" }, "geometry": { "type": "Point", "coordinates": [ -63.92121, -31.64154 ] } },
{ "type": "Feature", "properties": { "Name": "667.22", "P.K.": null, "Al.Dist. Izq.": null, "Al.Dist. Der.": null, "Ruta": "1V09" }, "geometry": { "type": "Point", "coordinates": [ -63.92150972, -31.64024837 ] } },
{ "type": "Feature", "properties": { "Name": "667.22", "P.K.": null, "Al.Dist. Izq.": null, "Al.Dist. Der.": null, "Ruta": "1V09" }, "geometry": { "type": "Point", "coordinates": [ -63.92150972, -31.64024837 ] } },
{ "type": "Feature", "properties": { "Name": "667.24", "P.K.": null, "Al.Dist. Izq.": null, "Al.Dist. Der.": null, "Ruta": "1V09" }, "geometry": { "type": "Point", "coordinates": [ -63.92165858, -31.64021839 ] } },
{ "type": "Feature", "properties": { "Name": "667.24", "P.K.": null, "Al.Dist. Izq.": null, "Al.Dist. Der.": null, "Ruta": "1V09" }, "geometry": { "type": "Point", "coordinates": [ -63.92165858, -31.64021839 ] } },
{ "type": "Feature", "properties": { "Name": "667.27", "P.K.": null, "Al.Dist. Izq.": null, "Al.Dist. Der.": null, "Ruta": "1V09" }, "geometry": { "type": "Point", "coordinates": [ -63.92201029, -31.64031544 ] } },
{ "type": "Feature", "properties": { "Name": "667.27", "P.K.": null, "Al.Dist. Izq.": null, "Al.Dist. Der.": null, "Ruta": "1V09" }, "geometry": { "type": "Point", "coordinates": [ -63.92201029, -31.64031544 ] } },
{ "type": "Feature", "properties": { "Name": "667.3", "P.K.": null, "Al.Dist. Izq.": null, "Al.Dist. Der.": null, "Ruta": "1V09" }, "geometry": { "type": "Point", "coordinates": [ -63.92240759, -31.6398693 ] } },
{ "type": "Feature", "properties": { "Name": "667.3", "P.K.": null, "Al.Dist. Izq.": null, "Al.Dist. Der.": null, "Ruta": "1V09" }, "geometry": { "type": "Point", "coordinates": [ -63.92240759, -31.6398693 ] } },
{ "type": "Feature", "properties": { "Name": "667.33", "P.K.": null, "Al.Dist. Izq.": null, "Al.Dist. Der.": null, "Ruta": "1V09" }, "geometry": { "type": "Point", "coordinates": [ -63.92287228, -31.64033628 ] } },
{ "type": "Feature", "properties": { "Name": "667.33", "P.K.": null, "Al.Dist. Izq.": null, "Al.Dist. Der.": null, "Ruta": "1V09" }, "geometry": { "type": "Point", "coordinates": [ -63.92287228, -31.64033628 ] } },
{ "type": "Feature", "properties": { "Name": "667.35", "P.K.": null, "Al.Dist. Izq.": null, "Al.Dist. Der.": null, "Ruta": "1V09" }, "geometry": { "type": "Point", "coordinates": [ -63.92287899, -31.63969632 ] } },
{ "type": "Feature", "properties": { "Name": "667.35", "P.K.": null, "Al.Dist. Izq.": null, "Al.Dist. Der.": null, "Ruta": "1V09" }, "geometry": { "type": "Point", "coordinates": [ -63.92287899, -31.63969632 ] } },
{ "type": "Feature", "properties": { "Name": "667.36", "P.K.": null, "Al.Dist. Izq.": null, "Al.Dist. Der.": null, "Ruta": "1V09" }, "geometry": { "type": "Point", "coordinates": [ -63.92317772, -31.63981079 ] } },
{ "type": "Feature", "properties": { "Name": "667.36", "P.K.": null, "Al.Dist. Izq.": null, "Al.Dist. Der.": null, "Ruta": "1V09" }, "geometry": { "type": "Point", "coordinates": [ -63.92317772, -31.63981079 ] } },
{ "type": "Feature", "properties": { "Name": "667.36", "P.K.": null, "Al.Dist. Izq.": null, "Al.Dist. Der.": null, "Ruta": "1V09" }, "geometry": { "type": "Point", "coordinates": [ -63.9230644, -31.63971231 ] } },
{ "type": "Feature", "properties": { "Name": "667.42", "P.K.": null, "Al.Dist. Izq.": null, "Al.Dist. Der.": null, "Ruta": "1V09" }, "geometry": { "type": "Point", "coordinates": [ -63.92349388, -31.63932125 ] } },
{ "type": "Feature", "properties": { "Name": "667.45", "P.K.": null, "Al.Dist. Izq.": null, "Al.Dist. Der.": null, "Ruta": "1V09" }, "geometry": { "type": "Point", "coordinates": [ -63.92403569, -31.63926188 ] } },
{ "type": "Feature", "properties": { "Name": "667.47", "P.K.": null, "Al.Dist. Izq.": null, "Al.Dist. Der.": null, "Ruta": "1V09" }, "geometry": { "type": "Point", "coordinates": [ -63.92425798, -31.63925474 ] } },
{ "type": "Feature", "properties": { "Name": "667.53", "P.K.": null, "Al.Dist. Izq.": null, "Al.Dist. Der.": null, "Ruta": "1V09" }, "geometry": { "type": "Point", "coordinates": [ -63.92442193, -31.6383456 ] } },
{ "type": "Feature", "properties": { "Name": "667.53", "P.K.": null, "Al.Dist. Izq.": null, "Al.Dist. Der.": null, "Ruta": "1V09" }, "geometry": { "type": "Point", "coordinates": [ -63.92445847, -31.63849261 ] } },
{ "type": "Feature", "properties": { "Name": "667.58", "P.K.": null, "Al.Dist. Izq.": null, "Al.Dist. Der.": null, "Ruta": "1V09" }, "geometry": { "type": "Point", "coordinates": [ -63.92484899, -31.63796588 ] } },
{ "type": "Feature", "properties": { "Name": "667.58", "P.K.": null, "Al.Dist. Izq.": null, "Al.Dist. Der.": null, "Ruta": "1V09" }, "geometry": { "type": "Point", "coordinates": [ -63.92484899, -31.63796588 ] } },
{ "type": "Feature", "properties": { "Name": "667.7", "P.K.": null, "Al.Dist. Izq.": null, "Al.Dist. Der.": null, "Ruta": "1V09" }, "geometry": { "type": "Point", "coordinates": [ -63.92562255, -31.63700257 ] } },
{ "type": "Feature", "properties": { "Name": "667.77", "P.K.": null, "Al.Dist. Izq.": null, "Al.Dist. Der.": null, "Ruta": "1V09" }, "geometry": { "type": "Point", "coordinates": [ -63.92633662, -31.6365467 ] } },
{ "type": "Feature", "properties": { "Name": "667.77", "P.K.": null, "Al.Dist. Izq.": 10, "Al.Dist. Der.": 40, "Ruta": "1V09" }, "geometry": { "type": "Point", "coordinates": [ -63.92633662, -31.6365467 ] } },
{ "type": "Feature", "properties": { "Name": "667.78", "P.K.": null, "Al.Dist. Izq.": 10, "Al.Dist. Der.": 40, "Ruta": "1V09" }, "geometry": { "type": "Point", "coordinates": [ -63.92638741, -31.63647337 ] } },
{ "type": "Feature", "properties": { "Name": "667.78", "P.K.": null, "Al.Dist. Izq.": 10, "Al.Dist. Der.": 40, "Ruta": "1V09" }, "geometry": { "type": "Point", "coordinates": [ -63.92646644, -31.636537 ] } },
{ "type": "Feature", "properties": { "Name": "667.84", "P.K.": null, "Al.Dist. Izq.": 10, "Al.Dist. Der.": 40, "Ruta": "1V09" }, "geometry": { "type": "Point", "coordinates": [ -63.92684028, -31.63600177 ] } },
{ "type": "Feature", "properties": { "Name": "667.95", "P.K.": null, "Al.Dist. Izq.": 10, "Al.Dist. Der.": 40, "Ruta": "1V09" }, "geometry": { "type": "Point", "coordinates": [ -63.92777737, -31.63532154 ] } },
{ "type": "Feature", "properties": { "Name": "667.98", "P.K.": null, "Al.Dist. Izq.": 10, "Al.Dist. Der.": 40, "Ruta": "1V09" }, "geometry": { "type": "Point", "coordinates": [ -63.92805129, -31.63505549 ] } },
{ "type": "Feature", "properties": { "Name": "668", "P.K.": "PK668", "Al.Dist. Izq.": 10, "Al.Dist. Der.": 40, "Ruta": "1V09" }, "geometry": { "type": "Point", "coordinates": [ -63.92817937, -31.6348571 ] } },
{ "type": "Feature", "properties": { "Name": "668.11", "P.K.": null, "Al.Dist. Izq.": 10, "Al.Dist. Der.": 40, "Ruta": "1V09" }, "geometry": { "type": "Point", "coordinates": [ -63.9288697, -31.63401157 ] } },
{ "type": "Feature", "properties": { "Name": "668.19", "P.K.": null, "Al.Dist. Izq.": 10, "Al.Dist. Der.": 40, "Ruta": "1V09" }, "geometry": { "type": "Point", "coordinates": [ -63.92946881, -31.63348912 ] } },
{ "type": "Feature", "properties": { "Name": "668.34", "P.K.": null, "Al.Dist. Izq.": 10, "Al.Dist. Der.": 40, "Ruta": "1V09" }, "geometry": { "type": "Point", "coordinates": [ -63.93047, -31.6325 ] } },
{ "type": "Feature", "properties": { "Name": "668.36", "P.K.": null, "Al.Dist. Izq.": 10, "Al.Dist. Der.": 40, "Ruta": "1V09" }, "geometry": { "type": "Point", "coordinates": [ -63.93069964, -31.63243554 ] } },
{ "type": "Feature", "properties": { "Name": "668.4", "P.K.": null, "Al.Dist. Izq.": 10, "Al.Dist. Der.": 40, "Ruta": "1V09" }, "geometry": { "type": "Point", "coordinates": [ -63.93079888, -31.63204873 ] } },
{ "type": "Feature", "properties": { "Name": "668.55", "P.K.": null, "Al.Dist. Izq.": 10, "Al.Dist. Der.": 40, "Ruta": "1V09" }, "geometry": { "type": "Point", "coordinates": [ -63.93204577, -31.63113438 ] } },
{ "type": "Feature", "properties": { "Name": "668.61", "P.K.": null, "Al.Dist. Izq.": 10, "Al.Dist. Der.": 40, "Ruta": "1V09" }, "geometry": { "type": "Point", "coordinates": [ -63.93241759, -31.63075157 ] } },
{ "type": "Feature", "properties": { "Name": "669.62", "P.K.": null, "Al.Dist. Izq.": 10, "Al.Dist. Der.": 40, "Ruta": "1V09" }, "geometry": { "type": "Point", "coordinates": [ -63.9390631, -31.62368251 ] } },
{ "type": "Feature", "properties": { "Name": "670", "P.K.": "PK670", "Al.Dist. Izq.": 10, "Al.Dist. Der.": 40, "Ruta": "1V09" }, "geometry": { "type": "Point", "coordinates": [ -63.94200213, -31.62140912 ] } },
{ "type": "Feature", "properties": { "Name": "670.16", "P.K.": null, "Al.Dist. Izq.": 10, "Al.Dist. Der.": 40, "Ruta": "1V09" }, "geometry": { "type": "Point", "coordinates": [ -63.94315, -31.62026 ] } },
{ "type": "Feature", "properties": { "Name": "671", "P.K.": "PK671", "Al.Dist. Izq.": 10, "Al.Dist. Der.": 40, "Ruta": "1V09" }, "geometry": { "type": "Point", "coordinates": [ -63.94878913, -31.61458632 ] } },
{ "type": "Feature", "properties": { "Name": "671.17", "P.K.": null, "Al.Dist. Izq.": 10, "Al.Dist. Der.": 40, "Ruta": "1V09" }, "geometry": { "type": "Point", "coordinates": [ -63.95002, -31.6136 ] } },
{ "type": "Feature", "properties": { "Name": "671.18", "P.K.": null, "Al.Dist. Izq.": 10, "Al.Dist. Der.": 40, "Ruta": "1V09" }, "geometry": { "type": "Point", "coordinates": [ -63.95007, -31.61356 ] } },
{ "type": "Feature", "properties": { "Name": "671.18", "P.K.": null, "Al.Dist. Izq.": 10, "Al.Dist. Der.": 40, "Ruta": "1V09" }, "geometry": { "type": "Point", "coordinates": [ -63.95013, -31.6135 ] } },
{ "type": "Feature", "properties": { "Name": "671.35", "P.K.": null, "Al.Dist. Izq.": 10, "Al.Dist. Der.": 40, "Ruta": "1V09" }, "geometry": { "type": "Point", "coordinates": [ -63.95120632, -31.61239523 ] } },
{ "type": "Feature", "properties": { "Name": "671.53", "P.K.": null, "Al.Dist. Izq.": 10, "Al.Dist. Der.": 40, "Ruta": "1V09" }, "geometry": { "type": "Point", "coordinates": [ -63.95231556, -31.61123141 ] } },
{ "type": "Feature", "properties": { "Name": "671.95", "P.K.": null, "Al.Dist. Izq.": 10, "Al.Dist. Der.": 40, "Ruta": "1V09" }, "geometry": { "type": "Point", "coordinates": [ -63.9551121, -31.6085611 ] } },
{ "type": "Feature", "properties": { "Name": "672", "P.K.": "PK672", "Al.Dist. Izq.": 10, "Al.Dist. Der.": 40, "Ruta": "1V09" }, "geometry": { "type": "Point", "coordinates": [ -63.9555835, -31.60835894 ] } },
{ "type": "Feature", "properties": { "Name": "672.06", "P.K.": null, "Al.Dist. Izq.": 10, "Al.Dist. Der.": 40, "Ruta": "1V09" }, "geometry": { "type": "Point", "coordinates": [ -63.95588826, -31.60770877 ] } },
{ "type": "Feature", "properties": { "Name": "672.19", "P.K.": null, "Al.Dist. Izq.": 10, "Al.Dist. Der.": 40, "Ruta": "1V09" }, "geometry": { "type": "Point", "coordinates": [ -63.95676803, -31.60678476 ] } },
{ "type": "Feature", "properties": { "Name": "672.29", "P.K.": null, "Al.Dist. Izq.": 10, "Al.Dist. Der.": 40, "Ruta": "1V09" }, "geometry": { "type": "Point", "coordinates": [ -63.9578161, -31.60621053 ] } },
{ "type": "Feature", "properties": { "Name": "672.42", "P.K.": null, "Al.Dist. Izq.": 10, "Al.Dist. Der.": 40, "Ruta": "1V09" }, "geometry": { "type": "Point", "coordinates": [ -63.95871934, -31.60530421 ] } },
{ "type": "Feature", "properties": { "Name": "672.63", "P.K.": null, "Al.Dist. Izq.": 10, "Al.Dist. Der.": 40, "Ruta": "1V09" }, "geometry": { "type": "Point", "coordinates": [ -63.96016136, -31.60364059 ] } },
{ "type": "Feature", "properties": { "Name": "672.92", "P.K.": null, "Al.Dist. Izq.": 10, "Al.Dist. Der.": 40, "Ruta": "1V09" }, "geometry": { "type": "Point", "coordinates": [ -63.96231182, -31.60155975 ] } },
{ "type": "Feature", "properties": { "Name": "673", "P.K.": "PK673", "Al.Dist. Izq.": 10, "Al.Dist. Der.": 40, "Ruta": "1V09" }, "geometry": { "type": "Point", "coordinates": [ -63.96285329, -31.60101604 ] } },
{ "type": "Feature", "properties": { "Name": "673.45", "P.K.": null, "Al.Dist. Izq.": 10, "Al.Dist. Der.": 40, "Ruta": "1V09" }, "geometry": { "type": "Point", "coordinates": [ -63.96602735, -31.59794393 ] } },
{ "type": "Feature", "properties": { "Name": "673.46", "P.K.": null, "Al.Dist. Izq.": 10, "Al.Dist. Der.": 40, "Ruta": "1V09" }, "geometry": { "type": "Point", "coordinates": [ -63.96607362, -31.59793993 ] } },
{ "type": "Feature", "properties": { "Name": "673.47", "P.K.": null, "Al.Dist. Izq.": 10, "Al.Dist. Der.": 40, "Ruta": "1V09" }, "geometry": { "type": "Point", "coordinates": [ -63.96622885, -31.5979762 ] } },
{ "type": "Feature", "properties": { "Name": "673.51", "P.K.": null, "Al.Dist. Izq.": 10, "Al.Dist. Der.": 40, "Ruta": "1V09" }, "geometry": { "type": "Point", "coordinates": [ -63.9664, -31.59772 ] } },
{ "type": "Feature", "properties": { "Name": "673.53", "P.K.": null, "Al.Dist. Izq.": 10, "Al.Dist. Der.": 40, "Ruta": "1V09" }, "geometry": { "type": "Point", "coordinates": [ -63.96655, -31.59758 ] } },
{ "type": "Feature", "properties": { "Name": "673.55", "P.K.": null, "Al.Dist. Izq.": 10, "Al.Dist. Der.": 40, "Ruta": "1V09" }, "geometry": { "type": "Point", "coordinates": [ -63.96668, -31.59747 ] } },
{ "type": "Feature", "properties": { "Name": "673.57", "P.K.": null, "Al.Dist. Izq.": 10, "Al.Dist. Der.": 40, "Ruta": "1V09" }, "geometry": { "type": "Point", "coordinates": [ -63.96684, -31.59732 ] } },
{ "type": "Feature", "properties": { "Name": "674", "P.K.": "PK674", "Al.Dist. Izq.": 10, "Al.Dist. Der.": 40, "Ruta": "1V09" }, "geometry": { "type": "Point", "coordinates": [ -63.96988336, -31.59437338 ] } },
{ "type": "Feature", "properties": { "Name": "674.22", "P.K.": null, "Al.Dist. Izq.": 10, "Al.Dist. Der.": 40, "Ruta": "1V09" }, "geometry": { "type": "Point", "coordinates": [ -63.97135053, -31.59295831 ] } },
{ "type": "Feature", "properties": { "Name": "674.55", "P.K.": null, "Al.Dist. Izq.": 10, "Al.Dist. Der.": 40, "Ruta": "1V09" }, "geometry": { "type": "Point", "coordinates": [ -63.97360258, -31.59062991 ] } },
{ "type": "Feature", "properties": { "Name": "674.64", "P.K.": null, "Al.Dist. Izq.": 10, "Al.Dist. Der.": 40, "Ruta": "1V09" }, "geometry": { "type": "Point", "coordinates": [ -63.97426651, -31.59001292 ] } },
{ "type": "Feature", "properties": { "Name": "674.75", "P.K.": null, "Al.Dist. Izq.": 10, "Al.Dist. Der.": 40, "Ruta": "1V09" }, "geometry": { "type": "Point", "coordinates": [ -63.97506807, -31.5892979 ] } },
{ "type": "Feature", "properties": { "Name": "674.87", "P.K.": null, "Al.Dist. Izq.": 10, "Al.Dist. Der.": 40, "Ruta": "1V09" }, "geometry": { "type": "Point", "coordinates": [ -63.97590257, -31.58854877 ] } },
{ "type": "Feature", "properties": { "Name": "675.53", "P.K.": null, "Al.Dist. Izq.": 10, "Al.Dist. Der.": 40, "Ruta": "1V09" }, "geometry": { "type": "Point", "coordinates": [ -63.98051832, -31.58396794 ] } },
{ "type": "Feature", "properties": { "Name": "675.65", "P.K.": null, "Al.Dist. Izq.": 10, "Al.Dist. Der.": 40, "Ruta": "1V09" }, "geometry": { "type": "Point", "coordinates": [ -63.98134246, -31.58314392 ] } },
{ "type": "Feature", "properties": { "Name": "675.98", "P.K.": null, "Al.Dist. Izq.": 10, "Al.Dist. Der.": 40, "Ruta": "1V09" }, "geometry": { "type": "Point", "coordinates": [ -63.98367628, -31.58085357 ] } },
{ "type": "Feature", "properties": { "Name": "676.02", "P.K.": null, "Al.Dist. Izq.": 10, "Al.Dist. Der.": 40, "Ruta": "1V09" }, "geometry": { "type": "Point", "coordinates": [ -63.98399446, -31.58073646 ] } },
{ "type": "Feature", "properties": { "Name": "676.05", "P.K.": null, "Al.Dist. Izq.": 10, "Al.Dist. Der.": 40, "Ruta": "1V09" }, "geometry": { "type": "Point", "coordinates": [ -63.98421, -31.58043 ] } },
{ "type": "Feature", "properties": { "Name": "676.49", "P.K.": null, "Al.Dist. Izq.": 10, "Al.Dist. Der.": 40, "Ruta": "1V09" }, "geometry": { "type": "Point", "coordinates": [ -63.98724603, -31.57743389 ] } },
{ "type": "Feature", "properties": { "Name": "676.56", "P.K.": null, "Al.Dist. Izq.": 10, "Al.Dist. Der.": 40, "Ruta": "1V09" }, "geometry": { "type": "Point", "coordinates": [ -63.98769914, -31.57697425 ] } },
{ "type": "Feature", "properties": { "Name": "676.69", "P.K.": null, "Al.Dist. Izq.": 10, "Al.Dist. Der.": 40, "Ruta": "1V09" }, "geometry": { "type": "Point", "coordinates": [ -63.98871079, -31.57613382 ] } },
{ "type": "Feature", "properties": { "Name": "676.77", "P.K.": null, "Al.Dist. Izq.": 10, "Al.Dist. Der.": 40, "Ruta": "1V09" }, "geometry": { "type": "Point", "coordinates": [ -63.98917, -31.57561 ] } },
{ "type": "Feature", "properties": { "Name": "676.89", "P.K.": null, "Al.Dist. Izq.": 10, "Al.Dist. Der.": 40, "Ruta": "1V09" }, "geometry": { "type": "Point", "coordinates": [ -63.98996472, -31.57467106 ] } },
{ "type": "Feature", "properties": { "Name": "676.9", "P.K.": null, "Al.Dist. Izq.": 10, "Al.Dist. Der.": 40, "Ruta": "1V09" }, "geometry": { "type": "Point", "coordinates": [ -63.99011593, -31.57476361 ] } },
{ "type": "Feature", "properties": { "Name": "676.91", "P.K.": null, "Al.Dist. Izq.": 10, "Al.Dist. Der.": 40, "Ruta": "1V09" }, "geometry": { "type": "Point", "coordinates": [ -63.99018299, -31.57464479 ] } },
{ "type": "Feature", "properties": { "Name": "677", "P.K.": "PK677", "Al.Dist. Izq.": 10, "Al.Dist. Der.": 40, "Ruta": "1V09" }, "geometry": { "type": "Point", "coordinates": [ -63.99077408, -31.57399809 ] } },
{ "type": "Feature", "properties": { "Name": "677.02", "P.K.": null, "Al.Dist. Izq.": 10, "Al.Dist. Der.": 40, "Ruta": "1V09" }, "geometry": { "type": "Point", "coordinates": [ -63.99099603, -31.57390726 ] } },
{ "type": "Feature", "properties": { "Name": "677.12", "P.K.": null, "Al.Dist. Izq.": 10, "Al.Dist. Der.": 40, "Ruta": "1V09" }, "geometry": { "type": "Point", "coordinates": [ -63.99159852, -31.57312945 ] } },
{ "type": "Feature", "properties": { "Name": "677.15", "P.K.": null, "Al.Dist. Izq.": 10, "Al.Dist. Der.": 40, "Ruta": "1V09" }, "geometry": { "type": "Point", "coordinates": [ -63.99169911, -31.5728318 ] } },
{ "type": "Feature", "properties": { "Name": "677.24", "P.K.": null, "Al.Dist. Izq.": 10, "Al.Dist. Der.": 40, "Ruta": "1V09" }, "geometry": { "type": "Point", "coordinates": [ -63.99243169, -31.57229393 ] } },
{ "type": "Feature", "properties": { "Name": "677.25", "P.K.": null, "Al.Dist. Izq.": 10, "Al.Dist. Der.": 40, "Ruta": "1V09" }, "geometry": { "type": "Point", "coordinates": [ -63.99247862, -31.57227222 ] } },
{ "type": "Feature", "properties": { "Name": "677.35", "P.K.": null, "Al.Dist. Izq.": 10, "Al.Dist. Der.": 40, "Ruta": "1V09" }, "geometry": { "type": "Point", "coordinates": [ -63.99319564, -31.57163123 ] } },
{ "type": "Feature", "properties": { "Name": "677.36", "P.K.": null, "Al.Dist. Izq.": 10, "Al.Dist. Der.": 40, "Ruta": "1V09" }, "geometry": { "type": "Point", "coordinates": [ -63.9932853, -31.57155152 ] } },
{ "type": "Feature", "properties": { "Name": "677.42", "P.K.": null, "Al.Dist. Izq.": 10, "Al.Dist. Der.": 40, "Ruta": "1V09" }, "geometry": { "type": "Point", "coordinates": [ -63.99352837, -31.57102564 ] } },
{ "type": "Feature", "properties": { "Name": "677.45", "P.K.": null, "Al.Dist. Izq.": 10, "Al.Dist. Der.": 40, "Ruta": "1V09" }, "geometry": { "type": "Point", "coordinates": [ -63.99400547, -31.57098908 ] } },
{ "type": "Feature", "properties": { "Name": "677.52", "P.K.": null, "Al.Dist. Izq.": 10, "Al.Dist. Der.": 40, "Ruta": "1V09" }, "geometry": { "type": "Point", "coordinates": [ -63.99441954, -31.57053574 ] } },
{ "type": "Feature", "properties": { "Name": "677.54", "P.K.": null, "Al.Dist. Izq.": 10, "Al.Dist. Der.": 40, "Ruta": "1V09" }, "geometry": { "type": "Point", "coordinates": [ -63.99446715, -31.57027751 ] } },
{ "type": "Feature", "properties": { "Name": "677.54", "P.K.": null, "Al.Dist. Izq.": 10, "Al.Dist. Der.": 40, "Ruta": "1V09" }, "geometry": { "type": "Point", "coordinates": [ -63.99439607, -31.57024009 ] } },
{ "type": "Feature", "properties": { "Name": "677.58", "P.K.": null, "Al.Dist. Izq.": 10, "Al.Dist. Der.": 40, "Ruta": "1V09" }, "geometry": { "type": "Point", "coordinates": [ -63.99462339, -31.56989502 ] } },
{ "type": "Feature", "properties": { "Name": "677.66", "P.K.": null, "Al.Dist. Izq.": 10, "Al.Dist. Der.": 40, "Ruta": "1V09" }, "geometry": { "type": "Point", "coordinates": [ -63.99526, -31.56942 ] } },
{ "type": "Feature", "properties": { "Name": "677.77", "P.K.": null, "Al.Dist. Izq.": 10, "Al.Dist. Der.": 40, "Ruta": "1V09" }, "geometry": { "type": "Point", "coordinates": [ -63.99599835, -31.56865669 ] } },
{ "type": "Feature", "properties": { "Name": "677.79", "P.K.": null, "Al.Dist. Izq.": 10, "Al.Dist. Der.": 40, "Ruta": "1V09" }, "geometry": { "type": "Point", "coordinates": [ -63.99619248, -31.56859299 ] } },
{ "type": "Feature", "properties": { "Name": "677.79", "P.K.": null, "Al.Dist. Izq.": 10, "Al.Dist. Der.": 40, "Ruta": "1V09" }, "geometry": { "type": "Point", "coordinates": [ -63.99622232, -31.5686227 ] } },
{ "type": "Feature", "properties": { "Name": "677.84", "P.K.": null, "Al.Dist. Izq.": 10, "Al.Dist. Der.": 40, "Ruta": "1V09" }, "geometry": { "type": "Point", "coordinates": [ -63.99651837, -31.56826591 ] } },
{ "type": "Feature", "properties": { "Name": "677.87", "P.K.": null, "Al.Dist. Izq.": 10, "Al.Dist. Der.": 40, "Ruta": "1V09" }, "geometry": { "type": "Point", "coordinates": [ -63.9968979, -31.56826848 ] } },
{ "type": "Feature", "properties": { "Name": "677.92", "P.K.": null, "Al.Dist. Izq.": 10, "Al.Dist. Der.": 40, "Ruta": "1V09" }, "geometry": { "type": "Point", "coordinates": [ -63.99720568, -31.56779142 ] } },
{ "type": "Feature", "properties": { "Name": "677.99", "P.K.": null, "Al.Dist. Izq.": 10, "Al.Dist. Der.": 40, "Ruta": "1V09" }, "geometry": { "type": "Point", "coordinates": [ -63.99775252, -31.56734436 ] } },
{ "type": "Feature", "properties": { "Name": "678", "P.K.": "PK678", "Al.Dist. Izq.": 10, "Al.Dist. Der.": 40, "Ruta": "1V09" }, "geometry": { "type": "Point", "coordinates": [ -63.99781454, -31.56726038 ] } },
{ "type": "Feature", "properties": { "Name": "678.2", "P.K.": null, "Al.Dist. Izq.": 10, "Al.Dist. Der.": 40, "Ruta": "1V09" }, "geometry": { "type": "Point", "coordinates": [ -63.99920896, -31.56593232 ] } },
{ "type": "Feature", "properties": { "Name": "678.25", "P.K.": null, "Al.Dist. Izq.": 10, "Al.Dist. Der.": 40, "Ruta": "1V09" }, "geometry": { "type": "Point", "coordinates": [ -63.99953485, -31.56563779 ] } },
{ "type": "Feature", "properties": { "Name": "678.27", "P.K.": null, "Al.Dist. Izq.": 10, "Al.Dist. Der.": 40, "Ruta": "1V09" }, "geometry": { "type": "Point", "coordinates": [ -63.99959955, -31.56541754 ] } },
{ "type": "Feature", "properties": { "Name": "678.43", "P.K.": null, "Al.Dist. Izq.": 10, "Al.Dist. Der.": 40, "Ruta": "1V09" }, "geometry": { "type": "Point", "coordinates": [ -64.00073201, -31.56433453 ] } },
{ "type": "Feature", "properties": { "Name": "678.55", "P.K.": null, "Al.Dist. Izq.": 10, "Al.Dist. Der.": 40, "Ruta": "1V09" }, "geometry": { "type": "Point", "coordinates": [ -64.00169469, -31.56353296 ] } },
{ "type": "Feature", "properties": { "Name": "678.58", "P.K.": null, "Al.Dist. Izq.": 10, "Al.Dist. Der.": 40, "Ruta": "1V09" }, "geometry": { "type": "Point", "coordinates": [ -64.00187105, -31.56324585 ] } },
{ "type": "Feature", "properties": { "Name": "678.6", "P.K.": null, "Al.Dist. Izq.": 10, "Al.Dist. Der.": 40, "Ruta": "1V09" }, "geometry": { "type": "Point", "coordinates": [ -64.00191799, -31.56310987 ] } },
{ "type": "Feature", "properties": { "Name": "678.7", "P.K.": null, "Al.Dist. Izq.": 10, "Al.Dist. Der.": 40, "Ruta": "1V09" }, "geometry": { "type": "Point", "coordinates": [ -64.00239442, -31.5622177 ] } },
{ "type": "Feature", "properties": { "Name": "678.81", "P.K.": null, "Al.Dist. Izq.": 10, "Al.Dist. Der.": 40, "Ruta": "1V09" }, "geometry": { "type": "Point", "coordinates": [ -64.00315081, -31.56154463 ] } },
{ "type": "Feature", "properties": { "Name": "678.98", "P.K.": null, "Al.Dist. Izq.": 10, "Al.Dist. Der.": 40, "Ruta": "1V09" }, "geometry": { "type": "Point", "coordinates": [ -64.0038854, -31.56017892 ] } },
{ "type": "Feature", "properties": { "Name": "679", "P.K.": "PK679", "Al.Dist. Izq.": 10, "Al.Dist. Der.": 40, "Ruta": "1V09" }, "geometry": { "type": "Point", "coordinates": [ -64.00400094, -31.56002252 ] } },
{ "type": "Feature", "properties": { "Name": "679.08", "P.K.": null, "Al.Dist. Izq.": 10, "Al.Dist. Der.": 40, "Ruta": "1V09" }, "geometry": { "type": "Point", "coordinates": [ -64.00451669, -31.55944213 ] } },
{ "type": "Feature", "properties": { "Name": "679.08", "P.K.": null, "Al.Dist. Izq.": null, "Al.Dist. Der.": null, "Ruta": "1V09" }, "geometry": { "type": "Point", "coordinates": [ -64.00451669, -31.55944213 ] } },
{ "type": "Feature", "properties": { "Name": "679.1", "P.K.": null, "Al.Dist. Izq.": null, "Al.Dist. Der.": null, "Ruta": "1V09" }, "geometry": { "type": "Point", "coordinates": [ -64.00468133, -31.55931744 ] } },
{ "type": "Feature", "properties": { "Name": "679.15", "P.K.": null, "Al.Dist. Izq.": null, "Al.Dist. Der.": null, "Ruta": "1V09" }, "geometry": { "type": "Point", "coordinates": [ -64.00498275, -31.55891519 ] } },
{ "type": "Feature", "properties": { "Name": "679.28", "P.K.": null, "Al.Dist. Izq.": null, "Al.Dist. Der.": null, "Ruta": "1V09" }, "geometry": { "type": "Point", "coordinates": [ -64.00602981, -31.5581881 ] } },
{ "type": "Feature", "properties": { "Name": "679.36", "P.K.": null, "Al.Dist. Izq.": null, "Al.Dist. Der.": null, "Ruta": "1V09" }, "geometry": { "type": "Point", "coordinates": [ -64.00650423, -31.55757272 ] } },
{ "type": "Feature", "properties": { "Name": "679.51", "P.K.": null, "Al.Dist. Izq.": null, "Al.Dist. Der.": null, "Ruta": "1V09" }, "geometry": { "type": "Point", "coordinates": [ -64.00754426, -31.55656679 ] } },
{ "type": "Feature", "properties": { "Name": "679.55", "P.K.": null, "Al.Dist. Izq.": null, "Al.Dist. Der.": null, "Ruta": "1V09" }, "geometry": { "type": "Point", "coordinates": [ -64.007564, -31.5559312 ] } },
{ "type": "Feature", "properties": { "Name": "679.65", "P.K.": null, "Al.Dist. Izq.": null, "Al.Dist. Der.": null, "Ruta": "1V09" }, "geometry": { "type": "Point", "coordinates": [ -64.00849879, -31.55555999 ] } },
{ "type": "Feature", "properties": { "Name": "679.81", "P.K.": null, "Al.Dist. Izq.": null, "Al.Dist. Der.": null, "Ruta": "1V09" }, "geometry": { "type": "Point", "coordinates": [ -64.00961314, -31.55450253 ] } },
{ "type": "Feature", "properties": { "Name": "679.95", "P.K.": null, "Al.Dist. Izq.": null, "Al.Dist. Der.": null, "Ruta": "1V09" }, "geometry": { "type": "Point", "coordinates": [ -64.01059393, -31.55359464 ] } },
{ "type": "Feature", "properties": { "Name": "680.01", "P.K.": null, "Al.Dist. Izq.": null, "Al.Dist. Der.": null, "Ruta": "1V09" }, "geometry": { "type": "Point", "coordinates": [ -64.01102643, -31.5533175 ] } },
{ "type": "Feature", "properties": { "Name": "680.04", "P.K.": null, "Al.Dist. Izq.": null, "Al.Dist. Der.": null, "Ruta": "1V09" }, "geometry": { "type": "Point", "coordinates": [ -64.01108243, -31.55297922 ] } },
{ "type": "Feature", "properties": { "Name": "680.07", "P.K.": null, "Al.Dist. Izq.": null, "Al.Dist. Der.": null, "Ruta": "1V09" }, "geometry": { "type": "Point", "coordinates": [ -64.01134226, -31.55278923 ] } },
{ "type": "Feature", "properties": { "Name": "680.18", "P.K.": null, "Al.Dist. Izq.": null, "Al.Dist. Der.": null, "Ruta": "1V09" }, "geometry": { "type": "Point", "coordinates": [ -64.01218917, -31.55204067 ] } },
{ "type": "Feature", "properties": { "Name": "680.24", "P.K.": null, "Al.Dist. Izq.": null, "Al.Dist. Der.": null, "Ruta": "1V09" }, "geometry": { "type": "Point", "coordinates": [ -64.01257977, -31.55162553 ] } },
{ "type": "Feature", "properties": { "Name": "680.27", "P.K.": null, "Al.Dist. Izq.": null, "Al.Dist. Der.": null, "Ruta": "1V09" }, "geometry": { "type": "Point", "coordinates": [ -64.01274128, -31.55144548 ] } },
{ "type": "Feature", "properties": { "Name": "680.27", "P.K.": null, "Al.Dist. Izq.": null, "Al.Dist. Der.": null, "Ruta": "1V09" }, "geometry": { "type": "Point", "coordinates": [ -64.01274128, -31.55144548 ] } },
{ "type": "Feature", "properties": { "Name": "680.35", "P.K.": null, "Al.Dist. Izq.": null, "Al.Dist. Der.": null, "Ruta": "1V09" }, "geometry": { "type": "Point", "coordinates": [ -64.0133736, -31.55099409 ] } },
{ "type": "Feature", "properties": { "Name": "680.48", "P.K.": null, "Al.Dist. Izq.": null, "Al.Dist. Der.": null, "Ruta": "1V09" }, "geometry": { "type": "Point", "coordinates": [ -64.01457648, -31.55035719 ] } },
{ "type": "Feature", "properties": { "Name": "680.61", "P.K.": null, "Al.Dist. Izq.": null, "Al.Dist. Der.": null, "Ruta": "1V09" }, "geometry": { "type": "Point", "coordinates": [ -64.01561214, -31.5495292 ] } },
{ "type": "Feature", "properties": { "Name": "680.62", "P.K.": null, "Al.Dist. Izq.": null, "Al.Dist. Der.": null, "Ruta": "1V09" }, "geometry": { "type": "Point", "coordinates": [ -64.01574214, -31.5496592 ] } },
{ "type": "Feature", "properties": { "Name": "680.62", "P.K.": null, "Al.Dist. Izq.": 10, "Al.Dist. Der.": 40, "Ruta": "1V09" }, "geometry": { "type": "Point", "coordinates": [ -64.01574214, -31.5496592 ] } },
{ "type": "Feature", "properties": { "Name": "680.75", "P.K.": null, "Al.Dist. Izq.": 10, "Al.Dist. Der.": 40, "Ruta": "1V09" }, "geometry": { "type": "Point", "coordinates": [ -64.01669488, -31.54882325 ] } },
{ "type": "Feature", "properties": { "Name": "680.85", "P.K.": null, "Al.Dist. Izq.": 10, "Al.Dist. Der.": 40, "Ruta": "1V09" }, "geometry": { "type": "Point", "coordinates": [ -64.01751738, -31.54819007 ] } },
{ "type": "Feature", "properties": { "Name": "680.86", "P.K.": null, "Al.Dist. Izq.": 10, "Al.Dist. Der.": 40, "Ruta": "1V09" }, "geometry": { "type": "Point", "coordinates": [ -64.01743121, -31.54797663 ] } },
{ "type": "Feature", "properties": { "Name": "680.98", "P.K.": null, "Al.Dist. Izq.": 10, "Al.Dist. Der.": 40, "Ruta": "1V09" }, "geometry": { "type": "Point", "coordinates": [ -64.01836663, -31.54729404 ] } },
{ "type": "Feature", "properties": { "Name": "681", "P.K.": "PK681", "Al.Dist. Izq.": 10, "Al.Dist. Der.": 40, "Ruta": "1V09" }, "geometry": { "type": "Point", "coordinates": [ -64.0184349, -31.54713386 ] } },
{ "type": "Feature", "properties": { "Name": "681.02", "P.K.": null, "Al.Dist. Izq.": 10, "Al.Dist. Der.": 40, "Ruta": "1V09" }, "geometry": { "type": "Point", "coordinates": [ -64.01868749, -31.54698631 ] } },
{ "type": "Feature", "properties": { "Name": "681.09", "P.K.": null, "Al.Dist. Izq.": 10, "Al.Dist. Der.": 40, "Ruta": "1V09" }, "geometry": { "type": "Point", "coordinates": [ -64.01907105, -31.546492 ] } },
{ "type": "Feature", "properties": { "Name": "681.15", "P.K.": null, "Al.Dist. Izq.": 10, "Al.Dist. Der.": 40, "Ruta": "1V09" }, "geometry": { "type": "Point", "coordinates": [ -64.01949151, -31.5461092 ] } },
{ "type": "Feature", "properties": { "Name": "681.17", "P.K.": null, "Al.Dist. Izq.": 10, "Al.Dist. Der.": 40, "Ruta": "1V09" }, "geometry": { "type": "Point", "coordinates": [ -64.01958805, -31.54595255 ] } },
{ "type": "Feature", "properties": { "Name": "681.22", "P.K.": null, "Al.Dist. Izq.": 10, "Al.Dist. Der.": 40, "Ruta": "1V09" }, "geometry": { "type": "Point", "coordinates": [ -64.020022, -31.54559648 ] } },
{ "type": "Feature", "properties": { "Name": "681.3", "P.K.": null, "Al.Dist. Izq.": 10, "Al.Dist. Der.": 40, "Ruta": "1V09" }, "geometry": { "type": "Point", "coordinates": [ -64.02064249, -31.54512279 ] } },
{ "type": "Feature", "properties": { "Name": "681.52", "P.K.": null, "Al.Dist. Izq.": 10, "Al.Dist. Der.": 40, "Ruta": "1V09" }, "geometry": { "type": "Point", "coordinates": [ -64.02201477, -31.54354182 ] } },
{ "type": "Feature", "properties": { "Name": "682.09", "P.K.": null, "Al.Dist. Izq.": 10, "Al.Dist. Der.": 40, "Ruta": "1V09" }, "geometry": { "type": "Point", "coordinates": [ -64.0259593, -31.53981345 ] } },
{ "type": "Feature", "properties": { "Name": "682.4", "P.K.": null, "Al.Dist. Izq.": 10, "Al.Dist. Der.": 40, "Ruta": "1V09" }, "geometry": { "type": "Point", "coordinates": [ -64.02812464, -31.5376988 ] } },
{ "type": "Feature", "properties": { "Name": "682.9", "P.K.": null, "Al.Dist. Izq.": 10, "Al.Dist. Der.": 40, "Ruta": "1V09" }, "geometry": { "type": "Point", "coordinates": [ -64.03164625, -31.53433121 ] } },
{ "type": "Feature", "properties": { "Name": "683", "P.K.": "PK683", "Al.Dist. Izq.": 10, "Al.Dist. Der.": 40, "Ruta": "1V09" }, "geometry": { "type": "Point", "coordinates": [ -64.03230239, -31.53356107 ] } },
{ "type": "Feature", "properties": { "Name": "683.09", "P.K.": null, "Al.Dist. Izq.": 10, "Al.Dist. Der.": 40, "Ruta": "1V09" }, "geometry": { "type": "Point", "coordinates": [ -64.03298434, -31.53304012 ] } },
{ "type": "Feature", "properties": { "Name": "683.33", "P.K.": null, "Al.Dist. Izq.": 10, "Al.Dist. Der.": 40, "Ruta": "1V09" }, "geometry": { "type": "Point", "coordinates": [ -64.03464831, -31.53148752 ] } },
{ "type": "Feature", "properties": { "Name": "683.77", "P.K.": null, "Al.Dist. Izq.": 10, "Al.Dist. Der.": 40, "Ruta": "1V09" }, "geometry": { "type": "Point", "coordinates": [ -64.03775968, -31.5284557 ] } },
{ "type": "Feature", "properties": { "Name": "683.78", "P.K.": null, "Al.Dist. Izq.": 10, "Al.Dist. Der.": 40, "Ruta": "1V09" }, "geometry": { "type": "Point", "coordinates": [ -64.037673, -31.52835698 ] } },
{ "type": "Feature", "properties": { "Name": "684.05", "P.K.": null, "Al.Dist. Izq.": 10, "Al.Dist. Der.": 40, "Ruta": "1V09" }, "geometry": { "type": "Point", "coordinates": [ -64.03961509, -31.52661353 ] } },
{ "type": "Feature", "properties": { "Name": "684.48", "P.K.": null, "Al.Dist. Izq.": 10, "Al.Dist. Der.": 40, "Ruta": "1V09" }, "geometry": { "type": "Point", "coordinates": [ -64.04251342, -31.5236416 ] } },
{ "type": "Feature", "properties": { "Name": "684.51", "P.K.": null, "Al.Dist. Izq.": 10, "Al.Dist. Der.": 40, "Ruta": "1V09" }, "geometry": { "type": "Point", "coordinates": [ -64.04267181, -31.52342465 ] } },
{ "type": "Feature", "properties": { "Name": "684.52", "P.K.": null, "Al.Dist. Izq.": 10, "Al.Dist. Der.": 40, "Ruta": "1V09" }, "geometry": { "type": "Point", "coordinates": [ -64.04282704, -31.52346466 ] } },
{ "type": "Feature", "properties": { "Name": "684.55", "P.K.": null, "Al.Dist. Izq.": 10, "Al.Dist. Der.": 40, "Ruta": "1V09" }, "geometry": { "type": "Point", "coordinates": [ -64.04298, -31.52323 ] } },
{ "type": "Feature", "properties": { "Name": "684.61", "P.K.": null, "Al.Dist. Izq.": 10, "Al.Dist. Der.": 40, "Ruta": "1V09" }, "geometry": { "type": "Point", "coordinates": [ -64.04340371, -31.52272844 ] } },
{ "type": "Feature", "properties": { "Name": "684.76", "P.K.": null, "Al.Dist. Izq.": 10, "Al.Dist. Der.": 40, "Ruta": "1V09" }, "geometry": { "type": "Point", "coordinates": [ -64.04444106, -31.52178272 ] } },
{ "type": "Feature", "properties": { "Name": "684.93", "P.K.": null, "Al.Dist. Izq.": 10, "Al.Dist. Der.": 40, "Ruta": "1V09" }, "geometry": { "type": "Point", "coordinates": [ -64.04565409, -31.52060863 ] } },
{ "type": "Feature", "properties": { "Name": "684.96", "P.K.": null, "Al.Dist. Izq.": 10, "Al.Dist. Der.": 40, "Ruta": "1V09" }, "geometry": { "type": "Point", "coordinates": [ -64.04589046, -31.52051117 ] } },
{ "type": "Feature", "properties": { "Name": "684.99", "P.K.": null, "Al.Dist. Izq.": 10, "Al.Dist. Der.": 40, "Ruta": "1V09" }, "geometry": { "type": "Point", "coordinates": [ -64.04607, -31.52023 ] } },
{ "type": "Feature", "properties": { "Name": "685", "P.K.": "PK685", "Al.Dist. Izq.": 10, "Al.Dist. Der.": 40, "Ruta": "1V09" }, "geometry": { "type": "Point", "coordinates": [ -64.04611208, -31.5200836 ] } },
{ "type": "Feature", "properties": { "Name": "685.01", "P.K.": null, "Al.Dist. Izq.": 10, "Al.Dist. Der.": 40, "Ruta": "1V09" }, "geometry": { "type": "Point", "coordinates": [ -64.04625423, -31.52005417 ] } },
{ "type": "Feature", "properties": { "Name": "685.05", "P.K.": null, "Al.Dist. Izq.": 10, "Al.Dist. Der.": 40, "Ruta": "1V09" }, "geometry": { "type": "Point", "coordinates": [ -64.04649965, -31.51983867 ] } },
{ "type": "Feature", "properties": { "Name": "685.17", "P.K.": null, "Al.Dist. Izq.": 10, "Al.Dist. Der.": 40, "Ruta": "1V09" }, "geometry": { "type": "Point", "coordinates": [ -64.04741731, -31.51902525 ] } },
{ "type": "Feature", "properties": { "Name": "685.18", "P.K.": null, "Al.Dist. Izq.": 10, "Al.Dist. Der.": 40, "Ruta": "1V09" }, "geometry": { "type": "Point", "coordinates": [ -64.04751353, -31.51902182 ] } },
{ "type": "Feature", "properties": { "Name": "685.23", "P.K.": null, "Al.Dist. Izq.": 10, "Al.Dist. Der.": 40, "Ruta": "1V09" }, "geometry": { "type": "Point", "coordinates": [ -64.04777155, -31.51864397 ] } },
{ "type": "Feature", "properties": { "Name": "685.35", "P.K.": null, "Al.Dist. Izq.": 7, "Al.Dist. Der.": 28, "Ruta": "1V09" }, "geometry": { "type": "Point", "coordinates": [ -64.04870342, -31.51784941 ] } },
{ "type": "Feature", "properties": { "Name": "685.39", "P.K.": null, "Al.Dist. Izq.": 7, "Al.Dist. Der.": 28, "Ruta": "1V09" }, "geometry": { "type": "Point", "coordinates": [ -64.04894315, -31.51764677 ] } },
{ "type": "Feature", "properties": { "Name": "685.63", "P.K.": null, "Al.Dist. Izq.": 7, "Al.Dist. Der.": 28, "Ruta": "1V09" }, "geometry": { "type": "Point", "coordinates": [ -64.05068357, -31.51589727 ] } },
{ "type": "Feature", "properties": { "Name": "685.89", "P.K.": null, "Al.Dist. Izq.": 7, "Al.Dist. Der.": 28, "Ruta": "1V09" }, "geometry": { "type": "Point", "coordinates": [ -64.05206088, -31.51374559 ] } },
{ "type": "Feature", "properties": { "Name": "685.97", "P.K.": null, "Al.Dist. Izq.": 7, "Al.Dist. Der.": 28, "Ruta": "1V09" }, "geometry": { "type": "Point", "coordinates": [ -64.05300066, -31.51349977 ] } },
{ "type": "Feature", "properties": { "Name": "686", "P.K.": "PK686", "Al.Dist. Izq.": 7, "Al.Dist. Der.": 28, "Ruta": "1V09" }, "geometry": { "type": "Point", "coordinates": [ -64.0532662, -31.51336172 ] } },
{ "type": "Feature", "properties": { "Name": "686.33", "P.K.": null, "Al.Dist. Izq.": 7, "Al.Dist. Der.": 28, "Ruta": "1V09" }, "geometry": { "type": "Point", "coordinates": [ -64.0554303, -31.51116644 ] } },
{ "type": "Feature", "properties": { "Name": "686.36", "P.K.": null, "Al.Dist. Izq.": 7, "Al.Dist. Der.": 28, "Ruta": "1V09" }, "geometry": { "type": "Point", "coordinates": [ -64.05561011, -31.51099502 ] } },
{ "type": "Feature", "properties": { "Name": "686.49", "P.K.": null, "Al.Dist. Izq.": 7, "Al.Dist. Der.": 28, "Ruta": "1V09" }, "geometry": { "type": "Point", "coordinates": [ -64.05663405, -31.51019697 ] } },
{ "type": "Feature", "properties": { "Name": "687", "P.K.": "PK687", "Al.Dist. Izq.": 7, "Al.Dist. Der.": 28, "Ruta": "1V09" }, "geometry": { "type": "Point", "coordinates": [ -64.06010114, -31.50673625 ] } },
{ "type": "Feature", "properties": { "Name": "687.01", "P.K.": null, "Al.Dist. Izq.": 7, "Al.Dist. Der.": 28, "Ruta": "1V09" }, "geometry": { "type": "Point", "coordinates": [ -64.0601645, -31.50666851 ] } },
{ "type": "Feature", "properties": { "Name": "687.38", "P.K.": null, "Al.Dist. Izq.": 7, "Al.Dist. Der.": 28, "Ruta": "1V09" }, "geometry": { "type": "Point", "coordinates": [ -64.0626812, -31.50410471 ] } },
{ "type": "Feature", "properties": { "Name": "687.64", "P.K.": null, "Al.Dist. Izq.": 7, "Al.Dist. Der.": 28, "Ruta": "1V09" }, "geometry": { "type": "Point", "coordinates": [ -64.06451102, -31.50236066 ] } },
{ "type": "Feature", "properties": { "Name": "687.81", "P.K.": null, "Al.Dist. Izq.": 7, "Al.Dist. Der.": 28, "Ruta": "1V09" }, "geometry": { "type": "Point", "coordinates": [ -64.06560335, -31.5012252 ] } },
{ "type": "Feature", "properties": { "Name": "687.96", "P.K.": null, "Al.Dist. Izq.": 7, "Al.Dist. Der.": 28, "Ruta": "1V09" }, "geometry": { "type": "Point", "coordinates": [ -64.06677615, -31.50022467 ] } },
{ "type": "Feature", "properties": { "Name": "687.98", "P.K.": null, "Al.Dist. Izq.": 7, "Al.Dist. Der.": 28, "Ruta": "1V09" }, "geometry": { "type": "Point", "coordinates": [ -64.06682242, -31.50005343 ] } },
{ "type": "Feature", "properties": { "Name": "687.99", "P.K.": null, "Al.Dist. Izq.": 7, "Al.Dist. Der.": 28, "Ruta": "1V09" }, "geometry": { "type": "Point", "coordinates": [ -64.06690288, -31.50000312 ] } },
{ "type": "Feature", "properties": { "Name": "688", "P.K.": "PK688", "Al.Dist. Izq.": 7, "Al.Dist. Der.": 28, "Ruta": "1V09" }, "geometry": { "type": "Point", "coordinates": [ -64.06702962, -31.49996824 ] } },
{ "type": "Feature", "properties": { "Name": "688.1", "P.K.": null, "Al.Dist. Izq.": 7, "Al.Dist. Der.": 28, "Ruta": "1V09" }, "geometry": { "type": "Point", "coordinates": [ -64.06765457, -31.49927386 ] } },
{ "type": "Feature", "properties": { "Name": "688.22", "P.K.": null, "Al.Dist. Izq.": 7, "Al.Dist. Der.": 28, "Ruta": "1V09" }, "geometry": { "type": "Point", "coordinates": [ -64.06855368, -31.49846098 ] } },
{ "type": "Feature", "properties": { "Name": "688.22", "P.K.": null, "Al.Dist. Izq.": 7, "Al.Dist. Der.": 13, "Ruta": "1V09" }, "geometry": { "type": "Point", "coordinates": [ -64.06855368, -31.49846098 ] } },
{ "type": "Feature", "properties": { "Name": "688.25", "P.K.": null, "Al.Dist. Izq.": 7, "Al.Dist. Der.": 13, "Ruta": "1V09" }, "geometry": { "type": "Point", "coordinates": [ -64.06879652, -31.49838336 ] } },
{ "type": "Feature", "properties": { "Name": "688.94", "P.K.": null, "Al.Dist. Izq.": 7, "Al.Dist. Der.": 13, "Ruta": "1V09" }, "geometry": { "type": "Point", "coordinates": [ -64.07362852, -31.49348534 ] } },
{ "type": "Feature", "properties": { "Name": "689", "P.K.": "PK689", "Al.Dist. Izq.": 7, "Al.Dist. Der.": 13, "Ruta": "1V09" }, "geometry": { "type": "Point", "coordinates": [ -64.07399632, -31.49313227 ] } },
{ "type": "Feature", "properties": { "Name": "689.01", "P.K.": null, "Al.Dist. Izq.": 7, "Al.Dist. Der.": 13, "Ruta": "1V09" }, "geometry": { "type": "Point", "coordinates": [ -64.07412339, -31.49305079 ] } },
{ "type": "Feature", "properties": { "Name": "689.05", "P.K.": null, "Al.Dist. Izq.": 7, "Al.Dist. Der.": 13, "Ruta": "1V09" }, "geometry": { "type": "Point", "coordinates": [ -64.07433998, -31.49279663 ] } },
{ "type": "Feature", "properties": { "Name": "689.08", "P.K.": null, "Al.Dist. Izq.": 7, "Al.Dist. Der.": 13, "Ruta": "1V09" }, "geometry": { "type": "Point", "coordinates": [ -64.07458976, -31.4925399 ] } },
{ "type": "Feature", "properties": { "Name": "689.28", "P.K.": null, "Al.Dist. Izq.": 7, "Al.Dist. Der.": 13, "Ruta": "1V09" }, "geometry": { "type": "Point", "coordinates": [ -64.07599386, -31.49122076 ] } },
{ "type": "Feature", "properties": { "Name": "689.34", "P.K.": null, "Al.Dist. Izq.": 7, "Al.Dist. Der.": 13, "Ruta": "1V09" }, "geometry": { "type": "Point", "coordinates": [ -64.07649513, -31.49085255 ] } },
{ "type": "Feature", "properties": { "Name": "689.37", "P.K.": null, "Al.Dist. Izq.": 7, "Al.Dist. Der.": 13, "Ruta": "1V09" }, "geometry": { "type": "Point", "coordinates": [ -64.07666612, -31.49072589 ] } },
{ "type": "Feature", "properties": { "Name": "689.51", "P.K.": null, "Al.Dist. Izq.": 7, "Al.Dist. Der.": 13, "Ruta": "1V09" }, "geometry": { "type": "Point", "coordinates": [ -64.07762066, -31.48975641 ] } },
{ "type": "Feature", "properties": { "Name": "689.58", "P.K.": null, "Al.Dist. Izq.": 7, "Al.Dist. Der.": 13, "Ruta": "1V09" }, "geometry": { "type": "Point", "coordinates": [ -64.07805953, -31.48921234 ] } },
{ "type": "Feature", "properties": { "Name": "689.65", "P.K.": null, "Al.Dist. Izq.": 7, "Al.Dist. Der.": 13, "Ruta": "1V09" }, "geometry": { "type": "Point", "coordinates": [ -64.07863453, -31.48877376 ] } },
{ "type": "Feature", "properties": { "Name": "689.67", "P.K.": null, "Al.Dist. Izq.": 7, "Al.Dist. Der.": 13, "Ruta": "1V09" }, "geometry": { "type": "Point", "coordinates": [ -64.07868281, -31.4885499 ] } },
{ "type": "Feature", "properties": { "Name": "689.69", "P.K.": null, "Al.Dist. Izq.": 7, "Al.Dist. Der.": 13, "Ruta": "1V09" }, "geometry": { "type": "Point", "coordinates": [ -64.07890275, -31.4885356 ] } },
{ "type": "Feature", "properties": { "Name": "689.84", "P.K.": null, "Al.Dist. Izq.": 7, "Al.Dist. Der.": 13, "Ruta": "1V09" }, "geometry": { "type": "Point", "coordinates": [ -64.07986332, -31.48746259 ] } },
{ "type": "Feature", "properties": { "Name": "689.87", "P.K.": null, "Al.Dist. Izq.": 7, "Al.Dist. Der.": 13, "Ruta": "1V09" }, "geometry": { "type": "Point", "coordinates": [ -64.08006884, -31.48720956 ] } },
{ "type": "Feature", "properties": { "Name": "689.9", "P.K.": null, "Al.Dist. Izq.": 7, "Al.Dist. Der.": 13, "Ruta": "1V09" }, "geometry": { "type": "Point", "coordinates": [ -64.0803203, -31.48699599 ] } },
{ "type": "Feature", "properties": { "Name": "689.96", "P.K.": null, "Al.Dist. Izq.": 7, "Al.Dist. Der.": 13, "Ruta": "1V09" }, "geometry": { "type": "Point", "coordinates": [ -64.08068441, -31.48661173 ] } },
{ "type": "Feature", "properties": { "Name": "689.97", "P.K.": null, "Al.Dist. Izq.": 7, "Al.Dist. Der.": 13, "Ruta": "1V09" }, "geometry": { "type": "Point", "coordinates": [ -64.08078298, -31.48653739 ] } },
{ "type": "Feature", "properties": { "Name": "690.08", "P.K.": null, "Al.Dist. Izq.": 7, "Al.Dist. Der.": 13, "Ruta": "1V09" }, "geometry": { "type": "Point", "coordinates": [ -64.08169761, -31.48582147 ] } },
{ "type": "Feature", "properties": { "Name": "690.17", "P.K.": null, "Al.Dist. Izq.": 7, "Al.Dist. Der.": 13, "Ruta": "1V09" }, "geometry": { "type": "Point", "coordinates": [ -64.08215862, -31.48507123 ] } },
{ "type": "Feature", "properties": { "Name": "690.21", "P.K.": null, "Al.Dist. Izq.": 7, "Al.Dist. Der.": 13, "Ruta": "1V09" }, "geometry": { "type": "Point", "coordinates": [ -64.08248853, -31.48481219 ] } },
{ "type": "Feature", "properties": { "Name": "690.26", "P.K.": null, "Al.Dist. Izq.": 7, "Al.Dist. Der.": 13, "Ruta": "1V09" }, "geometry": { "type": "Point", "coordinates": [ -64.08279363, -31.4845094 ] } },
{ "type": "Feature", "properties": { "Name": "690.43", "P.K.": null, "Al.Dist. Izq.": 7, "Al.Dist. Der.": 13, "Ruta": "1V09" }, "geometry": { "type": "Point", "coordinates": [ -64.08403382, -31.48336086 ] } },
{ "type": "Feature", "properties": { "Name": "690.47", "P.K.": null, "Al.Dist. Izq.": 7, "Al.Dist. Der.": 13, "Ruta": "1V09" }, "geometry": { "type": "Point", "coordinates": [ -64.08422492, -31.48307008 ] } },
{ "type": "Feature", "properties": { "Name": "690.51", "P.K.": null, "Al.Dist. Izq.": 7, "Al.Dist. Der.": 13, "Ruta": "1V09" }, "geometry": { "type": "Point", "coordinates": [ -64.08459105, -31.48282047 ] } },
{ "type": "Feature", "properties": { "Name": "690.55", "P.K.": null, "Al.Dist. Izq.": 7, "Al.Dist. Der.": 13, "Ruta": "1V09" }, "geometry": { "type": "Point", "coordinates": [ -64.08489414, -31.48253884 ] } },
{ "type": "Feature", "properties": { "Name": "690.58", "P.K.": null, "Al.Dist. Izq.": 7, "Al.Dist. Der.": 13, "Ruta": "1V09" }, "geometry": { "type": "Point", "coordinates": [ -64.08510335, -31.48232382 ] } },
{ "type": "Feature", "properties": { "Name": "690.59", "P.K.": null, "Al.Dist. Izq.": 7, "Al.Dist. Der.": 13, "Ruta": "1V09" }, "geometry": { "type": "Point", "coordinates": [ -64.08519253, -31.48237386 ] } },
{ "type": "Feature", "properties": { "Name": "690.89", "P.K.": null, "Al.Dist. Izq.": 7, "Al.Dist. Der.": 13, "Ruta": "1V09" }, "geometry": { "type": "Point", "coordinates": [ -64.08722196, -31.48020911 ] } },
{ "type": "Feature", "properties": { "Name": "690.9", "P.K.": null, "Al.Dist. Izq.": 7, "Al.Dist. Der.": 13, "Ruta": "1V09" }, "geometry": { "type": "Point", "coordinates": [ -64.08736076, -31.48027487 ] } },
{ "type": "Feature", "properties": { "Name": "691", "P.K.": "PK691", "Al.Dist. Izq.": 7, "Al.Dist. Der.": 13, "Ruta": "1V09" }, "geometry": { "type": "Point", "coordinates": [ -64.08803198, -31.47954403 ] } },
{ "type": "Feature", "properties": { "Name": "691.04", "P.K.": null, "Al.Dist. Izq.": 7, "Al.Dist. Der.": 13, "Ruta": "1V09" }, "geometry": { "type": "Point", "coordinates": [ -64.08829652, -31.47925753 ] } },
{ "type": "Feature", "properties": { "Name": "691.11", "P.K.": null, "Al.Dist. Izq.": 7, "Al.Dist. Der.": 13, "Ruta": "1V09" }, "geometry": { "type": "Point", "coordinates": [ -64.08889633, -31.47883434 ] } },
{ "type": "Feature", "properties": { "Name": "691.16", "P.K.": null, "Al.Dist. Izq.": 7, "Al.Dist. Der.": 13, "Ruta": "1V09" }, "geometry": { "type": "Point", "coordinates": [ -64.08917796, -31.47844519 ] } },
{ "type": "Feature", "properties": { "Name": "691.16", "P.K.": null, "Al.Dist. Izq.": 7, "Al.Dist. Der.": 13, "Ruta": "1V09" }, "geometry": { "type": "Point", "coordinates": [ -64.08917796, -31.47844519 ] } },
{ "type": "Feature", "properties": { "Name": "691.17", "P.K.": null, "Al.Dist. Izq.": 7, "Al.Dist. Der.": 13, "Ruta": "1V09" }, "geometry": { "type": "Point", "coordinates": [ -64.08926714, -31.47839915 ] } },
{ "type": "Feature", "properties": { "Name": "691.17", "P.K.": null, "Al.Dist. Izq.": 7, "Al.Dist. Der.": 13, "Ruta": "1V09" }, "geometry": { "type": "Point", "coordinates": [ -64.08923194, -31.47838199 ] } },
{ "type": "Feature", "properties": { "Name": "691.31", "P.K.": null, "Al.Dist. Izq.": 7, "Al.Dist. Der.": 13, "Ruta": "1V09" }, "geometry": { "type": "Point", "coordinates": [ -64.09019452, -31.47740237 ] } },
{ "type": "Feature", "properties": { "Name": "691.37", "P.K.": null, "Al.Dist. Izq.": 7, "Al.Dist. Der.": 13, "Ruta": "1V09" }, "geometry": { "type": "Point", "coordinates": [ -64.09054153, -31.47701264 ] } },
{ "type": "Feature", "properties": { "Name": "691.41", "P.K.": null, "Al.Dist. Izq.": 7, "Al.Dist. Der.": 13, "Ruta": "1V09" }, "geometry": { "type": "Point", "coordinates": [ -64.09087479, -31.47671926 ] } },
{ "type": "Feature", "properties": { "Name": "691.42", "P.K.": null, "Al.Dist. Izq.": 7, "Al.Dist. Der.": 13, "Ruta": "1V09" }, "geometry": { "type": "Point", "coordinates": [ -64.0909737, -31.47670983 ] } },
{ "type": "Feature", "properties": { "Name": "691.42", "P.K.": null, "Al.Dist. Izq.": 7, "Al.Dist. Der.": 13, "Ruta": "1V09" }, "geometry": { "type": "Point", "coordinates": [ -64.09101795, -31.47678188 ] } },
{ "type": "Feature", "properties": { "Name": "691.53", "P.K.": null, "Al.Dist. Izq.": 7, "Al.Dist. Der.": 13, "Ruta": "1V09" }, "geometry": { "type": "Point", "coordinates": [ -64.09177937, -31.4760187 ] } },
{ "type": "Feature", "properties": { "Name": "691.75", "P.K.": null, "Al.Dist. Izq.": 7, "Al.Dist. Der.": 13, "Ruta": "1V09" }, "geometry": { "type": "Point", "coordinates": [ -64.09334108, -31.47452092 ] } },
{ "type": "Feature", "properties": { "Name": "691.8", "P.K.": null, "Al.Dist. Izq.": 7, "Al.Dist. Der.": 13, "Ruta": "1V09" }, "geometry": { "type": "Point", "coordinates": [ -64.09367234, -31.47416806 ] } },
{ "type": "Feature", "properties": { "Name": "691.85", "P.K.": null, "Al.Dist. Izq.": 7, "Al.Dist. Der.": 13, "Ruta": "1V09" }, "geometry": { "type": "Point", "coordinates": [ -64.09384064, -31.47374371 ] } },
{ "type": "Feature", "properties": { "Name": "691.87", "P.K.": null, "Al.Dist. Izq.": 7, "Al.Dist. Der.": 13, "Ruta": "1V09" }, "geometry": { "type": "Point", "coordinates": [ -64.094133, -31.47376687 ] } },
{ "type": "Feature", "properties": { "Name": "691.93", "P.K.": null, "Al.Dist. Izq.": 7, "Al.Dist. Der.": 13, "Ruta": "1V09" }, "geometry": { "type": "Point", "coordinates": [ -64.09457859, -31.47326389 ] } },
{ "type": "Feature", "properties": { "Name": "692", "P.K.": "PK692", "Al.Dist. Izq.": 7, "Al.Dist. Der.": 13, "Ruta": "1V09" }, "geometry": { "type": "Point", "coordinates": [ -64.09499668, -31.4728301 ] } },
{ "type": "Feature", "properties": { "Name": "692.08", "P.K.": null, "Al.Dist. Izq.": 7, "Al.Dist. Der.": 13, "Ruta": "1V09" }, "geometry": { "type": "Point", "coordinates": [ -64.09563906, -31.47230165 ] } },
{ "type": "Feature", "properties": { "Name": "692.14", "P.K.": null, "Al.Dist. Izq.": 7, "Al.Dist. Der.": 13, "Ruta": "1V09" }, "geometry": { "type": "Point", "coordinates": [ -64.0958989, -31.47177264 ] } },
{ "type": "Feature", "properties": { "Name": "692.17", "P.K.": null, "Al.Dist. Izq.": 7, "Al.Dist. Der.": 13, "Ruta": "1V09" }, "geometry": { "type": "Point", "coordinates": [ -64.09614835, -31.47153672 ] } },
{ "type": "Feature", "properties": { "Name": "692.19", "P.K.": null, "Al.Dist. Izq.": 7, "Al.Dist. Der.": 13, "Ruta": "1V09" }, "geometry": { "type": "Point", "coordinates": [ -64.09625798, -31.47145723 ] } },
{ "type": "Feature", "properties": { "Name": "692.44", "P.K.": null, "Al.Dist. Izq.": 7, "Al.Dist. Der.": 13, "Ruta": "1V09" }, "geometry": { "type": "Point", "coordinates": [ -64.09805037, -31.46976635 ] } },
{ "type": "Feature", "properties": { "Name": "692.55", "P.K.": null, "Al.Dist. Izq.": 7, "Al.Dist. Der.": 13, "Ruta": "1V09" }, "geometry": { "type": "Point", "coordinates": [ -64.09869175, -31.46902484 ] } },
{ "type": "Feature", "properties": { "Name": "692.61", "P.K.": null, "Al.Dist. Izq.": 7, "Al.Dist. Der.": 13, "Ruta": "1V09" }, "geometry": { "type": "Point", "coordinates": [ -64.09907632, -31.46866967 ] } },
{ "type": "Feature", "properties": { "Name": "692.66", "P.K.": null, "Al.Dist. Izq.": 7, "Al.Dist. Der.": 13, "Ruta": "1V09" }, "geometry": { "type": "Point", "coordinates": [ -64.099532, -31.468327 ] } },
{ "type": "Feature", "properties": { "Name": "692.68", "P.K.": null, "Al.Dist. Izq.": 7, "Al.Dist. Der.": 13, "Ruta": "1V09" }, "geometry": { "type": "Point", "coordinates": [ -64.09966171, -31.46819354 ] } },
{ "type": "Feature", "properties": { "Name": "692.79", "P.K.": null, "Al.Dist. Izq.": 7, "Al.Dist. Der.": 13, "Ruta": "1V09" }, "geometry": { "type": "Point", "coordinates": [ -64.10045397, -31.46757699 ] } },
{ "type": "Feature", "properties": { "Name": "692.87", "P.K.": null, "Al.Dist. Izq.": 7, "Al.Dist. Der.": 13, "Ruta": "1V09" }, "geometry": { "type": "Point", "coordinates": [ -64.10097623, -31.46690179 ] } },
{ "type": "Feature", "properties": { "Name": "692.87", "P.K.": null, "Al.Dist. Izq.": 7, "Al.Dist. Der.": 13, "Ruta": "1V09" }, "geometry": { "type": "Point", "coordinates": [ -64.10107959, -31.4669899 ] } },
{ "type": "Feature", "properties": { "Name": "692.98", "P.K.": null, "Al.Dist. Izq.": 7, "Al.Dist. Der.": 13, "Ruta": "1V09" }, "geometry": { "type": "Point", "coordinates": [ -64.10171594, -31.46620376 ] } },
{ "type": "Feature", "properties": { "Name": "693", "P.K.": "PK693", "Al.Dist. Izq.": 7, "Al.Dist. Der.": 13, "Ruta": "1V09" }, "geometry": { "type": "Point", "coordinates": [ -64.1018457, -31.46603075 ] } },
{ "type": "Feature", "properties": { "Name": "693.03", "P.K.": null, "Al.Dist. Izq.": 7, "Al.Dist. Der.": 13, "Ruta": "1V09" }, "geometry": { "type": "Point", "coordinates": [ -64.10210688, -31.46587432 ] } },
{ "type": "Feature", "properties": { "Name": "693.03", "P.K.": null, "Al.Dist. Izq.": 7, "Al.Dist. Der.": 13, "Ruta": "1V09" }, "geometry": { "type": "Point", "coordinates": [ -64.10210688, -31.46587432 ] } },
{ "type": "Feature", "properties": { "Name": "693.06", "P.K.": null, "Al.Dist. Izq.": null, "Al.Dist. Der.": null, "Ruta": "1V09" }, "geometry": { "type": "Point", "coordinates": [ -64.10226882, -31.46562638 ] } },
{ "type": "Feature", "properties": { "Name": "693.08", "P.K.": null, "Al.Dist. Izq.": null, "Al.Dist. Der.": null, "Ruta": "1V09" }, "geometry": { "type": "Point", "coordinates": [ -64.10252295, -31.46555145 ] } },
{ "type": "Feature", "properties": { "Name": "693.08", "P.K.": null, "Al.Dist. Izq.": null, "Al.Dist. Der.": null, "Ruta": "1V09" }, "geometry": { "type": "Point", "coordinates": [ -64.10244986, -31.46550084 ] } },
{ "type": "Feature", "properties": { "Name": "693.1", "P.K.": null, "Al.Dist. Izq.": null, "Al.Dist. Der.": null, "Ruta": "1V09" }, "geometry": { "type": "Point", "coordinates": [ -64.10262488, -31.46545394 ] } },
{ "type": "Feature", "properties": { "Name": "693.1", "P.K.": null, "Al.Dist. Izq.": null, "Al.Dist. Der.": null, "Ruta": "1V09" }, "geometry": { "type": "Point", "coordinates": [ -64.10262488, -31.46545394 ] } },
{ "type": "Feature", "properties": { "Name": "693.13", "P.K.": null, "Al.Dist. Izq.": null, "Al.Dist. Der.": null, "Ruta": "1V09" }, "geometry": { "type": "Point", "coordinates": [ -64.10293803, -31.46529093 ] } },
{ "type": "Feature", "properties": { "Name": "693.13", "P.K.": null, "Al.Dist. Izq.": null, "Al.Dist. Der.": null, "Ruta": "1V09" }, "geometry": { "type": "Point", "coordinates": [ -64.10293803, -31.46529093 ] } },
{ "type": "Feature", "properties": { "Name": "693.15", "P.K.": null, "Al.Dist. Izq.": null, "Al.Dist. Der.": null, "Ruta": "1V09" }, "geometry": { "type": "Point", "coordinates": [ -64.102876, -31.46507931 ] } },
{ "type": "Feature", "properties": { "Name": "693.26", "P.K.": null, "Al.Dist. Izq.": null, "Al.Dist. Der.": null, "Ruta": "1V09" }, "geometry": { "type": "Point", "coordinates": [ -64.10366392, -31.4642725 ] } },
{ "type": "Feature", "properties": { "Name": "693.3", "P.K.": null, "Al.Dist. Izq.": null, "Al.Dist. Der.": null, "Ruta": "1V09" }, "geometry": { "type": "Point", "coordinates": [ -64.10395894, -31.463972 ] } },
{ "type": "Feature", "properties": { "Name": "693.39", "P.K.": null, "Al.Dist. Izq.": null, "Al.Dist. Der.": null, "Ruta": "1V09" }, "geometry": { "type": "Point", "coordinates": [ -64.10466436, -31.46351786 ] } },
{ "type": "Feature", "properties": { "Name": "693.42", "P.K.": null, "Al.Dist. Izq.": null, "Al.Dist. Der.": null, "Ruta": "1V09" }, "geometry": { "type": "Point", "coordinates": [ -64.10486251, -31.46328536 ] } },
{ "type": "Feature", "properties": { "Name": "693.42", "P.K.": null, "Al.Dist. Izq.": null, "Al.Dist. Der.": null, "Ruta": "1V09" }, "geometry": { "type": "Point", "coordinates": [ -64.10478305, -31.46315152 ] } },
{ "type": "Feature", "properties": { "Name": "693.44", "P.K.": null, "Al.Dist. Izq.": null, "Al.Dist. Der.": null, "Ruta": "1V09" }, "geometry": { "type": "Point", "coordinates": [ -64.10502512, -31.46312206 ] } },
{ "type": "Feature", "properties": { "Name": "693.48", "P.K.": null, "Al.Dist. Izq.": null, "Al.Dist. Der.": null, "Ruta": "1V09" }, "geometry": { "type": "Point", "coordinates": [ -64.1069761, -31.4644707 ] } },
{ "type": "Feature", "properties": { "Name": "693.64", "P.K.": null, "Al.Dist. Izq.": null, "Al.Dist. Der.": null, "Ruta": "1V09" }, "geometry": { "type": "Point", "coordinates": [ -64.1063223, -31.46170615 ] } },
{ "type": "Feature", "properties": { "Name": "693.64", "P.K.": null, "Al.Dist. Izq.": null, "Al.Dist. Der.": null, "Ruta": "1V09" }, "geometry": { "type": "Point", "coordinates": [ -64.10641115, -31.4618114 ] } },
{ "type": "Feature", "properties": { "Name": "693.7", "P.K.": null, "Al.Dist. Izq.": null, "Al.Dist. Der.": null, "Ruta": "1V09" }, "geometry": { "type": "Point", "coordinates": [ -64.10669, -31.46134 ] } },
{ "type": "Feature", "properties": { "Name": "693.8", "P.K.": null, "Al.Dist. Izq.": null, "Al.Dist. Der.": null, "Ruta": "1V09" }, "geometry": { "type": "Point", "coordinates": [ -64.10758261, -31.46079528 ] } },
{ "type": "Feature", "properties": { "Name": "693.8", "P.K.": null, "Al.Dist. Izq.": null, "Al.Dist. Der.": null, "Ruta": "1V09" }, "geometry": { "type": "Point", "coordinates": [ -64.10758261, -31.46079528 ] } },
{ "type": "Feature", "properties": { "Name": "693.88", "P.K.": null, "Al.Dist. Izq.": null, "Al.Dist. Der.": null, "Ruta": "1V09" }, "geometry": { "type": "Point", "coordinates": [ -64.10820991, -31.46026277 ] } },
{ "type": "Feature", "properties": { "Name": "694", "P.K.": "PK694", "Al.Dist. Izq.": null, "Al.Dist. Der.": null, "Ruta": "1V09" }, "geometry": { "type": "Point", "coordinates": [ -64.10889655, -31.4594331 ] } },
{ "type": "Feature", "properties": { "Name": "694.02", "P.K.": null, "Al.Dist. Izq.": null, "Al.Dist. Der.": null, "Ruta": "1V09" }, "geometry": { "type": "Point", "coordinates": [ -64.10902429, -31.45917313 ] } },
{ "type": "Feature", "properties": { "Name": "694.02", "P.K.": null, "Al.Dist. Izq.": null, "Al.Dist. Der.": null, "Ruta": "1V09" }, "geometry": { "type": "Point", "coordinates": [ -64.10896897, -31.45912165 ] } },
{ "type": "Feature", "properties": { "Name": "694.03", "P.K.": null, "Al.Dist. Izq.": null, "Al.Dist. Der.": null, "Ruta": "1V09" }, "geometry": { "type": "Point", "coordinates": [ -64.10911515, -31.45922089 ] } },
{ "type": "Feature", "properties": { "Name": "694.3", "P.K.": null, "Al.Dist. Izq.": null, "Al.Dist. Der.": null, "Ruta": "1V09" }, "geometry": { "type": "Point", "coordinates": [ -64.11099182, -31.45716605 ] } },
{ "type": "Feature", "properties": { "Name": "694.31", "P.K.": null, "Al.Dist. Izq.": null, "Al.Dist. Der.": null, "Ruta": "1V09" }, "geometry": { "type": "Point", "coordinates": [ -64.11107811, -31.45708934 ] } },
{ "type": "Feature", "properties": { "Name": "694.31", "P.K.": null, "Al.Dist. Izq.": null, "Al.Dist. Der.": null, "Ruta": "1V09" }, "geometry": { "type": "Point", "coordinates": [ -64.11107811, -31.45708934 ] } },
{ "type": "Feature", "properties": { "Name": "694.35", "P.K.": null, "Al.Dist. Izq.": null, "Al.Dist. Der.": null, "Ruta": "1V09" }, "geometry": { "type": "Point", "coordinates": [ -64.11150433, -31.45688372 ] } },
{ "type": "Feature", "properties": { "Name": "694.53", "P.K.": null, "Al.Dist. Izq.": null, "Al.Dist. Der.": null, "Ruta": "1V09" }, "geometry": { "type": "Point", "coordinates": [ -64.11263891, -31.45544912 ] } },
{ "type": "Feature", "properties": { "Name": "694.54", "P.K.": null, "Al.Dist. Izq.": null, "Al.Dist. Der.": null, "Ruta": "1V09" }, "geometry": { "type": "Point", "coordinates": [ -64.11282163, -31.45553006 ] } },
{ "type": "Feature", "properties": { "Name": "694.55", "P.K.": null, "Al.Dist. Izq.": null, "Al.Dist. Der.": null, "Ruta": "1V09" }, "geometry": { "type": "Point", "coordinates": [ -64.11281593, -31.45534416 ] } },
{ "type": "Feature", "properties": { "Name": "694.56", "P.K.": null, "Al.Dist. Izq.": null, "Al.Dist. Der.": null, "Ruta": "1V09" }, "geometry": { "type": "Point", "coordinates": [ -64.11292891, -31.45527972 ] } },
{ "type": "Feature", "properties": { "Name": "694.72", "P.K.": null, "Al.Dist. Izq.": null, "Al.Dist. Der.": null, "Ruta": "1V09" }, "geometry": { "type": "Point", "coordinates": [ -64.11417313, -31.45414721 ] } },
{ "type": "Feature", "properties": { "Name": "694.75", "P.K.": null, "Al.Dist. Izq.": null, "Al.Dist. Der.": null, "Ruta": "1V09" }, "geometry": { "type": "Point", "coordinates": [ -64.11428109, -31.45390925 ] } },
{ "type": "Feature", "properties": { "Name": "694.9", "P.K.": null, "Al.Dist. Izq.": null, "Al.Dist. Der.": null, "Ruta": "1V09" }, "geometry": { "type": "Point", "coordinates": [ -64.11545623, -31.45289992 ] } },
{ "type": "Feature", "properties": { "Name": "694.9", "P.K.": null, "Al.Dist. Izq.": null, "Al.Dist. Der.": null, "Ruta": "1V09" }, "geometry": { "type": "Point", "coordinates": [ -64.11545623, -31.45289992 ] } },
{ "type": "Feature", "properties": { "Name": "694.95", "P.K.": null, "Al.Dist. Izq.": null, "Al.Dist. Der.": null, "Ruta": "1V09" }, "geometry": { "type": "Point", "coordinates": [ -64.11584347, -31.4526159 ] } },
{ "type": "Feature", "properties": { "Name": "694.95", "P.K.": null, "Al.Dist. Izq.": null, "Al.Dist. Der.": null, "Ruta": "1V09" }, "geometry": { "type": "Point", "coordinates": [ -64.11572311, -31.45249806 ] } },
{ "type": "Feature", "properties": { "Name": "694.99", "P.K.": null, "Al.Dist. Izq.": null, "Al.Dist. Der.": null, "Ruta": "1V09" }, "geometry": { "type": "Point", "coordinates": [ -64.11643356, -31.4526774 ] } },
{ "type": "Feature", "properties": { "Name": "695", "P.K.": "PK695", "Al.Dist. Izq.": null, "Al.Dist. Der.": null, "Ruta": "1V09" }, "geometry": { "type": "Point", "coordinates": [ -64.11617137, -31.45227955 ] } },
{ "type": "Feature", "properties": { "Name": "695.08", "P.K.": null, "Al.Dist. Izq.": null, "Al.Dist. Der.": null, "Ruta": "1V09" }, "geometry": { "type": "Point", "coordinates": [ -64.1166069, -31.45176272 ] } },
{ "type": "Feature", "properties": { "Name": "695.11", "P.K.": null, "Al.Dist. Izq.": null, "Al.Dist. Der.": null, "Ruta": "1V09" }, "geometry": { "type": "Point", "coordinates": [ -64.11674771, -31.45165031 ] } },
{ "type": "Feature", "properties": { "Name": "695.11", "P.K.": null, "Al.Dist. Izq.": null, "Al.Dist. Der.": null, "Ruta": "1V09" }, "geometry": { "type": "Point", "coordinates": [ -64.11674771, -31.45165031 ] } },
{ "type": "Feature", "properties": { "Name": "695.18", "P.K.": null, "Al.Dist. Izq.": null, "Al.Dist. Der.": null, "Ruta": "1V09" }, "geometry": { "type": "Point", "coordinates": [ -64.11729421, -31.45124989 ] } },
{ "type": "Feature", "properties": { "Name": "695.19", "P.K.": null, "Al.Dist. Izq.": null, "Al.Dist. Der.": null, "Ruta": "1V09" }, "geometry": { "type": "Point", "coordinates": [ -64.11728717, -31.4511412 ] } },
{ "type": "Feature", "properties": { "Name": "695.24", "P.K.": null, "Al.Dist. Izq.": null, "Al.Dist. Der.": null, "Ruta": "1V09" }, "geometry": { "type": "Point", "coordinates": [ -64.11759093, -31.45092697 ] } },
{ "type": "Feature", "properties": { "Name": "695.33", "P.K.": null, "Al.Dist. Izq.": null, "Al.Dist. Der.": null, "Ruta": "1V09" }, "geometry": { "type": "Point", "coordinates": [ -64.1178672, -31.45020992 ] } },
{ "type": "Feature", "properties": { "Name": "695.38", "P.K.": null, "Al.Dist. Izq.": null, "Al.Dist. Der.": null, "Ruta": "1V09" }, "geometry": { "type": "Point", "coordinates": [ -64.11813643, -31.44983837 ] } },
{ "type": "Feature", "properties": { "Name": "695.4", "P.K.": null, "Al.Dist. Izq.": null, "Al.Dist. Der.": null, "Ruta": "1V09" }, "geometry": { "type": "Point", "coordinates": [ -64.11826149, -31.44969622 ] } },
{ "type": "Feature", "properties": { "Name": "695.45", "P.K.": null, "Al.Dist. Izq.": null, "Al.Dist. Der.": null, "Ruta": "1V09" }, "geometry": { "type": "Point", "coordinates": [ -64.11848411, -31.44944566 ] } },
{ "type": "Feature", "properties": { "Name": "695.49", "P.K.": null, "Al.Dist. Izq.": null, "Al.Dist. Der.": null, "Ruta": "1V09" }, "geometry": { "type": "Point", "coordinates": [ -64.11875367, -31.44923887 ] } },
{ "type": "Feature", "properties": { "Name": "695.88", "P.K.": null, "Al.Dist. Izq.": null, "Al.Dist. Der.": null, "Ruta": "1V09" }, "geometry": { "type": "Point", "coordinates": [ -64.12112206, -31.44712254 ] } },
{ "type": "Feature", "properties": { "Name": "696", "P.K.": "PK696", "Al.Dist. Izq.": null, "Al.Dist. Der.": null, "Ruta": "1V09" }, "geometry": { "type": "Point", "coordinates": [ -64.12186906, -31.44641862 ] } },
{ "type": "Feature", "properties": { "Name": "696.3", "P.K.": null, "Al.Dist. Izq.": null, "Al.Dist. Der.": null, "Ruta": "1V09" }, "geometry": { "type": "Point", "coordinates": [ -64.122307, -31.444016 ] } },
{ "type": "Feature", "properties": { "Name": "696.49", "P.K.": null, "Al.Dist. Izq.": null, "Al.Dist. Der.": null, "Ruta": "1V09" }, "geometry": { "type": "Point", "coordinates": [ -64.12283, -31.44246 ] } },
{ "type": "Feature", "properties": { "Name": "696.52", "P.K.": null, "Al.Dist. Izq.": null, "Al.Dist. Der.": null, "Ruta": "1V09" }, "geometry": { "type": "Point", "coordinates": [ -64.12309, -31.44227 ] } },
{ "type": "Feature", "properties": { "Name": "696.71", "P.K.": null, "Al.Dist. Izq.": null, "Al.Dist. Der.": null, "Ruta": "1V09" }, "geometry": { "type": "Point", "coordinates": [ -64.124448, -31.443981 ] } },
{ "type": "Feature", "properties": { "Name": "696.72", "P.K.": null, "Al.Dist. Izq.": null, "Al.Dist. Der.": null, "Ruta": "1V09" }, "geometry": { "type": "Point", "coordinates": [ -64.124575, -31.443864 ] } },
{ "type": "Feature", "properties": { "Name": "696.74", "P.K.": null, "Al.Dist. Izq.": null, "Al.Dist. Der.": null, "Ruta": "1V09" }, "geometry": { "type": "Point", "coordinates": [ -64.12483, -31.44372 ] } },
{ "type": "Feature", "properties": { "Name": "697.35", "P.K.": null, "Al.Dist. Izq.": null, "Al.Dist. Der.": null, "Ruta": "1V09" }, "geometry": { "type": "Point", "coordinates": [ -64.128326, -31.438146 ] } },
{ "type": "Feature", "properties": { "Name": "700.75", "P.K.": null, "Al.Dist. Izq.": null, "Al.Dist. Der.": null, "Ruta": "1V09" }, "geometry": { "type": "Point", "coordinates": [ -64.15991418, -31.43311625 ] } },
{ "type": "Feature", "properties": { "Name": "701.03", "P.K.": null, "Al.Dist. Izq.": null, "Al.Dist. Der.": null, "Ruta": "1V09" }, "geometry": { "type": "Point", "coordinates": [ -64.16260588, -31.43239701 ] } },
{ "type": "Feature", "properties": { "Name": "701.43", "P.K.": null, "Al.Dist. Izq.": null, "Al.Dist. Der.": null, "Ruta": "1V09" }, "geometry": { "type": "Point", "coordinates": [ -64.1663374, -31.4310625 ] } },
{ "type": "Feature", "properties": { "Name": "701.49", "P.K.": null, "Al.Dist. Izq.": null, "Al.Dist. Der.": null, "Ruta": "1V09" }, "geometry": { "type": "Point", "coordinates": [ -64.16694291, -31.4310236 ] } },
{ "type": "Feature", "properties": { "Name": "701.91", "P.K.": null, "Al.Dist. Izq.": null, "Al.Dist. Der.": null, "Ruta": "1V09" }, "geometry": { "type": "Point", "coordinates": [ -64.17001035, -31.42835214 ] } },
{ "type": "Feature", "properties": { "Name": "702.28", "P.K.": null, "Al.Dist. Izq.": null, "Al.Dist. Der.": null, "Ruta": "1V09" }, "geometry": { "type": "Point", "coordinates": [ -64.17041059, -31.42534884 ] } },
{ "type": "Feature", "properties": { "Name": "702.34", "P.K.": null, "Al.Dist. Izq.": null, "Al.Dist. Der.": null, "Ruta": "1V09" }, "geometry": { "type": "Point", "coordinates": [ -64.17065236, -31.42490072 ] } },
{ "type": "Feature", "properties": { "Name": "702.35", "P.K.": null, "Al.Dist. Izq.": null, "Al.Dist. Der.": null, "Ruta": "1V09" }, "geometry": { "type": "Point", "coordinates": [ -64.17052236, -31.42477072 ] } },
{ "type": "Feature", "properties": { "Name": "702.67", "P.K.": null, "Al.Dist. Izq.": null, "Al.Dist. Der.": null, "Ruta": "1V09" }, "geometry": { "type": "Point", "coordinates": [ -64.172028, -31.422486 ] } },
{ "type": "Feature", "properties": { "Name": "702.84", "P.K.": null, "Al.Dist. Izq.": null, "Al.Dist. Der.": null, "Ruta": "1V09" }, "geometry": { "type": "Point", "coordinates": [ -64.1711359, -31.42131622 ] } },
{ "type": "Feature", "properties": { "Name": "702.86", "P.K.": null, "Al.Dist. Izq.": null, "Al.Dist. Der.": null, "Ruta": "1V09" }, "geometry": { "type": "Point", "coordinates": [ -64.1710059, -31.42118622 ] } },
{ "type": "Feature", "properties": { "Name": "703.25", "P.K.": null, "Al.Dist. Izq.": null, "Al.Dist. Der.": null, "Ruta": "1V09" }, "geometry": { "type": "Point", "coordinates": [ -64.1701807, -31.41777803 ] } },
{ "type": "Feature", "properties": { "Name": "704.9", "P.K.": null, "Al.Dist. Izq.": null, "Al.Dist. Der.": null, "Ruta": "1V09" }, "geometry": { "type": "Point", "coordinates": [ -64.17483857, -31.40391974 ] } },
{ "type": "Feature", "properties": { "Name": "704.91", "P.K.": null, "Al.Dist. Izq.": null, "Al.Dist. Der.": null, "Ruta": "1V09" }, "geometry": { "type": "Point", "coordinates": [ -64.17470857, -31.40378974 ] } },
{ "type": "Feature", "properties": { "Name": "709.55", "P.K.": null, "Al.Dist. Izq.": null, "Al.Dist. Der.": null, "Ruta": "1V09" }, "geometry": { "type": "Point", "coordinates": [ -64.176124, -31.363034 ] } },
{ "type": "Feature", "properties": { "Name": "709.58", "P.K.": null, "Al.Dist. Izq.": null, "Al.Dist. Der.": null, "Ruta": "1V09" }, "geometry": { "type": "Point", "coordinates": [ -64.17604878, -31.36278856 ] } },
{ "type": "Feature", "properties": { "Name": "709.59", "P.K.": null, "Al.Dist. Izq.": null, "Al.Dist. Der.": null, "Ruta": "1V09" }, "geometry": { "type": "Point", "coordinates": [ -64.17591878, -31.36265856 ] } },
{ "type": "Feature", "properties": { "Name": "709.73", "P.K.": null, "Al.Dist. Izq.": null, "Al.Dist. Der.": null, "Ruta": "1V09" }, "geometry": { "type": "Point", "coordinates": [ -64.17604481, -31.36136794 ] } },
{ "type": "Feature", "properties": { "Name": "709.87", "P.K.": null, "Al.Dist. Izq.": null, "Al.Dist. Der.": null, "Ruta": "1V09" }, "geometry": { "type": "Point", "coordinates": [ -64.175995, -31.360153 ] } },
{ "type": "Feature", "properties": { "Name": "710.13", "P.K.": null, "Al.Dist. Izq.": null, "Al.Dist. Der.": null, "Ruta": "1V09" }, "geometry": { "type": "Point", "coordinates": [ -64.1759684, -31.3578795 ] } },
{ "type": "Feature", "properties": { "Name": "710.13", "P.K.": null, "Al.Dist. Izq.": null, "Al.Dist. Der.": null, "Ruta": "1V09" }, "geometry": { "type": "Point", "coordinates": [ -64.176151, -31.357884 ] } }
]
}
