{
"type": "FeatureCollection",
"name": "MOJONES RN 035",
"features": [
{ "type": "Feature", "properties": { "Name": "505.67", "P.K.": null, "Al.Dist. Izq.": 30, "Al.Dist. Der.": 20, "Ruta": 35 }, "geometry": { "type": "Point", "coordinates": [ -64.277173, -35.011238 ] } },
{ "type": "Feature", "properties": { "Name": "505.72", "P.K.": null, "Al.Dist. Izq.": 30, "Al.Dist. Der.": 20, "Ruta": 35 }, "geometry": { "type": "Point", "coordinates": [ -64.277396, -35.010863 ] } },
{ "type": "Feature", "properties": { "Name": "505.87", "P.K.": null, "Al.Dist. Izq.": 30, "Al.Dist. Der.": 20, "Ruta": 35 }, "geometry": { "type": "Point", "coordinates": [ -64.2779139, -35.0095956 ] } },
{ "type": "Feature", "properties": { "Name": "505.96", "P.K.": null, "Al.Dist. Izq.": 30, "Al.Dist. Der.": 20, "Ruta": 35 }, "geometry": { "type": "Point", "coordinates": [ -64.2781815, -35.0089501 ] } },
{ "type": "Feature", "properties": { "Name": "506", "P.K.": null, "Al.Dist. Izq.": 30, "Al.Dist. Der.": 20, "Ruta": 35 }, "geometry": { "type": "Point", "coordinates": [ -64.2784554, -35.0085873 ] } },
{ "type": "Feature", "properties": { "Name": "506.3", "P.K.": null, "Al.Dist. Izq.": 30, "Al.Dist. Der.": 20, "Ruta": 35 }, "geometry": { "type": "Point", "coordinates": [ -64.2795266, -35.0060411 ] } },
{ "type": "Feature", "properties": { "Name": "507", "P.K.": "PK507", "Al.Dist. Izq.": 30, "Al.Dist. Der.": 20, "Ruta": 35 }, "geometry": { "type": "Point", "coordinates": [ -64.2820754, -35.0002787 ] } },
{ "type": "Feature", "properties": { "Name": "507.11", "P.K.": null, "Al.Dist. Izq.": 30, "Al.Dist. Der.": 20, "Ruta": 35 }, "geometry": { "type": "Point", "coordinates": [ -64.2824899, -34.9993632 ] } },
{ "type": "Feature", "properties": { "Name": "508.26", "P.K.": null, "Al.Dist. Izq.": 30, "Al.Dist. Der.": 20, "Ruta": 35 }, "geometry": { "type": "Point", "coordinates": [ -64.2867377, -34.9900216 ] } },
{ "type": "Feature", "properties": { "Name": "509", "P.K.": "PK509", "Al.Dist. Izq.": 30, "Al.Dist. Der.": 20, "Ruta": 35 }, "geometry": { "type": "Point", "coordinates": [ -64.2894069, -34.9839648 ] } },
{ "type": "Feature", "properties": { "Name": "509.6", "P.K.": null, "Al.Dist. Izq.": 30, "Al.Dist. Der.": 20, "Ruta": 35 }, "geometry": { "type": "Point", "coordinates": [ -64.2918131, -34.9789712 ] } },
{ "type": "Feature", "properties": { "Name": "509.62", "P.K.": null, "Al.Dist. Izq.": 30, "Al.Dist. Der.": 20, "Ruta": 35 }, "geometry": { "type": "Point", "coordinates": [ -64.2918246, -34.9787737 ] } },
{ "type": "Feature", "properties": { "Name": "511", "P.K.": "PK511", "Al.Dist. Izq.": 30, "Al.Dist. Der.": 20, "Ruta": 35 }, "geometry": { "type": "Point", "coordinates": [ -64.2970478, -34.9670429 ] } },
{ "type": "Feature", "properties": { "Name": "512", "P.K.": "PK512", "Al.Dist. Izq.": 30, "Al.Dist. Der.": 20, "Ruta": 35 }, "geometry": { "type": "Point", "coordinates": [ -64.3007302, -34.9587521 ] } },
{ "type": "Feature", "properties": { "Name": "512.22", "P.K.": null, "Al.Dist. Izq.": 30, "Al.Dist. Der.": 20, "Ruta": 35 }, "geometry": { "type": "Point", "coordinates": [ -64.3015083, -34.9569495 ] } },
{ "type": "Feature", "properties": { "Name": "513", "P.K.": "PK513", "Al.Dist. Izq.": 30, "Al.Dist. Der.": 20, "Ruta": 35 }, "geometry": { "type": "Point", "coordinates": [ -64.3045661, -34.9501265 ] } },
{ "type": "Feature", "properties": { "Name": "513.32", "P.K.": null, "Al.Dist. Izq.": 30, "Al.Dist. Der.": 20, "Ruta": 35 }, "geometry": { "type": "Point", "coordinates": [ -64.3057945, -34.947399 ] } },
{ "type": "Feature", "properties": { "Name": "513.32", "P.K.": null, "Al.Dist. Izq.": 30, "Al.Dist. Der.": 20, "Ruta": 35 }, "geometry": { "type": "Point", "coordinates": [ -64.3057452, -34.9473551 ] } },
{ "type": "Feature", "properties": { "Name": "513.6", "P.K.": null, "Al.Dist. Izq.": 30, "Al.Dist. Der.": 20, "Ruta": 35 }, "geometry": { "type": "Point", "coordinates": [ -64.3066753, -34.9449297 ] } },
{ "type": "Feature", "properties": { "Name": "513.78", "P.K.": null, "Al.Dist. Izq.": 30, "Al.Dist. Der.": 20, "Ruta": 35 }, "geometry": { "type": "Point", "coordinates": [ -64.307141, -34.9432887 ] } },
{ "type": "Feature", "properties": { "Name": "513.87", "P.K.": null, "Al.Dist. Izq.": 30, "Al.Dist. Der.": 20, "Ruta": 35 }, "geometry": { "type": "Point", "coordinates": [ -64.3071758, -34.9424521 ] } },
{ "type": "Feature", "properties": { "Name": "513.88", "P.K.": null, "Al.Dist. Izq.": 30, "Al.Dist. Der.": 20, "Ruta": 35 }, "geometry": { "type": "Point", "coordinates": [ -64.3071702, -34.9423733 ] } },
{ "type": "Feature", "properties": { "Name": "513.92", "P.K.": null, "Al.Dist. Izq.": 30, "Al.Dist. Der.": 20, "Ruta": 35 }, "geometry": { "type": "Point", "coordinates": [ -64.3072959, -34.9419854 ] } },
{ "type": "Feature", "properties": { "Name": "513.97", "P.K.": null, "Al.Dist. Izq.": 30, "Al.Dist. Der.": 20, "Ruta": 35 }, "geometry": { "type": "Point", "coordinates": [ -64.3074954, -34.9415702 ] } },
{ "type": "Feature", "properties": { "Name": "514.22", "P.K.": null, "Al.Dist. Izq.": 30, "Al.Dist. Der.": 20, "Ruta": 35 }, "geometry": { "type": "Point", "coordinates": [ -64.3084317, -34.9394041 ] } },
{ "type": "Feature", "properties": { "Name": "514.23", "P.K.": null, "Al.Dist. Izq.": 30, "Al.Dist. Der.": 20, "Ruta": 35 }, "geometry": { "type": "Point", "coordinates": [ -64.3086152, -34.9393816 ] } },
{ "type": "Feature", "properties": { "Name": "514.7", "P.K.": null, "Al.Dist. Izq.": 30, "Al.Dist. Der.": 20, "Ruta": 35 }, "geometry": { "type": "Point", "coordinates": [ -64.3102175, -34.9352069 ] } },
{ "type": "Feature", "properties": { "Name": "514.8", "P.K.": null, "Al.Dist. Izq.": 30, "Al.Dist. Der.": 20, "Ruta": 35 }, "geometry": { "type": "Point", "coordinates": [ -64.3107376, -34.9342961 ] } },
{ "type": "Feature", "properties": { "Name": "514.9", "P.K.": null, "Al.Dist. Izq.": 30, "Al.Dist. Der.": 20, "Ruta": 35 }, "geometry": { "type": "Point", "coordinates": [ -64.3111174, -34.9334462 ] } },
{ "type": "Feature", "properties": { "Name": "515", "P.K.": "PK515", "Al.Dist. Izq.": 30, "Al.Dist. Der.": 20, "Ruta": 35 }, "geometry": { "type": "Point", "coordinates": [ -64.3115072, -34.932601 ] } },
{ "type": "Feature", "properties": { "Name": "515.07", "P.K.": null, "Al.Dist. Izq.": 30, "Al.Dist. Der.": 20, "Ruta": 35 }, "geometry": { "type": "Point", "coordinates": [ -64.3118433, -34.9320439 ] } },
{ "type": "Feature", "properties": { "Name": "515.21", "P.K.": null, "Al.Dist. Izq.": 30, "Al.Dist. Der.": 20, "Ruta": 35 }, "geometry": { "type": "Point", "coordinates": [ -64.3126885, -34.9310527 ] } },
{ "type": "Feature", "properties": { "Name": "515.43", "P.K.": null, "Al.Dist. Izq.": 30, "Al.Dist. Der.": 20, "Ruta": 35 }, "geometry": { "type": "Point", "coordinates": [ -64.3140403, -34.9293914 ] } },
{ "type": "Feature", "properties": { "Name": "515.5", "P.K.": null, "Al.Dist. Izq.": 30, "Al.Dist. Der.": 20, "Ruta": 35 }, "geometry": { "type": "Point", "coordinates": [ -64.3141095, -34.9286694 ] } },
{ "type": "Feature", "properties": { "Name": "517.06", "P.K.": null, "Al.Dist. Izq.": 30, "Al.Dist. Der.": 20, "Ruta": 35 }, "geometry": { "type": "Point", "coordinates": [ -64.3199985, -34.9155103 ] } },
{ "type": "Feature", "properties": { "Name": "517.2", "P.K.": null, "Al.Dist. Izq.": 30, "Al.Dist. Der.": 20, "Ruta": 35 }, "geometry": { "type": "Point", "coordinates": [ -64.3205886, -34.9143124 ] } },
{ "type": "Feature", "properties": { "Name": "518.09", "P.K.": null, "Al.Dist. Izq.": 30, "Al.Dist. Der.": 20, "Ruta": 35 }, "geometry": { "type": "Point", "coordinates": [ -64.3239535, -34.9067731 ] } },
{ "type": "Feature", "properties": { "Name": "518.61", "P.K.": null, "Al.Dist. Izq.": 30, "Al.Dist. Der.": 20, "Ruta": 35 }, "geometry": { "type": "Point", "coordinates": [ -64.3259288, -34.9023536 ] } },
{ "type": "Feature", "properties": { "Name": "518.92", "P.K.": null, "Al.Dist. Izq.": 30, "Al.Dist. Der.": 20, "Ruta": 35 }, "geometry": { "type": "Point", "coordinates": [ -64.3270768, -34.8996672 ] } },
{ "type": "Feature", "properties": { "Name": "520", "P.K.": "PK520", "Al.Dist. Izq.": 30, "Al.Dist. Der.": 20, "Ruta": 35 }, "geometry": { "type": "Point", "coordinates": [ -64.3312229, -34.8906323 ] } },
{ "type": "Feature", "properties": { "Name": "520.13", "P.K.": null, "Al.Dist. Izq.": 30, "Al.Dist. Der.": 20, "Ruta": 35 }, "geometry": { "type": "Point", "coordinates": [ -64.3316869, -34.8894784 ] } },
{ "type": "Feature", "properties": { "Name": "521.42", "P.K.": null, "Al.Dist. Izq.": 30, "Al.Dist. Der.": 20, "Ruta": 35 }, "geometry": { "type": "Point", "coordinates": [ -64.336476, -34.8787203 ] } },
{ "type": "Feature", "properties": { "Name": "522", "P.K.": "PK522", "Al.Dist. Izq.": 30, "Al.Dist. Der.": 20, "Ruta": 35 }, "geometry": { "type": "Point", "coordinates": [ -64.3386536, -34.8739517 ] } },
{ "type": "Feature", "properties": { "Name": "522.36", "P.K.": null, "Al.Dist. Izq.": 30, "Al.Dist. Der.": 20, "Ruta": 35 }, "geometry": { "type": "Point", "coordinates": [ -64.3399792, -34.8708032 ] } },
{ "type": "Feature", "properties": { "Name": "522.38", "P.K.": null, "Al.Dist. Izq.": 30, "Al.Dist. Der.": 20, "Ruta": 35 }, "geometry": { "type": "Point", "coordinates": [ -64.3400524, -34.8706319 ] } },
{ "type": "Feature", "properties": { "Name": "523.03", "P.K.": null, "Al.Dist. Izq.": 30, "Al.Dist. Der.": 20, "Ruta": 35 }, "geometry": { "type": "Point", "coordinates": [ -64.3425277, -34.8650086 ] } },
{ "type": "Feature", "properties": { "Name": "523.03", "P.K.": null, "Al.Dist. Izq.": 37, "Al.Dist. Der.": 30, "Ruta": 35 }, "geometry": { "type": "Point", "coordinates": [ -64.3425277, -34.8650086 ] } },
{ "type": "Feature", "properties": { "Name": "523.78", "P.K.": null, "Al.Dist. Izq.": 37, "Al.Dist. Der.": 30, "Ruta": 35 }, "geometry": { "type": "Point", "coordinates": [ -64.3454516, -34.8584638 ] } },
{ "type": "Feature", "properties": { "Name": "525", "P.K.": "PK525", "Al.Dist. Izq.": 37, "Al.Dist. Der.": 30, "Ruta": 35 }, "geometry": { "type": "Point", "coordinates": [ -64.3500992, -34.8479989 ] } },
{ "type": "Feature", "properties": { "Name": "525.32", "P.K.": null, "Al.Dist. Izq.": 37, "Al.Dist. Der.": 30, "Ruta": 35 }, "geometry": { "type": "Point", "coordinates": [ -64.3512855, -34.8452777 ] } },
{ "type": "Feature", "properties": { "Name": "525.49", "P.K.": null, "Al.Dist. Izq.": 37, "Al.Dist. Der.": 30, "Ruta": 35 }, "geometry": { "type": "Point", "coordinates": [ -64.3519503, -34.8438298 ] } },
{ "type": "Feature", "properties": { "Name": "525.52", "P.K.": null, "Al.Dist. Izq.": 37, "Al.Dist. Der.": 30, "Ruta": 35 }, "geometry": { "type": "Point", "coordinates": [ -64.3522101, -34.8435266 ] } },
{ "type": "Feature", "properties": { "Name": "525.52", "P.K.": null, "Al.Dist. Izq.": 37, "Al.Dist. Der.": 30, "Ruta": 35 }, "geometry": { "type": "Point", "coordinates": [ -64.3522101, -34.8435266 ] } },
{ "type": "Feature", "properties": { "Name": "525.62", "P.K.": null, "Al.Dist. Izq.": 37, "Al.Dist. Der.": 30, "Ruta": 35 }, "geometry": { "type": "Point", "coordinates": [ -64.3524043, -34.8426854 ] } },
{ "type": "Feature", "properties": { "Name": "525.65", "P.K.": null, "Al.Dist. Izq.": 37, "Al.Dist. Der.": 30, "Ruta": 35 }, "geometry": { "type": "Point", "coordinates": [ -64.3525646, -34.8423723 ] } },
{ "type": "Feature", "properties": { "Name": "525.82", "P.K.": null, "Al.Dist. Izq.": 37, "Al.Dist. Der.": 30, "Ruta": 35 }, "geometry": { "type": "Point", "coordinates": [ -64.3530128, -34.8409208 ] } },
{ "type": "Feature", "properties": { "Name": "525.93", "P.K.": null, "Al.Dist. Izq.": 37, "Al.Dist. Der.": 30, "Ruta": 35 }, "geometry": { "type": "Point", "coordinates": [ -64.3534215, -34.8400278 ] } },
{ "type": "Feature", "properties": { "Name": "525.93", "P.K.": null, "Al.Dist. Izq.": 37, "Al.Dist. Der.": 30, "Ruta": 35 }, "geometry": { "type": "Point", "coordinates": [ -64.3534215, -34.8400278 ] } },
{ "type": "Feature", "properties": { "Name": "525.94", "P.K.": null, "Al.Dist. Izq.": 37, "Al.Dist. Der.": 30, "Ruta": 35 }, "geometry": { "type": "Point", "coordinates": [ -64.3534547, -34.8399178 ] } },
{ "type": "Feature", "properties": { "Name": "525.94", "P.K.": null, "Al.Dist. Izq.": 37, "Al.Dist. Der.": 30, "Ruta": 35 }, "geometry": { "type": "Point", "coordinates": [ -64.3535278, -34.8399392 ] } },
{ "type": "Feature", "properties": { "Name": "525.98", "P.K.": null, "Al.Dist. Izq.": 37, "Al.Dist. Der.": 30, "Ruta": 35 }, "geometry": { "type": "Point", "coordinates": [ -64.3537034, -34.8395606 ] } },
{ "type": "Feature", "properties": { "Name": "526", "P.K.": "PK526", "Al.Dist. Izq.": 37, "Al.Dist. Der.": 30, "Ruta": 35 }, "geometry": { "type": "Point", "coordinates": [ -64.3537407, -34.8394087 ] } },
{ "type": "Feature", "properties": { "Name": "526.02", "P.K.": null, "Al.Dist. Izq.": 37, "Al.Dist. Der.": 30, "Ruta": 35 }, "geometry": { "type": "Point", "coordinates": [ -64.3534667, -34.8391073 ] } },
{ "type": "Feature", "properties": { "Name": "526.05", "P.K.": null, "Al.Dist. Izq.": 37, "Al.Dist. Der.": 30, "Ruta": 35 }, "geometry": { "type": "Point", "coordinates": [ -64.3536364, -34.8389929 ] } },
{ "type": "Feature", "properties": { "Name": "526.1", "P.K.": null, "Al.Dist. Izq.": 37, "Al.Dist. Der.": 30, "Ruta": 35 }, "geometry": { "type": "Point", "coordinates": [ -64.3537668, -34.8386616 ] } },
{ "type": "Feature", "properties": { "Name": "526.11", "P.K.": null, "Al.Dist. Izq.": 37, "Al.Dist. Der.": 30, "Ruta": 35 }, "geometry": { "type": "Point", "coordinates": [ -64.3541319, -34.8386816 ] } },
{ "type": "Feature", "properties": { "Name": "526.13", "P.K.": null, "Al.Dist. Izq.": 37, "Al.Dist. Der.": 30, "Ruta": 35 }, "geometry": { "type": "Point", "coordinates": [ -64.3539576, -34.8383913 ] } },
{ "type": "Feature", "properties": { "Name": "526.14", "P.K.": null, "Al.Dist. Izq.": 37, "Al.Dist. Der.": 30, "Ruta": 35 }, "geometry": { "type": "Point", "coordinates": [ -64.3540997, -34.8383484 ] } },
{ "type": "Feature", "properties": { "Name": "526.14", "P.K.": null, "Al.Dist. Izq.": 37, "Al.Dist. Der.": 30, "Ruta": 35 }, "geometry": { "type": "Point", "coordinates": [ -64.3540997, -34.8383484 ] } },
{ "type": "Feature", "properties": { "Name": "526.15", "P.K.": null, "Al.Dist. Izq.": 37, "Al.Dist. Der.": 30, "Ruta": 35 }, "geometry": { "type": "Point", "coordinates": [ -64.3540136, -34.8382499 ] } },
{ "type": "Feature", "properties": { "Name": "526.17", "P.K.": null, "Al.Dist. Izq.": 37, "Al.Dist. Der.": 30, "Ruta": 35 }, "geometry": { "type": "Point", "coordinates": [ -64.3540662, -34.8381549 ] } },
{ "type": "Feature", "properties": { "Name": "526.18", "P.K.": null, "Al.Dist. Izq.": 37, "Al.Dist. Der.": 30, "Ruta": 35 }, "geometry": { "type": "Point", "coordinates": [ -64.3541499, -34.8380938 ] } },
{ "type": "Feature", "properties": { "Name": "526.19", "P.K.": null, "Al.Dist. Izq.": 37, "Al.Dist. Der.": 30, "Ruta": 35 }, "geometry": { "type": "Point", "coordinates": [ -64.3541715, -34.8379937 ] } },
{ "type": "Feature", "properties": { "Name": "526.21", "P.K.": null, "Al.Dist. Izq.": 37, "Al.Dist. Der.": 30, "Ruta": 35 }, "geometry": { "type": "Point", "coordinates": [ -64.3543405, -34.8379001 ] } },
{ "type": "Feature", "properties": { "Name": "526.27", "P.K.": null, "Al.Dist. Izq.": 37, "Al.Dist. Der.": 30, "Ruta": 35 }, "geometry": { "type": "Point", "coordinates": [ -64.3545507, -34.8374483 ] } },
{ "type": "Feature", "properties": { "Name": "526.27", "P.K.": null, "Al.Dist. Izq.": 37, "Al.Dist. Der.": 30, "Ruta": 35 }, "geometry": { "type": "Point", "coordinates": [ -64.3545698, -34.8374439 ] } },
{ "type": "Feature", "properties": { "Name": "526.32", "P.K.": null, "Al.Dist. Izq.": 37, "Al.Dist. Der.": 30, "Ruta": 35 }, "geometry": { "type": "Point", "coordinates": [ -64.3546114, -34.8370891 ] } },
{ "type": "Feature", "properties": { "Name": "526.35", "P.K.": null, "Al.Dist. Izq.": 37, "Al.Dist. Der.": 30, "Ruta": 35 }, "geometry": { "type": "Point", "coordinates": [ -64.3547814, -34.8369438 ] } },
{ "type": "Feature", "properties": { "Name": "526.42", "P.K.": null, "Al.Dist. Izq.": 37, "Al.Dist. Der.": 30, "Ruta": 35 }, "geometry": { "type": "Point", "coordinates": [ -64.3549956, -34.8364628 ] } },
{ "type": "Feature", "properties": { "Name": "526.55", "P.K.": null, "Al.Dist. Izq.": 37, "Al.Dist. Der.": 30, "Ruta": 35 }, "geometry": { "type": "Point", "coordinates": [ -64.3553889, -34.8354584 ] } },
{ "type": "Feature", "properties": { "Name": "526.56", "P.K.": null, "Al.Dist. Izq.": 37, "Al.Dist. Der.": 30, "Ruta": 35 }, "geometry": { "type": "Point", "coordinates": [ -64.3553731, -34.8353695 ] } },
{ "type": "Feature", "properties": { "Name": "526.57", "P.K.": null, "Al.Dist. Izq.": 37, "Al.Dist. Der.": 30, "Ruta": 35 }, "geometry": { "type": "Point", "coordinates": [ -64.3554023, -34.8352569 ] } },
{ "type": "Feature", "properties": { "Name": "526.61", "P.K.": null, "Al.Dist. Izq.": 37, "Al.Dist. Der.": 30, "Ruta": 35 }, "geometry": { "type": "Point", "coordinates": [ -64.3554385, -34.8350591 ] } },
{ "type": "Feature", "properties": { "Name": "526.63", "P.K.": null, "Al.Dist. Izq.": 37, "Al.Dist. Der.": 30, "Ruta": 35 }, "geometry": { "type": "Point", "coordinates": [ -64.3555937, -34.8349066 ] } },
{ "type": "Feature", "properties": { "Name": "526.69", "P.K.": null, "Al.Dist. Izq.": 37, "Al.Dist. Der.": 30, "Ruta": 35 }, "geometry": { "type": "Point", "coordinates": [ -64.3558268, -34.8344872 ] } },
{ "type": "Feature", "properties": { "Name": "526.73", "P.K.": null, "Al.Dist. Izq.": 37, "Al.Dist. Der.": 30, "Ruta": 35 }, "geometry": { "type": "Point", "coordinates": [ -64.3558974, -34.8342426 ] } },
{ "type": "Feature", "properties": { "Name": "526.73", "P.K.": null, "Al.Dist. Izq.": 15, "Al.Dist. Der.": 35, "Ruta": 35 }, "geometry": { "type": "Point", "coordinates": [ -64.3558974, -34.8342426 ] } },
{ "type": "Feature", "properties": { "Name": "526.76", "P.K.": null, "Al.Dist. Izq.": 15, "Al.Dist. Der.": 35, "Ruta": 35 }, "geometry": { "type": "Point", "coordinates": [ -64.356001, -34.8339504 ] } },
{ "type": "Feature", "properties": { "Name": "526.85", "P.K.": null, "Al.Dist. Izq.": 15, "Al.Dist. Der.": 35, "Ruta": 35 }, "geometry": { "type": "Point", "coordinates": [ -64.356276, -34.8333605 ] } },
{ "type": "Feature", "properties": { "Name": "527", "P.K.": "PK527", "Al.Dist. Izq.": 15, "Al.Dist. Der.": 35, "Ruta": 35 }, "geometry": { "type": "Point", "coordinates": [ -64.3569157, -34.8322699 ] } },
{ "type": "Feature", "properties": { "Name": "527.13", "P.K.": null, "Al.Dist. Izq.": 15, "Al.Dist. Der.": 35, "Ruta": 35 }, "geometry": { "type": "Point", "coordinates": [ -64.3575403, -34.8311454 ] } },
{ "type": "Feature", "properties": { "Name": "527.23", "P.K.": null, "Al.Dist. Izq.": 15, "Al.Dist. Der.": 35, "Ruta": 35 }, "geometry": { "type": "Point", "coordinates": [ -64.3579503, -34.8302313 ] } },
{ "type": "Feature", "properties": { "Name": "527.37", "P.K.": null, "Al.Dist. Izq.": 15, "Al.Dist. Der.": 35, "Ruta": 35 }, "geometry": { "type": "Point", "coordinates": [ -64.3585784, -34.8289481 ] } },
{ "type": "Feature", "properties": { "Name": "527.37", "P.K.": null, "Al.Dist. Izq.": 15, "Al.Dist. Der.": 35, "Ruta": 35 }, "geometry": { "type": "Point", "coordinates": [ -64.3585784, -34.8289481 ] } },
{ "type": "Feature", "properties": { "Name": "527.38", "P.K.": null, "Al.Dist. Izq.": 15, "Al.Dist. Der.": 35, "Ruta": 35 }, "geometry": { "type": "Point", "coordinates": [ -64.3586139, -34.8289184 ] } },
{ "type": "Feature", "properties": { "Name": "527.41", "P.K.": null, "Al.Dist. Izq.": 15, "Al.Dist. Der.": 35, "Ruta": 35 }, "geometry": { "type": "Point", "coordinates": [ -64.3588835, -34.8286636 ] } },
{ "type": "Feature", "properties": { "Name": "527.42", "P.K.": null, "Al.Dist. Izq.": 15, "Al.Dist. Der.": 35, "Ruta": 35 }, "geometry": { "type": "Point", "coordinates": [ -64.3589126, -34.8286242 ] } },
{ "type": "Feature", "properties": { "Name": "527.43", "P.K.": null, "Al.Dist. Izq.": 15, "Al.Dist. Der.": 35, "Ruta": 35 }, "geometry": { "type": "Point", "coordinates": [ -64.3588908, -34.8285166 ] } },
{ "type": "Feature", "properties": { "Name": "527.43", "P.K.": null, "Al.Dist. Izq.": 15, "Al.Dist. Der.": 35, "Ruta": 35 }, "geometry": { "type": "Point", "coordinates": [ -64.3588908, -34.8285166 ] } },
{ "type": "Feature", "properties": { "Name": "527.44", "P.K.": null, "Al.Dist. Izq.": 15, "Al.Dist. Der.": 35, "Ruta": 35 }, "geometry": { "type": "Point", "coordinates": [ -64.358973, -34.8284423 ] } },
{ "type": "Feature", "properties": { "Name": "527.7", "P.K.": null, "Al.Dist. Izq.": 15, "Al.Dist. Der.": 35, "Ruta": 35 }, "geometry": { "type": "Point", "coordinates": [ -64.3599718, -34.8260231 ] } },
{ "type": "Feature", "properties": { "Name": "527.71", "P.K.": null, "Al.Dist. Izq.": 15, "Al.Dist. Der.": 35, "Ruta": 35 }, "geometry": { "type": "Point", "coordinates": [ -64.3601669, -34.8260539 ] } },
{ "type": "Feature", "properties": { "Name": "527.72", "P.K.": null, "Al.Dist. Izq.": 15, "Al.Dist. Der.": 35, "Ruta": 35 }, "geometry": { "type": "Point", "coordinates": [ -64.3603161, -34.8259639 ] } },
{ "type": "Feature", "properties": { "Name": "527.73", "P.K.": null, "Al.Dist. Izq.": 15, "Al.Dist. Der.": 35, "Ruta": 35 }, "geometry": { "type": "Point", "coordinates": [ -64.3601495, -34.8257735 ] } },
{ "type": "Feature", "properties": { "Name": "527.75", "P.K.": null, "Al.Dist. Izq.": 15, "Al.Dist. Der.": 35, "Ruta": 35 }, "geometry": { "type": "Point", "coordinates": [ -64.3604727, -34.8256315 ] } },
{ "type": "Feature", "properties": { "Name": "527.78", "P.K.": null, "Al.Dist. Izq.": 15, "Al.Dist. Der.": 35, "Ruta": 35 }, "geometry": { "type": "Point", "coordinates": [ -64.3604207, -34.8253265 ] } },
{ "type": "Feature", "properties": { "Name": "528", "P.K.": null, "Al.Dist. Izq.": 15, "Al.Dist. Der.": 35, "Ruta": 35 }, "geometry": { "type": "Point", "coordinates": [ -64.3615318, -34.8233971 ] } },
{ "type": "Feature", "properties": { "Name": "528.15", "P.K.": null, "Al.Dist. Izq.": 15, "Al.Dist. Der.": 35, "Ruta": 35 }, "geometry": { "type": "Point", "coordinates": [ -64.3621923, -34.8220201 ] } },
{ "type": "Feature", "properties": { "Name": "528.29", "P.K.": null, "Al.Dist. Izq.": 15, "Al.Dist. Der.": 35, "Ruta": 35 }, "geometry": { "type": "Point", "coordinates": [ -64.3629198, -34.8208107 ] } },
{ "type": "Feature", "properties": { "Name": "529", "P.K.": "PK529", "Al.Dist. Izq.": 15, "Al.Dist. Der.": 35, "Ruta": 35 }, "geometry": { "type": "Point", "coordinates": [ -64.3661479, -34.8145284 ] } },
{ "type": "Feature", "properties": { "Name": "529.66", "P.K.": null, "Al.Dist. Izq.": 15, "Al.Dist. Der.": 35, "Ruta": 35 }, "geometry": { "type": "Point", "coordinates": [ -64.3688854, -34.8095936 ] } },
{ "type": "Feature", "properties": { "Name": "529.7", "P.K.": null, "Al.Dist. Izq.": 15, "Al.Dist. Der.": 35, "Ruta": 35 }, "geometry": { "type": "Point", "coordinates": [ -64.3690105, -34.8092054 ] } },
{ "type": "Feature", "properties": { "Name": "529.8", "P.K.": null, "Al.Dist. Izq.": 15, "Al.Dist. Der.": 35, "Ruta": 35 }, "geometry": { "type": "Point", "coordinates": [ -64.3693508, -34.8085285 ] } },
{ "type": "Feature", "properties": { "Name": "529.92", "P.K.": null, "Al.Dist. Izq.": 15, "Al.Dist. Der.": 35, "Ruta": 35 }, "geometry": { "type": "Point", "coordinates": [ -64.3697099, -34.8074618 ] } },
{ "type": "Feature", "properties": { "Name": "529.99", "P.K.": null, "Al.Dist. Izq.": 15, "Al.Dist. Der.": 35, "Ruta": 35 }, "geometry": { "type": "Point", "coordinates": [ -64.3701015, -34.8070976 ] } },
{ "type": "Feature", "properties": { "Name": "529.99", "P.K.": null, "Al.Dist. Izq.": 15, "Al.Dist. Der.": 35, "Ruta": 35 }, "geometry": { "type": "Point", "coordinates": [ -64.3701102, -34.8070497 ] } },
{ "type": "Feature", "properties": { "Name": "530", "P.K.": "PK530", "Al.Dist. Izq.": 15, "Al.Dist. Der.": 35, "Ruta": 35 }, "geometry": { "type": "Point", "coordinates": [ -64.3701367, -34.8070117 ] } },
{ "type": "Feature", "properties": { "Name": "530.01", "P.K.": null, "Al.Dist. Izq.": 15, "Al.Dist. Der.": 35, "Ruta": 35 }, "geometry": { "type": "Point", "coordinates": [ -64.3701715, -34.8069305 ] } },
{ "type": "Feature", "properties": { "Name": "530.04", "P.K.": null, "Al.Dist. Izq.": 15, "Al.Dist. Der.": 35, "Ruta": 35 }, "geometry": { "type": "Point", "coordinates": [ -64.370312, -34.8066178 ] } },
{ "type": "Feature", "properties": { "Name": "530.15", "P.K.": null, "Al.Dist. Izq.": 15, "Al.Dist. Der.": 35, "Ruta": 35 }, "geometry": { "type": "Point", "coordinates": [ -64.3706309, -34.8057 ] } },
{ "type": "Feature", "properties": { "Name": "530.15", "P.K.": null, "Al.Dist. Izq.": 15, "Al.Dist. Der.": 35, "Ruta": 35 }, "geometry": { "type": "Point", "coordinates": [ -64.3706309, -34.8057 ] } },
{ "type": "Feature", "properties": { "Name": "530.16", "P.K.": null, "Al.Dist. Izq.": 15, "Al.Dist. Der.": 35, "Ruta": 35 }, "geometry": { "type": "Point", "coordinates": [ -64.3708163, -34.8056545 ] } },
{ "type": "Feature", "properties": { "Name": "530.23", "P.K.": null, "Al.Dist. Izq.": 15, "Al.Dist. Der.": 35, "Ruta": 35 }, "geometry": { "type": "Point", "coordinates": [ -64.3710524, -34.8049412 ] } },
{ "type": "Feature", "properties": { "Name": "530.23", "P.K.": null, "Al.Dist. Izq.": 15, "Al.Dist. Der.": 35, "Ruta": 35 }, "geometry": { "type": "Point", "coordinates": [ -64.3710524, -34.8049412 ] } },
{ "type": "Feature", "properties": { "Name": "530.24", "P.K.": null, "Al.Dist. Izq.": 15, "Al.Dist. Der.": 35, "Ruta": 35 }, "geometry": { "type": "Point", "coordinates": [ -64.3711335, -34.8049241 ] } },
{ "type": "Feature", "properties": { "Name": "530.38", "P.K.": null, "Al.Dist. Izq.": 15, "Al.Dist. Der.": 35, "Ruta": 35 }, "geometry": { "type": "Point", "coordinates": [ -64.3716142, -34.8036514 ] } },
{ "type": "Feature", "properties": { "Name": "530.5", "P.K.": null, "Al.Dist. Izq.": 15, "Al.Dist. Der.": 35, "Ruta": 35 }, "geometry": { "type": "Point", "coordinates": [ -64.3718704, -34.8026471 ] } },
{ "type": "Feature", "properties": { "Name": "530.5", "P.K.": null, "Al.Dist. Izq.": 15, "Al.Dist. Der.": 35, "Ruta": 35 }, "geometry": { "type": "Point", "coordinates": [ -64.371802, -34.8024979 ] } },
{ "type": "Feature", "properties": { "Name": "530.56", "P.K.": null, "Al.Dist. Izq.": 15, "Al.Dist. Der.": 35, "Ruta": 35 }, "geometry": { "type": "Point", "coordinates": [ -64.3720736, -34.8020032 ] } },
{ "type": "Feature", "properties": { "Name": "530.59", "P.K.": null, "Al.Dist. Izq.": 15, "Al.Dist. Der.": 35, "Ruta": 35 }, "geometry": { "type": "Point", "coordinates": [ -64.3721091, -34.8017224 ] } },
{ "type": "Feature", "properties": { "Name": "530.62", "P.K.": null, "Al.Dist. Izq.": 15, "Al.Dist. Der.": 35, "Ruta": 35 }, "geometry": { "type": "Point", "coordinates": [ -64.3720196, -34.8014149 ] } },
{ "type": "Feature", "properties": { "Name": "530.63", "P.K.": null, "Al.Dist. Izq.": 15, "Al.Dist. Der.": 35, "Ruta": 35 }, "geometry": { "type": "Point", "coordinates": [ -64.3719939, -34.8013411 ] } },
{ "type": "Feature", "properties": { "Name": "530.63", "P.K.": null, "Al.Dist. Izq.": 35, "Al.Dist. Der.": 35, "Ruta": 35 }, "geometry": { "type": "Point", "coordinates": [ -64.3719939, -34.8013411 ] } },
{ "type": "Feature", "properties": { "Name": "530.7", "P.K.": null, "Al.Dist. Izq.": 35, "Al.Dist. Der.": 35, "Ruta": 35 }, "geometry": { "type": "Point", "coordinates": [ -64.3719472, -34.8007032 ] } },
{ "type": "Feature", "properties": { "Name": "530.7", "P.K.": null, "Al.Dist. Izq.": 35, "Al.Dist. Der.": 35, "Ruta": 35 }, "geometry": { "type": "Point", "coordinates": [ -64.3719504, -34.8007299 ] } },
{ "type": "Feature", "properties": { "Name": "530.76", "P.K.": null, "Al.Dist. Izq.": 35, "Al.Dist. Der.": 35, "Ruta": 35 }, "geometry": { "type": "Point", "coordinates": [ -64.3719609, -34.8002242 ] } },
{ "type": "Feature", "properties": { "Name": "530.78", "P.K.": null, "Al.Dist. Izq.": 35, "Al.Dist. Der.": 35, "Ruta": 35 }, "geometry": { "type": "Point", "coordinates": [ -64.3719708, -34.7999937 ] } },
{ "type": "Feature", "properties": { "Name": "531.5", "P.K.": null, "Al.Dist. Izq.": 35, "Al.Dist. Der.": 35, "Ruta": 35 }, "geometry": { "type": "Point", "coordinates": [ -64.372215, -34.7933717 ] } },
{ "type": "Feature", "properties": { "Name": "531.67", "P.K.": null, "Al.Dist. Izq.": 35, "Al.Dist. Der.": 35, "Ruta": 35 }, "geometry": { "type": "Point", "coordinates": [ -64.3721845, -34.7917403 ] } },
{ "type": "Feature", "properties": { "Name": "532", "P.K.": "PK532", "Al.Dist. Izq.": 35, "Al.Dist. Der.": 35, "Ruta": 35 }, "geometry": { "type": "Point", "coordinates": [ -64.3723344, -34.788668 ] } },
{ "type": "Feature", "properties": { "Name": "533.65", "P.K.": null, "Al.Dist. Izq.": 35, "Al.Dist. Der.": 35, "Ruta": 35 }, "geometry": { "type": "Point", "coordinates": [ -64.372606, -34.7739988 ] } },
{ "type": "Feature", "properties": { "Name": "534.47", "P.K.": null, "Al.Dist. Izq.": 35, "Al.Dist. Der.": 35, "Ruta": 35 }, "geometry": { "type": "Point", "coordinates": [ -64.3727227, -34.766549 ] } },
{ "type": "Feature", "properties": { "Name": "536", "P.K.": "PK536", "Al.Dist. Izq.": 35, "Al.Dist. Der.": 35, "Ruta": 35 }, "geometry": { "type": "Point", "coordinates": [ -64.3731418, -34.7530028 ] } },
{ "type": "Feature", "properties": { "Name": "536.69", "P.K.": null, "Al.Dist. Izq.": 35, "Al.Dist. Der.": 35, "Ruta": 35 }, "geometry": { "type": "Point", "coordinates": [ -64.3730459, -34.7468164 ] } },
{ "type": "Feature", "properties": { "Name": "537", "P.K.": "PK537", "Al.Dist. Izq.": 35, "Al.Dist. Der.": 35, "Ruta": 35 }, "geometry": { "type": "Point", "coordinates": [ -64.3731813, -34.7441689 ] } },
{ "type": "Feature", "properties": { "Name": "537.19", "P.K.": null, "Al.Dist. Izq.": 35, "Al.Dist. Der.": 35, "Ruta": 35 }, "geometry": { "type": "Point", "coordinates": [ -64.3732645, -34.7424459 ] } },
{ "type": "Feature", "properties": { "Name": "537.96", "P.K.": null, "Al.Dist. Izq.": 35, "Al.Dist. Der.": 35, "Ruta": 35 }, "geometry": { "type": "Point", "coordinates": [ -64.3734573, -34.7354013 ] } },
{ "type": "Feature", "properties": { "Name": "537.99", "P.K.": null, "Al.Dist. Izq.": 35, "Al.Dist. Der.": 35, "Ruta": 35 }, "geometry": { "type": "Point", "coordinates": [ -64.3734194, -34.7350761 ] } },
{ "type": "Feature", "properties": { "Name": "538", "P.K.": "PK538", "Al.Dist. Izq.": 35, "Al.Dist. Der.": 35, "Ruta": 35 }, "geometry": { "type": "Point", "coordinates": [ -64.3733771, -34.7349877 ] } },
{ "type": "Feature", "properties": { "Name": "538.02", "P.K.": null, "Al.Dist. Izq.": 35, "Al.Dist. Der.": 35, "Ruta": 35 }, "geometry": { "type": "Point", "coordinates": [ -64.3734958, -34.7348146 ] } },
{ "type": "Feature", "properties": { "Name": "538.16", "P.K.": null, "Al.Dist. Izq.": 35, "Al.Dist. Der.": 35, "Ruta": 35 }, "geometry": { "type": "Point", "coordinates": [ -64.3735729, -34.7334993 ] } },
{ "type": "Feature", "properties": { "Name": "539", "P.K.": "PK539", "Al.Dist. Izq.": 35, "Al.Dist. Der.": 35, "Ruta": 35 }, "geometry": { "type": "Point", "coordinates": [ -64.3738686, -34.7255084 ] } },
{ "type": "Feature", "properties": { "Name": "539.19", "P.K.": null, "Al.Dist. Izq.": 35, "Al.Dist. Der.": 35, "Ruta": 35 }, "geometry": { "type": "Point", "coordinates": [ -64.3737915, -34.7237255 ] } },
{ "type": "Feature", "properties": { "Name": "539.61", "P.K.": null, "Al.Dist. Izq.": 35, "Al.Dist. Der.": 35, "Ruta": 35 }, "geometry": { "type": "Point", "coordinates": [ -64.3738354, -34.7199099 ] } },
{ "type": "Feature", "properties": { "Name": "540", "P.K.": "PK540", "Al.Dist. Izq.": 35, "Al.Dist. Der.": 35, "Ruta": 35 }, "geometry": { "type": "Point", "coordinates": [ -64.3739833, -34.7162694 ] } },
{ "type": "Feature", "properties": { "Name": "540.05", "P.K.": null, "Al.Dist. Izq.": 35, "Al.Dist. Der.": 35, "Ruta": 35 }, "geometry": { "type": "Point", "coordinates": [ -64.3737178, -34.7158175 ] } },
{ "type": "Feature", "properties": { "Name": "541.03", "P.K.": null, "Al.Dist. Izq.": 35, "Al.Dist. Der.": 35, "Ruta": 35 }, "geometry": { "type": "Point", "coordinates": [ -64.374067, -34.706983 ] } },
{ "type": "Feature", "properties": { "Name": "542.2", "P.K.": null, "Al.Dist. Izq.": 35, "Al.Dist. Der.": 35, "Ruta": 35 }, "geometry": { "type": "Point", "coordinates": [ -64.3742394, -34.6964003 ] } },
{ "type": "Feature", "properties": { "Name": "542.82", "P.K.": null, "Al.Dist. Izq.": 35, "Al.Dist. Der.": 35, "Ruta": 35 }, "geometry": { "type": "Point", "coordinates": [ -64.3742897, -34.6907706 ] } },
{ "type": "Feature", "properties": { "Name": "542.85", "P.K.": null, "Al.Dist. Izq.": 35, "Al.Dist. Der.": 35, "Ruta": 35 }, "geometry": { "type": "Point", "coordinates": [ -64.374391, -34.6905374 ] } },
{ "type": "Feature", "properties": { "Name": "542.97", "P.K.": null, "Al.Dist. Izq.": 35, "Al.Dist. Der.": 35, "Ruta": 35 }, "geometry": { "type": "Point", "coordinates": [ -64.3744051, -34.6893892 ] } },
{ "type": "Feature", "properties": { "Name": "543", "P.K.": "PK543", "Al.Dist. Izq.": 35, "Al.Dist. Der.": 35, "Ruta": 35 }, "geometry": { "type": "Point", "coordinates": [ -64.3743993, -34.689115 ] } },
{ "type": "Feature", "properties": { "Name": "544.44", "P.K.": null, "Al.Dist. Izq.": 35, "Al.Dist. Der.": 35, "Ruta": 35 }, "geometry": { "type": "Point", "coordinates": [ -64.3745288, -34.6765073 ] } },
{ "type": "Feature", "properties": { "Name": "546", "P.K.": "PK546", "Al.Dist. Izq.": 35, "Al.Dist. Der.": 35, "Ruta": 35 }, "geometry": { "type": "Point", "coordinates": [ -64.3752423, -34.6628749 ] } },
{ "type": "Feature", "properties": { "Name": "546.11", "P.K.": null, "Al.Dist. Izq.": 35, "Al.Dist. Der.": 35, "Ruta": 35 }, "geometry": { "type": "Point", "coordinates": [ -64.3750887, -34.6618844 ] } },
{ "type": "Feature", "properties": { "Name": "546.82", "P.K.": null, "Al.Dist. Izq.": 35, "Al.Dist. Der.": 35, "Ruta": 35 }, "geometry": { "type": "Point", "coordinates": [ -64.3750649, -34.6556235 ] } },
{ "type": "Feature", "properties": { "Name": "546.99", "P.K.": null, "Al.Dist. Izq.": 35, "Al.Dist. Der.": 35, "Ruta": 35 }, "geometry": { "type": "Point", "coordinates": [ -64.37486, -34.6541309 ] } },
{ "type": "Feature", "properties": { "Name": "547.45", "P.K.": null, "Al.Dist. Izq.": 35, "Al.Dist. Der.": 35, "Ruta": 35 }, "geometry": { "type": "Point", "coordinates": [ -64.3752885, -34.6500212 ] } },
{ "type": "Feature", "properties": { "Name": "547.46", "P.K.": null, "Al.Dist. Izq.": 35, "Al.Dist. Der.": 35, "Ruta": 35 }, "geometry": { "type": "Point", "coordinates": [ -64.3751707, -34.649919 ] } },
{ "type": "Feature", "properties": { "Name": "547.97", "P.K.": null, "Al.Dist. Izq.": 35, "Al.Dist. Der.": 35, "Ruta": 35 }, "geometry": { "type": "Point", "coordinates": [ -64.375191, -34.6455645 ] } },
{ "type": "Feature", "properties": { "Name": "547.98", "P.K.": null, "Al.Dist. Izq.": 35, "Al.Dist. Der.": 35, "Ruta": 35 }, "geometry": { "type": "Point", "coordinates": [ -64.375191, -34.6454059 ] } },
{ "type": "Feature", "properties": { "Name": "548", "P.K.": null, "Al.Dist. Izq.": 35, "Al.Dist. Der.": 35, "Ruta": 35 }, "geometry": { "type": "Point", "coordinates": [ -64.3749026, -34.6452492 ] } },
{ "type": "Feature", "properties": { "Name": "548.01", "P.K.": null, "Al.Dist. Izq.": 35, "Al.Dist. Der.": 35, "Ruta": 35 }, "geometry": { "type": "Point", "coordinates": [ -64.3752161, -34.6451609 ] } },
{ "type": "Feature", "properties": { "Name": "548.26", "P.K.": null, "Al.Dist. Izq.": 35, "Al.Dist. Der.": 35, "Ruta": 35 }, "geometry": { "type": "Point", "coordinates": [ -64.3753548, -34.642934 ] } },
{ "type": "Feature", "properties": { "Name": "549", "P.K.": "PK549", "Al.Dist. Izq.": 35, "Al.Dist. Der.": 35, "Ruta": 35 }, "geometry": { "type": "Point", "coordinates": [ -64.3754672, -34.6363867 ] } },
{ "type": "Feature", "properties": { "Name": "549.39", "P.K.": null, "Al.Dist. Izq.": 35, "Al.Dist. Der.": 35, "Ruta": 35 }, "geometry": { "type": "Point", "coordinates": [ -64.3757911, -34.6327668 ] } },
{ "type": "Feature", "properties": { "Name": "551.26", "P.K.": null, "Al.Dist. Izq.": 35, "Al.Dist. Der.": 35, "Ruta": 35 }, "geometry": { "type": "Point", "coordinates": [ -64.3759326, -34.6151802 ] } },
{ "type": "Feature", "properties": { "Name": "551.55", "P.K.": null, "Al.Dist. Izq.": 35, "Al.Dist. Der.": 35, "Ruta": 35 }, "geometry": { "type": "Point", "coordinates": [ -64.3759165, -34.6124427 ] } },
{ "type": "Feature", "properties": { "Name": "552", "P.K.": "PK552", "Al.Dist. Izq.": 35, "Al.Dist. Der.": 35, "Ruta": 35 }, "geometry": { "type": "Point", "coordinates": [ -64.3760985, -34.6081962 ] } },
{ "type": "Feature", "properties": { "Name": "552.12", "P.K.": null, "Al.Dist. Izq.": 35, "Al.Dist. Der.": 35, "Ruta": 35 }, "geometry": { "type": "Point", "coordinates": [ -64.3759433, -34.6072461 ] } },
{ "type": "Feature", "properties": { "Name": "553", "P.K.": "PK553", "Al.Dist. Izq.": 35, "Al.Dist. Der.": 35, "Ruta": 35 }, "geometry": { "type": "Point", "coordinates": [ -64.3762893, -34.6002167 ] } },
{ "type": "Feature", "properties": { "Name": "554", "P.K.": "PK554", "Al.Dist. Izq.": 35, "Al.Dist. Der.": 35, "Ruta": 35 }, "geometry": { "type": "Point", "coordinates": [ -64.3766404, -34.5906096 ] } },
{ "type": "Feature", "properties": { "Name": "554.02", "P.K.": null, "Al.Dist. Izq.": 35, "Al.Dist. Der.": 35, "Ruta": 35 }, "geometry": { "type": "Point", "coordinates": [ -64.376466, -34.590502 ] } },
{ "type": "Feature", "properties": { "Name": "554.2", "P.K.": null, "Al.Dist. Izq.": 35, "Al.Dist. Der.": 35, "Ruta": 35 }, "geometry": { "type": "Point", "coordinates": [ -64.3766856, -34.5887438 ] } },
{ "type": "Feature", "properties": { "Name": "554.92", "P.K.": null, "Al.Dist. Izq.": 35, "Al.Dist. Der.": 35, "Ruta": 35 }, "geometry": { "type": "Point", "coordinates": [ -64.3765995, -34.5820353 ] } },
{ "type": "Feature", "properties": { "Name": "555", "P.K.": "PK555", "Al.Dist. Izq.": 35, "Al.Dist. Der.": 35, "Ruta": 35 }, "geometry": { "type": "Point", "coordinates": [ -64.3766461, -34.5813763 ] } },
{ "type": "Feature", "properties": { "Name": "556.75", "P.K.": null, "Al.Dist. Izq.": 35, "Al.Dist. Der.": 35, "Ruta": 35 }, "geometry": { "type": "Point", "coordinates": [ -64.3768251, -34.5654294 ] } },
{ "type": "Feature", "properties": { "Name": "557.67", "P.K.": null, "Al.Dist. Izq.": 35, "Al.Dist. Der.": 35, "Ruta": 35 }, "geometry": { "type": "Point", "coordinates": [ -64.3771324, -34.5569745 ] } },
{ "type": "Feature", "properties": { "Name": "557.93", "P.K.": null, "Al.Dist. Izq.": 35, "Al.Dist. Der.": 35, "Ruta": 35 }, "geometry": { "type": "Point", "coordinates": [ -64.3772549, -34.5546321 ] } },
{ "type": "Feature", "properties": { "Name": "558", "P.K.": "PK558", "Al.Dist. Izq.": 35, "Al.Dist. Der.": 35, "Ruta": 35 }, "geometry": { "type": "Point", "coordinates": [ -64.3772774, -34.5540773 ] } },
{ "type": "Feature", "properties": { "Name": "559", "P.K.": "PK559", "Al.Dist. Izq.": 35, "Al.Dist. Der.": 35, "Ruta": 35 }, "geometry": { "type": "Point", "coordinates": [ -64.3773743, -34.5454854 ] } },
{ "type": "Feature", "properties": { "Name": "559.17", "P.K.": null, "Al.Dist. Izq.": 35, "Al.Dist. Der.": 35, "Ruta": 35 }, "geometry": { "type": "Point", "coordinates": [ -64.3775071, -34.5439609 ] } },
{ "type": "Feature", "properties": { "Name": "559.18", "P.K.": null, "Al.Dist. Izq.": 35, "Al.Dist. Der.": 35, "Ruta": 35 }, "geometry": { "type": "Point", "coordinates": [ -64.3775007, -34.5438673 ] } },
{ "type": "Feature", "properties": { "Name": "559.18", "P.K.": null, "Al.Dist. Izq.": 35, "Al.Dist. Der.": 70, "Ruta": 35 }, "geometry": { "type": "Point", "coordinates": [ -64.3775007, -34.5438673 ] } },
{ "type": "Feature", "properties": { "Name": "559.48", "P.K.": null, "Al.Dist. Izq.": 35, "Al.Dist. Der.": 70, "Ruta": 35 }, "geometry": { "type": "Point", "coordinates": [ -64.3774846, -34.5411874 ] } },
{ "type": "Feature", "properties": { "Name": "559.8", "P.K.": null, "Al.Dist. Izq.": 35, "Al.Dist. Der.": 70, "Ruta": 35 }, "geometry": { "type": "Point", "coordinates": [ -64.3776267, -34.5382654 ] } },
{ "type": "Feature", "properties": { "Name": "561", "P.K.": "PK561", "Al.Dist. Izq.": 35, "Al.Dist. Der.": 70, "Ruta": 35 }, "geometry": { "type": "Point", "coordinates": [ -64.3780603, -34.5274143 ] } },
{ "type": "Feature", "properties": { "Name": "561.42", "P.K.": null, "Al.Dist. Izq.": 35, "Al.Dist. Der.": 70, "Ruta": 35 }, "geometry": { "type": "Point", "coordinates": [ -64.378011, -34.5236024 ] } },
{ "type": "Feature", "properties": { "Name": "562.77", "P.K.": null, "Al.Dist. Izq.": 35, "Al.Dist. Der.": 70, "Ruta": 35 }, "geometry": { "type": "Point", "coordinates": [ -64.3780156, -34.5115478 ] } },
{ "type": "Feature", "properties": { "Name": "562.83", "P.K.": null, "Al.Dist. Izq.": 35, "Al.Dist. Der.": 70, "Ruta": 35 }, "geometry": { "type": "Point", "coordinates": [ -64.3780598, -34.5110851 ] } },
{ "type": "Feature", "properties": { "Name": "562.83", "P.K.": null, "Al.Dist. Izq.": 50, "Al.Dist. Der.": 70, "Ruta": 35 }, "geometry": { "type": "Point", "coordinates": [ -64.3780598, -34.5110851 ] } },
{ "type": "Feature", "properties": { "Name": "564.95", "P.K.": null, "Al.Dist. Izq.": 50, "Al.Dist. Der.": 70, "Ruta": 35 }, "geometry": { "type": "Point", "coordinates": [ -64.3784557, -34.4921043 ] } },
{ "type": "Feature", "properties": { "Name": "565", "P.K.": "PK565", "Al.Dist. Izq.": 50, "Al.Dist. Der.": 70, "Ruta": 35 }, "geometry": { "type": "Point", "coordinates": [ -64.3785662, -34.4916606 ] } },
{ "type": "Feature", "properties": { "Name": "565.95", "P.K.": null, "Al.Dist. Izq.": 50, "Al.Dist. Der.": 70, "Ruta": 35 }, "geometry": { "type": "Point", "coordinates": [ -64.3786412, -34.4827242 ] } },
{ "type": "Feature", "properties": { "Name": "566", "P.K.": "PK566", "Al.Dist. Izq.": 50, "Al.Dist. Der.": 70, "Ruta": 35 }, "geometry": { "type": "Point", "coordinates": [ -64.3787576, -34.4822768 ] } },
{ "type": "Feature", "properties": { "Name": "566.08", "P.K.": null, "Al.Dist. Izq.": 50, "Al.Dist. Der.": 70, "Ruta": 35 }, "geometry": { "type": "Point", "coordinates": [ -64.3788327, -34.4815927 ] } },
{ "type": "Feature", "properties": { "Name": "566.12", "P.K.": null, "Al.Dist. Izq.": 50, "Al.Dist. Der.": 70, "Ruta": 35 }, "geometry": { "type": "Point", "coordinates": [ -64.3788143, -34.4812221 ] } },
{ "type": "Feature", "properties": { "Name": "566.15", "P.K.": null, "Al.Dist. Izq.": 50, "Al.Dist. Der.": 70, "Ruta": 35 }, "geometry": { "type": "Point", "coordinates": [ -64.3787814, -34.4809507 ] } },
{ "type": "Feature", "properties": { "Name": "566.53", "P.K.": null, "Al.Dist. Izq.": 50, "Al.Dist. Der.": 70, "Ruta": 35 }, "geometry": { "type": "Point", "coordinates": [ -64.3778598, -34.4776792 ] } },
{ "type": "Feature", "properties": { "Name": "567", "P.K.": "PK567", "Al.Dist. Izq.": 50, "Al.Dist. Der.": 70, "Ruta": 35 }, "geometry": { "type": "Point", "coordinates": [ -64.3756952, -34.4737932 ] } },
{ "type": "Feature", "properties": { "Name": "567.02", "P.K.": null, "Al.Dist. Izq.": 50, "Al.Dist. Der.": 70, "Ruta": 35 }, "geometry": { "type": "Point", "coordinates": [ -64.3757217, -34.4735759 ] } },
{ "type": "Feature", "properties": { "Name": "567.11", "P.K.": null, "Al.Dist. Izq.": 50, "Al.Dist. Der.": 70, "Ruta": 35 }, "geometry": { "type": "Point", "coordinates": [ -64.3751695, -34.4728866 ] } },
{ "type": "Feature", "properties": { "Name": "567.3", "P.K.": null, "Al.Dist. Izq.": 50, "Al.Dist. Der.": 70, "Ruta": 35 }, "geometry": { "type": "Point", "coordinates": [ -64.3743179, -34.471388 ] } },
{ "type": "Feature", "properties": { "Name": "567.7", "P.K.": null, "Al.Dist. Izq.": 50, "Al.Dist. Der.": 70, "Ruta": 35 }, "geometry": { "type": "Point", "coordinates": [ -64.3741982, -34.467919 ] } },
{ "type": "Feature", "properties": { "Name": "567.71", "P.K.": null, "Al.Dist. Izq.": 50, "Al.Dist. Der.": 70, "Ruta": 35 }, "geometry": { "type": "Point", "coordinates": [ -64.3742529, -34.4677631 ] } },
{ "type": "Feature", "properties": { "Name": "567.83", "P.K.": null, "Al.Dist. Izq.": 50, "Al.Dist. Der.": 70, "Ruta": 35 }, "geometry": { "type": "Point", "coordinates": [ -64.3745894, -34.4667753 ] } },
{ "type": "Feature", "properties": { "Name": "567.85", "P.K.": null, "Al.Dist. Izq.": 50, "Al.Dist. Der.": 70, "Ruta": 35 }, "geometry": { "type": "Point", "coordinates": [ -64.3747226, -34.4665739 ] } },
{ "type": "Feature", "properties": { "Name": "567.96", "P.K.": null, "Al.Dist. Izq.": 50, "Al.Dist. Der.": 70, "Ruta": 35 }, "geometry": { "type": "Point", "coordinates": [ -64.3750371, -34.4656056 ] } },
{ "type": "Feature", "properties": { "Name": "568", "P.K.": "PK568", "Al.Dist. Izq.": 50, "Al.Dist. Der.": 70, "Ruta": 35 }, "geometry": { "type": "Point", "coordinates": [ -64.3751869, -34.4653547 ] } },
{ "type": "Feature", "properties": { "Name": "568.01", "P.K.": null, "Al.Dist. Izq.": 50, "Al.Dist. Der.": 70, "Ruta": 35 }, "geometry": { "type": "Point", "coordinates": [ -64.3750975, -34.4652237 ] } },
{ "type": "Feature", "properties": { "Name": "568.01", "P.K.": null, "Al.Dist. Izq.": 35, "Al.Dist. Der.": 70, "Ruta": 35 }, "geometry": { "type": "Point", "coordinates": [ -64.3750975, -34.4652237 ] } },
{ "type": "Feature", "properties": { "Name": "568.15", "P.K.": null, "Al.Dist. Izq.": 35, "Al.Dist. Der.": 70, "Ruta": 35 }, "geometry": { "type": "Point", "coordinates": [ -64.3754656, -34.4639982 ] } },
{ "type": "Feature", "properties": { "Name": "568.59", "P.K.": null, "Al.Dist. Izq.": 35, "Al.Dist. Der.": 70, "Ruta": 35 }, "geometry": { "type": "Point", "coordinates": [ -64.3768341, -34.4599559 ] } },
{ "type": "Feature", "properties": { "Name": "568.97", "P.K.": null, "Al.Dist. Izq.": 35, "Al.Dist. Der.": 70, "Ruta": 35 }, "geometry": { "type": "Point", "coordinates": [ -64.3780398, -34.456638 ] } },
{ "type": "Feature", "properties": { "Name": "569.21", "P.K.": null, "Al.Dist. Izq.": 35, "Al.Dist. Der.": 70, "Ruta": 35 }, "geometry": { "type": "Point", "coordinates": [ -64.378815, -34.454448 ] } },
{ "type": "Feature", "properties": { "Name": "569.47", "P.K.": null, "Al.Dist. Izq.": 35, "Al.Dist. Der.": 70, "Ruta": 35 }, "geometry": { "type": "Point", "coordinates": [ -64.379181, -34.452141 ] } },
{ "type": "Feature", "properties": { "Name": "570.61", "P.K.": null, "Al.Dist. Izq.": 35, "Al.Dist. Der.": 70, "Ruta": 35 }, "geometry": { "type": "Point", "coordinates": [ -64.3795264, -34.441451 ] } },
{ "type": "Feature", "properties": { "Name": "570.62", "P.K.": null, "Al.Dist. Izq.": 35, "Al.Dist. Der.": 70, "Ruta": 35 }, "geometry": { "type": "Point", "coordinates": [ -64.3793913, -34.441418 ] } },
{ "type": "Feature", "properties": { "Name": "570.76", "P.K.": null, "Al.Dist. Izq.": 35, "Al.Dist. Der.": 70, "Ruta": 35 }, "geometry": { "type": "Point", "coordinates": [ -64.3793799, -34.4401434 ] } },
{ "type": "Feature", "properties": { "Name": "570.98", "P.K.": null, "Al.Dist. Izq.": 35, "Al.Dist. Der.": 70, "Ruta": 35 }, "geometry": { "type": "Point", "coordinates": [ -64.3795083, -34.4380621 ] } },
{ "type": "Feature", "properties": { "Name": "570.98", "P.K.": null, "Al.Dist. Izq.": 35, "Al.Dist. Der.": 70, "Ruta": 35 }, "geometry": { "type": "Point", "coordinates": [ -64.3795083, -34.4380621 ] } },
{ "type": "Feature", "properties": { "Name": "571", "P.K.": "PK571", "Al.Dist. Izq.": 35, "Al.Dist. Der.": 70, "Ruta": 35 }, "geometry": { "type": "Point", "coordinates": [ -64.3793967, -34.4378735 ] } },
{ "type": "Feature", "properties": { "Name": "571.16", "P.K.": null, "Al.Dist. Izq.": 35, "Al.Dist. Der.": 70, "Ruta": 35 }, "geometry": { "type": "Point", "coordinates": [ -64.3795258, -34.4364644 ] } },
{ "type": "Feature", "properties": { "Name": "571.32", "P.K.": null, "Al.Dist. Izq.": 50, "Al.Dist. Der.": 60, "Ruta": 35 }, "geometry": { "type": "Point", "coordinates": [ -64.3796501, -34.4349781 ] } },
{ "type": "Feature", "properties": { "Name": "571.41", "P.K.": null, "Al.Dist. Izq.": 50, "Al.Dist. Der.": 60, "Ruta": 35 }, "geometry": { "type": "Point", "coordinates": [ -64.3796582, -34.4342265 ] } },
{ "type": "Feature", "properties": { "Name": "571.72", "P.K.": null, "Al.Dist. Izq.": 50, "Al.Dist. Der.": 60, "Ruta": 35 }, "geometry": { "type": "Point", "coordinates": [ -64.3796528, -34.4314136 ] } },
{ "type": "Feature", "properties": { "Name": "572", "P.K.": "PK572", "Al.Dist. Izq.": 50, "Al.Dist. Der.": 60, "Ruta": 35 }, "geometry": { "type": "Point", "coordinates": [ -64.3796344, -34.4288299 ] } },
{ "type": "Feature", "properties": { "Name": "572.12", "P.K.": null, "Al.Dist. Izq.": 50, "Al.Dist. Der.": 60, "Ruta": 35 }, "geometry": { "type": "Point", "coordinates": [ -64.3798412, -34.4277748 ] } },
{ "type": "Feature", "properties": { "Name": "572.35", "P.K.": null, "Al.Dist. Izq.": 50, "Al.Dist. Der.": 60, "Ruta": 35 }, "geometry": { "type": "Point", "coordinates": [ -64.3798168, -34.4256695 ] } },
{ "type": "Feature", "properties": { "Name": "572.36", "P.K.": null, "Al.Dist. Izq.": 50, "Al.Dist. Der.": 60, "Ruta": 35 }, "geometry": { "type": "Point", "coordinates": [ -64.3797068, -34.4255779 ] } },
{ "type": "Feature", "properties": { "Name": "572.36", "P.K.": null, "Al.Dist. Izq.": 50, "Al.Dist. Der.": 60, "Ruta": 35 }, "geometry": { "type": "Point", "coordinates": [ -64.3797068, -34.4255779 ] } },
{ "type": "Feature", "properties": { "Name": "572.37", "P.K.": null, "Al.Dist. Izq.": 50, "Al.Dist. Der.": 60, "Ruta": 35 }, "geometry": { "type": "Point", "coordinates": [ -64.3797075, -34.4255367 ] } },
{ "type": "Feature", "properties": { "Name": "572.4", "P.K.": null, "Al.Dist. Izq.": 50, "Al.Dist. Der.": 60, "Ruta": 35 }, "geometry": { "type": "Point", "coordinates": [ -64.3797112, -34.4252308 ] } },
{ "type": "Feature", "properties": { "Name": "572.4", "P.K.": null, "Al.Dist. Izq.": 50, "Al.Dist. Der.": 60, "Ruta": 35 }, "geometry": { "type": "Point", "coordinates": [ -64.3797112, -34.4252308 ] } },
{ "type": "Feature", "properties": { "Name": "572.4", "P.K.": null, "Al.Dist. Izq.": 50, "Al.Dist. Der.": 60, "Ruta": 35 }, "geometry": { "type": "Point", "coordinates": [ -64.3797712, -34.4252646 ] } },
{ "type": "Feature", "properties": { "Name": "572.61", "P.K.": null, "Al.Dist. Izq.": 50, "Al.Dist. Der.": 60, "Ruta": 35 }, "geometry": { "type": "Point", "coordinates": [ -64.3796173, -34.4234736 ] } },
{ "type": "Feature", "properties": { "Name": "572.71", "P.K.": null, "Al.Dist. Izq.": 50, "Al.Dist. Der.": 60, "Ruta": 35 }, "geometry": { "type": "Point", "coordinates": [ -64.3797259, -34.4225709 ] } },
{ "type": "Feature", "properties": { "Name": "572.71", "P.K.": null, "Al.Dist. Izq.": 50, "Al.Dist. Der.": 60, "Ruta": 35 }, "geometry": { "type": "Point", "coordinates": [ -64.3799066, -34.4225617 ] } },
{ "type": "Feature", "properties": { "Name": "572.75", "P.K.": null, "Al.Dist. Izq.": 50, "Al.Dist. Der.": 60, "Ruta": 35 }, "geometry": { "type": "Point", "coordinates": [ -64.3796598, -34.4221814 ] } },
{ "type": "Feature", "properties": { "Name": "572.77", "P.K.": null, "Al.Dist. Izq.": 50, "Al.Dist. Der.": 60, "Ruta": 35 }, "geometry": { "type": "Point", "coordinates": [ -64.3798902, -34.4219981 ] } },
{ "type": "Feature", "properties": { "Name": "572.78", "P.K.": null, "Al.Dist. Izq.": 50, "Al.Dist. Der.": 60, "Ruta": 35 }, "geometry": { "type": "Point", "coordinates": [ -64.3799576, -34.4219475 ] } },
{ "type": "Feature", "properties": { "Name": "572.96", "P.K.": null, "Al.Dist. Izq.": 50, "Al.Dist. Der.": 60, "Ruta": 35 }, "geometry": { "type": "Point", "coordinates": [ -64.380035, -34.4203395 ] } },
{ "type": "Feature", "properties": { "Name": "573.11", "P.K.": null, "Al.Dist. Izq.": 50, "Al.Dist. Der.": 60, "Ruta": 35 }, "geometry": { "type": "Point", "coordinates": [ -64.3798746, -34.4189665 ] } },
{ "type": "Feature", "properties": { "Name": "573.36", "P.K.": null, "Al.Dist. Izq.": 50, "Al.Dist. Der.": 60, "Ruta": 35 }, "geometry": { "type": "Point", "coordinates": [ -64.380023, -34.4167946 ] } },
{ "type": "Feature", "properties": { "Name": "573.41", "P.K.": null, "Al.Dist. Izq.": 50, "Al.Dist. Der.": 60, "Ruta": 35 }, "geometry": { "type": "Point", "coordinates": [ -64.380037, -34.4163822 ] } },
{ "type": "Feature", "properties": { "Name": "573.7", "P.K.": null, "Al.Dist. Izq.": 50, "Al.Dist. Der.": 60, "Ruta": 35 }, "geometry": { "type": "Point", "coordinates": [ -64.3798912, -34.4137637 ] } },
{ "type": "Feature", "properties": { "Name": "574.18", "P.K.": null, "Al.Dist. Izq.": 50, "Al.Dist. Der.": 60, "Ruta": 35 }, "geometry": { "type": "Point", "coordinates": [ -64.38038, -34.409504 ] } },
{ "type": "Feature", "properties": { "Name": "574.34", "P.K.": null, "Al.Dist. Izq.": 50, "Al.Dist. Der.": 60, "Ruta": 35 }, "geometry": { "type": "Point", "coordinates": [ -64.3801303, -34.4080116 ] } },
{ "type": "Feature", "properties": { "Name": "574.34", "P.K.": null, "Al.Dist. Izq.": 55, "Al.Dist. Der.": 60, "Ruta": 35 }, "geometry": { "type": "Point", "coordinates": [ -64.3801303, -34.4080116 ] } },
{ "type": "Feature", "properties": { "Name": "576.52", "P.K.": null, "Al.Dist. Izq.": 55, "Al.Dist. Der.": 60, "Ruta": 35 }, "geometry": { "type": "Point", "coordinates": [ -64.3803592, -34.3885944 ] } },
{ "type": "Feature", "properties": { "Name": "577", "P.K.": "PK577", "Al.Dist. Izq.": 55, "Al.Dist. Der.": 60, "Ruta": 35 }, "geometry": { "type": "Point", "coordinates": [ -64.3804213, -34.3843664 ] } },
{ "type": "Feature", "properties": { "Name": "578", "P.K.": "PK578", "Al.Dist. Izq.": 55, "Al.Dist. Der.": 60, "Ruta": 35 }, "geometry": { "type": "Point", "coordinates": [ -64.3811129, -34.3754741 ] } },
{ "type": "Feature", "properties": { "Name": "578.23", "P.K.": null, "Al.Dist. Izq.": 55, "Al.Dist. Der.": 60, "Ruta": 35 }, "geometry": { "type": "Point", "coordinates": [ -64.380781, -34.3734388 ] } },
{ "type": "Feature", "properties": { "Name": "578.84", "P.K.": null, "Al.Dist. Izq.": 55, "Al.Dist. Der.": 60, "Ruta": 35 }, "geometry": { "type": "Point", "coordinates": [ -64.3810657, -34.3679082 ] } },
{ "type": "Feature", "properties": { "Name": "579", "P.K.": "PK579", "Al.Dist. Izq.": 55, "Al.Dist. Der.": 60, "Ruta": 35 }, "geometry": { "type": "Point", "coordinates": [ -64.38084, -34.3664788 ] } },
{ "type": "Feature", "properties": { "Name": "580", "P.K.": "PK580", "Al.Dist. Izq.": 55, "Al.Dist. Der.": 60, "Ruta": 35 }, "geometry": { "type": "Point", "coordinates": [ -64.3810553, -34.3572475 ] } },
{ "type": "Feature", "properties": { "Name": "580.4", "P.K.": null, "Al.Dist. Izq.": 55, "Al.Dist. Der.": 60, "Ruta": 35 }, "geometry": { "type": "Point", "coordinates": [ -64.381247, -34.353664 ] } },
{ "type": "Feature", "properties": { "Name": "580.47", "P.K.": null, "Al.Dist. Izq.": 55, "Al.Dist. Der.": 60, "Ruta": 35 }, "geometry": { "type": "Point", "coordinates": [ -64.3811163, -34.3530915 ] } },
{ "type": "Feature", "properties": { "Name": "580.55", "P.K.": null, "Al.Dist. Izq.": 55, "Al.Dist. Der.": 60, "Ruta": 35 }, "geometry": { "type": "Point", "coordinates": [ -64.3813734, -34.3523326 ] } },
{ "type": "Feature", "properties": { "Name": "580.87", "P.K.": null, "Al.Dist. Izq.": 55, "Al.Dist. Der.": 60, "Ruta": 35 }, "geometry": { "type": "Point", "coordinates": [ -64.3814559, -34.3494275 ] } },
{ "type": "Feature", "properties": { "Name": "581.42", "P.K.": null, "Al.Dist. Izq.": 55, "Al.Dist. Der.": 60, "Ruta": 35 }, "geometry": { "type": "Point", "coordinates": [ -64.3815656, -34.3445807 ] } },
{ "type": "Feature", "properties": { "Name": "582", "P.K.": "PK582", "Al.Dist. Izq.": 55, "Al.Dist. Der.": 60, "Ruta": 35 }, "geometry": { "type": "Point", "coordinates": [ -64.3813285, -34.3394353 ] } },
{ "type": "Feature", "properties": { "Name": "582.19", "P.K.": null, "Al.Dist. Izq.": 55, "Al.Dist. Der.": 60, "Ruta": 35 }, "geometry": { "type": "Point", "coordinates": [ -64.3817037, -34.3377269 ] } },
{ "type": "Feature", "properties": { "Name": "582.48", "P.K.": null, "Al.Dist. Izq.": 55, "Al.Dist. Der.": 60, "Ruta": 35 }, "geometry": { "type": "Point", "coordinates": [ -64.3818301, -34.3350912 ] } },
{ "type": "Feature", "properties": { "Name": "583.61", "P.K.": null, "Al.Dist. Izq.": 55, "Al.Dist. Der.": 60, "Ruta": 35 }, "geometry": { "type": "Point", "coordinates": [ -64.3817736, -34.3249036 ] } },
{ "type": "Feature", "properties": { "Name": "584", "P.K.": "PK584", "Al.Dist. Izq.": 55, "Al.Dist. Der.": 60, "Ruta": 35 }, "geometry": { "type": "Point", "coordinates": [ -64.3818522, -34.3213924 ] } },
{ "type": "Feature", "properties": { "Name": "584.17", "P.K.": null, "Al.Dist. Izq.": 55, "Al.Dist. Der.": 60, "Ruta": 35 }, "geometry": { "type": "Point", "coordinates": [ -64.3818928, -34.3198523 ] } },
{ "type": "Feature", "properties": { "Name": "584.24", "P.K.": null, "Al.Dist. Izq.": 55, "Al.Dist. Der.": 60, "Ruta": 35 }, "geometry": { "type": "Point", "coordinates": [ -64.382222, -34.3192575 ] } },
{ "type": "Feature", "properties": { "Name": "584.28", "P.K.": null, "Al.Dist. Izq.": 55, "Al.Dist. Der.": 60, "Ruta": 35 }, "geometry": { "type": "Point", "coordinates": [ -64.3819682, -34.3188932 ] } },
{ "type": "Feature", "properties": { "Name": "585.29", "P.K.": null, "Al.Dist. Izq.": 55, "Al.Dist. Der.": 60, "Ruta": 35 }, "geometry": { "type": "Point", "coordinates": [ -64.3819904, -34.3097383 ] } },
{ "type": "Feature", "properties": { "Name": "586", "P.K.": "PK586", "Al.Dist. Izq.": 55, "Al.Dist. Der.": 60, "Ruta": 35 }, "geometry": { "type": "Point", "coordinates": [ -64.3821969, -34.3033391 ] } },
{ "type": "Feature", "properties": { "Name": "586.75", "P.K.": null, "Al.Dist. Izq.": 55, "Al.Dist. Der.": 60, "Ruta": 35 }, "geometry": { "type": "Point", "coordinates": [ -64.3824745, -34.2963508 ] } },
{ "type": "Feature", "properties": { "Name": "586.76", "P.K.": null, "Al.Dist. Izq.": 55, "Al.Dist. Der.": 60, "Ruta": 35 }, "geometry": { "type": "Point", "coordinates": [ -64.3823464, -34.2962607 ] } },
{ "type": "Feature", "properties": { "Name": "587.37", "P.K.": null, "Al.Dist. Izq.": 55, "Al.Dist. Der.": 60, "Ruta": 35 }, "geometry": { "type": "Point", "coordinates": [ -64.383159, -34.290686 ] } },
{ "type": "Feature", "properties": { "Name": "587.54", "P.K.": null, "Al.Dist. Izq.": 55, "Al.Dist. Der.": 60, "Ruta": 35 }, "geometry": { "type": "Point", "coordinates": [ -64.3836028, -34.2890377 ] } },
{ "type": "Feature", "properties": { "Name": "587.82", "P.K.": null, "Al.Dist. Izq.": 55, "Al.Dist. Der.": 60, "Ruta": 35 }, "geometry": { "type": "Point", "coordinates": [ -64.3842133, -34.286585 ] } },
{ "type": "Feature", "properties": { "Name": "588", "P.K.": "PK588", "Al.Dist. Izq.": 55, "Al.Dist. Der.": 60, "Ruta": 35 }, "geometry": { "type": "Point", "coordinates": [ -64.3845794, -34.2849494 ] } },
{ "type": "Feature", "properties": { "Name": "588.04", "P.K.": null, "Al.Dist. Izq.": 55, "Al.Dist. Der.": 60, "Ruta": 35 }, "geometry": { "type": "Point", "coordinates": [ -64.3846867, -34.2845161 ] } },
{ "type": "Feature", "properties": { "Name": "588.12", "P.K.": null, "Al.Dist. Izq.": 55, "Al.Dist. Der.": 60, "Ruta": 35 }, "geometry": { "type": "Point", "coordinates": [ -64.3848888, -34.2839081 ] } },
{ "type": "Feature", "properties": { "Name": "588.27", "P.K.": null, "Al.Dist. Izq.": 55, "Al.Dist. Der.": 60, "Ruta": 35 }, "geometry": { "type": "Point", "coordinates": [ -64.3854444, -34.282603 ] } },
{ "type": "Feature", "properties": { "Name": "588.3", "P.K.": null, "Al.Dist. Izq.": 55, "Al.Dist. Der.": 60, "Ruta": 35 }, "geometry": { "type": "Point", "coordinates": [ -64.3861552, -34.2824739 ] } },
{ "type": "Feature", "properties": { "Name": "588.95", "P.K.": null, "Al.Dist. Izq.": 55, "Al.Dist. Der.": 60, "Ruta": 35 }, "geometry": { "type": "Point", "coordinates": [ -64.3865716, -34.2766079 ] } },
{ "type": "Feature", "properties": { "Name": "588.96", "P.K.": null, "Al.Dist. Izq.": 55, "Al.Dist. Der.": 60, "Ruta": 35 }, "geometry": { "type": "Point", "coordinates": [ -64.3862534, -34.2764647 ] } },
{ "type": "Feature", "properties": { "Name": "589.1", "P.K.": null, "Al.Dist. Izq.": 55, "Al.Dist. Der.": 60, "Ruta": 35 }, "geometry": { "type": "Point", "coordinates": [ -64.3865417, -34.2752184 ] } },
{ "type": "Feature", "properties": { "Name": "589.26", "P.K.": null, "Al.Dist. Izq.": 55, "Al.Dist. Der.": 60, "Ruta": 35 }, "geometry": { "type": "Point", "coordinates": [ -64.3866938, -34.2738789 ] } },
{ "type": "Feature", "properties": { "Name": "589.26", "P.K.": null, "Al.Dist. Izq.": 50, "Al.Dist. Der.": 25, "Ruta": 35 }, "geometry": { "type": "Point", "coordinates": [ -64.3866938, -34.2738789 ] } },
{ "type": "Feature", "properties": { "Name": "589.52", "P.K.": null, "Al.Dist. Izq.": 50, "Al.Dist. Der.": 25, "Ruta": 35 }, "geometry": { "type": "Point", "coordinates": [ -64.3870048, -34.2715682 ] } },
{ "type": "Feature", "properties": { "Name": "589.91", "P.K.": null, "Al.Dist. Izq.": 50, "Al.Dist. Der.": 25, "Ruta": 35 }, "geometry": { "type": "Point", "coordinates": [ -64.3873692, -34.2681262 ] } },
{ "type": "Feature", "properties": { "Name": "590.16", "P.K.": null, "Al.Dist. Izq.": 50, "Al.Dist. Der.": 25, "Ruta": 35 }, "geometry": { "type": "Point", "coordinates": [ -64.3867366, -34.2659491 ] } },
{ "type": "Feature", "properties": { "Name": "590.31", "P.K.": null, "Al.Dist. Izq.": 50, "Al.Dist. Der.": 25, "Ruta": 35 }, "geometry": { "type": "Point", "coordinates": [ -64.3865075, -34.2645842 ] } },
{ "type": "Feature", "properties": { "Name": "590.47", "P.K.": null, "Al.Dist. Izq.": 50, "Al.Dist. Der.": 25, "Ruta": 35 }, "geometry": { "type": "Point", "coordinates": [ -64.3861106, -34.2631539 ] } },
{ "type": "Feature", "properties": { "Name": "591", "P.K.": "PK591", "Al.Dist. Izq.": 50, "Al.Dist. Der.": 25, "Ruta": 35 }, "geometry": { "type": "Point", "coordinates": [ -64.384971, -34.2585596 ] } },
{ "type": "Feature", "properties": { "Name": "591.03", "P.K.": null, "Al.Dist. Izq.": 50, "Al.Dist. Der.": 25, "Ruta": 35 }, "geometry": { "type": "Point", "coordinates": [ -64.3849639, -34.2583504 ] } },
{ "type": "Feature", "properties": { "Name": "591.42", "P.K.": null, "Al.Dist. Izq.": 50, "Al.Dist. Der.": 25, "Ruta": 35 }, "geometry": { "type": "Point", "coordinates": [ -64.3840124, -34.2548973 ] } },
{ "type": "Feature", "properties": { "Name": "591.59", "P.K.": null, "Al.Dist. Izq.": 50, "Al.Dist. Der.": 25, "Ruta": 35 }, "geometry": { "type": "Point", "coordinates": [ -64.3838879, -34.2532048 ] } },
{ "type": "Feature", "properties": { "Name": "591.59", "P.K.": null, "Al.Dist. Izq.": 50, "Al.Dist. Der.": 70, "Ruta": 35 }, "geometry": { "type": "Point", "coordinates": [ -64.3838879, -34.2532048 ] } },
{ "type": "Feature", "properties": { "Name": "592", "P.K.": "PK592", "Al.Dist. Izq.": 50, "Al.Dist. Der.": 70, "Ruta": 35 }, "geometry": { "type": "Point", "coordinates": [ -64.3832295, -34.2496096 ] } },
{ "type": "Feature", "properties": { "Name": "592.02", "P.K.": null, "Al.Dist. Izq.": 50, "Al.Dist. Der.": 70, "Ruta": 35 }, "geometry": { "type": "Point", "coordinates": [ -64.3833825, -34.2492924 ] } },
{ "type": "Feature", "properties": { "Name": "592.26", "P.K.": null, "Al.Dist. Izq.": 50, "Al.Dist. Der.": 70, "Ruta": 35 }, "geometry": { "type": "Point", "coordinates": [ -64.3834344, -34.2466974 ] } },
{ "type": "Feature", "properties": { "Name": "593", "P.K.": "PK593", "Al.Dist. Izq.": 50, "Al.Dist. Der.": 70, "Ruta": 35 }, "geometry": { "type": "Point", "coordinates": [ -64.3835972, -34.2383419 ] } },
{ "type": "Feature", "properties": { "Name": "593.22", "P.K.": null, "Al.Dist. Izq.": 50, "Al.Dist. Der.": 70, "Ruta": 35 }, "geometry": { "type": "Point", "coordinates": [ -64.3835115, -34.236477 ] } },
{ "type": "Feature", "properties": { "Name": "593.29", "P.K.": null, "Al.Dist. Izq.": 50, "Al.Dist. Der.": 70, "Ruta": 35 }, "geometry": { "type": "Point", "coordinates": [ -64.3837197, -34.2358902 ] } },
{ "type": "Feature", "properties": { "Name": "593.29", "P.K.": null, "Al.Dist. Izq.": 50, "Al.Dist. Der.": 70, "Ruta": 35 }, "geometry": { "type": "Point", "coordinates": [ -64.3835672, -34.2358949 ] } },
{ "type": "Feature", "properties": { "Name": "593.64", "P.K.": null, "Al.Dist. Izq.": 50, "Al.Dist. Der.": 70, "Ruta": 35 }, "geometry": { "type": "Point", "coordinates": [ -64.38364, -34.23301 ] } },
{ "type": "Feature", "properties": { "Name": "593.64", "P.K.": null, "Al.Dist. Izq.": 50, "Al.Dist. Der.": 70, "Ruta": 35 }, "geometry": { "type": "Point", "coordinates": [ -64.383637, -34.232997 ] } },
{ "type": "Feature", "properties": { "Name": "594.13", "P.K.": null, "Al.Dist. Izq.": 50, "Al.Dist. Der.": 70, "Ruta": 35 }, "geometry": { "type": "Point", "coordinates": [ -64.3837576, -34.2288601 ] } },
{ "type": "Feature", "properties": { "Name": "594.19", "P.K.": null, "Al.Dist. Izq.": 50, "Al.Dist. Der.": 70, "Ruta": 35 }, "geometry": { "type": "Point", "coordinates": [ -64.3838802, -34.2284095 ] } },
{ "type": "Feature", "properties": { "Name": "594.24", "P.K.": null, "Al.Dist. Izq.": 50, "Al.Dist. Der.": 70, "Ruta": 35 }, "geometry": { "type": "Point", "coordinates": [ -64.3842491, -34.228021 ] } },
{ "type": "Feature", "properties": { "Name": "594.51", "P.K.": null, "Al.Dist. Izq.": 50, "Al.Dist. Der.": 70, "Ruta": 35 }, "geometry": { "type": "Point", "coordinates": [ -64.3847063, -34.225758 ] } },
{ "type": "Feature", "properties": { "Name": "594.51", "P.K.": null, "Al.Dist. Izq.": 30, "Al.Dist. Der.": 70, "Ruta": 35 }, "geometry": { "type": "Point", "coordinates": [ -64.3847063, -34.225758 ] } },
{ "type": "Feature", "properties": { "Name": "594.55", "P.K.": null, "Al.Dist. Izq.": 30, "Al.Dist. Der.": 70, "Ruta": 35 }, "geometry": { "type": "Point", "coordinates": [ -64.3848546, -34.2255014 ] } },
{ "type": "Feature", "properties": { "Name": "594.68", "P.K.": null, "Al.Dist. Izq.": 30, "Al.Dist. Der.": 70, "Ruta": 35 }, "geometry": { "type": "Point", "coordinates": [ -64.3851138, -34.2244014 ] } },
{ "type": "Feature", "properties": { "Name": "595.05", "P.K.": null, "Al.Dist. Izq.": 30, "Al.Dist. Der.": 70, "Ruta": 35 }, "geometry": { "type": "Point", "coordinates": [ -64.3861468, -34.2214438 ] } },
{ "type": "Feature", "properties": { "Name": "595.32", "P.K.": null, "Al.Dist. Izq.": 30, "Al.Dist. Der.": 70, "Ruta": 35 }, "geometry": { "type": "Point", "coordinates": [ -64.386093, -34.2191884 ] } },
{ "type": "Feature", "properties": { "Name": "595.48", "P.K.": null, "Al.Dist. Izq.": 30, "Al.Dist. Der.": 70, "Ruta": 35 }, "geometry": { "type": "Point", "coordinates": [ -64.3859107, -34.2178648 ] } },
{ "type": "Feature", "properties": { "Name": "595.59", "P.K.": null, "Al.Dist. Izq.": 30, "Al.Dist. Der.": 70, "Ruta": 35 }, "geometry": { "type": "Point", "coordinates": [ -64.3858762, -34.2169563 ] } },
{ "type": "Feature", "properties": { "Name": "595.65", "P.K.": null, "Al.Dist. Izq.": 30, "Al.Dist. Der.": 70, "Ruta": 35 }, "geometry": { "type": "Point", "coordinates": [ -64.3854886, -34.2164667 ] } },
{ "type": "Feature", "properties": { "Name": "595.7", "P.K.": null, "Al.Dist. Izq.": 30, "Al.Dist. Der.": 70, "Ruta": 35 }, "geometry": { "type": "Point", "coordinates": [ -64.3856487, -34.2161029 ] } },
{ "type": "Feature", "properties": { "Name": "595.7", "P.K.": null, "Al.Dist. Izq.": 25, "Al.Dist. Der.": 75, "Ruta": 35 }, "geometry": { "type": "Point", "coordinates": [ -64.3856487, -34.2161029 ] } },
{ "type": "Feature", "properties": { "Name": "595.72", "P.K.": null, "Al.Dist. Izq.": 25, "Al.Dist. Der.": 75, "Ruta": 35 }, "geometry": { "type": "Point", "coordinates": [ -64.3855671, -34.2158811 ] } },
{ "type": "Feature", "properties": { "Name": "595.78", "P.K.": null, "Al.Dist. Izq.": 25, "Al.Dist. Der.": 75, "Ruta": 35 }, "geometry": { "type": "Point", "coordinates": [ -64.3855452, -34.2153809 ] } },
{ "type": "Feature", "properties": { "Name": "595.79", "P.K.": null, "Al.Dist. Izq.": 25, "Al.Dist. Der.": 75, "Ruta": 35 }, "geometry": { "type": "Point", "coordinates": [ -64.3855305, -34.2152909 ] } },
{ "type": "Feature", "properties": { "Name": "596", "P.K.": "PK596", "Al.Dist. Izq.": 25, "Al.Dist. Der.": 75, "Ruta": 35 }, "geometry": { "type": "Point", "coordinates": [ -64.3853311, -34.2135342 ] } },
{ "type": "Feature", "properties": { "Name": "597", "P.K.": "PK597", "Al.Dist. Izq.": 25, "Al.Dist. Der.": 75, "Ruta": 35 }, "geometry": { "type": "Point", "coordinates": [ -64.3838578, -34.2050525 ] } },
{ "type": "Feature", "properties": { "Name": "597.75", "P.K.": null, "Al.Dist. Izq.": 25, "Al.Dist. Der.": 75, "Ruta": 35 }, "geometry": { "type": "Point", "coordinates": [ -64.3830433, -34.1986075 ] } },
{ "type": "Feature", "properties": { "Name": "597.75", "P.K.": null, "Al.Dist. Izq.": 70, "Al.Dist. Der.": 30, "Ruta": 35 }, "geometry": { "type": "Point", "coordinates": [ -64.3830433, -34.1986075 ] } },
{ "type": "Feature", "properties": { "Name": "598", "P.K.": "PK598", "Al.Dist. Izq.": 70, "Al.Dist. Der.": 30, "Ruta": 35 }, "geometry": { "type": "Point", "coordinates": [ -64.3827223, -34.1964427 ] } },
{ "type": "Feature", "properties": { "Name": "598.39", "P.K.": null, "Al.Dist. Izq.": 70, "Al.Dist. Der.": 30, "Ruta": 35 }, "geometry": { "type": "Point", "coordinates": [ -64.3823233, -34.1930871 ] } },
{ "type": "Feature", "properties": { "Name": "598.5", "P.K.": null, "Al.Dist. Izq.": 70, "Al.Dist. Der.": 30, "Ruta": 35 }, "geometry": { "type": "Point", "coordinates": [ -64.3820199, -34.1921226 ] } },
{ "type": "Feature", "properties": { "Name": "598.96", "P.K.": null, "Al.Dist. Izq.": 70, "Al.Dist. Der.": 30, "Ruta": 35 }, "geometry": { "type": "Point", "coordinates": [ -64.381454, -34.188048 ] } },
{ "type": "Feature", "properties": { "Name": "599", "P.K.": "PK599", "Al.Dist. Izq.": 70, "Al.Dist. Der.": 30, "Ruta": 35 }, "geometry": { "type": "Point", "coordinates": [ -64.381353, -34.1877283 ] } },
{ "type": "Feature", "properties": { "Name": "599.09", "P.K.": null, "Al.Dist. Izq.": 70, "Al.Dist. Der.": 30, "Ruta": 35 }, "geometry": { "type": "Point", "coordinates": [ -64.3812551, -34.1869071 ] } },
{ "type": "Feature", "properties": { "Name": "599.55", "P.K.": null, "Al.Dist. Izq.": 70, "Al.Dist. Der.": 30, "Ruta": 35 }, "geometry": { "type": "Point", "coordinates": [ -64.3806261, -34.1827282 ] } },
{ "type": "Feature", "properties": { "Name": "599.6", "P.K.": null, "Al.Dist. Izq.": 70, "Al.Dist. Der.": 30, "Ruta": 35 }, "geometry": { "type": "Point", "coordinates": [ -64.3805631, -34.1822739 ] } },
{ "type": "Feature", "properties": { "Name": "599.89", "P.K.": null, "Al.Dist. Izq.": 70, "Al.Dist. Der.": 30, "Ruta": 35 }, "geometry": { "type": "Point", "coordinates": [ -64.3802707, -34.179645 ] } },
{ "type": "Feature", "properties": { "Name": "600", "P.K.": "PK600", "Al.Dist. Izq.": 70, "Al.Dist. Der.": 30, "Ruta": 35 }, "geometry": { "type": "Point", "coordinates": [ -64.3801376, -34.1786493 ] } },
{ "type": "Feature", "properties": { "Name": "600.09", "P.K.": null, "Al.Dist. Izq.": 70, "Al.Dist. Der.": 30, "Ruta": 35 }, "geometry": { "type": "Point", "coordinates": [ -64.3798982, -34.177901 ] } },
{ "type": "Feature", "properties": { "Name": "600.69", "P.K.": null, "Al.Dist. Izq.": 70, "Al.Dist. Der.": 30, "Ruta": 35 }, "geometry": { "type": "Point", "coordinates": [ -64.379241, -34.172618 ] } },
{ "type": "Feature", "properties": { "Name": "600.72", "P.K.": null, "Al.Dist. Izq.": 70, "Al.Dist. Der.": 30, "Ruta": 35 }, "geometry": { "type": "Point", "coordinates": [ -64.379121, -34.172317 ] } },
{ "type": "Feature", "properties": { "Name": "600.76", "P.K.": null, "Al.Dist. Izq.": 70, "Al.Dist. Der.": 30, "Ruta": 35 }, "geometry": { "type": "Point", "coordinates": [ -64.378928, -34.1720157 ] } },
{ "type": "Feature", "properties": { "Name": "601", "P.K.": "PK601", "Al.Dist. Izq.": 70, "Al.Dist. Der.": 30, "Ruta": 35 }, "geometry": { "type": "Point", "coordinates": [ -64.3787332, -34.1698554 ] } },
{ "type": "Feature", "properties": { "Name": "601.82", "P.K.": null, "Al.Dist. Izq.": 70, "Al.Dist. Der.": 30, "Ruta": 35 }, "geometry": { "type": "Point", "coordinates": [ -64.3776194, -34.162269 ] } },
{ "type": "Feature", "properties": { "Name": "602.18", "P.K.": null, "Al.Dist. Izq.": 70, "Al.Dist. Der.": 30, "Ruta": 35 }, "geometry": { "type": "Point", "coordinates": [ -64.3772308, -34.1590602 ] } },
{ "type": "Feature", "properties": { "Name": "603.16", "P.K.": null, "Al.Dist. Izq.": 70, "Al.Dist. Der.": 30, "Ruta": 35 }, "geometry": { "type": "Point", "coordinates": [ -64.3757515, -34.15012 ] } },
{ "type": "Feature", "properties": { "Name": "603.37", "P.K.": null, "Al.Dist. Izq.": 70, "Al.Dist. Der.": 30, "Ruta": 35 }, "geometry": { "type": "Point", "coordinates": [ -64.3755279, -34.1481587 ] } },
{ "type": "Feature", "properties": { "Name": "603.59", "P.K.": null, "Al.Dist. Izq.": 70, "Al.Dist. Der.": 30, "Ruta": 35 }, "geometry": { "type": "Point", "coordinates": [ -64.3752946, -34.1462027 ] } },
{ "type": "Feature", "properties": { "Name": "603.78", "P.K.": null, "Al.Dist. Izq.": 70, "Al.Dist. Der.": 30, "Ruta": 35 }, "geometry": { "type": "Point", "coordinates": [ -64.3751303, -34.1444315 ] } },
{ "type": "Feature", "properties": { "Name": "603.95", "P.K.": null, "Al.Dist. Izq.": 70, "Al.Dist. Der.": 30, "Ruta": 35 }, "geometry": { "type": "Point", "coordinates": [ -64.3750831, -34.1428388 ] } },
{ "type": "Feature", "properties": { "Name": "604.28", "P.K.": null, "Al.Dist. Izq.": 70, "Al.Dist. Der.": 30, "Ruta": 35 }, "geometry": { "type": "Point", "coordinates": [ -64.3749925, -34.1397735 ] } },
{ "type": "Feature", "properties": { "Name": "604.37", "P.K.": null, "Al.Dist. Izq.": 70, "Al.Dist. Der.": 30, "Ruta": 35 }, "geometry": { "type": "Point", "coordinates": [ -64.375044, -34.138981 ] } },
{ "type": "Feature", "properties": { "Name": "604.84", "P.K.": null, "Al.Dist. Izq.": 70, "Al.Dist. Der.": 30, "Ruta": 35 }, "geometry": { "type": "Point", "coordinates": [ -64.3749033, -34.1347021 ] } },
{ "type": "Feature", "properties": { "Name": "605", "P.K.": "PK605", "Al.Dist. Izq.": 70, "Al.Dist. Der.": 30, "Ruta": 35 }, "geometry": { "type": "Point", "coordinates": [ -64.374798, -34.1331843 ] } },
{ "type": "Feature", "properties": { "Name": "605.03", "P.K.": null, "Al.Dist. Izq.": 70, "Al.Dist. Der.": 30, "Ruta": 35 }, "geometry": { "type": "Point", "coordinates": [ -64.3748493, -34.1329471 ] } },
{ "type": "Feature", "properties": { "Name": "605.59", "P.K.": null, "Al.Dist. Izq.": 70, "Al.Dist. Der.": 30, "Ruta": 35 }, "geometry": { "type": "Point", "coordinates": [ -64.3746314, -34.1278025 ] } },
{ "type": "Feature", "properties": { "Name": "606", "P.K.": "PK606", "Al.Dist. Izq.": 70, "Al.Dist. Der.": 30, "Ruta": 35 }, "geometry": { "type": "Point", "coordinates": [ -64.3746374, -34.1241112 ] } },
{ "type": "Feature", "properties": { "Name": "606.22", "P.K.": null, "Al.Dist. Izq.": 70, "Al.Dist. Der.": 30, "Ruta": 35 }, "geometry": { "type": "Point", "coordinates": [ -64.3747316, -34.1221514 ] } },
{ "type": "Feature", "properties": { "Name": "606.6", "P.K.": null, "Al.Dist. Izq.": 70, "Al.Dist. Der.": 30, "Ruta": 35 }, "geometry": { "type": "Point", "coordinates": [ -64.3744778, -34.1187265 ] } },
{ "type": "Feature", "properties": { "Name": "606.62", "P.K.": null, "Al.Dist. Izq.": 70, "Al.Dist. Der.": 30, "Ruta": 35 }, "geometry": { "type": "Point", "coordinates": [ -64.374566, -34.1185531 ] } },
{ "type": "Feature", "properties": { "Name": "606.72", "P.K.": null, "Al.Dist. Izq.": 70, "Al.Dist. Der.": 30, "Ruta": 35 }, "geometry": { "type": "Point", "coordinates": [ -64.3743202, -34.1176101 ] } },
{ "type": "Feature", "properties": { "Name": "606.87", "P.K.": null, "Al.Dist. Izq.": 70, "Al.Dist. Der.": 30, "Ruta": 35 }, "geometry": { "type": "Point", "coordinates": [ -64.3742089, -34.11627 ] } },
{ "type": "Feature", "properties": { "Name": "606.89", "P.K.": null, "Al.Dist. Izq.": 70, "Al.Dist. Der.": 30, "Ruta": 35 }, "geometry": { "type": "Point", "coordinates": [ -64.374176, -34.1161504 ] } },
{ "type": "Feature", "properties": { "Name": "606.89", "P.K.": null, "Al.Dist. Izq.": 55, "Al.Dist. Der.": 75, "Ruta": 35 }, "geometry": { "type": "Point", "coordinates": [ -64.374176, -34.1161504 ] } },
{ "type": "Feature", "properties": { "Name": "606.98", "P.K.": null, "Al.Dist. Izq.": 55, "Al.Dist. Der.": 75, "Ruta": 35 }, "geometry": { "type": "Point", "coordinates": [ -64.374087, -34.115304 ] } },
{ "type": "Feature", "properties": { "Name": "607", "P.K.": "PK607", "Al.Dist. Izq.": 55, "Al.Dist. Der.": 75, "Ruta": 35 }, "geometry": { "type": "Point", "coordinates": [ -64.3739796, -34.1151317 ] } },
{ "type": "Feature", "properties": { "Name": "607.43", "P.K.": null, "Al.Dist. Izq.": 55, "Al.Dist. Der.": 75, "Ruta": 35 }, "geometry": { "type": "Point", "coordinates": [ -64.3733394, -34.1113033 ] } },
{ "type": "Feature", "properties": { "Name": "607.71", "P.K.": null, "Al.Dist. Izq.": 55, "Al.Dist. Der.": 75, "Ruta": 35 }, "geometry": { "type": "Point", "coordinates": [ -64.3730372, -34.1087612 ] } },
{ "type": "Feature", "properties": { "Name": "607.9", "P.K.": null, "Al.Dist. Izq.": 55, "Al.Dist. Der.": 75, "Ruta": 35 }, "geometry": { "type": "Point", "coordinates": [ -64.372948, -34.1070937 ] } },
{ "type": "Feature", "properties": { "Name": "608", "P.K.": "PK608", "Al.Dist. Izq.": 55, "Al.Dist. Der.": 75, "Ruta": 35 }, "geometry": { "type": "Point", "coordinates": [ -64.3730113, -34.106166 ] } },
{ "type": "Feature", "properties": { "Name": "608.05", "P.K.": null, "Al.Dist. Izq.": 55, "Al.Dist. Der.": 75, "Ruta": 35 }, "geometry": { "type": "Point", "coordinates": [ -64.372951, -34.1057554 ] } },
{ "type": "Feature", "properties": { "Name": "608.2", "P.K.": null, "Al.Dist. Izq.": 55, "Al.Dist. Der.": 75, "Ruta": 35 }, "geometry": { "type": "Point", "coordinates": [ -64.3730271, -34.1043676 ] } },
{ "type": "Feature", "properties": { "Name": "608.32", "P.K.": null, "Al.Dist. Izq.": 55, "Al.Dist. Der.": 75, "Ruta": 35 }, "geometry": { "type": "Point", "coordinates": [ -64.3729345, -34.1032988 ] } },
{ "type": "Feature", "properties": { "Name": "608.76", "P.K.": null, "Al.Dist. Izq.": 55, "Al.Dist. Der.": 75, "Ruta": 35 }, "geometry": { "type": "Point", "coordinates": [ -64.3729456, -34.0992324 ] } },
{ "type": "Feature", "properties": { "Name": "609", "P.K.": "PK609", "Al.Dist. Izq.": 55, "Al.Dist. Der.": 75, "Ruta": 35 }, "geometry": { "type": "Point", "coordinates": [ -64.3729118, -34.0970496 ] } },
{ "type": "Feature", "properties": { "Name": "610", "P.K.": "PK610", "Al.Dist. Izq.": 55, "Al.Dist. Der.": 75, "Ruta": 35 }, "geometry": { "type": "Point", "coordinates": [ -64.3730794, -34.089342 ] } },
{ "type": "Feature", "properties": { "Name": "610.23", "P.K.": null, "Al.Dist. Izq.": 55, "Al.Dist. Der.": 75, "Ruta": 35 }, "geometry": { "type": "Point", "coordinates": [ -64.3731984, -34.0870316 ] } },
{ "type": "Feature", "properties": { "Name": "610.24", "P.K.": null, "Al.Dist. Izq.": 55, "Al.Dist. Der.": 75, "Ruta": 35 }, "geometry": { "type": "Point", "coordinates": [ -64.373018, -34.086927 ] } },
{ "type": "Feature", "properties": { "Name": "610.29", "P.K.": null, "Al.Dist. Izq.": 55, "Al.Dist. Der.": 75, "Ruta": 35 }, "geometry": { "type": "Point", "coordinates": [ -64.3730324, -34.0865145 ] } },
{ "type": "Feature", "properties": { "Name": "610.47", "P.K.": null, "Al.Dist. Izq.": 55, "Al.Dist. Der.": 75, "Ruta": 35 }, "geometry": { "type": "Point", "coordinates": [ -64.3729191, -34.0847952 ] } },
{ "type": "Feature", "properties": { "Name": "611.12", "P.K.": null, "Al.Dist. Izq.": 55, "Al.Dist. Der.": 75, "Ruta": 35 }, "geometry": { "type": "Point", "coordinates": [ -64.3729272, -34.0784705 ] } },
{ "type": "Feature", "properties": { "Name": "611.79", "P.K.": null, "Al.Dist. Izq.": 55, "Al.Dist. Der.": 75, "Ruta": 35 }, "geometry": { "type": "Point", "coordinates": [ -64.3729003, -34.0720368 ] } },
{ "type": "Feature", "properties": { "Name": "612", "P.K.": "PK612", "Al.Dist. Izq.": 55, "Al.Dist. Der.": 75, "Ruta": 35 }, "geometry": { "type": "Point", "coordinates": [ -64.3729258, -34.0700322 ] } },
{ "type": "Feature", "properties": { "Name": "612.13", "P.K.": null, "Al.Dist. Izq.": 55, "Al.Dist. Der.": 75, "Ruta": 35 }, "geometry": { "type": "Point", "coordinates": [ -64.3728259, -34.0689629 ] } },
{ "type": "Feature", "properties": { "Name": "613", "P.K.": "PK613", "Al.Dist. Izq.": 55, "Al.Dist. Der.": 75, "Ruta": 35 }, "geometry": { "type": "Point", "coordinates": [ -64.3729181, -34.0613875 ] } },
{ "type": "Feature", "properties": { "Name": "613.27", "P.K.": null, "Al.Dist. Izq.": 55, "Al.Dist. Der.": 75, "Ruta": 35 }, "geometry": { "type": "Point", "coordinates": [ -64.3729436, -34.0586802 ] } },
{ "type": "Feature", "properties": { "Name": "614", "P.K.": "PK614", "Al.Dist. Izq.": 55, "Al.Dist. Der.": 75, "Ruta": 35 }, "geometry": { "type": "Point", "coordinates": [ -64.3731438, -34.0511888 ] } },
{ "type": "Feature", "properties": { "Name": "614.23", "P.K.": null, "Al.Dist. Izq.": 55, "Al.Dist. Der.": 75, "Ruta": 35 }, "geometry": { "type": "Point", "coordinates": [ -64.373009, -34.049194 ] } },
{ "type": "Feature", "properties": { "Name": "615.15", "P.K.": null, "Al.Dist. Izq.": 55, "Al.Dist. Der.": 75, "Ruta": 35 }, "geometry": { "type": "Point", "coordinates": [ -64.3728819, -34.0411814 ] } },
{ "type": "Feature", "properties": { "Name": "615.59", "P.K.": null, "Al.Dist. Izq.": 55, "Al.Dist. Der.": 75, "Ruta": 35 }, "geometry": { "type": "Point", "coordinates": [ -64.3730609, -34.0372838 ] } },
{ "type": "Feature", "properties": { "Name": "615.8", "P.K.": null, "Al.Dist. Izq.": 55, "Al.Dist. Der.": 75, "Ruta": 35 }, "geometry": { "type": "Point", "coordinates": [ -64.3735843, -34.0355123 ] } },
{ "type": "Feature", "properties": { "Name": "616.16", "P.K.": null, "Al.Dist. Izq.": 55, "Al.Dist. Der.": 75, "Ruta": 35 }, "geometry": { "type": "Point", "coordinates": [ -64.3749332, -34.0325594 ] } },
{ "type": "Feature", "properties": { "Name": "616.16", "P.K.": null, "Al.Dist. Izq.": 70, "Al.Dist. Der.": 30, "Ruta": 35 }, "geometry": { "type": "Point", "coordinates": [ -64.3749332, -34.0325594 ] } },
{ "type": "Feature", "properties": { "Name": "616.4", "P.K.": null, "Al.Dist. Izq.": 70, "Al.Dist. Der.": 30, "Ruta": 35 }, "geometry": { "type": "Point", "coordinates": [ -64.3758427, -34.0307214 ] } },
{ "type": "Feature", "properties": { "Name": "616.68", "P.K.": null, "Al.Dist. Izq.": 70, "Al.Dist. Der.": 30, "Ruta": 35 }, "geometry": { "type": "Point", "coordinates": [ -64.3769736, -34.0284771 ] } },
{ "type": "Feature", "properties": { "Name": "617", "P.K.": "PK617", "Al.Dist. Izq.": 70, "Al.Dist. Der.": 30, "Ruta": 35 }, "geometry": { "type": "Point", "coordinates": [ -64.3782158, -34.0257998 ] } },
{ "type": "Feature", "properties": { "Name": "617.06", "P.K.": null, "Al.Dist. Izq.": 70, "Al.Dist. Der.": 30, "Ruta": 35 }, "geometry": { "type": "Point", "coordinates": [ -64.3784151, -34.0252844 ] } },
{ "type": "Feature", "properties": { "Name": "617.23", "P.K.": null, "Al.Dist. Izq.": 70, "Al.Dist. Der.": 30, "Ruta": 35 }, "geometry": { "type": "Point", "coordinates": [ -64.3791925, -34.0239425 ] } },
{ "type": "Feature", "properties": { "Name": "617.25", "P.K.": null, "Al.Dist. Izq.": 70, "Al.Dist. Der.": 30, "Ruta": 35 }, "geometry": { "type": "Point", "coordinates": [ -64.3792465, -34.0237483 ] } },
{ "type": "Feature", "properties": { "Name": "617.67", "P.K.": null, "Al.Dist. Izq.": 70, "Al.Dist. Der.": 30, "Ruta": 35 }, "geometry": { "type": "Point", "coordinates": [ -64.3807959, -34.0202079 ] } },
{ "type": "Feature", "properties": { "Name": "617.98", "P.K.": null, "Al.Dist. Izq.": 70, "Al.Dist. Der.": 30, "Ruta": 35 }, "geometry": { "type": "Point", "coordinates": [ -64.381197, -34.017456 ] } },
{ "type": "Feature", "properties": { "Name": "618", "P.K.": "PK618", "Al.Dist. Izq.": 70, "Al.Dist. Der.": 30, "Ruta": 35 }, "geometry": { "type": "Point", "coordinates": [ -64.3810714, -34.0172318 ] } },
{ "type": "Feature", "properties": { "Name": "618.11", "P.K.": null, "Al.Dist. Izq.": 70, "Al.Dist. Der.": 30, "Ruta": 35 }, "geometry": { "type": "Point", "coordinates": [ -64.3811109, -34.0162297 ] } },
{ "type": "Feature", "properties": { "Name": "618.11", "P.K.": null, "Al.Dist. Izq.": 70, "Al.Dist. Der.": 30, "Ruta": 35 }, "geometry": { "type": "Point", "coordinates": [ -64.3810965, -34.0162296 ] } },
{ "type": "Feature", "properties": { "Name": "618.18", "P.K.": null, "Al.Dist. Izq.": 70, "Al.Dist. Der.": 30, "Ruta": 35 }, "geometry": { "type": "Point", "coordinates": [ -64.3811783, -34.0155929 ] } },
{ "type": "Feature", "properties": { "Name": "618.18", "P.K.": null, "Al.Dist. Izq.": 55, "Al.Dist. Der.": 65, "Ruta": 35 }, "geometry": { "type": "Point", "coordinates": [ -64.3811783, -34.0155929 ] } },
{ "type": "Feature", "properties": { "Name": "618.48", "P.K.": null, "Al.Dist. Izq.": 55, "Al.Dist. Der.": 65, "Ruta": 35 }, "geometry": { "type": "Point", "coordinates": [ -64.3810807, -34.0128842 ] } },
{ "type": "Feature", "properties": { "Name": "618.83", "P.K.": null, "Al.Dist. Izq.": 55, "Al.Dist. Der.": 65, "Ruta": 35 }, "geometry": { "type": "Point", "coordinates": [ -64.3811377, -34.0098468 ] } },
{ "type": "Feature", "properties": { "Name": "619.64", "P.K.": null, "Al.Dist. Izq.": 55, "Al.Dist. Der.": 65, "Ruta": 35 }, "geometry": { "type": "Point", "coordinates": [ -64.3812243, -34.0026355 ] } },
{ "type": "Feature", "properties": { "Name": "620", "P.K.": "PK620", "Al.Dist. Izq.": 55, "Al.Dist. Der.": 65, "Ruta": 35 }, "geometry": { "type": "Point", "coordinates": [ -64.3813319, -33.9993617 ] } },
{ "type": "Feature", "properties": { "Name": "620.02", "P.K.": null, "Al.Dist. Izq.": 55, "Al.Dist. Der.": 65, "Ruta": 35 }, "geometry": { "type": "Point", "coordinates": [ -64.3811663, -33.9992244 ] } },
{ "type": "Feature", "properties": { "Name": "620.58", "P.K.": null, "Al.Dist. Izq.": 55, "Al.Dist. Der.": 65, "Ruta": 35 }, "geometry": { "type": "Point", "coordinates": [ -64.3813543, -33.994144 ] } },
{ "type": "Feature", "properties": { "Name": "621.25", "P.K.": null, "Al.Dist. Izq.": 55, "Al.Dist. Der.": 65, "Ruta": 35 }, "geometry": { "type": "Point", "coordinates": [ -64.3814837, -33.9881499 ] } },
{ "type": "Feature", "properties": { "Name": "621.25", "P.K.": null, "Al.Dist. Izq.": 50, "Al.Dist. Der.": 65, "Ruta": 35 }, "geometry": { "type": "Point", "coordinates": [ -64.3814837, -33.9881499 ] } },
{ "type": "Feature", "properties": { "Name": "621.38", "P.K.": null, "Al.Dist. Izq.": 50, "Al.Dist. Der.": 65, "Ruta": 35 }, "geometry": { "type": "Point", "coordinates": [ -64.381461, -33.9869222 ] } },
{ "type": "Feature", "properties": { "Name": "622.43", "P.K.": null, "Al.Dist. Izq.": 50, "Al.Dist. Der.": 65, "Ruta": 35 }, "geometry": { "type": "Point", "coordinates": [ -64.3819813, -33.9774447 ] } },
{ "type": "Feature", "properties": { "Name": "622.65", "P.K.": null, "Al.Dist. Izq.": 50, "Al.Dist. Der.": 65, "Ruta": 35 }, "geometry": { "type": "Point", "coordinates": [ -64.3813889, -33.9754398 ] } },
{ "type": "Feature", "properties": { "Name": "622.67", "P.K.": null, "Al.Dist. Izq.": 50, "Al.Dist. Der.": 65, "Ruta": 35 }, "geometry": { "type": "Point", "coordinates": [ -64.3815015, -33.9752009 ] } },
{ "type": "Feature", "properties": { "Name": "623", "P.K.": "PK623", "Al.Dist. Izq.": 50, "Al.Dist. Der.": 65, "Ruta": 35 }, "geometry": { "type": "Point", "coordinates": [ -64.381526, -33.9722351 ] } },
{ "type": "Feature", "properties": { "Name": "623.15", "P.K.": null, "Al.Dist. Izq.": 50, "Al.Dist. Der.": 65, "Ruta": 35 }, "geometry": { "type": "Point", "coordinates": [ -64.381643, -33.970919 ] } },
{ "type": "Feature", "properties": { "Name": "623.47", "P.K.": null, "Al.Dist. Izq.": 50, "Al.Dist. Der.": 65, "Ruta": 35 }, "geometry": { "type": "Point", "coordinates": [ -64.3816876, -33.9680606 ] } },
{ "type": "Feature", "properties": { "Name": "623.65", "P.K.": null, "Al.Dist. Izq.": 50, "Al.Dist. Der.": 65, "Ruta": 35 }, "geometry": { "type": "Point", "coordinates": [ -64.3817315, -33.9662885 ] } },
{ "type": "Feature", "properties": { "Name": "623.66", "P.K.": null, "Al.Dist. Izq.": 50, "Al.Dist. Der.": 65, "Ruta": 35 }, "geometry": { "type": "Point", "coordinates": [ -64.3820859, -33.966209 ] } },
{ "type": "Feature", "properties": { "Name": "624.45", "P.K.": null, "Al.Dist. Izq.": 50, "Al.Dist. Der.": 65, "Ruta": 35 }, "geometry": { "type": "Point", "coordinates": [ -64.3816903, -33.9590738 ] } },
{ "type": "Feature", "properties": { "Name": "624.77", "P.K.": null, "Al.Dist. Izq.": 50, "Al.Dist. Der.": 65, "Ruta": 35 }, "geometry": { "type": "Point", "coordinates": [ -64.3818965, -33.956087 ] } },
{ "type": "Feature", "properties": { "Name": "625", "P.K.": "PK625", "Al.Dist. Izq.": 50, "Al.Dist. Der.": 65, "Ruta": 35 }, "geometry": { "type": "Point", "coordinates": [ -64.3817241, -33.9540232 ] } },
{ "type": "Feature", "properties": { "Name": "625.17", "P.K.": null, "Al.Dist. Izq.": 50, "Al.Dist. Der.": 65, "Ruta": 35 }, "geometry": { "type": "Point", "coordinates": [ -64.382046, -33.9525162 ] } },
{ "type": "Feature", "properties": { "Name": "625.31", "P.K.": null, "Al.Dist. Izq.": 50, "Al.Dist. Der.": 65, "Ruta": 35 }, "geometry": { "type": "Point", "coordinates": [ -64.3824249, -33.9513434 ] } },
{ "type": "Feature", "properties": { "Name": "625.72", "P.K.": null, "Al.Dist. Izq.": 50, "Al.Dist. Der.": 65, "Ruta": 35 }, "geometry": { "type": "Point", "coordinates": [ -64.3846685, -33.9481617 ] } },
{ "type": "Feature", "properties": { "Name": "625.82", "P.K.": null, "Al.Dist. Izq.": 50, "Al.Dist. Der.": 65, "Ruta": 35 }, "geometry": { "type": "Point", "coordinates": [ -64.3850877, -33.9472551 ] } },
{ "type": "Feature", "properties": { "Name": "625.82", "P.K.": null, "Al.Dist. Izq.": 25, "Al.Dist. Der.": 75, "Ruta": 35 }, "geometry": { "type": "Point", "coordinates": [ -64.3850877, -33.9472551 ] } },
{ "type": "Feature", "properties": { "Name": "625.88", "P.K.": null, "Al.Dist. Izq.": 25, "Al.Dist. Der.": 75, "Ruta": 35 }, "geometry": { "type": "Point", "coordinates": [ -64.3853816, -33.9467954 ] } },
{ "type": "Feature", "properties": { "Name": "626.04", "P.K.": null, "Al.Dist. Izq.": 25, "Al.Dist. Der.": 75, "Ruta": 35 }, "geometry": { "type": "Point", "coordinates": [ -64.3863587, -33.9455508 ] } },
{ "type": "Feature", "properties": { "Name": "626.12", "P.K.": null, "Al.Dist. Izq.": 25, "Al.Dist. Der.": 75, "Ruta": 35 }, "geometry": { "type": "Point", "coordinates": [ -64.3869612, -33.9449604 ] } },
{ "type": "Feature", "properties": { "Name": "626.57", "P.K.": null, "Al.Dist. Izq.": 25, "Al.Dist. Der.": 75, "Ruta": 35 }, "geometry": { "type": "Point", "coordinates": [ -64.3893416, -33.9414121 ] } },
{ "type": "Feature", "properties": { "Name": "627", "P.K.": "PK627", "Al.Dist. Izq.": 25, "Al.Dist. Der.": 75, "Ruta": 35 }, "geometry": { "type": "Point", "coordinates": [ -64.3916751, -33.9380206 ] } },
{ "type": "Feature", "properties": { "Name": "627.49", "P.K.": null, "Al.Dist. Izq.": 25, "Al.Dist. Der.": 75, "Ruta": 35 }, "geometry": { "type": "Point", "coordinates": [ -64.3947392, -33.9338342 ] } },
{ "type": "Feature", "properties": { "Name": "627.65", "P.K.": null, "Al.Dist. Izq.": 25, "Al.Dist. Der.": 75, "Ruta": 35 }, "geometry": { "type": "Point", "coordinates": [ -64.3957152, -33.9322839 ] } },
{ "type": "Feature", "properties": { "Name": "627.72", "P.K.": null, "Al.Dist. Izq.": 25, "Al.Dist. Der.": 75, "Ruta": 35 }, "geometry": { "type": "Point", "coordinates": [ -64.3961575, -33.9318191 ] } },
{ "type": "Feature", "properties": { "Name": "627.73", "P.K.": null, "Al.Dist. Izq.": 25, "Al.Dist. Der.": 75, "Ruta": 35 }, "geometry": { "type": "Point", "coordinates": [ -64.3962342, -33.9316477 ] } },
{ "type": "Feature", "properties": { "Name": "627.75", "P.K.": null, "Al.Dist. Izq.": 25, "Al.Dist. Der.": 75, "Ruta": 35 }, "geometry": { "type": "Point", "coordinates": [ -64.3963888, -33.9314435 ] } },
{ "type": "Feature", "properties": { "Name": "627.76", "P.K.": null, "Al.Dist. Izq.": 25, "Al.Dist. Der.": 75, "Ruta": 35 }, "geometry": { "type": "Point", "coordinates": [ -64.3965303, -33.931493 ] } },
{ "type": "Feature", "properties": { "Name": "627.78", "P.K.": null, "Al.Dist. Izq.": 25, "Al.Dist. Der.": 75, "Ruta": 35 }, "geometry": { "type": "Point", "coordinates": [ -64.3965591, -33.9312908 ] } },
{ "type": "Feature", "properties": { "Name": "627.81", "P.K.": null, "Al.Dist. Izq.": 25, "Al.Dist. Der.": 75, "Ruta": 35 }, "geometry": { "type": "Point", "coordinates": [ -64.3967033, -33.9310254 ] } },
{ "type": "Feature", "properties": { "Name": "627.81", "P.K.": null, "Al.Dist. Izq.": 25, "Al.Dist. Der.": 75, "Ruta": 35 }, "geometry": { "type": "Point", "coordinates": [ -64.3967033, -33.9310254 ] } },
{ "type": "Feature", "properties": { "Name": "627.81", "P.K.": null, "Al.Dist. Izq.": 25, "Al.Dist. Der.": 75, "Ruta": 35 }, "geometry": { "type": "Point", "coordinates": [ -64.3969075, -33.9310797 ] } },
{ "type": "Feature", "properties": { "Name": "627.81", "P.K.": null, "Al.Dist. Izq.": 25, "Al.Dist. Der.": 75, "Ruta": 35 }, "geometry": { "type": "Point", "coordinates": [ -64.3968672, -33.930994 ] } },
{ "type": "Feature", "properties": { "Name": "627.88", "P.K.": null, "Al.Dist. Izq.": 25, "Al.Dist. Der.": 75, "Ruta": 35 }, "geometry": { "type": "Point", "coordinates": [ -64.3963809, -33.9303786 ] } },
{ "type": "Feature", "properties": { "Name": "627.91", "P.K.": null, "Al.Dist. Izq.": 25, "Al.Dist. Der.": 75, "Ruta": 35 }, "geometry": { "type": "Point", "coordinates": [ -64.3962989, -33.9299922 ] } },
{ "type": "Feature", "properties": { "Name": "627.91", "P.K.": null, "Al.Dist. Izq.": 25, "Al.Dist. Der.": 75, "Ruta": 35 }, "geometry": { "type": "Point", "coordinates": [ -64.3962989, -33.9299922 ] } },
{ "type": "Feature", "properties": { "Name": "627.91", "P.K.": null, "Al.Dist. Izq.": 25, "Al.Dist. Der.": 75, "Ruta": 35 }, "geometry": { "type": "Point", "coordinates": [ -64.3964289, -33.9301222 ] } },
{ "type": "Feature", "properties": { "Name": "627.91", "P.K.": null, "Al.Dist. Izq.": 25, "Al.Dist. Der.": 75, "Ruta": 35 }, "geometry": { "type": "Point", "coordinates": [ -64.3962989, -33.9299922 ] } },
{ "type": "Feature", "properties": { "Name": "627.92", "P.K.": null, "Al.Dist. Izq.": 25, "Al.Dist. Der.": 75, "Ruta": 35 }, "geometry": { "type": "Point", "coordinates": [ -64.3964895, -33.9300546 ] } },
{ "type": "Feature", "properties": { "Name": "627.95", "P.K.": null, "Al.Dist. Izq.": 25, "Al.Dist. Der.": 75, "Ruta": 35 }, "geometry": { "type": "Point", "coordinates": [ -64.3967384, -33.9299521 ] } },
{ "type": "Feature", "properties": { "Name": "627.98", "P.K.": null, "Al.Dist. Izq.": 25, "Al.Dist. Der.": 75, "Ruta": 35 }, "geometry": { "type": "Point", "coordinates": [ -64.3971927, -33.9299189 ] } },
{ "type": "Feature", "properties": { "Name": "627.98", "P.K.": null, "Al.Dist. Izq.": 25, "Al.Dist. Der.": 75, "Ruta": 35 }, "geometry": { "type": "Point", "coordinates": [ -64.3971927, -33.9299189 ] } },
{ "type": "Feature", "properties": { "Name": "628", "P.K.": "PK628", "Al.Dist. Izq.": 25, "Al.Dist. Der.": 75, "Ruta": 35 }, "geometry": { "type": "Point", "coordinates": [ -64.3974488, -33.9298313 ] } },
{ "type": "Feature", "properties": { "Name": "628.03", "P.K.": null, "Al.Dist. Izq.": 25, "Al.Dist. Der.": 75, "Ruta": 35 }, "geometry": { "type": "Point", "coordinates": [ -64.3976826, -33.9296899 ] } },
{ "type": "Feature", "properties": { "Name": "628.03", "P.K.": null, "Al.Dist. Izq.": 25, "Al.Dist. Der.": 75, "Ruta": 35 }, "geometry": { "type": "Point", "coordinates": [ -64.3976826, -33.9296899 ] } },
{ "type": "Feature", "properties": { "Name": "628.05", "P.K.": null, "Al.Dist. Izq.": 25, "Al.Dist. Der.": 75, "Ruta": 35 }, "geometry": { "type": "Point", "coordinates": [ -64.3978, -33.9295293 ] } },
{ "type": "Feature", "properties": { "Name": "628.07", "P.K.": null, "Al.Dist. Izq.": 25, "Al.Dist. Der.": 75, "Ruta": 35 }, "geometry": { "type": "Point", "coordinates": [ -64.3980119, -33.929403 ] } },
{ "type": "Feature", "properties": { "Name": "628.08", "P.K.": null, "Al.Dist. Izq.": 25, "Al.Dist. Der.": 75, "Ruta": 35 }, "geometry": { "type": "Point", "coordinates": [ -64.3979502, -33.9293393 ] } },
{ "type": "Feature", "properties": { "Name": "628.26", "P.K.": null, "Al.Dist. Izq.": 25, "Al.Dist. Der.": 75, "Ruta": 35 }, "geometry": { "type": "Point", "coordinates": [ -64.3989838, -33.9280833 ] } },
{ "type": "Feature", "properties": { "Name": "628.28", "P.K.": null, "Al.Dist. Izq.": 25, "Al.Dist. Der.": 75, "Ruta": 35 }, "geometry": { "type": "Point", "coordinates": [ -64.3990348, -33.9278238 ] } },
{ "type": "Feature", "properties": { "Name": "628.3", "P.K.": null, "Al.Dist. Izq.": 25, "Al.Dist. Der.": 75, "Ruta": 35 }, "geometry": { "type": "Point", "coordinates": [ -64.3991441, -33.9276822 ] } },
{ "type": "Feature", "properties": { "Name": "628.36", "P.K.": null, "Al.Dist. Izq.": 25, "Al.Dist. Der.": 75, "Ruta": 35 }, "geometry": { "type": "Point", "coordinates": [ -64.399479, -33.9272009 ] } },
{ "type": "Feature", "properties": { "Name": "628.64", "P.K.": null, "Al.Dist. Izq.": 25, "Al.Dist. Der.": 75, "Ruta": 35 }, "geometry": { "type": "Point", "coordinates": [ -64.4009439, -33.9251152 ] } },
{ "type": "Feature", "properties": { "Name": "628.67", "P.K.": null, "Al.Dist. Izq.": 25, "Al.Dist. Der.": 75, "Ruta": 35 }, "geometry": { "type": "Point", "coordinates": [ -64.4011438, -33.9248722 ] } },
{ "type": "Feature", "properties": { "Name": "628.68", "P.K.": null, "Al.Dist. Izq.": 25, "Al.Dist. Der.": 75, "Ruta": 35 }, "geometry": { "type": "Point", "coordinates": [ -64.4011977, -33.9248106 ] } },
{ "type": "Feature", "properties": { "Name": "629.15", "P.K.": null, "Al.Dist. Izq.": 25, "Al.Dist. Der.": 75, "Ruta": 35 }, "geometry": { "type": "Point", "coordinates": [ -64.4037407, -33.9213127 ] } },
{ "type": "Feature", "properties": { "Name": "629.42", "P.K.": null, "Al.Dist. Izq.": 25, "Al.Dist. Der.": 75, "Ruta": 35 }, "geometry": { "type": "Point", "coordinates": [ -64.4052015, -33.9193059 ] } },
{ "type": "Feature", "properties": { "Name": "629.68", "P.K.": null, "Al.Dist. Izq.": 25, "Al.Dist. Der.": 75, "Ruta": 35 }, "geometry": { "type": "Point", "coordinates": [ -64.406659, -33.9172156 ] } },
{ "type": "Feature", "properties": { "Name": "630", "P.K.": "PK630", "Al.Dist. Izq.": 25, "Al.Dist. Der.": 75, "Ruta": 35 }, "geometry": { "type": "Point", "coordinates": [ -64.4083907, -33.9148337 ] } },
{ "type": "Feature", "properties": { "Name": "630.04", "P.K.": null, "Al.Dist. Izq.": 25, "Al.Dist. Der.": 75, "Ruta": 35 }, "geometry": { "type": "Point", "coordinates": [ -64.4085265, -33.9144489 ] } },
{ "type": "Feature", "properties": { "Name": "630.05", "P.K.": null, "Al.Dist. Izq.": 25, "Al.Dist. Der.": 75, "Ruta": 35 }, "geometry": { "type": "Point", "coordinates": [ -64.4085807, -33.914376 ] } },
{ "type": "Feature", "properties": { "Name": "630.07", "P.K.": null, "Al.Dist. Izq.": 25, "Al.Dist. Der.": 75, "Ruta": 35 }, "geometry": { "type": "Point", "coordinates": [ -64.4083022, -33.9140251 ] } },
{ "type": "Feature", "properties": { "Name": "630.17", "P.K.": null, "Al.Dist. Izq.": 25, "Al.Dist. Der.": 75, "Ruta": 35 }, "geometry": { "type": "Point", "coordinates": [ -64.4092993, -33.9134984 ] } },
{ "type": "Feature", "properties": { "Name": "630.17", "P.K.": null, "Al.Dist. Izq.": 25, "Al.Dist. Der.": 75, "Ruta": 35 }, "geometry": { "type": "Point", "coordinates": [ -64.4092289, -33.9134533 ] } },
{ "type": "Feature", "properties": { "Name": "630.21", "P.K.": null, "Al.Dist. Izq.": 25, "Al.Dist. Der.": 75, "Ruta": 35 }, "geometry": { "type": "Point", "coordinates": [ -64.4094746, -33.9132205 ] } },
{ "type": "Feature", "properties": { "Name": "630.21", "P.K.": null, "Al.Dist. Izq.": 25, "Al.Dist. Der.": 75, "Ruta": 35 }, "geometry": { "type": "Point", "coordinates": [ -64.4096768, -33.9132995 ] } },
{ "type": "Feature", "properties": { "Name": "630.25", "P.K.": null, "Al.Dist. Izq.": 25, "Al.Dist. Der.": 75, "Ruta": 35 }, "geometry": { "type": "Point", "coordinates": [ -64.4097428, -33.9129453 ] } },
{ "type": "Feature", "properties": { "Name": "630.32", "P.K.": null, "Al.Dist. Izq.": 25, "Al.Dist. Der.": 75, "Ruta": 35 }, "geometry": { "type": "Point", "coordinates": [ -64.4102652, -33.912438 ] } },
{ "type": "Feature", "properties": { "Name": "630.37", "P.K.": null, "Al.Dist. Izq.": 25, "Al.Dist. Der.": 75, "Ruta": 35 }, "geometry": { "type": "Point", "coordinates": [ -64.4104774, -33.9120151 ] } },
{ "type": "Feature", "properties": { "Name": "630.45", "P.K.": null, "Al.Dist. Izq.": 25, "Al.Dist. Der.": 75, "Ruta": 35 }, "geometry": { "type": "Point", "coordinates": [ -64.4107212, -33.9113095 ] } },
{ "type": "Feature", "properties": { "Name": "630.47", "P.K.": null, "Al.Dist. Izq.": 25, "Al.Dist. Der.": 75, "Ruta": 35 }, "geometry": { "type": "Point", "coordinates": [ -64.4109643, -33.9111768 ] } },
{ "type": "Feature", "properties": { "Name": "630.53", "P.K.": null, "Al.Dist. Izq.": 25, "Al.Dist. Der.": 75, "Ruta": 35 }, "geometry": { "type": "Point", "coordinates": [ -64.411387, -33.9108429 ] } },
{ "type": "Feature", "properties": { "Name": "630.57", "P.K.": null, "Al.Dist. Izq.": 25, "Al.Dist. Der.": 75, "Ruta": 35 }, "geometry": { "type": "Point", "coordinates": [ -64.4115862, -33.9105254 ] } },
{ "type": "Feature", "properties": { "Name": "630.6", "P.K.": null, "Al.Dist. Izq.": 25, "Al.Dist. Der.": 75, "Ruta": 35 }, "geometry": { "type": "Point", "coordinates": [ -64.4117884, -33.9102558 ] } },
{ "type": "Feature", "properties": { "Name": "630.63", "P.K.": null, "Al.Dist. Izq.": 25, "Al.Dist. Der.": 75, "Ruta": 35 }, "geometry": { "type": "Point", "coordinates": [ -64.4117176, -33.9099219 ] } },
{ "type": "Feature", "properties": { "Name": "630.65", "P.K.": null, "Al.Dist. Izq.": 25, "Al.Dist. Der.": 75, "Ruta": 35 }, "geometry": { "type": "Point", "coordinates": [ -64.4120231, -33.9098303 ] } },
{ "type": "Feature", "properties": { "Name": "630.72", "P.K.": null, "Al.Dist. Izq.": 25, "Al.Dist. Der.": 75, "Ruta": 35 }, "geometry": { "type": "Point", "coordinates": [ -64.4123305, -33.9092248 ] } },
{ "type": "Feature", "properties": { "Name": "630.94", "P.K.": null, "Al.Dist. Izq.": 25, "Al.Dist. Der.": 75, "Ruta": 35 }, "geometry": { "type": "Point", "coordinates": [ -64.412895, -33.9073151 ] } },
{ "type": "Feature", "properties": { "Name": "631.17", "P.K.": null, "Al.Dist. Izq.": 25, "Al.Dist. Der.": 75, "Ruta": 35 }, "geometry": { "type": "Point", "coordinates": [ -64.4135036, -33.9053779 ] } },
{ "type": "Feature", "properties": { "Name": "631.18", "P.K.": null, "Al.Dist. Izq.": 25, "Al.Dist. Der.": 75, "Ruta": 35 }, "geometry": { "type": "Point", "coordinates": [ -64.4137832, -33.9053726 ] } },
{ "type": "Feature", "properties": { "Name": "631.18", "P.K.": null, "Al.Dist. Izq.": 25, "Al.Dist. Der.": 75, "Ruta": 35 }, "geometry": { "type": "Point", "coordinates": [ -64.4137832, -33.9053726 ] } },
{ "type": "Feature", "properties": { "Name": "631.19", "P.K.": null, "Al.Dist. Izq.": 25, "Al.Dist. Der.": 75, "Ruta": 35 }, "geometry": { "type": "Point", "coordinates": [ -64.4137417, -33.9052532 ] } },
{ "type": "Feature", "properties": { "Name": "631.21", "P.K.": null, "Al.Dist. Izq.": 25, "Al.Dist. Der.": 75, "Ruta": 35 }, "geometry": { "type": "Point", "coordinates": [ -64.4137994, -33.9051211 ] } },
{ "type": "Feature", "properties": { "Name": "631.22", "P.K.": null, "Al.Dist. Izq.": 25, "Al.Dist. Der.": 75, "Ruta": 35 }, "geometry": { "type": "Point", "coordinates": [ -64.4137584, -33.9049547 ] } },
{ "type": "Feature", "properties": { "Name": "631.23", "P.K.": null, "Al.Dist. Izq.": 70, "Al.Dist. Der.": 30, "Ruta": 35 }, "geometry": { "type": "Point", "coordinates": [ -64.4138061, -33.9048884 ] } },
{ "type": "Feature", "properties": { "Name": "631.24", "P.K.": null, "Al.Dist. Izq.": 70, "Al.Dist. Der.": 30, "Ruta": 35 }, "geometry": { "type": "Point", "coordinates": [ -64.413856, -33.9048737 ] } },
{ "type": "Feature", "properties": { "Name": "631.25", "P.K.": null, "Al.Dist. Izq.": 70, "Al.Dist. Der.": 30, "Ruta": 35 }, "geometry": { "type": "Point", "coordinates": [ -64.4138392, -33.9047101 ] } },
{ "type": "Feature", "properties": { "Name": "631.25", "P.K.": null, "Al.Dist. Izq.": 70, "Al.Dist. Der.": 30, "Ruta": 35 }, "geometry": { "type": "Point", "coordinates": [ -64.4139667, -33.9047348 ] } },
{ "type": "Feature", "properties": { "Name": "631.28", "P.K.": null, "Al.Dist. Izq.": 70, "Al.Dist. Der.": 30, "Ruta": 35 }, "geometry": { "type": "Point", "coordinates": [ -64.4140042, -33.9044902 ] } },
{ "type": "Feature", "properties": { "Name": "631.29", "P.K.": null, "Al.Dist. Izq.": 70, "Al.Dist. Der.": 30, "Ruta": 35 }, "geometry": { "type": "Point", "coordinates": [ -64.4140897, -33.9044023 ] } },
{ "type": "Feature", "properties": { "Name": "631.3", "P.K.": null, "Al.Dist. Izq.": 70, "Al.Dist. Der.": 30, "Ruta": 35 }, "geometry": { "type": "Point", "coordinates": [ -64.4140401, -33.9043269 ] } },
{ "type": "Feature", "properties": { "Name": "631.33", "P.K.": null, "Al.Dist. Izq.": 70, "Al.Dist. Der.": 30, "Ruta": 35 }, "geometry": { "type": "Point", "coordinates": [ -64.4140521, -33.9040389 ] } },
{ "type": "Feature", "properties": { "Name": "631.38", "P.K.": null, "Al.Dist. Izq.": 70, "Al.Dist. Der.": 30, "Ruta": 35 }, "geometry": { "type": "Point", "coordinates": [ -64.4143368, -33.9036448 ] } },
{ "type": "Feature", "properties": { "Name": "631.42", "P.K.": null, "Al.Dist. Izq.": 70, "Al.Dist. Der.": 30, "Ruta": 35 }, "geometry": { "type": "Point", "coordinates": [ -64.4144337, -33.9032926 ] } },
{ "type": "Feature", "properties": { "Name": "631.45", "P.K.": null, "Al.Dist. Izq.": 70, "Al.Dist. Der.": 30, "Ruta": 35 }, "geometry": { "type": "Point", "coordinates": [ -64.4144585, -33.9030065 ] } },
{ "type": "Feature", "properties": { "Name": "631.47", "P.K.": null, "Al.Dist. Izq.": 70, "Al.Dist. Der.": 30, "Ruta": 35 }, "geometry": { "type": "Point", "coordinates": [ -64.41454, -33.9028234 ] } },
{ "type": "Feature", "properties": { "Name": "631.53", "P.K.": null, "Al.Dist. Izq.": 70, "Al.Dist. Der.": 30, "Ruta": 35 }, "geometry": { "type": "Point", "coordinates": [ -64.4146915, -33.9023556 ] } },
{ "type": "Feature", "properties": { "Name": "631.54", "P.K.": null, "Al.Dist. Izq.": 70, "Al.Dist. Der.": 30, "Ruta": 35 }, "geometry": { "type": "Point", "coordinates": [ -64.414774, -33.9022512 ] } },
{ "type": "Feature", "properties": { "Name": "631.98", "P.K.": null, "Al.Dist. Izq.": 70, "Al.Dist. Der.": 30, "Ruta": 35 }, "geometry": { "type": "Point", "coordinates": [ -64.4168782, -33.8986675 ] } },
{ "type": "Feature", "properties": { "Name": "632", "P.K.": "PK632", "Al.Dist. Izq.": 70, "Al.Dist. Der.": 30, "Ruta": 35 }, "geometry": { "type": "Point", "coordinates": [ -64.4170016, -33.8986024 ] } },
{ "type": "Feature", "properties": { "Name": "632.59", "P.K.": null, "Al.Dist. Izq.": 70, "Al.Dist. Der.": 30, "Ruta": 35 }, "geometry": { "type": "Point", "coordinates": [ -64.4210534, -33.8944536 ] } },
{ "type": "Feature", "properties": { "Name": "633", "P.K.": "PK633", "Al.Dist. Izq.": 70, "Al.Dist. Der.": 30, "Ruta": 35 }, "geometry": { "type": "Point", "coordinates": [ -64.4238881, -33.8916088 ] } },
{ "type": "Feature", "properties": { "Name": "633.02", "P.K.": null, "Al.Dist. Izq.": 70, "Al.Dist. Der.": 30, "Ruta": 35 }, "geometry": { "type": "Point", "coordinates": [ -64.4240043, -33.8915187 ] } },
{ "type": "Feature", "properties": { "Name": "633.35", "P.K.": null, "Al.Dist. Izq.": 70, "Al.Dist. Der.": 30, "Ruta": 35 }, "geometry": { "type": "Point", "coordinates": [ -64.426231, -33.8891223 ] } },
{ "type": "Feature", "properties": { "Name": "633.76", "P.K.": null, "Al.Dist. Izq.": 70, "Al.Dist. Der.": 30, "Ruta": 35 }, "geometry": { "type": "Point", "coordinates": [ -64.4276335, -33.8856884 ] } },
{ "type": "Feature", "properties": { "Name": "634.04", "P.K.": null, "Al.Dist. Izq.": 70, "Al.Dist. Der.": 30, "Ruta": 35 }, "geometry": { "type": "Point", "coordinates": [ -64.4276616, -33.8831736 ] } },
{ "type": "Feature", "properties": { "Name": "634.37", "P.K.": null, "Al.Dist. Izq.": 70, "Al.Dist. Der.": 30, "Ruta": 35 }, "geometry": { "type": "Point", "coordinates": [ -64.4276885, -33.8801739 ] } },
{ "type": "Feature", "properties": { "Name": "635", "P.K.": "PK635", "Al.Dist. Izq.": 70, "Al.Dist. Der.": 30, "Ruta": 35 }, "geometry": { "type": "Point", "coordinates": [ -64.4278343, -33.8745332 ] } },
{ "type": "Feature", "properties": { "Name": "635.95", "P.K.": null, "Al.Dist. Izq.": 70, "Al.Dist. Der.": 30, "Ruta": 35 }, "geometry": { "type": "Point", "coordinates": [ -64.4279681, -33.865892 ] } },
{ "type": "Feature", "properties": { "Name": "636.01", "P.K.": null, "Al.Dist. Izq.": 70, "Al.Dist. Der.": 30, "Ruta": 35 }, "geometry": { "type": "Point", "coordinates": [ -64.4279899, -33.8653575 ] } },
{ "type": "Feature", "properties": { "Name": "636.6", "P.K.": null, "Al.Dist. Izq.": 70, "Al.Dist. Der.": 30, "Ruta": 35 }, "geometry": { "type": "Point", "coordinates": [ -64.4279785, -33.8601294 ] } },
{ "type": "Feature", "properties": { "Name": "636.66", "P.K.": null, "Al.Dist. Izq.": 70, "Al.Dist. Der.": 30, "Ruta": 35 }, "geometry": { "type": "Point", "coordinates": [ -64.4280885, -33.8596118 ] } },
{ "type": "Feature", "properties": { "Name": "636.69", "P.K.": null, "Al.Dist. Izq.": 70, "Al.Dist. Der.": 30, "Ruta": 35 }, "geometry": { "type": "Point", "coordinates": [ -64.4280704, -33.8593843 ] } },
{ "type": "Feature", "properties": { "Name": "636.7", "P.K.": null, "Al.Dist. Izq.": 70, "Al.Dist. Der.": 30, "Ruta": 35 }, "geometry": { "type": "Point", "coordinates": [ -64.4279969, -33.8592819 ] } },
{ "type": "Feature", "properties": { "Name": "636.82", "P.K.": null, "Al.Dist. Izq.": 70, "Al.Dist. Der.": 30, "Ruta": 35 }, "geometry": { "type": "Point", "coordinates": [ -64.4281005, -33.8581582 ] } },
{ "type": "Feature", "properties": { "Name": "636.93", "P.K.": null, "Al.Dist. Izq.": 70, "Al.Dist. Der.": 30, "Ruta": 35 }, "geometry": { "type": "Point", "coordinates": [ -64.428117, -33.8571815 ] } },
{ "type": "Feature", "properties": { "Name": "637.09", "P.K.": null, "Al.Dist. Izq.": 70, "Al.Dist. Der.": 30, "Ruta": 35 }, "geometry": { "type": "Point", "coordinates": [ -64.42826, -33.8557361 ] } },
{ "type": "Feature", "properties": { "Name": "637.09", "P.K.": null, "Al.Dist. Izq.": 55, "Al.Dist. Der.": 15, "Ruta": 35 }, "geometry": { "type": "Point", "coordinates": [ -64.42826, -33.8557361 ] } },
{ "type": "Feature", "properties": { "Name": "638.38", "P.K.": null, "Al.Dist. Izq.": 55, "Al.Dist. Der.": 15, "Ruta": 35 }, "geometry": { "type": "Point", "coordinates": [ -64.4319549, -33.8445393 ] } },
{ "type": "Feature", "properties": { "Name": "638.89", "P.K.": null, "Al.Dist. Izq.": 55, "Al.Dist. Der.": 15, "Ruta": 35 }, "geometry": { "type": "Point", "coordinates": [ -64.4334506, -33.8401119 ] } },
{ "type": "Feature", "properties": { "Name": "638.92", "P.K.": null, "Al.Dist. Izq.": 55, "Al.Dist. Der.": 15, "Ruta": 35 }, "geometry": { "type": "Point", "coordinates": [ -64.4335334, -33.8398548 ] } },
{ "type": "Feature", "properties": { "Name": "639.39", "P.K.": null, "Al.Dist. Izq.": 55, "Al.Dist. Der.": 15, "Ruta": 35 }, "geometry": { "type": "Point", "coordinates": [ -64.4342171, -33.8357457 ] } },
{ "type": "Feature", "properties": { "Name": "639.81", "P.K.": null, "Al.Dist. Izq.": 55, "Al.Dist. Der.": 15, "Ruta": 35 }, "geometry": { "type": "Point", "coordinates": [ -64.4333446, -33.8320518 ] } },
{ "type": "Feature", "properties": { "Name": "640.07", "P.K.": null, "Al.Dist. Izq.": 55, "Al.Dist. Der.": 15, "Ruta": 35 }, "geometry": { "type": "Point", "coordinates": [ -64.4326174, -33.8298145 ] } },
{ "type": "Feature", "properties": { "Name": "640.18", "P.K.": null, "Al.Dist. Izq.": 55, "Al.Dist. Der.": 15, "Ruta": 35 }, "geometry": { "type": "Point", "coordinates": [ -64.4323498, -33.8288236 ] } },
{ "type": "Feature", "properties": { "Name": "640.64", "P.K.": null, "Al.Dist. Izq.": 55, "Al.Dist. Der.": 15, "Ruta": 35 }, "geometry": { "type": "Point", "coordinates": [ -64.4311396, -33.8247875 ] } },
{ "type": "Feature", "properties": { "Name": "641.05", "P.K.": null, "Al.Dist. Izq.": 55, "Al.Dist. Der.": 15, "Ruta": 35 }, "geometry": { "type": "Point", "coordinates": [ -64.4303291, -33.8211493 ] } },
{ "type": "Feature", "properties": { "Name": "641.38", "P.K.": null, "Al.Dist. Izq.": 55, "Al.Dist. Der.": 15, "Ruta": 35 }, "geometry": { "type": "Point", "coordinates": [ -64.4303754, -33.8182212 ] } },
{ "type": "Feature", "properties": { "Name": "641.53", "P.K.": null, "Al.Dist. Izq.": 55, "Al.Dist. Der.": 15, "Ruta": 35 }, "geometry": { "type": "Point", "coordinates": [ -64.4302988, -33.8168234 ] } },
{ "type": "Feature", "properties": { "Name": "641.59", "P.K.": null, "Al.Dist. Izq.": 55, "Al.Dist. Der.": 15, "Ruta": 35 }, "geometry": { "type": "Point", "coordinates": [ -64.4303254, -33.8162847 ] } },
{ "type": "Feature", "properties": { "Name": "641.6", "P.K.": null, "Al.Dist. Izq.": 55, "Al.Dist. Der.": 15, "Ruta": 35 }, "geometry": { "type": "Point", "coordinates": [ -64.4303365, -33.8162279 ] } },
{ "type": "Feature", "properties": { "Name": "641.6", "P.K.": null, "Al.Dist. Izq.": 55, "Al.Dist. Der.": 15, "Ruta": 35 }, "geometry": { "type": "Point", "coordinates": [ -64.4303365, -33.8162279 ] } },
{ "type": "Feature", "properties": { "Name": "641.63", "P.K.": null, "Al.Dist. Izq.": 55, "Al.Dist. Der.": 15, "Ruta": 35 }, "geometry": { "type": "Point", "coordinates": [ -64.4303392, -33.8159184 ] } },
{ "type": "Feature", "properties": { "Name": "641.68", "P.K.": null, "Al.Dist. Izq.": 55, "Al.Dist. Der.": 15, "Ruta": 35 }, "geometry": { "type": "Point", "coordinates": [ -64.4303228, -33.8155532 ] } },
{ "type": "Feature", "properties": { "Name": "641.71", "P.K.": null, "Al.Dist. Izq.": 55, "Al.Dist. Der.": 15, "Ruta": 35 }, "geometry": { "type": "Point", "coordinates": [ -64.4305377, -33.8153549 ] } },
{ "type": "Feature", "properties": { "Name": "641.78", "P.K.": null, "Al.Dist. Izq.": 55, "Al.Dist. Der.": 15, "Ruta": 35 }, "geometry": { "type": "Point", "coordinates": [ -64.4303999, -33.8147256 ] } },
{ "type": "Feature", "properties": { "Name": "641.79", "P.K.": null, "Al.Dist. Izq.": 55, "Al.Dist. Der.": 15, "Ruta": 35 }, "geometry": { "type": "Point", "coordinates": [ -64.4305172, -33.8146145 ] } },
{ "type": "Feature", "properties": { "Name": "641.8", "P.K.": null, "Al.Dist. Izq.": 55, "Al.Dist. Der.": 15, "Ruta": 35 }, "geometry": { "type": "Point", "coordinates": [ -64.4305078, -33.8145259 ] } },
{ "type": "Feature", "properties": { "Name": "641.81", "P.K.": null, "Al.Dist. Izq.": 55, "Al.Dist. Der.": 15, "Ruta": 35 }, "geometry": { "type": "Point", "coordinates": [ -64.430315, -33.8144549 ] } },
{ "type": "Feature", "properties": { "Name": "641.82", "P.K.": null, "Al.Dist. Izq.": 55, "Al.Dist. Der.": 15, "Ruta": 35 }, "geometry": { "type": "Point", "coordinates": [ -64.430486, -33.8143186 ] } },
{ "type": "Feature", "properties": { "Name": "641.92", "P.K.": null, "Al.Dist. Izq.": 55, "Al.Dist. Der.": 15, "Ruta": 35 }, "geometry": { "type": "Point", "coordinates": [ -64.4305145, -33.8133888 ] } },
{ "type": "Feature", "properties": { "Name": "642", "P.K.": null, "Al.Dist. Izq.": 55, "Al.Dist. Der.": 15, "Ruta": 35 }, "geometry": { "type": "Point", "coordinates": [ -64.4305672, -33.8127247 ] } },
{ "type": "Feature", "properties": { "Name": "642", "P.K.": null, "Al.Dist. Izq.": 55, "Al.Dist. Der.": 15, "Ruta": 35 }, "geometry": { "type": "Point", "coordinates": [ -64.4305672, -33.8127247 ] } },
{ "type": "Feature", "properties": { "Name": "642.1", "P.K.": null, "Al.Dist. Izq.": 55, "Al.Dist. Der.": 15, "Ruta": 35 }, "geometry": { "type": "Point", "coordinates": [ -64.4305497, -33.8117901 ] } },
{ "type": "Feature", "properties": { "Name": "642.18", "P.K.": null, "Al.Dist. Izq.": 55, "Al.Dist. Der.": 15, "Ruta": 35 }, "geometry": { "type": "Point", "coordinates": [ -64.4304921, -33.8110975 ] } },
{ "type": "Feature", "properties": { "Name": "642.27", "P.K.": null, "Al.Dist. Izq.": 55, "Al.Dist. Der.": 15, "Ruta": 35 }, "geometry": { "type": "Point", "coordinates": [ -64.430481, -33.8102457 ] } },
{ "type": "Feature", "properties": { "Name": "643", "P.K.": "PK643", "Al.Dist. Izq.": 55, "Al.Dist. Der.": 15, "Ruta": 35 }, "geometry": { "type": "Point", "coordinates": [ -64.4305038, -33.8036702 ] } },
{ "type": "Feature", "properties": { "Name": "643.35", "P.K.": null, "Al.Dist. Izq.": 55, "Al.Dist. Der.": 15, "Ruta": 35 }, "geometry": { "type": "Point", "coordinates": [ -64.430646, -33.8004209 ] } },
{ "type": "Feature", "properties": { "Name": "643.48", "P.K.": null, "Al.Dist. Izq.": 55, "Al.Dist. Der.": 15, "Ruta": 35 }, "geometry": { "type": "Point", "coordinates": [ -64.430644, -33.7992944 ] } },
{ "type": "Feature", "properties": { "Name": "644", "P.K.": "PK644", "Al.Dist. Izq.": 55, "Al.Dist. Der.": 15, "Ruta": 35 }, "geometry": { "type": "Point", "coordinates": [ -64.4307687, -33.794427 ] } },
{ "type": "Feature", "properties": { "Name": "644.32", "P.K.": null, "Al.Dist. Izq.": 55, "Al.Dist. Der.": 15, "Ruta": 35 }, "geometry": { "type": "Point", "coordinates": [ -64.4307291, -33.7914857 ] } },
{ "type": "Feature", "properties": { "Name": "644.35", "P.K.": null, "Al.Dist. Izq.": 55, "Al.Dist. Der.": 15, "Ruta": 35 }, "geometry": { "type": "Point", "coordinates": [ -64.4307811, -33.7912594 ] } },
{ "type": "Feature", "properties": { "Name": "644.54", "P.K.": null, "Al.Dist. Izq.": 55, "Al.Dist. Der.": 15, "Ruta": 35 }, "geometry": { "type": "Point", "coordinates": [ -64.4306558, -33.7895486 ] } },
{ "type": "Feature", "properties": { "Name": "644.6", "P.K.": null, "Al.Dist. Izq.": 55, "Al.Dist. Der.": 15, "Ruta": 35 }, "geometry": { "type": "Point", "coordinates": [ -64.4306292, -33.7890153 ] } },
{ "type": "Feature", "properties": { "Name": "644.71", "P.K.": null, "Al.Dist. Izq.": 55, "Al.Dist. Der.": 15, "Ruta": 35 }, "geometry": { "type": "Point", "coordinates": [ -64.4303992, -33.7880217 ] } },
{ "type": "Feature", "properties": { "Name": "644.81", "P.K.": null, "Al.Dist. Izq.": 55, "Al.Dist. Der.": 15, "Ruta": 35 }, "geometry": { "type": "Point", "coordinates": [ -64.4302922, -33.7870778 ] } },
{ "type": "Feature", "properties": { "Name": "645.01", "P.K.": null, "Al.Dist. Izq.": 55, "Al.Dist. Der.": 15, "Ruta": 35 }, "geometry": { "type": "Point", "coordinates": [ -64.4300943, -33.7854021 ] } },
{ "type": "Feature", "properties": { "Name": "645.01", "P.K.": null, "Al.Dist. Izq.": 45, "Al.Dist. Der.": 25, "Ruta": 35 }, "geometry": { "type": "Point", "coordinates": [ -64.4300943, -33.7854021 ] } },
{ "type": "Feature", "properties": { "Name": "645.22", "P.K.": null, "Al.Dist. Izq.": 45, "Al.Dist. Der.": 25, "Ruta": 35 }, "geometry": { "type": "Point", "coordinates": [ -64.4301752, -33.7835252 ] } },
{ "type": "Feature", "properties": { "Name": "645.8", "P.K.": null, "Al.Dist. Izq.": 45, "Al.Dist. Der.": 25, "Ruta": 35 }, "geometry": { "type": "Point", "coordinates": [ -64.4303747, -33.7782662 ] } },
{ "type": "Feature", "properties": { "Name": "645.82", "P.K.": null, "Al.Dist. Izq.": 45, "Al.Dist. Der.": 25, "Ruta": 35 }, "geometry": { "type": "Point", "coordinates": [ -64.4303506, -33.7781382 ] } },
{ "type": "Feature", "properties": { "Name": "646", "P.K.": "PK646", "Al.Dist. Izq.": 45, "Al.Dist. Der.": 25, "Ruta": 35 }, "geometry": { "type": "Point", "coordinates": [ -64.4304415, -33.7764575 ] } },
{ "type": "Feature", "properties": { "Name": "646.59", "P.K.": null, "Al.Dist. Izq.": 45, "Al.Dist. Der.": 25, "Ruta": 35 }, "geometry": { "type": "Point", "coordinates": [ -64.4306047, -33.7710614 ] } },
{ "type": "Feature", "properties": { "Name": "646.6", "P.K.": null, "Al.Dist. Izq.": 45, "Al.Dist. Der.": 25, "Ruta": 35 }, "geometry": { "type": "Point", "coordinates": [ -64.4305186, -33.771045 ] } },
{ "type": "Feature", "properties": { "Name": "647", "P.K.": "PK647", "Al.Dist. Izq.": 45, "Al.Dist. Der.": 25, "Ruta": 35 }, "geometry": { "type": "Point", "coordinates": [ -64.4306094, -33.7673114 ] } },
{ "type": "Feature", "properties": { "Name": "647.79", "P.K.": null, "Al.Dist. Izq.": 45, "Al.Dist. Der.": 25, "Ruta": 35 }, "geometry": { "type": "Point", "coordinates": [ -64.4307784, -33.7601983 ] } },
{ "type": "Feature", "properties": { "Name": "647.9", "P.K.": null, "Al.Dist. Izq.": 45, "Al.Dist. Der.": 25, "Ruta": 35 }, "geometry": { "type": "Point", "coordinates": [ -64.4309118, -33.7592397 ] } },
{ "type": "Feature", "properties": { "Name": "648.16", "P.K.": null, "Al.Dist. Izq.": 45, "Al.Dist. Der.": 25, "Ruta": 35 }, "geometry": { "type": "Point", "coordinates": [ -64.4308666, -33.756867 ] } },
{ "type": "Feature", "properties": { "Name": "649.03", "P.K.": null, "Al.Dist. Izq.": 45, "Al.Dist. Der.": 25, "Ruta": 35 }, "geometry": { "type": "Point", "coordinates": [ -64.431148, -33.7490709 ] } },
{ "type": "Feature", "properties": { "Name": "649.3", "P.K.": null, "Al.Dist. Izq.": 45, "Al.Dist. Der.": 25, "Ruta": 35 }, "geometry": { "type": "Point", "coordinates": [ -64.4311921, -33.7466906 ] } },
{ "type": "Feature", "properties": { "Name": "649.52", "P.K.": null, "Al.Dist. Izq.": 45, "Al.Dist. Der.": 25, "Ruta": 35 }, "geometry": { "type": "Point", "coordinates": [ -64.4312924, -33.7447202 ] } },
{ "type": "Feature", "properties": { "Name": "649.8", "P.K.": null, "Al.Dist. Izq.": 45, "Al.Dist. Der.": 25, "Ruta": 35 }, "geometry": { "type": "Point", "coordinates": [ -64.4313467, -33.7421207 ] } },
{ "type": "Feature", "properties": { "Name": "650", "P.K.": "PK650", "Al.Dist. Izq.": 45, "Al.Dist. Der.": 25, "Ruta": 35 }, "geometry": { "type": "Point", "coordinates": [ -64.4314349, -33.7403305 ] } },
{ "type": "Feature", "properties": { "Name": "650.25", "P.K.": null, "Al.Dist. Izq.": 45, "Al.Dist. Der.": 25, "Ruta": 35 }, "geometry": { "type": "Point", "coordinates": [ -64.4314999, -33.7381385 ] } },
{ "type": "Feature", "properties": { "Name": "650.42", "P.K.": null, "Al.Dist. Izq.": 45, "Al.Dist. Der.": 25, "Ruta": 35 }, "geometry": { "type": "Point", "coordinates": [ -64.4313893, -33.7365312 ] } },
{ "type": "Feature", "properties": { "Name": "650.84", "P.K.": null, "Al.Dist. Izq.": 45, "Al.Dist. Der.": 25, "Ruta": 35 }, "geometry": { "type": "Point", "coordinates": [ -64.4309172, -33.7329439 ] } },
{ "type": "Feature", "properties": { "Name": "650.92", "P.K.": null, "Al.Dist. Izq.": 45, "Al.Dist. Der.": 25, "Ruta": 35 }, "geometry": { "type": "Point", "coordinates": [ -64.4305803, -33.7322526 ] } },
{ "type": "Feature", "properties": { "Name": "650.95", "P.K.": null, "Al.Dist. Izq.": 45, "Al.Dist. Der.": 25, "Ruta": 35 }, "geometry": { "type": "Point", "coordinates": [ -64.4305255, -33.7320132 ] } },
{ "type": "Feature", "properties": { "Name": "650.95", "P.K.": null, "Al.Dist. Izq.": 55, "Al.Dist. Der.": 15, "Ruta": 35 }, "geometry": { "type": "Point", "coordinates": [ -64.4305255, -33.7320132 ] } },
{ "type": "Feature", "properties": { "Name": "651.24", "P.K.": null, "Al.Dist. Izq.": 55, "Al.Dist. Der.": 15, "Ruta": 35 }, "geometry": { "type": "Point", "coordinates": [ -64.4292945, -33.7296271 ] } },
{ "type": "Feature", "properties": { "Name": "651.54", "P.K.": null, "Al.Dist. Izq.": 55, "Al.Dist. Der.": 15, "Ruta": 35 }, "geometry": { "type": "Point", "coordinates": [ -64.4279336, -33.7271998 ] } },
{ "type": "Feature", "properties": { "Name": "651.84", "P.K.": null, "Al.Dist. Izq.": 55, "Al.Dist. Der.": 15, "Ruta": 35 }, "geometry": { "type": "Point", "coordinates": [ -64.4266548, -33.7246971 ] } },
{ "type": "Feature", "properties": { "Name": "651.88", "P.K.": null, "Al.Dist. Izq.": 55, "Al.Dist. Der.": 15, "Ruta": 35 }, "geometry": { "type": "Point", "coordinates": [ -64.426514, -33.7243926 ] } },
{ "type": "Feature", "properties": { "Name": "652.32", "P.K.": null, "Al.Dist. Izq.": 55, "Al.Dist. Der.": 15, "Ruta": 35 }, "geometry": { "type": "Point", "coordinates": [ -64.4245309, -33.7208034 ] } },
{ "type": "Feature", "properties": { "Name": "652.72", "P.K.": null, "Al.Dist. Izq.": 55, "Al.Dist. Der.": 15, "Ruta": 35 }, "geometry": { "type": "Point", "coordinates": [ -64.4228074, -33.7175466 ] } },
{ "type": "Feature", "properties": { "Name": "653", "P.K.": "PK653", "Al.Dist. Izq.": 55, "Al.Dist. Der.": 15, "Ruta": 35 }, "geometry": { "type": "Point", "coordinates": [ -64.4216756, -33.7152078 ] } },
{ "type": "Feature", "properties": { "Name": "653.23", "P.K.": null, "Al.Dist. Izq.": 55, "Al.Dist. Der.": 15, "Ruta": 35 }, "geometry": { "type": "Point", "coordinates": [ -64.4213008, -33.7132341 ] } },
{ "type": "Feature", "properties": { "Name": "653.25", "P.K.": null, "Al.Dist. Izq.": 55, "Al.Dist. Der.": 15, "Ruta": 35 }, "geometry": { "type": "Point", "coordinates": [ -64.4213475, -33.7129176 ] } },
{ "type": "Feature", "properties": { "Name": "653.25", "P.K.": null, "Al.Dist. Izq.": 50, "Al.Dist. Der.": 20, "Ruta": 35 }, "geometry": { "type": "Point", "coordinates": [ -64.4213475, -33.7129176 ] } },
{ "type": "Feature", "properties": { "Name": "653.75", "P.K.": null, "Al.Dist. Izq.": 50, "Al.Dist. Der.": 20, "Ruta": 35 }, "geometry": { "type": "Point", "coordinates": [ -64.4213752, -33.7083676 ] } },
{ "type": "Feature", "properties": { "Name": "653.76", "P.K.": null, "Al.Dist. Izq.": 50, "Al.Dist. Der.": 20, "Ruta": 35 }, "geometry": { "type": "Point", "coordinates": [ -64.4213923, -33.7082094 ] } },
{ "type": "Feature", "properties": { "Name": "654", "P.K.": "PK654", "Al.Dist. Izq.": 50, "Al.Dist. Der.": 20, "Ruta": 35 }, "geometry": { "type": "Point", "coordinates": [ -64.4214151, -33.7060328 ] } },
{ "type": "Feature", "properties": { "Name": "654.97", "P.K.": null, "Al.Dist. Izq.": 50, "Al.Dist. Der.": 20, "Ruta": 35 }, "geometry": { "type": "Point", "coordinates": [ -64.4215684, -33.6970895 ] } },
{ "type": "Feature", "properties": { "Name": "654.99", "P.K.": null, "Al.Dist. Izq.": 50, "Al.Dist. Der.": 20, "Ruta": 35 }, "geometry": { "type": "Point", "coordinates": [ -64.4215623, -33.6969127 ] } },
{ "type": "Feature", "properties": { "Name": "655", "P.K.": "PK655", "Al.Dist. Izq.": 50, "Al.Dist. Der.": 20, "Ruta": 35 }, "geometry": { "type": "Point", "coordinates": [ -64.4215503, -33.6968206 ] } },
{ "type": "Feature", "properties": { "Name": "656", "P.K.": "PK656", "Al.Dist. Izq.": 50, "Al.Dist. Der.": 20, "Ruta": 35 }, "geometry": { "type": "Point", "coordinates": [ -64.4217689, -33.687957 ] } },
{ "type": "Feature", "properties": { "Name": "656.06", "P.K.": null, "Al.Dist. Izq.": 50, "Al.Dist. Der.": 20, "Ruta": 35 }, "geometry": { "type": "Point", "coordinates": [ -64.4217655, -33.6873675 ] } },
{ "type": "Feature", "properties": { "Name": "656.36", "P.K.": null, "Al.Dist. Izq.": 50, "Al.Dist. Der.": 20, "Ruta": 35 }, "geometry": { "type": "Point", "coordinates": [ -64.421845, -33.6846837 ] } },
{ "type": "Feature", "properties": { "Name": "656.63", "P.K.": null, "Al.Dist. Izq.": 50, "Al.Dist. Der.": 20, "Ruta": 35 }, "geometry": { "type": "Point", "coordinates": [ -64.4218138, -33.6822571 ] } },
{ "type": "Feature", "properties": { "Name": "657.88", "P.K.": null, "Al.Dist. Izq.": 50, "Al.Dist. Der.": 20, "Ruta": 35 }, "geometry": { "type": "Point", "coordinates": [ -64.422027, -33.6710453 ] } },
{ "type": "Feature", "properties": { "Name": "658", "P.K.": "PK658", "Al.Dist. Izq.": 50, "Al.Dist. Der.": 20, "Ruta": 35 }, "geometry": { "type": "Point", "coordinates": [ -64.42202, -33.6699211 ] } },
{ "type": "Feature", "properties": { "Name": "658.51", "P.K.": null, "Al.Dist. Izq.": 50, "Al.Dist. Der.": 20, "Ruta": 35 }, "geometry": { "type": "Point", "coordinates": [ -64.4221299, -33.6654269 ] } },
{ "type": "Feature", "properties": { "Name": "659.53", "P.K.": null, "Al.Dist. Izq.": 50, "Al.Dist. Der.": 20, "Ruta": 35 }, "geometry": { "type": "Point", "coordinates": [ -64.4222399, -33.6563541 ] } },
{ "type": "Feature", "properties": { "Name": "660.27", "P.K.": null, "Al.Dist. Izq.": 50, "Al.Dist. Der.": 20, "Ruta": 35 }, "geometry": { "type": "Point", "coordinates": [ -64.4223769, -33.6497068 ] } },
{ "type": "Feature", "properties": { "Name": "660.38", "P.K.": null, "Al.Dist. Izq.": 50, "Al.Dist. Der.": 20, "Ruta": 35 }, "geometry": { "type": "Point", "coordinates": [ -64.4223724, -33.6487168 ] } },
{ "type": "Feature", "properties": { "Name": "660.38", "P.K.": null, "Al.Dist. Izq.": 50, "Al.Dist. Der.": 20, "Ruta": 35 }, "geometry": { "type": "Point", "coordinates": [ -64.4224039, -33.6487023 ] } },
{ "type": "Feature", "properties": { "Name": "660.41", "P.K.": null, "Al.Dist. Izq.": 50, "Al.Dist. Der.": 20, "Ruta": 35 }, "geometry": { "type": "Point", "coordinates": [ -64.4224984, -33.6485047 ] } },
{ "type": "Feature", "properties": { "Name": "660.45", "P.K.": null, "Al.Dist. Izq.": 50, "Al.Dist. Der.": 20, "Ruta": 35 }, "geometry": { "type": "Point", "coordinates": [ -64.4223911, -33.6481098 ] } },
{ "type": "Feature", "properties": { "Name": "660.46", "P.K.": null, "Al.Dist. Izq.": 50, "Al.Dist. Der.": 20, "Ruta": 35 }, "geometry": { "type": "Point", "coordinates": [ -64.4223878, -33.6480313 ] } },
{ "type": "Feature", "properties": { "Name": "660.47", "P.K.": null, "Al.Dist. Izq.": 50, "Al.Dist. Der.": 20, "Ruta": 35 }, "geometry": { "type": "Point", "coordinates": [ -64.4223902, -33.6478849 ] } },
{ "type": "Feature", "properties": { "Name": "660.49", "P.K.": null, "Al.Dist. Izq.": 50, "Al.Dist. Der.": 20, "Ruta": 35 }, "geometry": { "type": "Point", "coordinates": [ -64.4223925, -33.6477854 ] } },
{ "type": "Feature", "properties": { "Name": "660.68", "P.K.": null, "Al.Dist. Izq.": 50, "Al.Dist. Der.": 20, "Ruta": 35 }, "geometry": { "type": "Point", "coordinates": [ -64.4222336, -33.6461144 ] } },
{ "type": "Feature", "properties": { "Name": "660.73", "P.K.": null, "Al.Dist. Izq.": 50, "Al.Dist. Der.": 20, "Ruta": 35 }, "geometry": { "type": "Point", "coordinates": [ -64.4220608, -33.645734 ] } },
{ "type": "Feature", "properties": { "Name": "660.73", "P.K.": null, "Al.Dist. Izq.": 53, "Al.Dist. Der.": 17, "Ruta": 35 }, "geometry": { "type": "Point", "coordinates": [ -64.4220608, -33.645734 ] } },
{ "type": "Feature", "properties": { "Name": "661", "P.K.": "PK661", "Al.Dist. Izq.": 53, "Al.Dist. Der.": 17, "Ruta": 35 }, "geometry": { "type": "Point", "coordinates": [ -64.421224, -33.6433252 ] } },
{ "type": "Feature", "properties": { "Name": "661.99", "P.K.": null, "Al.Dist. Izq.": 53, "Al.Dist. Der.": 17, "Ruta": 35 }, "geometry": { "type": "Point", "coordinates": [ -64.4181264, -33.6348885 ] } },
{ "type": "Feature", "properties": { "Name": "662.02", "P.K.": null, "Al.Dist. Izq.": 53, "Al.Dist. Der.": 17, "Ruta": 35 }, "geometry": { "type": "Point", "coordinates": [ -64.4181274, -33.6346317 ] } },
{ "type": "Feature", "properties": { "Name": "662.32", "P.K.": null, "Al.Dist. Izq.": 53, "Al.Dist. Der.": 17, "Ruta": 35 }, "geometry": { "type": "Point", "coordinates": [ -64.4171669, -33.6321028 ] } },
{ "type": "Feature", "properties": { "Name": "662.5", "P.K.": null, "Al.Dist. Izq.": 53, "Al.Dist. Der.": 17, "Ruta": 35 }, "geometry": { "type": "Point", "coordinates": [ -64.4166924, -33.6305027 ] } },
{ "type": "Feature", "properties": { "Name": "662.64", "P.K.": null, "Al.Dist. Izq.": 53, "Al.Dist. Der.": 17, "Ruta": 35 }, "geometry": { "type": "Point", "coordinates": [ -64.4165533, -33.629189 ] } },
{ "type": "Feature", "properties": { "Name": "662.72", "P.K.": null, "Al.Dist. Izq.": 53, "Al.Dist. Der.": 17, "Ruta": 35 }, "geometry": { "type": "Point", "coordinates": [ -64.4165352, -33.6286206 ] } },
{ "type": "Feature", "properties": { "Name": "663.88", "P.K.": null, "Al.Dist. Izq.": 53, "Al.Dist. Der.": 17, "Ruta": 35 }, "geometry": { "type": "Point", "coordinates": [ -64.4166066, -33.6182057 ] } },
{ "type": "Feature", "properties": { "Name": "664.3", "P.K.": null, "Al.Dist. Izq.": 53, "Al.Dist. Der.": 17, "Ruta": 35 }, "geometry": { "type": "Point", "coordinates": [ -64.4167622, -33.6144467 ] } },
{ "type": "Feature", "properties": { "Name": "664.69", "P.K.": null, "Al.Dist. Izq.": 53, "Al.Dist. Der.": 17, "Ruta": 35 }, "geometry": { "type": "Point", "coordinates": [ -64.4168336, -33.6109448 ] } },
{ "type": "Feature", "properties": { "Name": "665.13", "P.K.": null, "Al.Dist. Izq.": 53, "Al.Dist. Der.": 17, "Ruta": 35 }, "geometry": { "type": "Point", "coordinates": [ -64.4168678, -33.6070557 ] } },
{ "type": "Feature", "properties": { "Name": "665.17", "P.K.": null, "Al.Dist. Izq.": 53, "Al.Dist. Der.": 17, "Ruta": 35 }, "geometry": { "type": "Point", "coordinates": [ -64.416865, -33.606661 ] } },
{ "type": "Feature", "properties": { "Name": "665.26", "P.K.": null, "Al.Dist. Izq.": 53, "Al.Dist. Der.": 17, "Ruta": 35 }, "geometry": { "type": "Point", "coordinates": [ -64.4168403, -33.6059108 ] } },
{ "type": "Feature", "properties": { "Name": "665.35", "P.K.": null, "Al.Dist. Izq.": 53, "Al.Dist. Der.": 17, "Ruta": 35 }, "geometry": { "type": "Point", "coordinates": [ -64.4168899, -33.6051049 ] } },
{ "type": "Feature", "properties": { "Name": "665.41", "P.K.": null, "Al.Dist. Izq.": 53, "Al.Dist. Der.": 17, "Ruta": 35 }, "geometry": { "type": "Point", "coordinates": [ -64.417024, -33.6045227 ] } },
{ "type": "Feature", "properties": { "Name": "665.41", "P.K.": null, "Al.Dist. Izq.": 53, "Al.Dist. Der.": 17, "Ruta": 35 }, "geometry": { "type": "Point", "coordinates": [ -64.4168839, -33.6044984 ] } },
{ "type": "Feature", "properties": { "Name": "665.49", "P.K.": null, "Al.Dist. Izq.": 53, "Al.Dist. Der.": 17, "Ruta": 35 }, "geometry": { "type": "Point", "coordinates": [ -64.4169025, -33.6037977 ] } },
{ "type": "Feature", "properties": { "Name": "665.55", "P.K.": null, "Al.Dist. Izq.": 53, "Al.Dist. Der.": 17, "Ruta": 35 }, "geometry": { "type": "Point", "coordinates": [ -64.416908, -33.6032605 ] } },
{ "type": "Feature", "properties": { "Name": "665.59", "P.K.": null, "Al.Dist. Izq.": 53, "Al.Dist. Der.": 17, "Ruta": 35 }, "geometry": { "type": "Point", "coordinates": [ -64.41691, -33.6028752 ] } },
{ "type": "Feature", "properties": { "Name": "665.6", "P.K.": null, "Al.Dist. Izq.": 53, "Al.Dist. Der.": 17, "Ruta": 35 }, "geometry": { "type": "Point", "coordinates": [ -64.4169379, -33.6028589 ] } },
{ "type": "Feature", "properties": { "Name": "665.65", "P.K.": null, "Al.Dist. Izq.": 53, "Al.Dist. Der.": 17, "Ruta": 35 }, "geometry": { "type": "Point", "coordinates": [ -64.4170592, -33.6023356 ] } },
{ "type": "Feature", "properties": { "Name": "665.73", "P.K.": null, "Al.Dist. Izq.": 53, "Al.Dist. Der.": 17, "Ruta": 35 }, "geometry": { "type": "Point", "coordinates": [ -64.4170988, -33.6016702 ] } },
{ "type": "Feature", "properties": { "Name": "665.79", "P.K.": null, "Al.Dist. Izq.": 53, "Al.Dist. Der.": 17, "Ruta": 35 }, "geometry": { "type": "Point", "coordinates": [ -64.4170824, -33.6011156 ] } },
{ "type": "Feature", "properties": { "Name": "665.79", "P.K.": null, "Al.Dist. Izq.": 53, "Al.Dist. Der.": 17, "Ruta": 35 }, "geometry": { "type": "Point", "coordinates": [ -64.4169305, -33.6011047 ] } },
{ "type": "Feature", "properties": { "Name": "665.84", "P.K.": null, "Al.Dist. Izq.": 53, "Al.Dist. Der.": 17, "Ruta": 35 }, "geometry": { "type": "Point", "coordinates": [ -64.4171025, -33.600657 ] } },
{ "type": "Feature", "properties": { "Name": "665.92", "P.K.": null, "Al.Dist. Izq.": 53, "Al.Dist. Der.": 17, "Ruta": 35 }, "geometry": { "type": "Point", "coordinates": [ -64.4171035, -33.5999441 ] } },
{ "type": "Feature", "properties": { "Name": "666.02", "P.K.": null, "Al.Dist. Izq.": 53, "Al.Dist. Der.": 17, "Ruta": 35 }, "geometry": { "type": "Point", "coordinates": [ -64.4171632, -33.5991387 ] } },
{ "type": "Feature", "properties": { "Name": "666.21", "P.K.": null, "Al.Dist. Izq.": 53, "Al.Dist. Der.": 17, "Ruta": 35 }, "geometry": { "type": "Point", "coordinates": [ -64.4169896, -33.5974184 ] } },
{ "type": "Feature", "properties": { "Name": "666.35", "P.K.": null, "Al.Dist. Izq.": 53, "Al.Dist. Der.": 17, "Ruta": 35 }, "geometry": { "type": "Point", "coordinates": [ -64.4171045, -33.5961433 ] } },
{ "type": "Feature", "properties": { "Name": "666.36", "P.K.": null, "Al.Dist. Izq.": 53, "Al.Dist. Der.": 17, "Ruta": 35 }, "geometry": { "type": "Point", "coordinates": [ -64.4169791, -33.5960631 ] } },
{ "type": "Feature", "properties": { "Name": "666.36", "P.K.": null, "Al.Dist. Izq.": 53, "Al.Dist. Der.": 17, "Ruta": 35 }, "geometry": { "type": "Point", "coordinates": [ -64.4169791, -33.5960631 ] } },
{ "type": "Feature", "properties": { "Name": "666.49", "P.K.": null, "Al.Dist. Izq.": 53, "Al.Dist. Der.": 17, "Ruta": 35 }, "geometry": { "type": "Point", "coordinates": [ -64.4171092, -33.594924 ] } },
{ "type": "Feature", "properties": { "Name": "666.49", "P.K.": null, "Al.Dist. Izq.": 53, "Al.Dist. Der.": 17, "Ruta": 35 }, "geometry": { "type": "Point", "coordinates": [ -64.4171092, -33.594924 ] } },
{ "type": "Feature", "properties": { "Name": "666.5", "P.K.": null, "Al.Dist. Izq.": 53, "Al.Dist. Der.": 17, "Ruta": 35 }, "geometry": { "type": "Point", "coordinates": [ -64.4172208, -33.5948131 ] } },
{ "type": "Feature", "properties": { "Name": "666.6", "P.K.": null, "Al.Dist. Izq.": 53, "Al.Dist. Der.": 17, "Ruta": 35 }, "geometry": { "type": "Point", "coordinates": [ -64.417013, -33.59392 ] } },
{ "type": "Feature", "properties": { "Name": "666.64", "P.K.": null, "Al.Dist. Izq.": 53, "Al.Dist. Der.": 17, "Ruta": 35 }, "geometry": { "type": "Point", "coordinates": [ -64.4172071, -33.5935606 ] } },
{ "type": "Feature", "properties": { "Name": "666.69", "P.K.": null, "Al.Dist. Izq.": 53, "Al.Dist. Der.": 17, "Ruta": 35 }, "geometry": { "type": "Point", "coordinates": [ -64.4170924, -33.5930383 ] } },
{ "type": "Feature", "properties": { "Name": "666.7", "P.K.": null, "Al.Dist. Izq.": 53, "Al.Dist. Der.": 17, "Ruta": 35 }, "geometry": { "type": "Point", "coordinates": [ -64.4172031, -33.5929626 ] } },
{ "type": "Feature", "properties": { "Name": "666.7", "P.K.": null, "Al.Dist. Izq.": 53, "Al.Dist. Der.": 17, "Ruta": 35 }, "geometry": { "type": "Point", "coordinates": [ -64.4170461, -33.5929736 ] } },
{ "type": "Feature", "properties": { "Name": "666.71", "P.K.": null, "Al.Dist. Izq.": 53, "Al.Dist. Der.": 17, "Ruta": 35 }, "geometry": { "type": "Point", "coordinates": [ -64.4170431, -33.592916 ] } },
{ "type": "Feature", "properties": { "Name": "666.76", "P.K.": null, "Al.Dist. Izq.": 53, "Al.Dist. Der.": 17, "Ruta": 35 }, "geometry": { "type": "Point", "coordinates": [ -64.4172688, -33.5924683 ] } },
{ "type": "Feature", "properties": { "Name": "666.77", "P.K.": null, "Al.Dist. Izq.": 53, "Al.Dist. Der.": 17, "Ruta": 35 }, "geometry": { "type": "Point", "coordinates": [ -64.4172131, -33.5923529 ] } },
{ "type": "Feature", "properties": { "Name": "666.79", "P.K.": null, "Al.Dist. Izq.": 53, "Al.Dist. Der.": 17, "Ruta": 35 }, "geometry": { "type": "Point", "coordinates": [ -64.4171596, -33.5921995 ] } },
{ "type": "Feature", "properties": { "Name": "666.96", "P.K.": null, "Al.Dist. Izq.": 53, "Al.Dist. Der.": 17, "Ruta": 35 }, "geometry": { "type": "Point", "coordinates": [ -64.4170854, -33.590656 ] } },
{ "type": "Feature", "properties": { "Name": "667.18", "P.K.": null, "Al.Dist. Izq.": 53, "Al.Dist. Der.": 17, "Ruta": 35 }, "geometry": { "type": "Point", "coordinates": [ -64.4172601, -33.5887928 ] } },
{ "type": "Feature", "properties": { "Name": "667.21", "P.K.": null, "Al.Dist. Izq.": 53, "Al.Dist. Der.": 17, "Ruta": 35 }, "geometry": { "type": "Point", "coordinates": [ -64.4172232, -33.588513 ] } },
{ "type": "Feature", "properties": { "Name": "667.22", "P.K.": null, "Al.Dist. Izq.": 53, "Al.Dist. Der.": 17, "Ruta": 35 }, "geometry": { "type": "Point", "coordinates": [ -64.4172265, -33.5884122 ] } },
{ "type": "Feature", "properties": { "Name": "667.29", "P.K.": null, "Al.Dist. Izq.": 53, "Al.Dist. Der.": 17, "Ruta": 35 }, "geometry": { "type": "Point", "coordinates": [ -64.4172064, -33.5877891 ] } },
{ "type": "Feature", "properties": { "Name": "667.34", "P.K.": null, "Al.Dist. Izq.": 53, "Al.Dist. Der.": 17, "Ruta": 35 }, "geometry": { "type": "Point", "coordinates": [ -64.4172926, -33.587276 ] } },
{ "type": "Feature", "properties": { "Name": "667.79", "P.K.": null, "Al.Dist. Izq.": 53, "Al.Dist. Der.": 17, "Ruta": 35 }, "geometry": { "type": "Point", "coordinates": [ -64.4172312, -33.583242 ] } },
{ "type": "Feature", "properties": { "Name": "668.72", "P.K.": null, "Al.Dist. Izq.": 53, "Al.Dist. Der.": 17, "Ruta": 35 }, "geometry": { "type": "Point", "coordinates": [ -64.4174998, -33.5749893 ] } },
{ "type": "Feature", "properties": { "Name": "669.1", "P.K.": null, "Al.Dist. Izq.": 53, "Al.Dist. Der.": 17, "Ruta": 35 }, "geometry": { "type": "Point", "coordinates": [ -64.4174696, -33.5715243 ] } },
{ "type": "Feature", "properties": { "Name": "669.58", "P.K.": null, "Al.Dist. Izq.": 53, "Al.Dist. Der.": 17, "Ruta": 35 }, "geometry": { "type": "Point", "coordinates": [ -64.4175827, -33.5672607 ] } },
{ "type": "Feature", "properties": { "Name": "669.87", "P.K.": null, "Al.Dist. Izq.": 53, "Al.Dist. Der.": 17, "Ruta": 35 }, "geometry": { "type": "Point", "coordinates": [ -64.4179684, -33.5647528 ] } },
{ "type": "Feature", "properties": { "Name": "669.91", "P.K.": null, "Al.Dist. Izq.": 25, "Al.Dist. Der.": 30, "Ruta": 35 }, "geometry": { "type": "Point", "coordinates": [ -64.4180092, -33.5643273 ] } },
{ "type": "Feature", "properties": { "Name": "670.34", "P.K.": null, "Al.Dist. Izq.": 25, "Al.Dist. Der.": 30, "Ruta": 35 }, "geometry": { "type": "Point", "coordinates": [ -64.4191346, -33.5605641 ] } },
{ "type": "Feature", "properties": { "Name": "670.63", "P.K.": null, "Al.Dist. Izq.": 25, "Al.Dist. Der.": 30, "Ruta": 35 }, "geometry": { "type": "Point", "coordinates": [ -64.4197188, -33.5581536 ] } },
{ "type": "Feature", "properties": { "Name": "670.75", "P.K.": null, "Al.Dist. Izq.": 25, "Al.Dist. Der.": 30, "Ruta": 35 }, "geometry": { "type": "Point", "coordinates": [ -64.4200286, -33.5570115 ] } },
{ "type": "Feature", "properties": { "Name": "670.93", "P.K.": null, "Al.Dist. Izq.": 25, "Al.Dist. Der.": 30, "Ruta": 35 }, "geometry": { "type": "Point", "coordinates": [ -64.4201585, -33.5554132 ] } },
{ "type": "Feature", "properties": { "Name": "670.95", "P.K.": null, "Al.Dist. Izq.": 25, "Al.Dist. Der.": 30, "Ruta": 35 }, "geometry": { "type": "Point", "coordinates": [ -64.4201605, -33.5551857 ] } },
{ "type": "Feature", "properties": { "Name": "670.96", "P.K.": null, "Al.Dist. Izq.": 25, "Al.Dist. Der.": 30, "Ruta": 35 }, "geometry": { "type": "Point", "coordinates": [ -64.4200891, -33.555188 ] } },
{ "type": "Feature", "properties": { "Name": "671", "P.K.": "PK671", "Al.Dist. Izq.": 25, "Al.Dist. Der.": 30, "Ruta": 35 }, "geometry": { "type": "Point", "coordinates": [ -64.4199215, -33.5547923 ] } },
{ "type": "Feature", "properties": { "Name": "671.03", "P.K.": null, "Al.Dist. Izq.": 25, "Al.Dist. Der.": 30, "Ruta": 35 }, "geometry": { "type": "Point", "coordinates": [ -64.419896, -33.5544696 ] } },
{ "type": "Feature", "properties": { "Name": "671.11", "P.K.": null, "Al.Dist. Izq.": 25, "Al.Dist. Der.": 30, "Ruta": 35 }, "geometry": { "type": "Point", "coordinates": [ -64.4195084, -33.5532874 ] } },
{ "type": "Feature", "properties": { "Name": "671.12", "P.K.": null, "Al.Dist. Izq.": 25, "Al.Dist. Der.": 30, "Ruta": 35 }, "geometry": { "type": "Point", "coordinates": [ -64.4195202, -33.5532645 ] } },
{ "type": "Feature", "properties": { "Name": "671.15", "P.K.": null, "Al.Dist. Izq.": 25, "Al.Dist. Der.": 30, "Ruta": 35 }, "geometry": { "type": "Point", "coordinates": [ -64.4193236, -33.5528351 ] } },
{ "type": "Feature", "properties": { "Name": "671.15", "P.K.": null, "Al.Dist. Izq.": 50, "Al.Dist. Der.": 15, "Ruta": 35 }, "geometry": { "type": "Point", "coordinates": [ -64.4193236, -33.5528351 ] } },
{ "type": "Feature", "properties": { "Name": "671.16", "P.K.": null, "Al.Dist. Izq.": 50, "Al.Dist. Der.": 15, "Ruta": 35 }, "geometry": { "type": "Point", "coordinates": [ -64.419437, -33.5526032 ] } },
{ "type": "Feature", "properties": { "Name": "671.16", "P.K.": null, "Al.Dist. Izq.": 50, "Al.Dist. Der.": 15, "Ruta": 35 }, "geometry": { "type": "Point", "coordinates": [ -64.419437, -33.5526032 ] } },
{ "type": "Feature", "properties": { "Name": "671.46", "P.K.": null, "Al.Dist. Izq.": 50, "Al.Dist. Der.": 15, "Ruta": 35 }, "geometry": { "type": "Point", "coordinates": [ -64.4182197, -33.5486581 ] } },
{ "type": "Feature", "properties": { "Name": "671.63", "P.K.": null, "Al.Dist. Izq.": 50, "Al.Dist. Der.": 15, "Ruta": 35 }, "geometry": { "type": "Point", "coordinates": [ -64.4179707, -33.5462529 ] } },
{ "type": "Feature", "properties": { "Name": "672.29", "P.K.": null, "Al.Dist. Izq.": 50, "Al.Dist. Der.": 15, "Ruta": 35 }, "geometry": { "type": "Point", "coordinates": [ -64.4182263, -33.5371224 ] } },
{ "type": "Feature", "properties": { "Name": "672.86", "P.K.": null, "Al.Dist. Izq.": 50, "Al.Dist. Der.": 15, "Ruta": 35 }, "geometry": { "type": "Point", "coordinates": [ -64.4181727, -33.5292574 ] } },
{ "type": "Feature", "properties": { "Name": "673", "P.K.": "PK673", "Al.Dist. Izq.": 50, "Al.Dist. Der.": 15, "Ruta": 35 }, "geometry": { "type": "Point", "coordinates": [ -64.4182833, -33.527298 ] } },
{ "type": "Feature", "properties": { "Name": "673.16", "P.K.": null, "Al.Dist. Izq.": 50, "Al.Dist. Der.": 15, "Ruta": 35 }, "geometry": { "type": "Point", "coordinates": [ -64.4183688, -33.5259077 ] } },
{ "type": "Feature", "properties": { "Name": "674", "P.K.": "PK674", "Al.Dist. Izq.": 50, "Al.Dist. Der.": 15, "Ruta": 35 }, "geometry": { "type": "Point", "coordinates": [ -64.4184668, -33.5183002 ] } },
{ "type": "Feature", "properties": { "Name": "674.79", "P.K.": null, "Al.Dist. Izq.": 50, "Al.Dist. Der.": 15, "Ruta": 35 }, "geometry": { "type": "Point", "coordinates": [ -64.41875, -33.5106426 ] } },
{ "type": "Feature", "properties": { "Name": "674.88", "P.K.": null, "Al.Dist. Izq.": 50, "Al.Dist. Der.": 15, "Ruta": 35 }, "geometry": { "type": "Point", "coordinates": [ -64.4187078, -33.5097506 ] } },
{ "type": "Feature", "properties": { "Name": "674.89", "P.K.": null, "Al.Dist. Izq.": 50, "Al.Dist. Der.": 15, "Ruta": 35 }, "geometry": { "type": "Point", "coordinates": [ -64.4186803, -33.5096195 ] } },
{ "type": "Feature", "properties": { "Name": "676", "P.K.": "PK676", "Al.Dist. Izq.": 50, "Al.Dist. Der.": 15, "Ruta": 35 }, "geometry": { "type": "Point", "coordinates": [ -64.4188529, -33.4987955 ] } },
{ "type": "Feature", "properties": { "Name": "676.63", "P.K.": null, "Al.Dist. Izq.": 50, "Al.Dist. Der.": 15, "Ruta": 35 }, "geometry": { "type": "Point", "coordinates": [ -64.4189971, -33.4932639 ] } },
{ "type": "Feature", "properties": { "Name": "677", "P.K.": "PK677", "Al.Dist. Izq.": 50, "Al.Dist. Der.": 15, "Ruta": 35 }, "geometry": { "type": "Point", "coordinates": [ -64.4190446, -33.4899198 ] } },
{ "type": "Feature", "properties": { "Name": "677.06", "P.K.": null, "Al.Dist. Izq.": 50, "Al.Dist. Der.": 15, "Ruta": 35 }, "geometry": { "type": "Point", "coordinates": [ -64.419028, -33.4894338 ] } },
{ "type": "Feature", "properties": { "Name": "677.13", "P.K.": null, "Al.Dist. Izq.": 50, "Al.Dist. Der.": 15, "Ruta": 35 }, "geometry": { "type": "Point", "coordinates": [ -64.4190427, -33.4888564 ] } },
{ "type": "Feature", "properties": { "Name": "677.2", "P.K.": null, "Al.Dist. Izq.": 50, "Al.Dist. Der.": 15, "Ruta": 35 }, "geometry": { "type": "Point", "coordinates": [ -64.4190606, -33.488258 ] } },
{ "type": "Feature", "properties": { "Name": "677.2", "P.K.": null, "Al.Dist. Izq.": 50, "Al.Dist. Der.": 15, "Ruta": 35 }, "geometry": { "type": "Point", "coordinates": [ -64.4190606, -33.488258 ] } },
{ "type": "Feature", "properties": { "Name": "677.21", "P.K.": null, "Al.Dist. Izq.": 50, "Al.Dist. Der.": 15, "Ruta": 35 }, "geometry": { "type": "Point", "coordinates": [ -64.4191098, -33.4881602 ] } },
{ "type": "Feature", "properties": { "Name": "677.21", "P.K.": null, "Al.Dist. Izq.": 50, "Al.Dist. Der.": 15, "Ruta": 35 }, "geometry": { "type": "Point", "coordinates": [ -64.4191098, -33.4881602 ] } },
{ "type": "Feature", "properties": { "Name": "677.22", "P.K.": null, "Al.Dist. Izq.": 50, "Al.Dist. Der.": 15, "Ruta": 35 }, "geometry": { "type": "Point", "coordinates": [ -64.4190682, -33.4880824 ] } },
{ "type": "Feature", "properties": { "Name": "677.4", "P.K.": null, "Al.Dist. Izq.": 50, "Al.Dist. Der.": 15, "Ruta": 35 }, "geometry": { "type": "Point", "coordinates": [ -64.419105, -33.4866293 ] } },
{ "type": "Feature", "properties": { "Name": "677.54", "P.K.": null, "Al.Dist. Izq.": 50, "Al.Dist. Der.": 15, "Ruta": 35 }, "geometry": { "type": "Point", "coordinates": [ -64.4191014, -33.485563 ] } },
{ "type": "Feature", "properties": { "Name": "677.57", "P.K.": null, "Al.Dist. Izq.": 50, "Al.Dist. Der.": 15, "Ruta": 35 }, "geometry": { "type": "Point", "coordinates": [ -64.4192258, -33.4853167 ] } },
{ "type": "Feature", "properties": { "Name": "677.58", "P.K.": null, "Al.Dist. Izq.": 50, "Al.Dist. Der.": 15, "Ruta": 35 }, "geometry": { "type": "Point", "coordinates": [ -64.4191618, -33.4852384 ] } },
{ "type": "Feature", "properties": { "Name": "677.6", "P.K.": null, "Al.Dist. Izq.": 50, "Al.Dist. Der.": 15, "Ruta": 35 }, "geometry": { "type": "Point", "coordinates": [ -64.4196311, -33.4851271 ] } },
{ "type": "Feature", "properties": { "Name": "677.61", "P.K.": null, "Al.Dist. Izq.": 50, "Al.Dist. Der.": 15, "Ruta": 35 }, "geometry": { "type": "Point", "coordinates": [ -64.4190937, -33.4850177 ] } },
{ "type": "Feature", "properties": { "Name": "677.62", "P.K.": null, "Al.Dist. Izq.": 50, "Al.Dist. Der.": 15, "Ruta": 35 }, "geometry": { "type": "Point", "coordinates": [ -64.4191088, -33.484954 ] } },
{ "type": "Feature", "properties": { "Name": "677.65", "P.K.": null, "Al.Dist. Izq.": 50, "Al.Dist. Der.": 15, "Ruta": 35 }, "geometry": { "type": "Point", "coordinates": [ -64.4192177, -33.4846607 ] } },
{ "type": "Feature", "properties": { "Name": "677.67", "P.K.": null, "Al.Dist. Izq.": 50, "Al.Dist. Der.": 15, "Ruta": 35 }, "geometry": { "type": "Point", "coordinates": [ -64.4192741, -33.4845071 ] } },
{ "type": "Feature", "properties": { "Name": "677.67", "P.K.": null, "Al.Dist. Izq.": 35, "Al.Dist. Der.": 35, "Ruta": 35 }, "geometry": { "type": "Point", "coordinates": [ -64.4192741, -33.4845071 ] } },
{ "type": "Feature", "properties": { "Name": "677.8", "P.K.": null, "Al.Dist. Izq.": 35, "Al.Dist. Der.": 35, "Ruta": 35 }, "geometry": { "type": "Point", "coordinates": [ -64.4191346, -33.4835231 ] } },
{ "type": "Feature", "properties": { "Name": "677.84", "P.K.": null, "Al.Dist. Izq.": 35, "Al.Dist. Der.": 35, "Ruta": 35 }, "geometry": { "type": "Point", "coordinates": [ -64.419086, -33.4831341 ] } },
{ "type": "Feature", "properties": { "Name": "677.87", "P.K.": null, "Al.Dist. Izq.": 35, "Al.Dist. Der.": 35, "Ruta": 35 }, "geometry": { "type": "Point", "coordinates": [ -64.4193012, -33.4829809 ] } },
{ "type": "Feature", "properties": { "Name": "678", "P.K.": null, "Al.Dist. Izq.": 35, "Al.Dist. Der.": 35, "Ruta": 35 }, "geometry": { "type": "Point", "coordinates": [ -64.4193257, -33.4818861 ] } },
{ "type": "Feature", "properties": { "Name": "678.06", "P.K.": null, "Al.Dist. Izq.": 35, "Al.Dist. Der.": 35, "Ruta": 35 }, "geometry": { "type": "Point", "coordinates": [ -64.4192324, -33.4814597 ] } },
{ "type": "Feature", "properties": { "Name": "678.63", "P.K.": null, "Al.Dist. Izq.": 35, "Al.Dist. Der.": 35, "Ruta": 35 }, "geometry": { "type": "Point", "coordinates": [ -64.4193686, -33.4768136 ] } },
{ "type": "Feature", "properties": { "Name": "678.79", "P.K.": null, "Al.Dist. Izq.": 35, "Al.Dist. Der.": 35, "Ruta": 35 }, "geometry": { "type": "Point", "coordinates": [ -64.4193136, -33.4755321 ] } },
{ "type": "Feature", "properties": { "Name": "679", "P.K.": "PK679", "Al.Dist. Izq.": 35, "Al.Dist. Der.": 35, "Ruta": 35 }, "geometry": { "type": "Point", "coordinates": [ -64.4193697, -33.4738614 ] } },
{ "type": "Feature", "properties": { "Name": "679.39", "P.K.": null, "Al.Dist. Izq.": 35, "Al.Dist. Der.": 35, "Ruta": 35 }, "geometry": { "type": "Point", "coordinates": [ -64.4197606, -33.4702167 ] } },
{ "type": "Feature", "properties": { "Name": "679.4", "P.K.": null, "Al.Dist. Izq.": 35, "Al.Dist. Der.": 35, "Ruta": 35 }, "geometry": { "type": "Point", "coordinates": [ -64.4196144, -33.4702042 ] } },
{ "type": "Feature", "properties": { "Name": "679.43", "P.K.": null, "Al.Dist. Izq.": 35, "Al.Dist. Der.": 35, "Ruta": 35 }, "geometry": { "type": "Point", "coordinates": [ -64.4192107, -33.4698954 ] } },
{ "type": "Feature", "properties": { "Name": "679.61", "P.K.": null, "Al.Dist. Izq.": 35, "Al.Dist. Der.": 35, "Ruta": 35 }, "geometry": { "type": "Point", "coordinates": [ -64.4196338, -33.4682649 ] } },
{ "type": "Feature", "properties": { "Name": "679.65", "P.K.": null, "Al.Dist. Izq.": 35, "Al.Dist. Der.": 35, "Ruta": 35 }, "geometry": { "type": "Point", "coordinates": [ -64.4198678, -33.4678325 ] } },
{ "type": "Feature", "properties": { "Name": "679.7", "P.K.": null, "Al.Dist. Izq.": 35, "Al.Dist. Der.": 35, "Ruta": 35 }, "geometry": { "type": "Point", "coordinates": [ -64.4196197, -33.4673363 ] } },
{ "type": "Feature", "properties": { "Name": "679.77", "P.K.": null, "Al.Dist. Izq.": 35, "Al.Dist. Der.": 35, "Ruta": 35 }, "geometry": { "type": "Point", "coordinates": [ -64.419659, -33.4667825 ] } },
{ "type": "Feature", "properties": { "Name": "679.78", "P.K.": null, "Al.Dist. Izq.": 35, "Al.Dist. Der.": 35, "Ruta": 35 }, "geometry": { "type": "Point", "coordinates": [ -64.4196687, -33.4666449 ] } },
{ "type": "Feature", "properties": { "Name": "679.79", "P.K.": null, "Al.Dist. Izq.": 35, "Al.Dist. Der.": 35, "Ruta": 35 }, "geometry": { "type": "Point", "coordinates": [ -64.4195852, -33.4665708 ] } },
{ "type": "Feature", "properties": { "Name": "680.07", "P.K.": null, "Al.Dist. Izq.": 35, "Al.Dist. Der.": 35, "Ruta": 35 }, "geometry": { "type": "Point", "coordinates": [ -64.4197039, -33.4639912 ] } },
{ "type": "Feature", "properties": { "Name": "680.42", "P.K.": null, "Al.Dist. Izq.": 35, "Al.Dist. Der.": 35, "Ruta": 35 }, "geometry": { "type": "Point", "coordinates": [ -64.41944, -33.4607539 ] } },
{ "type": "Feature", "properties": { "Name": "680.71", "P.K.": null, "Al.Dist. Izq.": 35, "Al.Dist. Der.": 35, "Ruta": 35 }, "geometry": { "type": "Point", "coordinates": [ -64.419774, -33.4580404 ] } },
{ "type": "Feature", "properties": { "Name": "681.55", "P.K.": null, "Al.Dist. Izq.": 35, "Al.Dist. Der.": 35, "Ruta": 35 }, "geometry": { "type": "Point", "coordinates": [ -64.4199818, -33.4503529 ] } },
{ "type": "Feature", "properties": { "Name": "681.9", "P.K.": null, "Al.Dist. Izq.": 35, "Al.Dist. Der.": 35, "Ruta": 35 }, "geometry": { "type": "Point", "coordinates": [ -64.4196717, -33.4470678 ] } },
{ "type": "Feature", "properties": { "Name": "682", "P.K.": "PK682", "Al.Dist. Izq.": 35, "Al.Dist. Der.": 35, "Ruta": 35 }, "geometry": { "type": "Point", "coordinates": [ -64.4198454, -33.4461891 ] } },
{ "type": "Feature", "properties": { "Name": "682.37", "P.K.": null, "Al.Dist. Izq.": 35, "Al.Dist. Der.": 35, "Ruta": 35 }, "geometry": { "type": "Point", "coordinates": [ -64.4196375, -33.4428149 ] } },
{ "type": "Feature", "properties": { "Name": "682.58", "P.K.": null, "Al.Dist. Izq.": 35, "Al.Dist. Der.": 35, "Ruta": 35 }, "geometry": { "type": "Point", "coordinates": [ -64.4202159, -33.4409569 ] } },
{ "type": "Feature", "properties": { "Name": "682.59", "P.K.": null, "Al.Dist. Izq.": 35, "Al.Dist. Der.": 35, "Ruta": 35 }, "geometry": { "type": "Point", "coordinates": [ -64.4199795, -33.4408478 ] } },
{ "type": "Feature", "properties": { "Name": "683", "P.K.": "PK683", "Al.Dist. Izq.": 35, "Al.Dist. Der.": 35, "Ruta": 35 }, "geometry": { "type": "Point", "coordinates": [ -64.4198518, -33.4371858 ] } },
{ "type": "Feature", "properties": { "Name": "684.01", "P.K.": null, "Al.Dist. Izq.": 35, "Al.Dist. Der.": 35, "Ruta": 35 }, "geometry": { "type": "Point", "coordinates": [ -64.4201783, -33.42804 ] } },
{ "type": "Feature", "properties": { "Name": "685", "P.K.": "PK685", "Al.Dist. Izq.": 35, "Al.Dist. Der.": 35, "Ruta": 35 }, "geometry": { "type": "Point", "coordinates": [ -64.4201444, -33.4191475 ] } },
{ "type": "Feature", "properties": { "Name": "685.37", "P.K.": null, "Al.Dist. Izq.": 35, "Al.Dist. Der.": 35, "Ruta": 35 }, "geometry": { "type": "Point", "coordinates": [ -64.4198866, -33.415776 ] } },
{ "type": "Feature", "properties": { "Name": "685.38", "P.K.": null, "Al.Dist. Izq.": 35, "Al.Dist. Der.": 35, "Ruta": 35 }, "geometry": { "type": "Point", "coordinates": [ -64.4200848, -33.4157074 ] } },
{ "type": "Feature", "properties": { "Name": "685.63", "P.K.": null, "Al.Dist. Izq.": 35, "Al.Dist. Der.": 35, "Ruta": 35 }, "geometry": { "type": "Point", "coordinates": [ -64.4203241, -33.4133818 ] } },
{ "type": "Feature", "properties": { "Name": "685.64", "P.K.": null, "Al.Dist. Izq.": 35, "Al.Dist. Der.": 35, "Ruta": 35 }, "geometry": { "type": "Point", "coordinates": [ -64.42047, -33.4133096 ] } },
{ "type": "Feature", "properties": { "Name": "686", "P.K.": "PK686", "Al.Dist. Izq.": 35, "Al.Dist. Der.": 35, "Ruta": 35 }, "geometry": { "type": "Point", "coordinates": [ -64.4202677, -33.4100083 ] } },
{ "type": "Feature", "properties": { "Name": "686.52", "P.K.": null, "Al.Dist. Izq.": 35, "Al.Dist. Der.": 35, "Ruta": 35 }, "geometry": { "type": "Point", "coordinates": [ -64.4203473, -33.405374 ] } },
{ "type": "Feature", "properties": { "Name": "687.46", "P.K.": null, "Al.Dist. Izq.": 35, "Al.Dist. Der.": 35, "Ruta": 35 }, "geometry": { "type": "Point", "coordinates": [ -64.4204164, -33.396855 ] } },
{ "type": "Feature", "properties": { "Name": "688.51", "P.K.": null, "Al.Dist. Izq.": 35, "Al.Dist. Der.": 35, "Ruta": 35 }, "geometry": { "type": "Point", "coordinates": [ -64.420522, -33.3874734 ] } },
{ "type": "Feature", "properties": { "Name": "689.37", "P.K.": null, "Al.Dist. Izq.": 35, "Al.Dist. Der.": 35, "Ruta": 35 }, "geometry": { "type": "Point", "coordinates": [ -64.420185, -33.379713 ] } },
{ "type": "Feature", "properties": { "Name": "690", "P.K.": "PK690", "Al.Dist. Izq.": 35, "Al.Dist. Der.": 35, "Ruta": 35 }, "geometry": { "type": "Point", "coordinates": [ -64.4208244, -33.3740812 ] } },
{ "type": "Feature", "properties": { "Name": "690.85", "P.K.": null, "Al.Dist. Izq.": 35, "Al.Dist. Der.": 35, "Ruta": 35 }, "geometry": { "type": "Point", "coordinates": [ -64.4209327, -33.3664069 ] } },
{ "type": "Feature", "properties": { "Name": "691.33", "P.K.": null, "Al.Dist. Izq.": 35, "Al.Dist. Der.": 35, "Ruta": 35 }, "geometry": { "type": "Point", "coordinates": [ -64.4211734, -33.3620591 ] } },
{ "type": "Feature", "properties": { "Name": "691.99", "P.K.": null, "Al.Dist. Izq.": 35, "Al.Dist. Der.": 35, "Ruta": 35 }, "geometry": { "type": "Point", "coordinates": [ -64.420999, -33.356155 ] } },
{ "type": "Feature", "properties": { "Name": "692.28", "P.K.": null, "Al.Dist. Izq.": 35, "Al.Dist. Der.": 35, "Ruta": 35 }, "geometry": { "type": "Point", "coordinates": [ -64.4215207, -33.3534831 ] } },
{ "type": "Feature", "properties": { "Name": "692.75", "P.K.": null, "Al.Dist. Izq.": 35, "Al.Dist. Der.": 35, "Ruta": 35 }, "geometry": { "type": "Point", "coordinates": [ -64.4214286, -33.3492786 ] } },
{ "type": "Feature", "properties": { "Name": "693", "P.K.": "PK693", "Al.Dist. Izq.": 35, "Al.Dist. Der.": 35, "Ruta": 35 }, "geometry": { "type": "Point", "coordinates": [ -64.4211318, -33.3469789 ] } },
{ "type": "Feature", "properties": { "Name": "693.06", "P.K.": null, "Al.Dist. Izq.": 35, "Al.Dist. Der.": 35, "Ruta": 35 }, "geometry": { "type": "Point", "coordinates": [ -64.420697, -33.3464952 ] } },
{ "type": "Feature", "properties": { "Name": "693.07", "P.K.": null, "Al.Dist. Izq.": 35, "Al.Dist. Der.": 35, "Ruta": 35 }, "geometry": { "type": "Point", "coordinates": [ -64.4211263, -33.3464107 ] } },
{ "type": "Feature", "properties": { "Name": "693.08", "P.K.": null, "Al.Dist. Izq.": 35, "Al.Dist. Der.": 35, "Ruta": 35 }, "geometry": { "type": "Point", "coordinates": [ -64.4210363, -33.3463336 ] } },
{ "type": "Feature", "properties": { "Name": "693.23", "P.K.": null, "Al.Dist. Izq.": 35, "Al.Dist. Der.": 35, "Ruta": 35 }, "geometry": { "type": "Point", "coordinates": [ -64.4211341, -33.3449234 ] } },
{ "type": "Feature", "properties": { "Name": "693.46", "P.K.": null, "Al.Dist. Izq.": 35, "Al.Dist. Der.": 35, "Ruta": 35 }, "geometry": { "type": "Point", "coordinates": [ -64.4214272, -33.3428835 ] } },
{ "type": "Feature", "properties": { "Name": "693.96", "P.K.": null, "Al.Dist. Izq.": 35, "Al.Dist. Der.": 35, "Ruta": 35 }, "geometry": { "type": "Point", "coordinates": [ -64.4213605, -33.3384037 ] } },
{ "type": "Feature", "properties": { "Name": "693.96", "P.K.": null, "Al.Dist. Izq.": 35, "Al.Dist. Der.": 35, "Ruta": 35 }, "geometry": { "type": "Point", "coordinates": [ -64.4211627, -33.3383958 ] } },
{ "type": "Feature", "properties": { "Name": "694", "P.K.": "PK694", "Al.Dist. Izq.": 35, "Al.Dist. Der.": 35, "Ruta": 35 }, "geometry": { "type": "Point", "coordinates": [ -64.4211502, -33.3379755 ] } },
{ "type": "Feature", "properties": { "Name": "695.79", "P.K.": null, "Al.Dist. Izq.": 35, "Al.Dist. Der.": 35, "Ruta": 35 }, "geometry": { "type": "Point", "coordinates": [ -64.4212599, -33.3218004 ] } },
{ "type": "Feature", "properties": { "Name": "695.89", "P.K.": null, "Al.Dist. Izq.": 35, "Al.Dist. Der.": 35, "Ruta": 35 }, "geometry": { "type": "Point", "coordinates": [ -64.4211634, -33.3208753 ] } },
{ "type": "Feature", "properties": { "Name": "696", "P.K.": null, "Al.Dist. Izq.": 35, "Al.Dist. Der.": 35, "Ruta": 35 }, "geometry": { "type": "Point", "coordinates": [ -64.4212911, -33.3198586 ] } },
{ "type": "Feature", "properties": { "Name": "696.79", "P.K.": null, "Al.Dist. Izq.": 35, "Al.Dist. Der.": 35, "Ruta": 35 }, "geometry": { "type": "Point", "coordinates": [ -64.4215201, -33.3127646 ] } },
{ "type": "Feature", "properties": { "Name": "697", "P.K.": "PK697", "Al.Dist. Izq.": 35, "Al.Dist. Der.": 35, "Ruta": 35 }, "geometry": { "type": "Point", "coordinates": [ -64.4212485, -33.3109041 ] } },
{ "type": "Feature", "properties": { "Name": "697.32", "P.K.": null, "Al.Dist. Izq.": 35, "Al.Dist. Der.": 35, "Ruta": 35 }, "geometry": { "type": "Point", "coordinates": [ -64.4211587, -33.3079358 ] } },
{ "type": "Feature", "properties": { "Name": "697.46", "P.K.": null, "Al.Dist. Izq.": 35, "Al.Dist. Der.": 35, "Ruta": 35 }, "geometry": { "type": "Point", "coordinates": [ -64.4212555, -33.3066973 ] } },
{ "type": "Feature", "properties": { "Name": "697.47", "P.K.": null, "Al.Dist. Izq.": 35, "Al.Dist. Der.": 35, "Ruta": 35 }, "geometry": { "type": "Point", "coordinates": [ -64.4211509, -33.3066143 ] } },
{ "type": "Feature", "properties": { "Name": "698", "P.K.": "PK698", "Al.Dist. Izq.": 35, "Al.Dist. Der.": 35, "Ruta": 35 }, "geometry": { "type": "Point", "coordinates": [ -64.4212838, -33.301887 ] } },
{ "type": "Feature", "properties": { "Name": "698.23", "P.K.": null, "Al.Dist. Izq.": 35, "Al.Dist. Der.": 35, "Ruta": 35 }, "geometry": { "type": "Point", "coordinates": [ -64.4216314, -33.2997844 ] } },
{ "type": "Feature", "properties": { "Name": "698.75", "P.K.": null, "Al.Dist. Izq.": 35, "Al.Dist. Der.": 35, "Ruta": 35 }, "geometry": { "type": "Point", "coordinates": [ -64.4218041, -33.2951131 ] } },
{ "type": "Feature", "properties": { "Name": "699.17", "P.K.": null, "Al.Dist. Izq.": 35, "Al.Dist. Der.": 35, "Ruta": 35 }, "geometry": { "type": "Point", "coordinates": [ -64.4212569, -33.2913615 ] } },
{ "type": "Feature", "properties": { "Name": "699.18", "P.K.": null, "Al.Dist. Izq.": 35, "Al.Dist. Der.": 35, "Ruta": 35 }, "geometry": { "type": "Point", "coordinates": [ -64.4213058, -33.291329 ] } },
{ "type": "Feature", "properties": { "Name": "699.8", "P.K.": null, "Al.Dist. Izq.": 35, "Al.Dist. Der.": 35, "Ruta": 35 }, "geometry": { "type": "Point", "coordinates": [ -64.4214202, -33.285729 ] } },
{ "type": "Feature", "properties": { "Name": "700", "P.K.": "PK700", "Al.Dist. Izq.": 35, "Al.Dist. Der.": 35, "Ruta": 35 }, "geometry": { "type": "Point", "coordinates": [ -64.4214453, -33.2838851 ] } },
{ "type": "Feature", "properties": { "Name": "701.01", "P.K.": null, "Al.Dist. Izq.": 35, "Al.Dist. Der.": 35, "Ruta": 35 }, "geometry": { "type": "Point", "coordinates": [ -64.4213659, -33.2773729 ] } },
{ "type": "Feature", "properties": { "Name": "701.49", "P.K.": null, "Al.Dist. Izq.": 35, "Al.Dist. Der.": 35, "Ruta": 35 }, "geometry": { "type": "Point", "coordinates": [ -64.4214876, -33.2743173 ] } },
{ "type": "Feature", "properties": { "Name": "703", "P.K.": "PK703", "Al.Dist. Izq.": 35, "Al.Dist. Der.": 35, "Ruta": 35 }, "geometry": { "type": "Point", "coordinates": [ -64.4214995, -33.2647082 ] } },
{ "type": "Feature", "properties": { "Name": "703.03", "P.K.": null, "Al.Dist. Izq.": 35, "Al.Dist. Der.": 35, "Ruta": 35 }, "geometry": { "type": "Point", "coordinates": [ -64.4213997, -33.2641888 ] } },
{ "type": "Feature", "properties": { "Name": "703.04", "P.K.": null, "Al.Dist. Izq.": 35, "Al.Dist. Der.": 35, "Ruta": 35 }, "geometry": { "type": "Point", "coordinates": [ -64.4215251, -33.2640461 ] } },
{ "type": "Feature", "properties": { "Name": "703.06", "P.K.": null, "Al.Dist. Izq.": 35, "Al.Dist. Der.": 35, "Ruta": 35 }, "geometry": { "type": "Point", "coordinates": [ -64.4214366, -33.2637182 ] } },
{ "type": "Feature", "properties": { "Name": "703.07", "P.K.": null, "Al.Dist. Izq.": 35, "Al.Dist. Der.": 35, "Ruta": 35 }, "geometry": { "type": "Point", "coordinates": [ -64.421529, -33.263398 ] } },
{ "type": "Feature", "properties": { "Name": "703.14", "P.K.": null, "Al.Dist. Izq.": 35, "Al.Dist. Der.": 35, "Ruta": 35 }, "geometry": { "type": "Point", "coordinates": [ -64.4214326, -33.2623204 ] } },
{ "type": "Feature", "properties": { "Name": "703.34", "P.K.": null, "Al.Dist. Izq.": 35, "Al.Dist. Der.": 35, "Ruta": 35 }, "geometry": { "type": "Point", "coordinates": [ -64.4215556, -33.2589903 ] } },
{ "type": "Feature", "properties": { "Name": "703.56", "P.K.": null, "Al.Dist. Izq.": 35, "Al.Dist. Der.": 35, "Ruta": 35 }, "geometry": { "type": "Point", "coordinates": [ -64.4214391, -33.2552503 ] } },
{ "type": "Feature", "properties": { "Name": "703.69", "P.K.": null, "Al.Dist. Izq.": 35, "Al.Dist. Der.": 35, "Ruta": 35 }, "geometry": { "type": "Point", "coordinates": [ -64.4212824, -33.2530917 ] } },
{ "type": "Feature", "properties": { "Name": "703.79", "P.K.": null, "Al.Dist. Izq.": 35, "Al.Dist. Der.": 35, "Ruta": 35 }, "geometry": { "type": "Point", "coordinates": [ -64.4216019, -33.2513342 ] } },
{ "type": "Feature", "properties": { "Name": "703.83", "P.K.": null, "Al.Dist. Izq.": 35, "Al.Dist. Der.": 35, "Ruta": 35 }, "geometry": { "type": "Point", "coordinates": [ -64.4215949, -33.2507446 ] } },
{ "type": "Feature", "properties": { "Name": "704", "P.K.": "PK704", "Al.Dist. Izq.": 35, "Al.Dist. Der.": 35, "Ruta": 35 }, "geometry": { "type": "Point", "coordinates": [ -64.4215952, -33.2478465 ] } },
{ "type": "Feature", "properties": { "Name": "704.34", "P.K.": null, "Al.Dist. Izq.": 35, "Al.Dist. Der.": 35, "Ruta": 35 }, "geometry": { "type": "Point", "coordinates": [ -64.4215838, -33.2447576 ] } },
{ "type": "Feature", "properties": { "Name": "704.55", "P.K.": null, "Al.Dist. Izq.": 35, "Al.Dist. Der.": 35, "Ruta": 35 }, "geometry": { "type": "Point", "coordinates": [ -64.4215621, -33.2428361 ] } },
{ "type": "Feature", "properties": { "Name": "704.77", "P.K.": null, "Al.Dist. Izq.": 35, "Al.Dist. Der.": 35, "Ruta": 35 }, "geometry": { "type": "Point", "coordinates": [ -64.421621, -33.240798 ] } },
{ "type": "Feature", "properties": { "Name": "705.04", "P.K.": null, "Al.Dist. Izq.": 35, "Al.Dist. Der.": 35, "Ruta": 35 }, "geometry": { "type": "Point", "coordinates": [ -64.4231515, -33.2387352 ] } },
{ "type": "Feature", "properties": { "Name": "705.14", "P.K.": null, "Al.Dist. Izq.": 35, "Al.Dist. Der.": 35, "Ruta": 35 }, "geometry": { "type": "Point", "coordinates": [ -64.4237101, -33.2380714 ] } },
{ "type": "Feature", "properties": { "Name": "705.15", "P.K.": null, "Al.Dist. Izq.": 35, "Al.Dist. Der.": 35, "Ruta": 35 }, "geometry": { "type": "Point", "coordinates": [ -64.4234532, -33.2377797 ] } },
{ "type": "Feature", "properties": { "Name": "705.15", "P.K.": null, "Al.Dist. Izq.": 45, "Al.Dist. Der.": 25, "Ruta": 35 }, "geometry": { "type": "Point", "coordinates": [ -64.4234532, -33.2377797 ] } },
{ "type": "Feature", "properties": { "Name": "705.17", "P.K.": null, "Al.Dist. Izq.": 45, "Al.Dist. Der.": 25, "Ruta": 35 }, "geometry": { "type": "Point", "coordinates": [ -64.4235706, -33.2376065 ] } },
{ "type": "Feature", "properties": { "Name": "705.19", "P.K.": null, "Al.Dist. Izq.": 45, "Al.Dist. Der.": 25, "Ruta": 35 }, "geometry": { "type": "Point", "coordinates": [ -64.4236947, -33.2374604 ] } },
{ "type": "Feature", "properties": { "Name": "705.19", "P.K.": null, "Al.Dist. Izq.": 45, "Al.Dist. Der.": 25, "Ruta": 35 }, "geometry": { "type": "Point", "coordinates": [ -64.4235992, -33.2374391 ] } },
{ "type": "Feature", "properties": { "Name": "706", "P.K.": "PK706", "Al.Dist. Izq.": 45, "Al.Dist. Der.": 25, "Ruta": 35 }, "geometry": { "type": "Point", "coordinates": [ -64.4276335, -33.230938 ] } },
{ "type": "Feature", "properties": { "Name": "706.45", "P.K.": null, "Al.Dist. Izq.": 45, "Al.Dist. Der.": 25, "Ruta": 35 }, "geometry": { "type": "Point", "coordinates": [ -64.4296992, -33.227236 ] } },
{ "type": "Feature", "properties": { "Name": "706.46", "P.K.": null, "Al.Dist. Izq.": 45, "Al.Dist. Der.": 25, "Ruta": 35 }, "geometry": { "type": "Point", "coordinates": [ -64.4298812, -33.2273319 ] } },
{ "type": "Feature", "properties": { "Name": "706.5", "P.K.": null, "Al.Dist. Izq.": 45, "Al.Dist. Der.": 25, "Ruta": 35 }, "geometry": { "type": "Point", "coordinates": [ -64.4300026, -33.2269564 ] } },
{ "type": "Feature", "properties": { "Name": "706.64", "P.K.": null, "Al.Dist. Izq.": 45, "Al.Dist. Der.": 25, "Ruta": 35 }, "geometry": { "type": "Point", "coordinates": [ -64.4308642, -33.2258609 ] } },
{ "type": "Feature", "properties": { "Name": "706.89", "P.K.": null, "Al.Dist. Izq.": 45, "Al.Dist. Der.": 25, "Ruta": 35 }, "geometry": { "type": "Point", "coordinates": [ -64.4318811, -33.2237805 ] } },
{ "type": "Feature", "properties": { "Name": "707", "P.K.": "PK707", "Al.Dist. Izq.": 45, "Al.Dist. Der.": 25, "Ruta": 35 }, "geometry": { "type": "Point", "coordinates": [ -64.4323984, -33.2228436 ] } },
{ "type": "Feature", "properties": { "Name": "707.82", "P.K.": null, "Al.Dist. Izq.": 45, "Al.Dist. Der.": 25, "Ruta": 35 }, "geometry": { "type": "Point", "coordinates": [ -64.4347833, -33.219045 ] } },
{ "type": "Feature", "properties": { "Name": "708.1", "P.K.": null, "Al.Dist. Izq.": 45, "Al.Dist. Der.": 25, "Ruta": 35 }, "geometry": { "type": "Point", "coordinates": [ -64.4356674, -33.2177718 ] } },
{ "type": "Feature", "properties": { "Name": "708.25", "P.K.": null, "Al.Dist. Izq.": 45, "Al.Dist. Der.": 25, "Ruta": 35 }, "geometry": { "type": "Point", "coordinates": [ -64.4361395, -33.2171024 ] } },
{ "type": "Feature", "properties": { "Name": "708.4", "P.K.": null, "Al.Dist. Izq.": 45, "Al.Dist. Der.": 25, "Ruta": 35 }, "geometry": { "type": "Point", "coordinates": [ -64.4367098, -33.2163925 ] } },
{ "type": "Feature", "properties": { "Name": "708.75", "P.K.": null, "Al.Dist. Izq.": 45, "Al.Dist. Der.": 25, "Ruta": 35 }, "geometry": { "type": "Point", "coordinates": [ -64.4378394, -33.2148723 ] } },
{ "type": "Feature", "properties": { "Name": "708.75", "P.K.": null, "Al.Dist. Izq.": 25, "Al.Dist. Der.": 25, "Ruta": 35 }, "geometry": { "type": "Point", "coordinates": [ -64.4378394, -33.2148723 ] } },
{ "type": "Feature", "properties": { "Name": "708.8", "P.K.": null, "Al.Dist. Izq.": 25, "Al.Dist. Der.": 25, "Ruta": 35 }, "geometry": { "type": "Point", "coordinates": [ -64.4379968, -33.2146331 ] } },
{ "type": "Feature", "properties": { "Name": "708.9", "P.K.": null, "Al.Dist. Izq.": 25, "Al.Dist. Der.": 25, "Ruta": 35 }, "geometry": { "type": "Point", "coordinates": [ -64.4382487, -33.2141055 ] } },
{ "type": "Feature", "properties": { "Name": "709.05", "P.K.": null, "Al.Dist. Izq.": 25, "Al.Dist. Der.": 25, "Ruta": 35 }, "geometry": { "type": "Point", "coordinates": [ -64.4388201, -33.2135104 ] } },
{ "type": "Feature", "properties": { "Name": "709.12", "P.K.": null, "Al.Dist. Izq.": 25, "Al.Dist. Der.": 25, "Ruta": 35 }, "geometry": { "type": "Point", "coordinates": [ -64.439045, -33.2131706 ] } },
{ "type": "Feature", "properties": { "Name": "709.22", "P.K.": null, "Al.Dist. Izq.": 25, "Al.Dist. Der.": 25, "Ruta": 35 }, "geometry": { "type": "Point", "coordinates": [ -64.4393397, -33.2127027 ] } },
{ "type": "Feature", "properties": { "Name": "709.31", "P.K.": null, "Al.Dist. Izq.": 25, "Al.Dist. Der.": 25, "Ruta": 35 }, "geometry": { "type": "Point", "coordinates": [ -64.4392726, -33.2120562 ] } },
{ "type": "Feature", "properties": { "Name": "709.36", "P.K.": null, "Al.Dist. Izq.": 25, "Al.Dist. Der.": 25, "Ruta": 35 }, "geometry": { "type": "Point", "coordinates": [ -64.4397896, -33.2121288 ] } },
{ "type": "Feature", "properties": { "Name": "709.4", "P.K.": null, "Al.Dist. Izq.": 25, "Al.Dist. Der.": 25, "Ruta": 35 }, "geometry": { "type": "Point", "coordinates": [ -64.4399834, -33.2119555 ] } },
{ "type": "Feature", "properties": { "Name": "709.45", "P.K.": null, "Al.Dist. Izq.": 25, "Al.Dist. Der.": 25, "Ruta": 35 }, "geometry": { "type": "Point", "coordinates": [ -64.4401316, -33.2117973 ] } },
{ "type": "Feature", "properties": { "Name": "709.45", "P.K.": null, "Al.Dist. Izq.": 25, "Al.Dist. Der.": 25, "Ruta": 35 }, "geometry": { "type": "Point", "coordinates": [ -64.4401316, -33.2117973 ] } },
{ "type": "Feature", "properties": { "Name": "709.46", "P.K.": null, "Al.Dist. Izq.": 25, "Al.Dist. Der.": 25, "Ruta": 35 }, "geometry": { "type": "Point", "coordinates": [ -64.4404954, -33.2118508 ] } },
{ "type": "Feature", "properties": { "Name": "709.5", "P.K.": null, "Al.Dist. Izq.": 25, "Al.Dist. Der.": 25, "Ruta": 35 }, "geometry": { "type": "Point", "coordinates": [ -64.440196, -33.2114851 ] } },
{ "type": "Feature", "properties": { "Name": "709.52", "P.K.": null, "Al.Dist. Izq.": 25, "Al.Dist. Der.": 25, "Ruta": 35 }, "geometry": { "type": "Point", "coordinates": [ -64.4403968, -33.2114306 ] } },
{ "type": "Feature", "properties": { "Name": "709.55", "P.K.": null, "Al.Dist. Izq.": 25, "Al.Dist. Der.": 25, "Ruta": 35 }, "geometry": { "type": "Point", "coordinates": [ -64.440251, -33.210948 ] } }
]
}
