{
"type": "FeatureCollection",
"name": "MOJONES RN 008",
"xy_coordinate_resolution": 1e-14,
"features": [
{ "type": "Feature", "properties": { "Name": "402.32", "P.K.": null, "Al.Dist. Izq.": null, "Al.Dist. Der.": 30, "Ruta": 8 }, "geometry": { "type": "Point", "coordinates": [ -62.314316, -33.64078 ] } },
{ "type": "Feature", "properties": { "Name": "402.33", "P.K.": null, "Al.Dist. Izq.": null, "Al.Dist. Der.": 30, "Ruta": 8 }, "geometry": { "type": "Point", "coordinates": [ -62.3145, -33.64071 ] } },
{ "type": "Feature", "properties": { "Name": "402.33", "P.K.": null, "Al.Dist. Izq.": 40, "Al.Dist. Der.": 30, "Ruta": 8 }, "geometry": { "type": "Point", "coordinates": [ -62.3145, -33.64071 ] } },
{ "type": "Feature", "properties": { "Name": "402.38", "P.K.": null, "Al.Dist. Izq.": 40, "Al.Dist. Der.": 30, "Ruta": 8 }, "geometry": { "type": "Point", "coordinates": [ -62.31496507, -33.64049493 ] } },
{ "type": "Feature", "properties": { "Name": "402.41", "P.K.": null, "Al.Dist. Izq.": 40, "Al.Dist. Der.": 30, "Ruta": 8 }, "geometry": { "type": "Point", "coordinates": [ -62.31526552, -33.64038977 ] } },
{ "type": "Feature", "properties": { "Name": "402.42", "P.K.": null, "Al.Dist. Izq.": 40, "Al.Dist. Der.": 30, "Ruta": 8 }, "geometry": { "type": "Point", "coordinates": [ -62.31533, -33.6404 ] } },
{ "type": "Feature", "properties": { "Name": "402.64", "P.K.": null, "Al.Dist. Izq.": 40, "Al.Dist. Der.": 30, "Ruta": 8 }, "geometry": { "type": "Point", "coordinates": [ -62.31751788, -33.63972427 ] } },
{ "type": "Feature", "properties": { "Name": "402.66", "P.K.": null, "Al.Dist. Izq.": 40, "Al.Dist. Der.": 30, "Ruta": 8 }, "geometry": { "type": "Point", "coordinates": [ -62.31771309, -33.63984185 ] } },
{ "type": "Feature", "properties": { "Name": "402.76", "P.K.": null, "Al.Dist. Izq.": 40, "Al.Dist. Der.": 30, "Ruta": 8 }, "geometry": { "type": "Point", "coordinates": [ -62.31873238, -33.63968528 ] } },
{ "type": "Feature", "properties": { "Name": "402.94", "P.K.": null, "Al.Dist. Izq.": 40, "Al.Dist. Der.": 30, "Ruta": 8 }, "geometry": { "type": "Point", "coordinates": [ -62.32060913, -33.63946691 ] } },
{ "type": "Feature", "properties": { "Name": "403", "P.K.": "PK403", "Al.Dist. Izq.": 40, "Al.Dist. Der.": 30, "Ruta": 8 }, "geometry": { "type": "Point", "coordinates": [ -62.32124012, -33.63925142 ] } },
{ "type": "Feature", "properties": { "Name": "403.28", "P.K.": null, "Al.Dist. Izq.": 40, "Al.Dist. Der.": 30, "Ruta": 8 }, "geometry": { "type": "Point", "coordinates": [ -62.32414428, -33.63887431 ] } },
{ "type": "Feature", "properties": { "Name": "403.4", "P.K.": null, "Al.Dist. Izq.": 40, "Al.Dist. Der.": 30, "Ruta": 8 }, "geometry": { "type": "Point", "coordinates": [ -62.32540324, -33.63868283 ] } },
{ "type": "Feature", "properties": { "Name": "404", "P.K.": "PK404", "Al.Dist. Izq.": 40, "Al.Dist. Der.": 30, "Ruta": 8 }, "geometry": { "type": "Point", "coordinates": [ -62.33190693, -33.63762574 ] } },
{ "type": "Feature", "properties": { "Name": "405", "P.K.": "PK405", "Al.Dist. Izq.": 40, "Al.Dist. Der.": 30, "Ruta": 8 }, "geometry": { "type": "Point", "coordinates": [ -62.34290164, -33.63569186 ] } },
{ "type": "Feature", "properties": { "Name": "405.26", "P.K.": null, "Al.Dist. Izq.": 40, "Al.Dist. Der.": 30, "Ruta": 8 }, "geometry": { "type": "Point", "coordinates": [ -62.34574646, -33.63529017 ] } },
{ "type": "Feature", "properties": { "Name": "405.28", "P.K.": null, "Al.Dist. Izq.": 40, "Al.Dist. Der.": 30, "Ruta": 8 }, "geometry": { "type": "Point", "coordinates": [ -62.3459379, -33.63534684 ] } },
{ "type": "Feature", "properties": { "Name": "405.64", "P.K.": null, "Al.Dist. Izq.": 40, "Al.Dist. Der.": 30, "Ruta": 8 }, "geometry": { "type": "Point", "coordinates": [ -62.34990321, -33.63454374 ] } },
{ "type": "Feature", "properties": { "Name": "406", "P.K.": "PK406", "Al.Dist. Izq.": 40, "Al.Dist. Der.": 30, "Ruta": 8 }, "geometry": { "type": "Point", "coordinates": [ -62.3537817, -33.63400872 ] } },
{ "type": "Feature", "properties": { "Name": "406.74", "P.K.": null, "Al.Dist. Izq.": 40, "Al.Dist. Der.": 30, "Ruta": 8 }, "geometry": { "type": "Point", "coordinates": [ -62.36130595, -33.6325654 ] } },
{ "type": "Feature", "properties": { "Name": "407", "P.K.": "PK407", "Al.Dist. Izq.": 40, "Al.Dist. Der.": 30, "Ruta": 8 }, "geometry": { "type": "Point", "coordinates": [ -62.36397509, -33.63229797 ] } },
{ "type": "Feature", "properties": { "Name": "407.12", "P.K.": null, "Al.Dist. Izq.": 40, "Al.Dist. Der.": 30, "Ruta": 8 }, "geometry": { "type": "Point", "coordinates": [ -62.36527617, -33.63210897 ] } },
{ "type": "Feature", "properties": { "Name": "407.28", "P.K.": null, "Al.Dist. Izq.": 40, "Al.Dist. Der.": 30, "Ruta": 8 }, "geometry": { "type": "Point", "coordinates": [ -62.36699022, -33.63216733 ] } },
{ "type": "Feature", "properties": { "Name": "408", "P.K.": "PK408", "Al.Dist. Izq.": 40, "Al.Dist. Der.": 30, "Ruta": 8 }, "geometry": { "type": "Point", "coordinates": [ -62.37440351, -33.63073944 ] } },
{ "type": "Feature", "properties": { "Name": "408.05", "P.K.": null, "Al.Dist. Izq.": 40, "Al.Dist. Der.": 30, "Ruta": 8 }, "geometry": { "type": "Point", "coordinates": [ -62.37502679, -33.63071209 ] } },
{ "type": "Feature", "properties": { "Name": "408.06", "P.K.": null, "Al.Dist. Izq.": 40, "Al.Dist. Der.": 30, "Ruta": 8 }, "geometry": { "type": "Point", "coordinates": [ -62.37505694, -33.6305013 ] } },
{ "type": "Feature", "properties": { "Name": "408.06", "P.K.": null, "Al.Dist. Izq.": 40, "Al.Dist. Der.": 30, "Ruta": 8 }, "geometry": { "type": "Point", "coordinates": [ -62.37506116, -33.63050461 ] } },
{ "type": "Feature", "properties": { "Name": "408.2", "P.K.": null, "Al.Dist. Izq.": 40, "Al.Dist. Der.": 30, "Ruta": 8 }, "geometry": { "type": "Point", "coordinates": [ -62.37656164, -33.63025454 ] } },
{ "type": "Feature", "properties": { "Name": "408.26", "P.K.": null, "Al.Dist. Izq.": 40, "Al.Dist. Der.": 30, "Ruta": 8 }, "geometry": { "type": "Point", "coordinates": [ -62.37720709, -33.6301038 ] } },
{ "type": "Feature", "properties": { "Name": "408.31", "P.K.": null, "Al.Dist. Izq.": 40, "Al.Dist. Der.": 30, "Ruta": 8 }, "geometry": { "type": "Point", "coordinates": [ -62.3776862, -33.62970432 ] } },
{ "type": "Feature", "properties": { "Name": "408.32", "P.K.": null, "Al.Dist. Izq.": 40, "Al.Dist. Der.": 30, "Ruta": 8 }, "geometry": { "type": "Point", "coordinates": [ -62.37774521, -33.62977773 ] } },
{ "type": "Feature", "properties": { "Name": "408.32", "P.K.": null, "Al.Dist. Izq.": 40, "Al.Dist. Der.": 30, "Ruta": 8 }, "geometry": { "type": "Point", "coordinates": [ -62.37786826, -33.63032908 ] } },
{ "type": "Feature", "properties": { "Name": "408.34", "P.K.": null, "Al.Dist. Izq.": 40, "Al.Dist. Der.": 30, "Ruta": 8 }, "geometry": { "type": "Point", "coordinates": [ -62.37794302, -33.63049406 ] } },
{ "type": "Feature", "properties": { "Name": "408.42", "P.K.": null, "Al.Dist. Izq.": 40, "Al.Dist. Der.": 30, "Ruta": 8 }, "geometry": { "type": "Point", "coordinates": [ -62.37875942, -33.63001056 ] } },
{ "type": "Feature", "properties": { "Name": "408.48", "P.K.": null, "Al.Dist. Izq.": 40, "Al.Dist. Der.": 30, "Ruta": 8 }, "geometry": { "type": "Point", "coordinates": [ -62.37941388, -33.62972693 ] } },
{ "type": "Feature", "properties": { "Name": "409.04", "P.K.": null, "Al.Dist. Izq.": 40, "Al.Dist. Der.": 30, "Ruta": 8 }, "geometry": { "type": "Point", "coordinates": [ -62.38524, -33.62886 ] } },
{ "type": "Feature", "properties": { "Name": "409.22", "P.K.": null, "Al.Dist. Izq.": 40, "Al.Dist. Der.": 30, "Ruta": 8 }, "geometry": { "type": "Point", "coordinates": [ -62.38708, -33.62855 ] } },
{ "type": "Feature", "properties": { "Name": "409.7", "P.K.": null, "Al.Dist. Izq.": 40, "Al.Dist. Der.": 30, "Ruta": 8 }, "geometry": { "type": "Point", "coordinates": [ -62.39209, -33.62773 ] } },
{ "type": "Feature", "properties": { "Name": "409.88", "P.K.": null, "Al.Dist. Izq.": 40, "Al.Dist. Der.": 30, "Ruta": 8 }, "geometry": { "type": "Point", "coordinates": [ -62.39402086, -33.62763318 ] } },
{ "type": "Feature", "properties": { "Name": "409.92", "P.K.": null, "Al.Dist. Izq.": 40, "Al.Dist. Der.": 30, "Ruta": 8 }, "geometry": { "type": "Point", "coordinates": [ -62.39446979, -33.62749025 ] } },
{ "type": "Feature", "properties": { "Name": "410", "P.K.": "PK410", "Al.Dist. Izq.": 40, "Al.Dist. Der.": 30, "Ruta": 8 }, "geometry": { "type": "Point", "coordinates": [ -62.39530798, -33.627239 ] } },
{ "type": "Feature", "properties": { "Name": "410.04", "P.K.": null, "Al.Dist. Izq.": 40, "Al.Dist. Der.": 30, "Ruta": 8 }, "geometry": { "type": "Point", "coordinates": [ -62.3956617, -33.62724123 ] } },
{ "type": "Feature", "properties": { "Name": "410.1", "P.K.": null, "Al.Dist. Izq.": 40, "Al.Dist. Der.": 30, "Ruta": 8 }, "geometry": { "type": "Point", "coordinates": [ -62.39647105, -33.62709885 ] } },
{ "type": "Feature", "properties": { "Name": "410.13", "P.K.": null, "Al.Dist. Izq.": 40, "Al.Dist. Der.": 30, "Ruta": 8 }, "geometry": { "type": "Point", "coordinates": [ -62.39674699, -33.6270835 ] } },
{ "type": "Feature", "properties": { "Name": "410.17", "P.K.": null, "Al.Dist. Izq.": 40, "Al.Dist. Der.": 30, "Ruta": 8 }, "geometry": { "type": "Point", "coordinates": [ -62.39714831, -33.62702543 ] } },
{ "type": "Feature", "properties": { "Name": "410.24", "P.K.": null, "Al.Dist. Izq.": 40, "Al.Dist. Der.": 30, "Ruta": 8 }, "geometry": { "type": "Point", "coordinates": [ -62.39796974, -33.62688194 ] } },
{ "type": "Feature", "properties": { "Name": "410.37", "P.K.": null, "Al.Dist. Izq.": 40, "Al.Dist. Der.": 30, "Ruta": 8 }, "geometry": { "type": "Point", "coordinates": [ -62.3994064, -33.62647686 ] } },
{ "type": "Feature", "properties": { "Name": "410.37", "P.K.": null, "Al.Dist. Izq.": 40, "Al.Dist. Der.": null, "Ruta": 8 }, "geometry": { "type": "Point", "coordinates": [ -62.3994064, -33.62647686 ] } },
{ "type": "Feature", "properties": { "Name": "410.4", "P.K.": null, "Al.Dist. Izq.": null, "Al.Dist. Der.": null, "Ruta": 8 }, "geometry": { "type": "Point", "coordinates": [ -62.39968, -33.62648 ] } },
{ "type": "Feature", "properties": { "Name": "410.42", "P.K.": null, "Al.Dist. Izq.": null, "Al.Dist. Der.": null, "Ruta": 8 }, "geometry": { "type": "Point", "coordinates": [ -62.39987746, -33.62645285 ] } },
{ "type": "Feature", "properties": { "Name": "410.5", "P.K.": null, "Al.Dist. Izq.": null, "Al.Dist. Der.": null, "Ruta": 8 }, "geometry": { "type": "Point", "coordinates": [ -62.40075454, -33.62632052 ] } },
{ "type": "Feature", "properties": { "Name": "410.68", "P.K.": null, "Al.Dist. Izq.": null, "Al.Dist. Der.": null, "Ruta": 8 }, "geometry": { "type": "Point", "coordinates": [ -62.40275983, -33.62602655 ] } },
{ "type": "Feature", "properties": { "Name": "410.87", "P.K.": null, "Al.Dist. Izq.": null, "Al.Dist. Der.": null, "Ruta": 8 }, "geometry": { "type": "Point", "coordinates": [ -62.40484838, -33.62559427 ] } },
{ "type": "Feature", "properties": { "Name": "410.99", "P.K.": null, "Al.Dist. Izq.": null, "Al.Dist. Der.": null, "Ruta": 8 }, "geometry": { "type": "Point", "coordinates": [ -62.40629464, -33.62551789 ] } },
{ "type": "Feature", "properties": { "Name": "411", "P.K.": "PK411", "Al.Dist. Izq.": null, "Al.Dist. Der.": null, "Ruta": 8 }, "geometry": { "type": "Point", "coordinates": [ -62.40638383, -33.62529986 ] } },
{ "type": "Feature", "properties": { "Name": "411.04", "P.K.": null, "Al.Dist. Izq.": null, "Al.Dist. Der.": null, "Ruta": 8 }, "geometry": { "type": "Point", "coordinates": [ -62.40675062, -33.62505837 ] } },
{ "type": "Feature", "properties": { "Name": "411.07", "P.K.": null, "Al.Dist. Izq.": null, "Al.Dist. Der.": null, "Ruta": 8 }, "geometry": { "type": "Point", "coordinates": [ -62.40718111, -33.62542995 ] } },
{ "type": "Feature", "properties": { "Name": "411.21", "P.K.": null, "Al.Dist. Izq.": null, "Al.Dist. Der.": null, "Ruta": 8 }, "geometry": { "type": "Point", "coordinates": [ -62.40864258, -33.62526747 ] } },
{ "type": "Feature", "properties": { "Name": "411.36", "P.K.": null, "Al.Dist. Izq.": null, "Al.Dist. Der.": null, "Ruta": 8 }, "geometry": { "type": "Point", "coordinates": [ -62.41019, -33.62475 ] } },
{ "type": "Feature", "properties": { "Name": "411.36", "P.K.": null, "Al.Dist. Izq.": 40, "Al.Dist. Der.": null, "Ruta": 8 }, "geometry": { "type": "Point", "coordinates": [ -62.41019, -33.62475 ] } },
{ "type": "Feature", "properties": { "Name": "411.37", "P.K.": null, "Al.Dist. Izq.": 40, "Al.Dist. Der.": 30, "Ruta": 8 }, "geometry": { "type": "Point", "coordinates": [ -62.41024252, -33.62459075 ] } },
{ "type": "Feature", "properties": { "Name": "411.38", "P.K.": null, "Al.Dist. Izq.": 40, "Al.Dist. Der.": 30, "Ruta": 8 }, "geometry": { "type": "Point", "coordinates": [ -62.41035048, -33.62473341 ] } },
{ "type": "Feature", "properties": { "Name": "411.39", "P.K.": null, "Al.Dist. Izq.": 40, "Al.Dist. Der.": 30, "Ruta": 8 }, "geometry": { "type": "Point", "coordinates": [ -62.41046, -33.62471 ] } },
{ "type": "Feature", "properties": { "Name": "411.39", "P.K.": null, "Al.Dist. Izq.": 40, "Al.Dist. Der.": 30, "Ruta": 8 }, "geometry": { "type": "Point", "coordinates": [ -62.41046, -33.62471 ] } },
{ "type": "Feature", "properties": { "Name": "411.97", "P.K.": null, "Al.Dist. Izq.": 40, "Al.Dist. Der.": 30, "Ruta": 8 }, "geometry": { "type": "Point", "coordinates": [ -62.41661545, -33.62353851 ] } },
{ "type": "Feature", "properties": { "Name": "412", "P.K.": "PK412", "Al.Dist. Izq.": 40, "Al.Dist. Der.": 30, "Ruta": 8 }, "geometry": { "type": "Point", "coordinates": [ -62.41697688, -33.62375739 ] } },
{ "type": "Feature", "properties": { "Name": "412.06", "P.K.": null, "Al.Dist. Izq.": 40, "Al.Dist. Der.": 30, "Ruta": 8 }, "geometry": { "type": "Point", "coordinates": [ -62.41753981, -33.62345671 ] } },
{ "type": "Feature", "properties": { "Name": "412.11", "P.K.": null, "Al.Dist. Izq.": 40, "Al.Dist. Der.": 30, "Ruta": 8 }, "geometry": { "type": "Point", "coordinates": [ -62.41810109, -33.62340931 ] } },
{ "type": "Feature", "properties": { "Name": "412.27", "P.K.": null, "Al.Dist. Izq.": 40, "Al.Dist. Der.": 30, "Ruta": 8 }, "geometry": { "type": "Point", "coordinates": [ -62.41961516, -33.62302649 ] } },
{ "type": "Feature", "properties": { "Name": "412.4", "P.K.": null, "Al.Dist. Izq.": 40, "Al.Dist. Der.": 30, "Ruta": 8 }, "geometry": { "type": "Point", "coordinates": [ -62.42105283, -33.62297428 ] } },
{ "type": "Feature", "properties": { "Name": "412.42", "P.K.": null, "Al.Dist. Izq.": 40, "Al.Dist. Der.": 30, "Ruta": 8 }, "geometry": { "type": "Point", "coordinates": [ -62.42128082, -33.62277913 ] } },
{ "type": "Feature", "properties": { "Name": "412.58", "P.K.": null, "Al.Dist. Izq.": 40, "Al.Dist. Der.": 30, "Ruta": 8 }, "geometry": { "type": "Point", "coordinates": [ -62.4230437, -33.62285647 ] } },
{ "type": "Feature", "properties": { "Name": "412.95", "P.K.": null, "Al.Dist. Izq.": 40, "Al.Dist. Der.": 30, "Ruta": 8 }, "geometry": { "type": "Point", "coordinates": [ -62.42667239, -33.62135723 ] } },
{ "type": "Feature", "properties": { "Name": "413", "P.K.": "PK413", "Al.Dist. Izq.": 40, "Al.Dist. Der.": 30, "Ruta": 8 }, "geometry": { "type": "Point", "coordinates": [ -62.42726851, -33.62187848 ] } },
{ "type": "Feature", "properties": { "Name": "413.24", "P.K.": null, "Al.Dist. Izq.": 40, "Al.Dist. Der.": 30, "Ruta": 8 }, "geometry": { "type": "Point", "coordinates": [ -62.42972777, -33.62151989 ] } },
{ "type": "Feature", "properties": { "Name": "413.44", "P.K.": null, "Al.Dist. Izq.": 40, "Al.Dist. Der.": 30, "Ruta": 8 }, "geometry": { "type": "Point", "coordinates": [ -62.43175484, -33.62091472 ] } },
{ "type": "Feature", "properties": { "Name": "413.71", "P.K.": null, "Al.Dist. Izq.": 40, "Al.Dist. Der.": 30, "Ruta": 8 }, "geometry": { "type": "Point", "coordinates": [ -62.43463352, -33.62077959 ] } },
{ "type": "Feature", "properties": { "Name": "413.91", "P.K.": null, "Al.Dist. Izq.": 40, "Al.Dist. Der.": 30, "Ruta": 8 }, "geometry": { "type": "Point", "coordinates": [ -62.43661568, -33.62028821 ] } },
{ "type": "Feature", "properties": { "Name": "414", "P.K.": "PK414", "Al.Dist. Izq.": 40, "Al.Dist. Der.": 30, "Ruta": 8 }, "geometry": { "type": "Point", "coordinates": [ -62.43753735, -33.62023544 ] } },
{ "type": "Feature", "properties": { "Name": "414.19", "P.K.": null, "Al.Dist. Izq.": 40, "Al.Dist. Der.": 30, "Ruta": 8 }, "geometry": { "type": "Point", "coordinates": [ -62.43974246, -33.61994006 ] } },
{ "type": "Feature", "properties": { "Name": "414.25", "P.K.": null, "Al.Dist. Izq.": 40, "Al.Dist. Der.": 30, "Ruta": 8 }, "geometry": { "type": "Point", "coordinates": [ -62.44052667, -33.61971642 ] } },
{ "type": "Feature", "properties": { "Name": "414.43", "P.K.": null, "Al.Dist. Izq.": 40, "Al.Dist. Der.": 30, "Ruta": 8 }, "geometry": { "type": "Point", "coordinates": [ -62.44258393, -33.61925687 ] } },
{ "type": "Feature", "properties": { "Name": "414.45", "P.K.": null, "Al.Dist. Izq.": 40, "Al.Dist. Der.": 30, "Ruta": 8 }, "geometry": { "type": "Point", "coordinates": [ -62.44284, -33.61919 ] } },
{ "type": "Feature", "properties": { "Name": "414.76", "P.K.": null, "Al.Dist. Izq.": 40, "Al.Dist. Der.": 30, "Ruta": 8 }, "geometry": { "type": "Point", "coordinates": [ -62.44609661, -33.61798205 ] } },
{ "type": "Feature", "properties": { "Name": "414.78", "P.K.": null, "Al.Dist. Izq.": 40, "Al.Dist. Der.": 30, "Ruta": 8 }, "geometry": { "type": "Point", "coordinates": [ -62.44642116, -33.61773216 ] } },
{ "type": "Feature", "properties": { "Name": "415", "P.K.": "PK415", "Al.Dist. Izq.": 40, "Al.Dist. Der.": 30, "Ruta": 8 }, "geometry": { "type": "Point", "coordinates": [ -62.44870942, -33.61669744 ] } },
{ "type": "Feature", "properties": { "Name": "415.46", "P.K.": null, "Al.Dist. Izq.": 40, "Al.Dist. Der.": 30, "Ruta": 8 }, "geometry": { "type": "Point", "coordinates": [ -62.45277934, -33.6151752 ] } },
{ "type": "Feature", "properties": { "Name": "415.51", "P.K.": null, "Al.Dist. Izq.": 40, "Al.Dist. Der.": 30, "Ruta": 8 }, "geometry": { "type": "Point", "coordinates": [ -62.45321285, -33.61477035 ] } },
{ "type": "Feature", "properties": { "Name": "415.59", "P.K.": null, "Al.Dist. Izq.": 40, "Al.Dist. Der.": 30, "Ruta": 8 }, "geometry": { "type": "Point", "coordinates": [ -62.45391123, -33.61453936 ] } },
{ "type": "Feature", "properties": { "Name": "415.89", "P.K.": null, "Al.Dist. Izq.": 40, "Al.Dist. Der.": 30, "Ruta": 8 }, "geometry": { "type": "Point", "coordinates": [ -62.45659, -33.61345 ] } },
{ "type": "Feature", "properties": { "Name": "416", "P.K.": "PK416", "Al.Dist. Izq.": 40, "Al.Dist. Der.": 30, "Ruta": 8 }, "geometry": { "type": "Point", "coordinates": [ -62.45757379, -33.61308808 ] } },
{ "type": "Feature", "properties": { "Name": "416.47", "P.K.": null, "Al.Dist. Izq.": 40, "Al.Dist. Der.": 30, "Ruta": 8 }, "geometry": { "type": "Point", "coordinates": [ -62.46196758, -33.61114946 ] } },
{ "type": "Feature", "properties": { "Name": "416.5", "P.K.": null, "Al.Dist. Izq.": 40, "Al.Dist. Der.": 30, "Ruta": 8 }, "geometry": { "type": "Point", "coordinates": [ -62.46229213, -33.61100399 ] } },
{ "type": "Feature", "properties": { "Name": "416.94", "P.K.": null, "Al.Dist. Izq.": 40, "Al.Dist. Der.": 30, "Ruta": 8 }, "geometry": { "type": "Point", "coordinates": [ -62.46641703, -33.60930993 ] } },
{ "type": "Feature", "properties": { "Name": "416.98", "P.K.": null, "Al.Dist. Izq.": 40, "Al.Dist. Der.": 30, "Ruta": 8 }, "geometry": { "type": "Point", "coordinates": [ -62.46677812, -33.60915831 ] } },
{ "type": "Feature", "properties": { "Name": "417", "P.K.": "PK417", "Al.Dist. Izq.": 40, "Al.Dist. Der.": 30, "Ruta": 8 }, "geometry": { "type": "Point", "coordinates": [ -62.46695481, -33.60902065 ] } },
{ "type": "Feature", "properties": { "Name": "417.96", "P.K.": null, "Al.Dist. Izq.": 40, "Al.Dist. Der.": 30, "Ruta": 8 }, "geometry": { "type": "Point", "coordinates": [ -62.47636, -33.60514 ] } },
{ "type": "Feature", "properties": { "Name": "418", "P.K.": "PK418", "Al.Dist. Izq.": 40, "Al.Dist. Der.": 30, "Ruta": 8 }, "geometry": { "type": "Point", "coordinates": [ -62.47669626, -33.60504489 ] } },
{ "type": "Feature", "properties": { "Name": "418.02", "P.K.": null, "Al.Dist. Izq.": 40, "Al.Dist. Der.": 30, "Ruta": 8 }, "geometry": { "type": "Point", "coordinates": [ -62.47691218, -33.60483601 ] } },
{ "type": "Feature", "properties": { "Name": "418.03", "P.K.": null, "Al.Dist. Izq.": 40, "Al.Dist. Der.": 30, "Ruta": 8 }, "geometry": { "type": "Point", "coordinates": [ -62.476988, -33.60482704 ] } },
{ "type": "Feature", "properties": { "Name": "418.09", "P.K.": null, "Al.Dist. Izq.": 40, "Al.Dist. Der.": 30, "Ruta": 8 }, "geometry": { "type": "Point", "coordinates": [ -62.4775824, -33.60455426 ] } },
{ "type": "Feature", "properties": { "Name": "418.13", "P.K.": null, "Al.Dist. Izq.": 40, "Al.Dist. Der.": 30, "Ruta": 8 }, "geometry": { "type": "Point", "coordinates": [ -62.47798336, -33.60440692 ] } },
{ "type": "Feature", "properties": { "Name": "418.2", "P.K.": null, "Al.Dist. Izq.": 40, "Al.Dist. Der.": 30, "Ruta": 8 }, "geometry": { "type": "Point", "coordinates": [ -62.47863397, -33.60417621 ] } },
{ "type": "Feature", "properties": { "Name": "418.32", "P.K.": null, "Al.Dist. Izq.": 40, "Al.Dist. Der.": 30, "Ruta": 8 }, "geometry": { "type": "Point", "coordinates": [ -62.47989, -33.6037 ] } },
{ "type": "Feature", "properties": { "Name": "418.33", "P.K.": null, "Al.Dist. Izq.": 40, "Al.Dist. Der.": 30, "Ruta": 8 }, "geometry": { "type": "Point", "coordinates": [ -62.4799595, -33.60368273 ] } },
{ "type": "Feature", "properties": { "Name": "418.48", "P.K.": null, "Al.Dist. Izq.": 40, "Al.Dist. Der.": 30, "Ruta": 8 }, "geometry": { "type": "Point", "coordinates": [ -62.48149809, -33.60327671 ] } },
{ "type": "Feature", "properties": { "Name": "418.52", "P.K.": null, "Al.Dist. Izq.": 40, "Al.Dist. Der.": 30, "Ruta": 8 }, "geometry": { "type": "Point", "coordinates": [ -62.48191886, -33.60320913 ] } },
{ "type": "Feature", "properties": { "Name": "418.72", "P.K.": null, "Al.Dist. Izq.": 40, "Al.Dist. Der.": 30, "Ruta": 8 }, "geometry": { "type": "Point", "coordinates": [ -62.48407, -33.60264 ] } },
{ "type": "Feature", "properties": { "Name": "418.83", "P.K.": null, "Al.Dist. Izq.": 40, "Al.Dist. Der.": 30, "Ruta": 8 }, "geometry": { "type": "Point", "coordinates": [ -62.48524278, -33.602425 ] } },
{ "type": "Feature", "properties": { "Name": "419", "P.K.": "PK419", "Al.Dist. Izq.": 40, "Al.Dist. Der.": 30, "Ruta": 8 }, "geometry": { "type": "Point", "coordinates": [ -62.48701539, -33.60200835 ] } },
{ "type": "Feature", "properties": { "Name": "419.15", "P.K.": null, "Al.Dist. Izq.": 40, "Al.Dist. Der.": 30, "Ruta": 8 }, "geometry": { "type": "Point", "coordinates": [ -62.48865489, -33.60195083 ] } },
{ "type": "Feature", "properties": { "Name": "419.4", "P.K.": null, "Al.Dist. Izq.": 40, "Al.Dist. Der.": 30, "Ruta": 8 }, "geometry": { "type": "Point", "coordinates": [ -62.49131309, -33.60128922 ] } },
{ "type": "Feature", "properties": { "Name": "420.81", "P.K.": null, "Al.Dist. Izq.": 40, "Al.Dist. Der.": 30, "Ruta": 8 }, "geometry": { "type": "Point", "coordinates": [ -62.50593, -33.59867 ] } },
{ "type": "Feature", "properties": { "Name": "421", "P.K.": "PK421", "Al.Dist. Izq.": 40, "Al.Dist. Der.": 30, "Ruta": 8 }, "geometry": { "type": "Point", "coordinates": [ -62.50783838, -33.59817442 ] } },
{ "type": "Feature", "properties": { "Name": "421.14", "P.K.": null, "Al.Dist. Izq.": 40, "Al.Dist. Der.": 30, "Ruta": 8 }, "geometry": { "type": "Point", "coordinates": [ -62.50937663, -33.59825261 ] } },
{ "type": "Feature", "properties": { "Name": "421.28", "P.K.": null, "Al.Dist. Izq.": 40, "Al.Dist. Der.": 30, "Ruta": 8 }, "geometry": { "type": "Point", "coordinates": [ -62.51092661, -33.59806466 ] } },
{ "type": "Feature", "properties": { "Name": "422.14", "P.K.": null, "Al.Dist. Izq.": 40, "Al.Dist. Der.": 30, "Ruta": 8 }, "geometry": { "type": "Point", "coordinates": [ -62.51997605, -33.59675267 ] } },
{ "type": "Feature", "properties": { "Name": "422.25", "P.K.": null, "Al.Dist. Izq.": 40, "Al.Dist. Der.": 30, "Ruta": 8 }, "geometry": { "type": "Point", "coordinates": [ -62.52089135, -33.59563866 ] } },
{ "type": "Feature", "properties": { "Name": "423", "P.K.": "PK423", "Al.Dist. Izq.": 40, "Al.Dist. Der.": 30, "Ruta": 8 }, "geometry": { "type": "Point", "coordinates": [ -62.52884578, -33.59432327 ] } },
{ "type": "Feature", "properties": { "Name": "423.5", "P.K.": null, "Al.Dist. Izq.": 40, "Al.Dist. Der.": 30, "Ruta": 8 }, "geometry": { "type": "Point", "coordinates": [ -62.53419545, -33.59358598 ] } },
{ "type": "Feature", "properties": { "Name": "423.51", "P.K.": null, "Al.Dist. Izq.": 40, "Al.Dist. Der.": 30, "Ruta": 8 }, "geometry": { "type": "Point", "coordinates": [ -62.53440164, -33.59357257 ] } },
{ "type": "Feature", "properties": { "Name": "424", "P.K.": "PK424", "Al.Dist. Izq.": 40, "Al.Dist. Der.": 30, "Ruta": 8 }, "geometry": { "type": "Point", "coordinates": [ -62.53962122, -33.59251493 ] } },
{ "type": "Feature", "properties": { "Name": "424.43", "P.K.": null, "Al.Dist. Izq.": 40, "Al.Dist. Der.": 30, "Ruta": 8 }, "geometry": { "type": "Point", "coordinates": [ -62.54428, -33.59173 ] } },
{ "type": "Feature", "properties": { "Name": "424.72", "P.K.": null, "Al.Dist. Izq.": 40, "Al.Dist. Der.": 30, "Ruta": 8 }, "geometry": { "type": "Point", "coordinates": [ -62.54733, -33.5912 ] } },
{ "type": "Feature", "properties": { "Name": "425", "P.K.": "PK425", "Al.Dist. Izq.": 40, "Al.Dist. Der.": 30, "Ruta": 8 }, "geometry": { "type": "Point", "coordinates": [ -62.55034033, -33.59058116 ] } },
{ "type": "Feature", "properties": { "Name": "425.23", "P.K.": null, "Al.Dist. Izq.": 40, "Al.Dist. Der.": 30, "Ruta": 8 }, "geometry": { "type": "Point", "coordinates": [ -62.55270604, -33.58994298 ] } },
{ "type": "Feature", "properties": { "Name": "425.77", "P.K.": null, "Al.Dist. Izq.": 40, "Al.Dist. Der.": 30, "Ruta": 8 }, "geometry": { "type": "Point", "coordinates": [ -62.55875845, -33.58932044 ] } },
{ "type": "Feature", "properties": { "Name": "426", "P.K.": "PK426", "Al.Dist. Izq.": 40, "Al.Dist. Der.": 30, "Ruta": 8 }, "geometry": { "type": "Point", "coordinates": [ -62.56109096, -33.58874649 ] } },
{ "type": "Feature", "properties": { "Name": "427", "P.K.": "PK427", "Al.Dist. Izq.": 40, "Al.Dist. Der.": 30, "Ruta": 8 }, "geometry": { "type": "Point", "coordinates": [ -62.5711003, -33.58673163 ] } },
{ "type": "Feature", "properties": { "Name": "427.12", "P.K.": null, "Al.Dist. Izq.": 40, "Al.Dist. Der.": 30, "Ruta": 8 }, "geometry": { "type": "Point", "coordinates": [ -62.57236, -33.58666 ] } },
{ "type": "Feature", "properties": { "Name": "427.82", "P.K.": null, "Al.Dist. Izq.": 40, "Al.Dist. Der.": 30, "Ruta": 8 }, "geometry": { "type": "Point", "coordinates": [ -62.57984933, -33.58583144 ] } },
{ "type": "Feature", "properties": { "Name": "427.99", "P.K.": null, "Al.Dist. Izq.": 40, "Al.Dist. Der.": 30, "Ruta": 8 }, "geometry": { "type": "Point", "coordinates": [ -62.58151431, -33.58522311 ] } },
{ "type": "Feature", "properties": { "Name": "428.01", "P.K.": null, "Al.Dist. Izq.": 40, "Al.Dist. Der.": 30, "Ruta": 8 }, "geometry": { "type": "Point", "coordinates": [ -62.58186501, -33.58530187 ] } },
{ "type": "Feature", "properties": { "Name": "428.13", "P.K.": null, "Al.Dist. Izq.": 40, "Al.Dist. Der.": 30, "Ruta": 8 }, "geometry": { "type": "Point", "coordinates": [ -62.5831065, -33.58464897 ] } },
{ "type": "Feature", "properties": { "Name": "428.16", "P.K.": null, "Al.Dist. Izq.": 40, "Al.Dist. Der.": 30, "Ruta": 8 }, "geometry": { "type": "Point", "coordinates": [ -62.58339454, -33.58482649 ] } },
{ "type": "Feature", "properties": { "Name": "428.21", "P.K.": null, "Al.Dist. Izq.": 40, "Al.Dist. Der.": 30, "Ruta": 8 }, "geometry": { "type": "Point", "coordinates": [ -62.5839806, -33.5847818 ] } },
{ "type": "Feature", "properties": { "Name": "428.26", "P.K.": null, "Al.Dist. Izq.": 40, "Al.Dist. Der.": 30, "Ruta": 8 }, "geometry": { "type": "Point", "coordinates": [ -62.58446172, -33.58444859 ] } },
{ "type": "Feature", "properties": { "Name": "428.27", "P.K.": null, "Al.Dist. Izq.": 40, "Al.Dist. Der.": 30, "Ruta": 8 }, "geometry": { "type": "Point", "coordinates": [ -62.58459248, -33.58475946 ] } },
{ "type": "Feature", "properties": { "Name": "428.89", "P.K.": null, "Al.Dist. Izq.": 40, "Al.Dist. Der.": 30, "Ruta": 8 }, "geometry": { "type": "Point", "coordinates": [ -62.59101067, -33.5829526 ] } },
{ "type": "Feature", "properties": { "Name": "429", "P.K.": "PK429", "Al.Dist. Izq.": 40, "Al.Dist. Der.": 30, "Ruta": 8 }, "geometry": { "type": "Point", "coordinates": [ -62.59227064, -33.58290456 ] } },
{ "type": "Feature", "properties": { "Name": "429.53", "P.K.": null, "Al.Dist. Izq.": 40, "Al.Dist. Der.": 30, "Ruta": 8 }, "geometry": { "type": "Point", "coordinates": [ -62.59792037, -33.58217889 ] } },
{ "type": "Feature", "properties": { "Name": "429.87", "P.K.": null, "Al.Dist. Izq.": 40, "Al.Dist. Der.": 30, "Ruta": 8 }, "geometry": { "type": "Point", "coordinates": [ -62.60152, -33.58135 ] } },
{ "type": "Feature", "properties": { "Name": "430", "P.K.": "PK430", "Al.Dist. Izq.": 40, "Al.Dist. Der.": 30, "Ruta": 8 }, "geometry": { "type": "Point", "coordinates": [ -62.60287911, -33.58114626 ] } },
{ "type": "Feature", "properties": { "Name": "430.62", "P.K.": null, "Al.Dist. Izq.": 40, "Al.Dist. Der.": 30, "Ruta": 8 }, "geometry": { "type": "Point", "coordinates": [ -62.60941364, -33.57976417 ] } },
{ "type": "Feature", "properties": { "Name": "430.86", "P.K.": null, "Al.Dist. Izq.": 40, "Al.Dist. Der.": 30, "Ruta": 8 }, "geometry": { "type": "Point", "coordinates": [ -62.61197481, -33.57954518 ] } },
{ "type": "Feature", "properties": { "Name": "430.95", "P.K.": null, "Al.Dist. Izq.": 40, "Al.Dist. Der.": 30, "Ruta": 8 }, "geometry": { "type": "Point", "coordinates": [ -62.61286162, -33.57924379 ] } },
{ "type": "Feature", "properties": { "Name": "431", "P.K.": "PK431", "Al.Dist. Izq.": 40, "Al.Dist. Der.": 30, "Ruta": 8 }, "geometry": { "type": "Point", "coordinates": [ -62.61338968, -33.57907675 ] } },
{ "type": "Feature", "properties": { "Name": "431.14", "P.K.": null, "Al.Dist. Izq.": 40, "Al.Dist. Der.": 30, "Ruta": 8 }, "geometry": { "type": "Point", "coordinates": [ -62.61488, -33.57874 ] } },
{ "type": "Feature", "properties": { "Name": "431.24", "P.K.": null, "Al.Dist. Izq.": 40, "Al.Dist. Der.": 30, "Ruta": 8 }, "geometry": { "type": "Point", "coordinates": [ -62.61581942, -33.5783181 ] } },
{ "type": "Feature", "properties": { "Name": "431.28", "P.K.": null, "Al.Dist. Izq.": 40, "Al.Dist. Der.": 30, "Ruta": 8 }, "geometry": { "type": "Point", "coordinates": [ -62.61627439, -33.57827396 ] } },
{ "type": "Feature", "properties": { "Name": "431.32", "P.K.": null, "Al.Dist. Izq.": 40, "Al.Dist. Der.": 30, "Ruta": 8 }, "geometry": { "type": "Point", "coordinates": [ -62.61664186, -33.57828095 ] } },
{ "type": "Feature", "properties": { "Name": "431.33", "P.K.": null, "Al.Dist. Izq.": 40, "Al.Dist. Der.": 30, "Ruta": 8 }, "geometry": { "type": "Point", "coordinates": [ -62.61667673, -33.57800916 ] } },
{ "type": "Feature", "properties": { "Name": "431.47", "P.K.": null, "Al.Dist. Izq.": 40, "Al.Dist. Der.": 30, "Ruta": 8 }, "geometry": { "type": "Point", "coordinates": [ -62.6181064, -33.57762348 ] } },
{ "type": "Feature", "properties": { "Name": "431.49", "P.K.": null, "Al.Dist. Izq.": 40, "Al.Dist. Der.": 30, "Ruta": 8 }, "geometry": { "type": "Point", "coordinates": [ -62.61839367, -33.57768039 ] } },
{ "type": "Feature", "properties": { "Name": "431.52", "P.K.": null, "Al.Dist. Izq.": 40, "Al.Dist. Der.": 30, "Ruta": 8 }, "geometry": { "type": "Point", "coordinates": [ -62.61859987, -33.57751307 ] } },
{ "type": "Feature", "properties": { "Name": "431.52", "P.K.": null, "Al.Dist. Izq.": 40, "Al.Dist. Der.": 30, "Ruta": 8 }, "geometry": { "type": "Point", "coordinates": [ -62.61859987, -33.57751307 ] } },
{ "type": "Feature", "properties": { "Name": "431.54", "P.K.": null, "Al.Dist. Izq.": 40, "Al.Dist. Der.": 30, "Ruta": 8 }, "geometry": { "type": "Point", "coordinates": [ -62.61888586, -33.57754268 ] } },
{ "type": "Feature", "properties": { "Name": "431.56", "P.K.": null, "Al.Dist. Izq.": 40, "Al.Dist. Der.": 30, "Ruta": 8 }, "geometry": { "type": "Point", "coordinates": [ -62.61905484, -33.57748234 ] } },
{ "type": "Feature", "properties": { "Name": "431.56", "P.K.": null, "Al.Dist. Izq.": 40, "Al.Dist. Der.": 30, "Ruta": 8 }, "geometry": { "type": "Point", "coordinates": [ -62.61907134, -33.57732005 ] } },
{ "type": "Feature", "properties": { "Name": "431.68", "P.K.": null, "Al.Dist. Izq.": 40, "Al.Dist. Der.": 30, "Ruta": 8 }, "geometry": { "type": "Point", "coordinates": [ -62.62024306, -33.57683541 ] } },
{ "type": "Feature", "properties": { "Name": "431.76", "P.K.": null, "Al.Dist. Izq.": 40, "Al.Dist. Der.": 30, "Ruta": 8 }, "geometry": { "type": "Point", "coordinates": [ -62.62108326, -33.57685189 ] } },
{ "type": "Feature", "properties": { "Name": "431.79", "P.K.": null, "Al.Dist. Izq.": 40, "Al.Dist. Der.": 30, "Ruta": 8 }, "geometry": { "type": "Point", "coordinates": [ -62.62135014, -33.57673848 ] } },
{ "type": "Feature", "properties": { "Name": "431.81", "P.K.": null, "Al.Dist. Izq.": 40, "Al.Dist. Der.": 30, "Ruta": 8 }, "geometry": { "type": "Point", "coordinates": [ -62.62154762, -33.57648875 ] } },
{ "type": "Feature", "properties": { "Name": "431.82", "P.K.": null, "Al.Dist. Izq.": 40, "Al.Dist. Der.": 30, "Ruta": 8 }, "geometry": { "type": "Point", "coordinates": [ -62.62166731, -33.57660971 ] } },
{ "type": "Feature", "properties": { "Name": "431.85", "P.K.": null, "Al.Dist. Izq.": 40, "Al.Dist. Der.": 30, "Ruta": 8 }, "geometry": { "type": "Point", "coordinates": [ -62.62204483, -33.57655915 ] } },
{ "type": "Feature", "properties": { "Name": "431.87", "P.K.": null, "Al.Dist. Izq.": 40, "Al.Dist. Der.": 30, "Ruta": 8 }, "geometry": { "type": "Point", "coordinates": [ -62.62211055, -33.5763259 ] } },
{ "type": "Feature", "properties": { "Name": "431.9", "P.K.": null, "Al.Dist. Izq.": 40, "Al.Dist. Der.": 30, "Ruta": 8 }, "geometry": { "type": "Point", "coordinates": [ -62.62249712, -33.57636976 ] } },
{ "type": "Feature", "properties": { "Name": "432", "P.K.": "PK432", "Al.Dist. Izq.": 40, "Al.Dist. Der.": 30, "Ruta": 8 }, "geometry": { "type": "Point", "coordinates": [ -62.6234664, -33.57598735 ] } },
{ "type": "Feature", "properties": { "Name": "432.41", "P.K.": null, "Al.Dist. Izq.": 40, "Al.Dist. Der.": 30, "Ruta": 8 }, "geometry": { "type": "Point", "coordinates": [ -62.62767311, -33.57527699 ] } },
{ "type": "Feature", "properties": { "Name": "432.48", "P.K.": null, "Al.Dist. Izq.": 40, "Al.Dist. Der.": 30, "Ruta": 8 }, "geometry": { "type": "Point", "coordinates": [ -62.6283731, -33.57502543 ] } },
{ "type": "Feature", "properties": { "Name": "432.65", "P.K.": null, "Al.Dist. Izq.": 40, "Al.Dist. Der.": 30, "Ruta": 8 }, "geometry": { "type": "Point", "coordinates": [ -62.63015, -33.57475 ] } },
{ "type": "Feature", "properties": { "Name": "433.59", "P.K.": null, "Al.Dist. Izq.": 40, "Al.Dist. Der.": 30, "Ruta": 8 }, "geometry": { "type": "Point", "coordinates": [ -62.63977, -33.57313 ] } },
{ "type": "Feature", "properties": { "Name": "434.01", "P.K.": null, "Al.Dist. Izq.": 40, "Al.Dist. Der.": 30, "Ruta": 8 }, "geometry": { "type": "Point", "coordinates": [ -62.64420658, -33.57242741 ] } },
{ "type": "Feature", "properties": { "Name": "434.02", "P.K.": null, "Al.Dist. Izq.": 40, "Al.Dist. Der.": 30, "Ruta": 8 }, "geometry": { "type": "Point", "coordinates": [ -62.64426258, -33.5723126 ] } },
{ "type": "Feature", "properties": { "Name": "434.17", "P.K.": null, "Al.Dist. Izq.": 40, "Al.Dist. Der.": 30, "Ruta": 8 }, "geometry": { "type": "Point", "coordinates": [ -62.64575939, -33.57211444 ] } },
{ "type": "Feature", "properties": { "Name": "434.3", "P.K.": null, "Al.Dist. Izq.": 40, "Al.Dist. Der.": 30, "Ruta": 8 }, "geometry": { "type": "Point", "coordinates": [ -62.64714226, -33.57190112 ] } },
{ "type": "Feature", "properties": { "Name": "434.46", "P.K.": null, "Al.Dist. Izq.": 40, "Al.Dist. Der.": 30, "Ruta": 8 }, "geometry": { "type": "Point", "coordinates": [ -62.64865737, -33.57145081 ] } },
{ "type": "Feature", "properties": { "Name": "434.5", "P.K.": null, "Al.Dist. Izq.": 40, "Al.Dist. Der.": 30, "Ruta": 8 }, "geometry": { "type": "Point", "coordinates": [ -62.64908619, -33.5715564 ] } },
{ "type": "Feature", "properties": { "Name": "434.55", "P.K.": null, "Al.Dist. Izq.": 40, "Al.Dist. Der.": 30, "Ruta": 8 }, "geometry": { "type": "Point", "coordinates": [ -62.64963588, -33.57134434 ] } },
{ "type": "Feature", "properties": { "Name": "434.66", "P.K.": null, "Al.Dist. Izq.": 40, "Al.Dist. Der.": 30, "Ruta": 8 }, "geometry": { "type": "Point", "coordinates": [ -62.65071664, -33.57092311 ] } },
{ "type": "Feature", "properties": { "Name": "434.69", "P.K.": null, "Al.Dist. Izq.": 40, "Al.Dist. Der.": 30, "Ruta": 8 }, "geometry": { "type": "Point", "coordinates": [ -62.65103214, -33.57091026 ] } },
{ "type": "Feature", "properties": { "Name": "434.77", "P.K.": null, "Al.Dist. Izq.": 40, "Al.Dist. Der.": 30, "Ruta": 8 }, "geometry": { "type": "Point", "coordinates": [ -62.65192, -33.57087 ] } },
{ "type": "Feature", "properties": { "Name": "434.89", "P.K.": null, "Al.Dist. Izq.": 40, "Al.Dist. Der.": 30, "Ruta": 8 }, "geometry": { "type": "Point", "coordinates": [ -62.65303507, -33.57047866 ] } },
{ "type": "Feature", "properties": { "Name": "435", "P.K.": "PK435", "Al.Dist. Izq.": 40, "Al.Dist. Der.": 30, "Ruta": 8 }, "geometry": { "type": "Point", "coordinates": [ -62.65415456, -33.57034485 ] } },
{ "type": "Feature", "properties": { "Name": "435.12", "P.K.": null, "Al.Dist. Izq.": 40, "Al.Dist. Der.": 30, "Ruta": 8 }, "geometry": { "type": "Point", "coordinates": [ -62.65544482, -33.57015126 ] } },
{ "type": "Feature", "properties": { "Name": "435.47", "P.K.": null, "Al.Dist. Izq.": 40, "Al.Dist. Der.": 30, "Ruta": 8 }, "geometry": { "type": "Point", "coordinates": [ -62.65922997, -33.57039066 ] } },
{ "type": "Feature", "properties": { "Name": "435.56", "P.K.": null, "Al.Dist. Izq.": 40, "Al.Dist. Der.": 30, "Ruta": 8 }, "geometry": { "type": "Point", "coordinates": [ -62.66012475, -33.57065039 ] } },
{ "type": "Feature", "properties": { "Name": "435.58", "P.K.": null, "Al.Dist. Izq.": 40, "Al.Dist. Der.": 30, "Ruta": 8 }, "geometry": { "type": "Point", "coordinates": [ -62.66024016, -33.57078679 ] } },
{ "type": "Feature", "properties": { "Name": "435.64", "P.K.": null, "Al.Dist. Izq.": 40, "Al.Dist. Der.": 30, "Ruta": 8 }, "geometry": { "type": "Point", "coordinates": [ -62.66090702, -33.5707527 ] } },
{ "type": "Feature", "properties": { "Name": "436.04", "P.K.": null, "Al.Dist. Izq.": 40, "Al.Dist. Der.": 30, "Ruta": 8 }, "geometry": { "type": "Point", "coordinates": [ -62.66519141, -33.57051997 ] } },
{ "type": "Feature", "properties": { "Name": "436.17", "P.K.": null, "Al.Dist. Izq.": 40, "Al.Dist. Der.": 30, "Ruta": 8 }, "geometry": { "type": "Point", "coordinates": [ -62.66659197, -33.57032948 ] } },
{ "type": "Feature", "properties": { "Name": "438", "P.K.": "PK438", "Al.Dist. Izq.": 40, "Al.Dist. Der.": 30, "Ruta": 8 }, "geometry": { "type": "Point", "coordinates": [ -62.68570371, -33.56685424 ] } },
{ "type": "Feature", "properties": { "Name": "438.4", "P.K.": null, "Al.Dist. Izq.": 40, "Al.Dist. Der.": 30, "Ruta": 8 }, "geometry": { "type": "Point", "coordinates": [ -62.68992215, -33.56612062 ] } },
{ "type": "Feature", "properties": { "Name": "438.81", "P.K.": null, "Al.Dist. Izq.": 40, "Al.Dist. Der.": 30, "Ruta": 8 }, "geometry": { "type": "Point", "coordinates": [ -62.69436121, -33.56530263 ] } },
{ "type": "Feature", "properties": { "Name": "438.9", "P.K.": null, "Al.Dist. Izq.": 40, "Al.Dist. Der.": 30, "Ruta": 8 }, "geometry": { "type": "Point", "coordinates": [ -62.69527651, -33.56504924 ] } },
{ "type": "Feature", "properties": { "Name": "438.92", "P.K.": null, "Al.Dist. Izq.": 40, "Al.Dist. Der.": 30, "Ruta": 8 }, "geometry": { "type": "Point", "coordinates": [ -62.6954978, -33.56498694 ] } },
{ "type": "Feature", "properties": { "Name": "438.99", "P.K.": null, "Al.Dist. Izq.": 40, "Al.Dist. Der.": 30, "Ruta": 8 }, "geometry": { "type": "Point", "coordinates": [ -62.69618, -33.5649 ] } },
{ "type": "Feature", "properties": { "Name": "439", "P.K.": "PK439", "Al.Dist. Izq.": 40, "Al.Dist. Der.": 30, "Ruta": 8 }, "geometry": { "type": "Point", "coordinates": [ -62.69629207, -33.56488665 ] } },
{ "type": "Feature", "properties": { "Name": "439.89", "P.K.": null, "Al.Dist. Izq.": 40, "Al.Dist. Der.": 30, "Ruta": 8 }, "geometry": { "type": "Point", "coordinates": [ -62.70566672, -33.56284357 ] } },
{ "type": "Feature", "properties": { "Name": "440", "P.K.": "PK440", "Al.Dist. Izq.": 40, "Al.Dist. Der.": 30, "Ruta": 8 }, "geometry": { "type": "Point", "coordinates": [ -62.70682242, -33.56298466 ] } },
{ "type": "Feature", "properties": { "Name": "440.43", "P.K.": null, "Al.Dist. Izq.": 40, "Al.Dist. Der.": 30, "Ruta": 8 }, "geometry": { "type": "Point", "coordinates": [ -62.71137144, -33.56232057 ] } },
{ "type": "Feature", "properties": { "Name": "440.92", "P.K.": null, "Al.Dist. Izq.": 40, "Al.Dist. Der.": 30, "Ruta": 8 }, "geometry": { "type": "Point", "coordinates": [ -62.71647468, -33.5611413 ] } },
{ "type": "Feature", "properties": { "Name": "441", "P.K.": "PK441", "Al.Dist. Izq.": 40, "Al.Dist. Der.": 30, "Ruta": 8 }, "geometry": { "type": "Point", "coordinates": [ -62.7173759, -33.56097451 ] } },
{ "type": "Feature", "properties": { "Name": "441.32", "P.K.": null, "Al.Dist. Izq.": 40, "Al.Dist. Der.": 30, "Ruta": 8 }, "geometry": { "type": "Point", "coordinates": [ -62.72091307, -33.56028191 ] } },
{ "type": "Feature", "properties": { "Name": "441.38", "P.K.": null, "Al.Dist. Izq.": 40, "Al.Dist. Der.": 30, "Ruta": 8 }, "geometry": { "type": "Point", "coordinates": [ -62.72162752, -33.56019944 ] } },
{ "type": "Feature", "properties": { "Name": "441.41", "P.K.": null, "Al.Dist. Izq.": 40, "Al.Dist. Der.": 30, "Ruta": 8 }, "geometry": { "type": "Point", "coordinates": [ -62.72192191, -33.56058979 ] } },
{ "type": "Feature", "properties": { "Name": "441.55", "P.K.": null, "Al.Dist. Izq.": 40, "Al.Dist. Der.": 30, "Ruta": 8 }, "geometry": { "type": "Point", "coordinates": [ -62.72346485, -33.55997179 ] } },
{ "type": "Feature", "properties": { "Name": "441.58", "P.K.": null, "Al.Dist. Izq.": 40, "Al.Dist. Der.": 30, "Ruta": 8 }, "geometry": { "type": "Point", "coordinates": [ -62.72389233, -33.55965412 ] } },
{ "type": "Feature", "properties": { "Name": "441.61", "P.K.": null, "Al.Dist. Izq.": 40, "Al.Dist. Der.": 30, "Ruta": 8 }, "geometry": { "type": "Point", "coordinates": [ -62.72426482, -33.55984355 ] } },
{ "type": "Feature", "properties": { "Name": "441.67", "P.K.": null, "Al.Dist. Izq.": 40, "Al.Dist. Der.": 30, "Ruta": 8 }, "geometry": { "type": "Point", "coordinates": [ -62.72482004, -33.55976644 ] } },
{ "type": "Feature", "properties": { "Name": "441.95", "P.K.": null, "Al.Dist. Izq.": 40, "Al.Dist. Der.": 30, "Ruta": 8 }, "geometry": { "type": "Point", "coordinates": [ -62.72798, -33.55905 ] } },
{ "type": "Feature", "properties": { "Name": "442", "P.K.": "PK442", "Al.Dist. Izq.": 40, "Al.Dist. Der.": 30, "Ruta": 8 }, "geometry": { "type": "Point", "coordinates": [ -62.72851277, -33.55896096 ] } },
{ "type": "Feature", "properties": { "Name": "442.16", "P.K.": null, "Al.Dist. Izq.": 40, "Al.Dist. Der.": 30, "Ruta": 8 }, "geometry": { "type": "Point", "coordinates": [ -62.73023274, -33.55847426 ] } },
{ "type": "Feature", "properties": { "Name": "442.19", "P.K.": null, "Al.Dist. Izq.": 40, "Al.Dist. Der.": 30, "Ruta": 8 }, "geometry": { "type": "Point", "coordinates": [ -62.73057, -33.55857 ] } },
{ "type": "Feature", "properties": { "Name": "442.76", "P.K.": null, "Al.Dist. Izq.": 40, "Al.Dist. Der.": 30, "Ruta": 8 }, "geometry": { "type": "Point", "coordinates": [ -62.73683978, -33.55738661 ] } },
{ "type": "Feature", "properties": { "Name": "442.85", "P.K.": null, "Al.Dist. Izq.": 40, "Al.Dist. Der.": 30, "Ruta": 8 }, "geometry": { "type": "Point", "coordinates": [ -62.73777109, -33.55723709 ] } },
{ "type": "Feature", "properties": { "Name": "443", "P.K.": "PK443", "Al.Dist. Izq.": 40, "Al.Dist. Der.": 30, "Ruta": 8 }, "geometry": { "type": "Point", "coordinates": [ -62.7394354, -33.55689204 ] } },
{ "type": "Feature", "properties": { "Name": "443.91", "P.K.": null, "Al.Dist. Izq.": 40, "Al.Dist. Der.": 30, "Ruta": 8 }, "geometry": { "type": "Point", "coordinates": [ -62.748605, -33.555289 ] } },
{ "type": "Feature", "properties": { "Name": "444", "P.K.": "PK444", "Al.Dist. Izq.": 40, "Al.Dist. Der.": 30, "Ruta": 8 }, "geometry": { "type": "Point", "coordinates": [ -62.74958924, -33.55511617 ] } },
{ "type": "Feature", "properties": { "Name": "444.61", "P.K.": null, "Al.Dist. Izq.": 40, "Al.Dist. Der.": 30, "Ruta": 8 }, "geometry": { "type": "Point", "coordinates": [ -62.75594, -33.55386 ] } },
{ "type": "Feature", "properties": { "Name": "445.32", "P.K.": null, "Al.Dist. Izq.": 40, "Al.Dist. Der.": 30, "Ruta": 8 }, "geometry": { "type": "Point", "coordinates": [ -62.76333, -33.55248 ] } },
{ "type": "Feature", "properties": { "Name": "446", "P.K.": "PK446", "Al.Dist. Izq.": 40, "Al.Dist. Der.": 30, "Ruta": 8 }, "geometry": { "type": "Point", "coordinates": [ -62.7704823, -33.55118291 ] } },
{ "type": "Feature", "properties": { "Name": "446.15", "P.K.": null, "Al.Dist. Izq.": 40, "Al.Dist. Der.": 30, "Ruta": 8 }, "geometry": { "type": "Point", "coordinates": [ -62.77209431, -33.55105466 ] } },
{ "type": "Feature", "properties": { "Name": "446.31", "P.K.": null, "Al.Dist. Izq.": 40, "Al.Dist. Der.": 30, "Ruta": 8 }, "geometry": { "type": "Point", "coordinates": [ -62.77377, -33.55056 ] } },
{ "type": "Feature", "properties": { "Name": "446.31", "P.K.": null, "Al.Dist. Izq.": 40, "Al.Dist. Der.": 30, "Ruta": 8 }, "geometry": { "type": "Point", "coordinates": [ -62.7737, -33.55058 ] } },
{ "type": "Feature", "properties": { "Name": "446.81", "P.K.": null, "Al.Dist. Izq.": 40, "Al.Dist. Der.": 30, "Ruta": 8 }, "geometry": { "type": "Point", "coordinates": [ -62.7790077, -33.54952455 ] } },
{ "type": "Feature", "properties": { "Name": "446.93", "P.K.": null, "Al.Dist. Izq.": 40, "Al.Dist. Der.": 30, "Ruta": 8 }, "geometry": { "type": "Point", "coordinates": [ -62.78025091, -33.54929068 ] } },
{ "type": "Feature", "properties": { "Name": "446.95", "P.K.": null, "Al.Dist. Izq.": 40, "Al.Dist. Der.": 30, "Ruta": 8 }, "geometry": { "type": "Point", "coordinates": [ -62.78047923, -33.54916829 ] } },
{ "type": "Feature", "properties": { "Name": "446.96", "P.K.": null, "Al.Dist. Izq.": 40, "Al.Dist. Der.": 30, "Ruta": 8 }, "geometry": { "type": "Point", "coordinates": [ -62.78052885, -33.54933091 ] } },
{ "type": "Feature", "properties": { "Name": "447", "P.K.": "PK447", "Al.Dist. Izq.": 40, "Al.Dist. Der.": 30, "Ruta": 8 }, "geometry": { "type": "Point", "coordinates": [ -62.7809808, -33.54917667 ] } },
{ "type": "Feature", "properties": { "Name": "447.03", "P.K.": null, "Al.Dist. Izq.": 40, "Al.Dist. Der.": 30, "Ruta": 8 }, "geometry": { "type": "Point", "coordinates": [ -62.78145, -33.54914 ] } },
{ "type": "Feature", "properties": { "Name": "447.15", "P.K.": null, "Al.Dist. Izq.": 40, "Al.Dist. Der.": 30, "Ruta": 8 }, "geometry": { "type": "Point", "coordinates": [ -62.7829368, -33.54891234 ] } },
{ "type": "Feature", "properties": { "Name": "447.99", "P.K.": null, "Al.Dist. Izq.": 40, "Al.Dist. Der.": 30, "Ruta": 8 }, "geometry": { "type": "Point", "coordinates": [ -62.79416359, -33.54676778 ] } },
{ "type": "Feature", "properties": { "Name": "448", "P.K.": "PK448", "Al.Dist. Izq.": 40, "Al.Dist. Der.": 30, "Ruta": 8 }, "geometry": { "type": "Point", "coordinates": [ -62.79427182, -33.54681272 ] } },
{ "type": "Feature", "properties": { "Name": "449", "P.K.": "PK449", "Al.Dist. Izq.": 40, "Al.Dist. Der.": 30, "Ruta": 8 }, "geometry": { "type": "Point", "coordinates": [ -62.80203313, -33.54527919 ] } },
{ "type": "Feature", "properties": { "Name": "449.2", "P.K.": null, "Al.Dist. Izq.": 40, "Al.Dist. Der.": 30, "Ruta": 8 }, "geometry": { "type": "Point", "coordinates": [ -62.80413866, -33.54491117 ] } },
{ "type": "Feature", "properties": { "Name": "449.23", "P.K.": null, "Al.Dist. Izq.": 40, "Al.Dist. Der.": 30, "Ruta": 8 }, "geometry": { "type": "Point", "coordinates": [ -62.80442197, -33.54478878 ] } },
{ "type": "Feature", "properties": { "Name": "449.28", "P.K.": null, "Al.Dist. Izq.": 40, "Al.Dist. Der.": 30, "Ruta": 8 }, "geometry": { "type": "Point", "coordinates": [ -62.8050429, -33.54496427 ] } },
{ "type": "Feature", "properties": { "Name": "449.34", "P.K.": null, "Al.Dist. Izq.": 40, "Al.Dist. Der.": 30, "Ruta": 8 }, "geometry": { "type": "Point", "coordinates": [ -62.80561555, -33.54461581 ] } },
{ "type": "Feature", "properties": { "Name": "449.49", "P.K.": null, "Al.Dist. Izq.": 40, "Al.Dist. Der.": 30, "Ruta": 8 }, "geometry": { "type": "Point", "coordinates": [ -62.80716721, -33.54439785 ] } },
{ "type": "Feature", "properties": { "Name": "449.58", "P.K.": null, "Al.Dist. Izq.": 40, "Al.Dist. Der.": 30, "Ruta": 8 }, "geometry": { "type": "Point", "coordinates": [ -62.80816365, -33.54428412 ] } },
{ "type": "Feature", "properties": { "Name": "449.59", "P.K.": null, "Al.Dist. Izq.": 40, "Al.Dist. Der.": 30, "Ruta": 8 }, "geometry": { "type": "Point", "coordinates": [ -62.80820288, -33.54416619 ] } },
{ "type": "Feature", "properties": { "Name": "449.64", "P.K.": null, "Al.Dist. Izq.": 40, "Al.Dist. Der.": 30, "Ruta": 8 }, "geometry": { "type": "Point", "coordinates": [ -62.80870613, -33.5441444 ] } },
{ "type": "Feature", "properties": { "Name": "450", "P.K.": "PK450", "Al.Dist. Izq.": 40, "Al.Dist. Der.": 30, "Ruta": 8 }, "geometry": { "type": "Point", "coordinates": [ -62.81251386, -33.54342484 ] } },
{ "type": "Feature", "properties": { "Name": "450.29", "P.K.": null, "Al.Dist. Izq.": 40, "Al.Dist. Der.": 30, "Ruta": 8 }, "geometry": { "type": "Point", "coordinates": [ -62.81560276, -33.54292939 ] } },
{ "type": "Feature", "properties": { "Name": "450.88", "P.K.": null, "Al.Dist. Izq.": 40, "Al.Dist. Der.": 30, "Ruta": 8 }, "geometry": { "type": "Point", "coordinates": [ -62.82165, -33.54167 ] } },
{ "type": "Feature", "properties": { "Name": "451", "P.K.": "PK451", "Al.Dist. Izq.": 40, "Al.Dist. Der.": 30, "Ruta": 8 }, "geometry": { "type": "Point", "coordinates": [ -62.82296207, -33.54140697 ] } },
{ "type": "Feature", "properties": { "Name": "451.14", "P.K.": null, "Al.Dist. Izq.": 40, "Al.Dist. Der.": 30, "Ruta": 8 }, "geometry": { "type": "Point", "coordinates": [ -62.82465678, -33.54107827 ] } },
{ "type": "Feature", "properties": { "Name": "451.25", "P.K.": null, "Al.Dist. Izq.": 40, "Al.Dist. Der.": 30, "Ruta": 8 }, "geometry": { "type": "Point", "coordinates": [ -62.82621592, -33.54076423 ] } },
{ "type": "Feature", "properties": { "Name": "451.38", "P.K.": null, "Al.Dist. Izq.": 40, "Al.Dist. Der.": 30, "Ruta": 8 }, "geometry": { "type": "Point", "coordinates": [ -62.82793623, -33.54052223 ] } },
{ "type": "Feature", "properties": { "Name": "451.5", "P.K.": null, "Al.Dist. Izq.": 40, "Al.Dist. Der.": 30, "Ruta": 8 }, "geometry": { "type": "Point", "coordinates": [ -62.82949492, -33.540354 ] } },
{ "type": "Feature", "properties": { "Name": "451.58", "P.K.": null, "Al.Dist. Izq.": 40, "Al.Dist. Der.": 30, "Ruta": 8 }, "geometry": { "type": "Point", "coordinates": [ -62.83066806, -33.54012904 ] } },
{ "type": "Feature", "properties": { "Name": "451.62", "P.K.": null, "Al.Dist. Izq.": 40, "Al.Dist. Der.": 30, "Ruta": 8 }, "geometry": { "type": "Point", "coordinates": [ -62.83096321, -33.53988494 ] } },
{ "type": "Feature", "properties": { "Name": "451.73", "P.K.": null, "Al.Dist. Izq.": 40, "Al.Dist. Der.": 30, "Ruta": 8 }, "geometry": { "type": "Point", "coordinates": [ -62.83251945, -33.53961512 ] } },
{ "type": "Feature", "properties": { "Name": "451.9", "P.K.": null, "Al.Dist. Izq.": 40, "Al.Dist. Der.": 30, "Ruta": 8 }, "geometry": { "type": "Point", "coordinates": [ -62.83463571, -33.53902352 ] } },
{ "type": "Feature", "properties": { "Name": "451.98", "P.K.": null, "Al.Dist. Izq.": 40, "Al.Dist. Der.": 30, "Ruta": 8 }, "geometry": { "type": "Point", "coordinates": [ -62.83575, -33.53902 ] } },
{ "type": "Feature", "properties": { "Name": "452", "P.K.": "PK452", "Al.Dist. Izq.": 40, "Al.Dist. Der.": 30, "Ruta": 8 }, "geometry": { "type": "Point", "coordinates": [ -62.8360888, -33.5390333 ] } },
{ "type": "Feature", "properties": { "Name": "452.13", "P.K.": null, "Al.Dist. Izq.": 40, "Al.Dist. Der.": 30, "Ruta": 8 }, "geometry": { "type": "Point", "coordinates": [ -62.83746611, -33.5386932 ] } },
{ "type": "Feature", "properties": { "Name": "452.17", "P.K.": null, "Al.Dist. Izq.": 40, "Al.Dist. Der.": 30, "Ruta": 8 }, "geometry": { "type": "Point", "coordinates": [ -62.83789761, -33.5386524 ] } },
{ "type": "Feature", "properties": { "Name": "453", "P.K.": "PK453", "Al.Dist. Izq.": 40, "Al.Dist. Der.": 30, "Ruta": 8 }, "geometry": { "type": "Point", "coordinates": [ -62.84655277, -33.53694183 ] } },
{ "type": "Feature", "properties": { "Name": "453.1", "P.K.": null, "Al.Dist. Izq.": 40, "Al.Dist. Der.": 30, "Ruta": 8 }, "geometry": { "type": "Point", "coordinates": [ -62.8475187, -33.53682054 ] } },
{ "type": "Feature", "properties": { "Name": "453.11", "P.K.": null, "Al.Dist. Izq.": 40, "Al.Dist. Der.": 30, "Ruta": 8 }, "geometry": { "type": "Point", "coordinates": [ -62.84762766, -33.53681775 ] } },
{ "type": "Feature", "properties": { "Name": "453.21", "P.K.": null, "Al.Dist. Izq.": 40, "Al.Dist. Der.": 30, "Ruta": 8 }, "geometry": { "type": "Point", "coordinates": [ -62.84842, -33.53666 ] } },
{ "type": "Feature", "properties": { "Name": "453.94", "P.K.": null, "Al.Dist. Izq.": 40, "Al.Dist. Der.": 30, "Ruta": 8 }, "geometry": { "type": "Point", "coordinates": [ -62.85515595, -33.53517644 ] } },
{ "type": "Feature", "properties": { "Name": "454", "P.K.": "PK454", "Al.Dist. Izq.": 40, "Al.Dist. Der.": 30, "Ruta": 8 }, "geometry": { "type": "Point", "coordinates": [ -62.85571888, -33.53531897 ] } },
{ "type": "Feature", "properties": { "Name": "454.35", "P.K.": null, "Al.Dist. Izq.": 40, "Al.Dist. Der.": 30, "Ruta": 8 }, "geometry": { "type": "Point", "coordinates": [ -62.85912395, -33.53484052 ] } },
{ "type": "Feature", "properties": { "Name": "454.43", "P.K.": null, "Al.Dist. Izq.": 40, "Al.Dist. Der.": 30, "Ruta": 8 }, "geometry": { "type": "Point", "coordinates": [ -62.85986055, -33.53469883 ] } },
{ "type": "Feature", "properties": { "Name": "454.8", "P.K.": null, "Al.Dist. Izq.": 40, "Al.Dist. Der.": 30, "Ruta": 8 }, "geometry": { "type": "Point", "coordinates": [ -62.86341783, -33.53378887 ] } },
{ "type": "Feature", "properties": { "Name": "454.81", "P.K.": null, "Al.Dist. Izq.": 40, "Al.Dist. Der.": 30, "Ruta": 8 }, "geometry": { "type": "Point", "coordinates": [ -62.86348723, -33.53377518 ] } },
{ "type": "Feature", "properties": { "Name": "454.89", "P.K.": null, "Al.Dist. Izq.": 40, "Al.Dist. Der.": 30, "Ruta": 8 }, "geometry": { "type": "Point", "coordinates": [ -62.86418549, -33.53368154 ] } },
{ "type": "Feature", "properties": { "Name": "454.99", "P.K.": null, "Al.Dist. Izq.": 40, "Al.Dist. Der.": 30, "Ruta": 8 }, "geometry": { "type": "Point", "coordinates": [ -62.86532085, -33.53364187 ] } },
{ "type": "Feature", "properties": { "Name": "455.03", "P.K.": null, "Al.Dist. Izq.": 40, "Al.Dist. Der.": 30, "Ruta": 8 }, "geometry": { "type": "Point", "coordinates": [ -62.86556695, -33.53324306 ] } },
{ "type": "Feature", "properties": { "Name": "455.09", "P.K.": null, "Al.Dist. Izq.": 40, "Al.Dist. Der.": 30, "Ruta": 8 }, "geometry": { "type": "Point", "coordinates": [ -62.86622979, -33.53326598 ] } },
{ "type": "Feature", "properties": { "Name": "455.1", "P.K.": null, "Al.Dist. Izq.": 40, "Al.Dist. Der.": 30, "Ruta": 8 }, "geometry": { "type": "Point", "coordinates": [ -62.8663354, -33.53322489 ] } },
{ "type": "Feature", "properties": { "Name": "455.13", "P.K.": null, "Al.Dist. Izq.": 40, "Al.Dist. Der.": 30, "Ruta": 8 }, "geometry": { "type": "Point", "coordinates": [ -62.86649533, -33.53319387 ] } },
{ "type": "Feature", "properties": { "Name": "455.13", "P.K.": null, "Al.Dist. Izq.": 40, "Al.Dist. Der.": 30, "Ruta": 8 }, "geometry": { "type": "Point", "coordinates": [ -62.86649533, -33.53319387 ] } },
{ "type": "Feature", "properties": { "Name": "455.15", "P.K.": null, "Al.Dist. Izq.": 40, "Al.Dist. Der.": 30, "Ruta": 8 }, "geometry": { "type": "Point", "coordinates": [ -62.86677998, -33.53320421 ] } },
{ "type": "Feature", "properties": { "Name": "455.15", "P.K.": null, "Al.Dist. Izq.": 40, "Al.Dist. Der.": 30, "Ruta": 8 }, "geometry": { "type": "Point", "coordinates": [ -62.86677998, -33.53320421 ] } },
{ "type": "Feature", "properties": { "Name": "455.17", "P.K.": null, "Al.Dist. Izq.": 40, "Al.Dist. Der.": 30, "Ruta": 8 }, "geometry": { "type": "Point", "coordinates": [ -62.86692917, -33.53316984 ] } },
{ "type": "Feature", "properties": { "Name": "455.18", "P.K.": null, "Al.Dist. Izq.": 40, "Al.Dist. Der.": 30, "Ruta": 8 }, "geometry": { "type": "Point", "coordinates": [ -62.86704283, -33.5330491 ] } },
{ "type": "Feature", "properties": { "Name": "455.2", "P.K.": null, "Al.Dist. Izq.": 40, "Al.Dist. Der.": 30, "Ruta": 8 }, "geometry": { "type": "Point", "coordinates": [ -62.86726948, -33.53317179 ] } },
{ "type": "Feature", "properties": { "Name": "455.36", "P.K.": null, "Al.Dist. Izq.": 40, "Al.Dist. Der.": 30, "Ruta": 8 }, "geometry": { "type": "Point", "coordinates": [ -62.86868636, -33.53282273 ] } },
{ "type": "Feature", "properties": { "Name": "455.36", "P.K.": null, "Al.Dist. Izq.": 40, "Al.Dist. Der.": 30, "Ruta": 8 }, "geometry": { "type": "Point", "coordinates": [ -62.86868636, -33.53282273 ] } },
{ "type": "Feature", "properties": { "Name": "455.36", "P.K.": null, "Al.Dist. Izq.": 40, "Al.Dist. Der.": 30, "Ruta": 8 }, "geometry": { "type": "Point", "coordinates": [ -62.86868636, -33.53282273 ] } },
{ "type": "Feature", "properties": { "Name": "455.38", "P.K.": null, "Al.Dist. Izq.": 40, "Al.Dist. Der.": 30, "Ruta": 8 }, "geometry": { "type": "Point", "coordinates": [ -62.86895189, -33.5328898 ] } },
{ "type": "Feature", "properties": { "Name": "455.38", "P.K.": null, "Al.Dist. Izq.": 40, "Al.Dist. Der.": 30, "Ruta": 8 }, "geometry": { "type": "Point", "coordinates": [ -62.86887713, -33.53267349 ] } },
{ "type": "Feature", "properties": { "Name": "455.39", "P.K.": null, "Al.Dist. Izq.": 40, "Al.Dist. Der.": 30, "Ruta": 8 }, "geometry": { "type": "Point", "coordinates": [ -62.86909875, -33.53284034 ] } },
{ "type": "Feature", "properties": { "Name": "455.57", "P.K.": null, "Al.Dist. Izq.": 40, "Al.Dist. Der.": 30, "Ruta": 8 }, "geometry": { "type": "Point", "coordinates": [ -62.87077781, -33.53243034 ] } },
{ "type": "Feature", "properties": { "Name": "455.69", "P.K.": null, "Al.Dist. Izq.": 40, "Al.Dist. Der.": 30, "Ruta": 8 }, "geometry": { "type": "Point", "coordinates": [ -62.87200837, -33.53218186 ] } },
{ "type": "Feature", "properties": { "Name": "455.7", "P.K.": null, "Al.Dist. Izq.": 40, "Al.Dist. Der.": 30, "Ruta": 8 }, "geometry": { "type": "Point", "coordinates": [ -62.87206024, -33.53216288 ] } },
{ "type": "Feature", "properties": { "Name": "455.84", "P.K.": null, "Al.Dist. Izq.": 40, "Al.Dist. Der.": 30, "Ruta": 8 }, "geometry": { "type": "Point", "coordinates": [ -62.87337117, -33.53201867 ] } },
{ "type": "Feature", "properties": { "Name": "455.98", "P.K.": null, "Al.Dist. Izq.": 40, "Al.Dist. Der.": 30, "Ruta": 8 }, "geometry": { "type": "Point", "coordinates": [ -62.87473038, -33.53175121 ] } },
{ "type": "Feature", "properties": { "Name": "456", "P.K.": "PK456", "Al.Dist. Izq.": 40, "Al.Dist. Der.": 30, "Ruta": 8 }, "geometry": { "type": "Point", "coordinates": [ -62.87498619, -33.53170286 ] } },
{ "type": "Feature", "properties": { "Name": "456.16", "P.K.": null, "Al.Dist. Izq.": 40, "Al.Dist. Der.": 30, "Ruta": 8 }, "geometry": { "type": "Point", "coordinates": [ -62.87662895, -33.53129864 ] } },
{ "type": "Feature", "properties": { "Name": "456.48", "P.K.": null, "Al.Dist. Izq.": 40, "Al.Dist. Der.": 30, "Ruta": 8 }, "geometry": { "type": "Point", "coordinates": [ -62.88002, -33.53072 ] } },
{ "type": "Feature", "properties": { "Name": "457", "P.K.": "PK457", "Al.Dist. Izq.": 40, "Al.Dist. Der.": 30, "Ruta": 8 }, "geometry": { "type": "Point", "coordinates": [ -62.88555007, -33.52959724 ] } },
{ "type": "Feature", "properties": { "Name": "457.15", "P.K.": null, "Al.Dist. Izq.": 40, "Al.Dist. Der.": 30, "Ruta": 8 }, "geometry": { "type": "Point", "coordinates": [ -62.88727507, -33.52940076 ] } },
{ "type": "Feature", "properties": { "Name": "457.41", "P.K.": null, "Al.Dist. Izq.": 40, "Al.Dist. Der.": 30, "Ruta": 8 }, "geometry": { "type": "Point", "coordinates": [ -62.89004847, -33.5287761 ] } },
{ "type": "Feature", "properties": { "Name": "457.65", "P.K.": null, "Al.Dist. Izq.": 40, "Al.Dist. Der.": 30, "Ruta": 8 }, "geometry": { "type": "Point", "coordinates": [ -62.89267536, -33.52827498 ] } },
{ "type": "Feature", "properties": { "Name": "457.86", "P.K.": null, "Al.Dist. Izq.": 40, "Al.Dist. Der.": 30, "Ruta": 8 }, "geometry": { "type": "Point", "coordinates": [ -62.89502598, -33.52793456 ] } },
{ "type": "Feature", "properties": { "Name": "458", "P.K.": "PK458", "Al.Dist. Izq.": 40, "Al.Dist. Der.": 30, "Ruta": 8 }, "geometry": { "type": "Point", "coordinates": [ -62.89653037, -33.52768357 ] } },
{ "type": "Feature", "properties": { "Name": "458.19", "P.K.": null, "Al.Dist. Izq.": 40, "Al.Dist. Der.": 30, "Ruta": 8 }, "geometry": { "type": "Point", "coordinates": [ -62.89859, -33.52723 ] } },
{ "type": "Feature", "properties": { "Name": "458.29", "P.K.": null, "Al.Dist. Izq.": 40, "Al.Dist. Der.": 30, "Ruta": 8 }, "geometry": { "type": "Point", "coordinates": [ -62.89946705, -33.52711173 ] } },
{ "type": "Feature", "properties": { "Name": "458.36", "P.K.": null, "Al.Dist. Izq.": 40, "Al.Dist. Der.": 30, "Ruta": 8 }, "geometry": { "type": "Point", "coordinates": [ -62.90023517, -33.5268504 ] } },
{ "type": "Feature", "properties": { "Name": "458.43", "P.K.": null, "Al.Dist. Izq.": 40, "Al.Dist. Der.": 30, "Ruta": 8 }, "geometry": { "type": "Point", "coordinates": [ -62.90094, -33.52679 ] } },
{ "type": "Feature", "properties": { "Name": "458.88", "P.K.": null, "Al.Dist. Izq.": 40, "Al.Dist. Der.": 30, "Ruta": 8 }, "geometry": { "type": "Point", "coordinates": [ -62.90561754, -33.52586432 ] } },
{ "type": "Feature", "properties": { "Name": "459", "P.K.": "PK459", "Al.Dist. Izq.": 40, "Al.Dist. Der.": 30, "Ruta": 8 }, "geometry": { "type": "Point", "coordinates": [ -62.90689241, -33.52560971 ] } },
{ "type": "Feature", "properties": { "Name": "459.02", "P.K.": null, "Al.Dist. Izq.": 40, "Al.Dist. Der.": 30, "Ruta": 8 }, "geometry": { "type": "Point", "coordinates": [ -62.90709, -33.52564 ] } },
{ "type": "Feature", "properties": { "Name": "459.09", "P.K.": null, "Al.Dist. Izq.": 40, "Al.Dist. Der.": 30, "Ruta": 8 }, "geometry": { "type": "Point", "coordinates": [ -62.90782046, -33.52550546 ] } },
{ "type": "Feature", "properties": { "Name": "459.7", "P.K.": null, "Al.Dist. Izq.": 40, "Al.Dist. Der.": 30, "Ruta": 8 }, "geometry": { "type": "Point", "coordinates": [ -62.91416803, -33.52430129 ] } },
{ "type": "Feature", "properties": { "Name": "459.75", "P.K.": null, "Al.Dist. Izq.": 40, "Al.Dist. Der.": 30, "Ruta": 8 }, "geometry": { "type": "Point", "coordinates": [ -62.91472077, -33.52413953 ] } },
{ "type": "Feature", "properties": { "Name": "459.98", "P.K.": null, "Al.Dist. Izq.": 40, "Al.Dist. Der.": 30, "Ruta": 8 }, "geometry": { "type": "Point", "coordinates": [ -62.91706905, -33.52358472 ] } },
{ "type": "Feature", "properties": { "Name": "460", "P.K.": "PK460", "Al.Dist. Izq.": 40, "Al.Dist. Der.": 30, "Ruta": 8 }, "geometry": { "type": "Point", "coordinates": [ -62.91734029, -33.5235235 ] } },
{ "type": "Feature", "properties": { "Name": "460.03", "P.K.": null, "Al.Dist. Izq.": 40, "Al.Dist. Der.": 30, "Ruta": 8 }, "geometry": { "type": "Point", "coordinates": [ -62.91763734, -33.52342148 ] } },
{ "type": "Feature", "properties": { "Name": "460.21", "P.K.": null, "Al.Dist. Izq.": 40, "Al.Dist. Der.": 30, "Ruta": 8 }, "geometry": { "type": "Point", "coordinates": [ -62.91946, -33.52301 ] } },
{ "type": "Feature", "properties": { "Name": "460.38", "P.K.": null, "Al.Dist. Izq.": 40, "Al.Dist. Der.": 30, "Ruta": 8 }, "geometry": { "type": "Point", "coordinates": [ -62.92127609, -33.52267268 ] } },
{ "type": "Feature", "properties": { "Name": "460.67", "P.K.": null, "Al.Dist. Izq.": 40, "Al.Dist. Der.": 30, "Ruta": 8 }, "geometry": { "type": "Point", "coordinates": [ -62.92424, -33.52214 ] } },
{ "type": "Feature", "properties": { "Name": "461", "P.K.": "PK461", "Al.Dist. Izq.": 40, "Al.Dist. Der.": 30, "Ruta": 8 }, "geometry": { "type": "Point", "coordinates": [ -62.92770501, -33.52144591 ] } },
{ "type": "Feature", "properties": { "Name": "461.05", "P.K.": null, "Al.Dist. Izq.": 40, "Al.Dist. Der.": 30, "Ruta": 8 }, "geometry": { "type": "Point", "coordinates": [ -62.92824917, -33.52142271 ] } },
{ "type": "Feature", "properties": { "Name": "461.38", "P.K.": null, "Al.Dist. Izq.": 40, "Al.Dist. Der.": 30, "Ruta": 8 }, "geometry": { "type": "Point", "coordinates": [ -62.93174442, -33.52072756 ] } },
{ "type": "Feature", "properties": { "Name": "462", "P.K.": "PK462", "Al.Dist. Izq.": 40, "Al.Dist. Der.": 30, "Ruta": 8 }, "geometry": { "type": "Point", "coordinates": [ -62.93860115, -33.51961229 ] } },
{ "type": "Feature", "properties": { "Name": "462.05", "P.K.": null, "Al.Dist. Izq.": 40, "Al.Dist. Der.": 30, "Ruta": 8 }, "geometry": { "type": "Point", "coordinates": [ -62.93937, -33.51943 ] } },
{ "type": "Feature", "properties": { "Name": "462.64", "P.K.": null, "Al.Dist. Izq.": 40, "Al.Dist. Der.": 30, "Ruta": 8 }, "geometry": { "type": "Point", "coordinates": [ -62.9473294, -33.51791923 ] } },
{ "type": "Feature", "properties": { "Name": "463", "P.K.": "PK463", "Al.Dist. Izq.": 40, "Al.Dist. Der.": 30, "Ruta": 8 }, "geometry": { "type": "Point", "coordinates": [ -62.95217011, -33.51705717 ] } },
{ "type": "Feature", "properties": { "Name": "463.22", "P.K.": null, "Al.Dist. Izq.": 40, "Al.Dist. Der.": 30, "Ruta": 8 }, "geometry": { "type": "Point", "coordinates": [ -62.95376, -33.51684 ] } },
{ "type": "Feature", "properties": { "Name": "463.81", "P.K.": null, "Al.Dist. Izq.": 40, "Al.Dist. Der.": 30, "Ruta": 8 }, "geometry": { "type": "Point", "coordinates": [ -62.95799, -33.51608 ] } },
{ "type": "Feature", "properties": { "Name": "463.93", "P.K.": null, "Al.Dist. Izq.": 40, "Al.Dist. Der.": 30, "Ruta": 8 }, "geometry": { "type": "Point", "coordinates": [ -62.9588002, -33.51595695 ] } },
{ "type": "Feature", "properties": { "Name": "464", "P.K.": "PK464", "Al.Dist. Izq.": 40, "Al.Dist. Der.": 30, "Ruta": 8 }, "geometry": { "type": "Point", "coordinates": [ -62.95941275, -33.51585827 ] } },
{ "type": "Feature", "properties": { "Name": "464.06", "P.K.": null, "Al.Dist. Izq.": 40, "Al.Dist. Der.": 30, "Ruta": 8 }, "geometry": { "type": "Point", "coordinates": [ -62.95987355, -33.51568677 ] } },
{ "type": "Feature", "properties": { "Name": "464.71", "P.K.": null, "Al.Dist. Izq.": 40, "Al.Dist. Der.": 30, "Ruta": 8 }, "geometry": { "type": "Point", "coordinates": [ -62.96565358, -33.51478878 ] } },
{ "type": "Feature", "properties": { "Name": "464.79", "P.K.": null, "Al.Dist. Izq.": 40, "Al.Dist. Der.": 30, "Ruta": 8 }, "geometry": { "type": "Point", "coordinates": [ -62.96644, -33.51457 ] } },
{ "type": "Feature", "properties": { "Name": "465", "P.K.": "PK465", "Al.Dist. Izq.": 40, "Al.Dist. Der.": 30, "Ruta": 8 }, "geometry": { "type": "Point", "coordinates": [ -62.96831131, -33.51416206 ] } },
{ "type": "Feature", "properties": { "Name": "465.14", "P.K.": null, "Al.Dist. Izq.": 40, "Al.Dist. Der.": 30, "Ruta": 8 }, "geometry": { "type": "Point", "coordinates": [ -62.96989918, -33.51396024 ] } },
{ "type": "Feature", "properties": { "Name": "465.43", "P.K.": null, "Al.Dist. Izq.": 40, "Al.Dist. Der.": 30, "Ruta": 8 }, "geometry": { "type": "Point", "coordinates": [ -62.97317496, -33.51333464 ] } },
{ "type": "Feature", "properties": { "Name": "465.51", "P.K.": null, "Al.Dist. Izq.": 40, "Al.Dist. Der.": 30, "Ruta": 8 }, "geometry": { "type": "Point", "coordinates": [ -62.97414, -33.51317 ] } },
{ "type": "Feature", "properties": { "Name": "465.56", "P.K.": null, "Al.Dist. Izq.": 40, "Al.Dist. Der.": 30, "Ruta": 8 }, "geometry": { "type": "Point", "coordinates": [ -62.97474258, -33.51309423 ] } },
{ "type": "Feature", "properties": { "Name": "465.89", "P.K.": null, "Al.Dist. Izq.": 40, "Al.Dist. Der.": 30, "Ruta": 8 }, "geometry": { "type": "Point", "coordinates": [ -62.97846, -33.51241 ] } },
{ "type": "Feature", "properties": { "Name": "466", "P.K.": "PK466", "Al.Dist. Izq.": 40, "Al.Dist. Der.": 30, "Ruta": 8 }, "geometry": { "type": "Point", "coordinates": [ -62.97972746, -33.51220053 ] } },
{ "type": "Feature", "properties": { "Name": "466.23", "P.K.": null, "Al.Dist. Izq.": 40, "Al.Dist. Der.": 30, "Ruta": 8 }, "geometry": { "type": "Point", "coordinates": [ -62.98224, -33.51171 ] } },
{ "type": "Feature", "properties": { "Name": "467.28", "P.K.": null, "Al.Dist. Izq.": 40, "Al.Dist. Der.": 30, "Ruta": 8 }, "geometry": { "type": "Point", "coordinates": [ -62.99344, -33.50971 ] } },
{ "type": "Feature", "properties": { "Name": "467.33", "P.K.": null, "Al.Dist. Izq.": 40, "Al.Dist. Der.": 30, "Ruta": 8 }, "geometry": { "type": "Point", "coordinates": [ -62.99395926, -33.50961277 ] } },
{ "type": "Feature", "properties": { "Name": "468", "P.K.": "PK468", "Al.Dist. Izq.": 40, "Al.Dist. Der.": 30, "Ruta": 8 }, "geometry": { "type": "Point", "coordinates": [ -63.00125152, -33.50826588 ] } },
{ "type": "Feature", "properties": { "Name": "468.7", "P.K.": null, "Al.Dist. Izq.": 40, "Al.Dist. Der.": 30, "Ruta": 8 }, "geometry": { "type": "Point", "coordinates": [ -63.00889, -33.50691 ] } },
{ "type": "Feature", "properties": { "Name": "469", "P.K.": "PK469", "Al.Dist. Izq.": 40, "Al.Dist. Der.": 30, "Ruta": 8 }, "geometry": { "type": "Point", "coordinates": [ -63.01223049, -33.50629606 ] } },
{ "type": "Feature", "properties": { "Name": "469.01", "P.K.": null, "Al.Dist. Izq.": 40, "Al.Dist. Der.": 30, "Ruta": 8 }, "geometry": { "type": "Point", "coordinates": [ -63.01226274, -33.50625737 ] } },
{ "type": "Feature", "properties": { "Name": "470.17", "P.K.": null, "Al.Dist. Izq.": 40, "Al.Dist. Der.": 30, "Ruta": 8 }, "geometry": { "type": "Point", "coordinates": [ -63.0244925, -33.50405975 ] } },
{ "type": "Feature", "properties": { "Name": "470.25", "P.K.": null, "Al.Dist. Izq.": 40, "Al.Dist. Der.": 30, "Ruta": 8 }, "geometry": { "type": "Point", "coordinates": [ -63.02529888, -33.50390375 ] } },
{ "type": "Feature", "properties": { "Name": "470.28", "P.K.": null, "Al.Dist. Izq.": 40, "Al.Dist. Der.": 30, "Ruta": 8 }, "geometry": { "type": "Point", "coordinates": [ -63.02569466, -33.50385088 ] } },
{ "type": "Feature", "properties": { "Name": "470.33", "P.K.": null, "Al.Dist. Izq.": 40, "Al.Dist. Der.": 30, "Ruta": 8 }, "geometry": { "type": "Point", "coordinates": [ -63.0262, -33.50378 ] } },
{ "type": "Feature", "properties": { "Name": "470.36", "P.K.": null, "Al.Dist. Izq.": 40, "Al.Dist. Der.": 30, "Ruta": 8 }, "geometry": { "type": "Point", "coordinates": [ -63.02653235, -33.50373249 ] } },
{ "type": "Feature", "properties": { "Name": "470.37", "P.K.": null, "Al.Dist. Izq.": 40, "Al.Dist. Der.": 30, "Ruta": 8 }, "geometry": { "type": "Point", "coordinates": [ -63.02657124, -33.50377303 ] } },
{ "type": "Feature", "properties": { "Name": "470.41", "P.K.": null, "Al.Dist. Izq.": 40, "Al.Dist. Der.": 30, "Ruta": 8 }, "geometry": { "type": "Point", "coordinates": [ -63.0270216, -33.50343655 ] } },
{ "type": "Feature", "properties": { "Name": "470.41", "P.K.": null, "Al.Dist. Izq.": 35, "Al.Dist. Der.": 35, "Ruta": 8 }, "geometry": { "type": "Point", "coordinates": [ -63.0270216, -33.50343655 ] } },
{ "type": "Feature", "properties": { "Name": "470.5", "P.K.": null, "Al.Dist. Izq.": 35, "Al.Dist. Der.": 35, "Ruta": 8 }, "geometry": { "type": "Point", "coordinates": [ -63.02792, -33.50342 ] } },
{ "type": "Feature", "properties": { "Name": "470.55", "P.K.": null, "Al.Dist. Izq.": 35, "Al.Dist. Der.": 35, "Ruta": 8 }, "geometry": { "type": "Point", "coordinates": [ -63.02849673, -33.50331985 ] } },
{ "type": "Feature", "properties": { "Name": "470.59", "P.K.": null, "Al.Dist. Izq.": 35, "Al.Dist. Der.": 35, "Ruta": 8 }, "geometry": { "type": "Point", "coordinates": [ -63.0289299, -33.5031932 ] } },
{ "type": "Feature", "properties": { "Name": "470.61", "P.K.": null, "Al.Dist. Izq.": 35, "Al.Dist. Der.": 35, "Ruta": 8 }, "geometry": { "type": "Point", "coordinates": [ -63.02907374, -33.50319041 ] } },
{ "type": "Feature", "properties": { "Name": "471", "P.K.": "PK471", "Al.Dist. Izq.": 35, "Al.Dist. Der.": 35, "Ruta": 8 }, "geometry": { "type": "Point", "coordinates": [ -63.03308766, -33.50220883 ] } },
{ "type": "Feature", "properties": { "Name": "471.04", "P.K.": null, "Al.Dist. Izq.": 35, "Al.Dist. Der.": 35, "Ruta": 8 }, "geometry": { "type": "Point", "coordinates": [ -63.03351388, -33.50209964 ] } },
{ "type": "Feature", "properties": { "Name": "472", "P.K.": "PK472", "Al.Dist. Izq.": 35, "Al.Dist. Der.": 35, "Ruta": 8 }, "geometry": { "type": "Point", "coordinates": [ -63.04380544, -33.49984247 ] } },
{ "type": "Feature", "properties": { "Name": "472.46", "P.K.": null, "Al.Dist. Izq.": 35, "Al.Dist. Der.": 35, "Ruta": 8 }, "geometry": { "type": "Point", "coordinates": [ -63.04826595, -33.49889384 ] } },
{ "type": "Feature", "properties": { "Name": "472.53", "P.K.": null, "Al.Dist. Izq.": 35, "Al.Dist. Der.": 35, "Ruta": 8 }, "geometry": { "type": "Point", "coordinates": [ -63.04885235, -33.49878956 ] } },
{ "type": "Feature", "properties": { "Name": "472.62", "P.K.": null, "Al.Dist. Izq.": 35, "Al.Dist. Der.": 35, "Ruta": 8 }, "geometry": { "type": "Point", "coordinates": [ -63.04967545, -33.49854408 ] } },
{ "type": "Feature", "properties": { "Name": "472.65", "P.K.": null, "Al.Dist. Izq.": 35, "Al.Dist. Der.": 35, "Ruta": 8 }, "geometry": { "type": "Point", "coordinates": [ -63.04995, -33.49842 ] } },
{ "type": "Feature", "properties": { "Name": "472.87", "P.K.": null, "Al.Dist. Izq.": 35, "Al.Dist. Der.": 35, "Ruta": 8 }, "geometry": { "type": "Point", "coordinates": [ -63.05202942, -33.49795024 ] } },
{ "type": "Feature", "properties": { "Name": "473", "P.K.": "PK473", "Al.Dist. Izq.": 35, "Al.Dist. Der.": 35, "Ruta": 8 }, "geometry": { "type": "Point", "coordinates": [ -63.05324514, -33.4974274 ] } },
{ "type": "Feature", "properties": { "Name": "473.02", "P.K.": null, "Al.Dist. Izq.": 35, "Al.Dist. Der.": 35, "Ruta": 8 }, "geometry": { "type": "Point", "coordinates": [ -63.05342082, -33.49744166 ] } },
{ "type": "Feature", "properties": { "Name": "473.04", "P.K.": null, "Al.Dist. Izq.": 35, "Al.Dist. Der.": 35, "Ruta": 8 }, "geometry": { "type": "Point", "coordinates": [ -63.05368535, -33.49737624 ] } },
{ "type": "Feature", "properties": { "Name": "473.12", "P.K.": null, "Al.Dist. Izq.": 35, "Al.Dist. Der.": 35, "Ruta": 8 }, "geometry": { "type": "Point", "coordinates": [ -63.05439244, -33.49710576 ] } },
{ "type": "Feature", "properties": { "Name": "473.18", "P.K.": null, "Al.Dist. Izq.": 35, "Al.Dist. Der.": 35, "Ruta": 8 }, "geometry": { "type": "Point", "coordinates": [ -63.05509573, -33.49686748 ] } },
{ "type": "Feature", "properties": { "Name": "473.21", "P.K.": null, "Al.Dist. Izq.": 35, "Al.Dist. Der.": 35, "Ruta": 8 }, "geometry": { "type": "Point", "coordinates": [ -63.0554, -33.4968 ] } },
{ "type": "Feature", "properties": { "Name": "473.3", "P.K.": null, "Al.Dist. Izq.": 35, "Al.Dist. Der.": 35, "Ruta": 8 }, "geometry": { "type": "Point", "coordinates": [ -63.05634309, -33.49637111 ] } },
{ "type": "Feature", "properties": { "Name": "473.3", "P.K.": null, "Al.Dist. Izq.": 35, "Al.Dist. Der.": 35, "Ruta": 8 }, "geometry": { "type": "Point", "coordinates": [ -63.05632833, -33.49635125 ] } },
{ "type": "Feature", "properties": { "Name": "473.31", "P.K.": null, "Al.Dist. Izq.": 35, "Al.Dist. Der.": 35, "Ruta": 8 }, "geometry": { "type": "Point", "coordinates": [ -63.05644669, -33.49641892 ] } },
{ "type": "Feature", "properties": { "Name": "473.34", "P.K.": null, "Al.Dist. Izq.": 35, "Al.Dist. Der.": 35, "Ruta": 8 }, "geometry": { "type": "Point", "coordinates": [ -63.05668704, -33.49627857 ] } },
{ "type": "Feature", "properties": { "Name": "473.37", "P.K.": null, "Al.Dist. Izq.": 35, "Al.Dist. Der.": 35, "Ruta": 8 }, "geometry": { "type": "Point", "coordinates": [ -63.0569952, -33.49617036 ] } },
{ "type": "Feature", "properties": { "Name": "473.86", "P.K.": null, "Al.Dist. Izq.": 35, "Al.Dist. Der.": 35, "Ruta": 8 }, "geometry": { "type": "Point", "coordinates": [ -63.06178097, -33.49390724 ] } },
{ "type": "Feature", "properties": { "Name": "473.93", "P.K.": null, "Al.Dist. Izq.": 35, "Al.Dist. Der.": 35, "Ruta": 8 }, "geometry": { "type": "Point", "coordinates": [ -63.0625286, -33.49353598 ] } },
{ "type": "Feature", "properties": { "Name": "474", "P.K.": "PK474", "Al.Dist. Izq.": 35, "Al.Dist. Der.": 35, "Ruta": 8 }, "geometry": { "type": "Point", "coordinates": [ -63.0631512, -33.49321919 ] } },
{ "type": "Feature", "properties": { "Name": "474.14", "P.K.": null, "Al.Dist. Izq.": 35, "Al.Dist. Der.": 35, "Ruta": 8 }, "geometry": { "type": "Point", "coordinates": [ -63.06442138, -33.49246666 ] } },
{ "type": "Feature", "properties": { "Name": "474.3", "P.K.": null, "Al.Dist. Izq.": 35, "Al.Dist. Der.": 35, "Ruta": 8 }, "geometry": { "type": "Point", "coordinates": [ -63.06591275, -33.49173597 ] } },
{ "type": "Feature", "properties": { "Name": "474.32", "P.K.": null, "Al.Dist. Izq.": 35, "Al.Dist. Der.": 35, "Ruta": 8 }, "geometry": { "type": "Point", "coordinates": [ -63.0661, -33.49167 ] } },
{ "type": "Feature", "properties": { "Name": "474.37", "P.K.": null, "Al.Dist. Izq.": 35, "Al.Dist. Der.": 35, "Ruta": 8 }, "geometry": { "type": "Point", "coordinates": [ -63.06656185, -33.49139437 ] } },
{ "type": "Feature", "properties": { "Name": "474.68", "P.K.": null, "Al.Dist. Izq.": 35, "Al.Dist. Der.": 35, "Ruta": 8 }, "geometry": { "type": "Point", "coordinates": [ -63.06935595, -33.48991742 ] } },
{ "type": "Feature", "properties": { "Name": "475.31", "P.K.": null, "Al.Dist. Izq.": 35, "Al.Dist. Der.": 35, "Ruta": 8 }, "geometry": { "type": "Point", "coordinates": [ -63.0751, -33.4869 ] } },
{ "type": "Feature", "properties": { "Name": "475.86", "P.K.": null, "Al.Dist. Izq.": 35, "Al.Dist. Der.": 35, "Ruta": 8 }, "geometry": { "type": "Point", "coordinates": [ -63.08006471, -33.48430076 ] } },
{ "type": "Feature", "properties": { "Name": "475.92", "P.K.": null, "Al.Dist. Izq.": 35, "Al.Dist. Der.": 35, "Ruta": 8 }, "geometry": { "type": "Point", "coordinates": [ -63.08070827, -33.48404042 ] } },
{ "type": "Feature", "properties": { "Name": "476", "P.K.": "PK476", "Al.Dist. Izq.": 35, "Al.Dist. Der.": 35, "Ruta": 8 }, "geometry": { "type": "Point", "coordinates": [ -63.08138821, -33.48367858 ] } },
{ "type": "Feature", "properties": { "Name": "476.49", "P.K.": null, "Al.Dist. Izq.": 35, "Al.Dist. Der.": 35, "Ruta": 8 }, "geometry": { "type": "Point", "coordinates": [ -63.08627041, -33.48185778 ] } },
{ "type": "Feature", "properties": { "Name": "476.56", "P.K.": null, "Al.Dist. Izq.": 35, "Al.Dist. Der.": 35, "Ruta": 8 }, "geometry": { "type": "Point", "coordinates": [ -63.08699, -33.48174 ] } },
{ "type": "Feature", "properties": { "Name": "476.62", "P.K.": null, "Al.Dist. Izq.": 35, "Al.Dist. Der.": 35, "Ruta": 8 }, "geometry": { "type": "Point", "coordinates": [ -63.08763675, -33.48158632 ] } },
{ "type": "Feature", "properties": { "Name": "476.7", "P.K.": null, "Al.Dist. Izq.": 35, "Al.Dist. Der.": 35, "Ruta": 8 }, "geometry": { "type": "Point", "coordinates": [ -63.08849707, -33.48147195 ] } },
{ "type": "Feature", "properties": { "Name": "477", "P.K.": "PK477", "Al.Dist. Izq.": 35, "Al.Dist. Der.": 35, "Ruta": 8 }, "geometry": { "type": "Point", "coordinates": [ -63.09172243, -33.48070237 ] } },
{ "type": "Feature", "properties": { "Name": "477.15", "P.K.": null, "Al.Dist. Izq.": 35, "Al.Dist. Der.": 35, "Ruta": 8 }, "geometry": { "type": "Point", "coordinates": [ -63.09327442, -33.48043895 ] } },
{ "type": "Feature", "properties": { "Name": "477.94", "P.K.": null, "Al.Dist. Izq.": 35, "Al.Dist. Der.": 35, "Ruta": 8 }, "geometry": { "type": "Point", "coordinates": [ -63.10139658, -33.47865593 ] } },
{ "type": "Feature", "properties": { "Name": "478.11", "P.K.": null, "Al.Dist. Izq.": 35, "Al.Dist. Der.": 35, "Ruta": 8 }, "geometry": { "type": "Point", "coordinates": [ -63.10322, -33.47832 ] } },
{ "type": "Feature", "properties": { "Name": "479", "P.K.": "PK479", "Al.Dist. Izq.": 35, "Al.Dist. Der.": 35, "Ruta": 8 }, "geometry": { "type": "Point", "coordinates": [ -63.11243881, -33.47638959 ] } },
{ "type": "Feature", "properties": { "Name": "480", "P.K.": "PK480", "Al.Dist. Izq.": 35, "Al.Dist. Der.": 35, "Ruta": 8 }, "geometry": { "type": "Point", "coordinates": [ -63.12252592, -33.47428486 ] } },
{ "type": "Feature", "properties": { "Name": "480.33", "P.K.": null, "Al.Dist. Izq.": 35, "Al.Dist. Der.": 35, "Ruta": 8 }, "geometry": { "type": "Point", "coordinates": [ -63.126, -33.47357 ] } },
{ "type": "Feature", "properties": { "Name": "480.35", "P.K.": null, "Al.Dist. Izq.": 35, "Al.Dist. Der.": 35, "Ruta": 8 }, "geometry": { "type": "Point", "coordinates": [ -63.12618647, -33.47348837 ] } },
{ "type": "Feature", "properties": { "Name": "480.38", "P.K.": null, "Al.Dist. Izq.": 35, "Al.Dist. Der.": 35, "Ruta": 8 }, "geometry": { "type": "Point", "coordinates": [ -63.12654186, -33.47345005 ] } },
{ "type": "Feature", "properties": { "Name": "480.79", "P.K.": null, "Al.Dist. Izq.": 35, "Al.Dist. Der.": 35, "Ruta": 8 }, "geometry": { "type": "Point", "coordinates": [ -63.13058429, -33.47235934 ] } },
{ "type": "Feature", "properties": { "Name": "481", "P.K.": "PK481", "Al.Dist. Izq.": 35, "Al.Dist. Der.": 35, "Ruta": 8 }, "geometry": { "type": "Point", "coordinates": [ -63.13262913, -33.47151669 ] } },
{ "type": "Feature", "properties": { "Name": "481.06", "P.K.": null, "Al.Dist. Izq.": 35, "Al.Dist. Der.": 35, "Ruta": 8 }, "geometry": { "type": "Point", "coordinates": [ -63.13314407, -33.47123586 ] } },
{ "type": "Feature", "properties": { "Name": "481.07", "P.K.": null, "Al.Dist. Izq.": 35, "Al.Dist. Der.": 35, "Ruta": 8 }, "geometry": { "type": "Point", "coordinates": [ -63.13330438, -33.47121073 ] } },
{ "type": "Feature", "properties": { "Name": "481.1", "P.K.": null, "Al.Dist. Izq.": 35, "Al.Dist. Der.": 35, "Ruta": 8 }, "geometry": { "type": "Point", "coordinates": [ -63.13348, -33.47108 ] } },
{ "type": "Feature", "properties": { "Name": "481.15", "P.K.": null, "Al.Dist. Izq.": 35, "Al.Dist. Der.": 35, "Ruta": 8 }, "geometry": { "type": "Point", "coordinates": [ -63.13398164, -33.47083876 ] } },
{ "type": "Feature", "properties": { "Name": "481.33", "P.K.": null, "Al.Dist. Izq.": 35, "Al.Dist. Der.": 35, "Ruta": 8 }, "geometry": { "type": "Point", "coordinates": [ -63.13534963, -33.46956874 ] } },
{ "type": "Feature", "properties": { "Name": "481.47", "P.K.": null, "Al.Dist. Izq.": 35, "Al.Dist. Der.": 35, "Ruta": 8 }, "geometry": { "type": "Point", "coordinates": [ -63.1365864, -33.46899791 ] } },
{ "type": "Feature", "properties": { "Name": "481.9", "P.K.": null, "Al.Dist. Izq.": 35, "Al.Dist. Der.": 35, "Ruta": 8 }, "geometry": { "type": "Point", "coordinates": [ -63.1401353, -33.46633529 ] } },
{ "type": "Feature", "properties": { "Name": "482", "P.K.": "PK482", "Al.Dist. Izq.": 35, "Al.Dist. Der.": 35, "Ruta": 8 }, "geometry": { "type": "Point", "coordinates": [ -63.14093962, -33.46576668 ] } },
{ "type": "Feature", "properties": { "Name": "482.78", "P.K.": null, "Al.Dist. Izq.": 35, "Al.Dist. Der.": 35, "Ruta": 8 }, "geometry": { "type": "Point", "coordinates": [ -63.14751539, -33.46094912 ] } },
{ "type": "Feature", "properties": { "Name": "482.93", "P.K.": null, "Al.Dist. Izq.": 35, "Al.Dist. Der.": 35, "Ruta": 8 }, "geometry": { "type": "Point", "coordinates": [ -63.14886119, -33.46003391 ] } },
{ "type": "Feature", "properties": { "Name": "482.95", "P.K.": null, "Al.Dist. Izq.": 35, "Al.Dist. Der.": 35, "Ruta": 8 }, "geometry": { "type": "Point", "coordinates": [ -63.14900804, -33.45994608 ] } },
{ "type": "Feature", "properties": { "Name": "483.41", "P.K.": null, "Al.Dist. Izq.": 35, "Al.Dist. Der.": 35, "Ruta": 8 }, "geometry": { "type": "Point", "coordinates": [ -63.15289374, -33.45699207 ] } },
{ "type": "Feature", "properties": { "Name": "485", "P.K.": "PK485", "Al.Dist. Izq.": 35, "Al.Dist. Der.": 35, "Ruta": 8 }, "geometry": { "type": "Point", "coordinates": [ -63.16629243, -33.4472221 ] } },
{ "type": "Feature", "properties": { "Name": "485.98", "P.K.": null, "Al.Dist. Izq.": 35, "Al.Dist. Der.": 35, "Ruta": 8 }, "geometry": { "type": "Point", "coordinates": [ -63.17407094, -33.44158753 ] } },
{ "type": "Feature", "properties": { "Name": "486", "P.K.": "PK486", "Al.Dist. Izq.": 35, "Al.Dist. Der.": 35, "Ruta": 8 }, "geometry": { "type": "Point", "coordinates": [ -63.17427177, -33.44144345 ] } },
{ "type": "Feature", "properties": { "Name": "486.97", "P.K.": null, "Al.Dist. Izq.": 35, "Al.Dist. Der.": 35, "Ruta": 8 }, "geometry": { "type": "Point", "coordinates": [ -63.18195, -33.43584 ] } },
{ "type": "Feature", "properties": { "Name": "487", "P.K.": "PK487", "Al.Dist. Izq.": 35, "Al.Dist. Der.": 35, "Ruta": 8 }, "geometry": { "type": "Point", "coordinates": [ -63.1821635, -33.4356159 ] } },
{ "type": "Feature", "properties": { "Name": "487.1", "P.K.": null, "Al.Dist. Izq.": 35, "Al.Dist. Der.": 35, "Ruta": 8 }, "geometry": { "type": "Point", "coordinates": [ -63.18305466, -33.43513354 ] } },
{ "type": "Feature", "properties": { "Name": "487.14", "P.K.": null, "Al.Dist. Izq.": 35, "Al.Dist. Der.": 35, "Ruta": 8 }, "geometry": { "type": "Point", "coordinates": [ -63.18327762, -33.43483696 ] } },
{ "type": "Feature", "properties": { "Name": "487.26", "P.K.": null, "Al.Dist. Izq.": 35, "Al.Dist. Der.": 35, "Ruta": 8 }, "geometry": { "type": "Point", "coordinates": [ -63.18416342, -33.43413552 ] } },
{ "type": "Feature", "properties": { "Name": "487.34", "P.K.": null, "Al.Dist. Izq.": 35, "Al.Dist. Der.": 35, "Ruta": 8 }, "geometry": { "type": "Point", "coordinates": [ -63.18488292, -33.43371023 ] } },
{ "type": "Feature", "properties": { "Name": "487.93", "P.K.": null, "Al.Dist. Izq.": 35, "Al.Dist. Der.": 35, "Ruta": 8 }, "geometry": { "type": "Point", "coordinates": [ -63.19000159, -33.4308571 ] } },
{ "type": "Feature", "properties": { "Name": "488", "P.K.": "PK488", "Al.Dist. Izq.": 35, "Al.Dist. Der.": 35, "Ruta": 8 }, "geometry": { "type": "Point", "coordinates": [ -63.19077775, -33.43066964 ] } },
{ "type": "Feature", "properties": { "Name": "488.34", "P.K.": null, "Al.Dist. Izq.": 35, "Al.Dist. Der.": 35, "Ruta": 8 }, "geometry": { "type": "Point", "coordinates": [ -63.19419153, -33.42996984 ] } },
{ "type": "Feature", "properties": { "Name": "488.39", "P.K.": null, "Al.Dist. Izq.": 35, "Al.Dist. Der.": 35, "Ruta": 8 }, "geometry": { "type": "Point", "coordinates": [ -63.19471624, -33.42979216 ] } },
{ "type": "Feature", "properties": { "Name": "488.43", "P.K.": null, "Al.Dist. Izq.": 35, "Al.Dist. Der.": 35, "Ruta": 8 }, "geometry": { "type": "Point", "coordinates": [ -63.19517389, -33.42975551 ] } },
{ "type": "Feature", "properties": { "Name": "488.47", "P.K.": null, "Al.Dist. Izq.": 35, "Al.Dist. Der.": 35, "Ruta": 8 }, "geometry": { "type": "Point", "coordinates": [ -63.19553968, -33.42965449 ] } },
{ "type": "Feature", "properties": { "Name": "489", "P.K.": "PK489", "Al.Dist. Izq.": 35, "Al.Dist. Der.": 35, "Ruta": 8 }, "geometry": { "type": "Point", "coordinates": [ -63.20101306, -33.42851874 ] } },
{ "type": "Feature", "properties": { "Name": "489.12", "P.K.": null, "Al.Dist. Izq.": 35, "Al.Dist. Der.": 35, "Ruta": 8 }, "geometry": { "type": "Point", "coordinates": [ -63.20235215, -33.42834106 ] } },
{ "type": "Feature", "properties": { "Name": "489.39", "P.K.": null, "Al.Dist. Izq.": 35, "Al.Dist. Der.": 35, "Ruta": 8 }, "geometry": { "type": "Point", "coordinates": [ -63.20546418, -33.42785446 ] } },
{ "type": "Feature", "properties": { "Name": "489.41", "P.K.": null, "Al.Dist. Izq.": 35, "Al.Dist. Der.": 35, "Ruta": 8 }, "geometry": { "type": "Point", "coordinates": [ -63.20568413, -33.42762921 ] } },
{ "type": "Feature", "properties": { "Name": "489.61", "P.K.": null, "Al.Dist. Izq.": 35, "Al.Dist. Der.": 35, "Ruta": 8 }, "geometry": { "type": "Point", "coordinates": [ -63.20803307, -33.42729847 ] } },
{ "type": "Feature", "properties": { "Name": "489.89", "P.K.": null, "Al.Dist. Izq.": 35, "Al.Dist. Der.": 35, "Ruta": 8 }, "geometry": { "type": "Point", "coordinates": [ -63.21121752, -33.42664678 ] } },
{ "type": "Feature", "properties": { "Name": "490", "P.K.": "PK490", "Al.Dist. Izq.": 35, "Al.Dist. Der.": 35, "Ruta": 8 }, "geometry": { "type": "Point", "coordinates": [ -63.21243558, -33.42648056 ] } },
{ "type": "Feature", "properties": { "Name": "490.12", "P.K.": null, "Al.Dist. Izq.": 35, "Al.Dist. Der.": 35, "Ruta": 8 }, "geometry": { "type": "Point", "coordinates": [ -63.21355138, -33.42627406 ] } },
{ "type": "Feature", "properties": { "Name": "490.16", "P.K.": null, "Al.Dist. Izq.": 35, "Al.Dist. Der.": 35, "Ruta": 8 }, "geometry": { "type": "Point", "coordinates": [ -63.2139755, -33.42616884 ] } },
{ "type": "Feature", "properties": { "Name": "490.59", "P.K.": null, "Al.Dist. Izq.": 35, "Al.Dist. Der.": 35, "Ruta": 8 }, "geometry": { "type": "Point", "coordinates": [ -63.21836595, -33.42536883 ] } },
{ "type": "Feature", "properties": { "Name": "490.82", "P.K.": null, "Al.Dist. Izq.": 35, "Al.Dist. Der.": 35, "Ruta": 8 }, "geometry": { "type": "Point", "coordinates": [ -63.22057977, -33.42493623 ] } },
{ "type": "Feature", "properties": { "Name": "490.92", "P.K.": null, "Al.Dist. Izq.": 35, "Al.Dist. Der.": 35, "Ruta": 8 }, "geometry": { "type": "Point", "coordinates": [ -63.22154604, -33.42476106 ] } },
{ "type": "Feature", "properties": { "Name": "491", "P.K.": "PK491", "Al.Dist. Izq.": 35, "Al.Dist. Der.": 35, "Ruta": 8 }, "geometry": { "type": "Point", "coordinates": [ -63.2223678, -33.42460184 ] } },
{ "type": "Feature", "properties": { "Name": "491.05", "P.K.": null, "Al.Dist. Izq.": 35, "Al.Dist. Der.": 35, "Ruta": 8 }, "geometry": { "type": "Point", "coordinates": [ -63.22294531, -33.42448915 ] } },
{ "type": "Feature", "properties": { "Name": "491.29", "P.K.": null, "Al.Dist. Izq.": 35, "Al.Dist. Der.": 35, "Ruta": 8 }, "geometry": { "type": "Point", "coordinates": [ -63.22535344, -33.42403911 ] } },
{ "type": "Feature", "properties": { "Name": "491.69", "P.K.": null, "Al.Dist. Izq.": 35, "Al.Dist. Der.": 35, "Ruta": 8 }, "geometry": { "type": "Point", "coordinates": [ -63.22945487, -33.42331043 ] } },
{ "type": "Feature", "properties": { "Name": "491.74", "P.K.": null, "Al.Dist. Izq.": 35, "Al.Dist. Der.": 35, "Ruta": 8 }, "geometry": { "type": "Point", "coordinates": [ -63.23002383, -33.42319346 ] } },
{ "type": "Feature", "properties": { "Name": "492", "P.K.": "PK492", "Al.Dist. Izq.": 35, "Al.Dist. Der.": 35, "Ruta": 8 }, "geometry": { "type": "Point", "coordinates": [ -63.23255751, -33.42276141 ] } },
{ "type": "Feature", "properties": { "Name": "492.08", "P.K.": null, "Al.Dist. Izq.": 35, "Al.Dist. Der.": 35, "Ruta": 8 }, "geometry": { "type": "Point", "coordinates": [ -63.23348958, -33.42258315 ] } },
{ "type": "Feature", "properties": { "Name": "492.45", "P.K.": null, "Al.Dist. Izq.": 35, "Al.Dist. Der.": 35, "Ruta": 8 }, "geometry": { "type": "Point", "coordinates": [ -63.23727397, -33.42183969 ] } },
{ "type": "Feature", "properties": { "Name": "492.58", "P.K.": null, "Al.Dist. Izq.": 35, "Al.Dist. Der.": 35, "Ruta": 8 }, "geometry": { "type": "Point", "coordinates": [ -63.2386, -33.4216 ] } },
{ "type": "Feature", "properties": { "Name": "492.95", "P.K.": null, "Al.Dist. Izq.": 35, "Al.Dist. Der.": 35, "Ruta": 8 }, "geometry": { "type": "Point", "coordinates": [ -63.24244145, -33.42089267 ] } },
{ "type": "Feature", "properties": { "Name": "493", "P.K.": "PK493", "Al.Dist. Izq.": 35, "Al.Dist. Der.": 35, "Ruta": 8 }, "geometry": { "type": "Point", "coordinates": [ -63.24297253, -33.42077346 ] } },
{ "type": "Feature", "properties": { "Name": "493.21", "P.K.": null, "Al.Dist. Izq.": 35, "Al.Dist. Der.": 35, "Ruta": 8 }, "geometry": { "type": "Point", "coordinates": [ -63.24525174, -33.42038057 ] } },
{ "type": "Feature", "properties": { "Name": "493.4", "P.K.": null, "Al.Dist. Izq.": 35, "Al.Dist. Der.": 35, "Ruta": 8 }, "geometry": { "type": "Point", "coordinates": [ -63.24734151, -33.42000614 ] } },
{ "type": "Feature", "properties": { "Name": "493.46", "P.K.": null, "Al.Dist. Izq.": 35, "Al.Dist. Der.": 35, "Ruta": 8 }, "geometry": { "type": "Point", "coordinates": [ -63.24794032, -33.41991212 ] } },
{ "type": "Feature", "properties": { "Name": "493.5", "P.K.": null, "Al.Dist. Izq.": 35, "Al.Dist. Der.": 35, "Ruta": 8 }, "geometry": { "type": "Point", "coordinates": [ -63.24844156, -33.41978311 ] } },
{ "type": "Feature", "properties": { "Name": "493.61", "P.K.": null, "Al.Dist. Izq.": 35, "Al.Dist. Der.": 35, "Ruta": 8 }, "geometry": { "type": "Point", "coordinates": [ -63.24963581, -33.4195917 ] } },
{ "type": "Feature", "properties": { "Name": "493.78", "P.K.": null, "Al.Dist. Izq.": 35, "Al.Dist. Der.": 35, "Ruta": 8 }, "geometry": { "type": "Point", "coordinates": [ -63.25137656, -33.41916214 ] } },
{ "type": "Feature", "properties": { "Name": "493.8", "P.K.": null, "Al.Dist. Izq.": 35, "Al.Dist. Der.": 35, "Ruta": 8 }, "geometry": { "type": "Point", "coordinates": [ -63.25155866, -33.41901263 ] } },
{ "type": "Feature", "properties": { "Name": "494", "P.K.": "PK494", "Al.Dist. Izq.": 35, "Al.Dist. Der.": 35, "Ruta": 8 }, "geometry": { "type": "Point", "coordinates": [ -63.25355485, -33.41820004 ] } },
{ "type": "Feature", "properties": { "Name": "494.2", "P.K.": null, "Al.Dist. Izq.": 35, "Al.Dist. Der.": 35, "Ruta": 8 }, "geometry": { "type": "Point", "coordinates": [ -63.2551102, -33.41692673 ] } },
{ "type": "Feature", "properties": { "Name": "494.21", "P.K.": null, "Al.Dist. Izq.": 35, "Al.Dist. Der.": 35, "Ruta": 8 }, "geometry": { "type": "Point", "coordinates": [ -63.25521313, -33.41682514 ] } },
{ "type": "Feature", "properties": { "Name": "494.24", "P.K.": null, "Al.Dist. Izq.": 35, "Al.Dist. Der.": 35, "Ruta": 8 }, "geometry": { "type": "Point", "coordinates": [ -63.25535495, -33.41660742 ] } },
{ "type": "Feature", "properties": { "Name": "494.4", "P.K.": null, "Al.Dist. Izq.": 35, "Al.Dist. Der.": 35, "Ruta": 8 }, "geometry": { "type": "Point", "coordinates": [ -63.25601974, -33.41533064 ] } },
{ "type": "Feature", "properties": { "Name": "494.49", "P.K.": null, "Al.Dist. Izq.": 35, "Al.Dist. Der.": 35, "Ruta": 8 }, "geometry": { "type": "Point", "coordinates": [ -63.25632188, -33.41453337 ] } },
{ "type": "Feature", "properties": { "Name": "494.65", "P.K.": null, "Al.Dist. Izq.": 35, "Al.Dist. Der.": 35, "Ruta": 8 }, "geometry": { "type": "Point", "coordinates": [ -63.25690929, -33.41324382 ] } },
{ "type": "Feature", "properties": { "Name": "494.68", "P.K.": null, "Al.Dist. Izq.": 35, "Al.Dist. Der.": 35, "Ruta": 8 }, "geometry": { "type": "Point", "coordinates": [ -63.25690325, -33.41290463 ] } },
{ "type": "Feature", "properties": { "Name": "494.69", "P.K.": null, "Al.Dist. Izq.": 35, "Al.Dist. Der.": 35, "Ruta": 8 }, "geometry": { "type": "Point", "coordinates": [ -63.25696, -33.41288 ] } },
{ "type": "Feature", "properties": { "Name": "494.77", "P.K.": null, "Al.Dist. Izq.": 35, "Al.Dist. Der.": 35, "Ruta": 8 }, "geometry": { "type": "Point", "coordinates": [ -63.25721271, -33.4122601 ] } },
{ "type": "Feature", "properties": { "Name": "494.97", "P.K.": null, "Al.Dist. Izq.": 35, "Al.Dist. Der.": 35, "Ruta": 8 }, "geometry": { "type": "Point", "coordinates": [ -63.25767372, -33.41049386 ] } },
{ "type": "Feature", "properties": { "Name": "495", "P.K.": "PK495", "Al.Dist. Izq.": 35, "Al.Dist. Der.": 35, "Ruta": 8 }, "geometry": { "type": "Point", "coordinates": [ -63.25760834, -33.41018348 ] } },
{ "type": "Feature", "properties": { "Name": "495.36", "P.K.": null, "Al.Dist. Izq.": 35, "Al.Dist. Der.": 35, "Ruta": 8 }, "geometry": { "type": "Point", "coordinates": [ -63.25844619, -33.40705418 ] } },
{ "type": "Feature", "properties": { "Name": "495.39", "P.K.": null, "Al.Dist. Izq.": 35, "Al.Dist. Der.": 35, "Ruta": 8 }, "geometry": { "type": "Point", "coordinates": [ -63.2586, -33.40678 ] } },
{ "type": "Feature", "properties": { "Name": "495.47", "P.K.": null, "Al.Dist. Izq.": 35, "Al.Dist. Der.": 35, "Ruta": 8 }, "geometry": { "type": "Point", "coordinates": [ -63.25882841, -33.40609418 ] } },
{ "type": "Feature", "properties": { "Name": "495.62", "P.K.": null, "Al.Dist. Izq.": 35, "Al.Dist. Der.": 35, "Ruta": 8 }, "geometry": { "type": "Point", "coordinates": [ -63.25916134, -33.40482769 ] } },
{ "type": "Feature", "properties": { "Name": "495.65", "P.K.": null, "Al.Dist. Izq.": 35, "Al.Dist. Der.": 35, "Ruta": 8 }, "geometry": { "type": "Point", "coordinates": [ -63.25934976, -33.40456431 ] } },
{ "type": "Feature", "properties": { "Name": "495.82", "P.K.": null, "Al.Dist. Izq.": 35, "Al.Dist. Der.": 35, "Ruta": 8 }, "geometry": { "type": "Point", "coordinates": [ -63.25997, -33.40319 ] } },
{ "type": "Feature", "properties": { "Name": "496", "P.K.": "PK496", "Al.Dist. Izq.": 35, "Al.Dist. Der.": 35, "Ruta": 8 }, "geometry": { "type": "Point", "coordinates": [ -63.26106336, -33.40185942 ] } },
{ "type": "Feature", "properties": { "Name": "496.39", "P.K.": null, "Al.Dist. Izq.": 35, "Al.Dist. Der.": 35, "Ruta": 8 }, "geometry": { "type": "Point", "coordinates": [ -63.26425016, -33.39966386 ] } },
{ "type": "Feature", "properties": { "Name": "496.64", "P.K.": null, "Al.Dist. Izq.": 35, "Al.Dist. Der.": 35, "Ruta": 8 }, "geometry": { "type": "Point", "coordinates": [ -63.26658569, -33.39870714 ] } },
{ "type": "Feature", "properties": { "Name": "496.82", "P.K.": null, "Al.Dist. Izq.": 35, "Al.Dist. Der.": 35, "Ruta": 8 }, "geometry": { "type": "Point", "coordinates": [ -63.26847338, -33.39835009 ] } },
{ "type": "Feature", "properties": { "Name": "496.97", "P.K.": null, "Al.Dist. Izq.": 30, "Al.Dist. Der.": 50, "Ruta": 8 }, "geometry": { "type": "Point", "coordinates": [ -63.27006217, -33.39820806 ] } },
{ "type": "Feature", "properties": { "Name": "497", "P.K.": "PK497", "Al.Dist. Izq.": 30, "Al.Dist. Der.": 50, "Ruta": 8 }, "geometry": { "type": "Point", "coordinates": [ -63.27031497, -33.39812465 ] } },
{ "type": "Feature", "properties": { "Name": "497.8", "P.K.": null, "Al.Dist. Izq.": 30, "Al.Dist. Der.": 50, "Ruta": 8 }, "geometry": { "type": "Point", "coordinates": [ -63.27903951, -33.39704653 ] } },
{ "type": "Feature", "properties": { "Name": "497.95", "P.K.": null, "Al.Dist. Izq.": 30, "Al.Dist. Der.": 50, "Ruta": 8 }, "geometry": { "type": "Point", "coordinates": [ -63.28062572, -33.39694118 ] } },
{ "type": "Feature", "properties": { "Name": "497.99", "P.K.": null, "Al.Dist. Izq.": 30, "Al.Dist. Der.": 50, "Ruta": 8 }, "geometry": { "type": "Point", "coordinates": [ -63.28111, -33.39684 ] } },
{ "type": "Feature", "properties": { "Name": "498", "P.K.": "PK498", "Al.Dist. Izq.": 30, "Al.Dist. Der.": 50, "Ruta": 8 }, "geometry": { "type": "Point", "coordinates": [ -63.28123994, -33.39687092 ] } },
{ "type": "Feature", "properties": { "Name": "498.26", "P.K.": null, "Al.Dist. Izq.": 30, "Al.Dist. Der.": 50, "Ruta": 8 }, "geometry": { "type": "Point", "coordinates": [ -63.28392517, -33.39655546 ] } },
{ "type": "Feature", "properties": { "Name": "498.33", "P.K.": null, "Al.Dist. Izq.": 30, "Al.Dist. Der.": 50, "Ruta": 8 }, "geometry": { "type": "Point", "coordinates": [ -63.28448843, -33.39649807 ] } },
{ "type": "Feature", "properties": { "Name": "498.42", "P.K.": null, "Al.Dist. Izq.": 30, "Al.Dist. Der.": 50, "Ruta": 8 }, "geometry": { "type": "Point", "coordinates": [ -63.28544799, -33.3963332 ] } },
{ "type": "Feature", "properties": { "Name": "498.52", "P.K.": null, "Al.Dist. Izq.": 30, "Al.Dist. Der.": 50, "Ruta": 8 }, "geometry": { "type": "Point", "coordinates": [ -63.28641124, -33.39613334 ] } },
{ "type": "Feature", "properties": { "Name": "498.63", "P.K.": null, "Al.Dist. Izq.": 30, "Al.Dist. Der.": 50, "Ruta": 8 }, "geometry": { "type": "Point", "coordinates": [ -63.28759141, -33.3961493 ] } },
{ "type": "Feature", "properties": { "Name": "498.79", "P.K.": null, "Al.Dist. Izq.": 30, "Al.Dist. Der.": 50, "Ruta": 8 }, "geometry": { "type": "Point", "coordinates": [ -63.28915407, -33.39582869 ] } },
{ "type": "Feature", "properties": { "Name": "498.85", "P.K.": null, "Al.Dist. Izq.": 30, "Al.Dist. Der.": 50, "Ruta": 8 }, "geometry": { "type": "Point", "coordinates": [ -63.28984916, -33.39574846 ] } },
{ "type": "Feature", "properties": { "Name": "499.12", "P.K.": null, "Al.Dist. Izq.": 30, "Al.Dist. Der.": 50, "Ruta": 8 }, "geometry": { "type": "Point", "coordinates": [ -63.29247706, -33.39541759 ] } },
{ "type": "Feature", "properties": { "Name": "499.16", "P.K.": null, "Al.Dist. Izq.": 30, "Al.Dist. Der.": 50, "Ruta": 8 }, "geometry": { "type": "Point", "coordinates": [ -63.29285491, -33.39532522 ] } },
{ "type": "Feature", "properties": { "Name": "499.16", "P.K.": null, "Al.Dist. Izq.": 30, "Al.Dist. Der.": 50, "Ruta": 8 }, "geometry": { "type": "Point", "coordinates": [ -63.29296019, -33.39546154 ] } },
{ "type": "Feature", "properties": { "Name": "499.18", "P.K.": null, "Al.Dist. Izq.": 30, "Al.Dist. Der.": 50, "Ruta": 8 }, "geometry": { "type": "Point", "coordinates": [ -63.29316136, -33.39531766 ] } },
{ "type": "Feature", "properties": { "Name": "499.23", "P.K.": null, "Al.Dist. Izq.": 30, "Al.Dist. Der.": 50, "Ruta": 8 }, "geometry": { "type": "Point", "coordinates": [ -63.29366092, -33.39522417 ] } },
{ "type": "Feature", "properties": { "Name": "499.24", "P.K.": null, "Al.Dist. Izq.": 30, "Al.Dist. Der.": 50, "Ruta": 8 }, "geometry": { "type": "Point", "coordinates": [ -63.2937206, -33.3953171 ] } },
{ "type": "Feature", "properties": { "Name": "499.38", "P.K.": null, "Al.Dist. Izq.": 30, "Al.Dist. Der.": 50, "Ruta": 8 }, "geometry": { "type": "Point", "coordinates": [ -63.29514518, -33.39517546 ] } },
{ "type": "Feature", "properties": { "Name": "499.39", "P.K.": null, "Al.Dist. Izq.": 30, "Al.Dist. Der.": 50, "Ruta": 8 }, "geometry": { "type": "Point", "coordinates": [ -63.29528149, -33.39507458 ] } },
{ "type": "Feature", "properties": { "Name": "499.44", "P.K.": null, "Al.Dist. Izq.": 30, "Al.Dist. Der.": 50, "Ruta": 8 }, "geometry": { "type": "Point", "coordinates": [ -63.29577316, -33.39501815 ] } },
{ "type": "Feature", "properties": { "Name": "499.45", "P.K.": null, "Al.Dist. Izq.": 30, "Al.Dist. Der.": 50, "Ruta": 8 }, "geometry": { "type": "Point", "coordinates": [ -63.29593208, -33.39501367 ] } },
{ "type": "Feature", "properties": { "Name": "499.49", "P.K.": null, "Al.Dist. Izq.": 30, "Al.Dist. Der.": 50, "Ruta": 8 }, "geometry": { "type": "Point", "coordinates": [ -63.29628814, -33.39508309 ] } },
{ "type": "Feature", "properties": { "Name": "499.57", "P.K.": null, "Al.Dist. Izq.": 30, "Al.Dist. Der.": 50, "Ruta": 8 }, "geometry": { "type": "Point", "coordinates": [ -63.29704788, -33.39493669 ] } },
{ "type": "Feature", "properties": { "Name": "499.68", "P.K.": null, "Al.Dist. Izq.": 30, "Al.Dist. Der.": 50, "Ruta": 8 }, "geometry": { "type": "Point", "coordinates": [ -63.2982038, -33.394661 ] } },
{ "type": "Feature", "properties": { "Name": "499.69", "P.K.": null, "Al.Dist. Izq.": 30, "Al.Dist. Der.": 50, "Ruta": 8 }, "geometry": { "type": "Point", "coordinates": [ -63.29834204, -33.39463269 ] } },
{ "type": "Feature", "properties": { "Name": "499.78", "P.K.": null, "Al.Dist. Izq.": 30, "Al.Dist. Der.": 50, "Ruta": 8 }, "geometry": { "type": "Point", "coordinates": [ -63.29915257, -33.39459403 ] } },
{ "type": "Feature", "properties": { "Name": "499.83", "P.K.": null, "Al.Dist. Izq.": 30, "Al.Dist. Der.": 50, "Ruta": 8 }, "geometry": { "type": "Point", "coordinates": [ -63.29969, -33.39459 ] } },
{ "type": "Feature", "properties": { "Name": "499.84", "P.K.": null, "Al.Dist. Izq.": 30, "Al.Dist. Der.": 50, "Ruta": 8 }, "geometry": { "type": "Point", "coordinates": [ -63.29980418, -33.39461926 ] } },
{ "type": "Feature", "properties": { "Name": "499.87", "P.K.": null, "Al.Dist. Izq.": 30, "Al.Dist. Der.": 50, "Ruta": 8 }, "geometry": { "type": "Point", "coordinates": [ -63.30021221, -33.39458987 ] } },
{ "type": "Feature", "properties": { "Name": "499.89", "P.K.": null, "Al.Dist. Izq.": 30, "Al.Dist. Der.": 50, "Ruta": 8 }, "geometry": { "type": "Point", "coordinates": [ -63.30032822, -33.39457587 ] } },
{ "type": "Feature", "properties": { "Name": "499.92", "P.K.": null, "Al.Dist. Izq.": 30, "Al.Dist. Der.": 50, "Ruta": 8 }, "geometry": { "type": "Point", "coordinates": [ -63.30057565, -33.39443507 ] } },
{ "type": "Feature", "properties": { "Name": "499.92", "P.K.": null, "Al.Dist. Izq.": 30, "Al.Dist. Der.": 50, "Ruta": 8 }, "geometry": { "type": "Point", "coordinates": [ -63.30057565, -33.39443507 ] } },
{ "type": "Feature", "properties": { "Name": "499.93", "P.K.": null, "Al.Dist. Izq.": 30, "Al.Dist. Der.": 50, "Ruta": 8 }, "geometry": { "type": "Point", "coordinates": [ -63.30061521, -33.39438468 ] } },
{ "type": "Feature", "properties": { "Name": "499.93", "P.K.": null, "Al.Dist. Izq.": 30, "Al.Dist. Der.": 50, "Ruta": 8 }, "geometry": { "type": "Point", "coordinates": [ -63.30064438, -33.39452185 ] } },
{ "type": "Feature", "properties": { "Name": "499.94", "P.K.": null, "Al.Dist. Izq.": 30, "Al.Dist. Der.": 50, "Ruta": 8 }, "geometry": { "type": "Point", "coordinates": [ -63.30083918, -33.39445718 ] } },
{ "type": "Feature", "properties": { "Name": "499.95", "P.K.": null, "Al.Dist. Izq.": 30, "Al.Dist. Der.": 50, "Ruta": 8 }, "geometry": { "type": "Point", "coordinates": [ -63.30082873, -33.39430551 ] } },
{ "type": "Feature", "properties": { "Name": "499.98", "P.K.": null, "Al.Dist. Izq.": 30, "Al.Dist. Der.": 50, "Ruta": 8 }, "geometry": { "type": "Point", "coordinates": [ -63.30124486, -33.39432702 ] } },
{ "type": "Feature", "properties": { "Name": "500", "P.K.": "PK500", "Al.Dist. Izq.": 30, "Al.Dist. Der.": 50, "Ruta": 8 }, "geometry": { "type": "Point", "coordinates": [ -63.30140144, -33.39428755 ] } },
{ "type": "Feature", "properties": { "Name": "500.03", "P.K.": null, "Al.Dist. Izq.": 30, "Al.Dist. Der.": 50, "Ruta": 8 }, "geometry": { "type": "Point", "coordinates": [ -63.30171123, -33.39414815 ] } },
{ "type": "Feature", "properties": { "Name": "500.06", "P.K.": null, "Al.Dist. Izq.": 30, "Al.Dist. Der.": 50, "Ruta": 8 }, "geometry": { "type": "Point", "coordinates": [ -63.30208272, -33.3940275 ] } },
{ "type": "Feature", "properties": { "Name": "500.09", "P.K.": null, "Al.Dist. Izq.": 30, "Al.Dist. Der.": 50, "Ruta": 8 }, "geometry": { "type": "Point", "coordinates": [ -63.30242403, -33.39368179 ] } },
{ "type": "Feature", "properties": { "Name": "500.14", "P.K.": null, "Al.Dist. Izq.": 30, "Al.Dist. Der.": 50, "Ruta": 8 }, "geometry": { "type": "Point", "coordinates": [ -63.30281, -33.39341 ] } },
{ "type": "Feature", "properties": { "Name": "500.15", "P.K.": null, "Al.Dist. Izq.": 30, "Al.Dist. Der.": 50, "Ruta": 8 }, "geometry": { "type": "Point", "coordinates": [ -63.30313481, -33.39375905 ] } },
{ "type": "Feature", "properties": { "Name": "500.19", "P.K.": null, "Al.Dist. Izq.": 30, "Al.Dist. Der.": 50, "Ruta": 8 }, "geometry": { "type": "Point", "coordinates": [ -63.30346305, -33.39316449 ] } },
{ "type": "Feature", "properties": { "Name": "500.22", "P.K.": null, "Al.Dist. Izq.": 30, "Al.Dist. Der.": 50, "Ruta": 8 }, "geometry": { "type": "Point", "coordinates": [ -63.30383789, -33.39311047 ] } },
{ "type": "Feature", "properties": { "Name": "500.23", "P.K.": null, "Al.Dist. Izq.": 30, "Al.Dist. Der.": 50, "Ruta": 8 }, "geometry": { "type": "Point", "coordinates": [ -63.30393579, -33.39340271 ] } },
{ "type": "Feature", "properties": { "Name": "500.23", "P.K.": null, "Al.Dist. Izq.": 30, "Al.Dist. Der.": 50, "Ruta": 8 }, "geometry": { "type": "Point", "coordinates": [ -63.30393579, -33.39340271 ] } },
{ "type": "Feature", "properties": { "Name": "500.24", "P.K.": null, "Al.Dist. Izq.": 30, "Al.Dist. Der.": 50, "Ruta": 8 }, "geometry": { "type": "Point", "coordinates": [ -63.30398943, -33.39395108 ] } },
{ "type": "Feature", "properties": { "Name": "500.26", "P.K.": null, "Al.Dist. Izq.": 30, "Al.Dist. Der.": 50, "Ruta": 8 }, "geometry": { "type": "Point", "coordinates": [ -63.30433141, -33.39310011 ] } },
{ "type": "Feature", "properties": { "Name": "500.27", "P.K.": null, "Al.Dist. Izq.": 30, "Al.Dist. Der.": 50, "Ruta": 8 }, "geometry": { "type": "Point", "coordinates": [ -63.30432203, -33.39394212 ] } },
{ "type": "Feature", "properties": { "Name": "500.33", "P.K.": null, "Al.Dist. Izq.": 30, "Al.Dist. Der.": 50, "Ruta": 8 }, "geometry": { "type": "Point", "coordinates": [ -63.30516, -33.39371 ] } },
{ "type": "Feature", "properties": { "Name": "500.34", "P.K.": null, "Al.Dist. Izq.": 30, "Al.Dist. Der.": 50, "Ruta": 8 }, "geometry": { "type": "Point", "coordinates": [ -63.3052783, -33.39351086 ] } },
{ "type": "Feature", "properties": { "Name": "500.37", "P.K.": null, "Al.Dist. Izq.": 30, "Al.Dist. Der.": 50, "Ruta": 8 }, "geometry": { "type": "Point", "coordinates": [ -63.30563195, -33.39349508 ] } },
{ "type": "Feature", "properties": { "Name": "500.37", "P.K.": null, "Al.Dist. Izq.": 30, "Al.Dist. Der.": 50, "Ruta": 8 }, "geometry": { "type": "Point", "coordinates": [ -63.30563195, -33.39349508 ] } },
{ "type": "Feature", "properties": { "Name": "500.38", "P.K.": null, "Al.Dist. Izq.": 30, "Al.Dist. Der.": 50, "Ruta": 8 }, "geometry": { "type": "Point", "coordinates": [ -63.3057151, -33.39358662 ] } },
{ "type": "Feature", "properties": { "Name": "500.42", "P.K.": null, "Al.Dist. Izq.": 30, "Al.Dist. Der.": 50, "Ruta": 8 }, "geometry": { "type": "Point", "coordinates": [ -63.30625188, -33.39367564 ] } },
{ "type": "Feature", "properties": { "Name": "500.44", "P.K.": null, "Al.Dist. Izq.": 30, "Al.Dist. Der.": 50, "Ruta": 8 }, "geometry": { "type": "Point", "coordinates": [ -63.30655698, -33.39360398 ] } },
{ "type": "Feature", "properties": { "Name": "500.5", "P.K.": null, "Al.Dist. Izq.": 30, "Al.Dist. Der.": 50, "Ruta": 8 }, "geometry": { "type": "Point", "coordinates": [ -63.3072681, -33.39355079 ] } },
{ "type": "Feature", "properties": { "Name": "500.6", "P.K.": null, "Al.Dist. Izq.": 30, "Al.Dist. Der.": 50, "Ruta": 8 }, "geometry": { "type": "Point", "coordinates": [ -63.30853108, -33.39338535 ] } },
{ "type": "Feature", "properties": { "Name": "500.91", "P.K.": null, "Al.Dist. Izq.": 30, "Al.Dist. Der.": 50, "Ruta": 8 }, "geometry": { "type": "Point", "coordinates": [ -63.31238139, -33.39282718 ] } },
{ "type": "Feature", "properties": { "Name": "500.96", "P.K.": null, "Al.Dist. Izq.": 30, "Al.Dist. Der.": 50, "Ruta": 8 }, "geometry": { "type": "Point", "coordinates": [ -63.31300877, -33.39276136 ] } },
{ "type": "Feature", "properties": { "Name": "501", "P.K.": "PK501", "Al.Dist. Izq.": 30, "Al.Dist. Der.": 50, "Ruta": 8 }, "geometry": { "type": "Point", "coordinates": [ -63.31347138, -33.39270289 ] } },
{ "type": "Feature", "properties": { "Name": "501.11", "P.K.": null, "Al.Dist. Izq.": 30, "Al.Dist. Der.": 50, "Ruta": 8 }, "geometry": { "type": "Point", "coordinates": [ -63.31468843, -33.39252934 ] } },
{ "type": "Feature", "properties": { "Name": "501.7", "P.K.": null, "Al.Dist. Izq.": 30, "Al.Dist. Der.": 50, "Ruta": 8 }, "geometry": { "type": "Point", "coordinates": [ -63.32119111, -33.39168703 ] } },
{ "type": "Feature", "properties": { "Name": "501.76", "P.K.": null, "Al.Dist. Izq.": 30, "Al.Dist. Der.": 50, "Ruta": 8 }, "geometry": { "type": "Point", "coordinates": [ -63.32178, -33.39166 ] } },
{ "type": "Feature", "properties": { "Name": "502", "P.K.": "PK502", "Al.Dist. Izq.": 30, "Al.Dist. Der.": 50, "Ruta": 8 }, "geometry": { "type": "Point", "coordinates": [ -63.32446877, -33.39135055 ] } },
{ "type": "Feature", "properties": { "Name": "502.09", "P.K.": null, "Al.Dist. Izq.": 30, "Al.Dist. Der.": 50, "Ruta": 8 }, "geometry": { "type": "Point", "coordinates": [ -63.32535189, -33.39117867 ] } },
{ "type": "Feature", "properties": { "Name": "502.61", "P.K.": null, "Al.Dist. Izq.": 30, "Al.Dist. Der.": 50, "Ruta": 8 }, "geometry": { "type": "Point", "coordinates": [ -63.33072133, -33.39049031 ] } },
{ "type": "Feature", "properties": { "Name": "503", "P.K.": "PK503", "Al.Dist. Izq.": 30, "Al.Dist. Der.": 50, "Ruta": 8 }, "geometry": { "type": "Point", "coordinates": [ -63.33470006, -33.39004493 ] } },
{ "type": "Feature", "properties": { "Name": "503.41", "P.K.": null, "Al.Dist. Izq.": 30, "Al.Dist. Der.": 50, "Ruta": 8 }, "geometry": { "type": "Point", "coordinates": [ -63.33869185, -33.3895626 ] } },
{ "type": "Feature", "properties": { "Name": "503.92", "P.K.": null, "Al.Dist. Izq.": 30, "Al.Dist. Der.": 50, "Ruta": 8 }, "geometry": { "type": "Point", "coordinates": [ -63.34376, -33.38895 ] } },
{ "type": "Feature", "properties": { "Name": "504", "P.K.": "PK504", "Al.Dist. Izq.": 30, "Al.Dist. Der.": 50, "Ruta": 8 }, "geometry": { "type": "Point", "coordinates": [ -63.34453605, -33.38884176 ] } },
{ "type": "Feature", "properties": { "Name": "504.5", "P.K.": null, "Al.Dist. Izq.": 30, "Al.Dist. Der.": 50, "Ruta": 8 }, "geometry": { "type": "Point", "coordinates": [ -63.34995981, -33.38818614 ] } },
{ "type": "Feature", "properties": { "Name": "505", "P.K.": "PK505", "Al.Dist. Izq.": 30, "Al.Dist. Der.": 50, "Ruta": 8 }, "geometry": { "type": "Point", "coordinates": [ -63.35555255, -33.387486 ] } },
{ "type": "Feature", "properties": { "Name": "505.07", "P.K.": null, "Al.Dist. Izq.": 30, "Al.Dist. Der.": 50, "Ruta": 8 }, "geometry": { "type": "Point", "coordinates": [ -63.35624, -33.3874 ] } },
{ "type": "Feature", "properties": { "Name": "505.84", "P.K.": null, "Al.Dist. Izq.": 30, "Al.Dist. Der.": 50, "Ruta": 8 }, "geometry": { "type": "Point", "coordinates": [ -63.36473241, -33.38637545 ] } },
{ "type": "Feature", "properties": { "Name": "505.93", "P.K.": null, "Al.Dist. Izq.": 30, "Al.Dist. Der.": 50, "Ruta": 8 }, "geometry": { "type": "Point", "coordinates": [ -63.36586665, -33.38621896 ] } },
{ "type": "Feature", "properties": { "Name": "506", "P.K.": "PK506", "Al.Dist. Izq.": 30, "Al.Dist. Der.": 50, "Ruta": 8 }, "geometry": { "type": "Point", "coordinates": [ -63.36655162, -33.38612993 ] } },
{ "type": "Feature", "properties": { "Name": "506.56", "P.K.": null, "Al.Dist. Izq.": 30, "Al.Dist. Der.": 50, "Ruta": 8 }, "geometry": { "type": "Point", "coordinates": [ -63.37199, -33.38546 ] } },
{ "type": "Feature", "properties": { "Name": "506.8", "P.K.": null, "Al.Dist. Izq.": 30, "Al.Dist. Der.": null, "Ruta": 8 }, "geometry": { "type": "Point", "coordinates": [ -63.37434981, -33.3852061 ] } },
{ "type": "Feature", "properties": { "Name": "506.81", "P.K.": null, "Al.Dist. Izq.": 30, "Al.Dist. Der.": null, "Ruta": 8 }, "geometry": { "type": "Point", "coordinates": [ -63.37442592, -33.38508963 ] } },
{ "type": "Feature", "properties": { "Name": "506.82", "P.K.": null, "Al.Dist. Izq.": 30, "Al.Dist. Der.": null, "Ruta": 8 }, "geometry": { "type": "Point", "coordinates": [ -63.37451376, -33.38512155 ] } },
{ "type": "Feature", "properties": { "Name": "507", "P.K.": "PK507", "Al.Dist. Izq.": 30, "Al.Dist. Der.": null, "Ruta": 8 }, "geometry": { "type": "Point", "coordinates": [ -63.37622266, -33.38498129 ] } },
{ "type": "Feature", "properties": { "Name": "507.14", "P.K.": null, "Al.Dist. Izq.": 30, "Al.Dist. Der.": null, "Ruta": 8 }, "geometry": { "type": "Point", "coordinates": [ -63.37780483, -33.38478001 ] } },
{ "type": "Feature", "properties": { "Name": "508", "P.K.": "PK508", "Al.Dist. Izq.": 30, "Al.Dist. Der.": null, "Ruta": 8 }, "geometry": { "type": "Point", "coordinates": [ -63.3873773, -33.38355632 ] } },
{ "type": "Feature", "properties": { "Name": "508.44", "P.K.": null, "Al.Dist. Izq.": 30, "Al.Dist. Der.": null, "Ruta": 8 }, "geometry": { "type": "Point", "coordinates": [ -63.3920772, -33.38302552 ] } },
{ "type": "Feature", "properties": { "Name": "508.48", "P.K.": null, "Al.Dist. Izq.": 30, "Al.Dist. Der.": null, "Ruta": 8 }, "geometry": { "type": "Point", "coordinates": [ -63.39254726, -33.38295469 ] } },
{ "type": "Feature", "properties": { "Name": "508.58", "P.K.": null, "Al.Dist. Izq.": 30, "Al.Dist. Der.": null, "Ruta": 8 }, "geometry": { "type": "Point", "coordinates": [ -63.39367, -33.38278 ] } },
{ "type": "Feature", "properties": { "Name": "509", "P.K.": "PK509", "Al.Dist. Izq.": 30, "Al.Dist. Der.": null, "Ruta": 8 }, "geometry": { "type": "Point", "coordinates": [ -63.3981752, -33.38224499 ] } },
{ "type": "Feature", "properties": { "Name": "509.19", "P.K.": null, "Al.Dist. Izq.": 30, "Al.Dist. Der.": null, "Ruta": 8 }, "geometry": { "type": "Point", "coordinates": [ -63.40020396, -33.3820185 ] } },
{ "type": "Feature", "properties": { "Name": "509.31", "P.K.": null, "Al.Dist. Izq.": 30, "Al.Dist. Der.": null, "Ruta": 8 }, "geometry": { "type": "Point", "coordinates": [ -63.40155003, -33.38180879 ] } },
{ "type": "Feature", "properties": { "Name": "509.37", "P.K.": null, "Al.Dist. Izq.": 30, "Al.Dist. Der.": null, "Ruta": 8 }, "geometry": { "type": "Point", "coordinates": [ -63.4022, -33.38174 ] } },
{ "type": "Feature", "properties": { "Name": "509.76", "P.K.": null, "Al.Dist. Izq.": 30, "Al.Dist. Der.": null, "Ruta": 8 }, "geometry": { "type": "Point", "coordinates": [ -63.40640925, -33.3810711 ] } },
{ "type": "Feature", "properties": { "Name": "509.91", "P.K.": null, "Al.Dist. Izq.": 30, "Al.Dist. Der.": null, "Ruta": 8 }, "geometry": { "type": "Point", "coordinates": [ -63.40780199, -33.38049913 ] } },
{ "type": "Feature", "properties": { "Name": "510", "P.K.": "PK510", "Al.Dist. Izq.": 30, "Al.Dist. Der.": null, "Ruta": 8 }, "geometry": { "type": "Point", "coordinates": [ -63.40870153, -33.3802172 ] } },
{ "type": "Feature", "properties": { "Name": "510.23", "P.K.": null, "Al.Dist. Izq.": 30, "Al.Dist. Der.": null, "Ruta": 8 }, "geometry": { "type": "Point", "coordinates": [ -63.41060959, -33.37882351 ] } },
{ "type": "Feature", "properties": { "Name": "510.45", "P.K.": null, "Al.Dist. Izq.": 30, "Al.Dist. Der.": null, "Ruta": 8 }, "geometry": { "type": "Point", "coordinates": [ -63.41221388, -33.3775541 ] } },
{ "type": "Feature", "properties": { "Name": "511", "P.K.": "PK511", "Al.Dist. Izq.": 30, "Al.Dist. Der.": null, "Ruta": 8 }, "geometry": { "type": "Point", "coordinates": [ -63.41627743, -33.37406608 ] } },
{ "type": "Feature", "properties": { "Name": "511.03", "P.K.": null, "Al.Dist. Izq.": 30, "Al.Dist. Der.": null, "Ruta": 8 }, "geometry": { "type": "Point", "coordinates": [ -63.4165765, -33.37386393 ] } },
{ "type": "Feature", "properties": { "Name": "511.94", "P.K.": null, "Al.Dist. Izq.": 30, "Al.Dist. Der.": null, "Ruta": 8 }, "geometry": { "type": "Point", "coordinates": [ -63.42392106, -33.36760176 ] } },
{ "type": "Feature", "properties": { "Name": "511.98", "P.K.": null, "Al.Dist. Izq.": 30, "Al.Dist. Der.": null, "Ruta": 8 }, "geometry": { "type": "Point", "coordinates": [ -63.42421, -33.36733 ] } },
{ "type": "Feature", "properties": { "Name": "512", "P.K.": "PK512", "Al.Dist. Izq.": 30, "Al.Dist. Der.": null, "Ruta": 8 }, "geometry": { "type": "Point", "coordinates": [ -63.42439547, -33.36720611 ] } },
{ "type": "Feature", "properties": { "Name": "512.34", "P.K.": null, "Al.Dist. Izq.": 30, "Al.Dist. Der.": null, "Ruta": 8 }, "geometry": { "type": "Point", "coordinates": [ -63.42689429, -33.36498868 ] } },
{ "type": "Feature", "properties": { "Name": "512.94", "P.K.": null, "Al.Dist. Izq.": 30, "Al.Dist. Der.": null, "Ruta": 8 }, "geometry": { "type": "Point", "coordinates": [ -63.43142387, -33.3612022 ] } },
{ "type": "Feature", "properties": { "Name": "513", "P.K.": "PK513", "Al.Dist. Izq.": 30, "Al.Dist. Der.": null, "Ruta": 8 }, "geometry": { "type": "Point", "coordinates": [ -63.43190063, -33.36078076 ] } },
{ "type": "Feature", "properties": { "Name": "513.08", "P.K.": null, "Al.Dist. Izq.": 30, "Al.Dist. Der.": null, "Ruta": 8 }, "geometry": { "type": "Point", "coordinates": [ -63.4325, -33.36027 ] } },
{ "type": "Feature", "properties": { "Name": "513.17", "P.K.": null, "Al.Dist. Izq.": 30, "Al.Dist. Der.": null, "Ruta": 8 }, "geometry": { "type": "Point", "coordinates": [ -63.43314316, -33.35966567 ] } },
{ "type": "Feature", "properties": { "Name": "513.42", "P.K.": null, "Al.Dist. Izq.": 30, "Al.Dist. Der.": null, "Ruta": 8 }, "geometry": { "type": "Point", "coordinates": [ -63.4351451, -33.35814871 ] } },
{ "type": "Feature", "properties": { "Name": "513.71", "P.K.": null, "Al.Dist. Izq.": 30, "Al.Dist. Der.": null, "Ruta": 8 }, "geometry": { "type": "Point", "coordinates": [ -63.43791951, -33.3569913 ] } },
{ "type": "Feature", "properties": { "Name": "513.93", "P.K.": null, "Al.Dist. Izq.": 30, "Al.Dist. Der.": null, "Ruta": 8 }, "geometry": { "type": "Point", "coordinates": [ -63.44019167, -33.35652418 ] } },
{ "type": "Feature", "properties": { "Name": "513.99", "P.K.": null, "Al.Dist. Izq.": 30, "Al.Dist. Der.": null, "Ruta": 8 }, "geometry": { "type": "Point", "coordinates": [ -63.4408, -33.35638 ] } },
{ "type": "Feature", "properties": { "Name": "514", "P.K.": "PK514", "Al.Dist. Izq.": 30, "Al.Dist. Der.": null, "Ruta": 8 }, "geometry": { "type": "Point", "coordinates": [ -63.44092123, -33.35636652 ] } },
{ "type": "Feature", "properties": { "Name": "514.22", "P.K.": null, "Al.Dist. Izq.": 30, "Al.Dist. Der.": null, "Ruta": 8 }, "geometry": { "type": "Point", "coordinates": [ -63.44346229, -33.35590976 ] } },
{ "type": "Feature", "properties": { "Name": "514.5", "P.K.": null, "Al.Dist. Izq.": 30, "Al.Dist. Der.": null, "Ruta": 8 }, "geometry": { "type": "Point", "coordinates": [ -63.44655419, -33.35535411 ] } },
{ "type": "Feature", "properties": { "Name": "514.51", "P.K.": null, "Al.Dist. Izq.": 30, "Al.Dist. Der.": null, "Ruta": 8 }, "geometry": { "type": "Point", "coordinates": [ -63.4467, -33.3553 ] } },
{ "type": "Feature", "properties": { "Name": "514.9", "P.K.": null, "Al.Dist. Izq.": 30, "Al.Dist. Der.": null, "Ruta": 8 }, "geometry": { "type": "Point", "coordinates": [ -63.45107132, -33.35443305 ] } },
{ "type": "Feature", "properties": { "Name": "515", "P.K.": "PK515", "Al.Dist. Izq.": 30, "Al.Dist. Der.": null, "Ruta": 8 }, "geometry": { "type": "Point", "coordinates": [ -63.45228642, -33.35424319 ] } },
{ "type": "Feature", "properties": { "Name": "515.98", "P.K.": null, "Al.Dist. Izq.": 30, "Al.Dist. Der.": null, "Ruta": 8 }, "geometry": { "type": "Point", "coordinates": [ -63.46214, -33.35244 ] } },
{ "type": "Feature", "properties": { "Name": "516", "P.K.": "PK516", "Al.Dist. Izq.": 30, "Al.Dist. Der.": null, "Ruta": 8 }, "geometry": { "type": "Point", "coordinates": [ -63.46231051, -33.35239371 ] } },
{ "type": "Feature", "properties": { "Name": "516.31", "P.K.": null, "Al.Dist. Izq.": 30, "Al.Dist. Der.": null, "Ruta": 8 }, "geometry": { "type": "Point", "coordinates": [ -63.4654441, -33.35184849 ] } },
{ "type": "Feature", "properties": { "Name": "516.39", "P.K.": null, "Al.Dist. Izq.": 30, "Al.Dist. Der.": null, "Ruta": 8 }, "geometry": { "type": "Point", "coordinates": [ -63.466364, -33.35166527 ] } },
{ "type": "Feature", "properties": { "Name": "516.42", "P.K.": null, "Al.Dist. Izq.": 30, "Al.Dist. Der.": null, "Ruta": 8 }, "geometry": { "type": "Point", "coordinates": [ -63.46658293, -33.35162635 ] } },
{ "type": "Feature", "properties": { "Name": "516.44", "P.K.": null, "Al.Dist. Izq.": 30, "Al.Dist. Der.": null, "Ruta": 8 }, "geometry": { "type": "Point", "coordinates": [ -63.46679281, -33.35159414 ] } },
{ "type": "Feature", "properties": { "Name": "516.45", "P.K.": null, "Al.Dist. Izq.": 30, "Al.Dist. Der.": null, "Ruta": 8 }, "geometry": { "type": "Point", "coordinates": [ -63.46696544, -33.35148202 ] } },
{ "type": "Feature", "properties": { "Name": "516.49", "P.K.": null, "Al.Dist. Izq.": 30, "Al.Dist. Der.": null, "Ruta": 8 }, "geometry": { "type": "Point", "coordinates": [ -63.46738414, -33.35140673 ] } },
{ "type": "Feature", "properties": { "Name": "516.64", "P.K.": null, "Al.Dist. Izq.": 30, "Al.Dist. Der.": null, "Ruta": 8 }, "geometry": { "type": "Point", "coordinates": [ -63.4688, -33.3511 ] } },
{ "type": "Feature", "properties": { "Name": "516.68", "P.K.": null, "Al.Dist. Izq.": 30, "Al.Dist. Der.": null, "Ruta": 8 }, "geometry": { "type": "Point", "coordinates": [ -63.46926078, -33.35115808 ] } },
{ "type": "Feature", "properties": { "Name": "516.77", "P.K.": null, "Al.Dist. Izq.": 30, "Al.Dist. Der.": null, "Ruta": 8 }, "geometry": { "type": "Point", "coordinates": [ -63.47022034, -33.35101133 ] } },
{ "type": "Feature", "properties": { "Name": "516.89", "P.K.": null, "Al.Dist. Izq.": 30, "Al.Dist. Der.": null, "Ruta": 8 }, "geometry": { "type": "Point", "coordinates": [ -63.47133581, -33.35087494 ] } },
{ "type": "Feature", "properties": { "Name": "516.89", "P.K.": null, "Al.Dist. Izq.": 30, "Al.Dist. Der.": null, "Ruta": 8 }, "geometry": { "type": "Point", "coordinates": [ -63.47132709, -33.35078364 ] } },
{ "type": "Feature", "properties": { "Name": "516.95", "P.K.": null, "Al.Dist. Izq.": 30, "Al.Dist. Der.": null, "Ruta": 8 }, "geometry": { "type": "Point", "coordinates": [ -63.47197752, -33.35077048 ] } },
{ "type": "Feature", "properties": { "Name": "516.98", "P.K.": null, "Al.Dist. Izq.": 30, "Al.Dist. Der.": null, "Ruta": 8 }, "geometry": { "type": "Point", "coordinates": [ -63.47229805, -33.35075535 ] } },
{ "type": "Feature", "properties": { "Name": "517", "P.K.": "PK517", "Al.Dist. Izq.": 30, "Al.Dist. Der.": null, "Ruta": 8 }, "geometry": { "type": "Point", "coordinates": [ -63.47249854, -33.3506887 ] } },
{ "type": "Feature", "properties": { "Name": "517.7", "P.K.": null, "Al.Dist. Izq.": 30, "Al.Dist. Der.": null, "Ruta": 8 }, "geometry": { "type": "Point", "coordinates": [ -63.48157145, -33.34980706 ] } },
{ "type": "Feature", "properties": { "Name": "517.73", "P.K.": null, "Al.Dist. Izq.": 30, "Al.Dist. Der.": null, "Ruta": 8 }, "geometry": { "type": "Point", "coordinates": [ -63.48203, -33.34976 ] } },
{ "type": "Feature", "properties": { "Name": "518", "P.K.": "PK518", "Al.Dist. Izq.": 30, "Al.Dist. Der.": null, "Ruta": 8 }, "geometry": { "type": "Point", "coordinates": [ -63.48560449, -33.34939564 ] } },
{ "type": "Feature", "properties": { "Name": "519", "P.K.": "PK519", "Al.Dist. Izq.": 30, "Al.Dist. Der.": null, "Ruta": 8 }, "geometry": { "type": "Point", "coordinates": [ -63.49427406, -33.34844844 ] } },
{ "type": "Feature", "properties": { "Name": "519.39", "P.K.": null, "Al.Dist. Izq.": 30, "Al.Dist. Der.": null, "Ruta": 8 }, "geometry": { "type": "Point", "coordinates": [ -63.49842042, -33.3480992 ] } },
{ "type": "Feature", "properties": { "Name": "520", "P.K.": "PK520", "Al.Dist. Izq.": 30, "Al.Dist. Der.": null, "Ruta": 8 }, "geometry": { "type": "Point", "coordinates": [ -63.504848, -33.34737381 ] } },
{ "type": "Feature", "properties": { "Name": "520.44", "P.K.": null, "Al.Dist. Izq.": 30, "Al.Dist. Der.": null, "Ruta": 8 }, "geometry": { "type": "Point", "coordinates": [ -63.50951, -33.34682 ] } },
{ "type": "Feature", "properties": { "Name": "520.69", "P.K.": null, "Al.Dist. Izq.": 30, "Al.Dist. Der.": null, "Ruta": 8 }, "geometry": { "type": "Point", "coordinates": [ -63.51214528, -33.34649213 ] } },
{ "type": "Feature", "properties": { "Name": "521", "P.K.": "PK521", "Al.Dist. Izq.": 30, "Al.Dist. Der.": null, "Ruta": 8 }, "geometry": { "type": "Point", "coordinates": [ -63.5155433, -33.34620561 ] } },
{ "type": "Feature", "properties": { "Name": "522", "P.K.": "PK522", "Al.Dist. Izq.": 30, "Al.Dist. Der.": null, "Ruta": 8 }, "geometry": { "type": "Point", "coordinates": [ -63.52622353, -33.34500547 ] } },
{ "type": "Feature", "properties": { "Name": "522.17", "P.K.": null, "Al.Dist. Izq.": 30, "Al.Dist. Der.": null, "Ruta": 8 }, "geometry": { "type": "Point", "coordinates": [ -63.52809044, -33.3448518 ] } },
{ "type": "Feature", "properties": { "Name": "522.28", "P.K.": null, "Al.Dist. Izq.": 30, "Al.Dist. Der.": null, "Ruta": 8 }, "geometry": { "type": "Point", "coordinates": [ -63.52925543, -33.34462512 ] } },
{ "type": "Feature", "properties": { "Name": "522.37", "P.K.": null, "Al.Dist. Izq.": 30, "Al.Dist. Der.": null, "Ruta": 8 }, "geometry": { "type": "Point", "coordinates": [ -63.53023276, -33.34450496 ] } },
{ "type": "Feature", "properties": { "Name": "522.58", "P.K.": null, "Al.Dist. Izq.": 30, "Al.Dist. Der.": null, "Ruta": 8 }, "geometry": { "type": "Point", "coordinates": [ -63.5323279, -33.34427249 ] } },
{ "type": "Feature", "properties": { "Name": "522.75", "P.K.": null, "Al.Dist. Izq.": 30, "Al.Dist. Der.": null, "Ruta": 8 }, "geometry": { "type": "Point", "coordinates": [ -63.53400528, -33.34371989 ] } },
{ "type": "Feature", "properties": { "Name": "522.9", "P.K.": null, "Al.Dist. Izq.": 30, "Al.Dist. Der.": null, "Ruta": 8 }, "geometry": { "type": "Point", "coordinates": [ -63.535436, -33.343004 ] } },
{ "type": "Feature", "properties": { "Name": "523", "P.K.": "PK523", "Al.Dist. Izq.": 30, "Al.Dist. Der.": null, "Ruta": 8 }, "geometry": { "type": "Point", "coordinates": [ -63.5362922, -33.34248694 ] } },
{ "type": "Feature", "properties": { "Name": "523.12", "P.K.": null, "Al.Dist. Izq.": 30, "Al.Dist. Der.": null, "Ruta": 8 }, "geometry": { "type": "Point", "coordinates": [ -63.53735872, -33.34196205 ] } },
{ "type": "Feature", "properties": { "Name": "523.96", "P.K.": null, "Al.Dist. Izq.": 30, "Al.Dist. Der.": null, "Ruta": 8 }, "geometry": { "type": "Point", "coordinates": [ -63.54493965, -33.33759392 ] } },
{ "type": "Feature", "properties": { "Name": "524", "P.K.": "PK524", "Al.Dist. Izq.": 30, "Al.Dist. Der.": null, "Ruta": 8 }, "geometry": { "type": "Point", "coordinates": [ -63.54527392, -33.337404 ] } },
{ "type": "Feature", "properties": { "Name": "524.14", "P.K.": null, "Al.Dist. Izq.": 30, "Al.Dist. Der.": null, "Ruta": 8 }, "geometry": { "type": "Point", "coordinates": [ -63.54646, -33.33663 ] } },
{ "type": "Feature", "properties": { "Name": "524.65", "P.K.": null, "Al.Dist. Izq.": 30, "Al.Dist. Der.": null, "Ruta": 8 }, "geometry": { "type": "Point", "coordinates": [ -63.55105, -33.33401 ] } },
{ "type": "Feature", "properties": { "Name": "525", "P.K.": "PK525", "Al.Dist. Izq.": 30, "Al.Dist. Der.": null, "Ruta": 8 }, "geometry": { "type": "Point", "coordinates": [ -63.55417214, -33.33223001 ] } },
{ "type": "Feature", "properties": { "Name": "525.56", "P.K.": null, "Al.Dist. Izq.": 30, "Al.Dist. Der.": null, "Ruta": 8 }, "geometry": { "type": "Point", "coordinates": [ -63.5590655, -33.32938308 ] } },
{ "type": "Feature", "properties": { "Name": "525.58", "P.K.": null, "Al.Dist. Izq.": 30, "Al.Dist. Der.": null, "Ruta": 8 }, "geometry": { "type": "Point", "coordinates": [ -63.55927, -33.3293 ] } },
{ "type": "Feature", "properties": { "Name": "526.06", "P.K.": null, "Al.Dist. Izq.": 30, "Al.Dist. Der.": null, "Ruta": 8 }, "geometry": { "type": "Point", "coordinates": [ -63.56335804, -33.32696579 ] } },
{ "type": "Feature", "properties": { "Name": "526.28", "P.K.": null, "Al.Dist. Izq.": 30, "Al.Dist. Der.": null, "Ruta": 8 }, "geometry": { "type": "Point", "coordinates": [ -63.56526475, -33.32587268 ] } },
{ "type": "Feature", "properties": { "Name": "527", "P.K.": "PK527", "Al.Dist. Izq.": 30, "Al.Dist. Der.": null, "Ruta": 8 }, "geometry": { "type": "Point", "coordinates": [ -63.57147977, -33.3223033 ] } },
{ "type": "Feature", "properties": { "Name": "527.03", "P.K.": null, "Al.Dist. Izq.": 30, "Al.Dist. Der.": null, "Ruta": 8 }, "geometry": { "type": "Point", "coordinates": [ -63.57176, -33.32213 ] } },
{ "type": "Feature", "properties": { "Name": "527.08", "P.K.": null, "Al.Dist. Izq.": 30, "Al.Dist. Der.": null, "Ruta": 8 }, "geometry": { "type": "Point", "coordinates": [ -63.57217714, -33.32187886 ] } },
{ "type": "Feature", "properties": { "Name": "527.82", "P.K.": null, "Al.Dist. Izq.": 30, "Al.Dist. Der.": null, "Ruta": 8 }, "geometry": { "type": "Point", "coordinates": [ -63.57863657, -33.31819053 ] } },
{ "type": "Feature", "properties": { "Name": "528", "P.K.": "PK528", "Al.Dist. Izq.": 30, "Al.Dist. Der.": null, "Ruta": 8 }, "geometry": { "type": "Point", "coordinates": [ -63.58027842, -33.31730548 ] } },
{ "type": "Feature", "properties": { "Name": "528.21", "P.K.": null, "Al.Dist. Izq.": 30, "Al.Dist. Der.": null, "Ruta": 8 }, "geometry": { "type": "Point", "coordinates": [ -63.58185254, -33.31636102 ] } },
{ "type": "Feature", "properties": { "Name": "528.87", "P.K.": null, "Al.Dist. Izq.": 30, "Al.Dist. Der.": null, "Ruta": 8 }, "geometry": { "type": "Point", "coordinates": [ -63.58703, -33.31335 ] } },
{ "type": "Feature", "properties": { "Name": "529", "P.K.": "PK529", "Al.Dist. Izq.": 30, "Al.Dist. Der.": null, "Ruta": 8 }, "geometry": { "type": "Point", "coordinates": [ -63.58794786, -33.3128585 ] } },
{ "type": "Feature", "properties": { "Name": "529.01", "P.K.": null, "Al.Dist. Izq.": 30, "Al.Dist. Der.": null, "Ruta": 8 }, "geometry": { "type": "Point", "coordinates": [ -63.58805146, -33.31271308 ] } },
{ "type": "Feature", "properties": { "Name": "529.02", "P.K.": null, "Al.Dist. Izq.": 30, "Al.Dist. Der.": null, "Ruta": 8 }, "geometry": { "type": "Point", "coordinates": [ -63.58815372, -33.31276996 ] } },
{ "type": "Feature", "properties": { "Name": "529.14", "P.K.": null, "Al.Dist. Izq.": 30, "Al.Dist. Der.": null, "Ruta": 8 }, "geometry": { "type": "Point", "coordinates": [ -63.58949693, -33.31203055 ] } },
{ "type": "Feature", "properties": { "Name": "529.22", "P.K.": null, "Al.Dist. Izq.": 30, "Al.Dist. Der.": null, "Ruta": 8 }, "geometry": { "type": "Point", "coordinates": [ -63.59031, -33.31151 ] } },
{ "type": "Feature", "properties": { "Name": "529.39", "P.K.": null, "Al.Dist. Izq.": 30, "Al.Dist. Der.": null, "Ruta": 8 }, "geometry": { "type": "Point", "coordinates": [ -63.59216185, -33.31049127 ] } },
{ "type": "Feature", "properties": { "Name": "529.45", "P.K.": null, "Al.Dist. Izq.": 30, "Al.Dist. Der.": null, "Ruta": 8 }, "geometry": { "type": "Point", "coordinates": [ -63.59277248, -33.3100835 ] } },
{ "type": "Feature", "properties": { "Name": "529.47", "P.K.": null, "Al.Dist. Izq.": 30, "Al.Dist. Der.": null, "Ruta": 8 }, "geometry": { "type": "Point", "coordinates": [ -63.59292671, -33.30990698 ] } },
{ "type": "Feature", "properties": { "Name": "529.55", "P.K.": null, "Al.Dist. Izq.": 30, "Al.Dist. Der.": null, "Ruta": 8 }, "geometry": { "type": "Point", "coordinates": [ -63.59390538, -33.30949621 ] } },
{ "type": "Feature", "properties": { "Name": "529.59", "P.K.": null, "Al.Dist. Izq.": 30, "Al.Dist. Der.": null, "Ruta": 8 }, "geometry": { "type": "Point", "coordinates": [ -63.59431, -33.30937 ] } },
{ "type": "Feature", "properties": { "Name": "529.72", "P.K.": null, "Al.Dist. Izq.": 30, "Al.Dist. Der.": null, "Ruta": 8 }, "geometry": { "type": "Point", "coordinates": [ -63.595867, -33.308894 ] } },
{ "type": "Feature", "properties": { "Name": "529.82", "P.K.": null, "Al.Dist. Izq.": 30, "Al.Dist. Der.": null, "Ruta": 8 }, "geometry": { "type": "Point", "coordinates": [ -63.59702747, -33.30851384 ] } },
{ "type": "Feature", "properties": { "Name": "530", "P.K.": "PK530", "Al.Dist. Izq.": 30, "Al.Dist. Der.": null, "Ruta": 8 }, "geometry": { "type": "Point", "coordinates": [ -63.59915078, -33.30780634 ] } },
{ "type": "Feature", "properties": { "Name": "530.17", "P.K.": null, "Al.Dist. Izq.": 30, "Al.Dist. Der.": null, "Ruta": 8 }, "geometry": { "type": "Point", "coordinates": [ -63.6009777, -33.30711059 ] } },
{ "type": "Feature", "properties": { "Name": "530.69", "P.K.": null, "Al.Dist. Izq.": 30, "Al.Dist. Der.": null, "Ruta": 8 }, "geometry": { "type": "Point", "coordinates": [ -63.60644508, -33.30518807 ] } },
{ "type": "Feature", "properties": { "Name": "530.69", "P.K.": null, "Al.Dist. Izq.": 40, "Al.Dist. Der.": null, "Ruta": 8 }, "geometry": { "type": "Point", "coordinates": [ -63.60644508, -33.30518807 ] } },
{ "type": "Feature", "properties": { "Name": "530.7", "P.K.": null, "Al.Dist. Izq.": 30, "Al.Dist. Der.": null, "Ruta": 8 }, "geometry": { "type": "Point", "coordinates": [ -63.60657508, -33.30531807 ] } },
{ "type": "Feature", "properties": { "Name": "530.7", "P.K.": null, "Al.Dist. Izq.": 40, "Al.Dist. Der.": 30, "Ruta": 8 }, "geometry": { "type": "Point", "coordinates": [ -63.60657508, -33.30531807 ] } },
{ "type": "Feature", "properties": { "Name": "530.93", "P.K.": null, "Al.Dist. Izq.": 40, "Al.Dist. Der.": 30, "Ruta": 8 }, "geometry": { "type": "Point", "coordinates": [ -63.60910781, -33.30457556 ] } },
{ "type": "Feature", "properties": { "Name": "531", "P.K.": "PK531", "Al.Dist. Izq.": null, "Al.Dist. Der.": null, "Ruta": 8 }, "geometry": { "type": "Point", "coordinates": [ -63.60973846, -33.30435727 ] } },
{ "type": "Feature", "properties": { "Name": "531.13", "P.K.": null, "Al.Dist. Izq.": null, "Al.Dist. Der.": null, "Ruta": 8 }, "geometry": { "type": "Point", "coordinates": [ -63.6105904, -33.30406165 ] } },
{ "type": "Feature", "properties": { "Name": "531.26", "P.K.": null, "Al.Dist. Izq.": null, "Al.Dist. Der.": null, "Ruta": 8 }, "geometry": { "type": "Point", "coordinates": [ -63.61139, -33.30379 ] } },
{ "type": "Feature", "properties": { "Name": "531.3", "P.K.": null, "Al.Dist. Izq.": null, "Al.Dist. Der.": null, "Ruta": 8 }, "geometry": { "type": "Point", "coordinates": [ -63.61154627, -33.3036842 ] } },
{ "type": "Feature", "properties": { "Name": "531.57", "P.K.": null, "Al.Dist. Izq.": null, "Al.Dist. Der.": null, "Ruta": 8 }, "geometry": { "type": "Point", "coordinates": [ -63.61338224, -33.30333617 ] } },
{ "type": "Feature", "properties": { "Name": "531.67", "P.K.": null, "Al.Dist. Izq.": null, "Al.Dist. Der.": null, "Ruta": 8 }, "geometry": { "type": "Point", "coordinates": [ -63.61401189, -33.30326163 ] } },
{ "type": "Feature", "properties": { "Name": "531.89", "P.K.": null, "Al.Dist. Izq.": null, "Al.Dist. Der.": null, "Ruta": 8 }, "geometry": { "type": "Point", "coordinates": [ -63.61533959, -33.30298562 ] } },
{ "type": "Feature", "properties": { "Name": "532", "P.K.": "PK532", "Al.Dist. Izq.": null, "Al.Dist. Der.": null, "Ruta": 8 }, "geometry": { "type": "Point", "coordinates": [ -63.61610033, -33.30290632 ] } },
{ "type": "Feature", "properties": { "Name": "532.13", "P.K.": null, "Al.Dist. Izq.": null, "Al.Dist. Der.": null, "Ruta": 8 }, "geometry": { "type": "Point", "coordinates": [ -63.61786388, -33.30261265 ] } },
{ "type": "Feature", "properties": { "Name": "532.22", "P.K.": null, "Al.Dist. Izq.": null, "Al.Dist. Der.": null, "Ruta": 8 }, "geometry": { "type": "Point", "coordinates": [ -63.61913793, -33.30237531 ] } },
{ "type": "Feature", "properties": { "Name": "532.55", "P.K.": null, "Al.Dist. Izq.": null, "Al.Dist. Der.": null, "Ruta": 8 }, "geometry": { "type": "Point", "coordinates": [ -63.62365544, -33.30201663 ] } },
{ "type": "Feature", "properties": { "Name": "532.62", "P.K.": null, "Al.Dist. Izq.": null, "Al.Dist. Der.": null, "Ruta": 8 }, "geometry": { "type": "Point", "coordinates": [ -63.62467, -33.3021 ] } },
{ "type": "Feature", "properties": { "Name": "532.81", "P.K.": null, "Al.Dist. Izq.": null, "Al.Dist. Der.": null, "Ruta": 8 }, "geometry": { "type": "Point", "coordinates": [ -63.62732, -33.30228 ] } },
{ "type": "Feature", "properties": { "Name": "533", "P.K.": "PK533", "Al.Dist. Izq.": null, "Al.Dist. Der.": null, "Ruta": 8 }, "geometry": { "type": "Point", "coordinates": [ -63.62997137, -33.30244284 ] } },
{ "type": "Feature", "properties": { "Name": "533.12", "P.K.": null, "Al.Dist. Izq.": null, "Al.Dist. Der.": null, "Ruta": 8 }, "geometry": { "type": "Point", "coordinates": [ -63.63133561, -33.30250393 ] } },
{ "type": "Feature", "properties": { "Name": "533.61", "P.K.": null, "Al.Dist. Izq.": null, "Al.Dist. Der.": null, "Ruta": 8 }, "geometry": { "type": "Point", "coordinates": [ -63.63638151, -33.30218336 ] } },
{ "type": "Feature", "properties": { "Name": "533.7", "P.K.": null, "Al.Dist. Izq.": null, "Al.Dist. Der.": null, "Ruta": 8 }, "geometry": { "type": "Point", "coordinates": [ -63.63732, -33.30188 ] } },
{ "type": "Feature", "properties": { "Name": "533.72", "P.K.": null, "Al.Dist. Izq.": null, "Al.Dist. Der.": null, "Ruta": 8 }, "geometry": { "type": "Point", "coordinates": [ -63.63754492, -33.30182636 ] } },
{ "type": "Feature", "properties": { "Name": "533.79", "P.K.": null, "Al.Dist. Izq.": null, "Al.Dist. Der.": null, "Ruta": 8 }, "geometry": { "type": "Point", "coordinates": [ -63.63828655, -33.30162628 ] } },
{ "type": "Feature", "properties": { "Name": "533.81", "P.K.": null, "Al.Dist. Izq.": null, "Al.Dist. Der.": null, "Ruta": 8 }, "geometry": { "type": "Point", "coordinates": [ -63.63838747, -33.30152232 ] } },
{ "type": "Feature", "properties": { "Name": "534", "P.K.": "PK534", "Al.Dist. Izq.": null, "Al.Dist. Der.": null, "Ruta": 8 }, "geometry": { "type": "Point", "coordinates": [ -63.64036057, -33.30099298 ] } },
{ "type": "Feature", "properties": { "Name": "534.01", "P.K.": null, "Al.Dist. Izq.": null, "Al.Dist. Der.": null, "Ruta": 8 }, "geometry": { "type": "Point", "coordinates": [ -63.64051261, -33.30108838 ] } },
{ "type": "Feature", "properties": { "Name": "535", "P.K.": "PK535", "Al.Dist. Izq.": null, "Al.Dist. Der.": null, "Ruta": 8 }, "geometry": { "type": "Point", "coordinates": [ -63.65070518, -33.29828346 ] } },
{ "type": "Feature", "properties": { "Name": "535.27", "P.K.": null, "Al.Dist. Izq.": null, "Al.Dist. Der.": null, "Ruta": 8 }, "geometry": { "type": "Point", "coordinates": [ -63.65314, -33.29763 ] } },
{ "type": "Feature", "properties": { "Name": "535.43", "P.K.": null, "Al.Dist. Izq.": null, "Al.Dist. Der.": null, "Ruta": 8 }, "geometry": { "type": "Point", "coordinates": [ -63.65459199, -33.29727403 ] } },
{ "type": "Feature", "properties": { "Name": "535.47", "P.K.": null, "Al.Dist. Izq.": null, "Al.Dist. Der.": null, "Ruta": 8 }, "geometry": { "type": "Point", "coordinates": [ -63.6550051, -33.29707509 ] } },
{ "type": "Feature", "properties": { "Name": "535.66", "P.K.": null, "Al.Dist. Izq.": null, "Al.Dist. Der.": null, "Ruta": 8 }, "geometry": { "type": "Point", "coordinates": [ -63.65676295, -33.29658664 ] } },
{ "type": "Feature", "properties": { "Name": "535.84", "P.K.": null, "Al.Dist. Izq.": null, "Al.Dist. Der.": null, "Ruta": 8 }, "geometry": { "type": "Point", "coordinates": [ -63.65835409, -33.2962808 ] } },
{ "type": "Feature", "properties": { "Name": "535.89", "P.K.": null, "Al.Dist. Izq.": null, "Al.Dist. Der.": null, "Ruta": 8 }, "geometry": { "type": "Point", "coordinates": [ -63.65875492, -33.29617119 ] } },
{ "type": "Feature", "properties": { "Name": "536", "P.K.": "PK536", "Al.Dist. Izq.": null, "Al.Dist. Der.": null, "Ruta": 8 }, "geometry": { "type": "Point", "coordinates": [ -63.65976937, -33.2958541 ] } },
{ "type": "Feature", "properties": { "Name": "536.34", "P.K.": null, "Al.Dist. Izq.": null, "Al.Dist. Der.": null, "Ruta": 8 }, "geometry": { "type": "Point", "coordinates": [ -63.66369378, -33.29471912 ] } },
{ "type": "Feature", "properties": { "Name": "536.93", "P.K.": null, "Al.Dist. Izq.": null, "Al.Dist. Der.": null, "Ruta": 8 }, "geometry": { "type": "Point", "coordinates": [ -63.67036, -33.29296 ] } },
{ "type": "Feature", "properties": { "Name": "536.99", "P.K.": null, "Al.Dist. Izq.": null, "Al.Dist. Der.": null, "Ruta": 8 }, "geometry": { "type": "Point", "coordinates": [ -63.67103197, -33.29282802 ] } },
{ "type": "Feature", "properties": { "Name": "537", "P.K.": "PK537", "Al.Dist. Izq.": null, "Al.Dist. Der.": null, "Ruta": 8 }, "geometry": { "type": "Point", "coordinates": [ -63.67111847, -33.29278822 ] } },
{ "type": "Feature", "properties": { "Name": "537.63", "P.K.": null, "Al.Dist. Izq.": null, "Al.Dist. Der.": null, "Ruta": 8 }, "geometry": { "type": "Point", "coordinates": [ -63.67633, -33.29136 ] } },
{ "type": "Feature", "properties": { "Name": "538", "P.K.": "PK538", "Al.Dist. Izq.": null, "Al.Dist. Der.": null, "Ruta": 8 }, "geometry": { "type": "Point", "coordinates": [ -63.67942225, -33.29058459 ] } },
{ "type": "Feature", "properties": { "Name": "538.32", "P.K.": null, "Al.Dist. Izq.": null, "Al.Dist. Der.": null, "Ruta": 8 }, "geometry": { "type": "Point", "coordinates": [ -63.68321959, -33.28952578 ] } },
{ "type": "Feature", "properties": { "Name": "538.58", "P.K.": null, "Al.Dist. Izq.": null, "Al.Dist. Der.": null, "Ruta": 8 }, "geometry": { "type": "Point", "coordinates": [ -63.68619622, -33.28867784 ] } },
{ "type": "Feature", "properties": { "Name": "538.86", "P.K.": null, "Al.Dist. Izq.": null, "Al.Dist. Der.": null, "Ruta": 8 }, "geometry": { "type": "Point", "coordinates": [ -63.68933268, -33.2875303 ] } },
{ "type": "Feature", "properties": { "Name": "539", "P.K.": "PK539", "Al.Dist. Izq.": null, "Al.Dist. Der.": null, "Ruta": 8 }, "geometry": { "type": "Point", "coordinates": [ -63.69084511, -33.28679096 ] } },
{ "type": "Feature", "properties": { "Name": "539.06", "P.K.": null, "Al.Dist. Izq.": null, "Al.Dist. Der.": null, "Ruta": 8 }, "geometry": { "type": "Point", "coordinates": [ -63.69143385, -33.28665811 ] } },
{ "type": "Feature", "properties": { "Name": "539.38", "P.K.": null, "Al.Dist. Izq.": null, "Al.Dist. Der.": null, "Ruta": 8 }, "geometry": { "type": "Point", "coordinates": [ -63.69456, -33.2852 ] } },
{ "type": "Feature", "properties": { "Name": "539.48", "P.K.": null, "Al.Dist. Izq.": null, "Al.Dist. Der.": null, "Ruta": 8 }, "geometry": { "type": "Point", "coordinates": [ -63.69546153, -33.28479794 ] } },
{ "type": "Feature", "properties": { "Name": "539.63", "P.K.": null, "Al.Dist. Izq.": null, "Al.Dist. Der.": null, "Ruta": 8 }, "geometry": { "type": "Point", "coordinates": [ -63.69701611, -33.28415166 ] } },
{ "type": "Feature", "properties": { "Name": "539.68", "P.K.": null, "Al.Dist. Izq.": null, "Al.Dist. Der.": null, "Ruta": 8 }, "geometry": { "type": "Point", "coordinates": [ -63.69749521, -33.2839377 ] } },
{ "type": "Feature", "properties": { "Name": "539.82", "P.K.": null, "Al.Dist. Izq.": null, "Al.Dist. Der.": null, "Ruta": 8 }, "geometry": { "type": "Point", "coordinates": [ -63.69885318, -33.28332397 ] } },
{ "type": "Feature", "properties": { "Name": "539.84", "P.K.": null, "Al.Dist. Izq.": null, "Al.Dist. Der.": null, "Ruta": 8 }, "geometry": { "type": "Point", "coordinates": [ -63.69909, -33.28317 ] } },
{ "type": "Feature", "properties": { "Name": "539.95", "P.K.": null, "Al.Dist. Izq.": null, "Al.Dist. Der.": null, "Ruta": 8 }, "geometry": { "type": "Point", "coordinates": [ -63.70010083, -33.28268281 ] } },
{ "type": "Feature", "properties": { "Name": "539.96", "P.K.": null, "Al.Dist. Izq.": null, "Al.Dist. Der.": null, "Ruta": 8 }, "geometry": { "type": "Point", "coordinates": [ -63.70022446, -33.28267848 ] } },
{ "type": "Feature", "properties": { "Name": "540", "P.K.": "PK540", "Al.Dist. Izq.": null, "Al.Dist. Der.": null, "Ruta": 8 }, "geometry": { "type": "Point", "coordinates": [ -63.7006278, -33.28255095 ] } },
{ "type": "Feature", "properties": { "Name": "540.09", "P.K.": null, "Al.Dist. Izq.": null, "Al.Dist. Der.": null, "Ruta": 8 }, "geometry": { "type": "Point", "coordinates": [ -63.70149851, -33.28214482 ] } },
{ "type": "Feature", "properties": { "Name": "540.2", "P.K.": null, "Al.Dist. Izq.": null, "Al.Dist. Der.": null, "Ruta": 8 }, "geometry": { "type": "Point", "coordinates": [ -63.70250166, -33.28160051 ] } },
{ "type": "Feature", "properties": { "Name": "540.21", "P.K.": null, "Al.Dist. Izq.": null, "Al.Dist. Der.": null, "Ruta": 8 }, "geometry": { "type": "Point", "coordinates": [ -63.70251875, -33.28158145 ] } },
{ "type": "Feature", "properties": { "Name": "540.26", "P.K.": null, "Al.Dist. Izq.": null, "Al.Dist. Der.": null, "Ruta": 8 }, "geometry": { "type": "Point", "coordinates": [ -63.70315645, -33.28129079 ] } },
{ "type": "Feature", "properties": { "Name": "540.27", "P.K.": null, "Al.Dist. Izq.": null, "Al.Dist. Der.": null, "Ruta": 8 }, "geometry": { "type": "Point", "coordinates": [ -63.70323189, -33.28136395 ] } },
{ "type": "Feature", "properties": { "Name": "540.33", "P.K.": null, "Al.Dist. Izq.": null, "Al.Dist. Der.": null, "Ruta": 8 }, "geometry": { "type": "Point", "coordinates": [ -63.70383807, -33.28097295 ] } },
{ "type": "Feature", "properties": { "Name": "540.37", "P.K.": null, "Al.Dist. Izq.": null, "Al.Dist. Der.": null, "Ruta": 8 }, "geometry": { "type": "Point", "coordinates": [ -63.70417298, -33.28095257 ] } },
{ "type": "Feature", "properties": { "Name": "540.82", "P.K.": null, "Al.Dist. Izq.": null, "Al.Dist. Der.": null, "Ruta": 8 }, "geometry": { "type": "Point", "coordinates": [ -63.70855, -33.27892 ] } },
{ "type": "Feature", "properties": { "Name": "540.94", "P.K.": null, "Al.Dist. Izq.": null, "Al.Dist. Der.": null, "Ruta": 8 }, "geometry": { "type": "Point", "coordinates": [ -63.70964639, -33.27844752 ] } },
{ "type": "Feature", "properties": { "Name": "541", "P.K.": "PK541", "Al.Dist. Izq.": null, "Al.Dist. Der.": null, "Ruta": 8 }, "geometry": { "type": "Point", "coordinates": [ -63.71031895, -33.27818937 ] } },
{ "type": "Feature", "properties": { "Name": "541.06", "P.K.": null, "Al.Dist. Izq.": null, "Al.Dist. Der.": null, "Ruta": 8 }, "geometry": { "type": "Point", "coordinates": [ -63.71078398, -33.27785638 ] } },
{ "type": "Feature", "properties": { "Name": "541.36", "P.K.": null, "Al.Dist. Izq.": null, "Al.Dist. Der.": null, "Ruta": 8 }, "geometry": { "type": "Point", "coordinates": [ -63.71355, -33.2767 ] } },
{ "type": "Feature", "properties": { "Name": "541.9", "P.K.": null, "Al.Dist. Izq.": null, "Al.Dist. Der.": null, "Ruta": 8 }, "geometry": { "type": "Point", "coordinates": [ -63.71836, -33.27455 ] } },
{ "type": "Feature", "properties": { "Name": "542", "P.K.": "PK542", "Al.Dist. Izq.": null, "Al.Dist. Der.": null, "Ruta": 8 }, "geometry": { "type": "Point", "coordinates": [ -63.71936034, -33.27415161 ] } },
{ "type": "Feature", "properties": { "Name": "542.68", "P.K.": null, "Al.Dist. Izq.": null, "Al.Dist. Der.": null, "Ruta": 8 }, "geometry": { "type": "Point", "coordinates": [ -63.72583654, -33.27123718 ] } },
{ "type": "Feature", "properties": { "Name": "543", "P.K.": "PK543", "Al.Dist. Izq.": null, "Al.Dist. Der.": null, "Ruta": 8 }, "geometry": { "type": "Point", "coordinates": [ -63.72881077, -33.26994574 ] } },
{ "type": "Feature", "properties": { "Name": "543.1", "P.K.": null, "Al.Dist. Izq.": null, "Al.Dist. Der.": null, "Ruta": 8 }, "geometry": { "type": "Point", "coordinates": [ -63.72985952, -33.26954741 ] } },
{ "type": "Feature", "properties": { "Name": "543.3", "P.K.": null, "Al.Dist. Izq.": null, "Al.Dist. Der.": null, "Ruta": 8 }, "geometry": { "type": "Point", "coordinates": [ -63.73176388, -33.26858981 ] } },
{ "type": "Feature", "properties": { "Name": "543.51", "P.K.": null, "Al.Dist. Izq.": null, "Al.Dist. Der.": null, "Ruta": 8 }, "geometry": { "type": "Point", "coordinates": [ -63.73397939, -33.26782087 ] } },
{ "type": "Feature", "properties": { "Name": "543.51", "P.K.": null, "Al.Dist. Izq.": null, "Al.Dist. Der.": null, "Ruta": 8 }, "geometry": { "type": "Point", "coordinates": [ -63.73396684, -33.26785828 ] } },
{ "type": "Feature", "properties": { "Name": "543.63", "P.K.": null, "Al.Dist. Izq.": null, "Al.Dist. Der.": null, "Ruta": 8 }, "geometry": { "type": "Point", "coordinates": [ -63.7352987, -33.26748812 ] } },
{ "type": "Feature", "properties": { "Name": "543.71", "P.K.": null, "Al.Dist. Izq.": null, "Al.Dist. Der.": null, "Ruta": 8 }, "geometry": { "type": "Point", "coordinates": [ -63.73616036, -33.26735889 ] } },
{ "type": "Feature", "properties": { "Name": "543.95", "P.K.": null, "Al.Dist. Izq.": null, "Al.Dist. Der.": null, "Ruta": 8 }, "geometry": { "type": "Point", "coordinates": [ -63.73872, -33.26686 ] } },
{ "type": "Feature", "properties": { "Name": "544", "P.K.": "PK544", "Al.Dist. Izq.": null, "Al.Dist. Der.": null, "Ruta": 8 }, "geometry": { "type": "Point", "coordinates": [ -63.73932403, -33.2667957 ] } },
{ "type": "Feature", "properties": { "Name": "544.74", "P.K.": null, "Al.Dist. Izq.": null, "Al.Dist. Der.": null, "Ruta": 8 }, "geometry": { "type": "Point", "coordinates": [ -63.74710009, -33.26528834 ] } },
{ "type": "Feature", "properties": { "Name": "544.83", "P.K.": null, "Al.Dist. Izq.": null, "Al.Dist. Der.": null, "Ruta": 8 }, "geometry": { "type": "Point", "coordinates": [ -63.74814, -33.26506 ] } },
{ "type": "Feature", "properties": { "Name": "545", "P.K.": "PK545", "Al.Dist. Izq.": null, "Al.Dist. Der.": null, "Ruta": 8 }, "geometry": { "type": "Point", "coordinates": [ -63.74998681, -33.2647285 ] } },
{ "type": "Feature", "properties": { "Name": "545.6", "P.K.": null, "Al.Dist. Izq.": null, "Al.Dist. Der.": null, "Ruta": 8 }, "geometry": { "type": "Point", "coordinates": [ -63.7561968, -33.26360517 ] } },
{ "type": "Feature", "properties": { "Name": "545.96", "P.K.": null, "Al.Dist. Izq.": null, "Al.Dist. Der.": null, "Ruta": 8 }, "geometry": { "type": "Point", "coordinates": [ -63.76005113, -33.26286675 ] } },
{ "type": "Feature", "properties": { "Name": "546", "P.K.": "PK546", "Al.Dist. Izq.": null, "Al.Dist. Der.": null, "Ruta": 8 }, "geometry": { "type": "Point", "coordinates": [ -63.76043335, -33.26288609 ] } },
{ "type": "Feature", "properties": { "Name": "546.1", "P.K.": null, "Al.Dist. Izq.": null, "Al.Dist. Der.": null, "Ruta": 8 }, "geometry": { "type": "Point", "coordinates": [ -63.7613919, -33.26262088 ] } },
{ "type": "Feature", "properties": { "Name": "546.11", "P.K.": null, "Al.Dist. Izq.": null, "Al.Dist. Der.": null, "Ruta": 8 }, "geometry": { "type": "Point", "coordinates": [ -63.761426, -33.262591 ] } },
{ "type": "Feature", "properties": { "Name": "546.12", "P.K.": null, "Al.Dist. Izq.": null, "Al.Dist. Der.": null, "Ruta": 8 }, "geometry": { "type": "Point", "coordinates": [ -63.76154, -33.26259 ] } },
{ "type": "Feature", "properties": { "Name": "546.2", "P.K.": null, "Al.Dist. Izq.": null, "Al.Dist. Der.": null, "Ruta": 8 }, "geometry": { "type": "Point", "coordinates": [ -63.76237627, -33.2623624 ] } },
{ "type": "Feature", "properties": { "Name": "546.3", "P.K.": null, "Al.Dist. Izq.": null, "Al.Dist. Der.": null, "Ruta": 8 }, "geometry": { "type": "Point", "coordinates": [ -63.76327653, -33.26206336 ] } },
{ "type": "Feature", "properties": { "Name": "546.34", "P.K.": null, "Al.Dist. Izq.": null, "Al.Dist. Der.": null, "Ruta": 8 }, "geometry": { "type": "Point", "coordinates": [ -63.76370162, -33.26182161 ] } },
{ "type": "Feature", "properties": { "Name": "546.45", "P.K.": null, "Al.Dist. Izq.": null, "Al.Dist. Der.": null, "Ruta": 8 }, "geometry": { "type": "Point", "coordinates": [ -63.76458708, -33.26139604 ] } },
{ "type": "Feature", "properties": { "Name": "546.46", "P.K.": null, "Al.Dist. Izq.": null, "Al.Dist. Der.": null, "Ruta": 8 }, "geometry": { "type": "Point", "coordinates": [ -63.76462296, -33.26132259 ] } },
{ "type": "Feature", "properties": { "Name": "546.62", "P.K.": null, "Al.Dist. Izq.": null, "Al.Dist. Der.": null, "Ruta": 8 }, "geometry": { "type": "Point", "coordinates": [ -63.76601737, -33.26066545 ] } },
{ "type": "Feature", "properties": { "Name": "547", "P.K.": "PK547", "Al.Dist. Izq.": null, "Al.Dist. Der.": null, "Ruta": 8 }, "geometry": { "type": "Point", "coordinates": [ -63.76939829, -33.25893509 ] } },
{ "type": "Feature", "properties": { "Name": "547.32", "P.K.": null, "Al.Dist. Izq.": null, "Al.Dist. Der.": null, "Ruta": 8 }, "geometry": { "type": "Point", "coordinates": [ -63.77242483, -33.25731349 ] } },
{ "type": "Feature", "properties": { "Name": "547.58", "P.K.": null, "Al.Dist. Izq.": null, "Al.Dist. Der.": null, "Ruta": 8 }, "geometry": { "type": "Point", "coordinates": [ -63.77497, -33.2561 ] } },
{ "type": "Feature", "properties": { "Name": "548", "P.K.": "PK548", "Al.Dist. Izq.": null, "Al.Dist. Der.": null, "Ruta": 8 }, "geometry": { "type": "Point", "coordinates": [ -63.77896339, -33.25407187 ] } },
{ "type": "Feature", "properties": { "Name": "548.96", "P.K.": null, "Al.Dist. Izq.": null, "Al.Dist. Der.": null, "Ruta": 8 }, "geometry": { "type": "Point", "coordinates": [ -63.78604643, -33.2504174 ] } },
{ "type": "Feature", "properties": { "Name": "549", "P.K.": "PK549", "Al.Dist. Izq.": null, "Al.Dist. Der.": null, "Ruta": 8 }, "geometry": { "type": "Point", "coordinates": [ -63.7863455, -33.25036441 ] } },
{ "type": "Feature", "properties": { "Name": "549.69", "P.K.": null, "Al.Dist. Izq.": null, "Al.Dist. Der.": null, "Ruta": 8 }, "geometry": { "type": "Point", "coordinates": [ -63.79348, -33.24669 ] } },
{ "type": "Feature", "properties": { "Name": "549.7", "P.K.": null, "Al.Dist. Izq.": null, "Al.Dist. Der.": null, "Ruta": 8 }, "geometry": { "type": "Point", "coordinates": [ -63.79358076, -33.24663239 ] } },
{ "type": "Feature", "properties": { "Name": "550", "P.K.": "PK550", "Al.Dist. Izq.": null, "Al.Dist. Der.": null, "Ruta": 8 }, "geometry": { "type": "Point", "coordinates": [ -63.79673436, -33.24504 ] } },
{ "type": "Feature", "properties": { "Name": "550.44", "P.K.": null, "Al.Dist. Izq.": null, "Al.Dist. Der.": null, "Ruta": 8 }, "geometry": { "type": "Point", "coordinates": [ -63.80096287, -33.24283236 ] } },
{ "type": "Feature", "properties": { "Name": "550.63", "P.K.": null, "Al.Dist. Izq.": null, "Al.Dist. Der.": null, "Ruta": 8 }, "geometry": { "type": "Point", "coordinates": [ -63.80272, -33.24181 ] } },
{ "type": "Feature", "properties": { "Name": "550.77", "P.K.": null, "Al.Dist. Izq.": null, "Al.Dist. Der.": null, "Ruta": 8 }, "geometry": { "type": "Point", "coordinates": [ -63.80387072, -33.24091742 ] } },
{ "type": "Feature", "properties": { "Name": "551", "P.K.": "PK551", "Al.Dist. Izq.": null, "Al.Dist. Der.": null, "Ruta": 8 }, "geometry": { "type": "Point", "coordinates": [ -63.80544685, -33.23921612 ] } },
{ "type": "Feature", "properties": { "Name": "551.45", "P.K.": null, "Al.Dist. Izq.": null, "Al.Dist. Der.": null, "Ruta": 8 }, "geometry": { "type": "Point", "coordinates": [ -63.80861621, -33.23611405 ] } },
{ "type": "Feature", "properties": { "Name": "552", "P.K.": "PK552", "Al.Dist. Izq.": null, "Al.Dist. Der.": null, "Ruta": 8 }, "geometry": { "type": "Point", "coordinates": [ -63.81230693, -33.23229112 ] } },
{ "type": "Feature", "properties": { "Name": "553", "P.K.": "PK553", "Al.Dist. Izq.": null, "Al.Dist. Der.": null, "Ruta": 8 }, "geometry": { "type": "Point", "coordinates": [ -63.81900977, -33.22524413 ] } },
{ "type": "Feature", "properties": { "Name": "553.14", "P.K.": null, "Al.Dist. Izq.": null, "Al.Dist. Der.": null, "Ruta": 8 }, "geometry": { "type": "Point", "coordinates": [ -63.81994193, -33.22434859 ] } },
{ "type": "Feature", "properties": { "Name": "553.4", "P.K.": null, "Al.Dist. Izq.": null, "Al.Dist. Der.": null, "Ruta": 8 }, "geometry": { "type": "Point", "coordinates": [ -63.82147037, -33.22277235 ] } },
{ "type": "Feature", "properties": { "Name": "553.58", "P.K.": null, "Al.Dist. Izq.": null, "Al.Dist. Der.": null, "Ruta": 8 }, "geometry": { "type": "Point", "coordinates": [ -63.82258985, -33.22147543 ] } },
{ "type": "Feature", "properties": { "Name": "553.62", "P.K.": null, "Al.Dist. Izq.": null, "Al.Dist. Der.": null, "Ruta": 8 }, "geometry": { "type": "Point", "coordinates": [ -63.82281, -33.22131 ] } },
{ "type": "Feature", "properties": { "Name": "554", "P.K.": "PK554", "Al.Dist. Izq.": null, "Al.Dist. Der.": null, "Ruta": 8 }, "geometry": { "type": "Point", "coordinates": [ -63.82517383, -33.21882403 ] } },
{ "type": "Feature", "properties": { "Name": "554.34", "P.K.": null, "Al.Dist. Izq.": null, "Al.Dist. Der.": null, "Ruta": 8 }, "geometry": { "type": "Point", "coordinates": [ -63.82769778, -33.21634814 ] } },
{ "type": "Feature", "properties": { "Name": "554.72", "P.K.": null, "Al.Dist. Izq.": null, "Al.Dist. Der.": null, "Ruta": 8 }, "geometry": { "type": "Point", "coordinates": [ -63.83040682, -33.21325254 ] } },
{ "type": "Feature", "properties": { "Name": "554.85", "P.K.": null, "Al.Dist. Izq.": null, "Al.Dist. Der.": null, "Ruta": 8 }, "geometry": { "type": "Point", "coordinates": [ -63.83140225, -33.21223515 ] } },
{ "type": "Feature", "properties": { "Name": "555", "P.K.": "PK555", "Al.Dist. Izq.": null, "Al.Dist. Der.": null, "Ruta": 8 }, "geometry": { "type": "Point", "coordinates": [ -63.83286472, -33.21146655 ] } },
{ "type": "Feature", "properties": { "Name": "555.23", "P.K.": null, "Al.Dist. Izq.": null, "Al.Dist. Der.": null, "Ruta": 8 }, "geometry": { "type": "Point", "coordinates": [ -63.83484688, -33.21049402 ] } },
{ "type": "Feature", "properties": { "Name": "555.37", "P.K.": null, "Al.Dist. Izq.": null, "Al.Dist. Der.": null, "Ruta": 8 }, "geometry": { "type": "Point", "coordinates": [ -63.83601867, -33.21010466 ] } },
{ "type": "Feature", "properties": { "Name": "555.51", "P.K.": null, "Al.Dist. Izq.": null, "Al.Dist. Der.": null, "Ruta": 8 }, "geometry": { "type": "Point", "coordinates": [ -63.83738726, -33.20979273 ] } },
{ "type": "Feature", "properties": { "Name": "555.92", "P.K.": null, "Al.Dist. Izq.": null, "Al.Dist. Der.": null, "Ruta": 8 }, "geometry": { "type": "Point", "coordinates": [ -63.841138, -33.20863868 ] } },
{ "type": "Feature", "properties": { "Name": "556", "P.K.": "PK556", "Al.Dist. Izq.": null, "Al.Dist. Der.": null, "Ruta": 8 }, "geometry": { "type": "Point", "coordinates": [ -63.84189975, -33.20854639 ] } },
{ "type": "Feature", "properties": { "Name": "556.13", "P.K.": null, "Al.Dist. Izq.": null, "Al.Dist. Der.": null, "Ruta": 8 }, "geometry": { "type": "Point", "coordinates": [ -63.84328008, -33.20820556 ] } },
{ "type": "Feature", "properties": { "Name": "556.2", "P.K.": null, "Al.Dist. Izq.": null, "Al.Dist. Der.": null, "Ruta": 8 }, "geometry": { "type": "Point", "coordinates": [ -63.84412497, -33.20793373 ] } },
{ "type": "Feature", "properties": { "Name": "556.25", "P.K.": null, "Al.Dist. Izq.": null, "Al.Dist. Der.": null, "Ruta": 8 }, "geometry": { "type": "Point", "coordinates": [ -63.84458263, -33.20776233 ] } },
{ "type": "Feature", "properties": { "Name": "556.43", "P.K.": null, "Al.Dist. Izq.": null, "Al.Dist. Der.": null, "Ruta": 8 }, "geometry": { "type": "Point", "coordinates": [ -63.84654533, -33.20713649 ] } },
{ "type": "Feature", "properties": { "Name": "556.58", "P.K.": null, "Al.Dist. Izq.": null, "Al.Dist. Der.": null, "Ruta": 8 }, "geometry": { "type": "Point", "coordinates": [ -63.84825055, -33.20664865 ] } },
{ "type": "Feature", "properties": { "Name": "556.83", "P.K.": null, "Al.Dist. Izq.": null, "Al.Dist. Der.": null, "Ruta": 8 }, "geometry": { "type": "Point", "coordinates": [ -63.8509978, -33.20581773 ] } },
{ "type": "Feature", "properties": { "Name": "556.9", "P.K.": null, "Al.Dist. Izq.": null, "Al.Dist. Der.": null, "Ruta": 8 }, "geometry": { "type": "Point", "coordinates": [ -63.85161001, -33.20544323 ] } },
{ "type": "Feature", "properties": { "Name": "556.94", "P.K.": null, "Al.Dist. Izq.": null, "Al.Dist. Der.": null, "Ruta": 8 }, "geometry": { "type": "Point", "coordinates": [ -63.85181, -33.2051 ] } },
{ "type": "Feature", "properties": { "Name": "556.98", "P.K.": null, "Al.Dist. Izq.": null, "Al.Dist. Der.": null, "Ruta": 8 }, "geometry": { "type": "Point", "coordinates": [ -63.85212667, -33.20475817 ] } },
{ "type": "Feature", "properties": { "Name": "557", "P.K.": "PK557", "Al.Dist. Izq.": null, "Al.Dist. Der.": null, "Ruta": 8 }, "geometry": { "type": "Point", "coordinates": [ -63.85225777, -33.20457863 ] } },
{ "type": "Feature", "properties": { "Name": "557.15", "P.K.": null, "Al.Dist. Izq.": null, "Al.Dist. Der.": null, "Ruta": 8 }, "geometry": { "type": "Point", "coordinates": [ -63.8526953, -33.20348118 ] } },
{ "type": "Feature", "properties": { "Name": "557.2", "P.K.": null, "Al.Dist. Izq.": null, "Al.Dist. Der.": null, "Ruta": 8 }, "geometry": { "type": "Point", "coordinates": [ -63.85282237, -33.20310189 ] } },
{ "type": "Feature", "properties": { "Name": "557.23", "P.K.": null, "Al.Dist. Izq.": null, "Al.Dist. Der.": null, "Ruta": 8 }, "geometry": { "type": "Point", "coordinates": [ -63.85292467, -33.2028476 ] } },
{ "type": "Feature", "properties": { "Name": "557.33", "P.K.": null, "Al.Dist. Izq.": null, "Al.Dist. Der.": null, "Ruta": 8 }, "geometry": { "type": "Point", "coordinates": [ -63.85299236, -33.20203052 ] } },
{ "type": "Feature", "properties": { "Name": "557.33", "P.K.": null, "Al.Dist. Izq.": null, "Al.Dist. Der.": null, "Ruta": 8 }, "geometry": { "type": "Point", "coordinates": [ -63.85308987, -33.20208903 ] } },
{ "type": "Feature", "properties": { "Name": "557.47", "P.K.": null, "Al.Dist. Izq.": null, "Al.Dist. Der.": null, "Ruta": 8 }, "geometry": { "type": "Point", "coordinates": [ -63.8532237, -33.20098578 ] } },
{ "type": "Feature", "properties": { "Name": "557.59", "P.K.": null, "Al.Dist. Izq.": null, "Al.Dist. Der.": null, "Ruta": 8 }, "geometry": { "type": "Point", "coordinates": [ -63.85383658, -33.20019296 ] } },
{ "type": "Feature", "properties": { "Name": "557.75", "P.K.": null, "Al.Dist. Izq.": null, "Al.Dist. Der.": null, "Ruta": 8 }, "geometry": { "type": "Point", "coordinates": [ -63.85478843, -33.19915914 ] } },
{ "type": "Feature", "properties": { "Name": "557.84", "P.K.": null, "Al.Dist. Izq.": null, "Al.Dist. Der.": null, "Ruta": 8 }, "geometry": { "type": "Point", "coordinates": [ -63.85552738, -33.19884127 ] } },
{ "type": "Feature", "properties": { "Name": "557.84", "P.K.": null, "Al.Dist. Izq.": null, "Al.Dist. Der.": null, "Ruta": 8 }, "geometry": { "type": "Point", "coordinates": [ -63.85552738, -33.19884127 ] } },
{ "type": "Feature", "properties": { "Name": "557.99", "P.K.": null, "Al.Dist. Izq.": null, "Al.Dist. Der.": null, "Ruta": 8 }, "geometry": { "type": "Point", "coordinates": [ -63.8568601, -33.19859242 ] } },
{ "type": "Feature", "properties": { "Name": "558", "P.K.": "PK558", "Al.Dist. Izq.": null, "Al.Dist. Der.": null, "Ruta": 8 }, "geometry": { "type": "Point", "coordinates": [ -63.8569513, -33.19855651 ] } },
{ "type": "Feature", "properties": { "Name": "558.03", "P.K.": null, "Al.Dist. Izq.": null, "Al.Dist. Der.": null, "Ruta": 8 }, "geometry": { "type": "Point", "coordinates": [ -63.85724902, -33.19848694 ] } },
{ "type": "Feature", "properties": { "Name": "558.13", "P.K.": null, "Al.Dist. Izq.": null, "Al.Dist. Der.": null, "Ruta": 8 }, "geometry": { "type": "Point", "coordinates": [ -63.85836147, -33.19811969 ] } },
{ "type": "Feature", "properties": { "Name": "558.13", "P.K.": null, "Al.Dist. Izq.": null, "Al.Dist. Der.": null, "Ruta": 8 }, "geometry": { "type": "Point", "coordinates": [ -63.85836147, -33.19811969 ] } },
{ "type": "Feature", "properties": { "Name": "558.25", "P.K.": null, "Al.Dist. Izq.": null, "Al.Dist. Der.": null, "Ruta": 8 }, "geometry": { "type": "Point", "coordinates": [ -63.85957819, -33.19773982 ] } },
{ "type": "Feature", "properties": { "Name": "558.33", "P.K.": null, "Al.Dist. Izq.": null, "Al.Dist. Der.": null, "Ruta": 8 }, "geometry": { "type": "Point", "coordinates": [ -63.86055719, -33.19752183 ] } },
{ "type": "Feature", "properties": { "Name": "558.38", "P.K.": null, "Al.Dist. Izq.": null, "Al.Dist. Der.": null, "Ruta": 8 }, "geometry": { "type": "Point", "coordinates": [ -63.86108927, -33.1974876 ] } },
{ "type": "Feature", "properties": { "Name": "558.39", "P.K.": null, "Al.Dist. Izq.": null, "Al.Dist. Der.": null, "Ruta": 8 }, "geometry": { "type": "Point", "coordinates": [ -63.86108592, -33.19737033 ] } },
{ "type": "Feature", "properties": { "Name": "558.4", "P.K.": null, "Al.Dist. Izq.": null, "Al.Dist. Der.": null, "Ruta": 8 }, "geometry": { "type": "Point", "coordinates": [ -63.86116639, -33.19723146 ] } },
{ "type": "Feature", "properties": { "Name": "558.48", "P.K.": null, "Al.Dist. Izq.": null, "Al.Dist. Der.": null, "Ruta": 8 }, "geometry": { "type": "Point", "coordinates": [ -63.86203777, -33.19703338 ] } },
{ "type": "Feature", "properties": { "Name": "558.49", "P.K.": null, "Al.Dist. Izq.": null, "Al.Dist. Der.": null, "Ruta": 8 }, "geometry": { "type": "Point", "coordinates": [ -63.8622062, -33.1972955 ] } },
{ "type": "Feature", "properties": { "Name": "558.5", "P.K.": null, "Al.Dist. Izq.": null, "Al.Dist. Der.": null, "Ruta": 8 }, "geometry": { "type": "Point", "coordinates": [ -63.86226676, -33.19700617 ] } },
{ "type": "Feature", "properties": { "Name": "558.52", "P.K.": null, "Al.Dist. Izq.": null, "Al.Dist. Der.": null, "Ruta": 8 }, "geometry": { "type": "Point", "coordinates": [ -63.86255611, -33.19688441 ] } },
{ "type": "Feature", "properties": { "Name": "558.63", "P.K.": null, "Al.Dist. Izq.": null, "Al.Dist. Der.": null, "Ruta": 8 }, "geometry": { "type": "Point", "coordinates": [ -63.86367828, -33.19655812 ] } },
{ "type": "Feature", "properties": { "Name": "558.77", "P.K.": null, "Al.Dist. Izq.": null, "Al.Dist. Der.": null, "Ruta": 8 }, "geometry": { "type": "Point", "coordinates": [ -63.86516087, -33.1961558 ] } },
{ "type": "Feature", "properties": { "Name": "558.91", "P.K.": null, "Al.Dist. Izq.": null, "Al.Dist. Der.": null, "Ruta": 8 }, "geometry": { "type": "Point", "coordinates": [ -63.8666971, -33.19569035 ] } },
{ "type": "Feature", "properties": { "Name": "558.94", "P.K.": null, "Al.Dist. Izq.": null, "Al.Dist. Der.": null, "Ruta": 8 }, "geometry": { "type": "Point", "coordinates": [ -63.866981, -33.195646 ] } },
{ "type": "Feature", "properties": { "Name": "558.96", "P.K.": null, "Al.Dist. Izq.": null, "Al.Dist. Der.": null, "Ruta": 8 }, "geometry": { "type": "Point", "coordinates": [ -63.86719, -33.19572 ] } },
{ "type": "Feature", "properties": { "Name": "559", "P.K.": "PK559", "Al.Dist. Izq.": null, "Al.Dist. Der.": null, "Ruta": 8 }, "geometry": { "type": "Point", "coordinates": [ -63.86759061, -33.19574674 ] } },
{ "type": "Feature", "properties": { "Name": "559.06", "P.K.": null, "Al.Dist. Izq.": null, "Al.Dist. Der.": null, "Ruta": 8 }, "geometry": { "type": "Point", "coordinates": [ -63.868177, -33.19593 ] } },
{ "type": "Feature", "properties": { "Name": "559.14", "P.K.": null, "Al.Dist. Izq.": null, "Al.Dist. Der.": null, "Ruta": 8 }, "geometry": { "type": "Point", "coordinates": [ -63.86891764, -33.19628009 ] } },
{ "type": "Feature", "properties": { "Name": "559.2", "P.K.": null, "Al.Dist. Izq.": null, "Al.Dist. Der.": null, "Ruta": 8 }, "geometry": { "type": "Point", "coordinates": [ -63.86941519, -33.19657495 ] } },
{ "type": "Feature", "properties": { "Name": "559.28", "P.K.": null, "Al.Dist. Izq.": null, "Al.Dist. Der.": null, "Ruta": 8 }, "geometry": { "type": "Point", "coordinates": [ -63.87017459, -33.19690349 ] } },
{ "type": "Feature", "properties": { "Name": "559.32", "P.K.": null, "Al.Dist. Izq.": null, "Al.Dist. Der.": null, "Ruta": 8 }, "geometry": { "type": "Point", "coordinates": [ -63.87053769, -33.19696717 ] } },
{ "type": "Feature", "properties": { "Name": "559.38", "P.K.": null, "Al.Dist. Izq.": null, "Al.Dist. Der.": null, "Ruta": 8 }, "geometry": { "type": "Point", "coordinates": [ -63.87111303, -33.19728785 ] } },
{ "type": "Feature", "properties": { "Name": "559.44", "P.K.": null, "Al.Dist. Izq.": null, "Al.Dist. Der.": null, "Ruta": 8 }, "geometry": { "type": "Point", "coordinates": [ -63.87171606, -33.1976088 ] } },
{ "type": "Feature", "properties": { "Name": "559.46", "P.K.": null, "Al.Dist. Izq.": null, "Al.Dist. Der.": null, "Ruta": 8 }, "geometry": { "type": "Point", "coordinates": [ -63.87195189, -33.19758075 ] } },
{ "type": "Feature", "properties": { "Name": "559.55", "P.K.": null, "Al.Dist. Izq.": null, "Al.Dist. Der.": null, "Ruta": 8 }, "geometry": { "type": "Point", "coordinates": [ -63.8727076, -33.19739642 ] } },
{ "type": "Feature", "properties": { "Name": "559.6", "P.K.": null, "Al.Dist. Izq.": null, "Al.Dist. Der.": null, "Ruta": 8 }, "geometry": { "type": "Point", "coordinates": [ -63.87333859, -33.19741438 ] } },
{ "type": "Feature", "properties": { "Name": "559.71", "P.K.": null, "Al.Dist. Izq.": null, "Al.Dist. Der.": null, "Ruta": 8 }, "geometry": { "type": "Point", "coordinates": [ -63.87445405, -33.19705471 ] } },
{ "type": "Feature", "properties": { "Name": "559.8", "P.K.": null, "Al.Dist. Izq.": null, "Al.Dist. Der.": null, "Ruta": 8 }, "geometry": { "type": "Point", "coordinates": [ -63.87536665, -33.19683065 ] } },
{ "type": "Feature", "properties": { "Name": "560", "P.K.": "PK560", "Al.Dist. Izq.": null, "Al.Dist. Der.": null, "Ruta": 8 }, "geometry": { "type": "Point", "coordinates": [ -63.87723584, -33.19631179 ] } },
{ "type": "Feature", "properties": { "Name": "560.1", "P.K.": null, "Al.Dist. Izq.": null, "Al.Dist. Der.": null, "Ruta": 8 }, "geometry": { "type": "Point", "coordinates": [ -63.87835532, -33.19597259 ] } },
{ "type": "Feature", "properties": { "Name": "560.17", "P.K.": null, "Al.Dist. Izq.": null, "Al.Dist. Der.": null, "Ruta": 8 }, "geometry": { "type": "Point", "coordinates": [ -63.87913417, -33.19576133 ] } },
{ "type": "Feature", "properties": { "Name": "560.46", "P.K.": null, "Al.Dist. Izq.": null, "Al.Dist. Der.": null, "Ruta": 8 }, "geometry": { "type": "Point", "coordinates": [ -63.88238534, -33.19487761 ] } },
{ "type": "Feature", "properties": { "Name": "560.51", "P.K.": null, "Al.Dist. Izq.": null, "Al.Dist. Der.": null, "Ruta": 8 }, "geometry": { "type": "Point", "coordinates": [ -63.88285657, -33.19474095 ] } },
{ "type": "Feature", "properties": { "Name": "560.74", "P.K.": null, "Al.Dist. Izq.": null, "Al.Dist. Der.": null, "Ruta": 8 }, "geometry": { "type": "Point", "coordinates": [ -63.88540819, -33.19405382 ] } },
{ "type": "Feature", "properties": { "Name": "560.84", "P.K.": null, "Al.Dist. Izq.": null, "Al.Dist. Der.": null, "Ruta": 8 }, "geometry": { "type": "Point", "coordinates": [ -63.88646029, -33.19364812 ] } },
{ "type": "Feature", "properties": { "Name": "561", "P.K.": "PK561", "Al.Dist. Izq.": null, "Al.Dist. Der.": null, "Ruta": 8 }, "geometry": { "type": "Point", "coordinates": [ -63.88826106, -33.19322923 ] } },
{ "type": "Feature", "properties": { "Name": "561.08", "P.K.": null, "Al.Dist. Izq.": null, "Al.Dist. Der.": null, "Ruta": 8 }, "geometry": { "type": "Point", "coordinates": [ -63.88907645, -33.19302442 ] } },
{ "type": "Feature", "properties": { "Name": "561.12", "P.K.": null, "Al.Dist. Izq.": null, "Al.Dist. Der.": null, "Ruta": 8 }, "geometry": { "type": "Point", "coordinates": [ -63.88939194, -33.19274076 ] } },
{ "type": "Feature", "properties": { "Name": "561.13", "P.K.": null, "Al.Dist. Izq.": null, "Al.Dist. Der.": null, "Ruta": 8 }, "geometry": { "type": "Point", "coordinates": [ -63.88959009, -33.19278986 ] } },
{ "type": "Feature", "properties": { "Name": "561.2", "P.K.": null, "Al.Dist. Izq.": null, "Al.Dist. Der.": null, "Ruta": 8 }, "geometry": { "type": "Point", "coordinates": [ -63.89028, -33.1926 ] } },
{ "type": "Feature", "properties": { "Name": "561.21", "P.K.": null, "Al.Dist. Izq.": null, "Al.Dist. Der.": null, "Ruta": 8 }, "geometry": { "type": "Point", "coordinates": [ -63.89040548, -33.19264032 ] } },
{ "type": "Feature", "properties": { "Name": "561.31", "P.K.": null, "Al.Dist. Izq.": null, "Al.Dist. Der.": null, "Ruta": 8 }, "geometry": { "type": "Point", "coordinates": [ -63.89135934, -33.19238388 ] } },
{ "type": "Feature", "properties": { "Name": "561.35", "P.K.": null, "Al.Dist. Izq.": null, "Al.Dist. Der.": null, "Ruta": 8 }, "geometry": { "type": "Point", "coordinates": [ -63.89184784, -33.19221048 ] } },
{ "type": "Feature", "properties": { "Name": "561.43", "P.K.": null, "Al.Dist. Izq.": null, "Al.Dist. Der.": null, "Ruta": 8 }, "geometry": { "type": "Point", "coordinates": [ -63.89273498, -33.192385 ] } },
{ "type": "Feature", "properties": { "Name": "561.53", "P.K.": null, "Al.Dist. Izq.": null, "Al.Dist. Der.": null, "Ruta": 8 }, "geometry": { "type": "Point", "coordinates": [ -63.89384341, -33.19256344 ] } },
{ "type": "Feature", "properties": { "Name": "562", "P.K.": "PK562", "Al.Dist. Izq.": null, "Al.Dist. Der.": null, "Ruta": 8 }, "geometry": { "type": "Point", "coordinates": [ -63.89887992, -33.19214343 ] } },
{ "type": "Feature", "properties": { "Name": "563", "P.K.": "PK563", "Al.Dist. Izq.": null, "Al.Dist. Der.": null, "Ruta": 8 }, "geometry": { "type": "Point", "coordinates": [ -63.90943173, -33.19174698 ] } },
{ "type": "Feature", "properties": { "Name": "563.5", "P.K.": null, "Al.Dist. Izq.": null, "Al.Dist. Der.": null, "Ruta": 8 }, "geometry": { "type": "Point", "coordinates": [ -63.91506102, -33.19182918 ] } },
{ "type": "Feature", "properties": { "Name": "563.75", "P.K.": null, "Al.Dist. Izq.": null, "Al.Dist. Der.": null, "Ruta": 8 }, "geometry": { "type": "Point", "coordinates": [ -63.91783878, -33.19136427 ] } },
{ "type": "Feature", "properties": { "Name": "563.78", "P.K.": null, "Al.Dist. Izq.": null, "Al.Dist. Der.": null, "Ruta": 8 }, "geometry": { "type": "Point", "coordinates": [ -63.91823, -33.191427 ] } },
{ "type": "Feature", "properties": { "Name": "564", "P.K.": "PK564", "Al.Dist. Izq.": null, "Al.Dist. Der.": null, "Ruta": 8 }, "geometry": { "type": "Point", "coordinates": [ -63.92067019, -33.19145097 ] } },
{ "type": "Feature", "properties": { "Name": "564.51", "P.K.": null, "Al.Dist. Izq.": null, "Al.Dist. Der.": null, "Ruta": 8 }, "geometry": { "type": "Point", "coordinates": [ -63.9252327, -33.19126328 ] } },
{ "type": "Feature", "properties": { "Name": "564.68", "P.K.": null, "Al.Dist. Izq.": null, "Al.Dist. Der.": null, "Ruta": 8 }, "geometry": { "type": "Point", "coordinates": [ -63.92677, -33.19116 ] } },
{ "type": "Feature", "properties": { "Name": "564.82", "P.K.": null, "Al.Dist. Izq.": null, "Al.Dist. Der.": null, "Ruta": 8 }, "geometry": { "type": "Point", "coordinates": [ -63.928084, -33.191155 ] } },
{ "type": "Feature", "properties": { "Name": "565", "P.K.": "PK565", "Al.Dist. Izq.": null, "Al.Dist. Der.": null, "Ruta": 8 }, "geometry": { "type": "Point", "coordinates": [ -63.92969314, -33.19095968 ] } },
{ "type": "Feature", "properties": { "Name": "565.04", "P.K.": null, "Al.Dist. Izq.": null, "Al.Dist. Der.": null, "Ruta": 8 }, "geometry": { "type": "Point", "coordinates": [ -63.930064, -33.190864 ] } },
{ "type": "Feature", "properties": { "Name": "565.16", "P.K.": null, "Al.Dist. Izq.": null, "Al.Dist. Der.": null, "Ruta": 8 }, "geometry": { "type": "Point", "coordinates": [ -63.93139978, -33.19063028 ] } },
{ "type": "Feature", "properties": { "Name": "565.25", "P.K.": null, "Al.Dist. Izq.": null, "Al.Dist. Der.": null, "Ruta": 8 }, "geometry": { "type": "Point", "coordinates": [ -63.93234, -33.19036 ] } },
{ "type": "Feature", "properties": { "Name": "565.29", "P.K.": null, "Al.Dist. Izq.": null, "Al.Dist. Der.": null, "Ruta": 8 }, "geometry": { "type": "Point", "coordinates": [ -63.93274516, -33.19019623 ] } },
{ "type": "Feature", "properties": { "Name": "565.44", "P.K.": null, "Al.Dist. Izq.": null, "Al.Dist. Der.": null, "Ruta": 8 }, "geometry": { "type": "Point", "coordinates": [ -63.93436622, -33.18985252 ] } },
{ "type": "Feature", "properties": { "Name": "565.44", "P.K.": null, "Al.Dist. Izq.": null, "Al.Dist. Der.": null, "Ruta": 8 }, "geometry": { "type": "Point", "coordinates": [ -63.93440503, -33.18996016 ] } },
{ "type": "Feature", "properties": { "Name": "565.87", "P.K.": null, "Al.Dist. Izq.": null, "Al.Dist. Der.": null, "Ruta": 8 }, "geometry": { "type": "Point", "coordinates": [ -63.9391, -33.18887 ] } },
{ "type": "Feature", "properties": { "Name": "566", "P.K.": "PK566", "Al.Dist. Izq.": null, "Al.Dist. Der.": null, "Ruta": 8 }, "geometry": { "type": "Point", "coordinates": [ -63.94052826, -33.18860169 ] } },
{ "type": "Feature", "properties": { "Name": "566.03", "P.K.": null, "Al.Dist. Izq.": null, "Al.Dist. Der.": null, "Ruta": 8 }, "geometry": { "type": "Point", "coordinates": [ -63.940829, -33.18857952 ] } },
{ "type": "Feature", "properties": { "Name": "566.54", "P.K.": null, "Al.Dist. Izq.": null, "Al.Dist. Der.": null, "Ruta": 8 }, "geometry": { "type": "Point", "coordinates": [ -63.94651435, -33.18727781 ] } },
{ "type": "Feature", "properties": { "Name": "566.94", "P.K.": null, "Al.Dist. Izq.": null, "Al.Dist. Der.": null, "Ruta": 8 }, "geometry": { "type": "Point", "coordinates": [ -63.95118266, -33.18637579 ] } },
{ "type": "Feature", "properties": { "Name": "567", "P.K.": "PK567", "Al.Dist. Izq.": null, "Al.Dist. Der.": null, "Ruta": 8 }, "geometry": { "type": "Point", "coordinates": [ -63.95177677, -33.18624868 ] } },
{ "type": "Feature", "properties": { "Name": "567.02", "P.K.": null, "Al.Dist. Izq.": null, "Al.Dist. Der.": null, "Ruta": 8 }, "geometry": { "type": "Point", "coordinates": [ -63.95198, -33.18616 ] } },
{ "type": "Feature", "properties": { "Name": "567.78", "P.K.": null, "Al.Dist. Izq.": null, "Al.Dist. Der.": null, "Ruta": 8 }, "geometry": { "type": "Point", "coordinates": [ -63.9590355, -33.18499584 ] } },
{ "type": "Feature", "properties": { "Name": "568", "P.K.": "PK568", "Al.Dist. Izq.": null, "Al.Dist. Der.": null, "Ruta": 8 }, "geometry": { "type": "Point", "coordinates": [ -63.96112762, -33.18469279 ] } },
{ "type": "Feature", "properties": { "Name": "568.07", "P.K.": null, "Al.Dist. Izq.": null, "Al.Dist. Der.": null, "Ruta": 8 }, "geometry": { "type": "Point", "coordinates": [ -63.96198593, -33.18457915 ] } },
{ "type": "Feature", "properties": { "Name": "568.37", "P.K.": null, "Al.Dist. Izq.": null, "Al.Dist. Der.": null, "Ruta": 8 }, "geometry": { "type": "Point", "coordinates": [ -63.96529, -33.18392 ] } },
{ "type": "Feature", "properties": { "Name": "568.51", "P.K.": null, "Al.Dist. Izq.": null, "Al.Dist. Der.": null, "Ruta": 8 }, "geometry": { "type": "Point", "coordinates": [ -63.96702312, -33.18359986 ] } },
{ "type": "Feature", "properties": { "Name": "569", "P.K.": "PK569", "Al.Dist. Izq.": null, "Al.Dist. Der.": null, "Ruta": 8 }, "geometry": { "type": "Point", "coordinates": [ -63.97257496, -33.18270952 ] } },
{ "type": "Feature", "properties": { "Name": "569.15", "P.K.": null, "Al.Dist. Izq.": null, "Al.Dist. Der.": null, "Ruta": 8 }, "geometry": { "type": "Point", "coordinates": [ -63.9742, -33.1824 ] } },
{ "type": "Feature", "properties": { "Name": "569.63", "P.K.": null, "Al.Dist. Izq.": null, "Al.Dist. Der.": null, "Ruta": 8 }, "geometry": { "type": "Point", "coordinates": [ -63.97911809, -33.1816101 ] } },
{ "type": "Feature", "properties": { "Name": "569.7", "P.K.": null, "Al.Dist. Izq.": null, "Al.Dist. Der.": null, "Ruta": 8 }, "geometry": { "type": "Point", "coordinates": [ -63.97978976, -33.18141565 ] } },
{ "type": "Feature", "properties": { "Name": "569.86", "P.K.": null, "Al.Dist. Izq.": null, "Al.Dist. Der.": null, "Ruta": 8 }, "geometry": { "type": "Point", "coordinates": [ -63.9815446, -33.1810893 ] } },
{ "type": "Feature", "properties": { "Name": "569.87", "P.K.": null, "Al.Dist. Izq.": null, "Al.Dist. Der.": null, "Ruta": 8 }, "geometry": { "type": "Point", "coordinates": [ -63.98163345, -33.18132249 ] } },
{ "type": "Feature", "properties": { "Name": "569.89", "P.K.": null, "Al.Dist. Izq.": null, "Al.Dist. Der.": null, "Ruta": 8 }, "geometry": { "type": "Point", "coordinates": [ -63.9818, -33.1811 ] } },
{ "type": "Feature", "properties": { "Name": "570", "P.K.": "PK570", "Al.Dist. Izq.": null, "Al.Dist. Der.": null, "Ruta": 8 }, "geometry": { "type": "Point", "coordinates": [ -63.98302753, -33.1809201 ] } },
{ "type": "Feature", "properties": { "Name": "570.06", "P.K.": null, "Al.Dist. Izq.": null, "Al.Dist. Der.": null, "Ruta": 8 }, "geometry": { "type": "Point", "coordinates": [ -63.98356838, -33.18085357 ] } },
{ "type": "Feature", "properties": { "Name": "570.07", "P.K.": null, "Al.Dist. Izq.": null, "Al.Dist. Der.": null, "Ruta": 8 }, "geometry": { "type": "Point", "coordinates": [ -63.98375173, -33.18081432 ] } },
{ "type": "Feature", "properties": { "Name": "570.86", "P.K.": null, "Al.Dist. Izq.": null, "Al.Dist. Der.": null, "Ruta": 8 }, "geometry": { "type": "Point", "coordinates": [ -63.99224, -33.17932 ] } },
{ "type": "Feature", "properties": { "Name": "571", "P.K.": "PK571", "Al.Dist. Izq.": null, "Al.Dist. Der.": null, "Ruta": 8 }, "geometry": { "type": "Point", "coordinates": [ -63.99376173, -33.17912194 ] } },
{ "type": "Feature", "properties": { "Name": "571.13", "P.K.": null, "Al.Dist. Izq.": null, "Al.Dist. Der.": null, "Ruta": 8 }, "geometry": { "type": "Point", "coordinates": [ -63.99489094, -33.17870326 ] } },
{ "type": "Feature", "properties": { "Name": "571.63", "P.K.": null, "Al.Dist. Izq.": null, "Al.Dist. Der.": null, "Ruta": 8 }, "geometry": { "type": "Point", "coordinates": [ -64.00005285, -33.17807019 ] } },
{ "type": "Feature", "properties": { "Name": "571.93", "P.K.": null, "Al.Dist. Izq.": null, "Al.Dist. Der.": null, "Ruta": 8 }, "geometry": { "type": "Point", "coordinates": [ -64.00305, -33.17749 ] } },
{ "type": "Feature", "properties": { "Name": "572", "P.K.": "PK572", "Al.Dist. Izq.": null, "Al.Dist. Der.": null, "Ruta": 8 }, "geometry": { "type": "Point", "coordinates": [ -64.00383476, -33.17742786 ] } },
{ "type": "Feature", "properties": { "Name": "572.6", "P.K.": null, "Al.Dist. Izq.": null, "Al.Dist. Der.": null, "Ruta": 8 }, "geometry": { "type": "Point", "coordinates": [ -64.01024, -33.17627 ] } },
{ "type": "Feature", "properties": { "Name": "573", "P.K.": "PK573", "Al.Dist. Izq.": null, "Al.Dist. Der.": null, "Ruta": 8 }, "geometry": { "type": "Point", "coordinates": [ -64.01445095, -33.17559539 ] } },
{ "type": "Feature", "properties": { "Name": "573.3", "P.K.": null, "Al.Dist. Izq.": null, "Al.Dist. Der.": null, "Ruta": 8 }, "geometry": { "type": "Point", "coordinates": [ -64.01789, -33.17497 ] } },
{ "type": "Feature", "properties": { "Name": "573.88", "P.K.": null, "Al.Dist. Izq.": null, "Al.Dist. Der.": null, "Ruta": 8 }, "geometry": { "type": "Point", "coordinates": [ -64.02453, -33.17382 ] } },
{ "type": "Feature", "properties": { "Name": "573.93", "P.K.": null, "Al.Dist. Izq.": null, "Al.Dist. Der.": null, "Ruta": 8 }, "geometry": { "type": "Point", "coordinates": [ -64.02501147, -33.17381649 ] } },
{ "type": "Feature", "properties": { "Name": "574", "P.K.": "PK574", "Al.Dist. Izq.": null, "Al.Dist. Der.": null, "Ruta": 8 }, "geometry": { "type": "Point", "coordinates": [ -64.02586106, -33.17364811 ] } },
{ "type": "Feature", "properties": { "Name": "574.18", "P.K.": null, "Al.Dist. Izq.": null, "Al.Dist. Der.": null, "Ruta": 8 }, "geometry": { "type": "Point", "coordinates": [ -64.02811445, -33.17326589 ] } },
{ "type": "Feature", "properties": { "Name": "574.69", "P.K.": null, "Al.Dist. Izq.": null, "Al.Dist. Der.": null, "Ruta": 8 }, "geometry": { "type": "Point", "coordinates": [ -64.0342, -33.17217 ] } },
{ "type": "Feature", "properties": { "Name": "574.73", "P.K.": null, "Al.Dist. Izq.": null, "Al.Dist. Der.": null, "Ruta": 8 }, "geometry": { "type": "Point", "coordinates": [ -64.03467815, -33.17217984 ] } },
{ "type": "Feature", "properties": { "Name": "574.86", "P.K.": null, "Al.Dist. Izq.": null, "Al.Dist. Der.": null, "Ruta": 8 }, "geometry": { "type": "Point", "coordinates": [ -64.03624059, -33.17188228 ] } },
{ "type": "Feature", "properties": { "Name": "575", "P.K.": "PK575", "Al.Dist. Izq.": null, "Al.Dist. Der.": null, "Ruta": 8 }, "geometry": { "type": "Point", "coordinates": [ -64.03798297, -33.17149845 ] } },
{ "type": "Feature", "properties": { "Name": "575.42", "P.K.": null, "Al.Dist. Izq.": null, "Al.Dist. Der.": null, "Ruta": 8 }, "geometry": { "type": "Point", "coordinates": [ -64.0408204, -33.1712645 ] } },
{ "type": "Feature", "properties": { "Name": "575.69", "P.K.": null, "Al.Dist. Izq.": null, "Al.Dist. Der.": null, "Ruta": 8 }, "geometry": { "type": "Point", "coordinates": [ -64.04264767, -33.17081818 ] } },
{ "type": "Feature", "properties": { "Name": "575.69", "P.K.": null, "Al.Dist. Izq.": null, "Al.Dist. Der.": null, "Ruta": 8 }, "geometry": { "type": "Point", "coordinates": [ -64.04261917, -33.17066439 ] } },
{ "type": "Feature", "properties": { "Name": "575.91", "P.K.": null, "Al.Dist. Izq.": null, "Al.Dist. Der.": null, "Ruta": 8 }, "geometry": { "type": "Point", "coordinates": [ -64.04419266, -33.17049459 ] } },
{ "type": "Feature", "properties": { "Name": "575.92", "P.K.": null, "Al.Dist. Izq.": null, "Al.Dist. Der.": null, "Ruta": 8 }, "geometry": { "type": "Point", "coordinates": [ -64.04426269, -33.17039666 ] } },
{ "type": "Feature", "properties": { "Name": "575.97", "P.K.": null, "Al.Dist. Izq.": null, "Al.Dist. Der.": null, "Ruta": 8 }, "geometry": { "type": "Point", "coordinates": [ -64.04460535, -33.17045419 ] } },
{ "type": "Feature", "properties": { "Name": "576", "P.K.": "PK576", "Al.Dist. Izq.": null, "Al.Dist. Der.": null, "Ruta": 8 }, "geometry": { "type": "Point", "coordinates": [ -64.04482093, -33.17036017 ] } },
{ "type": "Feature", "properties": { "Name": "576.02", "P.K.": null, "Al.Dist. Izq.": null, "Al.Dist. Der.": null, "Ruta": 8 }, "geometry": { "type": "Point", "coordinates": [ -64.04499997, -33.17029871 ] } },
{ "type": "Feature", "properties": { "Name": "576.05", "P.K.": null, "Al.Dist. Izq.": null, "Al.Dist. Der.": null, "Ruta": 8 }, "geometry": { "type": "Point", "coordinates": [ -64.04530574, -33.17029647 ] } },
{ "type": "Feature", "properties": { "Name": "576.1", "P.K.": null, "Al.Dist. Izq.": null, "Al.Dist. Der.": null, "Ruta": 8 }, "geometry": { "type": "Point", "coordinates": [ -64.04589616, -33.17016737 ] } },
{ "type": "Feature", "properties": { "Name": "576.14", "P.K.": null, "Al.Dist. Izq.": null, "Al.Dist. Der.": null, "Ruta": 8 }, "geometry": { "type": "Point", "coordinates": [ -64.04623915, -33.16985221 ] } },
{ "type": "Feature", "properties": { "Name": "576.14", "P.K.": null, "Al.Dist. Izq.": null, "Al.Dist. Der.": null, "Ruta": 8 }, "geometry": { "type": "Point", "coordinates": [ -64.04623915, -33.16985221 ] } },
{ "type": "Feature", "properties": { "Name": "576.23", "P.K.": null, "Al.Dist. Izq.": null, "Al.Dist. Der.": null, "Ruta": 8 }, "geometry": { "type": "Point", "coordinates": [ -64.047429, -33.169788 ] } },
{ "type": "Feature", "properties": { "Name": "576.3", "P.K.": null, "Al.Dist. Izq.": null, "Al.Dist. Der.": null, "Ruta": 8 }, "geometry": { "type": "Point", "coordinates": [ -64.04816799, -33.16950814 ] } },
{ "type": "Feature", "properties": { "Name": "576.4", "P.K.": null, "Al.Dist. Izq.": null, "Al.Dist. Der.": null, "Ruta": 8 }, "geometry": { "type": "Point", "coordinates": [ -64.049381, -33.169509 ] } },
{ "type": "Feature", "properties": { "Name": "576.4", "P.K.": null, "Al.Dist. Izq.": null, "Al.Dist. Der.": null, "Ruta": 8 }, "geometry": { "type": "Point", "coordinates": [ -64.049381, -33.169509 ] } },
{ "type": "Feature", "properties": { "Name": "576.45", "P.K.": null, "Al.Dist. Izq.": null, "Al.Dist. Der.": null, "Ruta": 8 }, "geometry": { "type": "Point", "coordinates": [ -64.04999612, -33.16951188 ] } },
{ "type": "Feature", "properties": { "Name": "576.5", "P.K.": null, "Al.Dist. Izq.": null, "Al.Dist. Der.": null, "Ruta": 8 }, "geometry": { "type": "Point", "coordinates": [ -64.05050524, -33.1694745 ] } },
{ "type": "Feature", "properties": { "Name": "576.55", "P.K.": null, "Al.Dist. Izq.": null, "Al.Dist. Der.": null, "Ruta": 8 }, "geometry": { "type": "Point", "coordinates": [ -64.05117912, -33.16940536 ] } },
{ "type": "Feature", "properties": { "Name": "576.59", "P.K.": null, "Al.Dist. Izq.": null, "Al.Dist. Der.": null, "Ruta": 8 }, "geometry": { "type": "Point", "coordinates": [ -64.05162567, -33.16937541 ] } },
{ "type": "Feature", "properties": { "Name": "576.66", "P.K.": null, "Al.Dist. Izq.": null, "Al.Dist. Der.": null, "Ruta": 8 }, "geometry": { "type": "Point", "coordinates": [ -64.05248677, -33.16929967 ] } },
{ "type": "Feature", "properties": { "Name": "577", "P.K.": "PK577", "Al.Dist. Izq.": null, "Al.Dist. Der.": null, "Ruta": 8 }, "geometry": { "type": "Point", "coordinates": [ -64.05652575, -33.16894152 ] } },
{ "type": "Feature", "properties": { "Name": "577.19", "P.K.": null, "Al.Dist. Izq.": null, "Al.Dist. Der.": null, "Ruta": 8 }, "geometry": { "type": "Point", "coordinates": [ -64.05856, -33.16872 ] } },
{ "type": "Feature", "properties": { "Name": "577.24", "P.K.": null, "Al.Dist. Izq.": null, "Al.Dist. Der.": null, "Ruta": 8 }, "geometry": { "type": "Point", "coordinates": [ -64.05903965, -33.16865919 ] } },
{ "type": "Feature", "properties": { "Name": "578", "P.K.": "PK578", "Al.Dist. Izq.": null, "Al.Dist. Der.": null, "Ruta": 8 }, "geometry": { "type": "Point", "coordinates": [ -64.06691395, -33.16804008 ] } },
{ "type": "Feature", "properties": { "Name": "578.21", "P.K.": null, "Al.Dist. Izq.": null, "Al.Dist. Der.": null, "Ruta": 8 }, "geometry": { "type": "Point", "coordinates": [ -64.06960888, -33.16783826 ] } },
{ "type": "Feature", "properties": { "Name": "578.29", "P.K.": null, "Al.Dist. Izq.": null, "Al.Dist. Der.": null, "Ruta": 8 }, "geometry": { "type": "Point", "coordinates": [ -64.07058924, -33.16769207 ] } },
{ "type": "Feature", "properties": { "Name": "578.39", "P.K.": null, "Al.Dist. Izq.": null, "Al.Dist. Der.": null, "Ruta": 8 }, "geometry": { "type": "Point", "coordinates": [ -64.07198031, -33.16765053 ] } },
{ "type": "Feature", "properties": { "Name": "578.46", "P.K.": null, "Al.Dist. Izq.": null, "Al.Dist. Der.": null, "Ruta": 8 }, "geometry": { "type": "Point", "coordinates": [ -64.07284901, -33.16742433 ] } },
{ "type": "Feature", "properties": { "Name": "578.67", "P.K.": null, "Al.Dist. Izq.": null, "Al.Dist. Der.": null, "Ruta": 8 }, "geometry": { "type": "Point", "coordinates": [ -64.07528512, -33.16656778 ] } },
{ "type": "Feature", "properties": { "Name": "578.76", "P.K.": null, "Al.Dist. Izq.": null, "Al.Dist. Der.": null, "Ruta": 8 }, "geometry": { "type": "Point", "coordinates": [ -64.07627519, -33.16616784 ] } },
{ "type": "Feature", "properties": { "Name": "579", "P.K.": "PK579", "Al.Dist. Izq.": null, "Al.Dist. Der.": null, "Ruta": 8 }, "geometry": { "type": "Point", "coordinates": [ -64.07905463, -33.1650062 ] } },
{ "type": "Feature", "properties": { "Name": "579.35", "P.K.": null, "Al.Dist. Izq.": null, "Al.Dist. Der.": null, "Ruta": 8 }, "geometry": { "type": "Point", "coordinates": [ -64.08199, -33.16383 ] } },
{ "type": "Feature", "properties": { "Name": "579.89", "P.K.": null, "Al.Dist. Izq.": null, "Al.Dist. Der.": null, "Ruta": 8 }, "geometry": { "type": "Point", "coordinates": [ -64.08642434, -33.16210947 ] } },
{ "type": "Feature", "properties": { "Name": "579.92", "P.K.": null, "Al.Dist. Izq.": null, "Al.Dist. Der.": null, "Ruta": 8 }, "geometry": { "type": "Point", "coordinates": [ -64.08662, -33.16196 ] } },
{ "type": "Feature", "properties": { "Name": "580", "P.K.": "PK580", "Al.Dist. Izq.": null, "Al.Dist. Der.": null, "Ruta": 8 }, "geometry": { "type": "Point", "coordinates": [ -64.08728801, -33.16168791 ] } },
{ "type": "Feature", "properties": { "Name": "580.21", "P.K.": null, "Al.Dist. Izq.": null, "Al.Dist. Der.": null, "Ruta": 8 }, "geometry": { "type": "Point", "coordinates": [ -64.08915114, -33.16092925 ] } },
{ "type": "Feature", "properties": { "Name": "580.25", "P.K.": null, "Al.Dist. Izq.": null, "Al.Dist. Der.": null, "Ruta": 8 }, "geometry": { "type": "Point", "coordinates": [ -64.08964634, -33.16081333 ] } },
{ "type": "Feature", "properties": { "Name": "580.41", "P.K.": null, "Al.Dist. Izq.": null, "Al.Dist. Der.": null, "Ruta": 8 }, "geometry": { "type": "Point", "coordinates": [ -64.09099, -33.16018 ] } },
{ "type": "Feature", "properties": { "Name": "580.57", "P.K.": null, "Al.Dist. Izq.": null, "Al.Dist. Der.": null, "Ruta": 8 }, "geometry": { "type": "Point", "coordinates": [ -64.09252066, -33.15951157 ] } },
{ "type": "Feature", "properties": { "Name": "581", "P.K.": "PK581", "Al.Dist. Izq.": null, "Al.Dist. Der.": null, "Ruta": 8 }, "geometry": { "type": "Point", "coordinates": [ -64.09692284, -33.15907259 ] } },
{ "type": "Feature", "properties": { "Name": "581.02", "P.K.": null, "Al.Dist. Izq.": null, "Al.Dist. Der.": null, "Ruta": 8 }, "geometry": { "type": "Point", "coordinates": [ -64.09711931, -33.15915314 ] } },
{ "type": "Feature", "properties": { "Name": "581.05", "P.K.": null, "Al.Dist. Izq.": null, "Al.Dist. Der.": null, "Ruta": 8 }, "geometry": { "type": "Point", "coordinates": [ -64.09741972, -33.15904676 ] } },
{ "type": "Feature", "properties": { "Name": "581.16", "P.K.": null, "Al.Dist. Izq.": null, "Al.Dist. Der.": null, "Ruta": 8 }, "geometry": { "type": "Point", "coordinates": [ -64.0985838, -33.15916016 ] } },
{ "type": "Feature", "properties": { "Name": "581.76", "P.K.": null, "Al.Dist. Izq.": null, "Al.Dist. Der.": null, "Ruta": 8 }, "geometry": { "type": "Point", "coordinates": [ -64.10519242, -33.15912648 ] } },
{ "type": "Feature", "properties": { "Name": "581.97", "P.K.": null, "Al.Dist. Izq.": null, "Al.Dist. Der.": null, "Ruta": 8 }, "geometry": { "type": "Point", "coordinates": [ -64.1076, -33.15923 ] } },
{ "type": "Feature", "properties": { "Name": "582", "P.K.": "PK582", "Al.Dist. Izq.": null, "Al.Dist. Der.": null, "Ruta": 8 }, "geometry": { "type": "Point", "coordinates": [ -64.10796516, -33.15930414 ] } },
{ "type": "Feature", "properties": { "Name": "582.05", "P.K.": null, "Al.Dist. Izq.": null, "Al.Dist. Der.": null, "Ruta": 8 }, "geometry": { "type": "Point", "coordinates": [ -64.10850428, -33.1592946 ] } },
{ "type": "Feature", "properties": { "Name": "582.56", "P.K.": null, "Al.Dist. Izq.": null, "Al.Dist. Der.": null, "Ruta": 8 }, "geometry": { "type": "Point", "coordinates": [ -64.11360316, -33.15927495 ] } },
{ "type": "Feature", "properties": { "Name": "583.39", "P.K.": null, "Al.Dist. Izq.": null, "Al.Dist. Der.": null, "Ruta": 8 }, "geometry": { "type": "Point", "coordinates": [ -64.12196193, -33.15947424 ] } },
{ "type": "Feature", "properties": { "Name": "583.71", "P.K.": null, "Al.Dist. Izq.": null, "Al.Dist. Der.": null, "Ruta": 8 }, "geometry": { "type": "Point", "coordinates": [ -64.12519, -33.15942 ] } },
{ "type": "Feature", "properties": { "Name": "583.76", "P.K.": null, "Al.Dist. Izq.": null, "Al.Dist. Der.": null, "Ruta": 8 }, "geometry": { "type": "Point", "coordinates": [ -64.12557252, -33.15932379 ] } },
{ "type": "Feature", "properties": { "Name": "583.76", "P.K.": null, "Al.Dist. Izq.": null, "Al.Dist. Der.": null, "Ruta": 8 }, "geometry": { "type": "Point", "coordinates": [ -64.12556347, -33.1595183 ] } },
{ "type": "Feature", "properties": { "Name": "584", "P.K.": "PK584", "Al.Dist. Izq.": null, "Al.Dist. Der.": null, "Ruta": 8 }, "geometry": { "type": "Point", "coordinates": [ -64.12803814, -33.1594442 ] } },
{ "type": "Feature", "properties": { "Name": "584.14", "P.K.": null, "Al.Dist. Izq.": null, "Al.Dist. Der.": null, "Ruta": 8 }, "geometry": { "type": "Point", "coordinates": [ -64.12964, -33.15949 ] } },
{ "type": "Feature", "properties": { "Name": "584.74", "P.K.": null, "Al.Dist. Izq.": null, "Al.Dist. Der.": null, "Ruta": 8 }, "geometry": { "type": "Point", "coordinates": [ -64.13670201, -33.15960924 ] } },
{ "type": "Feature", "properties": { "Name": "584.93", "P.K.": null, "Al.Dist. Izq.": null, "Al.Dist. Der.": null, "Ruta": 8 }, "geometry": { "type": "Point", "coordinates": [ -64.13887, -33.15961 ] } },
{ "type": "Feature", "properties": { "Name": "585", "P.K.": "PK585", "Al.Dist. Izq.": null, "Al.Dist. Der.": null, "Ruta": 8 }, "geometry": { "type": "Point", "coordinates": [ -64.13978286, -33.15957107 ] } },
{ "type": "Feature", "properties": { "Name": "585.06", "P.K.": null, "Al.Dist. Izq.": null, "Al.Dist. Der.": null, "Ruta": 8 }, "geometry": { "type": "Point", "coordinates": [ -64.14043564, -33.15953093 ] } },
{ "type": "Feature", "properties": { "Name": "585.13", "P.K.": null, "Al.Dist. Izq.": null, "Al.Dist. Der.": null, "Ruta": 8 }, "geometry": { "type": "Point", "coordinates": [ -64.14124299, -33.1596157 ] } },
{ "type": "Feature", "properties": { "Name": "585.44", "P.K.": null, "Al.Dist. Izq.": null, "Al.Dist. Der.": null, "Ruta": 8 }, "geometry": { "type": "Point", "coordinates": [ -64.14482709, -33.15963703 ] } },
{ "type": "Feature", "properties": { "Name": "585.61", "P.K.": null, "Al.Dist. Izq.": null, "Al.Dist. Der.": null, "Ruta": 8 }, "geometry": { "type": "Point", "coordinates": [ -64.14686993, -33.15956882 ] } },
{ "type": "Feature", "properties": { "Name": "585.72", "P.K.": null, "Al.Dist. Izq.": null, "Al.Dist. Der.": null, "Ruta": 8 }, "geometry": { "type": "Point", "coordinates": [ -64.14812747, -33.15955377 ] } },
{ "type": "Feature", "properties": { "Name": "585.74", "P.K.": null, "Al.Dist. Izq.": null, "Al.Dist. Der.": null, "Ruta": 8 }, "geometry": { "type": "Point", "coordinates": [ -64.14832436, -33.15950567 ] } },
{ "type": "Feature", "properties": { "Name": "585.77", "P.K.": null, "Al.Dist. Izq.": null, "Al.Dist. Der.": null, "Ruta": 8 }, "geometry": { "type": "Point", "coordinates": [ -64.1486, -33.15951 ] } },
{ "type": "Feature", "properties": { "Name": "585.79", "P.K.": null, "Al.Dist. Izq.": null, "Al.Dist. Der.": null, "Ruta": 8 }, "geometry": { "type": "Point", "coordinates": [ -64.14890505, -33.1594675 ] } },
{ "type": "Feature", "properties": { "Name": "585.93", "P.K.": null, "Al.Dist. Izq.": null, "Al.Dist. Der.": null, "Ruta": 8 }, "geometry": { "type": "Point", "coordinates": [ -64.15042821, -33.15948967 ] } },
{ "type": "Feature", "properties": { "Name": "586", "P.K.": "PK586", "Al.Dist. Izq.": null, "Al.Dist. Der.": null, "Ruta": 8 }, "geometry": { "type": "Point", "coordinates": [ -64.15130161, -33.15942989 ] } },
{ "type": "Feature", "properties": { "Name": "586.05", "P.K.": null, "Al.Dist. Izq.": null, "Al.Dist. Der.": null, "Ruta": 8 }, "geometry": { "type": "Point", "coordinates": [ -64.15180989, -33.1593367 ] } },
{ "type": "Feature", "properties": { "Name": "586.07", "P.K.": null, "Al.Dist. Izq.": null, "Al.Dist. Der.": null, "Ruta": 8 }, "geometry": { "type": "Point", "coordinates": [ -64.15205833, -33.15933502 ] } },
{ "type": "Feature", "properties": { "Name": "586.15", "P.K.": null, "Al.Dist. Izq.": null, "Al.Dist. Der.": null, "Ruta": 8 }, "geometry": { "type": "Point", "coordinates": [ -64.15295374, -33.15916323 ] } },
{ "type": "Feature", "properties": { "Name": "586.26", "P.K.": null, "Al.Dist. Izq.": null, "Al.Dist. Der.": null, "Ruta": 8 }, "geometry": { "type": "Point", "coordinates": [ -64.154058, -33.158873 ] } },
{ "type": "Feature", "properties": { "Name": "586.32", "P.K.": null, "Al.Dist. Izq.": null, "Al.Dist. Der.": null, "Ruta": 8 }, "geometry": { "type": "Point", "coordinates": [ -64.154648, -33.15866672 ] } },
{ "type": "Feature", "properties": { "Name": "586.32", "P.K.": null, "Al.Dist. Izq.": null, "Al.Dist. Der.": null, "Ruta": 8 }, "geometry": { "type": "Point", "coordinates": [ -64.15464002, -33.15874671 ] } },
{ "type": "Feature", "properties": { "Name": "586.43", "P.K.": null, "Al.Dist. Izq.": null, "Al.Dist. Der.": null, "Ruta": 8 }, "geometry": { "type": "Point", "coordinates": [ -64.155744, -33.158455 ] } },
{ "type": "Feature", "properties": { "Name": "586.57", "P.K.": null, "Al.Dist. Izq.": null, "Al.Dist. Der.": null, "Ruta": 8 }, "geometry": { "type": "Point", "coordinates": [ -64.15716683, -33.15812673 ] } },
{ "type": "Feature", "properties": { "Name": "586.72", "P.K.": null, "Al.Dist. Izq.": null, "Al.Dist. Der.": null, "Ruta": 8 }, "geometry": { "type": "Point", "coordinates": [ -64.15857408, -33.15749348 ] } },
{ "type": "Feature", "properties": { "Name": "586.79", "P.K.": null, "Al.Dist. Izq.": null, "Al.Dist. Der.": null, "Ruta": 8 }, "geometry": { "type": "Point", "coordinates": [ -64.159192, -33.157213 ] } },
{ "type": "Feature", "properties": { "Name": "586.85", "P.K.": null, "Al.Dist. Izq.": null, "Al.Dist. Der.": null, "Ruta": 8 }, "geometry": { "type": "Point", "coordinates": [ -64.15979348, -33.1569846 ] } },
{ "type": "Feature", "properties": { "Name": "587", "P.K.": "PK587", "Al.Dist. Izq.": null, "Al.Dist. Der.": null, "Ruta": 8 }, "geometry": { "type": "Point", "coordinates": [ -64.16114565, -33.1562986 ] } },
{ "type": "Feature", "properties": { "Name": "587.33", "P.K.": null, "Al.Dist. Izq.": null, "Al.Dist. Der.": null, "Ruta": 8 }, "geometry": { "type": "Point", "coordinates": [ -64.16426059, -33.15476587 ] } },
{ "type": "Feature", "properties": { "Name": "587.47", "P.K.": null, "Al.Dist. Izq.": null, "Al.Dist. Der.": null, "Ruta": 8 }, "geometry": { "type": "Point", "coordinates": [ -64.16554605, -33.15422335 ] } },
{ "type": "Feature", "properties": { "Name": "587.6", "P.K.": null, "Al.Dist. Izq.": null, "Al.Dist. Der.": null, "Ruta": 8 }, "geometry": { "type": "Point", "coordinates": [ -64.16685794, -33.15352386 ] } },
{ "type": "Feature", "properties": { "Name": "587.78", "P.K.": null, "Al.Dist. Izq.": null, "Al.Dist. Der.": null, "Ruta": 8 }, "geometry": { "type": "Point", "coordinates": [ -64.16852102, -33.1527306 ] } },
{ "type": "Feature", "properties": { "Name": "587.84", "P.K.": null, "Al.Dist. Izq.": null, "Al.Dist. Der.": null, "Ruta": 8 }, "geometry": { "type": "Point", "coordinates": [ -64.16905917, -33.15241689 ] } },
{ "type": "Feature", "properties": { "Name": "587.86", "P.K.": null, "Al.Dist. Izq.": null, "Al.Dist. Der.": null, "Ruta": 8 }, "geometry": { "type": "Point", "coordinates": [ -64.16927811, -33.1524517 ] } },
{ "type": "Feature", "properties": { "Name": "587.97", "P.K.": null, "Al.Dist. Izq.": null, "Al.Dist. Der.": null, "Ruta": 8 }, "geometry": { "type": "Point", "coordinates": [ -64.17034033, -33.15198098 ] } },
{ "type": "Feature", "properties": { "Name": "588", "P.K.": "PK588", "Al.Dist. Izq.": null, "Al.Dist. Der.": null, "Ruta": 8 }, "geometry": { "type": "Point", "coordinates": [ -64.17061888, -33.15190097 ] } },
{ "type": "Feature", "properties": { "Name": "588.08", "P.K.": null, "Al.Dist. Izq.": null, "Al.Dist. Der.": null, "Ruta": 8 }, "geometry": { "type": "Point", "coordinates": [ -64.17150267, -33.15166433 ] } },
{ "type": "Feature", "properties": { "Name": "588.46", "P.K.": null, "Al.Dist. Izq.": null, "Al.Dist. Der.": null, "Ruta": 8 }, "geometry": { "type": "Point", "coordinates": [ -64.17521, -33.15071 ] } },
{ "type": "Feature", "properties": { "Name": "589", "P.K.": "PK589", "Al.Dist. Izq.": null, "Al.Dist. Der.": null, "Ruta": 8 }, "geometry": { "type": "Point", "coordinates": [ -64.18076668, -33.14941897 ] } },
{ "type": "Feature", "properties": { "Name": "589.08", "P.K.": null, "Al.Dist. Izq.": null, "Al.Dist. Der.": null, "Ruta": 8 }, "geometry": { "type": "Point", "coordinates": [ -64.18170746, -33.14921321 ] } },
{ "type": "Feature", "properties": { "Name": "589.17", "P.K.": null, "Al.Dist. Izq.": null, "Al.Dist. Der.": null, "Ruta": 8 }, "geometry": { "type": "Point", "coordinates": [ -64.18258, -33.149 ] } },
{ "type": "Feature", "properties": { "Name": "589.58", "P.K.": null, "Al.Dist. Izq.": null, "Al.Dist. Der.": null, "Ruta": 8 }, "geometry": { "type": "Point", "coordinates": [ -64.18714, -33.1479 ] } },
{ "type": "Feature", "properties": { "Name": "589.64", "P.K.": null, "Al.Dist. Izq.": null, "Al.Dist. Der.": null, "Ruta": 8 }, "geometry": { "type": "Point", "coordinates": [ -64.18773774, -33.14768193 ] } },
{ "type": "Feature", "properties": { "Name": "590", "P.K.": "PK590", "Al.Dist. Izq.": null, "Al.Dist. Der.": null, "Ruta": 8 }, "geometry": { "type": "Point", "coordinates": [ -64.19177279, -33.14683501 ] } },
{ "type": "Feature", "properties": { "Name": "590.22", "P.K.": null, "Al.Dist. Izq.": null, "Al.Dist. Der.": null, "Ruta": 8 }, "geometry": { "type": "Point", "coordinates": [ -64.19421, -33.14623 ] } },
{ "type": "Feature", "properties": { "Name": "590.72", "P.K.": null, "Al.Dist. Izq.": null, "Al.Dist. Der.": null, "Ruta": 8 }, "geometry": { "type": "Point", "coordinates": [ -64.1997913, -33.14496035 ] } },
{ "type": "Feature", "properties": { "Name": "591", "P.K.": "PK591", "Al.Dist. Izq.": null, "Al.Dist. Der.": null, "Ruta": 8 }, "geometry": { "type": "Point", "coordinates": [ -64.20292106, -33.14414822 ] } },
{ "type": "Feature", "properties": { "Name": "591.41", "P.K.": null, "Al.Dist. Izq.": null, "Al.Dist. Der.": null, "Ruta": 8 }, "geometry": { "type": "Point", "coordinates": [ -64.2067432, -33.14326533 ] } },
{ "type": "Feature", "properties": { "Name": "592", "P.K.": "PK592", "Al.Dist. Izq.": null, "Al.Dist. Der.": null, "Ruta": 8 }, "geometry": { "type": "Point", "coordinates": [ -64.21217032, -33.14203938 ] } },
{ "type": "Feature", "properties": { "Name": "592.09", "P.K.": null, "Al.Dist. Izq.": null, "Al.Dist. Der.": null, "Ruta": 8 }, "geometry": { "type": "Point", "coordinates": [ -64.21324163, -33.14178239 ] } },
{ "type": "Feature", "properties": { "Name": "592.17", "P.K.": null, "Al.Dist. Izq.": null, "Al.Dist. Der.": null, "Ruta": 8 }, "geometry": { "type": "Point", "coordinates": [ -64.21411, -33.14155 ] } },
{ "type": "Feature", "properties": { "Name": "592.42", "P.K.": null, "Al.Dist. Izq.": null, "Al.Dist. Der.": null, "Ruta": 8 }, "geometry": { "type": "Point", "coordinates": [ -64.21697017, -33.14090138 ] } },
{ "type": "Feature", "properties": { "Name": "593", "P.K.": "PK593", "Al.Dist. Izq.": null, "Al.Dist. Der.": null, "Ruta": 8 }, "geometry": { "type": "Point", "coordinates": [ -64.22347482, -33.13932971 ] } },
{ "type": "Feature", "properties": { "Name": "593.21", "P.K.": null, "Al.Dist. Izq.": null, "Al.Dist. Der.": null, "Ruta": 8 }, "geometry": { "type": "Point", "coordinates": [ -64.22581807, -33.13892432 ] } },
{ "type": "Feature", "properties": { "Name": "593.57", "P.K.": null, "Al.Dist. Izq.": null, "Al.Dist. Der.": null, "Ruta": 8 }, "geometry": { "type": "Point", "coordinates": [ -64.23004, -33.13778 ] } },
{ "type": "Feature", "properties": { "Name": "593.6", "P.K.": null, "Al.Dist. Izq.": null, "Al.Dist. Der.": null, "Ruta": 8 }, "geometry": { "type": "Point", "coordinates": [ -64.23041961, -33.13773197 ] } },
{ "type": "Feature", "properties": { "Name": "593.81", "P.K.": null, "Al.Dist. Izq.": null, "Al.Dist. Der.": null, "Ruta": 8 }, "geometry": { "type": "Point", "coordinates": [ -64.23280019, -33.13703434 ] } },
{ "type": "Feature", "properties": { "Name": "594", "P.K.": "PK594", "Al.Dist. Izq.": null, "Al.Dist. Der.": null, "Ruta": 8 }, "geometry": { "type": "Point", "coordinates": [ -64.23505895, -33.13664438 ] } },
{ "type": "Feature", "properties": { "Name": "594.39", "P.K.": null, "Al.Dist. Izq.": null, "Al.Dist. Der.": null, "Ruta": 8 }, "geometry": { "type": "Point", "coordinates": [ -64.23875338, -33.13572922 ] } },
{ "type": "Feature", "properties": { "Name": "594.47", "P.K.": null, "Al.Dist. Izq.": null, "Al.Dist. Der.": null, "Ruta": 8 }, "geometry": { "type": "Point", "coordinates": [ -64.23945, -33.13555 ] } },
{ "type": "Feature", "properties": { "Name": "594.73", "P.K.": null, "Al.Dist. Izq.": null, "Al.Dist. Der.": null, "Ruta": 8 }, "geometry": { "type": "Point", "coordinates": [ -64.241903, -33.13498786 ] } },
{ "type": "Feature", "properties": { "Name": "594.91", "P.K.": null, "Al.Dist. Izq.": null, "Al.Dist. Der.": null, "Ruta": 8 }, "geometry": { "type": "Point", "coordinates": [ -64.24364248, -33.13456386 ] } },
{ "type": "Feature", "properties": { "Name": "595", "P.K.": "PK595", "Al.Dist. Izq.": null, "Al.Dist. Der.": null, "Ruta": 8 }, "geometry": { "type": "Point", "coordinates": [ -64.24453553, -33.13430429 ] } },
{ "type": "Feature", "properties": { "Name": "595.02", "P.K.": null, "Al.Dist. Izq.": null, "Al.Dist. Der.": null, "Ruta": 8 }, "geometry": { "type": "Point", "coordinates": [ -64.2447, -33.13429 ] } },
{ "type": "Feature", "properties": { "Name": "595.19", "P.K.": null, "Al.Dist. Izq.": null, "Al.Dist. Der.": null, "Ruta": 8 }, "geometry": { "type": "Point", "coordinates": [ -64.24615122, -33.13387277 ] } },
{ "type": "Feature", "properties": { "Name": "595.24", "P.K.": null, "Al.Dist. Izq.": null, "Al.Dist. Der.": null, "Ruta": 8 }, "geometry": { "type": "Point", "coordinates": [ -64.24660083, -33.13376383 ] } },
{ "type": "Feature", "properties": { "Name": "595.24", "P.K.": null, "Al.Dist. Izq.": null, "Al.Dist. Der.": null, "Ruta": 8 }, "geometry": { "type": "Point", "coordinates": [ -64.2466813, -33.13374699 ] } },
{ "type": "Feature", "properties": { "Name": "595.31", "P.K.": null, "Al.Dist. Izq.": null, "Al.Dist. Der.": null, "Ruta": 8 }, "geometry": { "type": "Point", "coordinates": [ -64.24722847, -33.1336125 ] } },
{ "type": "Feature", "properties": { "Name": "595.36", "P.K.": null, "Al.Dist. Izq.": null, "Al.Dist. Der.": null, "Ruta": 8 }, "geometry": { "type": "Point", "coordinates": [ -64.24766064, -33.13358387 ] } },
{ "type": "Feature", "properties": { "Name": "595.4", "P.K.": null, "Al.Dist. Izq.": null, "Al.Dist. Der.": null, "Ruta": 8 }, "geometry": { "type": "Point", "coordinates": [ -64.24802039, -33.13349767 ] } },
{ "type": "Feature", "properties": { "Name": "595.45", "P.K.": null, "Al.Dist. Izq.": null, "Al.Dist. Der.": null, "Ruta": 8 }, "geometry": { "type": "Point", "coordinates": [ -64.24850889, -33.1333452 ] } },
{ "type": "Feature", "properties": { "Name": "595.49", "P.K.": null, "Al.Dist. Izq.": null, "Al.Dist. Der.": null, "Ruta": 8 }, "geometry": { "type": "Point", "coordinates": [ -64.24879856, -33.1332638 ] } },
{ "type": "Feature", "properties": { "Name": "595.5", "P.K.": null, "Al.Dist. Izq.": null, "Al.Dist. Der.": null, "Ruta": 8 }, "geometry": { "type": "Point", "coordinates": [ -64.24894313, -33.13310138 ] } },
{ "type": "Feature", "properties": { "Name": "595.51", "P.K.": null, "Al.Dist. Izq.": null, "Al.Dist. Der.": null, "Ruta": 8 }, "geometry": { "type": "Point", "coordinates": [ -64.24907313, -33.13323138 ] } },
{ "type": "Feature", "properties": { "Name": "595.55", "P.K.": null, "Al.Dist. Izq.": null, "Al.Dist. Der.": null, "Ruta": 8 }, "geometry": { "type": "Point", "coordinates": [ -64.24928485, -33.1330516 ] } },
{ "type": "Feature", "properties": { "Name": "595.56", "P.K.": null, "Al.Dist. Izq.": null, "Al.Dist. Der.": null, "Ruta": 8 }, "geometry": { "type": "Point", "coordinates": [ -64.24941485, -33.1331816 ] } },
{ "type": "Feature", "properties": { "Name": "595.58", "P.K.": null, "Al.Dist. Izq.": null, "Al.Dist. Der.": null, "Ruta": 8 }, "geometry": { "type": "Point", "coordinates": [ -64.2496436, -33.13315466 ] } },
{ "type": "Feature", "properties": { "Name": "595.63", "P.K.": null, "Al.Dist. Izq.": null, "Al.Dist. Der.": null, "Ruta": 8 }, "geometry": { "type": "Point", "coordinates": [ -64.25007261, -33.1330799 ] } },
{ "type": "Feature", "properties": { "Name": "595.63", "P.K.": null, "Al.Dist. Izq.": 65, "Al.Dist. Der.": 35, "Ruta": 8 }, "geometry": { "type": "Point", "coordinates": [ -64.25007261, -33.1330799 ] } },
{ "type": "Feature", "properties": { "Name": "595.66", "P.K.": null, "Al.Dist. Izq.": 65, "Al.Dist. Der.": 35, "Ruta": 8 }, "geometry": { "type": "Point", "coordinates": [ -64.25040253, -33.13306278 ] } },
{ "type": "Feature", "properties": { "Name": "595.72", "P.K.": null, "Al.Dist. Izq.": 65, "Al.Dist. Der.": 35, "Ruta": 8 }, "geometry": { "type": "Point", "coordinates": [ -64.25089069, -33.1330511 ] } },
{ "type": "Feature", "properties": { "Name": "595.74", "P.K.": null, "Al.Dist. Izq.": 65, "Al.Dist. Der.": 35, "Ruta": 8 }, "geometry": { "type": "Point", "coordinates": [ -64.25111594, -33.13304509 ] } },
{ "type": "Feature", "properties": { "Name": "595.81", "P.K.": null, "Al.Dist. Izq.": 65, "Al.Dist. Der.": 35, "Ruta": 8 }, "geometry": { "type": "Point", "coordinates": [ -64.25179158, -33.13305739 ] } },
{ "type": "Feature", "properties": { "Name": "595.85", "P.K.": null, "Al.Dist. Izq.": 65, "Al.Dist. Der.": 35, "Ruta": 8 }, "geometry": { "type": "Point", "coordinates": [ -64.2521, -33.13297 ] } },
{ "type": "Feature", "properties": { "Name": "595.91", "P.K.": null, "Al.Dist. Izq.": 65, "Al.Dist. Der.": 35, "Ruta": 8 }, "geometry": { "type": "Point", "coordinates": [ -64.25266665, -33.13313353 ] } },
{ "type": "Feature", "properties": { "Name": "595.98", "P.K.": null, "Al.Dist. Izq.": 65, "Al.Dist. Der.": 35, "Ruta": 8 }, "geometry": { "type": "Point", "coordinates": [ -64.25328288, -33.13315402 ] } },
{ "type": "Feature", "properties": { "Name": "596", "P.K.": "PK596", "Al.Dist. Izq.": 65, "Al.Dist. Der.": 35, "Ruta": 8 }, "geometry": { "type": "Point", "coordinates": [ -64.25354306, -33.13321691 ] } },
{ "type": "Feature", "properties": { "Name": "596.16", "P.K.": null, "Al.Dist. Izq.": 65, "Al.Dist. Der.": 35, "Ruta": 8 }, "geometry": { "type": "Point", "coordinates": [ -64.25520938, -33.13341878 ] } },
{ "type": "Feature", "properties": { "Name": "596.19", "P.K.": null, "Al.Dist. Izq.": 65, "Al.Dist. Der.": 35, "Ruta": 8 }, "geometry": { "type": "Point", "coordinates": [ -64.2555964, -33.13349255 ] } },
{ "type": "Feature", "properties": { "Name": "596.39", "P.K.": null, "Al.Dist. Izq.": 65, "Al.Dist. Der.": 35, "Ruta": 8 }, "geometry": { "type": "Point", "coordinates": [ -64.25774608, -33.1336928 ] } },
{ "type": "Feature", "properties": { "Name": "596.44", "P.K.": null, "Al.Dist. Izq.": 65, "Al.Dist. Der.": 35, "Ruta": 8 }, "geometry": { "type": "Point", "coordinates": [ -64.25830349, -33.1337642 ] } },
{ "type": "Feature", "properties": { "Name": "596.72", "P.K.": null, "Al.Dist. Izq.": 65, "Al.Dist. Der.": 35, "Ruta": 8 }, "geometry": { "type": "Point", "coordinates": [ -64.26136, -33.13418 ] } },
{ "type": "Feature", "properties": { "Name": "596.79", "P.K.": null, "Al.Dist. Izq.": 65, "Al.Dist. Der.": 35, "Ruta": 8 }, "geometry": { "type": "Point", "coordinates": [ -64.26206008, -33.13418525 ] } },
{ "type": "Feature", "properties": { "Name": "596.83", "P.K.": null, "Al.Dist. Izq.": 65, "Al.Dist. Der.": 35, "Ruta": 8 }, "geometry": { "type": "Point", "coordinates": [ -64.2626629, -33.13426948 ] } },
{ "type": "Feature", "properties": { "Name": "597", "P.K.": "PK597", "Al.Dist. Izq.": 65, "Al.Dist. Der.": 35, "Ruta": 8 }, "geometry": { "type": "Point", "coordinates": [ -64.26447406, -33.13451542 ] } },
{ "type": "Feature", "properties": { "Name": "597.11", "P.K.": null, "Al.Dist. Izq.": 65, "Al.Dist. Der.": 35, "Ruta": 8 }, "geometry": { "type": "Point", "coordinates": [ -64.26559087, -33.13466422 ] } },
{ "type": "Feature", "properties": { "Name": "597.76", "P.K.": null, "Al.Dist. Izq.": 65, "Al.Dist. Der.": 35, "Ruta": 8 }, "geometry": { "type": "Point", "coordinates": [ -64.27251, -33.13549 ] } },
{ "type": "Feature", "properties": { "Name": "597.89", "P.K.": null, "Al.Dist. Izq.": 65, "Al.Dist. Der.": 35, "Ruta": 8 }, "geometry": { "type": "Point", "coordinates": [ -64.27391041, -33.13555309 ] } },
{ "type": "Feature", "properties": { "Name": "598", "P.K.": "PK598", "Al.Dist. Izq.": 65, "Al.Dist. Der.": 35, "Ruta": 8 }, "geometry": { "type": "Point", "coordinates": [ -64.2750765, -33.13571537 ] } },
{ "type": "Feature", "properties": { "Name": "598.05", "P.K.": null, "Al.Dist. Izq.": 65, "Al.Dist. Der.": 35, "Ruta": 8 }, "geometry": { "type": "Point", "coordinates": [ -64.27562535, -33.13581588 ] } },
{ "type": "Feature", "properties": { "Name": "598.18", "P.K.": null, "Al.Dist. Izq.": 65, "Al.Dist. Der.": 35, "Ruta": 8 }, "geometry": { "type": "Point", "coordinates": [ -64.27717701, -33.13603178 ] } },
{ "type": "Feature", "properties": { "Name": "598.21", "P.K.": null, "Al.Dist. Izq.": 65, "Al.Dist. Der.": 35, "Ruta": 8 }, "geometry": { "type": "Point", "coordinates": [ -64.27751295, -33.13617721 ] } },
{ "type": "Feature", "properties": { "Name": "598.31", "P.K.": null, "Al.Dist. Izq.": 65, "Al.Dist. Der.": 35, "Ruta": 8 }, "geometry": { "type": "Point", "coordinates": [ -64.27862371, -33.1363617 ] } },
{ "type": "Feature", "properties": { "Name": "598.45", "P.K.": null, "Al.Dist. Izq.": 65, "Al.Dist. Der.": 35, "Ruta": 8 }, "geometry": { "type": "Point", "coordinates": [ -64.28021782, -33.1368222 ] } },
{ "type": "Feature", "properties": { "Name": "598.49", "P.K.": null, "Al.Dist. Izq.": 65, "Al.Dist. Der.": 35, "Ruta": 8 }, "geometry": { "type": "Point", "coordinates": [ -64.28065483, -33.13702423 ] } },
{ "type": "Feature", "properties": { "Name": "598.65", "P.K.": null, "Al.Dist. Izq.": 65, "Al.Dist. Der.": 35, "Ruta": 8 }, "geometry": { "type": "Point", "coordinates": [ -64.28240139, -33.13748579 ] } },
{ "type": "Feature", "properties": { "Name": "598.71", "P.K.": null, "Al.Dist. Izq.": 65, "Al.Dist. Der.": 35, "Ruta": 8 }, "geometry": { "type": "Point", "coordinates": [ -64.28305, -33.13772 ] } },
{ "type": "Feature", "properties": { "Name": "598.89", "P.K.": null, "Al.Dist. Izq.": 65, "Al.Dist. Der.": 35, "Ruta": 8 }, "geometry": { "type": "Point", "coordinates": [ -64.28499598, -33.13859107 ] } },
{ "type": "Feature", "properties": { "Name": "598.89", "P.K.": null, "Al.Dist. Izq.": null, "Al.Dist. Der.": null, "Ruta": 8 }, "geometry": { "type": "Point", "coordinates": [ -64.28499598, -33.13859107 ] } },
{ "type": "Feature", "properties": { "Name": "599", "P.K.": "PK599", "Al.Dist. Izq.": null, "Al.Dist. Der.": null, "Ruta": 8 }, "geometry": { "type": "Point", "coordinates": [ -64.28630523, -33.1386242 ] } },
{ "type": "Feature", "properties": { "Name": "599.2", "P.K.": null, "Al.Dist. Izq.": null, "Al.Dist. Der.": null, "Ruta": 8 }, "geometry": { "type": "Point", "coordinates": [ -64.28798268, -33.13910444 ] } },
{ "type": "Feature", "properties": { "Name": "599.3", "P.K.": null, "Al.Dist. Izq.": null, "Al.Dist. Der.": null, "Ruta": 8 }, "geometry": { "type": "Point", "coordinates": [ -64.28894441, -33.13937718 ] } },
{ "type": "Feature", "properties": { "Name": "599.38", "P.K.": null, "Al.Dist. Izq.": null, "Al.Dist. Der.": null, "Ruta": 8 }, "geometry": { "type": "Point", "coordinates": [ -64.28961039, -33.13954532 ] } },
{ "type": "Feature", "properties": { "Name": "599.52", "P.K.": null, "Al.Dist. Izq.": null, "Al.Dist. Der.": null, "Ruta": 8 }, "geometry": { "type": "Point", "coordinates": [ -64.29082797, -33.13999264 ] } },
{ "type": "Feature", "properties": { "Name": "599.67", "P.K.": null, "Al.Dist. Izq.": null, "Al.Dist. Der.": null, "Ruta": 8 }, "geometry": { "type": "Point", "coordinates": [ -64.29220274, -33.14039259 ] } },
{ "type": "Feature", "properties": { "Name": "599.97", "P.K.": null, "Al.Dist. Izq.": null, "Al.Dist. Der.": null, "Ruta": 8 }, "geometry": { "type": "Point", "coordinates": [ -64.29475, -33.14114 ] } },
{ "type": "Feature", "properties": { "Name": "600", "P.K.": "PK600", "Al.Dist. Izq.": null, "Al.Dist. Der.": null, "Ruta": 8 }, "geometry": { "type": "Point", "coordinates": [ -64.29516759, -33.14118988 ] } },
{ "type": "Feature", "properties": { "Name": "600.07", "P.K.": null, "Al.Dist. Izq.": null, "Al.Dist. Der.": null, "Ruta": 8 }, "geometry": { "type": "Point", "coordinates": [ -64.29580151, -33.14136846 ] } },
{ "type": "Feature", "properties": { "Name": "600.35", "P.K.": null, "Al.Dist. Izq.": null, "Al.Dist. Der.": null, "Ruta": 8 }, "geometry": { "type": "Point", "coordinates": [ -64.29864842, -33.14223758 ] } },
{ "type": "Feature", "properties": { "Name": "600.41", "P.K.": null, "Al.Dist. Izq.": null, "Al.Dist. Der.": null, "Ruta": 8 }, "geometry": { "type": "Point", "coordinates": [ -64.29925, -33.14248 ] } },
{ "type": "Feature", "properties": { "Name": "600.45", "P.K.": null, "Al.Dist. Izq.": null, "Al.Dist. Der.": null, "Ruta": 8 }, "geometry": { "type": "Point", "coordinates": [ -64.29971695, -33.14254498 ] } },
{ "type": "Feature", "properties": { "Name": "600.46", "P.K.": null, "Al.Dist. Izq.": null, "Al.Dist. Der.": null, "Ruta": 8 }, "geometry": { "type": "Point", "coordinates": [ -64.29980964, -33.14257748 ] } },
{ "type": "Feature", "properties": { "Name": "600.61", "P.K.": null, "Al.Dist. Izq.": null, "Al.Dist. Der.": null, "Ruta": 8 }, "geometry": { "type": "Point", "coordinates": [ -64.30118436, -33.14301424 ] } },
{ "type": "Feature", "properties": { "Name": "600.87", "P.K.": null, "Al.Dist. Izq.": null, "Al.Dist. Der.": null, "Ruta": 8 }, "geometry": { "type": "Point", "coordinates": [ -64.30376608, -33.14379731 ] } },
{ "type": "Feature", "properties": { "Name": "600.91", "P.K.": null, "Al.Dist. Izq.": null, "Al.Dist. Der.": null, "Ruta": 8 }, "geometry": { "type": "Point", "coordinates": [ -64.30417346, -33.14386087 ] } },
{ "type": "Feature", "properties": { "Name": "601", "P.K.": "PK601", "Al.Dist. Izq.": null, "Al.Dist. Der.": null, "Ruta": 8 }, "geometry": { "type": "Point", "coordinates": [ -64.30513434, -33.14418864 ] } },
{ "type": "Feature", "properties": { "Name": "601.15", "P.K.": null, "Al.Dist. Izq.": null, "Al.Dist. Der.": null, "Ruta": 8 }, "geometry": { "type": "Point", "coordinates": [ -64.30618, -33.14451 ] } },
{ "type": "Feature", "properties": { "Name": "601.18", "P.K.": null, "Al.Dist. Izq.": null, "Al.Dist. Der.": null, "Ruta": 8 }, "geometry": { "type": "Point", "coordinates": [ -64.30640403, -33.14451035 ] } },
{ "type": "Feature", "properties": { "Name": "601.19", "P.K.": null, "Al.Dist. Izq.": null, "Al.Dist. Der.": null, "Ruta": 8 }, "geometry": { "type": "Point", "coordinates": [ -64.30652674, -33.14454488 ] } },
{ "type": "Feature", "properties": { "Name": "601.56", "P.K.": null, "Al.Dist. Izq.": null, "Al.Dist. Der.": null, "Ruta": 8 }, "geometry": { "type": "Point", "coordinates": [ -64.30930968, -33.14537462 ] } },
{ "type": "Feature", "properties": { "Name": "601.81", "P.K.": null, "Al.Dist. Izq.": null, "Al.Dist. Der.": null, "Ruta": 8 }, "geometry": { "type": "Point", "coordinates": [ -64.31112901, -33.14591087 ] } },
{ "type": "Feature", "properties": { "Name": "601.85", "P.K.": null, "Al.Dist. Izq.": null, "Al.Dist. Der.": null, "Ruta": 8 }, "geometry": { "type": "Point", "coordinates": [ -64.31138758, -33.14605377 ] } },
{ "type": "Feature", "properties": { "Name": "601.89", "P.K.": null, "Al.Dist. Izq.": null, "Al.Dist. Der.": null, "Ruta": 8 }, "geometry": { "type": "Point", "coordinates": [ -64.3117138, -33.14610514 ] } },
{ "type": "Feature", "properties": { "Name": "601.97", "P.K.": null, "Al.Dist. Izq.": null, "Al.Dist. Der.": null, "Ruta": 8 }, "geometry": { "type": "Point", "coordinates": [ -64.31230187, -33.14625364 ] } },
{ "type": "Feature", "properties": { "Name": "602", "P.K.": "PK602", "Al.Dist. Izq.": null, "Al.Dist. Der.": null, "Ruta": 8 }, "geometry": { "type": "Point", "coordinates": [ -64.31248359, -33.14629631 ] } },
{ "type": "Feature", "properties": { "Name": "602.03", "P.K.": null, "Al.Dist. Izq.": null, "Al.Dist. Der.": null, "Ruta": 8 }, "geometry": { "type": "Point", "coordinates": [ -64.3127973, -33.14638567 ] } },
{ "type": "Feature", "properties": { "Name": "602.03", "P.K.": null, "Al.Dist. Izq.": null, "Al.Dist. Der.": null, "Ruta": 8 }, "geometry": { "type": "Point", "coordinates": [ -64.3127973, -33.14638567 ] } },
{ "type": "Feature", "properties": { "Name": "602.65", "P.K.": null, "Al.Dist. Izq.": null, "Al.Dist. Der.": null, "Ruta": 8 }, "geometry": { "type": "Point", "coordinates": [ -64.31963738, -33.14851368 ] } },
{ "type": "Feature", "properties": { "Name": "602.66", "P.K.": null, "Al.Dist. Izq.": null, "Al.Dist. Der.": null, "Ruta": 8 }, "geometry": { "type": "Point", "coordinates": [ -64.31979563, -33.14853698 ] } },
{ "type": "Feature", "properties": { "Name": "602.79", "P.K.": null, "Al.Dist. Izq.": null, "Al.Dist. Der.": null, "Ruta": 8 }, "geometry": { "type": "Point", "coordinates": [ -64.3213, -33.14893 ] } },
{ "type": "Feature", "properties": { "Name": "602.94", "P.K.": null, "Al.Dist. Izq.": null, "Al.Dist. Der.": null, "Ruta": 8 }, "geometry": { "type": "Point", "coordinates": [ -64.32293885, -33.14941111 ] } },
{ "type": "Feature", "properties": { "Name": "603.35", "P.K.": null, "Al.Dist. Izq.": null, "Al.Dist. Der.": null, "Ruta": 8 }, "geometry": { "type": "Point", "coordinates": [ -64.32747848, -33.15077984 ] } },
{ "type": "Feature", "properties": { "Name": "603.37", "P.K.": null, "Al.Dist. Izq.": null, "Al.Dist. Der.": null, "Ruta": 8 }, "geometry": { "type": "Point", "coordinates": [ -64.32763204, -33.15081408 ] } },
{ "type": "Feature", "properties": { "Name": "603.39", "P.K.": null, "Al.Dist. Izq.": null, "Al.Dist. Der.": null, "Ruta": 8 }, "geometry": { "type": "Point", "coordinates": [ -64.32789724, -33.15090475 ] } },
{ "type": "Feature", "properties": { "Name": "603.58", "P.K.": null, "Al.Dist. Izq.": null, "Al.Dist. Der.": null, "Ruta": 8 }, "geometry": { "type": "Point", "coordinates": [ -64.32999205, -33.15145718 ] } },
{ "type": "Feature", "properties": { "Name": "603.59", "P.K.": null, "Al.Dist. Izq.": null, "Al.Dist. Der.": null, "Ruta": 8 }, "geometry": { "type": "Point", "coordinates": [ -64.33011342, -33.15153465 ] } },
{ "type": "Feature", "properties": { "Name": "603.68", "P.K.": null, "Al.Dist. Izq.": null, "Al.Dist. Der.": null, "Ruta": 8 }, "geometry": { "type": "Point", "coordinates": [ -64.33116, -33.15183 ] } },
{ "type": "Feature", "properties": { "Name": "603.93", "P.K.": null, "Al.Dist. Izq.": null, "Al.Dist. Der.": null, "Ruta": 8 }, "geometry": { "type": "Point", "coordinates": [ -64.33389969, -33.15262012 ] } },
{ "type": "Feature", "properties": { "Name": "603.95", "P.K.": null, "Al.Dist. Izq.": null, "Al.Dist. Der.": null, "Ruta": 8 }, "geometry": { "type": "Point", "coordinates": [ -64.33407839, -33.15270264 ] } },
{ "type": "Feature", "properties": { "Name": "604", "P.K.": "PK604", "Al.Dist. Izq.": null, "Al.Dist. Der.": null, "Ruta": 8 }, "geometry": { "type": "Point", "coordinates": [ -64.33469564, -33.15286685 ] } },
{ "type": "Feature", "properties": { "Name": "604.02", "P.K.": null, "Al.Dist. Izq.": null, "Al.Dist. Der.": null, "Ruta": 8 }, "geometry": { "type": "Point", "coordinates": [ -64.33483511, -33.15287471 ] } },
{ "type": "Feature", "properties": { "Name": "604.1", "P.K.": null, "Al.Dist. Izq.": null, "Al.Dist. Der.": null, "Ruta": 8 }, "geometry": { "type": "Point", "coordinates": [ -64.33569424, -33.15310178 ] } },
{ "type": "Feature", "properties": { "Name": "604.11", "P.K.": null, "Al.Dist. Izq.": null, "Al.Dist. Der.": null, "Ruta": 8 }, "geometry": { "type": "Point", "coordinates": [ -64.33572661, -33.15323962 ] } },
{ "type": "Feature", "properties": { "Name": "604.2", "P.K.": null, "Al.Dist. Izq.": null, "Al.Dist. Der.": null, "Ruta": 8 }, "geometry": { "type": "Point", "coordinates": [ -64.336656, -33.1533533 ] } },
{ "type": "Feature", "properties": { "Name": "604.21", "P.K.": null, "Al.Dist. Izq.": null, "Al.Dist. Der.": null, "Ruta": 8 }, "geometry": { "type": "Point", "coordinates": [ -64.33673278, -33.15346614 ] } },
{ "type": "Feature", "properties": { "Name": "604.22", "P.K.": null, "Al.Dist. Izq.": null, "Al.Dist. Der.": null, "Ruta": 8 }, "geometry": { "type": "Point", "coordinates": [ -64.33677133, -33.15339765 ] } },
{ "type": "Feature", "properties": { "Name": "604.24", "P.K.": null, "Al.Dist. Izq.": null, "Al.Dist. Der.": null, "Ruta": 8 }, "geometry": { "type": "Point", "coordinates": [ -64.337, -33.15354 ] } },
{ "type": "Feature", "properties": { "Name": "604.25", "P.K.": null, "Al.Dist. Izq.": null, "Al.Dist. Der.": null, "Ruta": 8 }, "geometry": { "type": "Point", "coordinates": [ -64.33711432, -33.15359189 ] } },
{ "type": "Feature", "properties": { "Name": "604.26", "P.K.": null, "Al.Dist. Izq.": null, "Al.Dist. Der.": null, "Ruta": 8 }, "geometry": { "type": "Point", "coordinates": [ -64.33720987, -33.15366936 ] } },
{ "type": "Feature", "properties": { "Name": "604.27", "P.K.": null, "Al.Dist. Izq.": null, "Al.Dist. Der.": null, "Ruta": 8 }, "geometry": { "type": "Point", "coordinates": [ -64.33728, -33.1536 ] } },
{ "type": "Feature", "properties": { "Name": "604.3", "P.K.": null, "Al.Dist. Izq.": null, "Al.Dist. Der.": null, "Ruta": 8 }, "geometry": { "type": "Point", "coordinates": [ -64.33764406, -33.15366403 ] } },
{ "type": "Feature", "properties": { "Name": "604.32", "P.K.": null, "Al.Dist. Izq.": null, "Al.Dist. Der.": null, "Ruta": 8 }, "geometry": { "type": "Point", "coordinates": [ -64.33783516, -33.15371568 ] } },
{ "type": "Feature", "properties": { "Name": "604.34", "P.K.": null, "Al.Dist. Izq.": null, "Al.Dist. Der.": null, "Ruta": 8 }, "geometry": { "type": "Point", "coordinates": [ -64.3379971, -33.15374459 ] } },
{ "type": "Feature", "properties": { "Name": "604.34", "P.K.": null, "Al.Dist. Izq.": null, "Al.Dist. Der.": null, "Ruta": 8 }, "geometry": { "type": "Point", "coordinates": [ -64.33800716, -33.15374038 ] } },
{ "type": "Feature", "properties": { "Name": "604.37", "P.K.": null, "Al.Dist. Izq.": null, "Al.Dist. Der.": null, "Ruta": 8 }, "geometry": { "type": "Point", "coordinates": [ -64.33825795, -33.15395287 ] } },
{ "type": "Feature", "properties": { "Name": "604.56", "P.K.": null, "Al.Dist. Izq.": null, "Al.Dist. Der.": null, "Ruta": 8 }, "geometry": { "type": "Point", "coordinates": [ -64.34013985, -33.15441826 ] } },
{ "type": "Feature", "properties": { "Name": "604.57", "P.K.": null, "Al.Dist. Izq.": null, "Al.Dist. Der.": null, "Ruta": 8 }, "geometry": { "type": "Point", "coordinates": [ -64.34028, -33.1545 ] } },
{ "type": "Feature", "properties": { "Name": "604.68", "P.K.": null, "Al.Dist. Izq.": null, "Al.Dist. Der.": null, "Ruta": 8 }, "geometry": { "type": "Point", "coordinates": [ -64.3413, -33.15478 ] } },
{ "type": "Feature", "properties": { "Name": "604.75", "P.K.": null, "Al.Dist. Izq.": null, "Al.Dist. Der.": null, "Ruta": 8 }, "geometry": { "type": "Point", "coordinates": [ -64.34203047, -33.15504532 ] } },
{ "type": "Feature", "properties": { "Name": "604.8", "P.K.": null, "Al.Dist. Izq.": null, "Al.Dist. Der.": null, "Ruta": 8 }, "geometry": { "type": "Point", "coordinates": [ -64.34253, -33.15516 ] } },
{ "type": "Feature", "properties": { "Name": "604.85", "P.K.": null, "Al.Dist. Izq.": null, "Al.Dist. Der.": null, "Ruta": 8 }, "geometry": { "type": "Point", "coordinates": [ -64.34296891, -33.15532124 ] } },
{ "type": "Feature", "properties": { "Name": "605", "P.K.": "PK605", "Al.Dist. Izq.": null, "Al.Dist. Der.": null, "Ruta": 8 }, "geometry": { "type": "Point", "coordinates": [ -64.34453867, -33.15568558 ] } },
{ "type": "Feature", "properties": { "Name": "605.03", "P.K.": null, "Al.Dist. Izq.": null, "Al.Dist. Der.": null, "Ruta": 8 }, "geometry": { "type": "Point", "coordinates": [ -64.34475459, -33.15576108 ] } },
{ "type": "Feature", "properties": { "Name": "605.05", "P.K.": null, "Al.Dist. Izq.": null, "Al.Dist. Der.": null, "Ruta": 8 }, "geometry": { "type": "Point", "coordinates": [ -64.34508316, -33.15592079 ] } },
{ "type": "Feature", "properties": { "Name": "605.08", "P.K.": null, "Al.Dist. Izq.": null, "Al.Dist. Der.": null, "Ruta": 8 }, "geometry": { "type": "Point", "coordinates": [ -64.34539028, -33.1560864 ] } },
{ "type": "Feature", "properties": { "Name": "605.1", "P.K.": null, "Al.Dist. Izq.": null, "Al.Dist. Der.": null, "Ruta": 8 }, "geometry": { "type": "Point", "coordinates": [ -64.34555087, -33.15605356 ] } },
{ "type": "Feature", "properties": { "Name": "605.18", "P.K.": null, "Al.Dist. Izq.": null, "Al.Dist. Der.": null, "Ruta": 8 }, "geometry": { "type": "Point", "coordinates": [ -64.34647825, -33.15630786 ] } },
{ "type": "Feature", "properties": { "Name": "605.19", "P.K.": null, "Al.Dist. Izq.": null, "Al.Dist. Der.": null, "Ruta": 8 }, "geometry": { "type": "Point", "coordinates": [ -64.34666094, -33.15630771 ] } },
{ "type": "Feature", "properties": { "Name": "605.28", "P.K.": null, "Al.Dist. Izq.": null, "Al.Dist. Der.": null, "Ruta": 8 }, "geometry": { "type": "Point", "coordinates": [ -64.34759237, -33.1565602 ] } },
{ "type": "Feature", "properties": { "Name": "605.29", "P.K.": null, "Al.Dist. Izq.": null, "Al.Dist. Der.": null, "Ruta": 8 }, "geometry": { "type": "Point", "coordinates": [ -64.34780326, -33.15659332 ] } },
{ "type": "Feature", "properties": { "Name": "605.3", "P.K.": null, "Al.Dist. Izq.": null, "Al.Dist. Der.": null, "Ruta": 8 }, "geometry": { "type": "Point", "coordinates": [ -64.34794441, -33.15661521 ] } },
{ "type": "Feature", "properties": { "Name": "605.32", "P.K.": null, "Al.Dist. Izq.": null, "Al.Dist. Der.": null, "Ruta": 8 }, "geometry": { "type": "Point", "coordinates": [ -64.3482, -33.15671 ] } },
{ "type": "Feature", "properties": { "Name": "605.36", "P.K.": null, "Al.Dist. Izq.": null, "Al.Dist. Der.": null, "Ruta": 8 }, "geometry": { "type": "Point", "coordinates": [ -64.34858009, -33.15675864 ] } },
{ "type": "Feature", "properties": { "Name": "605.38", "P.K.": null, "Al.Dist. Izq.": null, "Al.Dist. Der.": null, "Ruta": 8 }, "geometry": { "type": "Point", "coordinates": [ -64.34883624, -33.15678138 ] } },
{ "type": "Feature", "properties": { "Name": "605.41", "P.K.": null, "Al.Dist. Izq.": null, "Al.Dist. Der.": null, "Ruta": 8 }, "geometry": { "type": "Point", "coordinates": [ -64.34922181, -33.15685688 ] } },
{ "type": "Feature", "properties": { "Name": "605.48", "P.K.": null, "Al.Dist. Izq.": null, "Al.Dist. Der.": null, "Ruta": 8 }, "geometry": { "type": "Point", "coordinates": [ -64.350059, -33.156966 ] } },
{ "type": "Feature", "properties": { "Name": "605.51", "P.K.": null, "Al.Dist. Izq.": null, "Al.Dist. Der.": null, "Ruta": 8 }, "geometry": { "type": "Point", "coordinates": [ -64.35039461, -33.1569599 ] } },
{ "type": "Feature", "properties": { "Name": "605.54", "P.K.": null, "Al.Dist. Izq.": null, "Al.Dist. Der.": null, "Ruta": 8 }, "geometry": { "type": "Point", "coordinates": [ -64.35072247, -33.15698458 ] } },
{ "type": "Feature", "properties": { "Name": "605.62", "P.K.": null, "Al.Dist. Izq.": null, "Al.Dist. Der.": null, "Ruta": 8 }, "geometry": { "type": "Point", "coordinates": [ -64.35165491, -33.15719371 ] } },
{ "type": "Feature", "properties": { "Name": "605.64", "P.K.": null, "Al.Dist. Izq.": null, "Al.Dist. Der.": null, "Ruta": 8 }, "geometry": { "type": "Point", "coordinates": [ -64.35193721, -33.15718276 ] } },
{ "type": "Feature", "properties": { "Name": "605.7", "P.K.": null, "Al.Dist. Izq.": null, "Al.Dist. Der.": null, "Ruta": 8 }, "geometry": { "type": "Point", "coordinates": [ -64.35257725, -33.15722542 ] } },
{ "type": "Feature", "properties": { "Name": "605.74", "P.K.": null, "Al.Dist. Izq.": null, "Al.Dist. Der.": null, "Ruta": 8 }, "geometry": { "type": "Point", "coordinates": [ -64.35315393, -33.15735987 ] } },
{ "type": "Feature", "properties": { "Name": "605.74", "P.K.": null, "Al.Dist. Izq.": null, "Al.Dist. Der.": null, "Ruta": 8 }, "geometry": { "type": "Point", "coordinates": [ -64.35315135, -33.15717161 ] } },
{ "type": "Feature", "properties": { "Name": "605.81", "P.K.": null, "Al.Dist. Izq.": null, "Al.Dist. Der.": null, "Ruta": 8 }, "geometry": { "type": "Point", "coordinates": [ -64.35401477, -33.15737671 ] } },
{ "type": "Feature", "properties": { "Name": "605.93", "P.K.": null, "Al.Dist. Izq.": null, "Al.Dist. Der.": null, "Ruta": 8 }, "geometry": { "type": "Point", "coordinates": [ -64.35543, -33.15753 ] } },
{ "type": "Feature", "properties": { "Name": "605.96", "P.K.": null, "Al.Dist. Izq.": null, "Al.Dist. Der.": null, "Ruta": 8 }, "geometry": { "type": "Point", "coordinates": [ -64.3556618, -33.15755495 ] } },
{ "type": "Feature", "properties": { "Name": "605.98", "P.K.": null, "Al.Dist. Izq.": null, "Al.Dist. Der.": null, "Ruta": 8 }, "geometry": { "type": "Point", "coordinates": [ -64.35598, -33.1576 ] } },
{ "type": "Feature", "properties": { "Name": "606", "P.K.": "PK606", "Al.Dist. Izq.": null, "Al.Dist. Der.": null, "Ruta": 8 }, "geometry": { "type": "Point", "coordinates": [ -64.35622841, -33.15762231 ] } },
{ "type": "Feature", "properties": { "Name": "606.07", "P.K.": null, "Al.Dist. Izq.": null, "Al.Dist. Der.": null, "Ruta": 8 }, "geometry": { "type": "Point", "coordinates": [ -64.35699552, -33.15764813 ] } },
{ "type": "Feature", "properties": { "Name": "606.11", "P.K.": null, "Al.Dist. Izq.": null, "Al.Dist. Der.": null, "Ruta": 8 }, "geometry": { "type": "Point", "coordinates": [ -64.35740611, -33.15770958 ] } },
{ "type": "Feature", "properties": { "Name": "606.14", "P.K.": null, "Al.Dist. Izq.": null, "Al.Dist. Der.": null, "Ruta": 8 }, "geometry": { "type": "Point", "coordinates": [ -64.35771167, -33.15773599 ] } },
{ "type": "Feature", "properties": { "Name": "606.16", "P.K.": null, "Al.Dist. Izq.": null, "Al.Dist. Der.": null, "Ruta": 8 }, "geometry": { "type": "Point", "coordinates": [ -64.35790647, -33.15770174 ] } },
{ "type": "Feature", "properties": { "Name": "606.26", "P.K.": null, "Al.Dist. Izq.": null, "Al.Dist. Der.": null, "Ruta": 8 }, "geometry": { "type": "Point", "coordinates": [ -64.359, -33.1579 ] } },
{ "type": "Feature", "properties": { "Name": "606.26", "P.K.": null, "Al.Dist. Izq.": null, "Al.Dist. Der.": null, "Ruta": 8 }, "geometry": { "type": "Point", "coordinates": [ -64.359, -33.1579 ] } },
{ "type": "Feature", "properties": { "Name": "606.56", "P.K.": null, "Al.Dist. Izq.": null, "Al.Dist. Der.": null, "Ruta": 8 }, "geometry": { "type": "Point", "coordinates": [ -64.3621582, -33.15824449 ] } },
{ "type": "Feature", "properties": { "Name": "606.59", "P.K.": null, "Al.Dist. Izq.": null, "Al.Dist. Der.": null, "Ruta": 8 }, "geometry": { "type": "Point", "coordinates": [ -64.36254, -33.15829 ] } },
{ "type": "Feature", "properties": { "Name": "606.65", "P.K.": null, "Al.Dist. Izq.": null, "Al.Dist. Der.": null, "Ruta": 8 }, "geometry": { "type": "Point", "coordinates": [ -64.36309237, -33.15835192 ] } },
{ "type": "Feature", "properties": { "Name": "606.8", "P.K.": null, "Al.Dist. Izq.": null, "Al.Dist. Der.": null, "Ruta": 8 }, "geometry": { "type": "Point", "coordinates": [ -64.36475406, -33.15853461 ] } },
{ "type": "Feature", "properties": { "Name": "606.81", "P.K.": null, "Al.Dist. Izq.": null, "Al.Dist. Der.": null, "Ruta": 8 }, "geometry": { "type": "Point", "coordinates": [ -64.3648, -33.1585 ] } },
{ "type": "Feature", "properties": { "Name": "606.97", "P.K.": null, "Al.Dist. Izq.": null, "Al.Dist. Der.": null, "Ruta": 8 }, "geometry": { "type": "Point", "coordinates": [ -64.36651993, -33.15872572 ] } },
{ "type": "Feature", "properties": { "Name": "607", "P.K.": "PK607", "Al.Dist. Izq.": null, "Al.Dist. Der.": null, "Ruta": 8 }, "geometry": { "type": "Point", "coordinates": [ -64.36683155, -33.15875945 ] } },
{ "type": "Feature", "properties": { "Name": "607.09", "P.K.": null, "Al.Dist. Izq.": null, "Al.Dist. Der.": null, "Ruta": 8 }, "geometry": { "type": "Point", "coordinates": [ -64.36784367, -33.15875744 ] } },
{ "type": "Feature", "properties": { "Name": "607.11", "P.K.": null, "Al.Dist. Izq.": null, "Al.Dist. Der.": null, "Ruta": 8 }, "geometry": { "type": "Point", "coordinates": [ -64.36797367, -33.15888744 ] } },
{ "type": "Feature", "properties": { "Name": "607.13", "P.K.": null, "Al.Dist. Izq.": null, "Al.Dist. Der.": null, "Ruta": 8 }, "geometry": { "type": "Point", "coordinates": [ -64.36818104, -33.15891321 ] } },
{ "type": "Feature", "properties": { "Name": "607.2", "P.K.": null, "Al.Dist. Izq.": null, "Al.Dist. Der.": null, "Ruta": 8 }, "geometry": { "type": "Point", "coordinates": [ -64.36890904, -33.15898029 ] } },
{ "type": "Feature", "properties": { "Name": "607.31", "P.K.": null, "Al.Dist. Izq.": null, "Al.Dist. Der.": null, "Ruta": 8 }, "geometry": { "type": "Point", "coordinates": [ -64.37002306, -33.15874378 ] } },
{ "type": "Feature", "properties": { "Name": "607.32", "P.K.": null, "Al.Dist. Izq.": null, "Al.Dist. Der.": null, "Ruta": 8 }, "geometry": { "type": "Point", "coordinates": [ -64.37012, -33.1587 ] } },
{ "type": "Feature", "properties": { "Name": "607.36", "P.K.": null, "Al.Dist. Izq.": null, "Al.Dist. Der.": null, "Ruta": 8 }, "geometry": { "type": "Point", "coordinates": [ -64.3706, -33.15837 ] } },
{ "type": "Feature", "properties": { "Name": "607.38", "P.K.": null, "Al.Dist. Izq.": null, "Al.Dist. Der.": null, "Ruta": 8 }, "geometry": { "type": "Point", "coordinates": [ -64.37079, -33.15842 ] } },
{ "type": "Feature", "properties": { "Name": "607.39", "P.K.": null, "Al.Dist. Izq.": null, "Al.Dist. Der.": null, "Ruta": 8 }, "geometry": { "type": "Point", "coordinates": [ -64.37089487, -33.15841918 ] } },
{ "type": "Feature", "properties": { "Name": "607.44", "P.K.": null, "Al.Dist. Izq.": null, "Al.Dist. Der.": null, "Ruta": 8 }, "geometry": { "type": "Point", "coordinates": [ -64.37145226, -33.15870302 ] } },
{ "type": "Feature", "properties": { "Name": "607.48", "P.K.": null, "Al.Dist. Izq.": null, "Al.Dist. Der.": null, "Ruta": 8 }, "geometry": { "type": "Point", "coordinates": [ -64.3718216, -33.15889859 ] } },
{ "type": "Feature", "properties": { "Name": "607.49", "P.K.": null, "Al.Dist. Izq.": null, "Al.Dist. Der.": null, "Ruta": 8 }, "geometry": { "type": "Point", "coordinates": [ -64.37191407, -33.15894724 ] } },
{ "type": "Feature", "properties": { "Name": "607.52", "P.K.": null, "Al.Dist. Izq.": null, "Al.Dist. Der.": null, "Ruta": 8 }, "geometry": { "type": "Point", "coordinates": [ -64.37219146, -33.15909319 ] } },
{ "type": "Feature", "properties": { "Name": "607.56", "P.K.": null, "Al.Dist. Izq.": null, "Al.Dist. Der.": null, "Ruta": 8 }, "geometry": { "type": "Point", "coordinates": [ -64.37256131, -33.1592878 ] } },
{ "type": "Feature", "properties": { "Name": "607.63", "P.K.": null, "Al.Dist. Izq.": null, "Al.Dist. Der.": null, "Ruta": 8 }, "geometry": { "type": "Point", "coordinates": [ -64.37320855, -33.15962835 ] } },
{ "type": "Feature", "properties": { "Name": "607.88", "P.K.": null, "Al.Dist. Izq.": null, "Al.Dist. Der.": null, "Ruta": 8 }, "geometry": { "type": "Point", "coordinates": [ -64.37542098, -33.16080856 ] } },
{ "type": "Feature", "properties": { "Name": "607.98", "P.K.": null, "Al.Dist. Izq.": null, "Al.Dist. Der.": null, "Ruta": 8 }, "geometry": { "type": "Point", "coordinates": [ -64.37626, -33.16124 ] } },
{ "type": "Feature", "properties": { "Name": "607.99", "P.K.": null, "Al.Dist. Izq.": null, "Al.Dist. Der.": null, "Ruta": 8 }, "geometry": { "type": "Point", "coordinates": [ -64.37635122, -33.16128427 ] } },
{ "type": "Feature", "properties": { "Name": "608", "P.K.": "PK608", "Al.Dist. Izq.": null, "Al.Dist. Der.": null, "Ruta": 8 }, "geometry": { "type": "Point", "coordinates": [ -64.37644425, -33.16133184 ] } },
{ "type": "Feature", "properties": { "Name": "608.03", "P.K.": null, "Al.Dist. Izq.": null, "Al.Dist. Der.": null, "Ruta": 8 }, "geometry": { "type": "Point", "coordinates": [ -64.37671899, -33.16148232 ] } },
{ "type": "Feature", "properties": { "Name": "608.05", "P.K.": null, "Al.Dist. Izq.": null, "Al.Dist. Der.": null, "Ruta": 8 }, "geometry": { "type": "Point", "coordinates": [ -64.3769, -33.16147 ] } },
{ "type": "Feature", "properties": { "Name": "608.12", "P.K.": null, "Al.Dist. Izq.": null, "Al.Dist. Der.": null, "Ruta": 8 }, "geometry": { "type": "Point", "coordinates": [ -64.37749079, -33.16201732 ] } },
{ "type": "Feature", "properties": { "Name": "608.17", "P.K.": null, "Al.Dist. Izq.": null, "Al.Dist. Der.": null, "Ruta": 8 }, "geometry": { "type": "Point", "coordinates": [ -64.37789645, -33.1623846 ] } },
{ "type": "Feature", "properties": { "Name": "608.23", "P.K.": null, "Al.Dist. Izq.": null, "Al.Dist. Der.": null, "Ruta": 8 }, "geometry": { "type": "Point", "coordinates": [ -64.37836212, -33.16280332 ] } },
{ "type": "Feature", "properties": { "Name": "608.25", "P.K.": null, "Al.Dist. Izq.": null, "Al.Dist. Der.": null, "Ruta": 8 }, "geometry": { "type": "Point", "coordinates": [ -64.37849212, -33.16293332 ] } },
{ "type": "Feature", "properties": { "Name": "608.26", "P.K.": null, "Al.Dist. Izq.": null, "Al.Dist. Der.": null, "Ruta": 8 }, "geometry": { "type": "Point", "coordinates": [ -64.37857682, -33.16299449 ] } },
{ "type": "Feature", "properties": { "Name": "608.27", "P.K.": null, "Al.Dist. Izq.": null, "Al.Dist. Der.": null, "Ruta": 8 }, "geometry": { "type": "Point", "coordinates": [ -64.37866153, -33.16305566 ] } },
{ "type": "Feature", "properties": { "Name": "608.31", "P.K.": null, "Al.Dist. Izq.": null, "Al.Dist. Der.": null, "Ruta": 8 }, "geometry": { "type": "Point", "coordinates": [ -64.37900045, -33.16330017 ] } },
{ "type": "Feature", "properties": { "Name": "608.37", "P.K.": null, "Al.Dist. Izq.": null, "Al.Dist. Der.": null, "Ruta": 8 }, "geometry": { "type": "Point", "coordinates": [ -64.37950051, -33.16367814 ] } },
{ "type": "Feature", "properties": { "Name": "608.38", "P.K.": null, "Al.Dist. Izq.": 65, "Al.Dist. Der.": 15, "Ruta": 8 }, "geometry": { "type": "Point", "coordinates": [ -64.3795, -33.1637 ] } },
{ "type": "Feature", "properties": { "Name": "608.42", "P.K.": null, "Al.Dist. Izq.": 65, "Al.Dist. Der.": 15, "Ruta": 8 }, "geometry": { "type": "Point", "coordinates": [ -64.37990704, -33.16398854 ] } },
{ "type": "Feature", "properties": { "Name": "608.55", "P.K.": null, "Al.Dist. Izq.": 65, "Al.Dist. Der.": 15, "Ruta": 8 }, "geometry": { "type": "Point", "coordinates": [ -64.3809705, -33.16478676 ] } },
{ "type": "Feature", "properties": { "Name": "608.58", "P.K.": null, "Al.Dist. Izq.": 65, "Al.Dist. Der.": 15, "Ruta": 8 }, "geometry": { "type": "Point", "coordinates": [ -64.38123184, -33.16494755 ] } },
{ "type": "Feature", "properties": { "Name": "608.73", "P.K.": null, "Al.Dist. Izq.": 65, "Al.Dist. Der.": 15, "Ruta": 8 }, "geometry": { "type": "Point", "coordinates": [ -64.38251686, -33.16578305 ] } },
{ "type": "Feature", "properties": { "Name": "608.76", "P.K.": null, "Al.Dist. Izq.": 65, "Al.Dist. Der.": 15, "Ruta": 8 }, "geometry": { "type": "Point", "coordinates": [ -64.38276, -33.16597 ] } },
{ "type": "Feature", "properties": { "Name": "608.79", "P.K.": null, "Al.Dist. Izq.": 65, "Al.Dist. Der.": 15, "Ruta": 8 }, "geometry": { "type": "Point", "coordinates": [ -64.38300637, -33.16615339 ] } },
{ "type": "Feature", "properties": { "Name": "608.95", "P.K.": null, "Al.Dist. Izq.": 65, "Al.Dist. Der.": 15, "Ruta": 8 }, "geometry": { "type": "Point", "coordinates": [ -64.3843117, -33.16714097 ] } },
{ "type": "Feature", "properties": { "Name": "609", "P.K.": "PK609", "Al.Dist. Izq.": 65, "Al.Dist. Der.": 15, "Ruta": 8 }, "geometry": { "type": "Point", "coordinates": [ -64.38471962, -33.16744959 ] } },
{ "type": "Feature", "properties": { "Name": "609.11", "P.K.": null, "Al.Dist. Izq.": 65, "Al.Dist. Der.": 15, "Ruta": 8 }, "geometry": { "type": "Point", "coordinates": [ -64.38561708, -33.16812849 ] } },
{ "type": "Feature", "properties": { "Name": "609.13", "P.K.": null, "Al.Dist. Izq.": 65, "Al.Dist. Der.": 15, "Ruta": 8 }, "geometry": { "type": "Point", "coordinates": [ -64.38578026, -33.16825192 ] } },
{ "type": "Feature", "properties": { "Name": "609.17", "P.K.": null, "Al.Dist. Izq.": 65, "Al.Dist. Der.": 15, "Ruta": 8 }, "geometry": { "type": "Point", "coordinates": [ -64.38610661, -33.16849879 ] } },
{ "type": "Feature", "properties": { "Name": "609.94", "P.K.": null, "Al.Dist. Izq.": 65, "Al.Dist. Der.": 15, "Ruta": 8 }, "geometry": { "type": "Point", "coordinates": [ -64.39239, -33.17325 ] } },
{ "type": "Feature", "properties": { "Name": "610", "P.K.": "PK610", "Al.Dist. Izq.": 65, "Al.Dist. Der.": 15, "Ruta": 8 }, "geometry": { "type": "Point", "coordinates": [ -64.39287849, -33.17362128 ] } },
{ "type": "Feature", "properties": { "Name": "611", "P.K.": "PK611", "Al.Dist. Izq.": 65, "Al.Dist. Der.": 15, "Ruta": 8 }, "geometry": { "type": "Point", "coordinates": [ -64.40103737, -33.17979295 ] } },
{ "type": "Feature", "properties": { "Name": "612", "P.K.": "PK612", "Al.Dist. Izq.": 65, "Al.Dist. Der.": 15, "Ruta": 8 }, "geometry": { "type": "Point", "coordinates": [ -64.40919625, -33.18596462 ] } },
{ "type": "Feature", "properties": { "Name": "612.61", "P.K.": null, "Al.Dist. Izq.": 65, "Al.Dist. Der.": 15, "Ruta": 8 }, "geometry": { "type": "Point", "coordinates": [ -64.41376326, -33.18942297 ] } },
{ "type": "Feature", "properties": { "Name": "612.83", "P.K.": null, "Al.Dist. Izq.": 65, "Al.Dist. Der.": 15, "Ruta": 8 }, "geometry": { "type": "Point", "coordinates": [ -64.41548259, -33.1907111 ] } },
{ "type": "Feature", "properties": { "Name": "612.89", "P.K.": null, "Al.Dist. Izq.": 65, "Al.Dist. Der.": 15, "Ruta": 8 }, "geometry": { "type": "Point", "coordinates": [ -64.41589195, -33.1910178 ] } },
{ "type": "Feature", "properties": { "Name": "613", "P.K.": "PK613", "Al.Dist. Izq.": 65, "Al.Dist. Der.": 15, "Ruta": 8 }, "geometry": { "type": "Point", "coordinates": [ -64.41675648, -33.19167908 ] } },
{ "type": "Feature", "properties": { "Name": "613.05", "P.K.": null, "Al.Dist. Izq.": 65, "Al.Dist. Der.": 15, "Ruta": 8 }, "geometry": { "type": "Point", "coordinates": [ -64.41703208, -33.19207637 ] } },
{ "type": "Feature", "properties": { "Name": "613.1", "P.K.": null, "Al.Dist. Izq.": 65, "Al.Dist. Der.": 15, "Ruta": 8 }, "geometry": { "type": "Point", "coordinates": [ -64.41733808, -33.19242556 ] } },
{ "type": "Feature", "properties": { "Name": "613.17", "P.K.": null, "Al.Dist. Izq.": 65, "Al.Dist. Der.": 15, "Ruta": 8 }, "geometry": { "type": "Point", "coordinates": [ -64.41758546, -33.19305586 ] } },
{ "type": "Feature", "properties": { "Name": "613.22", "P.K.": null, "Al.Dist. Izq.": 65, "Al.Dist. Der.": 15, "Ruta": 8 }, "geometry": { "type": "Point", "coordinates": [ -64.41772141, -33.19357517 ] } },
{ "type": "Feature", "properties": { "Name": "613.25", "P.K.": null, "Al.Dist. Izq.": 65, "Al.Dist. Der.": 15, "Ruta": 8 }, "geometry": { "type": "Point", "coordinates": [ -64.41784211, -33.19379682 ] } },
{ "type": "Feature", "properties": { "Name": "613.26", "P.K.": null, "Al.Dist. Izq.": 65, "Al.Dist. Der.": 15, "Ruta": 8 }, "geometry": { "type": "Point", "coordinates": [ -64.41783894, -33.19389067 ] } },
{ "type": "Feature", "properties": { "Name": "613.27", "P.K.": null, "Al.Dist. Izq.": 65, "Al.Dist. Der.": 15, "Ruta": 8 }, "geometry": { "type": "Point", "coordinates": [ -64.41780053, -33.19397779 ] } },
{ "type": "Feature", "properties": { "Name": "613.3", "P.K.": null, "Al.Dist. Izq.": 65, "Al.Dist. Der.": 15, "Ruta": 8 }, "geometry": { "type": "Point", "coordinates": [ -64.41793095, -33.19433046 ] } },
{ "type": "Feature", "properties": { "Name": "613.32", "P.K.": null, "Al.Dist. Izq.": 65, "Al.Dist. Der.": 15, "Ruta": 8 }, "geometry": { "type": "Point", "coordinates": [ -64.41803958, -33.19443707 ] } },
{ "type": "Feature", "properties": { "Name": "613.36", "P.K.": null, "Al.Dist. Izq.": 65, "Al.Dist. Der.": 15, "Ruta": 8 }, "geometry": { "type": "Point", "coordinates": [ -64.41820487, -33.19484109 ] } },
{ "type": "Feature", "properties": { "Name": "613.38", "P.K.": null, "Al.Dist. Izq.": 65, "Al.Dist. Der.": 15, "Ruta": 8 }, "geometry": { "type": "Point", "coordinates": [ -64.41827561, -33.1949535 ] } },
{ "type": "Feature", "properties": { "Name": "613.43", "P.K.": null, "Al.Dist. Izq.": 65, "Al.Dist. Der.": 15, "Ruta": 8 }, "geometry": { "type": "Point", "coordinates": [ -64.41864677, -33.1953461 ] } },
{ "type": "Feature", "properties": { "Name": "613.53", "P.K.": null, "Al.Dist. Izq.": 65, "Al.Dist. Der.": 15, "Ruta": 8 }, "geometry": { "type": "Point", "coordinates": [ -64.41962391, -33.19586699 ] } },
{ "type": "Feature", "properties": { "Name": "613.58", "P.K.": null, "Al.Dist. Izq.": 65, "Al.Dist. Der.": 15, "Ruta": 8 }, "geometry": { "type": "Point", "coordinates": [ -64.42002402, -33.19613727 ] } },
{ "type": "Feature", "properties": { "Name": "613.64", "P.K.": null, "Al.Dist. Izq.": 65, "Al.Dist. Der.": 15, "Ruta": 8 }, "geometry": { "type": "Point", "coordinates": [ -64.4205907, -33.19650481 ] } },
{ "type": "Feature", "properties": { "Name": "613.69", "P.K.": null, "Al.Dist. Izq.": 65, "Al.Dist. Der.": 15, "Ruta": 8 }, "geometry": { "type": "Point", "coordinates": [ -64.42103009, -33.19664659 ] } },
{ "type": "Feature", "properties": { "Name": "613.71", "P.K.": null, "Al.Dist. Izq.": 65, "Al.Dist. Der.": 15, "Ruta": 8 }, "geometry": { "type": "Point", "coordinates": [ -64.42136452, -33.19667876 ] } },
{ "type": "Feature", "properties": { "Name": "613.71", "P.K.": null, "Al.Dist. Izq.": 15, "Al.Dist. Der.": 15, "Ruta": 8 }, "geometry": { "type": "Point", "coordinates": [ -64.42136452, -33.19667876 ] } },
{ "type": "Feature", "properties": { "Name": "613.74", "P.K.": null, "Al.Dist. Izq.": 15, "Al.Dist. Der.": 15, "Ruta": 8 }, "geometry": { "type": "Point", "coordinates": [ -64.42148723, -33.19706453 ] } },
{ "type": "Feature", "properties": { "Name": "613.74", "P.K.": null, "Al.Dist. Izq.": 15, "Al.Dist. Der.": 15, "Ruta": 8 }, "geometry": { "type": "Point", "coordinates": [ -64.42154967, -33.19697212 ] } },
{ "type": "Feature", "properties": { "Name": "613.8", "P.K.": null, "Al.Dist. Izq.": 15, "Al.Dist. Der.": 15, "Ruta": 8 }, "geometry": { "type": "Point", "coordinates": [ -64.42209995, -33.19722961 ] } },
{ "type": "Feature", "properties": { "Name": "613.8", "P.K.": null, "Al.Dist. Izq.": 15, "Al.Dist. Der.": 15, "Ruta": 8 }, "geometry": { "type": "Point", "coordinates": [ -64.42209943, -33.19724116 ] } },
{ "type": "Feature", "properties": { "Name": "613.83", "P.K.": null, "Al.Dist. Izq.": 15, "Al.Dist. Der.": 15, "Ruta": 8 }, "geometry": { "type": "Point", "coordinates": [ -64.4223747, -33.19750079 ] } },
{ "type": "Feature", "properties": { "Name": "613.84", "P.K.": null, "Al.Dist. Izq.": 15, "Al.Dist. Der.": 15, "Ruta": 8 }, "geometry": { "type": "Point", "coordinates": [ -64.42250513, -33.19744973 ] } },
{ "type": "Feature", "properties": { "Name": "613.86", "P.K.": null, "Al.Dist. Izq.": 15, "Al.Dist. Der.": 15, "Ruta": 8 }, "geometry": { "type": "Point", "coordinates": [ -64.42267779, -33.19761862 ] } },
{ "type": "Feature", "properties": { "Name": "613.9", "P.K.": null, "Al.Dist. Izq.": 15, "Al.Dist. Der.": 15, "Ruta": 8 }, "geometry": { "type": "Point", "coordinates": [ -64.42306735, -33.19772239 ] } },
{ "type": "Feature", "properties": { "Name": "613.96", "P.K.": null, "Al.Dist. Izq.": 15, "Al.Dist. Der.": 15, "Ruta": 8 }, "geometry": { "type": "Point", "coordinates": [ -64.42361891, -33.19809276 ] } },
{ "type": "Feature", "properties": { "Name": "614", "P.K.": "PK614", "Al.Dist. Izq.": 15, "Al.Dist. Der.": 15, "Ruta": 8 }, "geometry": { "type": "Point", "coordinates": [ -64.42400381, -33.19826249 ] } },
{ "type": "Feature", "properties": { "Name": "614.09", "P.K.": null, "Al.Dist. Izq.": 15, "Al.Dist. Der.": 15, "Ruta": 8 }, "geometry": { "type": "Point", "coordinates": [ -64.42487118, -33.19869125 ] } },
{ "type": "Feature", "properties": { "Name": "614.13", "P.K.": null, "Al.Dist. Izq.": 15, "Al.Dist. Der.": 15, "Ruta": 8 }, "geometry": { "type": "Point", "coordinates": [ -64.42515984, -33.19893778 ] } },
{ "type": "Feature", "properties": { "Name": "614.2", "P.K.": null, "Al.Dist. Izq.": 15, "Al.Dist. Der.": 15, "Ruta": 8 }, "geometry": { "type": "Point", "coordinates": [ -64.42584574, -33.19925393 ] } },
{ "type": "Feature", "properties": { "Name": "614.24", "P.K.": null, "Al.Dist. Izq.": 15, "Al.Dist. Der.": 15, "Ruta": 8 }, "geometry": { "type": "Point", "coordinates": [ -64.42609962, -33.19951066 ] } },
{ "type": "Feature", "properties": { "Name": "614.24", "P.K.": null, "Al.Dist. Izq.": 15, "Al.Dist. Der.": 15, "Ruta": 8 }, "geometry": { "type": "Point", "coordinates": [ -64.42609962, -33.19951066 ] } },
{ "type": "Feature", "properties": { "Name": "614.28", "P.K.": null, "Al.Dist. Izq.": 15, "Al.Dist. Der.": 15, "Ruta": 8 }, "geometry": { "type": "Point", "coordinates": [ -64.42644092, -33.19963439 ] } },
{ "type": "Feature", "properties": { "Name": "614.34", "P.K.": null, "Al.Dist. Izq.": 15, "Al.Dist. Der.": 15, "Ruta": 8 }, "geometry": { "type": "Point", "coordinates": [ -64.42695659, -33.19999264 ] } },
{ "type": "Feature", "properties": { "Name": "614.46", "P.K.": null, "Al.Dist. Izq.": 15, "Al.Dist. Der.": 15, "Ruta": 8 }, "geometry": { "type": "Point", "coordinates": [ -64.4279936, -33.20057506 ] } },
{ "type": "Feature", "properties": { "Name": "614.47", "P.K.": null, "Al.Dist. Izq.": 15, "Al.Dist. Der.": 15, "Ruta": 8 }, "geometry": { "type": "Point", "coordinates": [ -64.42807, -33.20069 ] } },
{ "type": "Feature", "properties": { "Name": "614.56", "P.K.": null, "Al.Dist. Izq.": 15, "Al.Dist. Der.": 15, "Ruta": 8 }, "geometry": { "type": "Point", "coordinates": [ -64.42881335, -33.20119787 ] } },
{ "type": "Feature", "properties": { "Name": "614.57", "P.K.": null, "Al.Dist. Izq.": 15, "Al.Dist. Der.": 15, "Ruta": 8 }, "geometry": { "type": "Point", "coordinates": [ -64.4289141, -33.20116304 ] } },
{ "type": "Feature", "properties": { "Name": "614.62", "P.K.": null, "Al.Dist. Izq.": 15, "Al.Dist. Der.": 15, "Ruta": 8 }, "geometry": { "type": "Point", "coordinates": [ -64.42933537, -33.20141753 ] } },
{ "type": "Feature", "properties": { "Name": "614.67", "P.K.": null, "Al.Dist. Izq.": 15, "Al.Dist. Der.": 15, "Ruta": 8 }, "geometry": { "type": "Point", "coordinates": [ -64.42974541, -33.20171491 ] } },
{ "type": "Feature", "properties": { "Name": "614.67", "P.K.": null, "Al.Dist. Izq.": 15, "Al.Dist. Der.": 15, "Ruta": 8 }, "geometry": { "type": "Point", "coordinates": [ -64.42974541, -33.20171491 ] } },
{ "type": "Feature", "properties": { "Name": "614.69", "P.K.": null, "Al.Dist. Izq.": 15, "Al.Dist. Der.": 15, "Ruta": 8 }, "geometry": { "type": "Point", "coordinates": [ -64.42998212, -33.20187089 ] } },
{ "type": "Feature", "properties": { "Name": "614.69", "P.K.": null, "Al.Dist. Izq.": 15, "Al.Dist. Der.": 15, "Ruta": 8 }, "geometry": { "type": "Point", "coordinates": [ -64.42985639, -33.20190034 ] } },
{ "type": "Feature", "properties": { "Name": "614.71", "P.K.": null, "Al.Dist. Izq.": null, "Al.Dist. Der.": null, "Ruta": 8 }, "geometry": { "type": "Point", "coordinates": [ -64.43009812, -33.20195926 ] } },
{ "type": "Feature", "properties": { "Name": "614.73", "P.K.": null, "Al.Dist. Izq.": null, "Al.Dist. Der.": null, "Ruta": 8 }, "geometry": { "type": "Point", "coordinates": [ -64.43024464, -33.20214946 ] } },
{ "type": "Feature", "properties": { "Name": "614.84", "P.K.": null, "Al.Dist. Izq.": null, "Al.Dist. Der.": null, "Ruta": 8 }, "geometry": { "type": "Point", "coordinates": [ -64.4309343, -33.20279134 ] } },
{ "type": "Feature", "properties": { "Name": "614.9", "P.K.": null, "Al.Dist. Izq.": null, "Al.Dist. Der.": null, "Ruta": 8 }, "geometry": { "type": "Point", "coordinates": [ -64.43127025, -33.20331594 ] } },
{ "type": "Feature", "properties": { "Name": "614.94", "P.K.": null, "Al.Dist. Izq.": null, "Al.Dist. Der.": null, "Ruta": 8 }, "geometry": { "type": "Point", "coordinates": [ -64.43126582, -33.2036384 ] } },
{ "type": "Feature", "properties": { "Name": "614.95", "P.K.": null, "Al.Dist. Izq.": null, "Al.Dist. Der.": null, "Ruta": 8 }, "geometry": { "type": "Point", "coordinates": [ -64.43124142, -33.20375554 ] } },
{ "type": "Feature", "properties": { "Name": "615", "P.K.": "PK615", "Al.Dist. Izq.": null, "Al.Dist. Der.": null, "Ruta": 8 }, "geometry": { "type": "Point", "coordinates": [ -64.43154417, -33.20416035 ] } },
{ "type": "Feature", "properties": { "Name": "615.1", "P.K.": null, "Al.Dist. Izq.": null, "Al.Dist. Der.": null, "Ruta": 8 }, "geometry": { "type": "Point", "coordinates": [ -64.43176948, -33.20509284 ] } },
{ "type": "Feature", "properties": { "Name": "615.23", "P.K.": null, "Al.Dist. Izq.": null, "Al.Dist. Der.": null, "Ruta": 8 }, "geometry": { "type": "Point", "coordinates": [ -64.43231162, -33.20602252 ] } },
{ "type": "Feature", "properties": { "Name": "615.25", "P.K.": null, "Al.Dist. Izq.": null, "Al.Dist. Der.": null, "Ruta": 8 }, "geometry": { "type": "Point", "coordinates": [ -64.43251807, -33.20615955 ] } },
{ "type": "Feature", "properties": { "Name": "615.37", "P.K.": null, "Al.Dist. Izq.": null, "Al.Dist. Der.": null, "Ruta": 8 }, "geometry": { "type": "Point", "coordinates": [ -64.43333019, -33.20691459 ] } },
{ "type": "Feature", "properties": { "Name": "615.38", "P.K.": null, "Al.Dist. Izq.": null, "Al.Dist. Der.": null, "Ruta": 8 }, "geometry": { "type": "Point", "coordinates": [ -64.43352465, -33.20686522 ] } },
{ "type": "Feature", "properties": { "Name": "615.38", "P.K.": null, "Al.Dist. Izq.": null, "Al.Dist. Der.": null, "Ruta": 8 }, "geometry": { "type": "Point", "coordinates": [ -64.43352465, -33.20686522 ] } },
{ "type": "Feature", "properties": { "Name": "615.5", "P.K.": null, "Al.Dist. Izq.": null, "Al.Dist. Der.": null, "Ruta": 8 }, "geometry": { "type": "Point", "coordinates": [ -64.43458652, -33.2074053 ] } },
{ "type": "Feature", "properties": { "Name": "615.83", "P.K.": null, "Al.Dist. Izq.": null, "Al.Dist. Der.": null, "Ruta": 8 }, "geometry": { "type": "Point", "coordinates": [ -64.43743493, -33.20886372 ] } },
{ "type": "Feature", "properties": { "Name": "615.86", "P.K.": null, "Al.Dist. Izq.": null, "Al.Dist. Der.": null, "Ruta": 8 }, "geometry": { "type": "Point", "coordinates": [ -64.43770923, -33.20903449 ] } },
{ "type": "Feature", "properties": { "Name": "615.9", "P.K.": null, "Al.Dist. Izq.": null, "Al.Dist. Der.": null, "Ruta": 8 }, "geometry": { "type": "Point", "coordinates": [ -64.43805682, -33.20919537 ] } },
{ "type": "Feature", "properties": { "Name": "615.91", "P.K.": null, "Al.Dist. Izq.": null, "Al.Dist. Der.": null, "Ruta": 8 }, "geometry": { "type": "Point", "coordinates": [ -64.43812933, -33.20923675 ] } },
{ "type": "Feature", "properties": { "Name": "615.93", "P.K.": null, "Al.Dist. Izq.": null, "Al.Dist. Der.": null, "Ruta": 8 }, "geometry": { "type": "Point", "coordinates": [ -64.43836486, -33.20937053 ] } },
{ "type": "Feature", "properties": { "Name": "615.94", "P.K.": null, "Al.Dist. Izq.": null, "Al.Dist. Der.": null, "Ruta": 8 }, "geometry": { "type": "Point", "coordinates": [ -64.43843577, -33.20938851 ] } },
{ "type": "Feature", "properties": { "Name": "615.95", "P.K.": null, "Al.Dist. Izq.": null, "Al.Dist. Der.": null, "Ruta": 8 }, "geometry": { "type": "Point", "coordinates": [ -64.43851322, -33.20944601 ] } },
{ "type": "Feature", "properties": { "Name": "615.96", "P.K.": null, "Al.Dist. Izq.": null, "Al.Dist. Der.": null, "Ruta": 8 }, "geometry": { "type": "Point", "coordinates": [ -64.43859704, -33.2095052 ] } },
{ "type": "Feature", "properties": { "Name": "615.98", "P.K.": null, "Al.Dist. Izq.": null, "Al.Dist. Der.": null, "Ruta": 8 }, "geometry": { "type": "Point", "coordinates": [ -64.43879351, -33.20961797 ] } },
{ "type": "Feature", "properties": { "Name": "616.02", "P.K.": null, "Al.Dist. Izq.": null, "Al.Dist. Der.": null, "Ruta": 8 }, "geometry": { "type": "Point", "coordinates": [ -64.43907145, -33.20975514 ] } },
{ "type": "Feature", "properties": { "Name": "616.06", "P.K.": null, "Al.Dist. Izq.": null, "Al.Dist. Der.": null, "Ruta": 8 }, "geometry": { "type": "Point", "coordinates": [ -64.43943003, -33.20991684 ] } },
{ "type": "Feature", "properties": { "Name": "616.1", "P.K.": null, "Al.Dist. Izq.": null, "Al.Dist. Der.": null, "Ruta": 8 }, "geometry": { "type": "Point", "coordinates": [ -64.43977285, -33.21011953 ] } },
{ "type": "Feature", "properties": { "Name": "616.13", "P.K.": null, "Al.Dist. Izq.": null, "Al.Dist. Der.": null, "Ruta": 8 }, "geometry": { "type": "Point", "coordinates": [ -64.44006555, -33.21022304 ] } },
{ "type": "Feature", "properties": { "Name": "616.19", "P.K.": null, "Al.Dist. Izq.": null, "Al.Dist. Der.": null, "Ruta": 8 }, "geometry": { "type": "Point", "coordinates": [ -64.44023754, -33.2114817 ] } },
{ "type": "Feature", "properties": { "Name": "616.2", "P.K.": null, "Al.Dist. Izq.": null, "Al.Dist. Der.": null, "Ruta": 8 }, "geometry": { "type": "Point", "coordinates": [ -64.44056947, -33.21057508 ] } },
{ "type": "Feature", "properties": { "Name": "616.23", "P.K.": null, "Al.Dist. Izq.": null, "Al.Dist. Der.": null, "Ruta": 8 }, "geometry": { "type": "Point", "coordinates": [ -64.4406325, -33.21104803 ] } },
{ "type": "Feature", "properties": { "Name": "616.32", "P.K.": null, "Al.Dist. Izq.": null, "Al.Dist. Der.": null, "Ruta": 8 }, "geometry": { "type": "Point", "coordinates": [ -64.44165375, -33.21107552 ] } },
{ "type": "Feature", "properties": { "Name": "616.34", "P.K.": null, "Al.Dist. Izq.": null, "Al.Dist. Der.": null, "Ruta": 8 }, "geometry": { "type": "Point", "coordinates": [ -64.44187939, -33.21114088 ] } },
{ "type": "Feature", "properties": { "Name": "616.35", "P.K.": null, "Al.Dist. Izq.": null, "Al.Dist. Der.": null, "Ruta": 8 }, "geometry": { "type": "Point", "coordinates": [ -64.44184721, -33.21121914 ] } },
{ "type": "Feature", "properties": { "Name": "616.35", "P.K.": null, "Al.Dist. Izq.": null, "Al.Dist. Der.": null, "Ruta": 8 }, "geometry": { "type": "Point", "coordinates": [ -64.44193888, -33.21117425 ] } },
{ "type": "Feature", "properties": { "Name": "616.39", "P.K.": null, "Al.Dist. Izq.": null, "Al.Dist. Der.": null, "Ruta": 8 }, "geometry": { "type": "Point", "coordinates": [ -64.44219858, -33.21147889 ] } },
{ "type": "Feature", "properties": { "Name": "616.4", "P.K.": null, "Al.Dist. Izq.": null, "Al.Dist. Der.": null, "Ruta": 8 }, "geometry": { "type": "Point", "coordinates": [ -64.44230788, -33.21148282 ] } },
{ "type": "Feature", "properties": { "Name": "616.43", "P.K.": null, "Al.Dist. Izq.": null, "Al.Dist. Der.": null, "Ruta": 8 }, "geometry": { "type": "Point", "coordinates": [ -64.44255363, -33.21167497 ] } },
{ "type": "Feature", "properties": { "Name": "616.45", "P.K.": null, "Al.Dist. Izq.": null, "Al.Dist. Der.": null, "Ruta": 8 }, "geometry": { "type": "Point", "coordinates": [ -64.44266662, -33.21177231 ] } },
{ "type": "Feature", "properties": { "Name": "616.45", "P.K.": null, "Al.Dist. Izq.": null, "Al.Dist. Der.": null, "Ruta": 8 }, "geometry": { "type": "Point", "coordinates": [ -64.44266662, -33.21177231 ] } },
{ "type": "Feature", "properties": { "Name": "616.49", "P.K.": null, "Al.Dist. Izq.": null, "Al.Dist. Der.": null, "Ruta": 8 }, "geometry": { "type": "Point", "coordinates": [ -64.44296904, -33.21207273 ] } },
{ "type": "Feature", "properties": { "Name": "616.52", "P.K.": null, "Al.Dist. Izq.": null, "Al.Dist. Der.": null, "Ruta": 8 }, "geometry": { "type": "Point", "coordinates": [ -64.44323763, -33.2121989 ] } },
{ "type": "Feature", "properties": { "Name": "616.52", "P.K.": null, "Al.Dist. Izq.": 45, "Al.Dist. Der.": 13, "Ruta": 8 }, "geometry": { "type": "Point", "coordinates": [ -64.44323763, -33.2121989 ] } },
{ "type": "Feature", "properties": { "Name": "616.58", "P.K.": null, "Al.Dist. Izq.": 45, "Al.Dist. Der.": 13, "Ruta": 8 }, "geometry": { "type": "Point", "coordinates": [ -64.44363389, -33.21262197 ] } },
{ "type": "Feature", "properties": { "Name": "616.59", "P.K.": null, "Al.Dist. Izq.": 45, "Al.Dist. Der.": 13, "Ruta": 8 }, "geometry": { "type": "Point", "coordinates": [ -64.44366608, -33.21270556 ] } },
{ "type": "Feature", "properties": { "Name": "616.61", "P.K.": null, "Al.Dist. Izq.": 45, "Al.Dist. Der.": 13, "Ruta": 8 }, "geometry": { "type": "Point", "coordinates": [ -64.44381427, -33.21281187 ] } },
{ "type": "Feature", "properties": { "Name": "616.63", "P.K.": null, "Al.Dist. Izq.": 45, "Al.Dist. Der.": 13, "Ruta": 8 }, "geometry": { "type": "Point", "coordinates": [ -64.44398, -33.21289 ] } },
{ "type": "Feature", "properties": { "Name": "616.64", "P.K.": null, "Al.Dist. Izq.": 45, "Al.Dist. Der.": 13, "Ruta": 8 }, "geometry": { "type": "Point", "coordinates": [ -64.44414013, -33.21296274 ] } },
{ "type": "Feature", "properties": { "Name": "616.68", "P.K.": null, "Al.Dist. Izq.": 45, "Al.Dist. Der.": 13, "Ruta": 8 }, "geometry": { "type": "Point", "coordinates": [ -64.44433555, -33.21317039 ] } },
{ "type": "Feature", "properties": { "Name": "616.69", "P.K.": null, "Al.Dist. Izq.": 45, "Al.Dist. Der.": 13, "Ruta": 8 }, "geometry": { "type": "Point", "coordinates": [ -64.44438826, -33.21322449 ] } },
{ "type": "Feature", "properties": { "Name": "616.71", "P.K.": null, "Al.Dist. Izq.": 45, "Al.Dist. Der.": 13, "Ruta": 8 }, "geometry": { "type": "Point", "coordinates": [ -64.44450762, -33.21339167 ] } },
{ "type": "Feature", "properties": { "Name": "617", "P.K.": "PK617", "Al.Dist. Izq.": 45, "Al.Dist. Der.": 13, "Ruta": 8 }, "geometry": { "type": "Point", "coordinates": [ -64.44660779, -33.21517173 ] } },
{ "type": "Feature", "properties": { "Name": "617.39", "P.K.": null, "Al.Dist. Izq.": 45, "Al.Dist. Der.": 13, "Ruta": 8 }, "geometry": { "type": "Point", "coordinates": [ -64.44969, -33.21796 ] } },
{ "type": "Feature", "properties": { "Name": "617.4", "P.K.": null, "Al.Dist. Izq.": 45, "Al.Dist. Der.": 13, "Ruta": 8 }, "geometry": { "type": "Point", "coordinates": [ -64.44987042, -33.21804885 ] } },
{ "type": "Feature", "properties": { "Name": "617.59", "P.K.": null, "Al.Dist. Izq.": 45, "Al.Dist. Der.": 13, "Ruta": 8 }, "geometry": { "type": "Point", "coordinates": [ -64.45135195, -33.21936116 ] } },
{ "type": "Feature", "properties": { "Name": "617.6", "P.K.": null, "Al.Dist. Izq.": 45, "Al.Dist. Der.": 13, "Ruta": 8 }, "geometry": { "type": "Point", "coordinates": [ -64.45139, -33.21947 ] } },
{ "type": "Feature", "properties": { "Name": "617.61", "P.K.": null, "Al.Dist. Izq.": 45, "Al.Dist. Der.": 13, "Ruta": 8 }, "geometry": { "type": "Point", "coordinates": [ -64.45152126, -33.21961864 ] } },
{ "type": "Feature", "properties": { "Name": "617.75", "P.K.": null, "Al.Dist. Izq.": 45, "Al.Dist. Der.": 13, "Ruta": 8 }, "geometry": { "type": "Point", "coordinates": [ -64.45270147, -33.22056397 ] } },
{ "type": "Feature", "properties": { "Name": "617.87", "P.K.": null, "Al.Dist. Izq.": 45, "Al.Dist. Der.": 13, "Ruta": 8 }, "geometry": { "type": "Point", "coordinates": [ -64.45363283, -33.22140924 ] } },
{ "type": "Feature", "properties": { "Name": "618", "P.K.": "PK618", "Al.Dist. Izq.": 45, "Al.Dist. Der.": 13, "Ruta": 8 }, "geometry": { "type": "Point", "coordinates": [ -64.45464503, -33.22230396 ] } },
{ "type": "Feature", "properties": { "Name": "618.1", "P.K.": null, "Al.Dist. Izq.": 45, "Al.Dist. Der.": 13, "Ruta": 8 }, "geometry": { "type": "Point", "coordinates": [ -64.45541, -33.22302 ] } },
{ "type": "Feature", "properties": { "Name": "618.19", "P.K.": null, "Al.Dist. Izq.": 45, "Al.Dist. Der.": 13, "Ruta": 8 }, "geometry": { "type": "Point", "coordinates": [ -64.45601597, -33.22347998 ] } },
{ "type": "Feature", "properties": { "Name": "618.41", "P.K.": null, "Al.Dist. Izq.": 45, "Al.Dist. Der.": 13, "Ruta": 8 }, "geometry": { "type": "Point", "coordinates": [ -64.45751616, -33.22484358 ] } },
{ "type": "Feature", "properties": { "Name": "618.72", "P.K.": null, "Al.Dist. Izq.": 45, "Al.Dist. Der.": 13, "Ruta": 8 }, "geometry": { "type": "Point", "coordinates": [ -64.46013273, -33.2264815 ] } },
{ "type": "Feature", "properties": { "Name": "618.85", "P.K.": null, "Al.Dist. Izq.": 45, "Al.Dist. Der.": 13, "Ruta": 8 }, "geometry": { "type": "Point", "coordinates": [ -64.46136, -33.22705 ] } },
{ "type": "Feature", "properties": { "Name": "618.97", "P.K.": null, "Al.Dist. Izq.": 45, "Al.Dist. Der.": 13, "Ruta": 8 }, "geometry": { "type": "Point", "coordinates": [ -64.46240097, -33.22754926 ] } },
{ "type": "Feature", "properties": { "Name": "619.05", "P.K.": null, "Al.Dist. Izq.": 45, "Al.Dist. Der.": 13, "Ruta": 8 }, "geometry": { "type": "Point", "coordinates": [ -64.46316741, -33.22781233 ] } },
{ "type": "Feature", "properties": { "Name": "619.72", "P.K.": null, "Al.Dist. Izq.": 45, "Al.Dist. Der.": 13, "Ruta": 8 }, "geometry": { "type": "Point", "coordinates": [ -64.46914807, -33.23061406 ] } },
{ "type": "Feature", "properties": { "Name": "619.75", "P.K.": null, "Al.Dist. Izq.": 45, "Al.Dist. Der.": 13, "Ruta": 8 }, "geometry": { "type": "Point", "coordinates": [ -64.46945999, -33.23073715 ] } },
{ "type": "Feature", "properties": { "Name": "619.75", "P.K.": null, "Al.Dist. Izq.": 80, "Al.Dist. Der.": 12, "Ruta": 8 }, "geometry": { "type": "Point", "coordinates": [ -64.46945999, -33.23073715 ] } },
{ "type": "Feature", "properties": { "Name": "620.81", "P.K.": null, "Al.Dist. Izq.": 80, "Al.Dist. Der.": 12, "Ruta": 8 }, "geometry": { "type": "Point", "coordinates": [ -64.47904, -33.23509 ] } },
{ "type": "Feature", "properties": { "Name": "621", "P.K.": "PK621", "Al.Dist. Izq.": 80, "Al.Dist. Der.": 12, "Ruta": 8 }, "geometry": { "type": "Point", "coordinates": [ -64.48078953, -33.2358611 ] } },
{ "type": "Feature", "properties": { "Name": "621.33", "P.K.": null, "Al.Dist. Izq.": 80, "Al.Dist. Der.": 12, "Ruta": 8 }, "geometry": { "type": "Point", "coordinates": [ -64.4840863, -33.2373384 ] } },
{ "type": "Feature", "properties": { "Name": "621.74", "P.K.": null, "Al.Dist. Izq.": 80, "Al.Dist. Der.": 12, "Ruta": 8 }, "geometry": { "type": "Point", "coordinates": [ -64.4881, -33.2392 ] } },
{ "type": "Feature", "properties": { "Name": "621.79", "P.K.": null, "Al.Dist. Izq.": 80, "Al.Dist. Der.": 12, "Ruta": 8 }, "geometry": { "type": "Point", "coordinates": [ -64.48869076, -33.23948216 ] } },
{ "type": "Feature", "properties": { "Name": "621.9", "P.K.": null, "Al.Dist. Izq.": 80, "Al.Dist. Der.": 12, "Ruta": 8 }, "geometry": { "type": "Point", "coordinates": [ -64.4896673, -33.23999401 ] } },
{ "type": "Feature", "properties": { "Name": "621.95", "P.K.": null, "Al.Dist. Izq.": 80, "Al.Dist. Der.": 12, "Ruta": 8 }, "geometry": { "type": "Point", "coordinates": [ -64.49021749, -33.24025732 ] } },
{ "type": "Feature", "properties": { "Name": "622", "P.K.": "PK622", "Al.Dist. Izq.": 80, "Al.Dist. Der.": 12, "Ruta": 8 }, "geometry": { "type": "Point", "coordinates": [ -64.49070867, -33.24046595 ] } },
{ "type": "Feature", "properties": { "Name": "622.37", "P.K.": null, "Al.Dist. Izq.": 80, "Al.Dist. Der.": 12, "Ruta": 8 }, "geometry": { "type": "Point", "coordinates": [ -64.49425283, -33.24201007 ] } },
{ "type": "Feature", "properties": { "Name": "622.53", "P.K.": null, "Al.Dist. Izq.": 80, "Al.Dist. Der.": 12, "Ruta": 8 }, "geometry": { "type": "Point", "coordinates": [ -64.49565608, -33.24267629 ] } },
{ "type": "Feature", "properties": { "Name": "623", "P.K.": "PK623", "Al.Dist. Izq.": 80, "Al.Dist. Der.": 12, "Ruta": 8 }, "geometry": { "type": "Point", "coordinates": [ -64.50037066, -33.24422739 ] } },
{ "type": "Feature", "properties": { "Name": "623.01", "P.K.": null, "Al.Dist. Izq.": 80, "Al.Dist. Der.": 12, "Ruta": 8 }, "geometry": { "type": "Point", "coordinates": [ -64.5004404, -33.24430534 ] } },
{ "type": "Feature", "properties": { "Name": "623.02", "P.K.": null, "Al.Dist. Izq.": 80, "Al.Dist. Der.": 12, "Ruta": 8 }, "geometry": { "type": "Point", "coordinates": [ -64.50052824, -33.2442745 ] } },
{ "type": "Feature", "properties": { "Name": "623.04", "P.K.": null, "Al.Dist. Izq.": 80, "Al.Dist. Der.": 12, "Ruta": 8 }, "geometry": { "type": "Point", "coordinates": [ -64.50074953, -33.24437245 ] } },
{ "type": "Feature", "properties": { "Name": "623.28", "P.K.": null, "Al.Dist. Izq.": 80, "Al.Dist. Der.": 12, "Ruta": 8 }, "geometry": { "type": "Point", "coordinates": [ -64.50302538, -33.24518329 ] } },
{ "type": "Feature", "properties": { "Name": "623.33", "P.K.": null, "Al.Dist. Izq.": 80, "Al.Dist. Der.": 12, "Ruta": 8 }, "geometry": { "type": "Point", "coordinates": [ -64.50342234, -33.24519198 ] } },
{ "type": "Feature", "properties": { "Name": "623.59", "P.K.": null, "Al.Dist. Izq.": 80, "Al.Dist. Der.": 12, "Ruta": 8 }, "geometry": { "type": "Point", "coordinates": [ -64.5053481, -33.24675628 ] } },
{ "type": "Feature", "properties": { "Name": "623.69", "P.K.": null, "Al.Dist. Izq.": 80, "Al.Dist. Der.": 12, "Ruta": 8 }, "geometry": { "type": "Point", "coordinates": [ -64.50605218, -33.24741674 ] } },
{ "type": "Feature", "properties": { "Name": "623.77", "P.K.": null, "Al.Dist. Izq.": 80, "Al.Dist. Der.": 12, "Ruta": 8 }, "geometry": { "type": "Point", "coordinates": [ -64.50652, -33.24802 ] } },
{ "type": "Feature", "properties": { "Name": "623.78", "P.K.": null, "Al.Dist. Izq.": 80, "Al.Dist. Der.": 12, "Ruta": 8 }, "geometry": { "type": "Point", "coordinates": [ -64.5065977, -33.24799631 ] } },
{ "type": "Feature", "properties": { "Name": "624", "P.K.": "PK624", "Al.Dist. Izq.": 80, "Al.Dist. Der.": 12, "Ruta": 8 }, "geometry": { "type": "Point", "coordinates": [ -64.50802483, -33.24943315 ] } },
{ "type": "Feature", "properties": { "Name": "624.02", "P.K.": null, "Al.Dist. Izq.": 80, "Al.Dist. Der.": 12, "Ruta": 8 }, "geometry": { "type": "Point", "coordinates": [ -64.50825758, -33.24957202 ] } },
{ "type": "Feature", "properties": { "Name": "624.23", "P.K.": null, "Al.Dist. Izq.": 80, "Al.Dist. Der.": 12, "Ruta": 8 }, "geometry": { "type": "Point", "coordinates": [ -64.51042621, -33.25108713 ] } },
{ "type": "Feature", "properties": { "Name": "624.52", "P.K.": null, "Al.Dist. Izq.": 80, "Al.Dist. Der.": 12, "Ruta": 8 }, "geometry": { "type": "Point", "coordinates": [ -64.51340898, -33.25315819 ] } },
{ "type": "Feature", "properties": { "Name": "624.53", "P.K.": null, "Al.Dist. Izq.": 80, "Al.Dist. Der.": 12, "Ruta": 8 }, "geometry": { "type": "Point", "coordinates": [ -64.51351, -33.25328 ] } },
{ "type": "Feature", "properties": { "Name": "624.86", "P.K.": null, "Al.Dist. Izq.": 80, "Al.Dist. Der.": 12, "Ruta": 8 }, "geometry": { "type": "Point", "coordinates": [ -64.51689, -33.2557 ] } },
{ "type": "Feature", "properties": { "Name": "625", "P.K.": "PK625", "Al.Dist. Izq.": 80, "Al.Dist. Der.": 12, "Ruta": 8 }, "geometry": { "type": "Point", "coordinates": [ -64.51839846, -33.25668014 ] } },
{ "type": "Feature", "properties": { "Name": "626", "P.K.": "PK626", "Al.Dist. Izq.": 80, "Al.Dist. Der.": 12, "Ruta": 8 }, "geometry": { "type": "Point", "coordinates": [ -64.52643737, -33.26238876 ] } },
{ "type": "Feature", "properties": { "Name": "626.78", "P.K.": null, "Al.Dist. Izq.": 80, "Al.Dist. Der.": 12, "Ruta": 8 }, "geometry": { "type": "Point", "coordinates": [ -64.53164186, -33.26616944 ] } },
{ "type": "Feature", "properties": { "Name": "626.79", "P.K.": null, "Al.Dist. Izq.": 80, "Al.Dist. Der.": 12, "Ruta": 8 }, "geometry": { "type": "Point", "coordinates": [ -64.53174949, -33.26608113 ] } },
{ "type": "Feature", "properties": { "Name": "627", "P.K.": "PK627", "Al.Dist. Izq.": 80, "Al.Dist. Der.": 12, "Ruta": 8 }, "geometry": { "type": "Point", "coordinates": [ -64.53316066, -33.26707267 ] } },
{ "type": "Feature", "properties": { "Name": "628", "P.K.": "PK628", "Al.Dist. Izq.": 80, "Al.Dist. Der.": 12, "Ruta": 8 }, "geometry": { "type": "Point", "coordinates": [ -64.54178195, -33.27301943 ] } },
{ "type": "Feature", "properties": { "Name": "628.58", "P.K.": null, "Al.Dist. Izq.": 80, "Al.Dist. Der.": 12, "Ruta": 8 }, "geometry": { "type": "Point", "coordinates": [ -64.54669207, -33.27635957 ] } },
{ "type": "Feature", "properties": { "Name": "629", "P.K.": "PK629", "Al.Dist. Izq.": 80, "Al.Dist. Der.": 12, "Ruta": 8 }, "geometry": { "type": "Point", "coordinates": [ -64.55019202, -33.27876341 ] } },
{ "type": "Feature", "properties": { "Name": "629.16", "P.K.": null, "Al.Dist. Izq.": 80, "Al.Dist. Der.": 12, "Ruta": 8 }, "geometry": { "type": "Point", "coordinates": [ -64.55156699, -33.27968894 ] } },
{ "type": "Feature", "properties": { "Name": "629.22", "P.K.": null, "Al.Dist. Izq.": 80, "Al.Dist. Der.": 12, "Ruta": 8 }, "geometry": { "type": "Point", "coordinates": [ -64.55196597, -33.28001492 ] } },
{ "type": "Feature", "properties": { "Name": "629.4", "P.K.": null, "Al.Dist. Izq.": 80, "Al.Dist. Der.": 12, "Ruta": 8 }, "geometry": { "type": "Point", "coordinates": [ -64.55344014, -33.28095587 ] } },
{ "type": "Feature", "properties": { "Name": "630", "P.K.": "PK630", "Al.Dist. Izq.": 80, "Al.Dist. Der.": 12, "Ruta": 8 }, "geometry": { "type": "Point", "coordinates": [ -64.55822054, -33.28430942 ] } },
{ "type": "Feature", "properties": { "Name": "630.13", "P.K.": null, "Al.Dist. Izq.": 80, "Al.Dist. Der.": 12, "Ruta": 8 }, "geometry": { "type": "Point", "coordinates": [ -64.55932662, -33.2850558 ] } },
{ "type": "Feature", "properties": { "Name": "630.75", "P.K.": null, "Al.Dist. Izq.": 80, "Al.Dist. Der.": 12, "Ruta": 8 }, "geometry": { "type": "Point", "coordinates": [ -64.56459213, -33.28870966 ] } },
{ "type": "Feature", "properties": { "Name": "631", "P.K.": "PK631", "Al.Dist. Izq.": 80, "Al.Dist. Der.": 12, "Ruta": 8 }, "geometry": { "type": "Point", "coordinates": [ -64.5667322, -33.29017009 ] } },
{ "type": "Feature", "properties": { "Name": "631.49", "P.K.": null, "Al.Dist. Izq.": 80, "Al.Dist. Der.": 12, "Ruta": 8 }, "geometry": { "type": "Point", "coordinates": [ -64.57077887, -33.29300891 ] } },
{ "type": "Feature", "properties": { "Name": "631.57", "P.K.": null, "Al.Dist. Izq.": 80, "Al.Dist. Der.": 12, "Ruta": 8 }, "geometry": { "type": "Point", "coordinates": [ -64.57155139, -33.29352666 ] } },
{ "type": "Feature", "properties": { "Name": "631.73", "P.K.": null, "Al.Dist. Izq.": 80, "Al.Dist. Der.": 12, "Ruta": 8 }, "geometry": { "type": "Point", "coordinates": [ -64.5728131, -33.29440777 ] } },
{ "type": "Feature", "properties": { "Name": "631.77", "P.K.": null, "Al.Dist. Izq.": 80, "Al.Dist. Der.": 12, "Ruta": 8 }, "geometry": { "type": "Point", "coordinates": [ -64.57316, -33.29467 ] } },
{ "type": "Feature", "properties": { "Name": "631.78", "P.K.": null, "Al.Dist. Izq.": 80, "Al.Dist. Der.": 12, "Ruta": 8 }, "geometry": { "type": "Point", "coordinates": [ -64.57319599, -33.29470539 ] } },
{ "type": "Feature", "properties": { "Name": "631.98", "P.K.": null, "Al.Dist. Izq.": 80, "Al.Dist. Der.": 12, "Ruta": 8 }, "geometry": { "type": "Point", "coordinates": [ -64.57495753, -33.29584317 ] } },
{ "type": "Feature", "properties": { "Name": "632", "P.K.": "PK632", "Al.Dist. Izq.": 80, "Al.Dist. Der.": 12, "Ruta": 8 }, "geometry": { "type": "Point", "coordinates": [ -64.57504403, -33.29603345 ] } },
{ "type": "Feature", "properties": { "Name": "632.08", "P.K.": null, "Al.Dist. Izq.": 80, "Al.Dist. Der.": 12, "Ruta": 8 }, "geometry": { "type": "Point", "coordinates": [ -64.57580575, -33.29649247 ] } },
{ "type": "Feature", "properties": { "Name": "632.13", "P.K.": null, "Al.Dist. Izq.": 80, "Al.Dist. Der.": 12, "Ruta": 8 }, "geometry": { "type": "Point", "coordinates": [ -64.57631413, -33.29680139 ] } },
{ "type": "Feature", "properties": { "Name": "632.48", "P.K.": null, "Al.Dist. Izq.": 80, "Al.Dist. Der.": 12, "Ruta": 8 }, "geometry": { "type": "Point", "coordinates": [ -64.57972851, -33.29923624 ] } },
{ "type": "Feature", "properties": { "Name": "632.51", "P.K.": null, "Al.Dist. Izq.": 80, "Al.Dist. Der.": 12, "Ruta": 8 }, "geometry": { "type": "Point", "coordinates": [ -64.58002, -33.29944 ] } },
{ "type": "Feature", "properties": { "Name": "632.6", "P.K.": null, "Al.Dist. Izq.": 80, "Al.Dist. Der.": 12, "Ruta": 8 }, "geometry": { "type": "Point", "coordinates": [ -64.58088419, -33.29998394 ] } },
{ "type": "Feature", "properties": { "Name": "632.63", "P.K.": null, "Al.Dist. Izq.": 80, "Al.Dist. Der.": 12, "Ruta": 8 }, "geometry": { "type": "Point", "coordinates": [ -64.58125022, -33.30023535 ] } },
{ "type": "Feature", "properties": { "Name": "632.85", "P.K.": null, "Al.Dist. Izq.": 80, "Al.Dist. Der.": 12, "Ruta": 8 }, "geometry": { "type": "Point", "coordinates": [ -64.5833384, -33.30165816 ] } },
{ "type": "Feature", "properties": { "Name": "632.86", "P.K.": null, "Al.Dist. Izq.": 80, "Al.Dist. Der.": 12, "Ruta": 8 }, "geometry": { "type": "Point", "coordinates": [ -64.58343767, -33.30184233 ] } },
{ "type": "Feature", "properties": { "Name": "633", "P.K.": "PK633", "Al.Dist. Izq.": 80, "Al.Dist. Der.": 12, "Ruta": 8 }, "geometry": { "type": "Point", "coordinates": [ -64.58480693, -33.30270148 ] } },
{ "type": "Feature", "properties": { "Name": "633.14", "P.K.": null, "Al.Dist. Izq.": 80, "Al.Dist. Der.": 12, "Ruta": 8 }, "geometry": { "type": "Point", "coordinates": [ -64.58582717, -33.3036712 ] } },
{ "type": "Feature", "properties": { "Name": "633.29", "P.K.": null, "Al.Dist. Izq.": 80, "Al.Dist. Der.": 12, "Ruta": 8 }, "geometry": { "type": "Point", "coordinates": [ -64.58695949, -33.30467051 ] } },
{ "type": "Feature", "properties": { "Name": "633.55", "P.K.": null, "Al.Dist. Izq.": 80, "Al.Dist. Der.": 12, "Ruta": 8 }, "geometry": { "type": "Point", "coordinates": [ -64.58922383, -33.3063477 ] } },
{ "type": "Feature", "properties": { "Name": "633.61", "P.K.": null, "Al.Dist. Izq.": 80, "Al.Dist. Der.": 12, "Ruta": 8 }, "geometry": { "type": "Point", "coordinates": [ -64.5897197, -33.3066929 ] } },
{ "type": "Feature", "properties": { "Name": "633.68", "P.K.": null, "Al.Dist. Izq.": 80, "Al.Dist. Der.": 12, "Ruta": 8 }, "geometry": { "type": "Point", "coordinates": [ -64.59028, -33.30713 ] } },
{ "type": "Feature", "properties": { "Name": "633.72", "P.K.": null, "Al.Dist. Izq.": 80, "Al.Dist. Der.": 12, "Ruta": 8 }, "geometry": { "type": "Point", "coordinates": [ -64.59070377, -33.30745132 ] } },
{ "type": "Feature", "properties": { "Name": "634", "P.K.": "PK634", "Al.Dist. Izq.": 80, "Al.Dist. Der.": 12, "Ruta": 8 }, "geometry": { "type": "Point", "coordinates": [ -64.59308624, -33.30905294 ] } },
{ "type": "Feature", "properties": { "Name": "635", "P.K.": "PK635", "Al.Dist. Izq.": 80, "Al.Dist. Der.": 12, "Ruta": 8 }, "geometry": { "type": "Point", "coordinates": [ -64.59971432, -33.31354215 ] } },
{ "type": "Feature", "properties": { "Name": "635.15", "P.K.": null, "Al.Dist. Izq.": 80, "Al.Dist. Der.": 12, "Ruta": 8 }, "geometry": { "type": "Point", "coordinates": [ -64.60072585, -33.31425997 ] } },
{ "type": "Feature", "properties": { "Name": "635.17", "P.K.": null, "Al.Dist. Izq.": 80, "Al.Dist. Der.": 12, "Ruta": 8 }, "geometry": { "type": "Point", "coordinates": [ -64.60088644, -33.31437933 ] } },
{ "type": "Feature", "properties": { "Name": "635.24", "P.K.": null, "Al.Dist. Izq.": 80, "Al.Dist. Der.": 12, "Ruta": 8 }, "geometry": { "type": "Point", "coordinates": [ -64.60140109, -33.31484386 ] } },
{ "type": "Feature", "properties": { "Name": "635.42", "P.K.": null, "Al.Dist. Izq.": 80, "Al.Dist. Der.": 12, "Ruta": 8 }, "geometry": { "type": "Point", "coordinates": [ -64.60267548, -33.31576144 ] } },
{ "type": "Feature", "properties": { "Name": "635.46", "P.K.": null, "Al.Dist. Izq.": 80, "Al.Dist. Der.": 12, "Ruta": 8 }, "geometry": { "type": "Point", "coordinates": [ -64.60304629, -33.31587295 ] } },
{ "type": "Feature", "properties": { "Name": "635.64", "P.K.": null, "Al.Dist. Izq.": 80, "Al.Dist. Der.": 12, "Ruta": 8 }, "geometry": { "type": "Point", "coordinates": [ -64.6044051, -33.31684723 ] } },
{ "type": "Feature", "properties": { "Name": "635.66", "P.K.": null, "Al.Dist. Izq.": 80, "Al.Dist. Der.": 12, "Ruta": 8 }, "geometry": { "type": "Point", "coordinates": [ -64.60454038, -33.31694332 ] } },
{ "type": "Feature", "properties": { "Name": "636", "P.K.": "PK636", "Al.Dist. Izq.": 80, "Al.Dist. Der.": 12, "Ruta": 8 }, "geometry": { "type": "Point", "coordinates": [ -64.60720573, -33.31841243 ] } },
{ "type": "Feature", "properties": { "Name": "636.01", "P.K.": null, "Al.Dist. Izq.": 80, "Al.Dist. Der.": 12, "Ruta": 8 }, "geometry": { "type": "Point", "coordinates": [ -64.60726, -33.31851 ] } },
{ "type": "Feature", "properties": { "Name": "636.02", "P.K.": null, "Al.Dist. Izq.": 80, "Al.Dist. Der.": 12, "Ruta": 8 }, "geometry": { "type": "Point", "coordinates": [ -64.60743072, -33.31856804 ] } },
{ "type": "Feature", "properties": { "Name": "636.1", "P.K.": null, "Al.Dist. Izq.": 80, "Al.Dist. Der.": 12, "Ruta": 8 }, "geometry": { "type": "Point", "coordinates": [ -64.60814351, -33.31894128 ] } },
{ "type": "Feature", "properties": { "Name": "636.11", "P.K.": null, "Al.Dist. Izq.": 80, "Al.Dist. Der.": 12, "Ruta": 8 }, "geometry": { "type": "Point", "coordinates": [ -64.60823191, -33.31898925 ] } },
{ "type": "Feature", "properties": { "Name": "636.24", "P.K.": null, "Al.Dist. Izq.": 80, "Al.Dist. Der.": 12, "Ruta": 8 }, "geometry": { "type": "Point", "coordinates": [ -64.6093, -33.3197 ] } },
{ "type": "Feature", "properties": { "Name": "636.33", "P.K.": null, "Al.Dist. Izq.": 80, "Al.Dist. Der.": 12, "Ruta": 8 }, "geometry": { "type": "Point", "coordinates": [ -64.61010469, -33.32016695 ] } },
{ "type": "Feature", "properties": { "Name": "636.52", "P.K.": null, "Al.Dist. Izq.": 80, "Al.Dist. Der.": 12, "Ruta": 8 }, "geometry": { "type": "Point", "coordinates": [ -64.61154554, -33.32121937 ] } },
{ "type": "Feature", "properties": { "Name": "636.85", "P.K.": null, "Al.Dist. Izq.": 80, "Al.Dist. Der.": 12, "Ruta": 8 }, "geometry": { "type": "Point", "coordinates": [ -64.61432, -33.3231 ] } },
{ "type": "Feature", "properties": { "Name": "637", "P.K.": "PK637", "Al.Dist. Izq.": 80, "Al.Dist. Der.": 12, "Ruta": 8 }, "geometry": { "type": "Point", "coordinates": [ -64.61560708, -33.3239363 ] } },
{ "type": "Feature", "properties": { "Name": "637.94", "P.K.": null, "Al.Dist. Izq.": 80, "Al.Dist. Der.": 12, "Ruta": 8 }, "geometry": { "type": "Point", "coordinates": [ -64.62437601, -33.33000039 ] } },
{ "type": "Feature", "properties": { "Name": "638", "P.K.": "PK638", "Al.Dist. Izq.": 80, "Al.Dist. Der.": 12, "Ruta": 8 }, "geometry": { "type": "Point", "coordinates": [ -64.62495223, -33.33042096 ] } },
{ "type": "Feature", "properties": { "Name": "638.02", "P.K.": null, "Al.Dist. Izq.": 80, "Al.Dist. Der.": 12, "Ruta": 8 }, "geometry": { "type": "Point", "coordinates": [ -64.62517418, -33.33052993 ] } },
{ "type": "Feature", "properties": { "Name": "638.08", "P.K.": null, "Al.Dist. Izq.": 80, "Al.Dist. Der.": 12, "Ruta": 8 }, "geometry": { "type": "Point", "coordinates": [ -64.6256154, -33.33083611 ] } },
{ "type": "Feature", "properties": { "Name": "638.1", "P.K.": null, "Al.Dist. Izq.": 80, "Al.Dist. Der.": 12, "Ruta": 8 }, "geometry": { "type": "Point", "coordinates": [ -64.62579, -33.33099 ] } },
{ "type": "Feature", "properties": { "Name": "638.11", "P.K.": null, "Al.Dist. Izq.": 80, "Al.Dist. Der.": 12, "Ruta": 8 }, "geometry": { "type": "Point", "coordinates": [ -64.62585647, -33.33105657 ] } },
{ "type": "Feature", "properties": { "Name": "638.14", "P.K.": null, "Al.Dist. Izq.": 80, "Al.Dist. Der.": 12, "Ruta": 8 }, "geometry": { "type": "Point", "coordinates": [ -64.6261, -33.33119 ] } },
{ "type": "Feature", "properties": { "Name": "638.17", "P.K.": null, "Al.Dist. Izq.": 80, "Al.Dist. Der.": 12, "Ruta": 8 }, "geometry": { "type": "Point", "coordinates": [ -64.62643918, -33.33134426 ] } },
{ "type": "Feature", "properties": { "Name": "638.18", "P.K.": null, "Al.Dist. Izq.": 80, "Al.Dist. Der.": 12, "Ruta": 8 }, "geometry": { "type": "Point", "coordinates": [ -64.62643211, -33.33139361 ] } },
{ "type": "Feature", "properties": { "Name": "638.3", "P.K.": null, "Al.Dist. Izq.": 80, "Al.Dist. Der.": 12, "Ruta": 8 }, "geometry": { "type": "Point", "coordinates": [ -64.62739846, -33.33205427 ] } },
{ "type": "Feature", "properties": { "Name": "638.36", "P.K.": null, "Al.Dist. Izq.": 80, "Al.Dist. Der.": 12, "Ruta": 8 }, "geometry": { "type": "Point", "coordinates": [ -64.62792448, -33.33241865 ] } },
{ "type": "Feature", "properties": { "Name": "639", "P.K.": "PK639", "Al.Dist. Izq.": 80, "Al.Dist. Der.": 12, "Ruta": 8 }, "geometry": { "type": "Point", "coordinates": [ -64.63309977, -33.33596313 ] } },
{ "type": "Feature", "properties": { "Name": "639.01", "P.K.": null, "Al.Dist. Izq.": 80, "Al.Dist. Der.": 12, "Ruta": 8 }, "geometry": { "type": "Point", "coordinates": [ -64.63319, -33.33607 ] } },
{ "type": "Feature", "properties": { "Name": "639.03", "P.K.": null, "Al.Dist. Izq.": 80, "Al.Dist. Der.": 12, "Ruta": 8 }, "geometry": { "type": "Point", "coordinates": [ -64.63332005, -33.33615528 ] } },
{ "type": "Feature", "properties": { "Name": "639.24", "P.K.": null, "Al.Dist. Izq.": 80, "Al.Dist. Der.": 12, "Ruta": 8 }, "geometry": { "type": "Point", "coordinates": [ -64.63503, -33.33733 ] } },
{ "type": "Feature", "properties": { "Name": "639.67", "P.K.": null, "Al.Dist. Izq.": 80, "Al.Dist. Der.": 12, "Ruta": 8 }, "geometry": { "type": "Point", "coordinates": [ -64.63839, -33.33965 ] } },
{ "type": "Feature", "properties": { "Name": "640", "P.K.": "PK640", "Al.Dist. Izq.": 80, "Al.Dist. Der.": 12, "Ruta": 8 }, "geometry": { "type": "Point", "coordinates": [ -64.64113399, -33.34149598 ] } },
{ "type": "Feature", "properties": { "Name": "641", "P.K.": "PK641", "Al.Dist. Izq.": 80, "Al.Dist. Der.": 12, "Ruta": 8 }, "geometry": { "type": "Point", "coordinates": [ -64.64910954, -33.34692933 ] } },
{ "type": "Feature", "properties": { "Name": "641.38", "P.K.": null, "Al.Dist. Izq.": 80, "Al.Dist. Der.": 12, "Ruta": 8 }, "geometry": { "type": "Point", "coordinates": [ -64.65250254, -33.34935139 ] } },
{ "type": "Feature", "properties": { "Name": "641.39", "P.K.": null, "Al.Dist. Izq.": 80, "Al.Dist. Der.": 12, "Ruta": 8 }, "geometry": { "type": "Point", "coordinates": [ -64.65257663, -33.34931778 ] } },
{ "type": "Feature", "properties": { "Name": "643", "P.K.": "PK643", "Al.Dist. Izq.": 80, "Al.Dist. Der.": 12, "Ruta": 8 }, "geometry": { "type": "Point", "coordinates": [ -64.66688786, -33.35914629 ] } },
{ "type": "Feature", "properties": { "Name": "643.01", "P.K.": null, "Al.Dist. Izq.": 80, "Al.Dist. Der.": 12, "Ruta": 8 }, "geometry": { "type": "Point", "coordinates": [ -64.66696, -33.35925 ] } },
{ "type": "Feature", "properties": { "Name": "643.03", "P.K.": null, "Al.Dist. Izq.": 80, "Al.Dist. Der.": 12, "Ruta": 8 }, "geometry": { "type": "Point", "coordinates": [ -64.6671, -33.3593 ] } },
{ "type": "Feature", "properties": { "Name": "643.63", "P.K.": null, "Al.Dist. Izq.": 80, "Al.Dist. Der.": 12, "Ruta": 8 }, "geometry": { "type": "Point", "coordinates": [ -64.67179, -33.36257 ] } },
{ "type": "Feature", "properties": { "Name": "644", "P.K.": "PK644", "Al.Dist. Izq.": 80, "Al.Dist. Der.": 12, "Ruta": 8 }, "geometry": { "type": "Point", "coordinates": [ -64.67460629, -33.36446784 ] } },
{ "type": "Feature", "properties": { "Name": "644.13", "P.K.": null, "Al.Dist. Izq.": 80, "Al.Dist. Der.": 12, "Ruta": 8 }, "geometry": { "type": "Point", "coordinates": [ -64.67572671, -33.36522243 ] } },
{ "type": "Feature", "properties": { "Name": "644.23", "P.K.": null, "Al.Dist. Izq.": 80, "Al.Dist. Der.": 12, "Ruta": 8 }, "geometry": { "type": "Point", "coordinates": [ -64.6766, -33.36584 ] } },
{ "type": "Feature", "properties": { "Name": "644.33", "P.K.": null, "Al.Dist. Izq.": 80, "Al.Dist. Der.": 12, "Ruta": 8 }, "geometry": { "type": "Point", "coordinates": [ -64.67744205, -33.36638203 ] } },
{ "type": "Feature", "properties": { "Name": "644.34", "P.K.": null, "Al.Dist. Izq.": 80, "Al.Dist. Der.": 12, "Ruta": 8 }, "geometry": { "type": "Point", "coordinates": [ -64.67753, -33.3665 ] } },
{ "type": "Feature", "properties": { "Name": "644.5", "P.K.": null, "Al.Dist. Izq.": 80, "Al.Dist. Der.": 12, "Ruta": 8 }, "geometry": { "type": "Point", "coordinates": [ -64.67893, -33.36745 ] } },
{ "type": "Feature", "properties": { "Name": "644.57", "P.K.": null, "Al.Dist. Izq.": 80, "Al.Dist. Der.": 12, "Ruta": 8 }, "geometry": { "type": "Point", "coordinates": [ -64.67953727, -33.36786776 ] } },
{ "type": "Feature", "properties": { "Name": "644.66", "P.K.": null, "Al.Dist. Izq.": 80, "Al.Dist. Der.": 12, "Ruta": 8 }, "geometry": { "type": "Point", "coordinates": [ -64.68040958, -33.36840482 ] } },
{ "type": "Feature", "properties": { "Name": "644.78", "P.K.": null, "Al.Dist. Izq.": 80, "Al.Dist. Der.": 12, "Ruta": 8 }, "geometry": { "type": "Point", "coordinates": [ -64.6813792, -33.36913367 ] } },
{ "type": "Feature", "properties": { "Name": "645", "P.K.": "PK645", "Al.Dist. Izq.": 80, "Al.Dist. Der.": 12, "Ruta": 8 }, "geometry": { "type": "Point", "coordinates": [ -64.68327049, -33.37038976 ] } },
{ "type": "Feature", "properties": { "Name": "645.16", "P.K.": null, "Al.Dist. Izq.": 80, "Al.Dist. Der.": 12, "Ruta": 8 }, "geometry": { "type": "Point", "coordinates": [ -64.6843132, -33.37123396 ] } },
{ "type": "Feature", "properties": { "Name": "645.24", "P.K.": null, "Al.Dist. Izq.": 80, "Al.Dist. Der.": 12, "Ruta": 8 }, "geometry": { "type": "Point", "coordinates": [ -64.6849, -33.37154 ] } },
{ "type": "Feature", "properties": { "Name": "645.92", "P.K.": null, "Al.Dist. Izq.": 80, "Al.Dist. Der.": 12, "Ruta": 8 }, "geometry": { "type": "Point", "coordinates": [ -64.68953177, -33.37476381 ] } },
{ "type": "Feature", "properties": { "Name": "646", "P.K.": "PK646", "Al.Dist. Izq.": 80, "Al.Dist. Der.": 12, "Ruta": 8 }, "geometry": { "type": "Point", "coordinates": [ -64.69020132, -33.37509307 ] } },
{ "type": "Feature", "properties": { "Name": "646.11", "P.K.": null, "Al.Dist. Izq.": 80, "Al.Dist. Der.": 12, "Ruta": 8 }, "geometry": { "type": "Point", "coordinates": [ -64.69115786, -33.37584287 ] } },
{ "type": "Feature", "properties": { "Name": "646.25", "P.K.": null, "Al.Dist. Izq.": 80, "Al.Dist. Der.": 12, "Ruta": 8 }, "geometry": { "type": "Point", "coordinates": [ -64.69233, -33.37663 ] } },
{ "type": "Feature", "properties": { "Name": "646.39", "P.K.": null, "Al.Dist. Izq.": 80, "Al.Dist. Der.": 12, "Ruta": 8 }, "geometry": { "type": "Point", "coordinates": [ -64.69347764, -33.37764706 ] } },
{ "type": "Feature", "properties": { "Name": "646.59", "P.K.": null, "Al.Dist. Izq.": 80, "Al.Dist. Der.": 12, "Ruta": 8 }, "geometry": { "type": "Point", "coordinates": [ -64.69541925, -33.37874766 ] } },
{ "type": "Feature", "properties": { "Name": "646.67", "P.K.": null, "Al.Dist. Izq.": 80, "Al.Dist. Der.": 12, "Ruta": 8 }, "geometry": { "type": "Point", "coordinates": [ -64.69604, -33.37919 ] } },
{ "type": "Feature", "properties": { "Name": "647", "P.K.": "PK647", "Al.Dist. Izq.": 80, "Al.Dist. Der.": 12, "Ruta": 8 }, "geometry": { "type": "Point", "coordinates": [ -64.69934363, -33.38074942 ] } },
{ "type": "Feature", "properties": { "Name": "647.08", "P.K.": null, "Al.Dist. Izq.": 80, "Al.Dist. Der.": 12, "Ruta": 8 }, "geometry": { "type": "Point", "coordinates": [ -64.70018189, -33.38107269 ] } },
{ "type": "Feature", "properties": { "Name": "647.37", "P.K.": null, "Al.Dist. Izq.": 80, "Al.Dist. Der.": 12, "Ruta": 8 }, "geometry": { "type": "Point", "coordinates": [ -64.70300518, -33.38249808 ] } },
{ "type": "Feature", "properties": { "Name": "647.49", "P.K.": null, "Al.Dist. Izq.": 80, "Al.Dist. Der.": 12, "Ruta": 8 }, "geometry": { "type": "Point", "coordinates": [ -64.70424838, -33.38311119 ] } },
{ "type": "Feature", "properties": { "Name": "647.58", "P.K.": null, "Al.Dist. Izq.": 80, "Al.Dist. Der.": 12, "Ruta": 8 }, "geometry": { "type": "Point", "coordinates": [ -64.70513, -33.38344 ] } },
{ "type": "Feature", "properties": { "Name": "647.68", "P.K.": null, "Al.Dist. Izq.": 80, "Al.Dist. Der.": 12, "Ruta": 8 }, "geometry": { "type": "Point", "coordinates": [ -64.7061, -33.38386 ] } },
{ "type": "Feature", "properties": { "Name": "647.73", "P.K.": null, "Al.Dist. Izq.": 80, "Al.Dist. Der.": 12, "Ruta": 8 }, "geometry": { "type": "Point", "coordinates": [ -64.70655341, -33.38419546 ] } },
{ "type": "Feature", "properties": { "Name": "647.82", "P.K.": null, "Al.Dist. Izq.": 80, "Al.Dist. Der.": 12, "Ruta": 8 }, "geometry": { "type": "Point", "coordinates": [ -64.7076045, -33.38453085 ] } },
{ "type": "Feature", "properties": { "Name": "647.83", "P.K.": null, "Al.Dist. Izq.": 80, "Al.Dist. Der.": 12, "Ruta": 8 }, "geometry": { "type": "Point", "coordinates": [ -64.70767625, -33.3845818 ] } },
{ "type": "Feature", "properties": { "Name": "647.86", "P.K.": null, "Al.Dist. Izq.": 80, "Al.Dist. Der.": 12, "Ruta": 8 }, "geometry": { "type": "Point", "coordinates": [ -64.70789062, -33.3846604 ] } },
{ "type": "Feature", "properties": { "Name": "647.89", "P.K.": null, "Al.Dist. Izq.": 45, "Al.Dist. Der.": 15, "Ruta": 8 }, "geometry": { "type": "Point", "coordinates": [ -64.70818453, -33.38479904 ] } },
{ "type": "Feature", "properties": { "Name": "647.92", "P.K.": null, "Al.Dist. Izq.": 45, "Al.Dist. Der.": 15, "Ruta": 8 }, "geometry": { "type": "Point", "coordinates": [ -64.70849264, -33.38494938 ] } },
{ "type": "Feature", "properties": { "Name": "647.94", "P.K.": null, "Al.Dist. Izq.": 45, "Al.Dist. Der.": 15, "Ruta": 8 }, "geometry": { "type": "Point", "coordinates": [ -64.70875, -33.38507 ] } },
{ "type": "Feature", "properties": { "Name": "647.98", "P.K.": null, "Al.Dist. Izq.": 45, "Al.Dist. Der.": 15, "Ruta": 8 }, "geometry": { "type": "Point", "coordinates": [ -64.70920142, -33.38521785 ] } },
{ "type": "Feature", "properties": { "Name": "648", "P.K.": "PK648", "Al.Dist. Izq.": 45, "Al.Dist. Der.": 15, "Ruta": 8 }, "geometry": { "type": "Point", "coordinates": [ -64.70928289, -33.3853945 ] } },
{ "type": "Feature", "properties": { "Name": "648.02", "P.K.": null, "Al.Dist. Izq.": 45, "Al.Dist. Der.": 15, "Ruta": 8 }, "geometry": { "type": "Point", "coordinates": [ -64.70954642, -33.38539198 ] } },
{ "type": "Feature", "properties": { "Name": "648.05", "P.K.": null, "Al.Dist. Izq.": 45, "Al.Dist. Der.": 15, "Ruta": 8 }, "geometry": { "type": "Point", "coordinates": [ -64.7098428, -33.38550592 ] } },
{ "type": "Feature", "properties": { "Name": "648.08", "P.K.": null, "Al.Dist. Izq.": 45, "Al.Dist. Der.": 15, "Ruta": 8 }, "geometry": { "type": "Point", "coordinates": [ -64.71010465, -33.38559943 ] } },
{ "type": "Feature", "properties": { "Name": "648.1", "P.K.": null, "Al.Dist. Izq.": 45, "Al.Dist. Der.": 15, "Ruta": 8 }, "geometry": { "type": "Point", "coordinates": [ -64.71029408, -33.38584606 ] } },
{ "type": "Feature", "properties": { "Name": "648.11", "P.K.": null, "Al.Dist. Izq.": 45, "Al.Dist. Der.": 15, "Ruta": 8 }, "geometry": { "type": "Point", "coordinates": [ -64.71042911, -33.38582573 ] } },
{ "type": "Feature", "properties": { "Name": "648.14", "P.K.": null, "Al.Dist. Izq.": 45, "Al.Dist. Der.": 15, "Ruta": 8 }, "geometry": { "type": "Point", "coordinates": [ -64.71068367, -33.38592361 ] } },
{ "type": "Feature", "properties": { "Name": "648.21", "P.K.": null, "Al.Dist. Izq.": 45, "Al.Dist. Der.": 15, "Ruta": 8 }, "geometry": { "type": "Point", "coordinates": [ -64.71133679, -33.38615009 ] } },
{ "type": "Feature", "properties": { "Name": "648.25", "P.K.": null, "Al.Dist. Izq.": 45, "Al.Dist. Der.": 15, "Ruta": 8 }, "geometry": { "type": "Point", "coordinates": [ -64.71163552, -33.38645775 ] } },
{ "type": "Feature", "properties": { "Name": "648.25", "P.K.": null, "Al.Dist. Izq.": 45, "Al.Dist. Der.": 15, "Ruta": 8 }, "geometry": { "type": "Point", "coordinates": [ -64.71163552, -33.38645775 ] } },
{ "type": "Feature", "properties": { "Name": "648.27", "P.K.": null, "Al.Dist. Izq.": 45, "Al.Dist. Der.": 15, "Ruta": 8 }, "geometry": { "type": "Point", "coordinates": [ -64.71194, -33.38651 ] } },
{ "type": "Feature", "properties": { "Name": "648.28", "P.K.": null, "Al.Dist. Izq.": 45, "Al.Dist. Der.": 15, "Ruta": 8 }, "geometry": { "type": "Point", "coordinates": [ -64.71197147, -33.38660668 ] } },
{ "type": "Feature", "properties": { "Name": "648.34", "P.K.": null, "Al.Dist. Izq.": 45, "Al.Dist. Der.": 15, "Ruta": 8 }, "geometry": { "type": "Point", "coordinates": [ -64.71252635, -33.38677829 ] } },
{ "type": "Feature", "properties": { "Name": "648.35", "P.K.": null, "Al.Dist. Izq.": 45, "Al.Dist. Der.": 15, "Ruta": 8 }, "geometry": { "type": "Point", "coordinates": [ -64.7126903, -33.38680461 ] } },
{ "type": "Feature", "properties": { "Name": "648.5", "P.K.": null, "Al.Dist. Izq.": 45, "Al.Dist. Der.": 15, "Ruta": 8 }, "geometry": { "type": "Point", "coordinates": [ -64.71409504, -33.38748723 ] } },
{ "type": "Feature", "properties": { "Name": "648.51", "P.K.": null, "Al.Dist. Izq.": 45, "Al.Dist. Der.": 15, "Ruta": 8 }, "geometry": { "type": "Point", "coordinates": [ -64.7141454, -33.38755122 ] } },
{ "type": "Feature", "properties": { "Name": "648.62", "P.K.": null, "Al.Dist. Izq.": 45, "Al.Dist. Der.": 15, "Ruta": 8 }, "geometry": { "type": "Point", "coordinates": [ -64.71516766, -33.38800697 ] } },
{ "type": "Feature", "properties": { "Name": "648.63", "P.K.": null, "Al.Dist. Izq.": 45, "Al.Dist. Der.": 15, "Ruta": 8 }, "geometry": { "type": "Point", "coordinates": [ -64.71533932, -33.38786896 ] } },
{ "type": "Feature", "properties": { "Name": "648.74", "P.K.": null, "Al.Dist. Izq.": 45, "Al.Dist. Der.": 15, "Ruta": 8 }, "geometry": { "type": "Point", "coordinates": [ -64.71632905, -33.38848483 ] } },
{ "type": "Feature", "properties": { "Name": "648.74", "P.K.": null, "Al.Dist. Izq.": 45, "Al.Dist. Der.": 15, "Ruta": 8 }, "geometry": { "type": "Point", "coordinates": [ -64.71632905, -33.38848483 ] } },
{ "type": "Feature", "properties": { "Name": "648.85", "P.K.": null, "Al.Dist. Izq.": 45, "Al.Dist. Der.": 15, "Ruta": 8 }, "geometry": { "type": "Point", "coordinates": [ -64.71743345, -33.38887535 ] } },
{ "type": "Feature", "properties": { "Name": "648.87", "P.K.": null, "Al.Dist. Izq.": 45, "Al.Dist. Der.": 15, "Ruta": 8 }, "geometry": { "type": "Point", "coordinates": [ -64.71754, -33.38906 ] } },
{ "type": "Feature", "properties": { "Name": "648.95", "P.K.": null, "Al.Dist. Izq.": null, "Al.Dist. Der.": null, "Ruta": 8 }, "geometry": { "type": "Point", "coordinates": [ -64.71824281, -33.38962419 ] } },
{ "type": "Feature", "properties": { "Name": "648.96", "P.K.": null, "Al.Dist. Izq.": null, "Al.Dist. Der.": null, "Ruta": 8 }, "geometry": { "type": "Point", "coordinates": [ -64.71849326, -33.38928294 ] } },
{ "type": "Feature", "properties": { "Name": "649", "P.K.": "PK649", "Al.Dist. Izq.": null, "Al.Dist. Der.": null, "Ruta": 8 }, "geometry": { "type": "Point", "coordinates": [ -64.71886173, -33.38961103 ] } },
{ "type": "Feature", "properties": { "Name": "649.11", "P.K.": null, "Al.Dist. Izq.": null, "Al.Dist. Der.": null, "Ruta": 8 }, "geometry": { "type": "Point", "coordinates": [ -64.71987, -33.39008 ] } },
{ "type": "Feature", "properties": { "Name": "649.14", "P.K.": null, "Al.Dist. Izq.": null, "Al.Dist. Der.": null, "Ruta": 8 }, "geometry": { "type": "Point", "coordinates": [ -64.72011, -33.39019 ] } },
{ "type": "Feature", "properties": { "Name": "649.19", "P.K.": null, "Al.Dist. Izq.": null, "Al.Dist. Der.": null, "Ruta": 8 }, "geometry": { "type": "Point", "coordinates": [ -64.72072, -33.39046 ] } },
{ "type": "Feature", "properties": { "Name": "649.2", "P.K.": null, "Al.Dist. Izq.": null, "Al.Dist. Der.": null, "Ruta": 8 }, "geometry": { "type": "Point", "coordinates": [ -64.72082745, -33.39042481 ] } },
{ "type": "Feature", "properties": { "Name": "649.27", "P.K.": null, "Al.Dist. Izq.": null, "Al.Dist. Der.": null, "Ruta": 8 }, "geometry": { "type": "Point", "coordinates": [ -64.72147085, -33.3908965 ] } },
{ "type": "Feature", "properties": { "Name": "649.33", "P.K.": null, "Al.Dist. Izq.": null, "Al.Dist. Der.": null, "Ruta": 8 }, "geometry": { "type": "Point", "coordinates": [ -64.72207, -33.39109 ] } },
{ "type": "Feature", "properties": { "Name": "649.37", "P.K.": null, "Al.Dist. Izq.": null, "Al.Dist. Der.": null, "Ruta": 8 }, "geometry": { "type": "Point", "coordinates": [ -64.72238347, -33.39133487 ] } },
{ "type": "Feature", "properties": { "Name": "649.4", "P.K.": null, "Al.Dist. Izq.": null, "Al.Dist. Der.": null, "Ruta": 8 }, "geometry": { "type": "Point", "coordinates": [ -64.7226309, -33.39140989 ] } },
{ "type": "Feature", "properties": { "Name": "649.44", "P.K.": null, "Al.Dist. Izq.": null, "Al.Dist. Der.": null, "Ruta": 8 }, "geometry": { "type": "Point", "coordinates": [ -64.72311135, -33.39144041 ] } },
{ "type": "Feature", "properties": { "Name": "649.44", "P.K.": null, "Al.Dist. Izq.": null, "Al.Dist. Der.": null, "Ruta": 8 }, "geometry": { "type": "Point", "coordinates": [ -64.72311135, -33.39144041 ] } },
{ "type": "Feature", "properties": { "Name": "649.45", "P.K.": null, "Al.Dist. Izq.": null, "Al.Dist. Der.": null, "Ruta": 8 }, "geometry": { "type": "Point", "coordinates": [ -64.72322669, -33.39153222 ] } },
{ "type": "Feature", "properties": { "Name": "649.5", "P.K.": null, "Al.Dist. Izq.": null, "Al.Dist. Der.": null, "Ruta": 8 }, "geometry": { "type": "Point", "coordinates": [ -64.72364, -33.3918 ] } },
{ "type": "Feature", "properties": { "Name": "649.56", "P.K.": null, "Al.Dist. Izq.": null, "Al.Dist. Der.": null, "Ruta": 8 }, "geometry": { "type": "Point", "coordinates": [ -64.72433344, -33.39207137 ] } },
{ "type": "Feature", "properties": { "Name": "649.57", "P.K.": null, "Al.Dist. Izq.": null, "Al.Dist. Der.": null, "Ruta": 8 }, "geometry": { "type": "Point", "coordinates": [ -64.72435892, -33.3921212 ] } },
{ "type": "Feature", "properties": { "Name": "649.63", "P.K.": null, "Al.Dist. Izq.": null, "Al.Dist. Der.": null, "Ruta": 8 }, "geometry": { "type": "Point", "coordinates": [ -64.72498052, -33.39241429 ] } },
{ "type": "Feature", "properties": { "Name": "649.65", "P.K.": null, "Al.Dist. Izq.": null, "Al.Dist. Der.": null, "Ruta": 8 }, "geometry": { "type": "Point", "coordinates": [ -64.72515956, -33.39245711 ] } },
{ "type": "Feature", "properties": { "Name": "649.66", "P.K.": null, "Al.Dist. Izq.": null, "Al.Dist. Der.": null, "Ruta": 8 }, "geometry": { "type": "Point", "coordinates": [ -64.72522963, -33.39249407 ] } },
{ "type": "Feature", "properties": { "Name": "649.69", "P.K.": null, "Al.Dist. Izq.": null, "Al.Dist. Der.": null, "Ruta": 8 }, "geometry": { "type": "Point", "coordinates": [ -64.72553205, -33.39268246 ] } },
{ "type": "Feature", "properties": { "Name": "649.7", "P.K.": null, "Al.Dist. Izq.": null, "Al.Dist. Der.": null, "Ruta": 8 }, "geometry": { "type": "Point", "coordinates": [ -64.72555049, -33.39277651 ] } },
{ "type": "Feature", "properties": { "Name": "649.7", "P.K.": null, "Al.Dist. Izq.": null, "Al.Dist. Der.": null, "Ruta": 8 }, "geometry": { "type": "Point", "coordinates": [ -64.72555049, -33.39277651 ] } },
{ "type": "Feature", "properties": { "Name": "649.73", "P.K.": null, "Al.Dist. Izq.": null, "Al.Dist. Der.": null, "Ruta": 8 }, "geometry": { "type": "Point", "coordinates": [ -64.72576439, -33.39306932 ] } },
{ "type": "Feature", "properties": { "Name": "649.75", "P.K.": null, "Al.Dist. Izq.": null, "Al.Dist. Der.": null, "Ruta": 8 }, "geometry": { "type": "Point", "coordinates": [ -64.72586162, -33.39312866 ] } },
{ "type": "Feature", "properties": { "Name": "649.76", "P.K.": null, "Al.Dist. Izq.": null, "Al.Dist. Der.": null, "Ruta": 8 }, "geometry": { "type": "Point", "coordinates": [ -64.72602508, -33.39313295 ] } },
{ "type": "Feature", "properties": { "Name": "649.76", "P.K.": null, "Al.Dist. Izq.": null, "Al.Dist. Der.": null, "Ruta": 8 }, "geometry": { "type": "Point", "coordinates": [ -64.72602508, -33.39313295 ] } },
{ "type": "Feature", "properties": { "Name": "649.85", "P.K.": null, "Al.Dist. Izq.": null, "Al.Dist. Der.": null, "Ruta": 8 }, "geometry": { "type": "Point", "coordinates": [ -64.72681683, -33.39381784 ] } },
{ "type": "Feature", "properties": { "Name": "649.86", "P.K.": null, "Al.Dist. Izq.": null, "Al.Dist. Der.": null, "Ruta": 8 }, "geometry": { "type": "Point", "coordinates": [ -64.72692904, -33.39375798 ] } },
{ "type": "Feature", "properties": { "Name": "649.87", "P.K.": null, "Al.Dist. Izq.": null, "Al.Dist. Der.": null, "Ruta": 8 }, "geometry": { "type": "Point", "coordinates": [ -64.72700659, -33.39383099 ] } },
{ "type": "Feature", "properties": { "Name": "649.9", "P.K.": null, "Al.Dist. Izq.": null, "Al.Dist. Der.": null, "Ruta": 8 }, "geometry": { "type": "Point", "coordinates": [ -64.72725168, -33.39407481 ] } },
{ "type": "Feature", "properties": { "Name": "649.96", "P.K.": null, "Al.Dist. Izq.": null, "Al.Dist. Der.": null, "Ruta": 8 }, "geometry": { "type": "Point", "coordinates": [ -64.7277952, -33.39427077 ] } },
{ "type": "Feature", "properties": { "Name": "650", "P.K.": "PK650", "Al.Dist. Izq.": null, "Al.Dist. Der.": null, "Ruta": 8 }, "geometry": { "type": "Point", "coordinates": [ -64.72813848, -33.39451121 ] } },
{ "type": "Feature", "properties": { "Name": "650.05", "P.K.": null, "Al.Dist. Izq.": null, "Al.Dist. Der.": null, "Ruta": 8 }, "geometry": { "type": "Point", "coordinates": [ -64.72861525, -33.39474634 ] } },
{ "type": "Feature", "properties": { "Name": "650.05", "P.K.": null, "Al.Dist. Izq.": null, "Al.Dist. Der.": null, "Ruta": 8 }, "geometry": { "type": "Point", "coordinates": [ -64.72872728, -33.39470265 ] } },
{ "type": "Feature", "properties": { "Name": "650.06", "P.K.": null, "Al.Dist. Izq.": null, "Al.Dist. Der.": null, "Ruta": 8 }, "geometry": { "type": "Point", "coordinates": [ -64.72875812, -33.3947128 ] } },
{ "type": "Feature", "properties": { "Name": "650.08", "P.K.": null, "Al.Dist. Izq.": null, "Al.Dist. Der.": null, "Ruta": 8 }, "geometry": { "type": "Point", "coordinates": [ -64.72900249, -33.39480261 ] } },
{ "type": "Feature", "properties": { "Name": "650.09", "P.K.": null, "Al.Dist. Izq.": null, "Al.Dist. Der.": null, "Ruta": 8 }, "geometry": { "type": "Point", "coordinates": [ -64.7291014, -33.39485075 ] } },
{ "type": "Feature", "properties": { "Name": "650.3", "P.K.": null, "Al.Dist. Izq.": null, "Al.Dist. Der.": null, "Ruta": 8 }, "geometry": { "type": "Point", "coordinates": [ -64.7310108, -33.39591137 ] } },
{ "type": "Feature", "properties": { "Name": "650.32", "P.K.": null, "Al.Dist. Izq.": null, "Al.Dist. Der.": null, "Ruta": 8 }, "geometry": { "type": "Point", "coordinates": [ -64.73123677, -33.39580864 ] } },
{ "type": "Feature", "properties": { "Name": "650.36", "P.K.": null, "Al.Dist. Izq.": null, "Al.Dist. Der.": null, "Ruta": 8 }, "geometry": { "type": "Point", "coordinates": [ -64.73149829, -33.39615154 ] } },
{ "type": "Feature", "properties": { "Name": "650.38", "P.K.": null, "Al.Dist. Izq.": null, "Al.Dist. Der.": null, "Ruta": 8 }, "geometry": { "type": "Point", "coordinates": [ -64.73176751, -33.3962635 ] } },
{ "type": "Feature", "properties": { "Name": "650.39", "P.K.": null, "Al.Dist. Izq.": null, "Al.Dist. Der.": null, "Ruta": 8 }, "geometry": { "type": "Point", "coordinates": [ -64.73196298, -33.39589961 ] } },
{ "type": "Feature", "properties": { "Name": "650.41", "P.K.": null, "Al.Dist. Izq.": null, "Al.Dist. Der.": null, "Ruta": 8 }, "geometry": { "type": "Point", "coordinates": [ -64.73201897, -33.39634944 ] } },
{ "type": "Feature", "properties": { "Name": "650.45", "P.K.": null, "Al.Dist. Izq.": null, "Al.Dist. Der.": null, "Ruta": 8 }, "geometry": { "type": "Point", "coordinates": [ -64.73241493, -33.39651067 ] } },
{ "type": "Feature", "properties": { "Name": "650.46", "P.K.": null, "Al.Dist. Izq.": null, "Al.Dist. Der.": null, "Ruta": 8 }, "geometry": { "type": "Point", "coordinates": [ -64.73256719, -33.39638883 ] } },
{ "type": "Feature", "properties": { "Name": "650.66", "P.K.": null, "Al.Dist. Izq.": null, "Al.Dist. Der.": null, "Ruta": 8 }, "geometry": { "type": "Point", "coordinates": [ -64.73449394, -33.3972948 ] } },
{ "type": "Feature", "properties": { "Name": "650.71", "P.K.": null, "Al.Dist. Izq.": null, "Al.Dist. Der.": null, "Ruta": 8 }, "geometry": { "type": "Point", "coordinates": [ -64.73490335, -33.39764628 ] } },
{ "type": "Feature", "properties": { "Name": "650.78", "P.K.": null, "Al.Dist. Izq.": null, "Al.Dist. Der.": null, "Ruta": 8 }, "geometry": { "type": "Point", "coordinates": [ -64.7356661, -33.3976488 ] } },
{ "type": "Feature", "properties": { "Name": "650.79", "P.K.": null, "Al.Dist. Izq.": null, "Al.Dist. Der.": null, "Ruta": 8 }, "geometry": { "type": "Point", "coordinates": [ -64.73552831, -33.3980152 ] } },
{ "type": "Feature", "properties": { "Name": "650.86", "P.K.": null, "Al.Dist. Izq.": null, "Al.Dist. Der.": null, "Ruta": 8 }, "geometry": { "type": "Point", "coordinates": [ -64.73623337, -33.39827391 ] } },
{ "type": "Feature", "properties": { "Name": "650.99", "P.K.": null, "Al.Dist. Izq.": null, "Al.Dist. Der.": null, "Ruta": 8 }, "geometry": { "type": "Point", "coordinates": [ -64.73729756, -33.39909174 ] } },
{ "type": "Feature", "properties": { "Name": "651", "P.K.": "PK651", "Al.Dist. Izq.": null, "Al.Dist. Der.": null, "Ruta": 8 }, "geometry": { "type": "Point", "coordinates": [ -64.73747559, -33.39900664 ] } },
{ "type": "Feature", "properties": { "Name": "651", "P.K.": null, "Al.Dist. Izq.": 15, "Al.Dist. Der.": 35, "Ruta": 8 }, "geometry": { "type": "Point", "coordinates": [ -64.73747559, -33.39900664 ] } },
{ "type": "Feature", "properties": { "Name": "651.03", "P.K.": null, "Al.Dist. Izq.": 15, "Al.Dist. Der.": 35, "Ruta": 8 }, "geometry": { "type": "Point", "coordinates": [ -64.7376506, -33.39920986 ] } },
{ "type": "Feature", "properties": { "Name": "651.06", "P.K.": null, "Al.Dist. Izq.": 15, "Al.Dist. Der.": 35, "Ruta": 8 }, "geometry": { "type": "Point", "coordinates": [ -64.73788664, -33.39941195 ] } },
{ "type": "Feature", "properties": { "Name": "651.26", "P.K.": null, "Al.Dist. Izq.": 15, "Al.Dist. Der.": 35, "Ruta": 8 }, "geometry": { "type": "Point", "coordinates": [ -64.73948456, -33.40060714 ] } },
{ "type": "Feature", "properties": { "Name": "651.53", "P.K.": null, "Al.Dist. Izq.": 15, "Al.Dist. Der.": 35, "Ruta": 8 }, "geometry": { "type": "Point", "coordinates": [ -64.74166721, -33.40226163 ] } },
{ "type": "Feature", "properties": { "Name": "651.54", "P.K.": null, "Al.Dist. Izq.": 65, "Al.Dist. Der.": 35, "Ruta": 8 }, "geometry": { "type": "Point", "coordinates": [ -64.74211682, -33.40180456 ] } },
{ "type": "Feature", "properties": { "Name": "651.55", "P.K.": null, "Al.Dist. Izq.": 65, "Al.Dist. Der.": 25, "Ruta": 8 }, "geometry": { "type": "Point", "coordinates": [ -64.74201657, -33.40207774 ] } },
{ "type": "Feature", "properties": { "Name": "651.66", "P.K.": null, "Al.Dist. Izq.": 65, "Al.Dist. Der.": 25, "Ruta": 8 }, "geometry": { "type": "Point", "coordinates": [ -64.7430462, -33.40269183 ] } },
{ "type": "Feature", "properties": { "Name": "651.89", "P.K.": null, "Al.Dist. Izq.": 65, "Al.Dist. Der.": 25, "Ruta": 8 }, "geometry": { "type": "Point", "coordinates": [ -64.744815, -33.404084 ] } },
{ "type": "Feature", "properties": { "Name": "651.95", "P.K.": null, "Al.Dist. Izq.": 65, "Al.Dist. Der.": 25, "Ruta": 8 }, "geometry": { "type": "Point", "coordinates": [ -64.74540185, -33.40436839 ] } },
{ "type": "Feature", "properties": { "Name": "652", "P.K.": "PK652", "Al.Dist. Izq.": 65, "Al.Dist. Der.": 25, "Ruta": 8 }, "geometry": { "type": "Point", "coordinates": [ -64.74571466, -33.40476555 ] } },
{ "type": "Feature", "properties": { "Name": "652.07", "P.K.": null, "Al.Dist. Izq.": 65, "Al.Dist. Der.": 25, "Ruta": 8 }, "geometry": { "type": "Point", "coordinates": [ -64.746441, -33.404966 ] } },
{ "type": "Feature", "properties": { "Name": "652.09", "P.K.": null, "Al.Dist. Izq.": 65, "Al.Dist. Der.": 25, "Ruta": 8 }, "geometry": { "type": "Point", "coordinates": [ -64.74666, -33.40505 ] } },
{ "type": "Feature", "properties": { "Name": "652.2", "P.K.": null, "Al.Dist. Izq.": 65, "Al.Dist. Der.": 25, "Ruta": 8 }, "geometry": { "type": "Point", "coordinates": [ -64.74762053, -33.40542045 ] } },
{ "type": "Feature", "properties": { "Name": "652.28", "P.K.": null, "Al.Dist. Izq.": 65, "Al.Dist. Der.": 25, "Ruta": 8 }, "geometry": { "type": "Point", "coordinates": [ -64.748354, -33.405864 ] } },
{ "type": "Feature", "properties": { "Name": "652.35", "P.K.": null, "Al.Dist. Izq.": 65, "Al.Dist. Der.": 25, "Ruta": 8 }, "geometry": { "type": "Point", "coordinates": [ -64.74884648, -33.40634999 ] } },
{ "type": "Feature", "properties": { "Name": "652.47", "P.K.": null, "Al.Dist. Izq.": 65, "Al.Dist. Der.": 25, "Ruta": 8 }, "geometry": { "type": "Point", "coordinates": [ -64.74984862, -33.4069092 ] } },
{ "type": "Feature", "properties": { "Name": "652.48", "P.K.": null, "Al.Dist. Izq.": 65, "Al.Dist. Der.": 25, "Ruta": 8 }, "geometry": { "type": "Point", "coordinates": [ -64.74988181, -33.40703431 ] } },
{ "type": "Feature", "properties": { "Name": "653", "P.K.": "PK653", "Al.Dist. Izq.": 65, "Al.Dist. Der.": 25, "Ruta": 8 }, "geometry": { "type": "Point", "coordinates": [ -64.75418508, -33.40971973 ] } },
{ "type": "Feature", "properties": { "Name": "653.22", "P.K.": null, "Al.Dist. Izq.": 65, "Al.Dist. Der.": 25, "Ruta": 8 }, "geometry": { "type": "Point", "coordinates": [ -64.75587118, -33.41096824 ] } },
{ "type": "Feature", "properties": { "Name": "653.29", "P.K.": null, "Al.Dist. Izq.": 65, "Al.Dist. Der.": 25, "Ruta": 8 }, "geometry": { "type": "Point", "coordinates": [ -64.7564, -33.41126 ] } },
{ "type": "Feature", "properties": { "Name": "653.66", "P.K.": null, "Al.Dist. Izq.": 65, "Al.Dist. Der.": 25, "Ruta": 8 }, "geometry": { "type": "Point", "coordinates": [ -64.75939393, -33.41321192 ] } },
{ "type": "Feature", "properties": { "Name": "653.82", "P.K.": null, "Al.Dist. Izq.": 65, "Al.Dist. Der.": 25, "Ruta": 8 }, "geometry": { "type": "Point", "coordinates": [ -64.76077024, -33.41386987 ] } },
{ "type": "Feature", "properties": { "Name": "653.84", "P.K.": null, "Al.Dist. Izq.": 65, "Al.Dist. Der.": 25, "Ruta": 8 }, "geometry": { "type": "Point", "coordinates": [ -64.76084165, -33.4140473 ] } },
{ "type": "Feature", "properties": { "Name": "653.86", "P.K.": null, "Al.Dist. Izq.": 65, "Al.Dist. Der.": 25, "Ruta": 8 }, "geometry": { "type": "Point", "coordinates": [ -64.76082858, -33.41442315 ] } },
{ "type": "Feature", "properties": { "Name": "654", "P.K.": "PK654", "Al.Dist. Izq.": 65, "Al.Dist. Der.": 25, "Ruta": 8 }, "geometry": { "type": "Point", "coordinates": [ -64.76204429, -33.41508306 ] } },
{ "type": "Feature", "properties": { "Name": "654.07", "P.K.": null, "Al.Dist. Izq.": 65, "Al.Dist. Der.": 25, "Ruta": 8 }, "geometry": { "type": "Point", "coordinates": [ -64.76255056, -33.41550872 ] } },
{ "type": "Feature", "properties": { "Name": "654.16", "P.K.": null, "Al.Dist. Izq.": 65, "Al.Dist. Der.": 25, "Ruta": 8 }, "geometry": { "type": "Point", "coordinates": [ -64.76347592, -33.41576646 ] } },
{ "type": "Feature", "properties": { "Name": "654.17", "P.K.": null, "Al.Dist. Izq.": 65, "Al.Dist. Der.": 25, "Ruta": 8 }, "geometry": { "type": "Point", "coordinates": [ -64.76350006, -33.4158174 ] } },
{ "type": "Feature", "properties": { "Name": "654.99", "P.K.": null, "Al.Dist. Izq.": 65, "Al.Dist. Der.": 25, "Ruta": 8 }, "geometry": { "type": "Point", "coordinates": [ -64.77019049, -33.42056051 ] } },
{ "type": "Feature", "properties": { "Name": "655", "P.K.": "PK655", "Al.Dist. Izq.": 65, "Al.Dist. Der.": 25, "Ruta": 8 }, "geometry": { "type": "Point", "coordinates": [ -64.77033868, -33.4205051 ] } },
{ "type": "Feature", "properties": { "Name": "655.15", "P.K.": null, "Al.Dist. Izq.": 65, "Al.Dist. Der.": 25, "Ruta": 8 }, "geometry": { "type": "Point", "coordinates": [ -64.77152, -33.42142 ] } },
{ "type": "Feature", "properties": { "Name": "655.19", "P.K.": null, "Al.Dist. Izq.": 65, "Al.Dist. Der.": 25, "Ruta": 8 }, "geometry": { "type": "Point", "coordinates": [ -64.77180451, -33.42173078 ] } },
{ "type": "Feature", "properties": { "Name": "655.21", "P.K.": null, "Al.Dist. Izq.": 65, "Al.Dist. Der.": 25, "Ruta": 8 }, "geometry": { "type": "Point", "coordinates": [ -64.77202077, -33.42165383 ] } },
{ "type": "Feature", "properties": { "Name": "655.23", "P.K.": null, "Al.Dist. Izq.": 65, "Al.Dist. Der.": 25, "Ruta": 8 }, "geometry": { "type": "Point", "coordinates": [ -64.77218069, -33.42190092 ] } },
{ "type": "Feature", "properties": { "Name": "655.45", "P.K.": null, "Al.Dist. Izq.": 65, "Al.Dist. Der.": 25, "Ruta": 8 }, "geometry": { "type": "Point", "coordinates": [ -64.77388457, -33.42303075 ] } },
{ "type": "Feature", "properties": { "Name": "655.47", "P.K.": null, "Al.Dist. Izq.": 65, "Al.Dist. Der.": 25, "Ruta": 8 }, "geometry": { "type": "Point", "coordinates": [ -64.77413837, -33.42309328 ] } },
{ "type": "Feature", "properties": { "Name": "655.47", "P.K.": null, "Al.Dist. Izq.": 65, "Al.Dist. Der.": 25, "Ruta": 8 }, "geometry": { "type": "Point", "coordinates": [ -64.77413837, -33.42309328 ] } },
{ "type": "Feature", "properties": { "Name": "655.48", "P.K.": null, "Al.Dist. Izq.": 65, "Al.Dist. Der.": 25, "Ruta": 8 }, "geometry": { "type": "Point", "coordinates": [ -64.77418512, -33.42323352 ] } },
{ "type": "Feature", "properties": { "Name": "655.65", "P.K.": null, "Al.Dist. Izq.": 65, "Al.Dist. Der.": 25, "Ruta": 8 }, "geometry": { "type": "Point", "coordinates": [ -64.77558509, -33.42410067 ] } },
{ "type": "Feature", "properties": { "Name": "655.9", "P.K.": null, "Al.Dist. Izq.": 65, "Al.Dist. Der.": 25, "Ruta": 8 }, "geometry": { "type": "Point", "coordinates": [ -64.77750568, -33.42542945 ] } },
{ "type": "Feature", "properties": { "Name": "655.9", "P.K.": null, "Al.Dist. Izq.": 65, "Al.Dist. Der.": 25, "Ruta": 8 }, "geometry": { "type": "Point", "coordinates": [ -64.77750568, -33.42542945 ] } },
{ "type": "Feature", "properties": { "Name": "656", "P.K.": "PK656", "Al.Dist. Izq.": 65, "Al.Dist. Der.": 25, "Ruta": 8 }, "geometry": { "type": "Point", "coordinates": [ -64.77835715, -33.42614646 ] } },
{ "type": "Feature", "properties": { "Name": "656.03", "P.K.": null, "Al.Dist. Izq.": 65, "Al.Dist. Der.": 25, "Ruta": 8 }, "geometry": { "type": "Point", "coordinates": [ -64.77848187, -33.42646965 ] } },
{ "type": "Feature", "properties": { "Name": "656.13", "P.K.": null, "Al.Dist. Izq.": 65, "Al.Dist. Der.": 25, "Ruta": 8 }, "geometry": { "type": "Point", "coordinates": [ -64.77969485, -33.42692385 ] } },
{ "type": "Feature", "properties": { "Name": "656.41", "P.K.": null, "Al.Dist. Izq.": 65, "Al.Dist. Der.": 25, "Ruta": 8 }, "geometry": { "type": "Point", "coordinates": [ -64.78252932, -33.42871405 ] } },
{ "type": "Feature", "properties": { "Name": "656.42", "P.K.": null, "Al.Dist. Izq.": 65, "Al.Dist. Der.": 25, "Ruta": 8 }, "geometry": { "type": "Point", "coordinates": [ -64.78258699, -33.42874091 ] } },
{ "type": "Feature", "properties": { "Name": "657", "P.K.": "PK657", "Al.Dist. Izq.": 65, "Al.Dist. Der.": 25, "Ruta": 8 }, "geometry": { "type": "Point", "coordinates": [ -64.78845768, -33.43265595 ] } },
{ "type": "Feature", "properties": { "Name": "657.19", "P.K.": null, "Al.Dist. Izq.": 65, "Al.Dist. Der.": 25, "Ruta": 8 }, "geometry": { "type": "Point", "coordinates": [ -64.78971798, -33.43392092 ] } },
{ "type": "Feature", "properties": { "Name": "657.24", "P.K.": null, "Al.Dist. Izq.": 65, "Al.Dist. Der.": 25, "Ruta": 8 }, "geometry": { "type": "Point", "coordinates": [ -64.79047101, -33.43376115 ] } },
{ "type": "Feature", "properties": { "Name": "657.28", "P.K.": null, "Al.Dist. Izq.": 65, "Al.Dist. Der.": 25, "Ruta": 8 }, "geometry": { "type": "Point", "coordinates": [ -64.79077477, -33.43378829 ] } },
{ "type": "Feature", "properties": { "Name": "657.63", "P.K.": null, "Al.Dist. Izq.": 65, "Al.Dist. Der.": 25, "Ruta": 8 }, "geometry": { "type": "Point", "coordinates": [ -64.79331, -33.43603 ] } },
{ "type": "Feature", "properties": { "Name": "658", "P.K.": "PK658", "Al.Dist. Izq.": 65, "Al.Dist. Der.": 25, "Ruta": 8 }, "geometry": { "type": "Point", "coordinates": [ -64.79619887, -33.43808137 ] } },
{ "type": "Feature", "properties": { "Name": "658.69", "P.K.": null, "Al.Dist. Izq.": 65, "Al.Dist. Der.": 25, "Ruta": 8 }, "geometry": { "type": "Point", "coordinates": [ -64.80191298, -33.44163341 ] } },
{ "type": "Feature", "properties": { "Name": "658.97", "P.K.": null, "Al.Dist. Izq.": 65, "Al.Dist. Der.": 25, "Ruta": 8 }, "geometry": { "type": "Point", "coordinates": [ -64.80410166, -33.44313968 ] } },
{ "type": "Feature", "properties": { "Name": "659.03", "P.K.": null, "Al.Dist. Izq.": 65, "Al.Dist. Der.": 25, "Ruta": 8 }, "geometry": { "type": "Point", "coordinates": [ -64.8045174, -33.44368158 ] } },
{ "type": "Feature", "properties": { "Name": "659.38", "P.K.": null, "Al.Dist. Izq.": 65, "Al.Dist. Der.": 25, "Ruta": 8 }, "geometry": { "type": "Point", "coordinates": [ -64.80745, -33.44551 ] } },
{ "type": "Feature", "properties": { "Name": "659.57", "P.K.": null, "Al.Dist. Izq.": 65, "Al.Dist. Der.": 25, "Ruta": 8 }, "geometry": { "type": "Point", "coordinates": [ -64.80894908, -33.44651331 ] } },
{ "type": "Feature", "properties": { "Name": "659.72", "P.K.": null, "Al.Dist. Izq.": 65, "Al.Dist. Der.": 25, "Ruta": 8 }, "geometry": { "type": "Point", "coordinates": [ -64.81010042, -33.44753273 ] } },
{ "type": "Feature", "properties": { "Name": "659.8", "P.K.": null, "Al.Dist. Izq.": 65, "Al.Dist. Der.": 25, "Ruta": 8 }, "geometry": { "type": "Point", "coordinates": [ -64.8108786, -33.44759175 ] } },
{ "type": "Feature", "properties": { "Name": "659.92", "P.K.": null, "Al.Dist. Izq.": 65, "Al.Dist. Der.": 25, "Ruta": 8 }, "geometry": { "type": "Point", "coordinates": [ -64.81189985, -33.44839799 ] } },
{ "type": "Feature", "properties": { "Name": "660.2", "P.K.": null, "Al.Dist. Izq.": 65, "Al.Dist. Der.": 25, "Ruta": 8 }, "geometry": { "type": "Point", "coordinates": [ -64.81423974, -33.44982582 ] } },
{ "type": "Feature", "properties": { "Name": "660.26", "P.K.": null, "Al.Dist. Izq.": 65, "Al.Dist. Der.": 25, "Ruta": 8 }, "geometry": { "type": "Point", "coordinates": [ -64.81481, -33.4501 ] } },
{ "type": "Feature", "properties": { "Name": "660.35", "P.K.": null, "Al.Dist. Izq.": 65, "Al.Dist. Der.": 25, "Ruta": 8 }, "geometry": { "type": "Point", "coordinates": [ -64.81549698, -33.45050605 ] } },
{ "type": "Feature", "properties": { "Name": "660.54", "P.K.": null, "Al.Dist. Izq.": 65, "Al.Dist. Der.": 25, "Ruta": 8 }, "geometry": { "type": "Point", "coordinates": [ -64.81707182, -33.45154958 ] } },
{ "type": "Feature", "properties": { "Name": "660.58", "P.K.": null, "Al.Dist. Izq.": 65, "Al.Dist. Der.": 25, "Ruta": 8 }, "geometry": { "type": "Point", "coordinates": [ -64.81766727, -33.45140776 ] } },
{ "type": "Feature", "properties": { "Name": "660.64", "P.K.": null, "Al.Dist. Izq.": 65, "Al.Dist. Der.": 25, "Ruta": 8 }, "geometry": { "type": "Point", "coordinates": [ -64.81792, -33.4519 ] } },
{ "type": "Feature", "properties": { "Name": "661", "P.K.": "PK661", "Al.Dist. Izq.": 65, "Al.Dist. Der.": 25, "Ruta": 8 }, "geometry": { "type": "Point", "coordinates": [ -64.82109211, -33.45358438 ] } },
{ "type": "Feature", "properties": { "Name": "661.29", "P.K.": null, "Al.Dist. Izq.": 65, "Al.Dist. Der.": 25, "Ruta": 8 }, "geometry": { "type": "Point", "coordinates": [ -64.82354466, -33.45505827 ] } },
{ "type": "Feature", "properties": { "Name": "661.3", "P.K.": null, "Al.Dist. Izq.": 65, "Al.Dist. Der.": 25, "Ruta": 8 }, "geometry": { "type": "Point", "coordinates": [ -64.8236439, -33.45512065 ] } },
{ "type": "Feature", "properties": { "Name": "661.3", "P.K.": null, "Al.Dist. Izq.": 65, "Al.Dist. Der.": 25, "Ruta": 8 }, "geometry": { "type": "Point", "coordinates": [ -64.82361339, -33.45519394 ] } },
{ "type": "Feature", "properties": { "Name": "661.4", "P.K.": null, "Al.Dist. Izq.": 65, "Al.Dist. Der.": 25, "Ruta": 8 }, "geometry": { "type": "Point", "coordinates": [ -64.82451528, -33.4557685 ] } },
{ "type": "Feature", "properties": { "Name": "661.43", "P.K.": null, "Al.Dist. Izq.": 65, "Al.Dist. Der.": 25, "Ruta": 8 }, "geometry": { "type": "Point", "coordinates": [ -64.82492901, -33.45569577 ] } },
{ "type": "Feature", "properties": { "Name": "661.52", "P.K.": null, "Al.Dist. Izq.": 65, "Al.Dist. Der.": 25, "Ruta": 8 }, "geometry": { "type": "Point", "coordinates": [ -64.8254621, -33.45634808 ] } },
{ "type": "Feature", "properties": { "Name": "661.53", "P.K.": null, "Al.Dist. Izq.": 65, "Al.Dist. Der.": 25, "Ruta": 8 }, "geometry": { "type": "Point", "coordinates": [ -64.82564617, -33.45619983 ] } },
{ "type": "Feature", "properties": { "Name": "661.53", "P.K.": null, "Al.Dist. Izq.": 65, "Al.Dist. Der.": 25, "Ruta": 8 }, "geometry": { "type": "Point", "coordinates": [ -64.82575111, -33.4560843 ] } },
{ "type": "Feature", "properties": { "Name": "661.61", "P.K.": null, "Al.Dist. Izq.": 65, "Al.Dist. Der.": 25, "Ruta": 8 }, "geometry": { "type": "Point", "coordinates": [ -64.82619502, -33.45680795 ] } },
{ "type": "Feature", "properties": { "Name": "661.64", "P.K.": null, "Al.Dist. Izq.": 65, "Al.Dist. Der.": 25, "Ruta": 8 }, "geometry": { "type": "Point", "coordinates": [ -64.82650548, -33.45701802 ] } },
{ "type": "Feature", "properties": { "Name": "661.65", "P.K.": null, "Al.Dist. Izq.": 65, "Al.Dist. Der.": 25, "Ruta": 8 }, "geometry": { "type": "Point", "coordinates": [ -64.82680824, -33.4566513 ] } },
{ "type": "Feature", "properties": { "Name": "661.74", "P.K.": null, "Al.Dist. Izq.": 65, "Al.Dist. Der.": 25, "Ruta": 8 }, "geometry": { "type": "Point", "coordinates": [ -64.82734233, -33.45748935 ] } },
{ "type": "Feature", "properties": { "Name": "661.98", "P.K.": null, "Al.Dist. Izq.": 65, "Al.Dist. Der.": 25, "Ruta": 8 }, "geometry": { "type": "Point", "coordinates": [ -64.82945055, -33.45858388 ] } },
{ "type": "Feature", "properties": { "Name": "662", "P.K.": "PK662", "Al.Dist. Izq.": 65, "Al.Dist. Der.": 25, "Ruta": 8 }, "geometry": { "type": "Point", "coordinates": [ -64.82963763, -33.45867283 ] } },
{ "type": "Feature", "properties": { "Name": "662.07", "P.K.": null, "Al.Dist. Izq.": 65, "Al.Dist. Der.": 25, "Ruta": 8 }, "geometry": { "type": "Point", "coordinates": [ -64.83023174, -33.45909268 ] } },
{ "type": "Feature", "properties": { "Name": "662.23", "P.K.": null, "Al.Dist. Izq.": 65, "Al.Dist. Der.": 25, "Ruta": 8 }, "geometry": { "type": "Point", "coordinates": [ -64.83181257, -33.45969211 ] } },
{ "type": "Feature", "properties": { "Name": "662.58", "P.K.": null, "Al.Dist. Izq.": 65, "Al.Dist. Der.": 25, "Ruta": 8 }, "geometry": { "type": "Point", "coordinates": [ -64.83508017, -33.46144337 ] } },
{ "type": "Feature", "properties": { "Name": "662.59", "P.K.": null, "Al.Dist. Izq.": 65, "Al.Dist. Der.": 25, "Ruta": 8 }, "geometry": { "type": "Point", "coordinates": [ -64.83496651, -33.46178265 ] } },
{ "type": "Feature", "properties": { "Name": "663", "P.K.": "PK663", "Al.Dist. Izq.": 65, "Al.Dist. Der.": 25, "Ruta": 8 }, "geometry": { "type": "Point", "coordinates": [ -64.83866494, -33.46367456 ] } },
{ "type": "Feature", "properties": { "Name": "663.57", "P.K.": null, "Al.Dist. Izq.": 65, "Al.Dist. Der.": 25, "Ruta": 8 }, "geometry": { "type": "Point", "coordinates": [ -64.84355, -33.46664 ] } },
{ "type": "Feature", "properties": { "Name": "663.64", "P.K.": null, "Al.Dist. Izq.": 65, "Al.Dist. Der.": 25, "Ruta": 8 }, "geometry": { "type": "Point", "coordinates": [ -64.84426355, -33.46701446 ] } },
{ "type": "Feature", "properties": { "Name": "663.85", "P.K.": null, "Al.Dist. Izq.": 65, "Al.Dist. Der.": 25, "Ruta": 8 }, "geometry": { "type": "Point", "coordinates": [ -64.84598167, -33.46801035 ] } },
{ "type": "Feature", "properties": { "Name": "664", "P.K.": "PK664", "Al.Dist. Izq.": 65, "Al.Dist. Der.": 25, "Ruta": 8 }, "geometry": { "type": "Point", "coordinates": [ -64.84730132, -33.46879262 ] } },
{ "type": "Feature", "properties": { "Name": "664.04", "P.K.": null, "Al.Dist. Izq.": 65, "Al.Dist. Der.": 25, "Ruta": 8 }, "geometry": { "type": "Point", "coordinates": [ -64.8477174, -33.46891708 ] } },
{ "type": "Feature", "properties": { "Name": "664.24", "P.K.": null, "Al.Dist. Izq.": 65, "Al.Dist. Der.": 25, "Ruta": 8 }, "geometry": { "type": "Point", "coordinates": [ -64.84946486, -33.47006181 ] } },
{ "type": "Feature", "properties": { "Name": "664.25", "P.K.": null, "Al.Dist. Izq.": 65, "Al.Dist. Der.": 25, "Ruta": 8 }, "geometry": { "type": "Point", "coordinates": [ -64.84958321, -33.47003021 ] } },
{ "type": "Feature", "properties": { "Name": "664.26", "P.K.": null, "Al.Dist. Izq.": 65, "Al.Dist. Der.": 25, "Ruta": 8 }, "geometry": { "type": "Point", "coordinates": [ -64.84971263, -33.47001623 ] } },
{ "type": "Feature", "properties": { "Name": "664.87", "P.K.": null, "Al.Dist. Izq.": 65, "Al.Dist. Der.": 25, "Ruta": 8 }, "geometry": { "type": "Point", "coordinates": [ -64.85512767, -33.47305908 ] } },
{ "type": "Feature", "properties": { "Name": "664.92", "P.K.": null, "Al.Dist. Izq.": 65, "Al.Dist. Der.": 25, "Ruta": 8 }, "geometry": { "type": "Point", "coordinates": [ -64.8553798, -33.4736833 ] } },
{ "type": "Feature", "properties": { "Name": "665", "P.K.": "PK665", "Al.Dist. Izq.": 65, "Al.Dist. Der.": 25, "Ruta": 8 }, "geometry": { "type": "Point", "coordinates": [ -64.85624917, -33.47389165 ] } },
{ "type": "Feature", "properties": { "Name": "665.7", "P.K.": null, "Al.Dist. Izq.": 65, "Al.Dist. Der.": 25, "Ruta": 8 }, "geometry": { "type": "Point", "coordinates": [ -64.86244, -33.47749 ] } },
{ "type": "Feature", "properties": { "Name": "665.77", "P.K.": null, "Al.Dist. Izq.": 65, "Al.Dist. Der.": 25, "Ruta": 8 }, "geometry": { "type": "Point", "coordinates": [ -64.86310925, -33.47770202 ] } },
{ "type": "Feature", "properties": { "Name": "665.88", "P.K.": null, "Al.Dist. Izq.": 65, "Al.Dist. Der.": 25, "Ruta": 8 }, "geometry": { "type": "Point", "coordinates": [ -64.86397728, -33.47850602 ] } },
{ "type": "Feature", "properties": { "Name": "666.32", "P.K.": null, "Al.Dist. Izq.": 65, "Al.Dist. Der.": 25, "Ruta": 8 }, "geometry": { "type": "Point", "coordinates": [ -64.8680102, -33.4806414 ] } },
{ "type": "Feature", "properties": { "Name": "666.48", "P.K.": null, "Al.Dist. Izq.": 65, "Al.Dist. Der.": 25, "Ruta": 8 }, "geometry": { "type": "Point", "coordinates": [ -64.8694624, -33.48146776 ] } },
{ "type": "Feature", "properties": { "Name": "666.51", "P.K.": null, "Al.Dist. Izq.": 65, "Al.Dist. Der.": 25, "Ruta": 8 }, "geometry": { "type": "Point", "coordinates": [ -64.86974, -33.48164 ] } },
{ "type": "Feature", "properties": { "Name": "666.68", "P.K.": null, "Al.Dist. Izq.": 65, "Al.Dist. Der.": 25, "Ruta": 8 }, "geometry": { "type": "Point", "coordinates": [ -64.87116896, -33.48250634 ] } },
{ "type": "Feature", "properties": { "Name": "666.84", "P.K.": null, "Al.Dist. Izq.": 65, "Al.Dist. Der.": 25, "Ruta": 8 }, "geometry": { "type": "Point", "coordinates": [ -64.87261567, -33.48343613 ] } },
{ "type": "Feature", "properties": { "Name": "666.88", "P.K.": null, "Al.Dist. Izq.": 65, "Al.Dist. Der.": 25, "Ruta": 8 }, "geometry": { "type": "Point", "coordinates": [ -64.87308975, -33.48341153 ] } },
{ "type": "Feature", "properties": { "Name": "667", "P.K.": "PK667", "Al.Dist. Izq.": 65, "Al.Dist. Der.": 25, "Ruta": 8 }, "geometry": { "type": "Point", "coordinates": [ -64.87413112, -33.48401554 ] } },
{ "type": "Feature", "properties": { "Name": "667.91", "P.K.": null, "Al.Dist. Izq.": 65, "Al.Dist. Der.": 25, "Ruta": 8 }, "geometry": { "type": "Point", "coordinates": [ -64.8823759, -33.4888402 ] } },
{ "type": "Feature", "properties": { "Name": "668", "P.K.": "PK668", "Al.Dist. Izq.": 65, "Al.Dist. Der.": 25, "Ruta": 8 }, "geometry": { "type": "Point", "coordinates": [ -64.88316815, -33.48932757 ] } },
{ "type": "Feature", "properties": { "Name": "668.08", "P.K.": null, "Al.Dist. Izq.": 65, "Al.Dist. Der.": 25, "Ruta": 8 }, "geometry": { "type": "Point", "coordinates": [ -64.88399997, -33.48970897 ] } },
{ "type": "Feature", "properties": { "Name": "668.26", "P.K.": null, "Al.Dist. Izq.": 65, "Al.Dist. Der.": 25, "Ruta": 8 }, "geometry": { "type": "Point", "coordinates": [ -64.88557812, -33.49071781 ] } },
{ "type": "Feature", "properties": { "Name": "669", "P.K.": "PK669", "Al.Dist. Izq.": 65, "Al.Dist. Der.": 25, "Ruta": 8 }, "geometry": { "type": "Point", "coordinates": [ -64.89252638, -33.49449221 ] } },
{ "type": "Feature", "properties": { "Name": "669.18", "P.K.": null, "Al.Dist. Izq.": 65, "Al.Dist. Der.": 25, "Ruta": 8 }, "geometry": { "type": "Point", "coordinates": [ -64.89414208, -33.49536037 ] } },
{ "type": "Feature", "properties": { "Name": "670", "P.K.": "PK670", "Al.Dist. Izq.": 65, "Al.Dist. Der.": 25, "Ruta": 8 }, "geometry": { "type": "Point", "coordinates": [ -64.90146987, -33.49975664 ] } },
{ "type": "Feature", "properties": { "Name": "670.39", "P.K.": null, "Al.Dist. Izq.": 65, "Al.Dist. Der.": 25, "Ruta": 8 }, "geometry": { "type": "Point", "coordinates": [ -64.90489405, -33.50184594 ] } },
{ "type": "Feature", "properties": { "Name": "670.49", "P.K.": null, "Al.Dist. Izq.": 65, "Al.Dist. Der.": 25, "Ruta": 8 }, "geometry": { "type": "Point", "coordinates": [ -64.90582848, -33.50222272 ] } },
{ "type": "Feature", "properties": { "Name": "670.53", "P.K.": null, "Al.Dist. Izq.": 65, "Al.Dist. Der.": 25, "Ruta": 8 }, "geometry": { "type": "Point", "coordinates": [ -64.9062432, -33.50231115 ] } },
{ "type": "Feature", "properties": { "Name": "670.98", "P.K.": null, "Al.Dist. Izq.": 65, "Al.Dist. Der.": 25, "Ruta": 8 }, "geometry": { "type": "Point", "coordinates": [ -64.90994968, -33.50518792 ] } },
{ "type": "Feature", "properties": { "Name": "671", "P.K.": "PK671", "Al.Dist. Izq.": 65, "Al.Dist. Der.": 25, "Ruta": 8 }, "geometry": { "type": "Point", "coordinates": [ -64.91035737, -33.50473139 ] } },
{ "type": "Feature", "properties": { "Name": "671.12", "P.K.": null, "Al.Dist. Izq.": 65, "Al.Dist. Der.": 25, "Ruta": 8 }, "geometry": { "type": "Point", "coordinates": [ -64.91139, -33.50542 ] } },
{ "type": "Feature", "properties": { "Name": "671.16", "P.K.": null, "Al.Dist. Izq.": 65, "Al.Dist. Der.": 25, "Ruta": 8 }, "geometry": { "type": "Point", "coordinates": [ -64.91180724, -33.50562788 ] } },
{ "type": "Feature", "properties": { "Name": "671.33", "P.K.": null, "Al.Dist. Izq.": 65, "Al.Dist. Der.": 25, "Ruta": 8 }, "geometry": { "type": "Point", "coordinates": [ -64.91328299, -33.50648789 ] } },
{ "type": "Feature", "properties": { "Name": "671.54", "P.K.": null, "Al.Dist. Izq.": 65, "Al.Dist. Der.": 25, "Ruta": 8 }, "geometry": { "type": "Point", "coordinates": [ -64.91501033, -33.50752701 ] } },
{ "type": "Feature", "properties": { "Name": "671.99", "P.K.": null, "Al.Dist. Izq.": 65, "Al.Dist. Der.": 25, "Ruta": 8 }, "geometry": { "type": "Point", "coordinates": [ -64.91914999, -33.50970251 ] } },
{ "type": "Feature", "properties": { "Name": "672", "P.K.": "PK672", "Al.Dist. Izq.": 65, "Al.Dist. Der.": 25, "Ruta": 8 }, "geometry": { "type": "Point", "coordinates": [ -64.91911881, -33.50986464 ] } },
{ "type": "Feature", "properties": { "Name": "672.15", "P.K.": null, "Al.Dist. Izq.": 65, "Al.Dist. Der.": 25, "Ruta": 8 }, "geometry": { "type": "Point", "coordinates": [ -64.92052428, -33.5107838 ] } },
{ "type": "Feature", "properties": { "Name": "672.26", "P.K.": null, "Al.Dist. Izq.": 65, "Al.Dist. Der.": 25, "Ruta": 8 }, "geometry": { "type": "Point", "coordinates": [ -64.92155073, -33.51119026 ] } },
{ "type": "Feature", "properties": { "Name": "672.32", "P.K.": null, "Al.Dist. Izq.": 65, "Al.Dist. Der.": 25, "Ruta": 8 }, "geometry": { "type": "Point", "coordinates": [ -64.92221, -33.51158 ] } },
{ "type": "Feature", "properties": { "Name": "672.37", "P.K.": null, "Al.Dist. Izq.": 65, "Al.Dist. Der.": 25, "Ruta": 8 }, "geometry": { "type": "Point", "coordinates": [ -64.92260106, -33.5118118 ] } },
{ "type": "Feature", "properties": { "Name": "672.41", "P.K.": null, "Al.Dist. Izq.": 65, "Al.Dist. Der.": 25, "Ruta": 8 }, "geometry": { "type": "Point", "coordinates": [ -64.923, -33.51202 ] } },
{ "type": "Feature", "properties": { "Name": "672.5", "P.K.": null, "Al.Dist. Izq.": 65, "Al.Dist. Der.": 25, "Ruta": 8 }, "geometry": { "type": "Point", "coordinates": [ -64.92372952, -33.51254996 ] } },
{ "type": "Feature", "properties": { "Name": "672.65", "P.K.": null, "Al.Dist. Izq.": 65, "Al.Dist. Der.": 25, "Ruta": 8 }, "geometry": { "type": "Point", "coordinates": [ -64.9251397, -33.51330165 ] } },
{ "type": "Feature", "properties": { "Name": "672.72", "P.K.": null, "Al.Dist. Izq.": 65, "Al.Dist. Der.": 25, "Ruta": 8 }, "geometry": { "type": "Point", "coordinates": [ -64.92602583, -33.51361473 ] } },
{ "type": "Feature", "properties": { "Name": "672.96", "P.K.": null, "Al.Dist. Izq.": 65, "Al.Dist. Der.": 25, "Ruta": 8 }, "geometry": { "type": "Point", "coordinates": [ -64.92802642, -33.51507474 ] } },
{ "type": "Feature", "properties": { "Name": "673", "P.K.": "PK673", "Al.Dist. Izq.": 65, "Al.Dist. Der.": 25, "Ruta": 8 }, "geometry": { "type": "Point", "coordinates": [ -64.92853671, -33.51511751 ] } },
{ "type": "Feature", "properties": { "Name": "673.08", "P.K.": null, "Al.Dist. Izq.": 65, "Al.Dist. Der.": 25, "Ruta": 8 }, "geometry": { "type": "Point", "coordinates": [ -64.92933, -33.51562 ] } },
{ "type": "Feature", "properties": { "Name": "673.31", "P.K.": null, "Al.Dist. Izq.": 65, "Al.Dist. Der.": 25, "Ruta": 8 }, "geometry": { "type": "Point", "coordinates": [ -64.93167523, -33.51680811 ] } },
{ "type": "Feature", "properties": { "Name": "674", "P.K.": "PK674", "Al.Dist. Izq.": 65, "Al.Dist. Der.": 25, "Ruta": 8 }, "geometry": { "type": "Point", "coordinates": [ -64.93848369, -33.52081729 ] } },
{ "type": "Feature", "properties": { "Name": "674.16", "P.K.": null, "Al.Dist. Izq.": 65, "Al.Dist. Der.": 25, "Ruta": 8 }, "geometry": { "type": "Point", "coordinates": [ -64.93977, -33.52157 ] } },
{ "type": "Feature", "properties": { "Name": "674.32", "P.K.": null, "Al.Dist. Izq.": 65, "Al.Dist. Der.": 25, "Ruta": 8 }, "geometry": { "type": "Point", "coordinates": [ -64.94100932, -33.52239597 ] } },
{ "type": "Feature", "properties": { "Name": "674.6", "P.K.": null, "Al.Dist. Izq.": 65, "Al.Dist. Der.": 25, "Ruta": 8 }, "geometry": { "type": "Point", "coordinates": [ -64.94338676, -33.52350869 ] } },
{ "type": "Feature", "properties": { "Name": "674.79", "P.K.": null, "Al.Dist. Izq.": 65, "Al.Dist. Der.": 25, "Ruta": 8 }, "geometry": { "type": "Point", "coordinates": [ -64.94498041, -33.52447469 ] } },
{ "type": "Feature", "properties": { "Name": "674.93", "P.K.": null, "Al.Dist. Izq.": 65, "Al.Dist. Der.": 25, "Ruta": 8 }, "geometry": { "type": "Point", "coordinates": [ -64.94620945, -33.52509487 ] } },
{ "type": "Feature", "properties": { "Name": "675", "P.K.": "PK675", "Al.Dist. Izq.": 65, "Al.Dist. Der.": 25, "Ruta": 8 }, "geometry": { "type": "Point", "coordinates": [ -64.94663928, -33.52554515 ] } },
{ "type": "Feature", "properties": { "Name": "675.05", "P.K.": null, "Al.Dist. Izq.": 65, "Al.Dist. Der.": 25, "Ruta": 8 }, "geometry": { "type": "Point", "coordinates": [ -64.94695846, -33.52596104 ] } },
{ "type": "Feature", "properties": { "Name": "675.12", "P.K.": null, "Al.Dist. Izq.": 65, "Al.Dist. Der.": 25, "Ruta": 8 }, "geometry": { "type": "Point", "coordinates": [ -64.94743614, -33.52623075 ] } },
{ "type": "Feature", "properties": { "Name": "675.37", "P.K.": null, "Al.Dist. Izq.": 65, "Al.Dist. Der.": 25, "Ruta": 8 }, "geometry": { "type": "Point", "coordinates": [ -64.94932757, -33.52761603 ] } },
{ "type": "Feature", "properties": { "Name": "675.48", "P.K.": null, "Al.Dist. Izq.": 65, "Al.Dist. Der.": 25, "Ruta": 8 }, "geometry": { "type": "Point", "coordinates": [ -64.95009, -33.52823 ] } },
{ "type": "Feature", "properties": { "Name": "675.5", "P.K.": null, "Al.Dist. Izq.": 65, "Al.Dist. Der.": 25, "Ruta": 8 }, "geometry": { "type": "Point", "coordinates": [ -64.95032631, -33.52832808 ] } },
{ "type": "Feature", "properties": { "Name": "675.54", "P.K.": null, "Al.Dist. Izq.": 65, "Al.Dist. Der.": 25, "Ruta": 8 }, "geometry": { "type": "Point", "coordinates": [ -64.95058212, -33.52866934 ] } },
{ "type": "Feature", "properties": { "Name": "675.77", "P.K.": null, "Al.Dist. Izq.": 65, "Al.Dist. Der.": 25, "Ruta": 8 }, "geometry": { "type": "Point", "coordinates": [ -64.95226107, -33.52982273 ] } },
{ "type": "Feature", "properties": { "Name": "676", "P.K.": "PK676", "Al.Dist. Izq.": 65, "Al.Dist. Der.": 25, "Ruta": 8 }, "geometry": { "type": "Point", "coordinates": [ -64.95406497, -33.53103043 ] } },
{ "type": "Feature", "properties": { "Name": "676.09", "P.K.": null, "Al.Dist. Izq.": 65, "Al.Dist. Der.": 25, "Ruta": 8 }, "geometry": { "type": "Point", "coordinates": [ -64.95489292, -33.53141702 ] } },
{ "type": "Feature", "properties": { "Name": "676.2", "P.K.": null, "Al.Dist. Izq.": 65, "Al.Dist. Der.": 25, "Ruta": 8 }, "geometry": { "type": "Point", "coordinates": [ -64.95592274, -33.53203237 ] } },
{ "type": "Feature", "properties": { "Name": "676.32", "P.K.": null, "Al.Dist. Izq.": 65, "Al.Dist. Der.": 25, "Ruta": 8 }, "geometry": { "type": "Point", "coordinates": [ -64.95704927, -33.53234762 ] } },
{ "type": "Feature", "properties": { "Name": "676.5", "P.K.": null, "Al.Dist. Izq.": 65, "Al.Dist. Der.": 25, "Ruta": 8 }, "geometry": { "type": "Point", "coordinates": [ -64.95870095, -33.5332207 ] } },
{ "type": "Feature", "properties": { "Name": "676.6", "P.K.": null, "Al.Dist. Izq.": 65, "Al.Dist. Der.": 25, "Ruta": 8 }, "geometry": { "type": "Point", "coordinates": [ -64.95985117, -33.53362594 ] } },
{ "type": "Feature", "properties": { "Name": "676.94", "P.K.": null, "Al.Dist. Izq.": 65, "Al.Dist. Der.": 25, "Ruta": 8 }, "geometry": { "type": "Point", "coordinates": [ -64.96286396, -33.53545927 ] } },
{ "type": "Feature", "properties": { "Name": "677", "P.K.": "PK677", "Al.Dist. Izq.": 65, "Al.Dist. Der.": 25, "Ruta": 8 }, "geometry": { "type": "Point", "coordinates": [ -64.96336453, -33.53568256 ] } },
{ "type": "Feature", "properties": { "Name": "677.1", "P.K.": null, "Al.Dist. Izq.": 65, "Al.Dist. Der.": 25, "Ruta": 8 }, "geometry": { "type": "Point", "coordinates": [ -64.96425, -33.53627 ] } },
{ "type": "Feature", "properties": { "Name": "677.45", "P.K.": null, "Al.Dist. Izq.": 65, "Al.Dist. Der.": 25, "Ruta": 8 }, "geometry": { "type": "Point", "coordinates": [ -64.96744, -33.5381 ] } },
{ "type": "Feature", "properties": { "Name": "677.57", "P.K.": null, "Al.Dist. Izq.": 65, "Al.Dist. Der.": 25, "Ruta": 8 }, "geometry": { "type": "Point", "coordinates": [ -64.96861696, -33.53863563 ] } },
{ "type": "Feature", "properties": { "Name": "677.98", "P.K.": null, "Al.Dist. Izq.": 65, "Al.Dist. Der.": 25, "Ruta": 8 }, "geometry": { "type": "Point", "coordinates": [ -64.97235, -33.54088 ] } },
{ "type": "Feature", "properties": { "Name": "678", "P.K.": "PK678", "Al.Dist. Izq.": 65, "Al.Dist. Der.": 25, "Ruta": 8 }, "geometry": { "type": "Point", "coordinates": [ -64.97250985, -33.54103949 ] } },
{ "type": "Feature", "properties": { "Name": "678.07", "P.K.": null, "Al.Dist. Izq.": 65, "Al.Dist. Der.": 25, "Ruta": 8 }, "geometry": { "type": "Point", "coordinates": [ -64.97317638, -33.5413589 ] } },
{ "type": "Feature", "properties": { "Name": "678.16", "P.K.": null, "Al.Dist. Izq.": 65, "Al.Dist. Der.": 25, "Ruta": 8 }, "geometry": { "type": "Point", "coordinates": [ -64.9740186, -33.54170849 ] } },
{ "type": "Feature", "properties": { "Name": "679", "P.K.": "PK679", "Al.Dist. Izq.": 65, "Al.Dist. Der.": 25, "Ruta": 8 }, "geometry": { "type": "Point", "coordinates": [ -64.9812505, -33.54587159 ] } },
{ "type": "Feature", "properties": { "Name": "679.21", "P.K.": null, "Al.Dist. Izq.": 65, "Al.Dist. Der.": 25, "Ruta": 8 }, "geometry": { "type": "Point", "coordinates": [ -64.98305428, -33.54694123 ] } },
{ "type": "Feature", "properties": { "Name": "679.41", "P.K.": null, "Al.Dist. Izq.": 65, "Al.Dist. Der.": 25, "Ruta": 8 }, "geometry": { "type": "Point", "coordinates": [ -64.98461634, -33.54804249 ] } },
{ "type": "Feature", "properties": { "Name": "679.62", "P.K.": null, "Al.Dist. Izq.": 65, "Al.Dist. Der.": 25, "Ruta": 8 }, "geometry": { "type": "Point", "coordinates": [ -64.9864, -33.54889 ] } },
{ "type": "Feature", "properties": { "Name": "679.78", "P.K.": null, "Al.Dist. Izq.": 65, "Al.Dist. Der.": 25, "Ruta": 8 }, "geometry": { "type": "Point", "coordinates": [ -64.98773, -33.54963 ] } },
{ "type": "Feature", "properties": { "Name": "680", "P.K.": "PK680", "Al.Dist. Izq.": 65, "Al.Dist. Der.": 25, "Ruta": 8 }, "geometry": { "type": "Point", "coordinates": [ -64.98957206, -33.55071907 ] } },
{ "type": "Feature", "properties": { "Name": "680.25", "P.K.": null, "Al.Dist. Izq.": 65, "Al.Dist. Der.": 25, "Ruta": 8 }, "geometry": { "type": "Point", "coordinates": [ -64.99209099, -33.55194068 ] } },
{ "type": "Feature", "properties": { "Name": "680.45", "P.K.": null, "Al.Dist. Izq.": 65, "Al.Dist. Der.": 25, "Ruta": 8 }, "geometry": { "type": "Point", "coordinates": [ -64.99384482, -33.5531293 ] } },
{ "type": "Feature", "properties": { "Name": "680.57", "P.K.": null, "Al.Dist. Izq.": 65, "Al.Dist. Der.": 25, "Ruta": 8 }, "geometry": { "type": "Point", "coordinates": [ -64.99497905, -33.55366214 ] } },
{ "type": "Feature", "properties": { "Name": "680.77", "P.K.": null, "Al.Dist. Izq.": 65, "Al.Dist. Der.": 25, "Ruta": 8 }, "geometry": { "type": "Point", "coordinates": [ -64.9967986, -33.55500049 ] } },
{ "type": "Feature", "properties": { "Name": "680.84", "P.K.": null, "Al.Dist. Izq.": 65, "Al.Dist. Der.": 25, "Ruta": 8 }, "geometry": { "type": "Point", "coordinates": [ -64.9974, -33.55533 ] } },
{ "type": "Feature", "properties": { "Name": "680.98", "P.K.": null, "Al.Dist. Izq.": 65, "Al.Dist. Der.": 25, "Ruta": 8 }, "geometry": { "type": "Point", "coordinates": [ -64.99871638, -33.5562416 ] } },
{ "type": "Feature", "properties": { "Name": "680.99", "P.K.": null, "Al.Dist. Izq.": 65, "Al.Dist. Der.": 25, "Ruta": 8 }, "geometry": { "type": "Point", "coordinates": [ -64.99881998, -33.556167 ] } },
{ "type": "Feature", "properties": { "Name": "681", "P.K.": "PK681", "Al.Dist. Izq.": 65, "Al.Dist. Der.": 25, "Ruta": 8 }, "geometry": { "type": "Point", "coordinates": [ -64.99890648, -33.55623769 ] } },
{ "type": "Feature", "properties": { "Name": "681.04", "P.K.": null, "Al.Dist. Izq.": 65, "Al.Dist. Der.": 25, "Ruta": 8 }, "geometry": { "type": "Point", "coordinates": [ -64.99926187, -33.55651178 ] } },
{ "type": "Feature", "properties": { "Name": "681.06", "P.K.": null, "Al.Dist. Izq.": 65, "Al.Dist. Der.": 25, "Ruta": 8 }, "geometry": { "type": "Point", "coordinates": [ -64.99935776, -33.55662605 ] } },
{ "type": "Feature", "properties": { "Name": "681.07", "P.K.": null, "Al.Dist. Izq.": 65, "Al.Dist. Der.": 25, "Ruta": 8 }, "geometry": { "type": "Point", "coordinates": [ -64.99950662, -33.55655844 ] } },
{ "type": "Feature", "properties": { "Name": "681.07", "P.K.": null, "Al.Dist. Izq.": 65, "Al.Dist. Der.": 25, "Ruta": 8 }, "geometry": { "type": "Point", "coordinates": [ -64.99950662, -33.55655844 ] } },
{ "type": "Feature", "properties": { "Name": "681.18", "P.K.": null, "Al.Dist. Izq.": 65, "Al.Dist. Der.": 25, "Ruta": 8 }, "geometry": { "type": "Point", "coordinates": [ -65.0004112, -33.5570566 ] } },
{ "type": "Feature", "properties": { "Name": "681.31", "P.K.": null, "Al.Dist. Izq.": 65, "Al.Dist. Der.": 25, "Ruta": 8 }, "geometry": { "type": "Point", "coordinates": [ -65.0014, -33.5578 ] } },
{ "type": "Feature", "properties": { "Name": "681.44", "P.K.": null, "Al.Dist. Izq.": 65, "Al.Dist. Der.": 25, "Ruta": 8 }, "geometry": { "type": "Point", "coordinates": [ -65.00245303, -33.55838541 ] } },
{ "type": "Feature", "properties": { "Name": "681.48", "P.K.": null, "Al.Dist. Izq.": 65, "Al.Dist. Der.": 25, "Ruta": 8 }, "geometry": { "type": "Point", "coordinates": [ -65.00272561, -33.55876929 ] } },
{ "type": "Feature", "properties": { "Name": "681.56", "P.K.": null, "Al.Dist. Izq.": 65, "Al.Dist. Der.": 25, "Ruta": 8 }, "geometry": { "type": "Point", "coordinates": [ -65.00365935, -33.55886987 ] } },
{ "type": "Feature", "properties": { "Name": "681.67", "P.K.": null, "Al.Dist. Izq.": 65, "Al.Dist. Der.": 25, "Ruta": 8 }, "geometry": { "type": "Point", "coordinates": [ -65.00448413, -33.55942474 ] } },
{ "type": "Feature", "properties": { "Name": "681.77", "P.K.": null, "Al.Dist. Izq.": 65, "Al.Dist. Der.": 25, "Ruta": 8 }, "geometry": { "type": "Point", "coordinates": [ -65.00521537, -33.5599919 ] } },
{ "type": "Feature", "properties": { "Name": "681.78", "P.K.": null, "Al.Dist. Izq.": 65, "Al.Dist. Der.": 25, "Ruta": 8 }, "geometry": { "type": "Point", "coordinates": [ -65.00543229, -33.5599296 ] } },
{ "type": "Feature", "properties": { "Name": "681.84", "P.K.": null, "Al.Dist. Izq.": 65, "Al.Dist. Der.": 25, "Ruta": 8 }, "geometry": { "type": "Point", "coordinates": [ -65.00591, -33.56029 ] } },
{ "type": "Feature", "properties": { "Name": "681.85", "P.K.": null, "Al.Dist. Izq.": 65, "Al.Dist. Der.": 25, "Ruta": 8 }, "geometry": { "type": "Point", "coordinates": [ -65.00593219, -33.56035651 ] } },
{ "type": "Feature", "properties": { "Name": "682", "P.K.": "PK682", "Al.Dist. Izq.": 65, "Al.Dist. Der.": 25, "Ruta": 8 }, "geometry": { "type": "Point", "coordinates": [ -65.00727195, -33.56101865 ] } },
{ "type": "Feature", "properties": { "Name": "682.03", "P.K.": null, "Al.Dist. Izq.": 65, "Al.Dist. Der.": 25, "Ruta": 8 }, "geometry": { "type": "Point", "coordinates": [ -65.00761917, -33.56109689 ] } },
{ "type": "Feature", "properties": { "Name": "682.3", "P.K.": null, "Al.Dist. Izq.": 65, "Al.Dist. Der.": 25, "Ruta": 8 }, "geometry": { "type": "Point", "coordinates": [ -65.01016907, -33.56248569 ] } },
{ "type": "Feature", "properties": { "Name": "682.46", "P.K.": null, "Al.Dist. Izq.": 65, "Al.Dist. Der.": 25, "Ruta": 8 }, "geometry": { "type": "Point", "coordinates": [ -65.01159232, -33.56322297 ] } },
{ "type": "Feature", "properties": { "Name": "682.77", "P.K.": null, "Al.Dist. Izq.": 65, "Al.Dist. Der.": 25, "Ruta": 8 }, "geometry": { "type": "Point", "coordinates": [ -65.01452804, -33.56478244 ] } },
{ "type": "Feature", "properties": { "Name": "682.98", "P.K.": null, "Al.Dist. Izq.": 65, "Al.Dist. Der.": 25, "Ruta": 8 }, "geometry": { "type": "Point", "coordinates": [ -65.01646623, -33.56590998 ] } },
{ "type": "Feature", "properties": { "Name": "683", "P.K.": "PK683", "Al.Dist. Izq.": 65, "Al.Dist. Der.": 25, "Ruta": 8 }, "geometry": { "type": "Point", "coordinates": [ -65.01662616, -33.56599044 ] } },
{ "type": "Feature", "properties": { "Name": "683.01", "P.K.": null, "Al.Dist. Izq.": 65, "Al.Dist. Der.": 25, "Ruta": 8 }, "geometry": { "type": "Point", "coordinates": [ -65.01670004, -33.56596552 ] } },
{ "type": "Feature", "properties": { "Name": "683.63", "P.K.": null, "Al.Dist. Izq.": 65, "Al.Dist. Der.": 25, "Ruta": 8 }, "geometry": { "type": "Point", "coordinates": [ -65.02132606, -33.56896455 ] } },
{ "type": "Feature", "properties": { "Name": "683.64", "P.K.": null, "Al.Dist. Izq.": 65, "Al.Dist. Der.": 25, "Ruta": 8 }, "geometry": { "type": "Point", "coordinates": [ -65.02142292, -33.5690187 ] } },
{ "type": "Feature", "properties": { "Name": "683.69", "P.K.": null, "Al.Dist. Izq.": 65, "Al.Dist. Der.": 25, "Ruta": 8 }, "geometry": { "type": "Point", "coordinates": [ -65.02182864, -33.56937576 ] } },
{ "type": "Feature", "properties": { "Name": "683.77", "P.K.": null, "Al.Dist. Izq.": 65, "Al.Dist. Der.": 25, "Ruta": 8 }, "geometry": { "type": "Point", "coordinates": [ -65.02243381, -33.56971937 ] } },
{ "type": "Feature", "properties": { "Name": "683.83", "P.K.": null, "Al.Dist. Izq.": 65, "Al.Dist. Der.": 25, "Ruta": 8 }, "geometry": { "type": "Point", "coordinates": [ -65.0229317, -33.56992665 ] } },
{ "type": "Feature", "properties": { "Name": "684", "P.K.": "PK684", "Al.Dist. Izq.": 65, "Al.Dist. Der.": 25, "Ruta": 8 }, "geometry": { "type": "Point", "coordinates": [ -65.02412964, -33.570815 ] } },
{ "type": "Feature", "properties": { "Name": "684.15", "P.K.": null, "Al.Dist. Izq.": 55, "Al.Dist. Der.": 35, "Ruta": 8 }, "geometry": { "type": "Point", "coordinates": [ -65.02553076, -33.57155675 ] } },
{ "type": "Feature", "properties": { "Name": "684.18", "P.K.": null, "Al.Dist. Izq.": 55, "Al.Dist. Der.": 35, "Ruta": 8 }, "geometry": { "type": "Point", "coordinates": [ -65.02585396, -33.57176005 ] } },
{ "type": "Feature", "properties": { "Name": "684.26", "P.K.": null, "Al.Dist. Izq.": 55, "Al.Dist. Der.": 35, "Ruta": 8 }, "geometry": { "type": "Point", "coordinates": [ -65.02656374, -33.5722369 ] } },
{ "type": "Feature", "properties": { "Name": "684.83", "P.K.": null, "Al.Dist. Izq.": 55, "Al.Dist. Der.": 35, "Ruta": 8 }, "geometry": { "type": "Point", "coordinates": [ -65.03184866, -33.57508949 ] } },
{ "type": "Feature", "properties": { "Name": "684.98", "P.K.": null, "Al.Dist. Izq.": 55, "Al.Dist. Der.": 35, "Ruta": 8 }, "geometry": { "type": "Point", "coordinates": [ -65.03319383, -33.57583148 ] } },
{ "type": "Feature", "properties": { "Name": "685", "P.K.": "PK685", "Al.Dist. Izq.": 55, "Al.Dist. Der.": 35, "Ruta": 8 }, "geometry": { "type": "Point", "coordinates": [ -65.03338493, -33.57596751 ] } },
{ "type": "Feature", "properties": { "Name": "685.04", "P.K.": null, "Al.Dist. Izq.": 55, "Al.Dist. Der.": 35, "Ruta": 8 }, "geometry": { "type": "Point", "coordinates": [ -65.03372, -33.5762 ] } },
{ "type": "Feature", "properties": { "Name": "685.05", "P.K.": null, "Al.Dist. Izq.": 55, "Al.Dist. Der.": 35, "Ruta": 8 }, "geometry": { "type": "Point", "coordinates": [ -65.03381342, -33.57615886 ] } },
{ "type": "Feature", "properties": { "Name": "685.12", "P.K.": null, "Al.Dist. Izq.": 55, "Al.Dist. Der.": 35, "Ruta": 8 }, "geometry": { "type": "Point", "coordinates": [ -65.03444307, -33.57670021 ] } },
{ "type": "Feature", "properties": { "Name": "685.19", "P.K.": null, "Al.Dist. Izq.": 55, "Al.Dist. Der.": 35, "Ruta": 8 }, "geometry": { "type": "Point", "coordinates": [ -65.03515787, -33.57707955 ] } },
{ "type": "Feature", "properties": { "Name": "685.3", "P.K.": null, "Al.Dist. Izq.": 55, "Al.Dist. Der.": 35, "Ruta": 8 }, "geometry": { "type": "Point", "coordinates": [ -65.03634332, -33.57765581 ] } },
{ "type": "Feature", "properties": { "Name": "685.61", "P.K.": null, "Al.Dist. Izq.": 55, "Al.Dist. Der.": 35, "Ruta": 8 }, "geometry": { "type": "Point", "coordinates": [ -65.03938001, -33.57929323 ] } },
{ "type": "Feature", "properties": { "Name": "685.62", "P.K.": null, "Al.Dist. Izq.": 55, "Al.Dist. Der.": 35, "Ruta": 8 }, "geometry": { "type": "Point", "coordinates": [ -65.03935084, -33.57960579 ] } },
{ "type": "Feature", "properties": { "Name": "685.72", "P.K.": null, "Al.Dist. Izq.": 55, "Al.Dist. Der.": 35, "Ruta": 8 }, "geometry": { "type": "Point", "coordinates": [ -65.04037041, -33.58005914 ] } },
{ "type": "Feature", "properties": { "Name": "685.74", "P.K.": null, "Al.Dist. Izq.": 55, "Al.Dist. Der.": 35, "Ruta": 8 }, "geometry": { "type": "Point", "coordinates": [ -65.0405388, -33.58015329 ] } },
{ "type": "Feature", "properties": { "Name": "685.8", "P.K.": null, "Al.Dist. Izq.": 55, "Al.Dist. Der.": 35, "Ruta": 8 }, "geometry": { "type": "Point", "coordinates": [ -65.04112, -33.58053 ] } },
{ "type": "Feature", "properties": { "Name": "686", "P.K.": "PK686", "Al.Dist. Izq.": 55, "Al.Dist. Der.": 35, "Ruta": 8 }, "geometry": { "type": "Point", "coordinates": [ -65.04300736, -33.58180293 ] } },
{ "type": "Feature", "properties": { "Name": "686.2", "P.K.": null, "Al.Dist. Izq.": 55, "Al.Dist. Der.": 35, "Ruta": 8 }, "geometry": { "type": "Point", "coordinates": [ -65.04460997, -33.5826514 ] } },
{ "type": "Feature", "properties": { "Name": "686.39", "P.K.": null, "Al.Dist. Izq.": 55, "Al.Dist. Der.": 35, "Ruta": 8 }, "geometry": { "type": "Point", "coordinates": [ -65.04598696, -33.58358524 ] } },
{ "type": "Feature", "properties": { "Name": "686.52", "P.K.": null, "Al.Dist. Izq.": 55, "Al.Dist. Der.": 35, "Ruta": 8 }, "geometry": { "type": "Point", "coordinates": [ -65.04732203, -33.5836925 ] } },
{ "type": "Feature", "properties": { "Name": "686.7", "P.K.": null, "Al.Dist. Izq.": 55, "Al.Dist. Der.": 35, "Ruta": 8 }, "geometry": { "type": "Point", "coordinates": [ -65.0485203, -33.58482901 ] } },
{ "type": "Feature", "properties": { "Name": "687", "P.K.": "PK687", "Al.Dist. Izq.": 55, "Al.Dist. Der.": 35, "Ruta": 8 }, "geometry": { "type": "Point", "coordinates": [ -65.05103722, -33.58595796 ] } },
{ "type": "Feature", "properties": { "Name": "687.38", "P.K.": null, "Al.Dist. Izq.": 55, "Al.Dist. Der.": 35, "Ruta": 8 }, "geometry": { "type": "Point", "coordinates": [ -65.05502518, -33.58690971 ] } },
{ "type": "Feature", "properties": { "Name": "687.44", "P.K.": null, "Al.Dist. Izq.": 55, "Al.Dist. Der.": 35, "Ruta": 8 }, "geometry": { "type": "Point", "coordinates": [ -65.0556808, -33.58710869 ] } },
{ "type": "Feature", "properties": { "Name": "687.54", "P.K.": null, "Al.Dist. Izq.": 55, "Al.Dist. Der.": 35, "Ruta": 8 }, "geometry": { "type": "Point", "coordinates": [ -65.05676, -33.5872 ] } },
{ "type": "Feature", "properties": { "Name": "688", "P.K.": "PK688", "Al.Dist. Izq.": 55, "Al.Dist. Der.": 35, "Ruta": 8 }, "geometry": { "type": "Point", "coordinates": [ -65.06162256, -33.58806221 ] } },
{ "type": "Feature", "properties": { "Name": "688.59", "P.K.": null, "Al.Dist. Izq.": null, "Al.Dist. Der.": null, "Ruta": 8 }, "geometry": { "type": "Point", "coordinates": [ -65.06783, -33.58901 ] } },
{ "type": "Feature", "properties": { "Name": "688.91", "P.K.": null, "Al.Dist. Izq.": null, "Al.Dist. Der.": null, "Ruta": 8 }, "geometry": { "type": "Point", "coordinates": [ -65.0711957, -33.58979942 ] } },
{ "type": "Feature", "properties": { "Name": "689", "P.K.": "PK689", "Al.Dist. Izq.": null, "Al.Dist. Der.": null, "Ruta": 8 }, "geometry": { "type": "Point", "coordinates": [ -65.07220186, -33.58963436 ] } },
{ "type": "Feature", "properties": { "Name": "689.53", "P.K.": null, "Al.Dist. Izq.": null, "Al.Dist. Der.": null, "Ruta": 8 }, "geometry": { "type": "Point", "coordinates": [ -65.07755891, -33.59046218 ] } },
{ "type": "Feature", "properties": { "Name": "689.76", "P.K.": null, "Al.Dist. Izq.": null, "Al.Dist. Der.": null, "Ruta": 8 }, "geometry": { "type": "Point", "coordinates": [ -65.07989, -33.59096 ] } },
{ "type": "Feature", "properties": { "Name": "690", "P.K.": "PK690", "Al.Dist. Izq.": null, "Al.Dist. Der.": null, "Ruta": 8 }, "geometry": { "type": "Point", "coordinates": [ -65.08231681, -33.59141595 ] } },
{ "type": "Feature", "properties": { "Name": "690.09", "P.K.": null, "Al.Dist. Izq.": null, "Al.Dist. Der.": null, "Ruta": 8 }, "geometry": { "type": "Point", "coordinates": [ -65.08338198, -33.59174383 ] } },
{ "type": "Feature", "properties": { "Name": "690.93", "P.K.": null, "Al.Dist. Izq.": null, "Al.Dist. Der.": null, "Ruta": 8 }, "geometry": { "type": "Point", "coordinates": [ -65.09291288, -33.59277439 ] } },
{ "type": "Feature", "properties": { "Name": "691", "P.K.": "PK691", "Al.Dist. Izq.": null, "Al.Dist. Der.": null, "Ruta": 8 }, "geometry": { "type": "Point", "coordinates": [ -65.09375207, -33.59310617 ] } },
{ "type": "Feature", "properties": { "Name": "691.33", "P.K.": null, "Al.Dist. Izq.": null, "Al.Dist. Der.": null, "Ruta": 8 }, "geometry": { "type": "Point", "coordinates": [ -65.09724431, -33.59386526 ] } },
{ "type": "Feature", "properties": { "Name": "691.4", "P.K.": null, "Al.Dist. Izq.": null, "Al.Dist. Der.": null, "Ruta": 8 }, "geometry": { "type": "Point", "coordinates": [ -65.09800738, -33.59384988 ] } },
{ "type": "Feature", "properties": { "Name": "691.71", "P.K.": null, "Al.Dist. Izq.": null, "Al.Dist. Der.": null, "Ruta": 8 }, "geometry": { "type": "Point", "coordinates": [ -65.10119755, -33.59443777 ] } },
{ "type": "Feature", "properties": { "Name": "691.78", "P.K.": null, "Al.Dist. Izq.": null, "Al.Dist. Der.": null, "Ruta": 8 }, "geometry": { "type": "Point", "coordinates": [ -65.102, -33.59452 ] } },
{ "type": "Feature", "properties": { "Name": "692", "P.K.": "PK692", "Al.Dist. Izq.": null, "Al.Dist. Der.": null, "Ruta": 8 }, "geometry": { "type": "Point", "coordinates": [ -65.1043354, -33.59498432 ] } },
{ "type": "Feature", "properties": { "Name": "692.02", "P.K.": null, "Al.Dist. Izq.": null, "Al.Dist. Der.": null, "Ruta": 8 }, "geometry": { "type": "Point", "coordinates": [ -65.10449264, -33.5949145 ] } },
{ "type": "Feature", "properties": { "Name": "692.43", "P.K.": null, "Al.Dist. Izq.": null, "Al.Dist. Der.": null, "Ruta": 8 }, "geometry": { "type": "Point", "coordinates": [ -65.10887839, -33.59553616 ] } },
{ "type": "Feature", "properties": { "Name": "692.46", "P.K.": null, "Al.Dist. Izq.": null, "Al.Dist. Der.": null, "Ruta": 8 }, "geometry": { "type": "Point", "coordinates": [ -65.10918584, -33.59567049 ] } },
{ "type": "Feature", "properties": { "Name": "692.89", "P.K.": null, "Al.Dist. Izq.": null, "Al.Dist. Der.": null, "Ruta": 8 }, "geometry": { "type": "Point", "coordinates": [ -65.11361148, -33.59621116 ] } },
{ "type": "Feature", "properties": { "Name": "692.99", "P.K.": null, "Al.Dist. Izq.": null, "Al.Dist. Der.": null, "Ruta": 8 }, "geometry": { "type": "Point", "coordinates": [ -65.11473164, -33.59643486 ] } },
{ "type": "Feature", "properties": { "Name": "693", "P.K.": "PK693", "Al.Dist. Izq.": null, "Al.Dist. Der.": null, "Ruta": 8 }, "geometry": { "type": "Point", "coordinates": [ -65.11478428, -33.59641035 ] } },
{ "type": "Feature", "properties": { "Name": "693.07", "P.K.": null, "Al.Dist. Izq.": null, "Al.Dist. Der.": null, "Ruta": 8 }, "geometry": { "type": "Point", "coordinates": [ -65.11552, -33.5965 ] } },
{ "type": "Feature", "properties": { "Name": "693.2", "P.K.": null, "Al.Dist. Izq.": null, "Al.Dist. Der.": null, "Ruta": 8 }, "geometry": { "type": "Point", "coordinates": [ -65.11692703, -33.5968613 ] } },
{ "type": "Feature", "properties": { "Name": "693.51", "P.K.": null, "Al.Dist. Izq.": null, "Al.Dist. Der.": null, "Ruta": 8 }, "geometry": { "type": "Point", "coordinates": [ -65.12023006, -33.597022 ] } },
{ "type": "Feature", "properties": { "Name": "693.62", "P.K.": null, "Al.Dist. Izq.": null, "Al.Dist. Der.": null, "Ruta": 8 }, "geometry": { "type": "Point", "coordinates": [ -65.121409, -33.59746396 ] } },
{ "type": "Feature", "properties": { "Name": "693.77", "P.K.": null, "Al.Dist. Izq.": null, "Al.Dist. Der.": null, "Ruta": 8 }, "geometry": { "type": "Point", "coordinates": [ -65.12299687, -33.59773932 ] } },
{ "type": "Feature", "properties": { "Name": "693.88", "P.K.": null, "Al.Dist. Izq.": null, "Al.Dist. Der.": null, "Ruta": 8 }, "geometry": { "type": "Point", "coordinates": [ -65.12408786, -33.5983713 ] } },
{ "type": "Feature", "properties": { "Name": "693.88", "P.K.": null, "Al.Dist. Izq.": 25, "Al.Dist. Der.": 65, "Ruta": 8 }, "geometry": { "type": "Point", "coordinates": [ -65.12408786, -33.5983713 ] } },
{ "type": "Feature", "properties": { "Name": "693.89", "P.K.": null, "Al.Dist. Izq.": 25, "Al.Dist. Der.": 65, "Ruta": 8 }, "geometry": { "type": "Point", "coordinates": [ -65.124283, -33.597821 ] } }
]
}
