{
"type": "FeatureCollection",
"name": "MOJONES RN 009",
"features": [
{ "type": "Feature", "properties": { "Name": "399.89", "P.K.": null, "Al.Dist. Izq.": 60, "Al.Dist. Der.": 60, "Ruta": 9 }, "geometry": { "type": "Point", "coordinates": [ -61.7973929, -32.7763868 ] } },
{ "type": "Feature", "properties": { "Name": "400", "P.K.": "PK400", "Al.Dist. Izq.": 60, "Al.Dist. Der.": 60, "Ruta": 9 }, "geometry": { "type": "Point", "coordinates": [ -61.7985379, -32.7761893 ] } },
{ "type": "Feature", "properties": { "Name": "400.37", "P.K.": null, "Al.Dist. Izq.": 60, "Al.Dist. Der.": 60, "Ruta": 9 }, "geometry": { "type": "Point", "coordinates": [ -61.8023874, -32.7755152 ] } },
{ "type": "Feature", "properties": { "Name": "400.69", "P.K.": null, "Al.Dist. Izq.": 60, "Al.Dist. Der.": 60, "Ruta": 9 }, "geometry": { "type": "Point", "coordinates": [ -61.8057166, -32.7749314 ] } },
{ "type": "Feature", "properties": { "Name": "401", "P.K.": "PK401", "Al.Dist. Izq.": 60, "Al.Dist. Der.": 60, "Ruta": 9 }, "geometry": { "type": "Point", "coordinates": [ -61.8089418, -32.7743659 ] } },
{ "type": "Feature", "properties": { "Name": "402", "P.K.": "PK402", "Al.Dist. Izq.": 60, "Al.Dist. Der.": 60, "Ruta": 9 }, "geometry": { "type": "Point", "coordinates": [ -61.8193474, -32.7725519 ] } },
{ "type": "Feature", "properties": { "Name": "402.38", "P.K.": null, "Al.Dist. Izq.": 60, "Al.Dist. Der.": 60, "Ruta": 9 }, "geometry": { "type": "Point", "coordinates": [ -61.8233016, -32.7718635 ] } },
{ "type": "Feature", "properties": { "Name": "402.8", "P.K.": null, "Al.Dist. Izq.": 60, "Al.Dist. Der.": 60, "Ruta": 9 }, "geometry": { "type": "Point", "coordinates": [ -61.8275953, -32.771316 ] } },
{ "type": "Feature", "properties": { "Name": "402.99", "P.K.": null, "Al.Dist. Izq.": 60, "Al.Dist. Der.": 60, "Ruta": 9 }, "geometry": { "type": "Point", "coordinates": [ -61.8295983, -32.7711977 ] } },
{ "type": "Feature", "properties": { "Name": "403", "P.K.": "PK403", "Al.Dist. Izq.": 60, "Al.Dist. Der.": 60, "Ruta": 9 }, "geometry": { "type": "Point", "coordinates": [ -61.8298094, -32.7711899 ] } },
{ "type": "Feature", "properties": { "Name": "403.3", "P.K.": null, "Al.Dist. Izq.": 60, "Al.Dist. Der.": 60, "Ruta": 9 }, "geometry": { "type": "Point", "coordinates": [ -61.832976, -32.7710719 ] } },
{ "type": "Feature", "properties": { "Name": "403.5", "P.K.": null, "Al.Dist. Izq.": 60, "Al.Dist. Der.": 60, "Ruta": 9 }, "geometry": { "type": "Point", "coordinates": [ -61.8350834, -32.7709317 ] } },
{ "type": "Feature", "properties": { "Name": "403.5", "P.K.": null, "Al.Dist. Izq.": 60, "Al.Dist. Der.": 60, "Ruta": 9 }, "geometry": { "type": "Point", "coordinates": [ -61.8350834, -32.7709317 ] } },
{ "type": "Feature", "properties": { "Name": "403.88", "P.K.": null, "Al.Dist. Izq.": 60, "Al.Dist. Der.": 60, "Ruta": 9 }, "geometry": { "type": "Point", "coordinates": [ -61.8390585, -32.7703884 ] } },
{ "type": "Feature", "properties": { "Name": "403.9", "P.K.": null, "Al.Dist. Izq.": 60, "Al.Dist. Der.": 60, "Ruta": 9 }, "geometry": { "type": "Point", "coordinates": [ -61.8392665, -32.7703514 ] } },
{ "type": "Feature", "properties": { "Name": "404", "P.K.": "PK404", "Al.Dist. Izq.": 60, "Al.Dist. Der.": 60, "Ruta": 9 }, "geometry": { "type": "Point", "coordinates": [ -61.8403064, -32.7701665 ] } },
{ "type": "Feature", "properties": { "Name": "404.04", "P.K.": null, "Al.Dist. Izq.": 60, "Al.Dist. Der.": 60, "Ruta": 9 }, "geometry": { "type": "Point", "coordinates": [ -61.8406896, -32.7700983 ] } },
{ "type": "Feature", "properties": { "Name": "404.06", "P.K.": null, "Al.Dist. Izq.": 60, "Al.Dist. Der.": 60, "Ruta": 9 }, "geometry": { "type": "Point", "coordinates": [ -61.8408811, -32.7700642 ] } },
{ "type": "Feature", "properties": { "Name": "404.09", "P.K.": null, "Al.Dist. Izq.": 60, "Al.Dist. Der.": 60, "Ruta": 9 }, "geometry": { "type": "Point", "coordinates": [ -61.8411685, -32.7700131 ] } },
{ "type": "Feature", "properties": { "Name": "404.09", "P.K.": null, "Al.Dist. Izq.": 60, "Al.Dist. Der.": 60, "Ruta": 9 }, "geometry": { "type": "Point", "coordinates": [ -61.8411685, -32.7700131 ] } },
{ "type": "Feature", "properties": { "Name": "404.49", "P.K.": null, "Al.Dist. Izq.": 60, "Al.Dist. Der.": 60, "Ruta": 9 }, "geometry": { "type": "Point", "coordinates": [ -61.8450001, -32.7693315 ] } },
{ "type": "Feature", "properties": { "Name": "404.49", "P.K.": null, "Al.Dist. Izq.": 60, "Al.Dist. Der.": 60, "Ruta": 9 }, "geometry": { "type": "Point", "coordinates": [ -61.8450001, -32.7693315 ] } },
{ "type": "Feature", "properties": { "Name": "405", "P.K.": "PK405", "Al.Dist. Izq.": 60, "Al.Dist. Der.": 60, "Ruta": 9 }, "geometry": { "type": "Point", "coordinates": [ -61.8498854, -32.7684624 ] } },
{ "type": "Feature", "properties": { "Name": "405.1", "P.K.": null, "Al.Dist. Izq.": 60, "Al.Dist. Der.": 60, "Ruta": 9 }, "geometry": { "type": "Point", "coordinates": [ -61.8508433, -32.768292 ] } },
{ "type": "Feature", "properties": { "Name": "405.22", "P.K.": null, "Al.Dist. Izq.": 60, "Al.Dist. Der.": 60, "Ruta": 9 }, "geometry": { "type": "Point", "coordinates": [ -61.8519929, -32.7680879 ] } },
{ "type": "Feature", "properties": { "Name": "406", "P.K.": "PK406", "Al.Dist. Izq.": 60, "Al.Dist. Der.": 60, "Ruta": 9 }, "geometry": { "type": "Point", "coordinates": [ -61.858832, -32.7651112 ] } },
{ "type": "Feature", "properties": { "Name": "406.34", "P.K.": null, "Al.Dist. Izq.": 60, "Al.Dist. Der.": 60, "Ruta": 9 }, "geometry": { "type": "Point", "coordinates": [ -61.8607886, -32.7624703 ] } },
{ "type": "Feature", "properties": { "Name": "407", "P.K.": "PK407", "Al.Dist. Izq.": 60, "Al.Dist. Der.": 60, "Ruta": 9 }, "geometry": { "type": "Point", "coordinates": [ -61.8610167, -32.756224 ] } },
{ "type": "Feature", "properties": { "Name": "407.21", "P.K.": null, "Al.Dist. Izq.": 60, "Al.Dist. Der.": 60, "Ruta": 9 }, "geometry": { "type": "Point", "coordinates": [ -61.8604482, -32.7542615 ] } },
{ "type": "Feature", "properties": { "Name": "407.9", "P.K.": null, "Al.Dist. Izq.": 60, "Al.Dist. Der.": 60, "Ruta": 9 }, "geometry": { "type": "Point", "coordinates": [ -61.8585802, -32.7478133 ] } },
{ "type": "Feature", "properties": { "Name": "407.9", "P.K.": null, "Al.Dist. Izq.": 60, "Al.Dist. Der.": 60, "Ruta": 9 }, "geometry": { "type": "Point", "coordinates": [ -61.8585802, -32.7478133 ] } },
{ "type": "Feature", "properties": { "Name": "407.9", "P.K.": null, "Al.Dist. Izq.": 60, "Al.Dist. Der.": 60, "Ruta": 9 }, "geometry": { "type": "Point", "coordinates": [ -61.8585802, -32.7478133 ] } },
{ "type": "Feature", "properties": { "Name": "408", "P.K.": "PK408", "Al.Dist. Izq.": 60, "Al.Dist. Der.": 60, "Ruta": 9 }, "geometry": { "type": "Point", "coordinates": [ -61.8583095, -32.7468788 ] } },
{ "type": "Feature", "properties": { "Name": "408.12", "P.K.": null, "Al.Dist. Izq.": 60, "Al.Dist. Der.": 60, "Ruta": 9 }, "geometry": { "type": "Point", "coordinates": [ -61.8579965, -32.745754 ] } },
{ "type": "Feature", "properties": { "Name": "408.47", "P.K.": null, "Al.Dist. Izq.": 60, "Al.Dist. Der.": 60, "Ruta": 9 }, "geometry": { "type": "Point", "coordinates": [ -61.8573335, -32.7424164 ] } },
{ "type": "Feature", "properties": { "Name": "408.47", "P.K.": null, "Al.Dist. Izq.": 60, "Al.Dist. Der.": 60, "Ruta": 9 }, "geometry": { "type": "Point", "coordinates": [ -61.8573335, -32.7424164 ] } },
{ "type": "Feature", "properties": { "Name": "409", "P.K.": "PK409", "Al.Dist. Izq.": 60, "Al.Dist. Der.": 60, "Ruta": 9 }, "geometry": { "type": "Point", "coordinates": [ -61.8573234, -32.7375199 ] } },
{ "type": "Feature", "properties": { "Name": "409", "P.K.": null, "Al.Dist. Izq.": 60, "Al.Dist. Der.": 60, "Ruta": 9 }, "geometry": { "type": "Point", "coordinates": [ -61.8573234, -32.7375199 ] } },
{ "type": "Feature", "properties": { "Name": "409", "P.K.": null, "Al.Dist. Izq.": 60, "Al.Dist. Der.": 60, "Ruta": 9 }, "geometry": { "type": "Point", "coordinates": [ -61.8573234, -32.7375199 ] } },
{ "type": "Feature", "properties": { "Name": "409.09", "P.K.": null, "Al.Dist. Izq.": 60, "Al.Dist. Der.": 60, "Ruta": 9 }, "geometry": { "type": "Point", "coordinates": [ -61.8574105, -32.7366915 ] } },
{ "type": "Feature", "properties": { "Name": "409.13", "P.K.": null, "Al.Dist. Izq.": 60, "Al.Dist. Der.": 60, "Ruta": 9 }, "geometry": { "type": "Point", "coordinates": [ -61.8574635, -32.7363254 ] } },
{ "type": "Feature", "properties": { "Name": "409.13", "P.K.": null, "Al.Dist. Izq.": 60, "Al.Dist. Der.": 60, "Ruta": 9 }, "geometry": { "type": "Point", "coordinates": [ -61.8574635, -32.7363254 ] } },
{ "type": "Feature", "properties": { "Name": "409.19", "P.K.": null, "Al.Dist. Izq.": 60, "Al.Dist. Der.": 60, "Ruta": 9 }, "geometry": { "type": "Point", "coordinates": [ -61.8575654, -32.7357795 ] } },
{ "type": "Feature", "properties": { "Name": "409.28", "P.K.": null, "Al.Dist. Izq.": 60, "Al.Dist. Der.": 60, "Ruta": 9 }, "geometry": { "type": "Point", "coordinates": [ -61.8577356, -32.7349642 ] } },
{ "type": "Feature", "properties": { "Name": "409.38", "P.K.": null, "Al.Dist. Izq.": 60, "Al.Dist. Der.": 60, "Ruta": 9 }, "geometry": { "type": "Point", "coordinates": [ -61.8579534, -32.734065 ] } },
{ "type": "Feature", "properties": { "Name": "409.38", "P.K.": null, "Al.Dist. Izq.": 60, "Al.Dist. Der.": 60, "Ruta": 9 }, "geometry": { "type": "Point", "coordinates": [ -61.8579534, -32.734065 ] } },
{ "type": "Feature", "properties": { "Name": "409.44", "P.K.": null, "Al.Dist. Izq.": 60, "Al.Dist. Der.": 60, "Ruta": 9 }, "geometry": { "type": "Point", "coordinates": [ -61.8581, -32.7335 ] } },
{ "type": "Feature", "properties": { "Name": "409.44", "P.K.": null, "Al.Dist. Izq.": 60, "Al.Dist. Der.": 60, "Ruta": 9 }, "geometry": { "type": "Point", "coordinates": [ -61.8581, -32.7335 ] } },
{ "type": "Feature", "properties": { "Name": "409.46", "P.K.": null, "Al.Dist. Izq.": 60, "Al.Dist. Der.": 60, "Ruta": 9 }, "geometry": { "type": "Point", "coordinates": [ -61.8581651, -32.7333555 ] } },
{ "type": "Feature", "properties": { "Name": "409.46", "P.K.": null, "Al.Dist. Izq.": 60, "Al.Dist. Der.": 60, "Ruta": 9 }, "geometry": { "type": "Point", "coordinates": [ -61.8581651, -32.7333555 ] } },
{ "type": "Feature", "properties": { "Name": "409.52", "P.K.": null, "Al.Dist. Izq.": 60, "Al.Dist. Der.": 60, "Ruta": 9 }, "geometry": { "type": "Point", "coordinates": [ -61.8583347, -32.7328267 ] } },
{ "type": "Feature", "properties": { "Name": "409.64", "P.K.": null, "Al.Dist. Izq.": 60, "Al.Dist. Der.": 60, "Ruta": 9 }, "geometry": { "type": "Point", "coordinates": [ -61.8587139, -32.7317837 ] } },
{ "type": "Feature", "properties": { "Name": "409.64", "P.K.": null, "Al.Dist. Izq.": 60, "Al.Dist. Der.": 60, "Ruta": 9 }, "geometry": { "type": "Point", "coordinates": [ -61.8587139, -32.7317837 ] } },
{ "type": "Feature", "properties": { "Name": "409.65", "P.K.": null, "Al.Dist. Izq.": 60, "Al.Dist. Der.": 60, "Ruta": 9 }, "geometry": { "type": "Point", "coordinates": [ -61.8587489, -32.731698 ] } },
{ "type": "Feature", "properties": { "Name": "409.66", "P.K.": null, "Al.Dist. Izq.": 60, "Al.Dist. Der.": 60, "Ruta": 9 }, "geometry": { "type": "Point", "coordinates": [ -61.8587838, -32.7316123 ] } },
{ "type": "Feature", "properties": { "Name": "409.77", "P.K.": null, "Al.Dist. Izq.": 60, "Al.Dist. Der.": 60, "Ruta": 9 }, "geometry": { "type": "Point", "coordinates": [ -61.8591774, -32.7306734 ] } },
{ "type": "Feature", "properties": { "Name": "409.77", "P.K.": null, "Al.Dist. Izq.": 60, "Al.Dist. Der.": 60, "Ruta": 9 }, "geometry": { "type": "Point", "coordinates": [ -61.8591774, -32.7306734 ] } },
{ "type": "Feature", "properties": { "Name": "409.83", "P.K.": null, "Al.Dist. Izq.": 60, "Al.Dist. Der.": 60, "Ruta": 9 }, "geometry": { "type": "Point", "coordinates": [ -61.8593934, -32.7301618 ] } },
{ "type": "Feature", "properties": { "Name": "409.87", "P.K.": null, "Al.Dist. Izq.": 60, "Al.Dist. Der.": 60, "Ruta": 9 }, "geometry": { "type": "Point", "coordinates": [ -61.85954, -32.729822 ] } },
{ "type": "Feature", "properties": { "Name": "409.92", "P.K.": null, "Al.Dist. Izq.": 60, "Al.Dist. Der.": 60, "Ruta": 9 }, "geometry": { "type": "Point", "coordinates": [ -61.8597674, -32.7293813 ] } },
{ "type": "Feature", "properties": { "Name": "410", "P.K.": "PK410", "Al.Dist. Izq.": 60, "Al.Dist. Der.": 60, "Ruta": 9 }, "geometry": { "type": "Point", "coordinates": [ -61.8601493, -32.7286864 ] } },
{ "type": "Feature", "properties": { "Name": "410", "P.K.": null, "Al.Dist. Izq.": 60, "Al.Dist. Der.": 60, "Ruta": 9 }, "geometry": { "type": "Point", "coordinates": [ -61.8601493, -32.7286864 ] } },
{ "type": "Feature", "properties": { "Name": "410.16", "P.K.": null, "Al.Dist. Izq.": 60, "Al.Dist. Der.": 60, "Ruta": 9 }, "geometry": { "type": "Point", "coordinates": [ -61.8609342, -32.7274226 ] } },
{ "type": "Feature", "properties": { "Name": "410.17", "P.K.": null, "Al.Dist. Izq.": 60, "Al.Dist. Der.": 60, "Ruta": 9 }, "geometry": { "type": "Point", "coordinates": [ -61.8609883, -32.7273395 ] } },
{ "type": "Feature", "properties": { "Name": "410.17", "P.K.": null, "Al.Dist. Izq.": 60, "Al.Dist. Der.": 60, "Ruta": 9 }, "geometry": { "type": "Point", "coordinates": [ -61.8609883, -32.7273395 ] } },
{ "type": "Feature", "properties": { "Name": "410.29", "P.K.": null, "Al.Dist. Izq.": 60, "Al.Dist. Der.": 60, "Ruta": 9 }, "geometry": { "type": "Point", "coordinates": [ -61.8616731, -32.7263672 ] } },
{ "type": "Feature", "properties": { "Name": "410.37", "P.K.": null, "Al.Dist. Izq.": 60, "Al.Dist. Der.": 60, "Ruta": 9 }, "geometry": { "type": "Point", "coordinates": [ -61.8620977, -32.7258179 ] } },
{ "type": "Feature", "properties": { "Name": "410.48", "P.K.": null, "Al.Dist. Izq.": 60, "Al.Dist. Der.": 60, "Ruta": 9 }, "geometry": { "type": "Point", "coordinates": [ -61.8627734, -32.7249614 ] } },
{ "type": "Feature", "properties": { "Name": "410.48", "P.K.": null, "Al.Dist. Izq.": 60, "Al.Dist. Der.": 60, "Ruta": 9 }, "geometry": { "type": "Point", "coordinates": [ -61.8627734, -32.7249614 ] } },
{ "type": "Feature", "properties": { "Name": "410.53", "P.K.": null, "Al.Dist. Izq.": 60, "Al.Dist. Der.": 60, "Ruta": 9 }, "geometry": { "type": "Point", "coordinates": [ -61.8630288, -32.7246579 ] } },
{ "type": "Feature", "properties": { "Name": "410.58", "P.K.": null, "Al.Dist. Izq.": 60, "Al.Dist. Der.": 60, "Ruta": 9 }, "geometry": { "type": "Point", "coordinates": [ -61.8633548, -32.7242843 ] } },
{ "type": "Feature", "properties": { "Name": "410.73", "P.K.": null, "Al.Dist. Izq.": 60, "Al.Dist. Der.": 60, "Ruta": 9 }, "geometry": { "type": "Point", "coordinates": [ -61.8643061, -32.723273 ] } },
{ "type": "Feature", "properties": { "Name": "410.73", "P.K.": null, "Al.Dist. Izq.": 60, "Al.Dist. Der.": 60, "Ruta": 9 }, "geometry": { "type": "Point", "coordinates": [ -61.8643061, -32.723273 ] } },
{ "type": "Feature", "properties": { "Name": "411", "P.K.": "PK411", "Al.Dist. Izq.": 60, "Al.Dist. Der.": 60, "Ruta": 9 }, "geometry": { "type": "Point", "coordinates": [ -61.8665836, -32.7212112 ] } },
{ "type": "Feature", "properties": { "Name": "411.08", "P.K.": null, "Al.Dist. Izq.": 60, "Al.Dist. Der.": 60, "Ruta": 9 }, "geometry": { "type": "Point", "coordinates": [ -61.8672099, -32.7207242 ] } },
{ "type": "Feature", "properties": { "Name": "411.08", "P.K.": null, "Al.Dist. Izq.": 60, "Al.Dist. Der.": 60, "Ruta": 9 }, "geometry": { "type": "Point", "coordinates": [ -61.8672099, -32.7207242 ] } },
{ "type": "Feature", "properties": { "Name": "411.12", "P.K.": null, "Al.Dist. Izq.": 60, "Al.Dist. Der.": 60, "Ruta": 9 }, "geometry": { "type": "Point", "coordinates": [ -61.8675301, -32.72049 ] } },
{ "type": "Feature", "properties": { "Name": "411.28", "P.K.": null, "Al.Dist. Izq.": 60, "Al.Dist. Der.": 60, "Ruta": 9 }, "geometry": { "type": "Point", "coordinates": [ -61.8688234, -32.7195712 ] } },
{ "type": "Feature", "properties": { "Name": "411.28", "P.K.": null, "Al.Dist. Izq.": 60, "Al.Dist. Der.": 60, "Ruta": 9 }, "geometry": { "type": "Point", "coordinates": [ -61.8688234, -32.7195712 ] } },
{ "type": "Feature", "properties": { "Name": "411.86", "P.K.": null, "Al.Dist. Izq.": 60, "Al.Dist. Der.": 60, "Ruta": 9 }, "geometry": { "type": "Point", "coordinates": [ -61.8738733, -32.7168324 ] } },
{ "type": "Feature", "properties": { "Name": "412", "P.K.": "PK412", "Al.Dist. Izq.": 60, "Al.Dist. Der.": 60, "Ruta": 9 }, "geometry": { "type": "Point", "coordinates": [ -61.8751532, -32.7162939 ] } },
{ "type": "Feature", "properties": { "Name": "412.71", "P.K.": null, "Al.Dist. Izq.": 60, "Al.Dist. Der.": 60, "Ruta": 9 }, "geometry": { "type": "Point", "coordinates": [ -61.8819432, -32.7144789 ] } },
{ "type": "Feature", "properties": { "Name": "413", "P.K.": "PK413", "Al.Dist. Izq.": 60, "Al.Dist. Der.": 60, "Ruta": 9 }, "geometry": { "type": "Point", "coordinates": [ -61.8847776, -32.7139894 ] } },
{ "type": "Feature", "properties": { "Name": "413.42", "P.K.": null, "Al.Dist. Izq.": 60, "Al.Dist. Der.": 60, "Ruta": 9 }, "geometry": { "type": "Point", "coordinates": [ -61.8888826, -32.7132817 ] } },
{ "type": "Feature", "properties": { "Name": "413.89", "P.K.": null, "Al.Dist. Izq.": 60, "Al.Dist. Der.": 60, "Ruta": 9 }, "geometry": { "type": "Point", "coordinates": [ -61.8937779, -32.7124385 ] } },
{ "type": "Feature", "properties": { "Name": "414.02", "P.K.": null, "Al.Dist. Izq.": 60, "Al.Dist. Der.": 60, "Ruta": 9 }, "geometry": { "type": "Point", "coordinates": [ -61.8952678, -32.7121818 ] } },
{ "type": "Feature", "properties": { "Name": "414.02", "P.K.": null, "Al.Dist. Izq.": 60, "Al.Dist. Der.": 60, "Ruta": 9 }, "geometry": { "type": "Point", "coordinates": [ -61.8952678, -32.7121818 ] } },
{ "type": "Feature", "properties": { "Name": "414.69", "P.K.": null, "Al.Dist. Izq.": 60, "Al.Dist. Der.": 60, "Ruta": 9 }, "geometry": { "type": "Point", "coordinates": [ -61.9023984, -32.7109417 ] } },
{ "type": "Feature", "properties": { "Name": "414.69", "P.K.": null, "Al.Dist. Izq.": 60, "Al.Dist. Der.": 60, "Ruta": 9 }, "geometry": { "type": "Point", "coordinates": [ -61.9023984, -32.7109417 ] } },
{ "type": "Feature", "properties": { "Name": "414.9", "P.K.": null, "Al.Dist. Izq.": 60, "Al.Dist. Der.": 60, "Ruta": 9 }, "geometry": { "type": "Point", "coordinates": [ -61.9046298, -32.7105517 ] } },
{ "type": "Feature", "properties": { "Name": "415", "P.K.": "PK415", "Al.Dist. Izq.": 60, "Al.Dist. Der.": 60, "Ruta": 9 }, "geometry": { "type": "Point", "coordinates": [ -61.9056935, -32.7103658 ] } },
{ "type": "Feature", "properties": { "Name": "415.36", "P.K.": null, "Al.Dist. Izq.": 60, "Al.Dist. Der.": 60, "Ruta": 9 }, "geometry": { "type": "Point", "coordinates": [ -61.909525, -32.709708 ] } },
{ "type": "Feature", "properties": { "Name": "415.47", "P.K.": null, "Al.Dist. Izq.": 60, "Al.Dist. Der.": 60, "Ruta": 9 }, "geometry": { "type": "Point", "coordinates": [ -61.9106958, -32.7095075 ] } },
{ "type": "Feature", "properties": { "Name": "415.47", "P.K.": null, "Al.Dist. Izq.": 60, "Al.Dist. Der.": 60, "Ruta": 9 }, "geometry": { "type": "Point", "coordinates": [ -61.9106958, -32.7095075 ] } },
{ "type": "Feature", "properties": { "Name": "415.57", "P.K.": null, "Al.Dist. Izq.": 60, "Al.Dist. Der.": 60, "Ruta": 9 }, "geometry": { "type": "Point", "coordinates": [ -61.9117447, -32.70932 ] } },
{ "type": "Feature", "properties": { "Name": "416", "P.K.": "PK416", "Al.Dist. Izq.": 60, "Al.Dist. Der.": 60, "Ruta": 9 }, "geometry": { "type": "Point", "coordinates": [ -61.9162576, -32.7085282 ] } },
{ "type": "Feature", "properties": { "Name": "416.05", "P.K.": null, "Al.Dist. Izq.": 60, "Al.Dist. Der.": 60, "Ruta": 9 }, "geometry": { "type": "Point", "coordinates": [ -61.9167825, -32.708437 ] } },
{ "type": "Feature", "properties": { "Name": "416.24", "P.K.": null, "Al.Dist. Izq.": 60, "Al.Dist. Der.": 60, "Ruta": 9 }, "geometry": { "type": "Point", "coordinates": [ -61.9187772, -32.7080906 ] } },
{ "type": "Feature", "properties": { "Name": "416.24", "P.K.": null, "Al.Dist. Izq.": 60, "Al.Dist. Der.": 60, "Ruta": 9 }, "geometry": { "type": "Point", "coordinates": [ -61.9187772, -32.7080906 ] } },
{ "type": "Feature", "properties": { "Name": "416.51", "P.K.": null, "Al.Dist. Izq.": 60, "Al.Dist. Der.": 60, "Ruta": 9 }, "geometry": { "type": "Point", "coordinates": [ -61.9216118, -32.7075984 ] } },
{ "type": "Feature", "properties": { "Name": "417.07", "P.K.": null, "Al.Dist. Izq.": 60, "Al.Dist. Der.": 60, "Ruta": 9 }, "geometry": { "type": "Point", "coordinates": [ -61.9274908, -32.7065775 ] } },
{ "type": "Feature", "properties": { "Name": "418.27", "P.K.": null, "Al.Dist. Izq.": 60, "Al.Dist. Der.": 60, "Ruta": 9 }, "geometry": { "type": "Point", "coordinates": [ -61.9400878, -32.704384 ] } },
{ "type": "Feature", "properties": { "Name": "418.46", "P.K.": null, "Al.Dist. Izq.": 60, "Al.Dist. Der.": 60, "Ruta": 9 }, "geometry": { "type": "Point", "coordinates": [ -61.9420039, -32.7040566 ] } },
{ "type": "Feature", "properties": { "Name": "419", "P.K.": "PK419", "Al.Dist. Izq.": 60, "Al.Dist. Der.": 60, "Ruta": 9 }, "geometry": { "type": "Point", "coordinates": [ -61.9472527, -32.7024404 ] } },
{ "type": "Feature", "properties": { "Name": "419", "P.K.": null, "Al.Dist. Izq.": 60, "Al.Dist. Der.": 60, "Ruta": 9 }, "geometry": { "type": "Point", "coordinates": [ -61.9472527, -32.7024404 ] } },
{ "type": "Feature", "properties": { "Name": "419.01", "P.K.": null, "Al.Dist. Izq.": 60, "Al.Dist. Der.": 60, "Ruta": 9 }, "geometry": { "type": "Point", "coordinates": [ -61.9473406, -32.702388 ] } },
{ "type": "Feature", "properties": { "Name": "419.45", "P.K.": null, "Al.Dist. Izq.": 60, "Al.Dist. Der.": 60, "Ruta": 9 }, "geometry": { "type": "Point", "coordinates": [ -61.9507187, -32.6994612 ] } },
{ "type": "Feature", "properties": { "Name": "420", "P.K.": "PK420", "Al.Dist. Izq.": 60, "Al.Dist. Der.": 60, "Ruta": 9 }, "geometry": { "type": "Point", "coordinates": [ -61.9548904, -32.6957698 ] } },
{ "type": "Feature", "properties": { "Name": "420.03", "P.K.": null, "Al.Dist. Izq.": 60, "Al.Dist. Der.": 60, "Ruta": 9 }, "geometry": { "type": "Point", "coordinates": [ -61.9551637, -32.6956301 ] } },
{ "type": "Feature", "properties": { "Name": "420.44", "P.K.": null, "Al.Dist. Izq.": 60, "Al.Dist. Der.": 60, "Ruta": 9 }, "geometry": { "type": "Point", "coordinates": [ -61.9591533, -32.6943946 ] } },
{ "type": "Feature", "properties": { "Name": "420.87", "P.K.": null, "Al.Dist. Izq.": 60, "Al.Dist. Der.": 60, "Ruta": 9 }, "geometry": { "type": "Point", "coordinates": [ -61.9633861, -32.693655 ] } },
{ "type": "Feature", "properties": { "Name": "421", "P.K.": "PK421", "Al.Dist. Izq.": 60, "Al.Dist. Der.": 60, "Ruta": 9 }, "geometry": { "type": "Point", "coordinates": [ -61.9648366, -32.6934007 ] } },
{ "type": "Feature", "properties": { "Name": "423", "P.K.": "PK423", "Al.Dist. Izq.": 60, "Al.Dist. Der.": 60, "Ruta": 9 }, "geometry": { "type": "Point", "coordinates": [ -61.9855572, -32.6897622 ] } },
{ "type": "Feature", "properties": { "Name": "423.8", "P.K.": null, "Al.Dist. Izq.": 60, "Al.Dist. Der.": 60, "Ruta": 9 }, "geometry": { "type": "Point", "coordinates": [ -61.9938447, -32.6883026 ] } },
{ "type": "Feature", "properties": { "Name": "424", "P.K.": "PK424", "Al.Dist. Izq.": 60, "Al.Dist. Der.": 60, "Ruta": 9 }, "geometry": { "type": "Point", "coordinates": [ -61.9959166, -32.6879377 ] } },
{ "type": "Feature", "properties": { "Name": "424", "P.K.": null, "Al.Dist. Izq.": 60, "Al.Dist. Der.": 60, "Ruta": 9 }, "geometry": { "type": "Point", "coordinates": [ -61.9959166, -32.6879377 ] } },
{ "type": "Feature", "properties": { "Name": "424.27", "P.K.": null, "Al.Dist. Izq.": 60, "Al.Dist. Der.": 60, "Ruta": 9 }, "geometry": { "type": "Point", "coordinates": [ -61.9987136, -32.687445 ] } },
{ "type": "Feature", "properties": { "Name": "424.74", "P.K.": null, "Al.Dist. Izq.": 60, "Al.Dist. Der.": 60, "Ruta": 9 }, "geometry": { "type": "Point", "coordinates": [ -62.003496, -32.6862237 ] } },
{ "type": "Feature", "properties": { "Name": "425", "P.K.": "PK425", "Al.Dist. Izq.": 60, "Al.Dist. Der.": 60, "Ruta": 9 }, "geometry": { "type": "Point", "coordinates": [ -62.0060454, -32.6852336 ] } },
{ "type": "Feature", "properties": { "Name": "425.57", "P.K.": null, "Al.Dist. Izq.": 60, "Al.Dist. Der.": 60, "Ruta": 9 }, "geometry": { "type": "Point", "coordinates": [ -62.0116292, -32.6830497 ] } },
{ "type": "Feature", "properties": { "Name": "425.87", "P.K.": null, "Al.Dist. Izq.": 60, "Al.Dist. Der.": 60, "Ruta": 9 }, "geometry": { "type": "Point", "coordinates": [ -62.0146122, -32.6820285 ] } },
{ "type": "Feature", "properties": { "Name": "426.32", "P.K.": null, "Al.Dist. Izq.": 60, "Al.Dist. Der.": 60, "Ruta": 9 }, "geometry": { "type": "Point", "coordinates": [ -62.0192012, -32.680868 ] } },
{ "type": "Feature", "properties": { "Name": "426.45", "P.K.": null, "Al.Dist. Izq.": 60, "Al.Dist. Der.": 60, "Ruta": 9 }, "geometry": { "type": "Point", "coordinates": [ -62.0205271, -32.6805337 ] } },
{ "type": "Feature", "properties": { "Name": "426.61", "P.K.": null, "Al.Dist. Izq.": 60, "Al.Dist. Der.": 60, "Ruta": 9 }, "geometry": { "type": "Point", "coordinates": [ -62.0221424, -32.6800627 ] } },
{ "type": "Feature", "properties": { "Name": "427.41", "P.K.": null, "Al.Dist. Izq.": 60, "Al.Dist. Der.": 60, "Ruta": 9 }, "geometry": { "type": "Point", "coordinates": [ -62.0301408, -32.6774475 ] } },
{ "type": "Feature", "properties": { "Name": "428", "P.K.": "PK428", "Al.Dist. Izq.": 60, "Al.Dist. Der.": 60, "Ruta": 9 }, "geometry": { "type": "Point", "coordinates": [ -62.0360555, -32.6755073 ] } },
{ "type": "Feature", "properties": { "Name": "428.21", "P.K.": null, "Al.Dist. Izq.": 60, "Al.Dist. Der.": 60, "Ruta": 9 }, "geometry": { "type": "Point", "coordinates": [ -62.0381631, -32.6748242 ] } },
{ "type": "Feature", "properties": { "Name": "428.48", "P.K.": null, "Al.Dist. Izq.": 60, "Al.Dist. Der.": 60, "Ruta": 9 }, "geometry": { "type": "Point", "coordinates": [ -62.0409047, -32.6740554 ] } },
{ "type": "Feature", "properties": { "Name": "428.57", "P.K.": null, "Al.Dist. Izq.": 60, "Al.Dist. Der.": 60, "Ruta": 9 }, "geometry": { "type": "Point", "coordinates": [ -62.0418362, -32.6738714 ] } },
{ "type": "Feature", "properties": { "Name": "429", "P.K.": "PK429", "Al.Dist. Izq.": 60, "Al.Dist. Der.": 60, "Ruta": 9 }, "geometry": { "type": "Point", "coordinates": [ -62.0463059, -32.6730944 ] } },
{ "type": "Feature", "properties": { "Name": "429", "P.K.": null, "Al.Dist. Izq.": 60, "Al.Dist. Der.": 60, "Ruta": 9 }, "geometry": { "type": "Point", "coordinates": [ -62.0463059, -32.6730944 ] } },
{ "type": "Feature", "properties": { "Name": "429.76", "P.K.": null, "Al.Dist. Izq.": 60, "Al.Dist. Der.": 60, "Ruta": 9 }, "geometry": { "type": "Point", "coordinates": [ -62.0542051, -32.6717171 ] } },
{ "type": "Feature", "properties": { "Name": "430.58", "P.K.": null, "Al.Dist. Izq.": 60, "Al.Dist. Der.": 60, "Ruta": 9 }, "geometry": { "type": "Point", "coordinates": [ -62.0627245, -32.6702232 ] } },
{ "type": "Feature", "properties": { "Name": "430.58", "P.K.": null, "Al.Dist. Izq.": 60, "Al.Dist. Der.": 60, "Ruta": 9 }, "geometry": { "type": "Point", "coordinates": [ -62.0627245, -32.6702232 ] } },
{ "type": "Feature", "properties": { "Name": "430.76", "P.K.": null, "Al.Dist. Izq.": 60, "Al.Dist. Der.": 60, "Ruta": 9 }, "geometry": { "type": "Point", "coordinates": [ -62.0645971, -32.6698949 ] } },
{ "type": "Feature", "properties": { "Name": "431.19", "P.K.": null, "Al.Dist. Izq.": 60, "Al.Dist. Der.": 60, "Ruta": 9 }, "geometry": { "type": "Point", "coordinates": [ -62.0690667, -32.6691174 ] } },
{ "type": "Feature", "properties": { "Name": "431.19", "P.K.": null, "Al.Dist. Izq.": 60, "Al.Dist. Der.": 60, "Ruta": 9 }, "geometry": { "type": "Point", "coordinates": [ -62.0690667, -32.6691174 ] } },
{ "type": "Feature", "properties": { "Name": "431.33", "P.K.": null, "Al.Dist. Izq.": 60, "Al.Dist. Der.": 60, "Ruta": 9 }, "geometry": { "type": "Point", "coordinates": [ -62.070522, -32.6688648 ] } },
{ "type": "Feature", "properties": { "Name": "431.92", "P.K.": null, "Al.Dist. Izq.": 60, "Al.Dist. Der.": 60, "Ruta": 9 }, "geometry": { "type": "Point", "coordinates": [ -62.0766508, -32.6677959 ] } },
{ "type": "Feature", "properties": { "Name": "432.37", "P.K.": null, "Al.Dist. Izq.": 60, "Al.Dist. Der.": 60, "Ruta": 9 }, "geometry": { "type": "Point", "coordinates": [ -62.0813246, -32.666977 ] } },
{ "type": "Feature", "properties": { "Name": "432.67", "P.K.": null, "Al.Dist. Izq.": 60, "Al.Dist. Der.": 60, "Ruta": 9 }, "geometry": { "type": "Point", "coordinates": [ -62.0844405, -32.6664317 ] } },
{ "type": "Feature", "properties": { "Name": "432.92", "P.K.": null, "Al.Dist. Izq.": 60, "Al.Dist. Der.": 60, "Ruta": 9 }, "geometry": { "type": "Point", "coordinates": [ -62.0870376, -32.6659793 ] } },
{ "type": "Feature", "properties": { "Name": "433.16", "P.K.": null, "Al.Dist. Izq.": 60, "Al.Dist. Der.": 60, "Ruta": 9 }, "geometry": { "type": "Point", "coordinates": [ -62.0895152, -32.6655478 ] } },
{ "type": "Feature", "properties": { "Name": "433.16", "P.K.": null, "Al.Dist. Izq.": 60, "Al.Dist. Der.": 60, "Ruta": 9 }, "geometry": { "type": "Point", "coordinates": [ -62.0895152, -32.6655478 ] } },
{ "type": "Feature", "properties": { "Name": "433.38", "P.K.": null, "Al.Dist. Izq.": 60, "Al.Dist. Der.": 60, "Ruta": 9 }, "geometry": { "type": "Point", "coordinates": [ -62.0918161, -32.665147 ] } },
{ "type": "Feature", "properties": { "Name": "433.87", "P.K.": null, "Al.Dist. Izq.": 60, "Al.Dist. Der.": 60, "Ruta": 9 }, "geometry": { "type": "Point", "coordinates": [ -62.0969052, -32.6642544 ] } },
{ "type": "Feature", "properties": { "Name": "433.87", "P.K.": null, "Al.Dist. Izq.": 60, "Al.Dist. Der.": 60, "Ruta": 9 }, "geometry": { "type": "Point", "coordinates": [ -62.0969052, -32.6642544 ] } },
{ "type": "Feature", "properties": { "Name": "433.94", "P.K.": null, "Al.Dist. Izq.": 60, "Al.Dist. Der.": 60, "Ruta": 9 }, "geometry": { "type": "Point", "coordinates": [ -62.0976322, -32.664127 ] } },
{ "type": "Feature", "properties": { "Name": "433.94", "P.K.": null, "Al.Dist. Izq.": 60, "Al.Dist. Der.": 60, "Ruta": 9 }, "geometry": { "type": "Point", "coordinates": [ -62.0976322, -32.664127 ] } },
{ "type": "Feature", "properties": { "Name": "434.52", "P.K.": null, "Al.Dist. Izq.": 60, "Al.Dist. Der.": 60, "Ruta": 9 }, "geometry": { "type": "Point", "coordinates": [ -62.1036354, -32.6630754 ] } },
{ "type": "Feature", "properties": { "Name": "435.23", "P.K.": null, "Al.Dist. Izq.": 60, "Al.Dist. Der.": 60, "Ruta": 9 }, "geometry": { "type": "Point", "coordinates": [ -62.110984, -32.661788 ] } },
{ "type": "Feature", "properties": { "Name": "435.53", "P.K.": null, "Al.Dist. Izq.": 60, "Al.Dist. Der.": 60, "Ruta": 9 }, "geometry": { "type": "Point", "coordinates": [ -62.1140891, -32.661244 ] } },
{ "type": "Feature", "properties": { "Name": "435.92", "P.K.": null, "Al.Dist. Izq.": 60, "Al.Dist. Der.": 60, "Ruta": 9 }, "geometry": { "type": "Point", "coordinates": [ -62.1181254, -32.6605352 ] } },
{ "type": "Feature", "properties": { "Name": "438.04", "P.K.": null, "Al.Dist. Izq.": 60, "Al.Dist. Der.": 60, "Ruta": 9 }, "geometry": { "type": "Point", "coordinates": [ -62.1400464, -32.6565719 ] } },
{ "type": "Feature", "properties": { "Name": "439.05", "P.K.": null, "Al.Dist. Izq.": 60, "Al.Dist. Der.": 60, "Ruta": 9 }, "geometry": { "type": "Point", "coordinates": [ -62.1504776, -32.6546162 ] } },
{ "type": "Feature", "properties": { "Name": "439.05", "P.K.": null, "Al.Dist. Izq.": 60, "Al.Dist. Der.": 60, "Ruta": 9 }, "geometry": { "type": "Point", "coordinates": [ -62.1504776, -32.6546162 ] } },
{ "type": "Feature", "properties": { "Name": "439.17", "P.K.": null, "Al.Dist. Izq.": 60, "Al.Dist. Der.": 60, "Ruta": 9 }, "geometry": { "type": "Point", "coordinates": [ -62.1517153, -32.6543754 ] } },
{ "type": "Feature", "properties": { "Name": "441.72", "P.K.": null, "Al.Dist. Izq.": 60, "Al.Dist. Der.": 60, "Ruta": 9 }, "geometry": { "type": "Point", "coordinates": [ -62.1781921, -32.6498521 ] } },
{ "type": "Feature", "properties": { "Name": "443.05", "P.K.": null, "Al.Dist. Izq.": 60, "Al.Dist. Der.": 60, "Ruta": 9 }, "geometry": { "type": "Point", "coordinates": [ -62.191991, -32.647431 ] } },
{ "type": "Feature", "properties": { "Name": "444.07", "P.K.": null, "Al.Dist. Izq.": 60, "Al.Dist. Der.": 60, "Ruta": 9 }, "geometry": { "type": "Point", "coordinates": [ -62.2025724, -32.6455674 ] } },
{ "type": "Feature", "properties": { "Name": "444.07", "P.K.": null, "Al.Dist. Izq.": 60, "Al.Dist. Der.": 60, "Ruta": 9 }, "geometry": { "type": "Point", "coordinates": [ -62.2025724, -32.6455674 ] } },
{ "type": "Feature", "properties": { "Name": "445.66", "P.K.": null, "Al.Dist. Izq.": 60, "Al.Dist. Der.": 60, "Ruta": 9 }, "geometry": { "type": "Point", "coordinates": [ -62.2190609, -32.6426289 ] } },
{ "type": "Feature", "properties": { "Name": "447.05", "P.K.": null, "Al.Dist. Izq.": 60, "Al.Dist. Der.": 60, "Ruta": 9 }, "geometry": { "type": "Point", "coordinates": [ -62.2334802, -32.6400773 ] } },
{ "type": "Feature", "properties": { "Name": "447.38", "P.K.": null, "Al.Dist. Izq.": 60, "Al.Dist. Der.": 60, "Ruta": 9 }, "geometry": { "type": "Point", "coordinates": [ -62.2369142, -32.6395413 ] } },
{ "type": "Feature", "properties": { "Name": "447.6", "P.K.": null, "Al.Dist. Izq.": 60, "Al.Dist. Der.": 60, "Ruta": 9 }, "geometry": { "type": "Point", "coordinates": [ -62.239198, -32.6391464 ] } },
{ "type": "Feature", "properties": { "Name": "447.89", "P.K.": null, "Al.Dist. Izq.": 60, "Al.Dist. Der.": 60, "Ruta": 9 }, "geometry": { "type": "Point", "coordinates": [ -62.2422062, -32.6386132 ] } },
{ "type": "Feature", "properties": { "Name": "447.89", "P.K.": null, "Al.Dist. Izq.": 60, "Al.Dist. Der.": 60, "Ruta": 9 }, "geometry": { "type": "Point", "coordinates": [ -62.2422062, -32.6386132 ] } },
{ "type": "Feature", "properties": { "Name": "449.37", "P.K.": null, "Al.Dist. Izq.": 60, "Al.Dist. Der.": 60, "Ruta": 9 }, "geometry": { "type": "Point", "coordinates": [ -62.2575427, -32.6358132 ] } },
{ "type": "Feature", "properties": { "Name": "449.39", "P.K.": null, "Al.Dist. Izq.": 60, "Al.Dist. Der.": 60, "Ruta": 9 }, "geometry": { "type": "Point", "coordinates": [ -62.2577502, -32.6357765 ] } },
{ "type": "Feature", "properties": { "Name": "449.39", "P.K.": null, "Al.Dist. Izq.": 60, "Al.Dist. Der.": 60, "Ruta": 9 }, "geometry": { "type": "Point", "coordinates": [ -62.2577502, -32.6357765 ] } },
{ "type": "Feature", "properties": { "Name": "450.64", "P.K.": null, "Al.Dist. Izq.": 60, "Al.Dist. Der.": 60, "Ruta": 9 }, "geometry": { "type": "Point", "coordinates": [ -62.2707169, -32.6334803 ] } },
{ "type": "Feature", "properties": { "Name": "450.93", "P.K.": null, "Al.Dist. Izq.": 60, "Al.Dist. Der.": 60, "Ruta": 9 }, "geometry": { "type": "Point", "coordinates": [ -62.2737252, -32.6329476 ] } },
{ "type": "Feature", "properties": { "Name": "451.04", "P.K.": null, "Al.Dist. Izq.": 60, "Al.Dist. Der.": 60, "Ruta": 9 }, "geometry": { "type": "Point", "coordinates": [ -62.2748663, -32.6327456 ] } },
{ "type": "Feature", "properties": { "Name": "451.43", "P.K.": null, "Al.Dist. Izq.": 60, "Al.Dist. Der.": 60, "Ruta": 9 }, "geometry": { "type": "Point", "coordinates": [ -62.2788998, -32.6320313 ] } },
{ "type": "Feature", "properties": { "Name": "451.43", "P.K.": null, "Al.Dist. Izq.": 60, "Al.Dist. Der.": 60, "Ruta": 9 }, "geometry": { "type": "Point", "coordinates": [ -62.2788998, -32.6320313 ] } },
{ "type": "Feature", "properties": { "Name": "451.64", "P.K.": null, "Al.Dist. Izq.": 60, "Al.Dist. Der.": 60, "Ruta": 9 }, "geometry": { "type": "Point", "coordinates": [ -62.2810903, -32.6316434 ] } },
{ "type": "Feature", "properties": { "Name": "452.25", "P.K.": null, "Al.Dist. Izq.": 60, "Al.Dist. Der.": 60, "Ruta": 9 }, "geometry": { "type": "Point", "coordinates": [ -62.2874165, -32.6305138 ] } },
{ "type": "Feature", "properties": { "Name": "452.83", "P.K.": null, "Al.Dist. Izq.": 60, "Al.Dist. Der.": 60, "Ruta": 9 }, "geometry": { "type": "Point", "coordinates": [ -62.2935071, -32.6294275 ] } },
{ "type": "Feature", "properties": { "Name": "452.86", "P.K.": null, "Al.Dist. Izq.": 60, "Al.Dist. Der.": 60, "Ruta": 9 }, "geometry": { "type": "Point", "coordinates": [ -62.2938221, -32.6293713 ] } },
{ "type": "Feature", "properties": { "Name": "452.86", "P.K.": null, "Al.Dist. Izq.": 60, "Al.Dist. Der.": 60, "Ruta": 9 }, "geometry": { "type": "Point", "coordinates": [ -62.2938221, -32.6293713 ] } },
{ "type": "Feature", "properties": { "Name": "453.43", "P.K.": null, "Al.Dist. Izq.": 60, "Al.Dist. Der.": 60, "Ruta": 9 }, "geometry": { "type": "Point", "coordinates": [ -62.2998076, -32.6283038 ] } },
{ "type": "Feature", "properties": { "Name": "453.69", "P.K.": null, "Al.Dist. Izq.": 60, "Al.Dist. Der.": 60, "Ruta": 9 }, "geometry": { "type": "Point", "coordinates": [ -62.3025378, -32.6278166 ] } },
{ "type": "Feature", "properties": { "Name": "453.69", "P.K.": null, "Al.Dist. Izq.": 60, "Al.Dist. Der.": 60, "Ruta": 9 }, "geometry": { "type": "Point", "coordinates": [ -62.3025378, -32.6278166 ] } },
{ "type": "Feature", "properties": { "Name": "453.84", "P.K.": null, "Al.Dist. Izq.": 60, "Al.Dist. Der.": 60, "Ruta": 9 }, "geometry": { "type": "Point", "coordinates": [ -62.3041124, -32.6275327 ] } },
{ "type": "Feature", "properties": { "Name": "455.01", "P.K.": null, "Al.Dist. Izq.": 60, "Al.Dist. Der.": 60, "Ruta": 9 }, "geometry": { "type": "Point", "coordinates": [ -62.3163915, -32.6253019 ] } },
{ "type": "Feature", "properties": { "Name": "455.74", "P.K.": null, "Al.Dist. Izq.": 60, "Al.Dist. Der.": 60, "Ruta": 9 }, "geometry": { "type": "Point", "coordinates": [ -62.3240662, -32.6239176 ] } },
{ "type": "Feature", "properties": { "Name": "455.74", "P.K.": null, "Al.Dist. Izq.": 60, "Al.Dist. Der.": 60, "Ruta": 9 }, "geometry": { "type": "Point", "coordinates": [ -62.3240662, -32.6239176 ] } },
{ "type": "Feature", "properties": { "Name": "455.9", "P.K.": null, "Al.Dist. Izq.": 60, "Al.Dist. Der.": 60, "Ruta": 9 }, "geometry": { "type": "Point", "coordinates": [ -62.3257343, -32.6236184 ] } },
{ "type": "Feature", "properties": { "Name": "456.11", "P.K.": null, "Al.Dist. Izq.": 60, "Al.Dist. Der.": 60, "Ruta": 9 }, "geometry": { "type": "Point", "coordinates": [ -62.3279393, -32.6232235 ] } },
{ "type": "Feature", "properties": { "Name": "456.11", "P.K.": null, "Al.Dist. Izq.": 60, "Al.Dist. Der.": 60, "Ruta": 9 }, "geometry": { "type": "Point", "coordinates": [ -62.3279393, -32.6232235 ] } },
{ "type": "Feature", "properties": { "Name": "456.26", "P.K.": null, "Al.Dist. Izq.": 60, "Al.Dist. Der.": 60, "Ruta": 9 }, "geometry": { "type": "Point", "coordinates": [ -62.3295138, -32.6229394 ] } },
{ "type": "Feature", "properties": { "Name": "456.26", "P.K.": null, "Al.Dist. Izq.": 60, "Al.Dist. Der.": 60, "Ruta": 9 }, "geometry": { "type": "Point", "coordinates": [ -62.3295138, -32.6229394 ] } },
{ "type": "Feature", "properties": { "Name": "456.41", "P.K.": null, "Al.Dist. Izq.": 60, "Al.Dist. Der.": 60, "Ruta": 9 }, "geometry": { "type": "Point", "coordinates": [ -62.3310716, -32.6226584 ] } },
{ "type": "Feature", "properties": { "Name": "456.41", "P.K.": null, "Al.Dist. Izq.": 60, "Al.Dist. Der.": 60, "Ruta": 9 }, "geometry": { "type": "Point", "coordinates": [ -62.3310716, -32.6226584 ] } },
{ "type": "Feature", "properties": { "Name": "456.55", "P.K.": null, "Al.Dist. Izq.": 60, "Al.Dist. Der.": 60, "Ruta": 9 }, "geometry": { "type": "Point", "coordinates": [ -62.3325255, -32.6223961 ] } },
{ "type": "Feature", "properties": { "Name": "456.69", "P.K.": null, "Al.Dist. Izq.": 60, "Al.Dist. Der.": 60, "Ruta": 9 }, "geometry": { "type": "Point", "coordinates": [ -62.3339794, -32.6221338 ] } },
{ "type": "Feature", "properties": { "Name": "456.85", "P.K.": null, "Al.Dist. Izq.": 60, "Al.Dist. Der.": 60, "Ruta": 9 }, "geometry": { "type": "Point", "coordinates": [ -62.3356413, -32.6218358 ] } },
{ "type": "Feature", "properties": { "Name": "456.85", "P.K.": null, "Al.Dist. Izq.": 60, "Al.Dist. Der.": 60, "Ruta": 9 }, "geometry": { "type": "Point", "coordinates": [ -62.3356413, -32.6218358 ] } },
{ "type": "Feature", "properties": { "Name": "456.85", "P.K.": null, "Al.Dist. Izq.": 60, "Al.Dist. Der.": 60, "Ruta": 9 }, "geometry": { "type": "Point", "coordinates": [ -62.3356413, -32.6218358 ] } },
{ "type": "Feature", "properties": { "Name": "457.06", "P.K.": null, "Al.Dist. Izq.": 60, "Al.Dist. Der.": 60, "Ruta": 9 }, "geometry": { "type": "Point", "coordinates": [ -62.3378291, -32.6214828 ] } },
{ "type": "Feature", "properties": { "Name": "457.06", "P.K.": null, "Al.Dist. Izq.": 60, "Al.Dist. Der.": 60, "Ruta": 9 }, "geometry": { "type": "Point", "coordinates": [ -62.3378291, -32.6214828 ] } },
{ "type": "Feature", "properties": { "Name": "457.08", "P.K.": null, "Al.Dist. Izq.": 60, "Al.Dist. Der.": 60, "Ruta": 9 }, "geometry": { "type": "Point", "coordinates": [ -62.3380376, -32.6214503 ] } },
{ "type": "Feature", "properties": { "Name": "457.69", "P.K.": null, "Al.Dist. Izq.": 60, "Al.Dist. Der.": 60, "Ruta": 9 }, "geometry": { "type": "Point", "coordinates": [ -62.3444205, -32.6206224 ] } },
{ "type": "Feature", "properties": { "Name": "459.59", "P.K.": null, "Al.Dist. Izq.": 60, "Al.Dist. Der.": 60, "Ruta": 9 }, "geometry": { "type": "Point", "coordinates": [ -62.3642161, -32.6174989 ] } },
{ "type": "Feature", "properties": { "Name": "461.34", "P.K.": null, "Al.Dist. Izq.": 60, "Al.Dist. Der.": 60, "Ruta": 9 }, "geometry": { "type": "Point", "coordinates": [ -62.3823653, -32.6140863 ] } },
{ "type": "Feature", "properties": { "Name": "462.87", "P.K.": null, "Al.Dist. Izq.": 60, "Al.Dist. Der.": 60, "Ruta": 9 }, "geometry": { "type": "Point", "coordinates": [ -62.3982422, -32.6111133 ] } },
{ "type": "Feature", "properties": { "Name": "462.87", "P.K.": null, "Al.Dist. Izq.": 60, "Al.Dist. Der.": 60, "Ruta": 9 }, "geometry": { "type": "Point", "coordinates": [ -62.3982422, -32.6111133 ] } },
{ "type": "Feature", "properties": { "Name": "463.95", "P.K.": null, "Al.Dist. Izq.": 60, "Al.Dist. Der.": 60, "Ruta": 9 }, "geometry": { "type": "Point", "coordinates": [ -62.4094497, -32.6090159 ] } },
{ "type": "Feature", "properties": { "Name": "465.71", "P.K.": null, "Al.Dist. Izq.": 60, "Al.Dist. Der.": 60, "Ruta": 9 }, "geometry": { "type": "Point", "coordinates": [ -62.4277115, -32.6055864 ] } },
{ "type": "Feature", "properties": { "Name": "466.54", "P.K.": null, "Al.Dist. Izq.": 60, "Al.Dist. Der.": 60, "Ruta": 9 }, "geometry": { "type": "Point", "coordinates": [ -62.4363231, -32.6039662 ] } },
{ "type": "Feature", "properties": { "Name": "467.88", "P.K.": null, "Al.Dist. Izq.": 60, "Al.Dist. Der.": 60, "Ruta": 9 }, "geometry": { "type": "Point", "coordinates": [ -62.4501567, -32.6013756 ] } },
{ "type": "Feature", "properties": { "Name": "467.88", "P.K.": null, "Al.Dist. Izq.": 60, "Al.Dist. Der.": 60, "Ruta": 9 }, "geometry": { "type": "Point", "coordinates": [ -62.4501567, -32.6013756 ] } },
{ "type": "Feature", "properties": { "Name": "468.54", "P.K.": null, "Al.Dist. Izq.": 60, "Al.Dist. Der.": 60, "Ruta": 9 }, "geometry": { "type": "Point", "coordinates": [ -62.4569699, -32.6000984 ] } },
{ "type": "Feature", "properties": { "Name": "468.76", "P.K.": null, "Al.Dist. Izq.": 60, "Al.Dist. Der.": 60, "Ruta": 9 }, "geometry": { "type": "Point", "coordinates": [ -62.459241, -32.5996726 ] } },
{ "type": "Feature", "properties": { "Name": "468.92", "P.K.": null, "Al.Dist. Izq.": 60, "Al.Dist. Der.": 60, "Ruta": 9 }, "geometry": { "type": "Point", "coordinates": [ -62.4608927, -32.599363 ] } },
{ "type": "Feature", "properties": { "Name": "469.51", "P.K.": null, "Al.Dist. Izq.": 60, "Al.Dist. Der.": 60, "Ruta": 9 }, "geometry": { "type": "Point", "coordinates": [ -62.4669834, -32.5982212 ] } },
{ "type": "Feature", "properties": { "Name": "469.63", "P.K.": null, "Al.Dist. Izq.": 60, "Al.Dist. Der.": 60, "Ruta": 9 }, "geometry": { "type": "Point", "coordinates": [ -62.468222, -32.5979882 ] } },
{ "type": "Feature", "properties": { "Name": "469.63", "P.K.": null, "Al.Dist. Izq.": 60, "Al.Dist. Der.": 60, "Ruta": 9 }, "geometry": { "type": "Point", "coordinates": [ -62.468222, -32.5979882 ] } },
{ "type": "Feature", "properties": { "Name": "469.63", "P.K.": null, "Al.Dist. Izq.": 60, "Al.Dist. Der.": 60, "Ruta": 9 }, "geometry": { "type": "Point", "coordinates": [ -62.468222, -32.5979882 ] } },
{ "type": "Feature", "properties": { "Name": "469.76", "P.K.": null, "Al.Dist. Izq.": 60, "Al.Dist. Der.": 60, "Ruta": 9 }, "geometry": { "type": "Point", "coordinates": [ -62.4695637, -32.5977351 ] } },
{ "type": "Feature", "properties": { "Name": "469.76", "P.K.": null, "Al.Dist. Izq.": 60, "Al.Dist. Der.": 60, "Ruta": 9 }, "geometry": { "type": "Point", "coordinates": [ -62.4695637, -32.5977351 ] } },
{ "type": "Feature", "properties": { "Name": "469.76", "P.K.": null, "Al.Dist. Izq.": 60, "Al.Dist. Der.": 60, "Ruta": 9 }, "geometry": { "type": "Point", "coordinates": [ -62.4695637, -32.5977351 ] } },
{ "type": "Feature", "properties": { "Name": "470.01", "P.K.": null, "Al.Dist. Izq.": 60, "Al.Dist. Der.": 60, "Ruta": 9 }, "geometry": { "type": "Point", "coordinates": [ -62.472144, -32.5972483 ] } },
{ "type": "Feature", "properties": { "Name": "470.16", "P.K.": null, "Al.Dist. Izq.": 60, "Al.Dist. Der.": 60, "Ruta": 9 }, "geometry": { "type": "Point", "coordinates": [ -62.4736921, -32.5969562 ] } },
{ "type": "Feature", "properties": { "Name": "470.31", "P.K.": null, "Al.Dist. Izq.": 60, "Al.Dist. Der.": 60, "Ruta": 9 }, "geometry": { "type": "Point", "coordinates": [ -62.4752492, -32.5966624 ] } },
{ "type": "Feature", "properties": { "Name": "470.31", "P.K.": null, "Al.Dist. Izq.": 60, "Al.Dist. Der.": 60, "Ruta": 9 }, "geometry": { "type": "Point", "coordinates": [ -62.4752492, -32.5966624 ] } },
{ "type": "Feature", "properties": { "Name": "470.56", "P.K.": null, "Al.Dist. Izq.": 60, "Al.Dist. Der.": 60, "Ruta": 9 }, "geometry": { "type": "Point", "coordinates": [ -62.4778443, -32.5961728 ] } },
{ "type": "Feature", "properties": { "Name": "470.68", "P.K.": null, "Al.Dist. Izq.": 60, "Al.Dist. Der.": 60, "Ruta": 9 }, "geometry": { "type": "Point", "coordinates": [ -62.47909, -32.5959378 ] } },
{ "type": "Feature", "properties": { "Name": "470.68", "P.K.": null, "Al.Dist. Izq.": 60, "Al.Dist. Der.": 60, "Ruta": 9 }, "geometry": { "type": "Point", "coordinates": [ -62.47909, -32.5959378 ] } },
{ "type": "Feature", "properties": { "Name": "470.73", "P.K.": null, "Al.Dist. Izq.": 60, "Al.Dist. Der.": 60, "Ruta": 9 }, "geometry": { "type": "Point", "coordinates": [ -62.479609, -32.5958399 ] } },
{ "type": "Feature", "properties": { "Name": "471.02", "P.K.": null, "Al.Dist. Izq.": 60, "Al.Dist. Der.": 60, "Ruta": 9 }, "geometry": { "type": "Point", "coordinates": [ -62.4826194, -32.5952719 ] } },
{ "type": "Feature", "properties": { "Name": "471.02", "P.K.": null, "Al.Dist. Izq.": 60, "Al.Dist. Der.": 60, "Ruta": 9 }, "geometry": { "type": "Point", "coordinates": [ -62.4826194, -32.5952719 ] } },
{ "type": "Feature", "properties": { "Name": "471.33", "P.K.": null, "Al.Dist. Izq.": 60, "Al.Dist. Der.": 60, "Ruta": 9 }, "geometry": { "type": "Point", "coordinates": [ -62.4858383, -32.5946698 ] } },
{ "type": "Feature", "properties": { "Name": "471.52", "P.K.": null, "Al.Dist. Izq.": 60, "Al.Dist. Der.": 60, "Ruta": 9 }, "geometry": { "type": "Point", "coordinates": [ -62.4878113, -32.594301 ] } },
{ "type": "Feature", "properties": { "Name": "471.56", "P.K.": null, "Al.Dist. Izq.": 60, "Al.Dist. Der.": 60, "Ruta": 9 }, "geometry": { "type": "Point", "coordinates": [ -62.4882266, -32.5942234 ] } },
{ "type": "Feature", "properties": { "Name": "471.96", "P.K.": null, "Al.Dist. Izq.": 60, "Al.Dist. Der.": 60, "Ruta": 9 }, "geometry": { "type": "Point", "coordinates": [ -62.4923786, -32.593439 ] } },
{ "type": "Feature", "properties": { "Name": "472.46", "P.K.": null, "Al.Dist. Izq.": 60, "Al.Dist. Der.": 60, "Ruta": 9 }, "geometry": { "type": "Point", "coordinates": [ -62.4975963, -32.5926234 ] } },
{ "type": "Feature", "properties": { "Name": "472.72", "P.K.": null, "Al.Dist. Izq.": 60, "Al.Dist. Der.": 60, "Ruta": 9 }, "geometry": { "type": "Point", "coordinates": [ -62.5003209, -32.5922765 ] } },
{ "type": "Feature", "properties": { "Name": "472.79", "P.K.": null, "Al.Dist. Izq.": 60, "Al.Dist. Der.": 60, "Ruta": 9 }, "geometry": { "type": "Point", "coordinates": [ -62.5010544, -32.5921833 ] } },
{ "type": "Feature", "properties": { "Name": "472.89", "P.K.": null, "Al.Dist. Izq.": 60, "Al.Dist. Der.": 60, "Ruta": 9 }, "geometry": { "type": "Point", "coordinates": [ -62.5021024, -32.59205 ] } },
{ "type": "Feature", "properties": { "Name": "472.89", "P.K.": null, "Al.Dist. Izq.": 60, "Al.Dist. Der.": 60, "Ruta": 9 }, "geometry": { "type": "Point", "coordinates": [ -62.5021024, -32.59205 ] } },
{ "type": "Feature", "properties": { "Name": "473.21", "P.K.": null, "Al.Dist. Izq.": 60, "Al.Dist. Der.": 60, "Ruta": 9 }, "geometry": { "type": "Point", "coordinates": [ -62.5054522, -32.5915969 ] } },
{ "type": "Feature", "properties": { "Name": "473.71", "P.K.": null, "Al.Dist. Izq.": 60, "Al.Dist. Der.": 60, "Ruta": 9 }, "geometry": { "type": "Point", "coordinates": [ -62.5106807, -32.5908507 ] } },
{ "type": "Feature", "properties": { "Name": "474.24", "P.K.": null, "Al.Dist. Izq.": 60, "Al.Dist. Der.": 60, "Ruta": 9 }, "geometry": { "type": "Point", "coordinates": [ -62.5161906, -32.5898571 ] } },
{ "type": "Feature", "properties": { "Name": "475.27", "P.K.": null, "Al.Dist. Izq.": 60, "Al.Dist. Der.": 60, "Ruta": 9 }, "geometry": { "type": "Point", "coordinates": [ -62.5268938, -32.5879003 ] } },
{ "type": "Feature", "properties": { "Name": "476.15", "P.K.": null, "Al.Dist. Izq.": 60, "Al.Dist. Der.": 60, "Ruta": 9 }, "geometry": { "type": "Point", "coordinates": [ -62.5360206, -32.586263 ] } },
{ "type": "Feature", "properties": { "Name": "477.45", "P.K.": null, "Al.Dist. Izq.": 60, "Al.Dist. Der.": 60, "Ruta": 9 }, "geometry": { "type": "Point", "coordinates": [ -62.5494996, -32.5838235 ] } },
{ "type": "Feature", "properties": { "Name": "477.87", "P.K.": null, "Al.Dist. Izq.": 60, "Al.Dist. Der.": 60, "Ruta": 9 }, "geometry": { "type": "Point", "coordinates": [ -62.5538544, -32.5830353 ] } },
{ "type": "Feature", "properties": { "Name": "477.87", "P.K.": null, "Al.Dist. Izq.": 60, "Al.Dist. Der.": 60, "Ruta": 9 }, "geometry": { "type": "Point", "coordinates": [ -62.5538544, -32.5830353 ] } },
{ "type": "Feature", "properties": { "Name": "477.91", "P.K.": null, "Al.Dist. Izq.": 60, "Al.Dist. Der.": 60, "Ruta": 9 }, "geometry": { "type": "Point", "coordinates": [ -62.5542691, -32.5829602 ] } },
{ "type": "Feature", "properties": { "Name": "479.26", "P.K.": null, "Al.Dist. Izq.": 60, "Al.Dist. Der.": 60, "Ruta": 9 }, "geometry": { "type": "Point", "coordinates": [ -62.5683406, -32.58042 ] } },
{ "type": "Feature", "properties": { "Name": "479.46", "P.K.": null, "Al.Dist. Izq.": 60, "Al.Dist. Der.": 60, "Ruta": 9 }, "geometry": { "type": "Point", "coordinates": [ -62.5704249, -32.5800416 ] } },
{ "type": "Feature", "properties": { "Name": "479.66", "P.K.": null, "Al.Dist. Izq.": 60, "Al.Dist. Der.": 60, "Ruta": 9 }, "geometry": { "type": "Point", "coordinates": [ -62.5725092, -32.5796632 ] } },
{ "type": "Feature", "properties": { "Name": "479.91", "P.K.": null, "Al.Dist. Izq.": 60, "Al.Dist. Der.": 60, "Ruta": 9 }, "geometry": { "type": "Point", "coordinates": [ -62.5751146, -32.5791902 ] } },
{ "type": "Feature", "properties": { "Name": "479.96", "P.K.": null, "Al.Dist. Izq.": 60, "Al.Dist. Der.": 60, "Ruta": 9 }, "geometry": { "type": "Point", "coordinates": [ -62.5756357, -32.5790956 ] } },
{ "type": "Feature", "properties": { "Name": "480.4", "P.K.": null, "Al.Dist. Izq.": 60, "Al.Dist. Der.": 60, "Ruta": 9 }, "geometry": { "type": "Point", "coordinates": [ -62.5802356, -32.5783621 ] } },
{ "type": "Feature", "properties": { "Name": "480.53", "P.K.": null, "Al.Dist. Izq.": 60, "Al.Dist. Der.": 60, "Ruta": 9 }, "geometry": { "type": "Point", "coordinates": [ -62.5816103, -32.5783037 ] } },
{ "type": "Feature", "properties": { "Name": "480.67", "P.K.": null, "Al.Dist. Izq.": 60, "Al.Dist. Der.": 60, "Ruta": 9 }, "geometry": { "type": "Point", "coordinates": [ -62.5830783, -32.5783488 ] } },
{ "type": "Feature", "properties": { "Name": "481.01", "P.K.": null, "Al.Dist. Izq.": 60, "Al.Dist. Der.": 60, "Ruta": 9 }, "geometry": { "type": "Point", "coordinates": [ -62.5865928, -32.5789288 ] } },
{ "type": "Feature", "properties": { "Name": "481.07", "P.K.": null, "Al.Dist. Izq.": 60, "Al.Dist. Der.": 60, "Ruta": 9 }, "geometry": { "type": "Point", "coordinates": [ -62.5871942, -32.579115 ] } },
{ "type": "Feature", "properties": { "Name": "481.58", "P.K.": null, "Al.Dist. Izq.": 60, "Al.Dist. Der.": 60, "Ruta": 9 }, "geometry": { "type": "Point", "coordinates": [ -62.5922385, -32.5809001 ] } },
{ "type": "Feature", "properties": { "Name": "481.75", "P.K.": null, "Al.Dist. Izq.": 60, "Al.Dist. Der.": 60, "Ruta": 9 }, "geometry": { "type": "Point", "coordinates": [ -62.5939154, -32.5815087 ] } },
{ "type": "Feature", "properties": { "Name": "481.75", "P.K.": null, "Al.Dist. Izq.": 60, "Al.Dist. Der.": 60, "Ruta": 9 }, "geometry": { "type": "Point", "coordinates": [ -62.5939154, -32.5815087 ] } },
{ "type": "Feature", "properties": { "Name": "482.13", "P.K.": null, "Al.Dist. Izq.": 60, "Al.Dist. Der.": 60, "Ruta": 9 }, "geometry": { "type": "Point", "coordinates": [ -62.5976637, -32.582869 ] } },
{ "type": "Feature", "properties": { "Name": "482.51", "P.K.": null, "Al.Dist. Izq.": 60, "Al.Dist. Der.": 60, "Ruta": 9 }, "geometry": { "type": "Point", "coordinates": [ -62.6014137, -32.5842243 ] } },
{ "type": "Feature", "properties": { "Name": "483.06", "P.K.": null, "Al.Dist. Izq.": 60, "Al.Dist. Der.": 60, "Ruta": 9 }, "geometry": { "type": "Point", "coordinates": [ -62.6070558, -32.5853241 ] } },
{ "type": "Feature", "properties": { "Name": "483.56", "P.K.": null, "Al.Dist. Izq.": 60, "Al.Dist. Der.": 60, "Ruta": 9 }, "geometry": { "type": "Point", "coordinates": [ -62.6122552, -32.5847726 ] } },
{ "type": "Feature", "properties": { "Name": "483.91", "P.K.": null, "Al.Dist. Izq.": 60, "Al.Dist. Der.": 60, "Ruta": 9 }, "geometry": { "type": "Point", "coordinates": [ -62.6158088, -32.5838452 ] } },
{ "type": "Feature", "properties": { "Name": "483.91", "P.K.": null, "Al.Dist. Izq.": 60, "Al.Dist. Der.": 60, "Ruta": 9 }, "geometry": { "type": "Point", "coordinates": [ -62.6158088, -32.5838452 ] } },
{ "type": "Feature", "properties": { "Name": "484.96", "P.K.": null, "Al.Dist. Izq.": 60, "Al.Dist. Der.": 60, "Ruta": 9 }, "geometry": { "type": "Point", "coordinates": [ -62.6264645, -32.5810424 ] } },
{ "type": "Feature", "properties": { "Name": "485.8", "P.K.": null, "Al.Dist. Izq.": 60, "Al.Dist. Der.": 60, "Ruta": 9 }, "geometry": { "type": "Point", "coordinates": [ -62.6349898, -32.5788033 ] } },
{ "type": "Feature", "properties": { "Name": "486.37", "P.K.": null, "Al.Dist. Izq.": 60, "Al.Dist. Der.": 60, "Ruta": 9 }, "geometry": { "type": "Point", "coordinates": [ -62.640773, -32.5772912 ] } },
{ "type": "Feature", "properties": { "Name": "488.48", "P.K.": null, "Al.Dist. Izq.": 60, "Al.Dist. Der.": 60, "Ruta": 9 }, "geometry": { "type": "Point", "coordinates": [ -62.6621784, -32.5716825 ] } },
{ "type": "Feature", "properties": { "Name": "488.92", "P.K.": null, "Al.Dist. Izq.": 60, "Al.Dist. Der.": 60, "Ruta": 9 }, "geometry": { "type": "Point", "coordinates": [ -62.6666441, -32.5705208 ] } },
{ "type": "Feature", "properties": { "Name": "488.92", "P.K.": null, "Al.Dist. Izq.": 60, "Al.Dist. Der.": 60, "Ruta": 9 }, "geometry": { "type": "Point", "coordinates": [ -62.6666441, -32.5705208 ] } },
{ "type": "Feature", "properties": { "Name": "490.03", "P.K.": null, "Al.Dist. Izq.": 60, "Al.Dist. Der.": 60, "Ruta": 9 }, "geometry": { "type": "Point", "coordinates": [ -62.6780943, -32.5708748 ] } },
{ "type": "Feature", "properties": { "Name": "490.53", "P.K.": null, "Al.Dist. Izq.": 60, "Al.Dist. Der.": 60, "Ruta": 9 }, "geometry": { "type": "Point", "coordinates": [ -62.6825921, -32.5731754 ] } },
{ "type": "Feature", "properties": { "Name": "490.6", "P.K.": null, "Al.Dist. Izq.": 60, "Al.Dist. Der.": 60, "Ruta": 9 }, "geometry": { "type": "Point", "coordinates": [ -62.6832025, -32.5735356 ] } },
{ "type": "Feature", "properties": { "Name": "490.86", "P.K.": null, "Al.Dist. Izq.": 60, "Al.Dist. Der.": 60, "Ruta": 9 }, "geometry": { "type": "Point", "coordinates": [ -62.6854731, -32.5748674 ] } },
{ "type": "Feature", "properties": { "Name": "491", "P.K.": null, "Al.Dist. Izq.": 60, "Al.Dist. Der.": 60, "Ruta": 9 }, "geometry": { "type": "Point", "coordinates": [ -62.6866957, -32.5755845 ] } },
{ "type": "Feature", "properties": { "Name": "491.41", "P.K.": null, "Al.Dist. Izq.": 60, "Al.Dist. Der.": 60, "Ruta": 9 }, "geometry": { "type": "Point", "coordinates": [ -62.6902991, -32.577698 ] } },
{ "type": "Feature", "properties": { "Name": "492.01", "P.K.": null, "Al.Dist. Izq.": 60, "Al.Dist. Der.": 60, "Ruta": 9 }, "geometry": { "type": "Point", "coordinates": [ -62.6955722, -32.5807909 ] } },
{ "type": "Feature", "properties": { "Name": "492.01", "P.K.": null, "Al.Dist. Izq.": 60, "Al.Dist. Der.": 60, "Ruta": 9 }, "geometry": { "type": "Point", "coordinates": [ -62.6955722, -32.5807909 ] } },
{ "type": "Feature", "properties": { "Name": "492.01", "P.K.": null, "Al.Dist. Izq.": 60, "Al.Dist. Der.": 60, "Ruta": 9 }, "geometry": { "type": "Point", "coordinates": [ -62.6955722, -32.5807909 ] } },
{ "type": "Feature", "properties": { "Name": "492.42", "P.K.": null, "Al.Dist. Izq.": 60, "Al.Dist. Der.": 60, "Ruta": 9 }, "geometry": { "type": "Point", "coordinates": [ -62.6991741, -32.582907 ] } },
{ "type": "Feature", "properties": { "Name": "492.42", "P.K.": null, "Al.Dist. Izq.": 60, "Al.Dist. Der.": 60, "Ruta": 9 }, "geometry": { "type": "Point", "coordinates": [ -62.6991741, -32.582907 ] } },
{ "type": "Feature", "properties": { "Name": "492.99", "P.K.": null, "Al.Dist. Izq.": 60, "Al.Dist. Der.": 60, "Ruta": 9 }, "geometry": { "type": "Point", "coordinates": [ -62.7042572, -32.585874 ] } },
{ "type": "Feature", "properties": { "Name": "492.99", "P.K.": null, "Al.Dist. Izq.": 60, "Al.Dist. Der.": 60, "Ruta": 9 }, "geometry": { "type": "Point", "coordinates": [ -62.7042572, -32.585874 ] } },
{ "type": "Feature", "properties": { "Name": "493.02", "P.K.": null, "Al.Dist. Izq.": 60, "Al.Dist. Der.": 60, "Ruta": 9 }, "geometry": { "type": "Point", "coordinates": [ -62.7045323, -32.5860163 ] } },
{ "type": "Feature", "properties": { "Name": "493.06", "P.K.": null, "Al.Dist. Izq.": 60, "Al.Dist. Der.": 60, "Ruta": 9 }, "geometry": { "type": "Point", "coordinates": [ -62.7049011, -32.5862023 ] } },
{ "type": "Feature", "properties": { "Name": "493.11", "P.K.": null, "Al.Dist. Izq.": 60, "Al.Dist. Der.": 60, "Ruta": 9 }, "geometry": { "type": "Point", "coordinates": [ -62.7053651, -32.5864285 ] } },
{ "type": "Feature", "properties": { "Name": "493.16", "P.K.": null, "Al.Dist. Izq.": 60, "Al.Dist. Der.": 60, "Ruta": 9 }, "geometry": { "type": "Point", "coordinates": [ -62.7058348, -32.5866428 ] } },
{ "type": "Feature", "properties": { "Name": "493.49", "P.K.": null, "Al.Dist. Izq.": 60, "Al.Dist. Der.": 60, "Ruta": 9 }, "geometry": { "type": "Point", "coordinates": [ -62.7090441, -32.5877757 ] } },
{ "type": "Feature", "properties": { "Name": "493.49", "P.K.": null, "Al.Dist. Izq.": 60, "Al.Dist. Der.": 60, "Ruta": 9 }, "geometry": { "type": "Point", "coordinates": [ -62.7090441, -32.5877757 ] } },
{ "type": "Feature", "properties": { "Name": "493.61", "P.K.": null, "Al.Dist. Izq.": 60, "Al.Dist. Der.": 60, "Ruta": 9 }, "geometry": { "type": "Point", "coordinates": [ -62.710252, -32.5880504 ] } },
{ "type": "Feature", "properties": { "Name": "493.61", "P.K.": null, "Al.Dist. Izq.": 60, "Al.Dist. Der.": 60, "Ruta": 9 }, "geometry": { "type": "Point", "coordinates": [ -62.710252, -32.5880504 ] } },
{ "type": "Feature", "properties": { "Name": "493.75", "P.K.": null, "Al.Dist. Izq.": 60, "Al.Dist. Der.": 60, "Ruta": 9 }, "geometry": { "type": "Point", "coordinates": [ -62.7117075, -32.5882964 ] } },
{ "type": "Feature", "properties": { "Name": "493.75", "P.K.": null, "Al.Dist. Izq.": 60, "Al.Dist. Der.": 60, "Ruta": 9 }, "geometry": { "type": "Point", "coordinates": [ -62.7117075, -32.5882964 ] } },
{ "type": "Feature", "properties": { "Name": "494.14", "P.K.": null, "Al.Dist. Izq.": 60, "Al.Dist. Der.": 60, "Ruta": 9 }, "geometry": { "type": "Point", "coordinates": [ -62.7158114, -32.5884681 ] } },
{ "type": "Feature", "properties": { "Name": "494.14", "P.K.": null, "Al.Dist. Izq.": 60, "Al.Dist. Der.": 60, "Ruta": 9 }, "geometry": { "type": "Point", "coordinates": [ -62.7158114, -32.5884681 ] } },
{ "type": "Feature", "properties": { "Name": "494.18", "P.K.": null, "Al.Dist. Izq.": 60, "Al.Dist. Der.": 60, "Ruta": 9 }, "geometry": { "type": "Point", "coordinates": [ -62.7162326, -32.5884468 ] } },
{ "type": "Feature", "properties": { "Name": "494.2", "P.K.": null, "Al.Dist. Izq.": 60, "Al.Dist. Der.": 60, "Ruta": 9 }, "geometry": { "type": "Point", "coordinates": [ -62.7164424, -32.5884254 ] } },
{ "type": "Feature", "properties": { "Name": "494.55", "P.K.": null, "Al.Dist. Izq.": 60, "Al.Dist. Der.": 60, "Ruta": 9 }, "geometry": { "type": "Point", "coordinates": [ -62.7200839, -32.5878464 ] } },
{ "type": "Feature", "properties": { "Name": "494.85", "P.K.": null, "Al.Dist. Izq.": 60, "Al.Dist. Der.": 60, "Ruta": 9 }, "geometry": { "type": "Point", "coordinates": [ -62.7231772, -32.5871834 ] } },
{ "type": "Feature", "properties": { "Name": "495.09", "P.K.": null, "Al.Dist. Izq.": 60, "Al.Dist. Der.": 60, "Ruta": 9 }, "geometry": { "type": "Point", "coordinates": [ -62.7256518, -32.5866529 ] } },
{ "type": "Feature", "properties": { "Name": "496.26", "P.K.": null, "Al.Dist. Izq.": 60, "Al.Dist. Der.": 60, "Ruta": 9 }, "geometry": { "type": "Point", "coordinates": [ -62.7377152, -32.5840652 ] } },
{ "type": "Feature", "properties": { "Name": "497.97", "P.K.": null, "Al.Dist. Izq.": 60, "Al.Dist. Der.": 60, "Ruta": 9 }, "geometry": { "type": "Point", "coordinates": [ -62.755342, -32.5802633 ] } },
{ "type": "Feature", "properties": { "Name": "499.17", "P.K.": null, "Al.Dist. Izq.": 60, "Al.Dist. Der.": 60, "Ruta": 9 }, "geometry": { "type": "Point", "coordinates": [ -62.7676125, -32.5776122 ] } },
{ "type": "Feature", "properties": { "Name": "499.17", "P.K.": null, "Al.Dist. Izq.": 60, "Al.Dist. Der.": 60, "Ruta": 9 }, "geometry": { "type": "Point", "coordinates": [ -62.7676125, -32.5776122 ] } },
{ "type": "Feature", "properties": { "Name": "499.8", "P.K.": null, "Al.Dist. Izq.": 60, "Al.Dist. Der.": 60, "Ruta": 9 }, "geometry": { "type": "Point", "coordinates": [ -62.7740014, -32.5759969 ] } },
{ "type": "Feature", "properties": { "Name": "500.21", "P.K.": null, "Al.Dist. Izq.": 60, "Al.Dist. Der.": 60, "Ruta": 9 }, "geometry": { "type": "Point", "coordinates": [ -62.7781055, -32.5747521 ] } },
{ "type": "Feature", "properties": { "Name": "500.8", "P.K.": null, "Al.Dist. Izq.": 60, "Al.Dist. Der.": 60, "Ruta": 9 }, "geometry": { "type": "Point", "coordinates": [ -62.7839727, -32.5728359 ] } },
{ "type": "Feature", "properties": { "Name": "501.84", "P.K.": null, "Al.Dist. Izq.": 60, "Al.Dist. Der.": 60, "Ruta": 9 }, "geometry": { "type": "Point", "coordinates": [ -62.7943115, -32.5694479 ] } },
{ "type": "Feature", "properties": { "Name": "503.08", "P.K.": null, "Al.Dist. Izq.": 60, "Al.Dist. Der.": 60, "Ruta": 9 }, "geometry": { "type": "Point", "coordinates": [ -62.806639, -32.5654096 ] } },
{ "type": "Feature", "properties": { "Name": "503.14", "P.K.": null, "Al.Dist. Izq.": 60, "Al.Dist. Der.": 60, "Ruta": 9 }, "geometry": { "type": "Point", "coordinates": [ -62.8072356, -32.5652146 ] } },
{ "type": "Feature", "properties": { "Name": "503.4", "P.K.": null, "Al.Dist. Izq.": 60, "Al.Dist. Der.": 60, "Ruta": 9 }, "geometry": { "type": "Point", "coordinates": [ -62.8098209, -32.5643693 ] } },
{ "type": "Feature", "properties": { "Name": "503.71", "P.K.": null, "Al.Dist. Izq.": 60, "Al.Dist. Der.": 60, "Ruta": 9 }, "geometry": { "type": "Point", "coordinates": [ -62.8129034, -32.5633616 ] } },
{ "type": "Feature", "properties": { "Name": "503.9", "P.K.": null, "Al.Dist. Izq.": 60, "Al.Dist. Der.": 60, "Ruta": 9 }, "geometry": { "type": "Point", "coordinates": [ -62.8147905, -32.5627446 ] } },
{ "type": "Feature", "properties": { "Name": "503.9", "P.K.": null, "Al.Dist. Izq.": 60, "Al.Dist. Der.": 60, "Ruta": 9 }, "geometry": { "type": "Point", "coordinates": [ -62.8147905, -32.5627446 ] } },
{ "type": "Feature", "properties": { "Name": "503.97", "P.K.": null, "Al.Dist. Izq.": 60, "Al.Dist. Der.": 60, "Ruta": 9 }, "geometry": { "type": "Point", "coordinates": [ -62.8154887, -32.5625163 ] } },
{ "type": "Feature", "properties": { "Name": "504.06", "P.K.": null, "Al.Dist. Izq.": 60, "Al.Dist. Der.": 60, "Ruta": 9 }, "geometry": { "type": "Point", "coordinates": [ -62.8163836, -32.5622237 ] } },
{ "type": "Feature", "properties": { "Name": "504.06", "P.K.": null, "Al.Dist. Izq.": 60, "Al.Dist. Der.": 60, "Ruta": 9 }, "geometry": { "type": "Point", "coordinates": [ -62.8163836, -32.5622237 ] } },
{ "type": "Feature", "properties": { "Name": "504.31", "P.K.": null, "Al.Dist. Izq.": 60, "Al.Dist. Der.": 60, "Ruta": 9 }, "geometry": { "type": "Point", "coordinates": [ -62.8188694, -32.561411 ] } },
{ "type": "Feature", "properties": { "Name": "504.46", "P.K.": null, "Al.Dist. Izq.": 60, "Al.Dist. Der.": 60, "Ruta": 9 }, "geometry": { "type": "Point", "coordinates": [ -62.8203609, -32.5609234 ] } },
{ "type": "Feature", "properties": { "Name": "504.54", "P.K.": null, "Al.Dist. Izq.": 60, "Al.Dist. Der.": 60, "Ruta": 9 }, "geometry": { "type": "Point", "coordinates": [ -62.8211602, -32.5606639 ] } },
{ "type": "Feature", "properties": { "Name": "504.56", "P.K.": null, "Al.Dist. Izq.": 60, "Al.Dist. Der.": 60, "Ruta": 9 }, "geometry": { "type": "Point", "coordinates": [ -62.8213601, -32.5605993 ] } },
{ "type": "Feature", "properties": { "Name": "504.62", "P.K.": null, "Al.Dist. Izq.": 60, "Al.Dist. Der.": 60, "Ruta": 9 }, "geometry": { "type": "Point", "coordinates": [ -62.8219598, -32.5604053 ] } },
{ "type": "Feature", "properties": { "Name": "504.93", "P.K.": null, "Al.Dist. Izq.": 60, "Al.Dist. Der.": 60, "Ruta": 9 }, "geometry": { "type": "Point", "coordinates": [ -62.8250702, -32.5594418 ] } },
{ "type": "Feature", "properties": { "Name": "504.93", "P.K.": null, "Al.Dist. Izq.": 60, "Al.Dist. Der.": 60, "Ruta": 9 }, "geometry": { "type": "Point", "coordinates": [ -62.8250702, -32.5594418 ] } },
{ "type": "Feature", "properties": { "Name": "504.95", "P.K.": null, "Al.Dist. Izq.": 60, "Al.Dist. Der.": 60, "Ruta": 9 }, "geometry": { "type": "Point", "coordinates": [ -62.8252719, -32.5593828 ] } },
{ "type": "Feature", "properties": { "Name": "504.96", "P.K.": null, "Al.Dist. Izq.": 60, "Al.Dist. Der.": 60, "Ruta": 9 }, "geometry": { "type": "Point", "coordinates": [ -62.8253727, -32.5593533 ] } },
{ "type": "Feature", "properties": { "Name": "505.01", "P.K.": null, "Al.Dist. Izq.": 60, "Al.Dist. Der.": 60, "Ruta": 9 }, "geometry": { "type": "Point", "coordinates": [ -62.8258768, -32.5592059 ] } },
{ "type": "Feature", "properties": { "Name": "505.11", "P.K.": null, "Al.Dist. Izq.": 60, "Al.Dist. Der.": 60, "Ruta": 9 }, "geometry": { "type": "Point", "coordinates": [ -62.826885, -32.5589111 ] } },
{ "type": "Feature", "properties": { "Name": "505.33", "P.K.": null, "Al.Dist. Izq.": 60, "Al.Dist. Der.": 60, "Ruta": 9 }, "geometry": { "type": "Point", "coordinates": [ -62.8291037, -32.5582643 ] } },
{ "type": "Feature", "properties": { "Name": "505.71", "P.K.": null, "Al.Dist. Izq.": 60, "Al.Dist. Der.": 60, "Ruta": 9 }, "geometry": { "type": "Point", "coordinates": [ -62.8329411, -32.557165 ] } },
{ "type": "Feature", "properties": { "Name": "505.87", "P.K.": null, "Al.Dist. Izq.": 60, "Al.Dist. Der.": 60, "Ruta": 9 }, "geometry": { "type": "Point", "coordinates": [ -62.8345571, -32.5567032 ] } },
{ "type": "Feature", "properties": { "Name": "506.91", "P.K.": null, "Al.Dist. Izq.": 60, "Al.Dist. Der.": 60, "Ruta": 9 }, "geometry": { "type": "Point", "coordinates": [ -62.8450718, -32.5537383 ] } },
{ "type": "Feature", "properties": { "Name": "508.34", "P.K.": null, "Al.Dist. Izq.": 60, "Al.Dist. Der.": 60, "Ruta": 9 }, "geometry": { "type": "Point", "coordinates": [ -62.8595271, -32.5496529 ] } },
{ "type": "Feature", "properties": { "Name": "509.16", "P.K.": null, "Al.Dist. Izq.": 60, "Al.Dist. Der.": 60, "Ruta": 9 }, "geometry": { "type": "Point", "coordinates": [ -62.8678137, -32.5473017 ] } },
{ "type": "Feature", "properties": { "Name": "509.16", "P.K.": null, "Al.Dist. Izq.": 60, "Al.Dist. Der.": 60, "Ruta": 9 }, "geometry": { "type": "Point", "coordinates": [ -62.8678137, -32.5473017 ] } },
{ "type": "Feature", "properties": { "Name": "510.49", "P.K.": null, "Al.Dist. Izq.": 60, "Al.Dist. Der.": 60, "Ruta": 9 }, "geometry": { "type": "Point", "coordinates": [ -62.881255, -32.5434909 ] } },
{ "type": "Feature", "properties": { "Name": "511.1", "P.K.": null, "Al.Dist. Izq.": 60, "Al.Dist. Der.": 60, "Ruta": 9 }, "geometry": { "type": "Point", "coordinates": [ -62.8873921, -32.5417509 ] } },
{ "type": "Feature", "properties": { "Name": "511.7", "P.K.": null, "Al.Dist. Izq.": 60, "Al.Dist. Der.": 60, "Ruta": 9 }, "geometry": { "type": "Point", "coordinates": [ -62.8934254, -32.5400281 ] } },
{ "type": "Feature", "properties": { "Name": "512.03", "P.K.": null, "Al.Dist. Izq.": 60, "Al.Dist. Der.": 60, "Ruta": 9 }, "geometry": { "type": "Point", "coordinates": [ -62.8967435, -32.5390799 ] } },
{ "type": "Feature", "properties": { "Name": "512.49", "P.K.": null, "Al.Dist. Izq.": 60, "Al.Dist. Der.": 60, "Ruta": 9 }, "geometry": { "type": "Point", "coordinates": [ -62.9013546, -32.5377105 ] } },
{ "type": "Feature", "properties": { "Name": "513.8", "P.K.": null, "Al.Dist. Izq.": 60, "Al.Dist. Der.": 60, "Ruta": 9 }, "geometry": { "type": "Point", "coordinates": [ -62.9144393, -32.5336537 ] } },
{ "type": "Feature", "properties": { "Name": "514.18", "P.K.": null, "Al.Dist. Izq.": 60, "Al.Dist. Der.": 60, "Ruta": 9 }, "geometry": { "type": "Point", "coordinates": [ -62.918235, -32.5324774 ] } },
{ "type": "Feature", "properties": { "Name": "514.18", "P.K.": null, "Al.Dist. Izq.": 60, "Al.Dist. Der.": 60, "Ruta": 9 }, "geometry": { "type": "Point", "coordinates": [ -62.918235, -32.5324774 ] } },
{ "type": "Feature", "properties": { "Name": "515.38", "P.K.": null, "Al.Dist. Izq.": 60, "Al.Dist. Der.": 60, "Ruta": 9 }, "geometry": { "type": "Point", "coordinates": [ -62.9302197, -32.5287571 ] } },
{ "type": "Feature", "properties": { "Name": "515.4", "P.K.": null, "Al.Dist. Izq.": 60, "Al.Dist. Der.": 60, "Ruta": 9 }, "geometry": { "type": "Point", "coordinates": [ -62.9304194, -32.5286951 ] } },
{ "type": "Feature", "properties": { "Name": "515.82", "P.K.": null, "Al.Dist. Izq.": 60, "Al.Dist. Der.": 60, "Ruta": 9 }, "geometry": { "type": "Point", "coordinates": [ -62.9346139, -32.5273925 ] } },
{ "type": "Feature", "properties": { "Name": "516.36", "P.K.": null, "Al.Dist. Izq.": 60, "Al.Dist. Der.": 60, "Ruta": 9 }, "geometry": { "type": "Point", "coordinates": [ -62.9400081, -32.5257217 ] } },
{ "type": "Feature", "properties": { "Name": "516.56", "P.K.": null, "Al.Dist. Izq.": 60, "Al.Dist. Der.": 60, "Ruta": 9 }, "geometry": { "type": "Point", "coordinates": [ -62.9420154, -32.5251347 ] } },
{ "type": "Feature", "properties": { "Name": "517.63", "P.K.": null, "Al.Dist. Izq.": 60, "Al.Dist. Der.": 60, "Ruta": 9 }, "geometry": { "type": "Point", "coordinates": [ -62.9530206, -32.5225474 ] } },
{ "type": "Feature", "properties": { "Name": "518.2", "P.K.": null, "Al.Dist. Izq.": 60, "Al.Dist. Der.": 60, "Ruta": 9 }, "geometry": { "type": "Point", "coordinates": [ -62.9589328, -32.5213885 ] } },
{ "type": "Feature", "properties": { "Name": "518.22", "P.K.": null, "Al.Dist. Izq.": 60, "Al.Dist. Der.": 60, "Ruta": 9 }, "geometry": { "type": "Point", "coordinates": [ -62.9591402, -32.5213478 ] } },
{ "type": "Feature", "properties": { "Name": "518.67", "P.K.": null, "Al.Dist. Izq.": 60, "Al.Dist. Der.": 60, "Ruta": 9 }, "geometry": { "type": "Point", "coordinates": [ -62.9638048, -32.5204183 ] } },
{ "type": "Feature", "properties": { "Name": "518.84", "P.K.": null, "Al.Dist. Izq.": 60, "Al.Dist. Der.": 60, "Ruta": 9 }, "geometry": { "type": "Point", "coordinates": [ -62.9655626, -32.5200469 ] } },
{ "type": "Feature", "properties": { "Name": "518.84", "P.K.": null, "Al.Dist. Izq.": 60, "Al.Dist. Der.": 60, "Ruta": 9 }, "geometry": { "type": "Point", "coordinates": [ -62.9655626, -32.5200469 ] } },
{ "type": "Feature", "properties": { "Name": "518.88", "P.K.": null, "Al.Dist. Izq.": 60, "Al.Dist. Der.": 60, "Ruta": 9 }, "geometry": { "type": "Point", "coordinates": [ -62.9659723, -32.5199534 ] } },
{ "type": "Feature", "properties": { "Name": "518.88", "P.K.": null, "Al.Dist. Izq.": 60, "Al.Dist. Der.": 60, "Ruta": 9 }, "geometry": { "type": "Point", "coordinates": [ -62.9659723, -32.5199534 ] } },
{ "type": "Feature", "properties": { "Name": "518.91", "P.K.": null, "Al.Dist. Izq.": 60, "Al.Dist. Der.": 60, "Ruta": 9 }, "geometry": { "type": "Point", "coordinates": [ -62.9662839, -32.5198823 ] } },
{ "type": "Feature", "properties": { "Name": "518.91", "P.K.": null, "Al.Dist. Izq.": 60, "Al.Dist. Der.": 60, "Ruta": 9 }, "geometry": { "type": "Point", "coordinates": [ -62.9662839, -32.5198823 ] } },
{ "type": "Feature", "properties": { "Name": "518.98", "P.K.": null, "Al.Dist. Izq.": 60, "Al.Dist. Der.": 60, "Ruta": 9 }, "geometry": { "type": "Point", "coordinates": [ -62.9670053, -32.5197178 ] } },
{ "type": "Feature", "properties": { "Name": "519.01", "P.K.": null, "Al.Dist. Izq.": 60, "Al.Dist. Der.": 60, "Ruta": 9 }, "geometry": { "type": "Point", "coordinates": [ -62.9673144, -32.5196473 ] } },
{ "type": "Feature", "properties": { "Name": "519.25", "P.K.": null, "Al.Dist. Izq.": 60, "Al.Dist. Der.": 60, "Ruta": 9 }, "geometry": { "type": "Point", "coordinates": [ -62.9697769, -32.5190398 ] } },
{ "type": "Feature", "properties": { "Name": "519.3", "P.K.": null, "Al.Dist. Izq.": 60, "Al.Dist. Der.": 60, "Ruta": 9 }, "geometry": { "type": "Point", "coordinates": [ -62.9702874, -32.5189033 ] } },
{ "type": "Feature", "properties": { "Name": "519.39", "P.K.": null, "Al.Dist. Izq.": 60, "Al.Dist. Der.": 60, "Ruta": 9 }, "geometry": { "type": "Point", "coordinates": [ -62.9712063, -32.5186572 ] } },
{ "type": "Feature", "properties": { "Name": "519.39", "P.K.": null, "Al.Dist. Izq.": 60, "Al.Dist. Der.": 60, "Ruta": 9 }, "geometry": { "type": "Point", "coordinates": [ -62.9712063, -32.5186572 ] } },
{ "type": "Feature", "properties": { "Name": "519.51", "P.K.": null, "Al.Dist. Izq.": 60, "Al.Dist. Der.": 60, "Ruta": 9 }, "geometry": { "type": "Point", "coordinates": [ -62.972377, -32.5183251 ] } },
{ "type": "Feature", "properties": { "Name": "519.55", "P.K.": null, "Al.Dist. Izq.": 60, "Al.Dist. Der.": 60, "Ruta": 9 }, "geometry": { "type": "Point", "coordinates": [ -62.9727672, -32.5182144 ] } },
{ "type": "Feature", "properties": { "Name": "519.55", "P.K.": null, "Al.Dist. Izq.": 60, "Al.Dist. Der.": 60, "Ruta": 9 }, "geometry": { "type": "Point", "coordinates": [ -62.9727672, -32.5182144 ] } },
{ "type": "Feature", "properties": { "Name": "519.82", "P.K.": null, "Al.Dist. Izq.": 60, "Al.Dist. Der.": 60, "Ruta": 9 }, "geometry": { "type": "Point", "coordinates": [ -62.9753928, -32.517438 ] } },
{ "type": "Feature", "properties": { "Name": "519.84", "P.K.": null, "Al.Dist. Izq.": 60, "Al.Dist. Der.": 60, "Ruta": 9 }, "geometry": { "type": "Point", "coordinates": [ -62.9755865, -32.517378 ] } },
{ "type": "Feature", "properties": { "Name": "519.85", "P.K.": null, "Al.Dist. Izq.": 60, "Al.Dist. Der.": 60, "Ruta": 9 }, "geometry": { "type": "Point", "coordinates": [ -62.9756834, -32.517348 ] } },
{ "type": "Feature", "properties": { "Name": "519.85", "P.K.": null, "Al.Dist. Izq.": 60, "Al.Dist. Der.": 60, "Ruta": 9 }, "geometry": { "type": "Point", "coordinates": [ -62.9756834, -32.517348 ] } },
{ "type": "Feature", "properties": { "Name": "519.87", "P.K.": null, "Al.Dist. Izq.": 60, "Al.Dist. Der.": 60, "Ruta": 9 }, "geometry": { "type": "Point", "coordinates": [ -62.9758771, -32.5172879 ] } },
{ "type": "Feature", "properties": { "Name": "519.9", "P.K.": null, "Al.Dist. Izq.": 60, "Al.Dist. Der.": 60, "Ruta": 9 }, "geometry": { "type": "Point", "coordinates": [ -62.9761677, -32.5171979 ] } },
{ "type": "Feature", "properties": { "Name": "520.6", "P.K.": null, "Al.Dist. Izq.": 60, "Al.Dist. Der.": 60, "Ruta": 9 }, "geometry": { "type": "Point", "coordinates": [ -62.9829507, -32.5151041 ] } },
{ "type": "Feature", "properties": { "Name": "520.8", "P.K.": null, "Al.Dist. Izq.": 60, "Al.Dist. Der.": 60, "Ruta": 9 }, "geometry": { "type": "Point", "coordinates": [ -62.9848878, -32.514503 ] } },
{ "type": "Feature", "properties": { "Name": "520.81", "P.K.": null, "Al.Dist. Izq.": 60, "Al.Dist. Der.": 60, "Ruta": 9 }, "geometry": { "type": "Point", "coordinates": [ -62.9849847, -32.5144729 ] } },
{ "type": "Feature", "properties": { "Name": "520.99", "P.K.": null, "Al.Dist. Izq.": 60, "Al.Dist. Der.": 60, "Ruta": 9 }, "geometry": { "type": "Point", "coordinates": [ -62.986728, -32.5139319 ] } },
{ "type": "Feature", "properties": { "Name": "521.45", "P.K.": null, "Al.Dist. Izq.": 60, "Al.Dist. Der.": 60, "Ruta": 9 }, "geometry": { "type": "Point", "coordinates": [ -62.9911395, -32.51242 ] } },
{ "type": "Feature", "properties": { "Name": "521.45", "P.K.": null, "Al.Dist. Izq.": 60, "Al.Dist. Der.": 60, "Ruta": 9 }, "geometry": { "type": "Point", "coordinates": [ -62.9911395, -32.51242 ] } },
{ "type": "Feature", "properties": { "Name": "521.5", "P.K.": null, "Al.Dist. Izq.": 60, "Al.Dist. Der.": 60, "Ruta": 9 }, "geometry": { "type": "Point", "coordinates": [ -62.9916095, -32.5122297 ] } },
{ "type": "Feature", "properties": { "Name": "521.5", "P.K.": null, "Al.Dist. Izq.": 60, "Al.Dist. Der.": 60, "Ruta": 9 }, "geometry": { "type": "Point", "coordinates": [ -62.9916095, -32.5122297 ] } },
{ "type": "Feature", "properties": { "Name": "521.66", "P.K.": null, "Al.Dist. Izq.": 60, "Al.Dist. Der.": 60, "Ruta": 9 }, "geometry": { "type": "Point", "coordinates": [ -62.993111, -32.5116149 ] } },
{ "type": "Feature", "properties": { "Name": "522.81", "P.K.": null, "Al.Dist. Izq.": 60, "Al.Dist. Der.": 60, "Ruta": 9 }, "geometry": { "type": "Point", "coordinates": [ -63.0032511, -32.5058988 ] } },
{ "type": "Feature", "properties": { "Name": "523.4", "P.K.": null, "Al.Dist. Izq.": 60, "Al.Dist. Der.": 60, "Ruta": 9 }, "geometry": { "type": "Point", "coordinates": [ -63.0080373, -32.5023085 ] } },
{ "type": "Feature", "properties": { "Name": "523.4", "P.K.": null, "Al.Dist. Izq.": 60, "Al.Dist. Der.": 60, "Ruta": 9 }, "geometry": { "type": "Point", "coordinates": [ -63.0080373, -32.5023085 ] } },
{ "type": "Feature", "properties": { "Name": "525.62", "P.K.": null, "Al.Dist. Izq.": 60, "Al.Dist. Der.": 60, "Ruta": 9 }, "geometry": { "type": "Point", "coordinates": [ -63.0259912, -32.4887251 ] } },
{ "type": "Feature", "properties": { "Name": "525.62", "P.K.": null, "Al.Dist. Izq.": 60, "Al.Dist. Der.": 60, "Ruta": 9 }, "geometry": { "type": "Point", "coordinates": [ -63.0259912, -32.4887251 ] } },
{ "type": "Feature", "properties": { "Name": "525.79", "P.K.": null, "Al.Dist. Izq.": 60, "Al.Dist. Der.": 60, "Ruta": 9 }, "geometry": { "type": "Point", "coordinates": [ -63.0273695, -32.4876894 ] } },
{ "type": "Feature", "properties": { "Name": "525.85", "P.K.": null, "Al.Dist. Izq.": 60, "Al.Dist. Der.": 60, "Ruta": 9 }, "geometry": { "type": "Point", "coordinates": [ -63.0278559, -32.4873239 ] } },
{ "type": "Feature", "properties": { "Name": "526.53", "P.K.": null, "Al.Dist. Izq.": 60, "Al.Dist. Der.": 60, "Ruta": 9 }, "geometry": { "type": "Point", "coordinates": [ -63.0335081, -32.4833769 ] } },
{ "type": "Feature", "properties": { "Name": "526.99", "P.K.": null, "Al.Dist. Izq.": 60, "Al.Dist. Der.": 60, "Ruta": 9 }, "geometry": { "type": "Point", "coordinates": [ -63.0375526, -32.4809328 ] } },
{ "type": "Feature", "properties": { "Name": "526.99", "P.K.": null, "Al.Dist. Izq.": 60, "Al.Dist. Der.": 60, "Ruta": 9 }, "geometry": { "type": "Point", "coordinates": [ -63.0375526, -32.4809328 ] } },
{ "type": "Feature", "properties": { "Name": "528.12", "P.K.": null, "Al.Dist. Izq.": 60, "Al.Dist. Der.": 60, "Ruta": 9 }, "geometry": { "type": "Point", "coordinates": [ -63.0479957, -32.4758771 ] } },
{ "type": "Feature", "properties": { "Name": "529.32", "P.K.": null, "Al.Dist. Izq.": 60, "Al.Dist. Der.": 60, "Ruta": 9 }, "geometry": { "type": "Point", "coordinates": [ -63.0593555, -32.4710841 ] } },
{ "type": "Feature", "properties": { "Name": "529.32", "P.K.": null, "Al.Dist. Izq.": 60, "Al.Dist. Der.": 60, "Ruta": 9 }, "geometry": { "type": "Point", "coordinates": [ -63.0593555, -32.4710841 ] } },
{ "type": "Feature", "properties": { "Name": "530.62", "P.K.": null, "Al.Dist. Izq.": 60, "Al.Dist. Der.": 60, "Ruta": 9 }, "geometry": { "type": "Point", "coordinates": [ -63.0716655, -32.4659 ] } },
{ "type": "Feature", "properties": { "Name": "530.62", "P.K.": null, "Al.Dist. Izq.": 60, "Al.Dist. Der.": 60, "Ruta": 9 }, "geometry": { "type": "Point", "coordinates": [ -63.0716655, -32.4659 ] } },
{ "type": "Feature", "properties": { "Name": "531.12", "P.K.": null, "Al.Dist. Izq.": 60, "Al.Dist. Der.": 60, "Ruta": 9 }, "geometry": { "type": "Point", "coordinates": [ -63.0763978, -32.4639006 ] } },
{ "type": "Feature", "properties": { "Name": "531.7", "P.K.": null, "Al.Dist. Izq.": 60, "Al.Dist. Der.": 60, "Ruta": 9 }, "geometry": { "type": "Point", "coordinates": [ -63.0818822, -32.4615691 ] } },
{ "type": "Feature", "properties": { "Name": "531.76", "P.K.": null, "Al.Dist. Izq.": 60, "Al.Dist. Der.": 60, "Ruta": 9 }, "geometry": { "type": "Point", "coordinates": [ -63.0824447, -32.4613299 ] } },
{ "type": "Feature", "properties": { "Name": "532.12", "P.K.": null, "Al.Dist. Izq.": 60, "Al.Dist. Der.": 60, "Ruta": 9 }, "geometry": { "type": "Point", "coordinates": [ -63.0857528, -32.4597477 ] } },
{ "type": "Feature", "properties": { "Name": "532.66", "P.K.": null, "Al.Dist. Izq.": 60, "Al.Dist. Der.": 60, "Ruta": 9 }, "geometry": { "type": "Point", "coordinates": [ -63.090491, -32.4569564 ] } },
{ "type": "Feature", "properties": { "Name": "533.69", "P.K.": null, "Al.Dist. Izq.": 60, "Al.Dist. Der.": 60, "Ruta": 9 }, "geometry": { "type": "Point", "coordinates": [ -63.0991793, -32.4510722 ] } },
{ "type": "Feature", "properties": { "Name": "534.32", "P.K.": null, "Al.Dist. Izq.": 60, "Al.Dist. Der.": 60, "Ruta": 9 }, "geometry": { "type": "Point", "coordinates": [ -63.1047328, -32.4478586 ] } },
{ "type": "Feature", "properties": { "Name": "534.32", "P.K.": null, "Al.Dist. Izq.": 60, "Al.Dist. Der.": 60, "Ruta": 9 }, "geometry": { "type": "Point", "coordinates": [ -63.1047328, -32.4478586 ] } },
{ "type": "Feature", "properties": { "Name": "535.62", "P.K.": null, "Al.Dist. Izq.": 60, "Al.Dist. Der.": 60, "Ruta": 9 }, "geometry": { "type": "Point", "coordinates": [ -63.1163993, -32.4415879 ] } },
{ "type": "Feature", "properties": { "Name": "535.62", "P.K.": null, "Al.Dist. Izq.": 60, "Al.Dist. Der.": 60, "Ruta": 9 }, "geometry": { "type": "Point", "coordinates": [ -63.1163993, -32.4415879 ] } },
{ "type": "Feature", "properties": { "Name": "536.93", "P.K.": null, "Al.Dist. Izq.": 60, "Al.Dist. Der.": 60, "Ruta": 9 }, "geometry": { "type": "Point", "coordinates": [ -63.1281536, -32.4352652 ] } },
{ "type": "Feature", "properties": { "Name": "536.93", "P.K.": null, "Al.Dist. Izq.": 60, "Al.Dist. Der.": 60, "Ruta": 9 }, "geometry": { "type": "Point", "coordinates": [ -63.1281536, -32.4352652 ] } },
{ "type": "Feature", "properties": { "Name": "538.67", "P.K.": null, "Al.Dist. Izq.": 60, "Al.Dist. Der.": 60, "Ruta": 9 }, "geometry": { "type": "Point", "coordinates": [ -63.1437688, -32.4268721 ] } },
{ "type": "Feature", "properties": { "Name": "538.73", "P.K.": null, "Al.Dist. Izq.": 60, "Al.Dist. Der.": 60, "Ruta": 9 }, "geometry": { "type": "Point", "coordinates": [ -63.1443073, -32.4265827 ] } },
{ "type": "Feature", "properties": { "Name": "538.73", "P.K.": null, "Al.Dist. Izq.": 60, "Al.Dist. Der.": 60, "Ruta": 9 }, "geometry": { "type": "Point", "coordinates": [ -63.1443073, -32.4265827 ] } },
{ "type": "Feature", "properties": { "Name": "539.5", "P.K.": null, "Al.Dist. Izq.": 60, "Al.Dist. Der.": 60, "Ruta": 9 }, "geometry": { "type": "Point", "coordinates": [ -63.1512335, -32.4228612 ] } },
{ "type": "Feature", "properties": { "Name": "539.5", "P.K.": null, "Al.Dist. Izq.": 60, "Al.Dist. Der.": 60, "Ruta": 9 }, "geometry": { "type": "Point", "coordinates": [ -63.1512335, -32.4228612 ] } },
{ "type": "Feature", "properties": { "Name": "539.64", "P.K.": null, "Al.Dist. Izq.": 60, "Al.Dist. Der.": 60, "Ruta": 9 }, "geometry": { "type": "Point", "coordinates": [ -63.1524746, -32.4221945 ] } },
{ "type": "Feature", "properties": { "Name": "539.73", "P.K.": null, "Al.Dist. Izq.": 60, "Al.Dist. Der.": 60, "Ruta": 9 }, "geometry": { "type": "Point", "coordinates": [ -63.1533, -32.4218 ] } },
{ "type": "Feature", "properties": { "Name": "539.86", "P.K.": null, "Al.Dist. Izq.": 60, "Al.Dist. Der.": 60, "Ruta": 9 }, "geometry": { "type": "Point", "coordinates": [ -63.1544, -32.4211 ] } },
{ "type": "Feature", "properties": { "Name": "539.88", "P.K.": null, "Al.Dist. Izq.": 60, "Al.Dist. Der.": 60, "Ruta": 9 }, "geometry": { "type": "Point", "coordinates": [ -63.1546274, -32.4210351 ] } },
{ "type": "Feature", "properties": { "Name": "539.93", "P.K.": null, "Al.Dist. Izq.": 60, "Al.Dist. Der.": 60, "Ruta": 9 }, "geometry": { "type": "Point", "coordinates": [ -63.1550753, -32.4207923 ] } },
{ "type": "Feature", "properties": { "Name": "539.93", "P.K.": null, "Al.Dist. Izq.": 60, "Al.Dist. Der.": 60, "Ruta": 9 }, "geometry": { "type": "Point", "coordinates": [ -63.1550753, -32.4207923 ] } },
{ "type": "Feature", "properties": { "Name": "540.21", "P.K.": null, "Al.Dist. Izq.": 60, "Al.Dist. Der.": 60, "Ruta": 9 }, "geometry": { "type": "Point", "coordinates": [ -63.1575832, -32.4194327 ] } },
{ "type": "Feature", "properties": { "Name": "540.23", "P.K.": null, "Al.Dist. Izq.": 60, "Al.Dist. Der.": 60, "Ruta": 9 }, "geometry": { "type": "Point", "coordinates": [ -63.1586941, -32.4188334 ] } },
{ "type": "Feature", "properties": { "Name": "540.43", "P.K.": null, "Al.Dist. Izq.": 60, "Al.Dist. Der.": 60, "Ruta": 9 }, "geometry": { "type": "Point", "coordinates": [ -63.1603563, -32.4179417 ] } },
{ "type": "Feature", "properties": { "Name": "540.71", "P.K.": null, "Al.Dist. Izq.": 60, "Al.Dist. Der.": 60, "Ruta": 9 }, "geometry": { "type": "Point", "coordinates": [ -63.1626833, -32.4166929 ] } },
{ "type": "Feature", "properties": { "Name": "540.86", "P.K.": null, "Al.Dist. Izq.": 60, "Al.Dist. Der.": 60, "Ruta": 9 }, "geometry": { "type": "Point", "coordinates": [ -63.1639281, -32.4160207 ] } },
{ "type": "Feature", "properties": { "Name": "540.99", "P.K.": null, "Al.Dist. Izq.": 60, "Al.Dist. Der.": 60, "Ruta": 9 }, "geometry": { "type": "Point", "coordinates": [ -63.1650069, -32.4154381 ] } },
{ "type": "Feature", "properties": { "Name": "540.99", "P.K.": null, "Al.Dist. Izq.": 60, "Al.Dist. Der.": 60, "Ruta": 9 }, "geometry": { "type": "Point", "coordinates": [ -63.1650069, -32.4154381 ] } },
{ "type": "Feature", "properties": { "Name": "541.09", "P.K.": null, "Al.Dist. Izq.": 60, "Al.Dist. Der.": 60, "Ruta": 9 }, "geometry": { "type": "Point", "coordinates": [ -63.1658368, -32.4149899 ] } },
{ "type": "Feature", "properties": { "Name": "541.29", "P.K.": null, "Al.Dist. Izq.": 60, "Al.Dist. Der.": 60, "Ruta": 9 }, "geometry": { "type": "Point", "coordinates": [ -63.1674965, -32.4140936 ] } },
{ "type": "Feature", "properties": { "Name": "541.38", "P.K.": null, "Al.Dist. Izq.": 60, "Al.Dist. Der.": 60, "Ruta": 9 }, "geometry": { "type": "Point", "coordinates": [ -63.1682434, -32.4136902 ] } },
{ "type": "Feature", "properties": { "Name": "541.41", "P.K.": null, "Al.Dist. Izq.": 60, "Al.Dist. Der.": 60, "Ruta": 9 }, "geometry": { "type": "Point", "coordinates": [ -63.1684924, -32.4135558 ] } },
{ "type": "Feature", "properties": { "Name": "541.56", "P.K.": null, "Al.Dist. Izq.": 60, "Al.Dist. Der.": 60, "Ruta": 9 }, "geometry": { "type": "Point", "coordinates": [ -63.1697394, -32.4128877 ] } },
{ "type": "Feature", "properties": { "Name": "541.65", "P.K.": null, "Al.Dist. Izq.": 60, "Al.Dist. Der.": 60, "Ruta": 9 }, "geometry": { "type": "Point", "coordinates": [ -63.1704876, -32.4124869 ] } },
{ "type": "Feature", "properties": { "Name": "541.65", "P.K.": null, "Al.Dist. Izq.": 60, "Al.Dist. Der.": 60, "Ruta": 9 }, "geometry": { "type": "Point", "coordinates": [ -63.1704876, -32.4124869 ] } },
{ "type": "Feature", "properties": { "Name": "542.2", "P.K.": null, "Al.Dist. Izq.": 60, "Al.Dist. Der.": 60, "Ruta": 9 }, "geometry": { "type": "Point", "coordinates": [ -63.1750602, -32.4100374 ] } },
{ "type": "Feature", "properties": { "Name": "542.2", "P.K.": null, "Al.Dist. Izq.": 60, "Al.Dist. Der.": 60, "Ruta": 9 }, "geometry": { "type": "Point", "coordinates": [ -63.1750602, -32.4100374 ] } },
{ "type": "Feature", "properties": { "Name": "542.44", "P.K.": null, "Al.Dist. Izq.": 60, "Al.Dist. Der.": 60, "Ruta": 9 }, "geometry": { "type": "Point", "coordinates": [ -63.1771685, -32.4089081 ] } },
{ "type": "Feature", "properties": { "Name": "542.59", "P.K.": null, "Al.Dist. Izq.": 60, "Al.Dist. Der.": 60, "Ruta": 9 }, "geometry": { "type": "Point", "coordinates": [ -63.178485, -32.4082 ] } },
{ "type": "Feature", "properties": { "Name": "542.6", "P.K.": null, "Al.Dist. Izq.": 60, "Al.Dist. Der.": 60, "Ruta": 9 }, "geometry": { "type": "Point", "coordinates": [ -63.1785728, -32.4081528 ] } },
{ "type": "Feature", "properties": { "Name": "542.6", "P.K.": null, "Al.Dist. Izq.": 60, "Al.Dist. Der.": 60, "Ruta": 9 }, "geometry": { "type": "Point", "coordinates": [ -63.1785728, -32.4081528 ] } },
{ "type": "Feature", "properties": { "Name": "542.71", "P.K.": null, "Al.Dist. Izq.": 60, "Al.Dist. Der.": 60, "Ruta": 9 }, "geometry": { "type": "Point", "coordinates": [ -63.179538, -32.4076332 ] } },
{ "type": "Feature", "properties": { "Name": "542.88", "P.K.": null, "Al.Dist. Izq.": 60, "Al.Dist. Der.": 60, "Ruta": 9 }, "geometry": { "type": "Point", "coordinates": [ -63.1810297, -32.4068301 ] } },
{ "type": "Feature", "properties": { "Name": "542.95", "P.K.": null, "Al.Dist. Izq.": 60, "Al.Dist. Der.": 60, "Ruta": 9 }, "geometry": { "type": "Point", "coordinates": [ -63.1816439, -32.4064994 ] } },
{ "type": "Feature", "properties": { "Name": "542.95", "P.K.": null, "Al.Dist. Izq.": 60, "Al.Dist. Der.": 60, "Ruta": 9 }, "geometry": { "type": "Point", "coordinates": [ -63.1816439, -32.4064994 ] } },
{ "type": "Feature", "properties": { "Name": "543.15", "P.K.": null, "Al.Dist. Izq.": 60, "Al.Dist. Der.": 60, "Ruta": 9 }, "geometry": { "type": "Point", "coordinates": [ -63.1833988, -32.4055546 ] } },
{ "type": "Feature", "properties": { "Name": "543.22", "P.K.": null, "Al.Dist. Izq.": 60, "Al.Dist. Der.": 60, "Ruta": 9 }, "geometry": { "type": "Point", "coordinates": [ -63.184013, -32.4052239 ] } },
{ "type": "Feature", "properties": { "Name": "543.55", "P.K.": null, "Al.Dist. Izq.": 60, "Al.Dist. Der.": 60, "Ruta": 9 }, "geometry": { "type": "Point", "coordinates": [ -63.1869029, -32.4036542 ] } },
{ "type": "Feature", "properties": { "Name": "543.73", "P.K.": null, "Al.Dist. Izq.": 60, "Al.Dist. Der.": 60, "Ruta": 9 }, "geometry": { "type": "Point", "coordinates": [ -63.1884789, -32.4027975 ] } },
{ "type": "Feature", "properties": { "Name": "543.74", "P.K.": null, "Al.Dist. Izq.": 60, "Al.Dist. Der.": 60, "Ruta": 9 }, "geometry": { "type": "Point", "coordinates": [ -63.1885664, -32.40275 ] } },
{ "type": "Feature", "properties": { "Name": "543.84", "P.K.": null, "Al.Dist. Izq.": 60, "Al.Dist. Der.": 60, "Ruta": 9 }, "geometry": { "type": "Point", "coordinates": [ -63.1894321, -32.4022569 ] } },
{ "type": "Feature", "properties": { "Name": "543.95", "P.K.": null, "Al.Dist. Izq.": 60, "Al.Dist. Der.": 60, "Ruta": 9 }, "geometry": { "type": "Point", "coordinates": [ -63.1903675, -32.4016853 ] } },
{ "type": "Feature", "properties": { "Name": "543.99", "P.K.": null, "Al.Dist. Izq.": 60, "Al.Dist. Der.": 60, "Ruta": 9 }, "geometry": { "type": "Point", "coordinates": [ -63.1907055, -32.401474 ] } },
{ "type": "Feature", "properties": { "Name": "543.99", "P.K.": null, "Al.Dist. Izq.": 60, "Al.Dist. Der.": 60, "Ruta": 9 }, "geometry": { "type": "Point", "coordinates": [ -63.1907055, -32.401474 ] } },
{ "type": "Feature", "properties": { "Name": "543.99", "P.K.": null, "Al.Dist. Izq.": 60, "Al.Dist. Der.": 60, "Ruta": 9 }, "geometry": { "type": "Point", "coordinates": [ -63.1907055, -32.401474 ] } },
{ "type": "Feature", "properties": { "Name": "544.35", "P.K.": null, "Al.Dist. Izq.": 60, "Al.Dist. Der.": 60, "Ruta": 9 }, "geometry": { "type": "Point", "coordinates": [ -63.1936044, -32.399366 ] } },
{ "type": "Feature", "properties": { "Name": "544.4", "P.K.": null, "Al.Dist. Izq.": 60, "Al.Dist. Der.": 60, "Ruta": 9 }, "geometry": { "type": "Point", "coordinates": [ -63.1939863, -32.3990459 ] } },
{ "type": "Feature", "properties": { "Name": "544.4", "P.K.": null, "Al.Dist. Izq.": 60, "Al.Dist. Der.": 60, "Ruta": 9 }, "geometry": { "type": "Point", "coordinates": [ -63.1939863, -32.3990459 ] } },
{ "type": "Feature", "properties": { "Name": "544.83", "P.K.": null, "Al.Dist. Izq.": 60, "Al.Dist. Der.": 60, "Ruta": 9 }, "geometry": { "type": "Point", "coordinates": [ -63.1970296, -32.396036 ] } },
{ "type": "Feature", "properties": { "Name": "544.89", "P.K.": null, "Al.Dist. Izq.": 60, "Al.Dist. Der.": 60, "Ruta": 9 }, "geometry": { "type": "Point", "coordinates": [ -63.197411, -32.3955755 ] } },
{ "type": "Feature", "properties": { "Name": "545.17", "P.K.": null, "Al.Dist. Izq.": 60, "Al.Dist. Der.": 60, "Ruta": 9 }, "geometry": { "type": "Point", "coordinates": [ -63.1991906, -32.3934263 ] } },
{ "type": "Feature", "properties": { "Name": "545.17", "P.K.": null, "Al.Dist. Izq.": 60, "Al.Dist. Der.": 60, "Ruta": 9 }, "geometry": { "type": "Point", "coordinates": [ -63.1991906, -32.3934263 ] } },
{ "type": "Feature", "properties": { "Name": "545.22", "P.K.": null, "Al.Dist. Izq.": 60, "Al.Dist. Der.": 60, "Ruta": 9 }, "geometry": { "type": "Point", "coordinates": [ -63.1995084, -32.3930425 ] } },
{ "type": "Feature", "properties": { "Name": "545.22", "P.K.": null, "Al.Dist. Izq.": 60, "Al.Dist. Der.": 60, "Ruta": 9 }, "geometry": { "type": "Point", "coordinates": [ -63.1995084, -32.3930425 ] } },
{ "type": "Feature", "properties": { "Name": "545.29", "P.K.": null, "Al.Dist. Izq.": 60, "Al.Dist. Der.": 60, "Ruta": 9 }, "geometry": { "type": "Point", "coordinates": [ -63.1999533, -32.3925052 ] } },
{ "type": "Feature", "properties": { "Name": "545.39", "P.K.": null, "Al.Dist. Izq.": 60, "Al.Dist. Der.": 60, "Ruta": 9 }, "geometry": { "type": "Point", "coordinates": [ -63.2005809, -32.3917311 ] } },
{ "type": "Feature", "properties": { "Name": "545.59", "P.K.": null, "Al.Dist. Izq.": 60, "Al.Dist. Der.": 60, "Ruta": 9 }, "geometry": { "type": "Point", "coordinates": [ -63.2018402, -32.3901864 ] } },
{ "type": "Feature", "properties": { "Name": "545.65", "P.K.": null, "Al.Dist. Izq.": 60, "Al.Dist. Der.": 60, "Ruta": 9 }, "geometry": { "type": "Point", "coordinates": [ -63.2022247, -32.3897284 ] } },
{ "type": "Feature", "properties": { "Name": "545.72", "P.K.": null, "Al.Dist. Izq.": 60, "Al.Dist. Der.": 60, "Ruta": 9 }, "geometry": { "type": "Point", "coordinates": [ -63.2026732, -32.3891942 ] } },
{ "type": "Feature", "properties": { "Name": "545.72", "P.K.": null, "Al.Dist. Izq.": 60, "Al.Dist. Der.": 60, "Ruta": 9 }, "geometry": { "type": "Point", "coordinates": [ -63.2026732, -32.3891942 ] } },
{ "type": "Feature", "properties": { "Name": "545.76", "P.K.": null, "Al.Dist. Izq.": 60, "Al.Dist. Der.": 60, "Ruta": 9 }, "geometry": { "type": "Point", "coordinates": [ -63.2029296, -32.3888889 ] } },
{ "type": "Feature", "properties": { "Name": "545.88", "P.K.": null, "Al.Dist. Izq.": 60, "Al.Dist. Der.": 60, "Ruta": 9 }, "geometry": { "type": "Point", "coordinates": [ -63.2036674, -32.3880101 ] } },
{ "type": "Feature", "properties": { "Name": "546.16", "P.K.": null, "Al.Dist. Izq.": 60, "Al.Dist. Der.": 60, "Ruta": 9 }, "geometry": { "type": "Point", "coordinates": [ -63.2054222, -32.3859899 ] } },
{ "type": "Feature", "properties": { "Name": "546.32", "P.K.": null, "Al.Dist. Izq.": 60, "Al.Dist. Der.": 60, "Ruta": 9 }, "geometry": { "type": "Point", "coordinates": [ -63.2064653, -32.3848706 ] } },
{ "type": "Feature", "properties": { "Name": "546.54", "P.K.": null, "Al.Dist. Izq.": 60, "Al.Dist. Der.": 60, "Ruta": 9 }, "geometry": { "type": "Point", "coordinates": [ -63.2078946, -32.383327 ] } },
{ "type": "Feature", "properties": { "Name": "546.7", "P.K.": null, "Al.Dist. Izq.": 60, "Al.Dist. Der.": 60, "Ruta": 9 }, "geometry": { "type": "Point", "coordinates": [ -63.2089543, -32.3822235 ] } },
{ "type": "Feature", "properties": { "Name": "546.99", "P.K.": null, "Al.Dist. Izq.": 60, "Al.Dist. Der.": 60, "Ruta": 9 }, "geometry": { "type": "Point", "coordinates": [ -63.2109054, -32.3802528 ] } },
{ "type": "Feature", "properties": { "Name": "547.06", "P.K.": null, "Al.Dist. Izq.": 60, "Al.Dist. Der.": 60, "Ruta": 9 }, "geometry": { "type": "Point", "coordinates": [ -63.211378, -32.3797788 ] } },
{ "type": "Feature", "properties": { "Name": "547.06", "P.K.": null, "Al.Dist. Izq.": 60, "Al.Dist. Der.": 60, "Ruta": 9 }, "geometry": { "type": "Point", "coordinates": [ -63.211378, -32.3797788 ] } },
{ "type": "Feature", "properties": { "Name": "547.13", "P.K.": null, "Al.Dist. Izq.": 60, "Al.Dist. Der.": 60, "Ruta": 9 }, "geometry": { "type": "Point", "coordinates": [ -63.2118674, -32.3792939 ] } },
{ "type": "Feature", "properties": { "Name": "547.5", "P.K.": null, "Al.Dist. Izq.": 60, "Al.Dist. Der.": 60, "Ruta": 9 }, "geometry": { "type": "Point", "coordinates": [ -63.2145171, -32.3767975 ] } },
{ "type": "Feature", "properties": { "Name": "548.03", "P.K.": null, "Al.Dist. Izq.": 60, "Al.Dist. Der.": 60, "Ruta": 9 }, "geometry": { "type": "Point", "coordinates": [ -63.2184227, -32.3733407 ] } },
{ "type": "Feature", "properties": { "Name": "548.79", "P.K.": null, "Al.Dist. Izq.": 60, "Al.Dist. Der.": 60, "Ruta": 9 }, "geometry": { "type": "Point", "coordinates": [ -63.2241245, -32.3685001 ] } },
{ "type": "Feature", "properties": { "Name": "548.79", "P.K.": null, "Al.Dist. Izq.": 60, "Al.Dist. Der.": 60, "Ruta": 9 }, "geometry": { "type": "Point", "coordinates": [ -63.2241245, -32.3685001 ] } },
{ "type": "Feature", "properties": { "Name": "548.85", "P.K.": null, "Al.Dist. Izq.": 60, "Al.Dist. Der.": 60, "Ruta": 9 }, "geometry": { "type": "Point", "coordinates": [ -63.2245736, -32.3681167 ] } },
{ "type": "Feature", "properties": { "Name": "548.85", "P.K.": null, "Al.Dist. Izq.": 60, "Al.Dist. Der.": 60, "Ruta": 9 }, "geometry": { "type": "Point", "coordinates": [ -63.2245736, -32.3681167 ] } },
{ "type": "Feature", "properties": { "Name": "549.26", "P.K.": null, "Al.Dist. Izq.": 60, "Al.Dist. Der.": 60, "Ruta": 9 }, "geometry": { "type": "Point", "coordinates": [ -63.2276, -32.3655 ] } },
{ "type": "Feature", "properties": { "Name": "549.29", "P.K.": null, "Al.Dist. Izq.": 60, "Al.Dist. Der.": 60, "Ruta": 9 }, "geometry": { "type": "Point", "coordinates": [ -63.227867, -32.3653051 ] } },
{ "type": "Feature", "properties": { "Name": "549.37", "P.K.": null, "Al.Dist. Izq.": 60, "Al.Dist. Der.": 60, "Ruta": 9 }, "geometry": { "type": "Point", "coordinates": [ -63.2284658, -32.3647939 ] } },
{ "type": "Feature", "properties": { "Name": "549.37", "P.K.": null, "Al.Dist. Izq.": 60, "Al.Dist. Der.": 60, "Ruta": 9 }, "geometry": { "type": "Point", "coordinates": [ -63.2284658, -32.3647939 ] } },
{ "type": "Feature", "properties": { "Name": "549.37", "P.K.": null, "Al.Dist. Izq.": 60, "Al.Dist. Der.": 60, "Ruta": 9 }, "geometry": { "type": "Point", "coordinates": [ -63.2284658, -32.3647939 ] } },
{ "type": "Feature", "properties": { "Name": "549.92", "P.K.": null, "Al.Dist. Izq.": 60, "Al.Dist. Der.": 60, "Ruta": 9 }, "geometry": { "type": "Point", "coordinates": [ -63.2325716, -32.3612876 ] } },
{ "type": "Feature", "properties": { "Name": "549.92", "P.K.": null, "Al.Dist. Izq.": 60, "Al.Dist. Der.": 60, "Ruta": 9 }, "geometry": { "type": "Point", "coordinates": [ -63.2325716, -32.3612876 ] } },
{ "type": "Feature", "properties": { "Name": "550", "P.K.": null, "Al.Dist. Izq.": 60, "Al.Dist. Der.": 60, "Ruta": 9 }, "geometry": { "type": "Point", "coordinates": [ -63.2331804, -32.3607673 ] } },
{ "type": "Feature", "properties": { "Name": "550.03", "P.K.": null, "Al.Dist. Izq.": 60, "Al.Dist. Der.": 60, "Ruta": 9 }, "geometry": { "type": "Point", "coordinates": [ -63.2334076, -32.3605789 ] } },
{ "type": "Feature", "properties": { "Name": "550.14", "P.K.": null, "Al.Dist. Izq.": 60, "Al.Dist. Der.": 60, "Ruta": 9 }, "geometry": { "type": "Point", "coordinates": [ -63.2342291, -32.359874 ] } },
{ "type": "Feature", "properties": { "Name": "550.42", "P.K.": null, "Al.Dist. Izq.": 60, "Al.Dist. Der.": 60, "Ruta": 9 }, "geometry": { "type": "Point", "coordinates": [ -63.2363269, -32.3580872 ] } },
{ "type": "Feature", "properties": { "Name": "550.43", "P.K.": null, "Al.Dist. Izq.": 60, "Al.Dist. Der.": 60, "Ruta": 9 }, "geometry": { "type": "Point", "coordinates": [ -63.2363269, -32.3580872 ] } },
{ "type": "Feature", "properties": { "Name": "550.47", "P.K.": null, "Al.Dist. Izq.": 60, "Al.Dist. Der.": 60, "Ruta": 9 }, "geometry": { "type": "Point", "coordinates": [ -63.236946, -32.3575606 ] } },
{ "type": "Feature", "properties": { "Name": "550.47", "P.K.": null, "Al.Dist. Izq.": 60, "Al.Dist. Der.": 60, "Ruta": 9 }, "geometry": { "type": "Point", "coordinates": [ -63.236946, -32.3575606 ] } },
{ "type": "Feature", "properties": { "Name": "550.47", "P.K.": null, "Al.Dist. Izq.": 60, "Al.Dist. Der.": 60, "Ruta": 9 }, "geometry": { "type": "Point", "coordinates": [ -63.236946, -32.3575606 ] } },
{ "type": "Feature", "properties": { "Name": "550.47", "P.K.": null, "Al.Dist. Izq.": 60, "Al.Dist. Der.": 60, "Ruta": 9 }, "geometry": { "type": "Point", "coordinates": [ -63.236946, -32.3575606 ] } },
{ "type": "Feature", "properties": { "Name": "550.58", "P.K.": null, "Al.Dist. Izq.": 60, "Al.Dist. Der.": 60, "Ruta": 9 }, "geometry": { "type": "Point", "coordinates": [ -63.2375, -32.3571 ] } },
{ "type": "Feature", "properties": { "Name": "550.58", "P.K.": null, "Al.Dist. Izq.": 60, "Al.Dist. Der.": 60, "Ruta": 9 }, "geometry": { "type": "Point", "coordinates": [ -63.2375, -32.3571 ] } },
{ "type": "Feature", "properties": { "Name": "550.58", "P.K.": null, "Al.Dist. Izq.": 60, "Al.Dist. Der.": 60, "Ruta": 9 }, "geometry": { "type": "Point", "coordinates": [ -63.2375, -32.3571 ] } },
{ "type": "Feature", "properties": { "Name": "551.03", "P.K.": null, "Al.Dist. Izq.": 60, "Al.Dist. Der.": 60, "Ruta": 9 }, "geometry": { "type": "Point", "coordinates": [ -63.2408332, -32.3542598 ] } },
{ "type": "Feature", "properties": { "Name": "551.15", "P.K.": null, "Al.Dist. Izq.": 60, "Al.Dist. Der.": 60, "Ruta": 9 }, "geometry": { "type": "Point", "coordinates": [ -63.2417146, -32.3535121 ] } },
{ "type": "Feature", "properties": { "Name": "551.15", "P.K.": null, "Al.Dist. Izq.": 60, "Al.Dist. Der.": 60, "Ruta": 9 }, "geometry": { "type": "Point", "coordinates": [ -63.2417146, -32.3535121 ] } },
{ "type": "Feature", "properties": { "Name": "551.26", "P.K.": null, "Al.Dist. Izq.": 60, "Al.Dist. Der.": 60, "Ruta": 9 }, "geometry": { "type": "Point", "coordinates": [ -63.2425223, -32.3528264 ] } },
{ "type": "Feature", "properties": { "Name": "551.38", "P.K.": null, "Al.Dist. Izq.": 60, "Al.Dist. Der.": 60, "Ruta": 9 }, "geometry": { "type": "Point", "coordinates": [ -63.2434023, -32.3520769 ] } },
{ "type": "Feature", "properties": { "Name": "551.38", "P.K.": null, "Al.Dist. Izq.": 60, "Al.Dist. Der.": 60, "Ruta": 9 }, "geometry": { "type": "Point", "coordinates": [ -63.2434023, -32.3520769 ] } },
{ "type": "Feature", "properties": { "Name": "551.51", "P.K.": null, "Al.Dist. Izq.": 60, "Al.Dist. Der.": 60, "Ruta": 9 }, "geometry": { "type": "Point", "coordinates": [ -63.2443556, -32.351265 ] } },
{ "type": "Feature", "properties": { "Name": "552.02", "P.K.": null, "Al.Dist. Izq.": 60, "Al.Dist. Der.": 60, "Ruta": 9 }, "geometry": { "type": "Point", "coordinates": [ -63.2479873, -32.3479581 ] } },
{ "type": "Feature", "properties": { "Name": "552.06", "P.K.": null, "Al.Dist. Izq.": 60, "Al.Dist. Der.": 60, "Ruta": 9 }, "geometry": { "type": "Point", "coordinates": [ -63.2482618, -32.3476877 ] } },
{ "type": "Feature", "properties": { "Name": "552.06", "P.K.": null, "Al.Dist. Izq.": 60, "Al.Dist. Der.": 60, "Ruta": 9 }, "geometry": { "type": "Point", "coordinates": [ -63.2482618, -32.3476877 ] } },
{ "type": "Feature", "properties": { "Name": "552.66", "P.K.": null, "Al.Dist. Izq.": 60, "Al.Dist. Der.": 60, "Ruta": 9 }, "geometry": { "type": "Point", "coordinates": [ -63.2522955, -32.3435518 ] } },
{ "type": "Feature", "properties": { "Name": "553.57", "P.K.": null, "Al.Dist. Izq.": 60, "Al.Dist. Der.": 60, "Ruta": 9 }, "geometry": { "type": "Point", "coordinates": [ -63.2580911, -32.3369765 ] } },
{ "type": "Feature", "properties": { "Name": "553.57", "P.K.": null, "Al.Dist. Izq.": 60, "Al.Dist. Der.": 60, "Ruta": 9 }, "geometry": { "type": "Point", "coordinates": [ -63.2580911, -32.3369765 ] } },
{ "type": "Feature", "properties": { "Name": "554.28", "P.K.": null, "Al.Dist. Izq.": 60, "Al.Dist. Der.": 60, "Ruta": 9 }, "geometry": { "type": "Point", "coordinates": [ -63.2625583, -32.3317983 ] } },
{ "type": "Feature", "properties": { "Name": "554.28", "P.K.": null, "Al.Dist. Izq.": 60, "Al.Dist. Der.": 60, "Ruta": 9 }, "geometry": { "type": "Point", "coordinates": [ -63.2625583, -32.3317983 ] } },
{ "type": "Feature", "properties": { "Name": "554.78", "P.K.": null, "Al.Dist. Izq.": 60, "Al.Dist. Der.": 60, "Ruta": 9 }, "geometry": { "type": "Point", "coordinates": [ -63.2657035, -32.328151 ] } },
{ "type": "Feature", "properties": { "Name": "555.66", "P.K.": null, "Al.Dist. Izq.": 60, "Al.Dist. Der.": 60, "Ruta": 9 }, "geometry": { "type": "Point", "coordinates": [ -63.2712327, -32.3217264 ] } },
{ "type": "Feature", "properties": { "Name": "555.66", "P.K.": null, "Al.Dist. Izq.": 60, "Al.Dist. Der.": 60, "Ruta": 9 }, "geometry": { "type": "Point", "coordinates": [ -63.2712327, -32.3217264 ] } },
{ "type": "Feature", "properties": { "Name": "556.8", "P.K.": null, "Al.Dist. Izq.": 60, "Al.Dist. Der.": 60, "Ruta": 9 }, "geometry": { "type": "Point", "coordinates": [ -63.2784043, -32.3134113 ] } },
{ "type": "Feature", "properties": { "Name": "557.3", "P.K.": null, "Al.Dist. Izq.": 60, "Al.Dist. Der.": 60, "Ruta": 9 }, "geometry": { "type": "Point", "coordinates": [ -63.281552, -32.3097662 ] } },
{ "type": "Feature", "properties": { "Name": "557.3", "P.K.": null, "Al.Dist. Izq.": 60, "Al.Dist. Der.": 60, "Ruta": 9 }, "geometry": { "type": "Point", "coordinates": [ -63.281552, -32.3097662 ] } },
{ "type": "Feature", "properties": { "Name": "557.78", "P.K.": null, "Al.Dist. Izq.": 60, "Al.Dist. Der.": 60, "Ruta": 9 }, "geometry": { "type": "Point", "coordinates": [ -63.2845737, -32.3062669 ] } },
{ "type": "Feature", "properties": { "Name": "557.78", "P.K.": null, "Al.Dist. Izq.": 60, "Al.Dist. Der.": 60, "Ruta": 9 }, "geometry": { "type": "Point", "coordinates": [ -63.2845737, -32.3062669 ] } },
{ "type": "Feature", "properties": { "Name": "560.69", "P.K.": null, "Al.Dist. Izq.": 60, "Al.Dist. Der.": 60, "Ruta": 9 }, "geometry": { "type": "Point", "coordinates": [ -63.3028659, -32.2850294 ] } },
{ "type": "Feature", "properties": { "Name": "560.71", "P.K.": null, "Al.Dist. Izq.": 60, "Al.Dist. Der.": 60, "Ruta": 9 }, "geometry": { "type": "Point", "coordinates": [ -63.3029939, -32.2848854 ] } },
{ "type": "Feature", "properties": { "Name": "560.71", "P.K.": null, "Al.Dist. Izq.": 60, "Al.Dist. Der.": 60, "Ruta": 9 }, "geometry": { "type": "Point", "coordinates": [ -63.3029939, -32.2848854 ] } },
{ "type": "Feature", "properties": { "Name": "560.87", "P.K.": null, "Al.Dist. Izq.": 60, "Al.Dist. Der.": 60, "Ruta": 9 }, "geometry": { "type": "Point", "coordinates": [ -63.304033, -32.2837473 ] } },
{ "type": "Feature", "properties": { "Name": "560.87", "P.K.": null, "Al.Dist. Izq.": 60, "Al.Dist. Der.": 60, "Ruta": 9 }, "geometry": { "type": "Point", "coordinates": [ -63.304033, -32.2837473 ] } },
{ "type": "Feature", "properties": { "Name": "561.38", "P.K.": null, "Al.Dist. Izq.": 60, "Al.Dist. Der.": 60, "Ruta": 9 }, "geometry": { "type": "Point", "coordinates": [ -63.307516, -32.2802863 ] } },
{ "type": "Feature", "properties": { "Name": "562.36", "P.K.": null, "Al.Dist. Izq.": 60, "Al.Dist. Der.": 60, "Ruta": 9 }, "geometry": { "type": "Point", "coordinates": [ -63.3146416, -32.2740954 ] } },
{ "type": "Feature", "properties": { "Name": "562.36", "P.K.": null, "Al.Dist. Izq.": 60, "Al.Dist. Der.": 60, "Ruta": 9 }, "geometry": { "type": "Point", "coordinates": [ -63.3146416, -32.2740954 ] } },
{ "type": "Feature", "properties": { "Name": "562.4", "P.K.": null, "Al.Dist. Izq.": 60, "Al.Dist. Der.": 60, "Ruta": 9 }, "geometry": { "type": "Point", "coordinates": [ -63.3149312, -32.2738414 ] } },
{ "type": "Feature", "properties": { "Name": "562.43", "P.K.": null, "Al.Dist. Izq.": 60, "Al.Dist. Der.": 60, "Ruta": 9 }, "geometry": { "type": "Point", "coordinates": [ -63.3151481, -32.2736512 ] } },
{ "type": "Feature", "properties": { "Name": "562.43", "P.K.": null, "Al.Dist. Izq.": 60, "Al.Dist. Der.": 60, "Ruta": 9 }, "geometry": { "type": "Point", "coordinates": [ -63.3151481, -32.2736512 ] } },
{ "type": "Feature", "properties": { "Name": "562.7", "P.K.": null, "Al.Dist. Izq.": 60, "Al.Dist. Der.": 60, "Ruta": 9 }, "geometry": { "type": "Point", "coordinates": [ -63.3170823, -32.2719187 ] } },
{ "type": "Feature", "properties": { "Name": "563.23", "P.K.": null, "Al.Dist. Izq.": 60, "Al.Dist. Der.": 60, "Ruta": 9 }, "geometry": { "type": "Point", "coordinates": [ -63.3207047, -32.2683372 ] } },
{ "type": "Feature", "properties": { "Name": "563.35", "P.K.": null, "Al.Dist. Izq.": 60, "Al.Dist. Der.": 60, "Ruta": 9 }, "geometry": { "type": "Point", "coordinates": [ -63.321476, -32.2674787 ] } },
{ "type": "Feature", "properties": { "Name": "563.54", "P.K.": null, "Al.Dist. Izq.": 60, "Al.Dist. Der.": 60, "Ruta": 9 }, "geometry": { "type": "Point", "coordinates": [ -63.3226944, -32.266117 ] } },
{ "type": "Feature", "properties": { "Name": "563.65", "P.K.": null, "Al.Dist. Izq.": 60, "Al.Dist. Der.": 60, "Ruta": 9 }, "geometry": { "type": "Point", "coordinates": [ -63.3233912, -32.265321 ] } },
{ "type": "Feature", "properties": { "Name": "563.95", "P.K.": null, "Al.Dist. Izq.": 60, "Al.Dist. Der.": 60, "Ruta": 9 }, "geometry": { "type": "Point", "coordinates": [ -63.3252917, -32.2631501 ] } },
{ "type": "Feature", "properties": { "Name": "563.95", "P.K.": null, "Al.Dist. Izq.": 60, "Al.Dist. Der.": 60, "Ruta": 9 }, "geometry": { "type": "Point", "coordinates": [ -63.3252917, -32.2631501 ] } },
{ "type": "Feature", "properties": { "Name": "564.6", "P.K.": null, "Al.Dist. Izq.": 60, "Al.Dist. Der.": 60, "Ruta": 9 }, "geometry": { "type": "Point", "coordinates": [ -63.3294138, -32.2584509 ] } },
{ "type": "Feature", "properties": { "Name": "564.6", "P.K.": null, "Al.Dist. Izq.": 60, "Al.Dist. Der.": 60, "Ruta": 9 }, "geometry": { "type": "Point", "coordinates": [ -63.3294138, -32.2584509 ] } },
{ "type": "Feature", "properties": { "Name": "564.65", "P.K.": null, "Al.Dist. Izq.": 60, "Al.Dist. Der.": 60, "Ruta": 9 }, "geometry": { "type": "Point", "coordinates": [ -63.3297312, -32.2580893 ] } },
{ "type": "Feature", "properties": { "Name": "565.02", "P.K.": null, "Al.Dist. Izq.": 60, "Al.Dist. Der.": 60, "Ruta": 9 }, "geometry": { "type": "Point", "coordinates": [ -63.3320861, -32.2554215 ] } },
{ "type": "Feature", "properties": { "Name": "565.08", "P.K.": null, "Al.Dist. Izq.": 60, "Al.Dist. Der.": 60, "Ruta": 9 }, "geometry": { "type": "Point", "coordinates": [ -63.3324673, -32.2549911 ] } },
{ "type": "Feature", "properties": { "Name": "565.08", "P.K.": null, "Al.Dist. Izq.": 60, "Al.Dist. Der.": 60, "Ruta": 9 }, "geometry": { "type": "Point", "coordinates": [ -63.3324673, -32.2549911 ] } },
{ "type": "Feature", "properties": { "Name": "565.39", "P.K.": null, "Al.Dist. Izq.": 60, "Al.Dist. Der.": 60, "Ruta": 9 }, "geometry": { "type": "Point", "coordinates": [ -63.334437, -32.2527674 ] } },
{ "type": "Feature", "properties": { "Name": "565.45", "P.K.": null, "Al.Dist. Izq.": 60, "Al.Dist. Der.": 60, "Ruta": 9 }, "geometry": { "type": "Point", "coordinates": [ -63.3348183, -32.252337 ] } },
{ "type": "Feature", "properties": { "Name": "566.32", "P.K.": null, "Al.Dist. Izq.": 60, "Al.Dist. Der.": 60, "Ruta": 9 }, "geometry": { "type": "Point", "coordinates": [ -63.3403312, -32.246083 ] } },
{ "type": "Feature", "properties": { "Name": "566.38", "P.K.": null, "Al.Dist. Izq.": 60, "Al.Dist. Der.": 60, "Ruta": 9 }, "geometry": { "type": "Point", "coordinates": [ -63.3407104, -32.2456508 ] } },
{ "type": "Feature", "properties": { "Name": "566.76", "P.K.": null, "Al.Dist. Izq.": 60, "Al.Dist. Der.": 60, "Ruta": 9 }, "geometry": { "type": "Point", "coordinates": [ -63.3431119, -32.2429135 ] } },
{ "type": "Feature", "properties": { "Name": "566.76", "P.K.": null, "Al.Dist. Izq.": 60, "Al.Dist. Der.": 60, "Ruta": 9 }, "geometry": { "type": "Point", "coordinates": [ -63.3431119, -32.2429135 ] } },
{ "type": "Feature", "properties": { "Name": "566.87", "P.K.": null, "Al.Dist. Izq.": 60, "Al.Dist. Der.": 60, "Ruta": 9 }, "geometry": { "type": "Point", "coordinates": [ -63.3438071, -32.2421211 ] } },
{ "type": "Feature", "properties": { "Name": "568.82", "P.K.": null, "Al.Dist. Izq.": 60, "Al.Dist. Der.": 60, "Ruta": 9 }, "geometry": { "type": "Point", "coordinates": [ -63.3561373, -32.2280806 ] } },
{ "type": "Feature", "properties": { "Name": "568.82", "P.K.": null, "Al.Dist. Izq.": 60, "Al.Dist. Der.": 60, "Ruta": 9 }, "geometry": { "type": "Point", "coordinates": [ -63.3561373, -32.2280806 ] } },
{ "type": "Feature", "properties": { "Name": "569.93", "P.K.": null, "Al.Dist. Izq.": 60, "Al.Dist. Der.": 60, "Ruta": 9 }, "geometry": { "type": "Point", "coordinates": [ -63.363179, -32.2201086 ] } },
{ "type": "Feature", "properties": { "Name": "570.23", "P.K.": null, "Al.Dist. Izq.": 60, "Al.Dist. Der.": 60, "Ruta": 9 }, "geometry": { "type": "Point", "coordinates": [ -63.3649931, -32.2178787 ] } },
{ "type": "Feature", "properties": { "Name": "570.23", "P.K.": null, "Al.Dist. Izq.": 60, "Al.Dist. Der.": 60, "Ruta": 9 }, "geometry": { "type": "Point", "coordinates": [ -63.3649931, -32.2178787 ] } },
{ "type": "Feature", "properties": { "Name": "570.52", "P.K.": null, "Al.Dist. Izq.": 60, "Al.Dist. Der.": 60, "Ruta": 9 }, "geometry": { "type": "Point", "coordinates": [ -63.3666012, -32.2156212 ] } },
{ "type": "Feature", "properties": { "Name": "570.52", "P.K.": null, "Al.Dist. Izq.": 60, "Al.Dist. Der.": 60, "Ruta": 9 }, "geometry": { "type": "Point", "coordinates": [ -63.3666012, -32.2156212 ] } },
{ "type": "Feature", "properties": { "Name": "570.62", "P.K.": null, "Al.Dist. Izq.": 60, "Al.Dist. Der.": 60, "Ruta": 9 }, "geometry": { "type": "Point", "coordinates": [ -63.3671255, -32.2148215 ] } },
{ "type": "Feature", "properties": { "Name": "570.72", "P.K.": null, "Al.Dist. Izq.": 60, "Al.Dist. Der.": 60, "Ruta": 9 }, "geometry": { "type": "Point", "coordinates": [ -63.3676488, -32.2140211 ] } },
{ "type": "Feature", "properties": { "Name": "570.72", "P.K.": null, "Al.Dist. Izq.": 60, "Al.Dist. Der.": 60, "Ruta": 9 }, "geometry": { "type": "Point", "coordinates": [ -63.3676488, -32.2140211 ] } },
{ "type": "Feature", "properties": { "Name": "570.83", "P.K.": null, "Al.Dist. Izq.": 60, "Al.Dist. Der.": 60, "Ruta": 9 }, "geometry": { "type": "Point", "coordinates": [ -63.3682302, -32.2131447 ] } },
{ "type": "Feature", "properties": { "Name": "571.43", "P.K.": null, "Al.Dist. Izq.": 60, "Al.Dist. Der.": 60, "Ruta": 9 }, "geometry": { "type": "Point", "coordinates": [ -63.3717334, -32.2086042 ] } },
{ "type": "Feature", "properties": { "Name": "572.29", "P.K.": null, "Al.Dist. Izq.": 60, "Al.Dist. Der.": 60, "Ruta": 9 }, "geometry": { "type": "Point", "coordinates": [ -63.3771568, -32.2024221 ] } },
{ "type": "Feature", "properties": { "Name": "573.16", "P.K.": null, "Al.Dist. Izq.": 60, "Al.Dist. Der.": 60, "Ruta": 9 }, "geometry": { "type": "Point", "coordinates": [ -63.3826778, -32.1961987 ] } },
{ "type": "Feature", "properties": { "Name": "573.28", "P.K.": null, "Al.Dist. Izq.": 60, "Al.Dist. Der.": 60, "Ruta": 9 }, "geometry": { "type": "Point", "coordinates": [ -63.3834389, -32.1953399 ] } },
{ "type": "Feature", "properties": { "Name": "573.28", "P.K.": null, "Al.Dist. Izq.": 60, "Al.Dist. Der.": 60, "Ruta": 9 }, "geometry": { "type": "Point", "coordinates": [ -63.3834389, -32.1953399 ] } },
{ "type": "Feature", "properties": { "Name": "574.23", "P.K.": null, "Al.Dist. Izq.": 60, "Al.Dist. Der.": 60, "Ruta": 9 }, "geometry": { "type": "Point", "coordinates": [ -63.3894465, -32.1885255 ] } },
{ "type": "Feature", "properties": { "Name": "574.28", "P.K.": null, "Al.Dist. Izq.": 60, "Al.Dist. Der.": 60, "Ruta": 9 }, "geometry": { "type": "Point", "coordinates": [ -63.3897626, -32.1881668 ] } },
{ "type": "Feature", "properties": { "Name": "574.46", "P.K.": null, "Al.Dist. Izq.": 60, "Al.Dist. Der.": 60, "Ruta": 9 }, "geometry": { "type": "Point", "coordinates": [ -63.3909009, -32.1868757 ] } },
{ "type": "Feature", "properties": { "Name": "575.25", "P.K.": null, "Al.Dist. Izq.": 60, "Al.Dist. Der.": 60, "Ruta": 9 }, "geometry": { "type": "Point", "coordinates": [ -63.3958948, -32.1812073 ] } },
{ "type": "Feature", "properties": { "Name": "575.54", "P.K.": null, "Al.Dist. Izq.": 60, "Al.Dist. Der.": 60, "Ruta": 9 }, "geometry": { "type": "Point", "coordinates": [ -63.3977266, -32.1791253 ] } },
{ "type": "Feature", "properties": { "Name": "575.54", "P.K.": null, "Al.Dist. Izq.": 60, "Al.Dist. Der.": 60, "Ruta": 9 }, "geometry": { "type": "Point", "coordinates": [ -63.3977266, -32.1791253 ] } },
{ "type": "Feature", "properties": { "Name": "576.88", "P.K.": null, "Al.Dist. Izq.": 60, "Al.Dist. Der.": 60, "Ruta": 9 }, "geometry": { "type": "Point", "coordinates": [ -63.4061915, -32.1695055 ] } },
{ "type": "Feature", "properties": { "Name": "576.88", "P.K.": null, "Al.Dist. Izq.": 60, "Al.Dist. Der.": 60, "Ruta": 9 }, "geometry": { "type": "Point", "coordinates": [ -63.4061915, -32.1695055 ] } },
{ "type": "Feature", "properties": { "Name": "577.19", "P.K.": null, "Al.Dist. Izq.": 60, "Al.Dist. Der.": 60, "Ruta": 9 }, "geometry": { "type": "Point", "coordinates": [ -63.4081516, -32.1672787 ] } },
{ "type": "Feature", "properties": { "Name": "577.19", "P.K.": null, "Al.Dist. Izq.": 60, "Al.Dist. Der.": 60, "Ruta": 9 }, "geometry": { "type": "Point", "coordinates": [ -63.4081516, -32.1672787 ] } },
{ "type": "Feature", "properties": { "Name": "577.42", "P.K.": null, "Al.Dist. Izq.": 60, "Al.Dist. Der.": 60, "Ruta": 9 }, "geometry": { "type": "Point", "coordinates": [ -63.4096058, -32.1656265 ] } },
{ "type": "Feature", "properties": { "Name": "577.42", "P.K.": null, "Al.Dist. Izq.": 60, "Al.Dist. Der.": 60, "Ruta": 9 }, "geometry": { "type": "Point", "coordinates": [ -63.4096058, -32.1656265 ] } },
{ "type": "Feature", "properties": { "Name": "578.31", "P.K.": null, "Al.Dist. Izq.": 60, "Al.Dist. Der.": 60, "Ruta": 9 }, "geometry": { "type": "Point", "coordinates": [ -63.4152332, -32.1592334 ] } },
{ "type": "Feature", "properties": { "Name": "578.31", "P.K.": null, "Al.Dist. Izq.": 60, "Al.Dist. Der.": 60, "Ruta": 9 }, "geometry": { "type": "Point", "coordinates": [ -63.4152332, -32.1592334 ] } },
{ "type": "Feature", "properties": { "Name": "578.6", "P.K.": null, "Al.Dist. Izq.": 60, "Al.Dist. Der.": 60, "Ruta": 9 }, "geometry": { "type": "Point", "coordinates": [ -63.4170668, -32.1571503 ] } },
{ "type": "Feature", "properties": { "Name": "578.6", "P.K.": null, "Al.Dist. Izq.": 60, "Al.Dist. Der.": 60, "Ruta": 9 }, "geometry": { "type": "Point", "coordinates": [ -63.4170668, -32.1571503 ] } },
{ "type": "Feature", "properties": { "Name": "579.6", "P.K.": null, "Al.Dist. Izq.": 60, "Al.Dist. Der.": 60, "Ruta": 9 }, "geometry": { "type": "Point", "coordinates": [ -63.4233658, -32.149946 ] } },
{ "type": "Feature", "properties": { "Name": "579.6", "P.K.": null, "Al.Dist. Izq.": 60, "Al.Dist. Der.": 60, "Ruta": 9 }, "geometry": { "type": "Point", "coordinates": [ -63.4233658, -32.149946 ] } },
{ "type": "Feature", "properties": { "Name": "579.9", "P.K.": null, "Al.Dist. Izq.": 60, "Al.Dist. Der.": 60, "Ruta": 9 }, "geometry": { "type": "Point", "coordinates": [ -63.4252497, -32.1477797 ] } },
{ "type": "Feature", "properties": { "Name": "580.35", "P.K.": null, "Al.Dist. Izq.": 60, "Al.Dist. Der.": 60, "Ruta": 9 }, "geometry": { "type": "Point", "coordinates": [ -63.4280757, -32.1445291 ] } },
{ "type": "Feature", "properties": { "Name": "580.35", "P.K.": null, "Al.Dist. Izq.": 60, "Al.Dist. Der.": 60, "Ruta": 9 }, "geometry": { "type": "Point", "coordinates": [ -63.4280757, -32.1445291 ] } },
{ "type": "Feature", "properties": { "Name": "580.52", "P.K.": null, "Al.Dist. Izq.": 60, "Al.Dist. Der.": 60, "Ruta": 9 }, "geometry": { "type": "Point", "coordinates": [ -63.4291424, -32.1433021 ] } },
{ "type": "Feature", "properties": { "Name": "580.87", "P.K.": null, "Al.Dist. Izq.": 60, "Al.Dist. Der.": 60, "Ruta": 9 }, "geometry": { "type": "Point", "coordinates": [ -63.4313399, -32.1407744 ] } },
{ "type": "Feature", "properties": { "Name": "580.87", "P.K.": null, "Al.Dist. Izq.": 60, "Al.Dist. Der.": 60, "Ruta": 9 }, "geometry": { "type": "Point", "coordinates": [ -63.4313399, -32.1407744 ] } },
{ "type": "Feature", "properties": { "Name": "580.94", "P.K.": null, "Al.Dist. Izq.": 60, "Al.Dist. Der.": 60, "Ruta": 9 }, "geometry": { "type": "Point", "coordinates": [ -63.4317794, -32.1402688 ] } },
{ "type": "Feature", "properties": { "Name": "580.94", "P.K.": null, "Al.Dist. Izq.": 60, "Al.Dist. Der.": 60, "Ruta": 9 }, "geometry": { "type": "Point", "coordinates": [ -63.4317794, -32.1402688 ] } },
{ "type": "Feature", "properties": { "Name": "581", "P.K.": null, "Al.Dist. Izq.": 60, "Al.Dist. Der.": 60, "Ruta": 9 }, "geometry": { "type": "Point", "coordinates": [ -63.432206, -32.1397781 ] } },
{ "type": "Feature", "properties": { "Name": "581", "P.K.": null, "Al.Dist. Izq.": 60, "Al.Dist. Der.": 60, "Ruta": 9 }, "geometry": { "type": "Point", "coordinates": [ -63.432206, -32.1397781 ] } },
{ "type": "Feature", "properties": { "Name": "581.02", "P.K.": null, "Al.Dist. Izq.": 60, "Al.Dist. Der.": 60, "Ruta": 9 }, "geometry": { "type": "Point", "coordinates": [ -63.432344, -32.1396193 ] } },
{ "type": "Feature", "properties": { "Name": "581.02", "P.K.": null, "Al.Dist. Izq.": 60, "Al.Dist. Der.": 60, "Ruta": 9 }, "geometry": { "type": "Point", "coordinates": [ -63.432344, -32.1396193 ] } },
{ "type": "Feature", "properties": { "Name": "581.07", "P.K.": null, "Al.Dist. Izq.": 60, "Al.Dist. Der.": 60, "Ruta": 9 }, "geometry": { "type": "Point", "coordinates": [ -63.4326583, -32.1392579 ] } },
{ "type": "Feature", "properties": { "Name": "581.07", "P.K.": null, "Al.Dist. Izq.": 60, "Al.Dist. Der.": 60, "Ruta": 9 }, "geometry": { "type": "Point", "coordinates": [ -63.4326583, -32.1392579 ] } },
{ "type": "Feature", "properties": { "Name": "581.35", "P.K.": null, "Al.Dist. Izq.": 60, "Al.Dist. Der.": 60, "Ruta": 9 }, "geometry": { "type": "Point", "coordinates": [ -63.4344182, -32.137234 ] } },
{ "type": "Feature", "properties": { "Name": "581.57", "P.K.": null, "Al.Dist. Izq.": 60, "Al.Dist. Der.": 60, "Ruta": 9 }, "geometry": { "type": "Point", "coordinates": [ -63.4358019, -32.1356446 ] } },
{ "type": "Feature", "properties": { "Name": "581.57", "P.K.": null, "Al.Dist. Izq.": 60, "Al.Dist. Der.": 60, "Ruta": 9 }, "geometry": { "type": "Point", "coordinates": [ -63.4358019, -32.1356446 ] } },
{ "type": "Feature", "properties": { "Name": "582.36", "P.K.": null, "Al.Dist. Izq.": 60, "Al.Dist. Der.": 60, "Ruta": 9 }, "geometry": { "type": "Point", "coordinates": [ -63.4407724, -32.1299387 ] } },
{ "type": "Feature", "properties": { "Name": "582.77", "P.K.": null, "Al.Dist. Izq.": 60, "Al.Dist. Der.": 60, "Ruta": 9 }, "geometry": { "type": "Point", "coordinates": [ -63.4433851, -32.1270065 ] } },
{ "type": "Feature", "properties": { "Name": "582.77", "P.K.": null, "Al.Dist. Izq.": 60, "Al.Dist. Der.": 60, "Ruta": 9 }, "geometry": { "type": "Point", "coordinates": [ -63.4433851, -32.1270065 ] } },
{ "type": "Feature", "properties": { "Name": "583.32", "P.K.": null, "Al.Dist. Izq.": 60, "Al.Dist. Der.": 60, "Ruta": 9 }, "geometry": { "type": "Point", "coordinates": [ -63.4468904, -32.1230736 ] } },
{ "type": "Feature", "properties": { "Name": "583.32", "P.K.": null, "Al.Dist. Izq.": 60, "Al.Dist. Der.": 60, "Ruta": 9 }, "geometry": { "type": "Point", "coordinates": [ -63.4468904, -32.1230736 ] } },
{ "type": "Feature", "properties": { "Name": "583.65", "P.K.": null, "Al.Dist. Izq.": 60, "Al.Dist. Der.": 60, "Ruta": 9 }, "geometry": { "type": "Point", "coordinates": [ -63.4489949, -32.120715 ] } },
{ "type": "Feature", "properties": { "Name": "583.65", "P.K.": null, "Al.Dist. Izq.": 60, "Al.Dist. Der.": 60, "Ruta": 9 }, "geometry": { "type": "Point", "coordinates": [ -63.4489949, -32.120715 ] } },
{ "type": "Feature", "properties": { "Name": "583.77", "P.K.": null, "Al.Dist. Izq.": 60, "Al.Dist. Der.": 60, "Ruta": 9 }, "geometry": { "type": "Point", "coordinates": [ -63.4497602, -32.1198574 ] } },
{ "type": "Feature", "properties": { "Name": "583.77", "P.K.": null, "Al.Dist. Izq.": 60, "Al.Dist. Der.": 60, "Ruta": 9 }, "geometry": { "type": "Point", "coordinates": [ -63.4497602, -32.1198574 ] } },
{ "type": "Feature", "properties": { "Name": "584.12", "P.K.": null, "Al.Dist. Izq.": 60, "Al.Dist. Der.": 60, "Ruta": 9 }, "geometry": { "type": "Point", "coordinates": [ -63.4519924, -32.1173559 ] } },
{ "type": "Feature", "properties": { "Name": "584.12", "P.K.": null, "Al.Dist. Izq.": 60, "Al.Dist. Der.": 60, "Ruta": 9 }, "geometry": { "type": "Point", "coordinates": [ -63.4519924, -32.1173559 ] } },
{ "type": "Feature", "properties": { "Name": "584.52", "P.K.": null, "Al.Dist. Izq.": 60, "Al.Dist. Der.": 60, "Ruta": 9 }, "geometry": { "type": "Point", "coordinates": [ -63.4545277, -32.1144832 ] } },
{ "type": "Feature", "properties": { "Name": "584.61", "P.K.": null, "Al.Dist. Izq.": 60, "Al.Dist. Der.": 60, "Ruta": 9 }, "geometry": { "type": "Point", "coordinates": [ -63.4550981, -32.1138367 ] } },
{ "type": "Feature", "properties": { "Name": "584.61", "P.K.": null, "Al.Dist. Izq.": 60, "Al.Dist. Der.": 60, "Ruta": 9 }, "geometry": { "type": "Point", "coordinates": [ -63.4550981, -32.1138367 ] } },
{ "type": "Feature", "properties": { "Name": "585.61", "P.K.": null, "Al.Dist. Izq.": 60, "Al.Dist. Der.": 60, "Ruta": 9 }, "geometry": { "type": "Point", "coordinates": [ -63.4614327, -32.1066517 ] } },
{ "type": "Feature", "properties": { "Name": "585.61", "P.K.": null, "Al.Dist. Izq.": 60, "Al.Dist. Der.": 60, "Ruta": 9 }, "geometry": { "type": "Point", "coordinates": [ -63.4614327, -32.1066517 ] } },
{ "type": "Feature", "properties": { "Name": "585.65", "P.K.": null, "Al.Dist. Izq.": 60, "Al.Dist. Der.": 60, "Ruta": 9 }, "geometry": { "type": "Point", "coordinates": [ -63.4616856, -32.1063638 ] } },
{ "type": "Feature", "properties": { "Name": "585.65", "P.K.": null, "Al.Dist. Izq.": 60, "Al.Dist. Der.": 60, "Ruta": 9 }, "geometry": { "type": "Point", "coordinates": [ -63.4616856, -32.1063638 ] } },
{ "type": "Feature", "properties": { "Name": "585.68", "P.K.": null, "Al.Dist. Izq.": 60, "Al.Dist. Der.": 60, "Ruta": 9 }, "geometry": { "type": "Point", "coordinates": [ -63.4618753, -32.106148 ] } },
{ "type": "Feature", "properties": { "Name": "585.68", "P.K.": null, "Al.Dist. Izq.": 60, "Al.Dist. Der.": 60, "Ruta": 9 }, "geometry": { "type": "Point", "coordinates": [ -63.4618753, -32.106148 ] } },
{ "type": "Feature", "properties": { "Name": "586.09", "P.K.": null, "Al.Dist. Izq.": 60, "Al.Dist. Der.": 60, "Ruta": 9 }, "geometry": { "type": "Point", "coordinates": [ -63.4644674, -32.1031976 ] } },
{ "type": "Feature", "properties": { "Name": "586.09", "P.K.": null, "Al.Dist. Izq.": 60, "Al.Dist. Der.": 60, "Ruta": 9 }, "geometry": { "type": "Point", "coordinates": [ -63.4644674, -32.1031976 ] } },
{ "type": "Feature", "properties": { "Name": "586.23", "P.K.": null, "Al.Dist. Izq.": 60, "Al.Dist. Der.": 60, "Ruta": 9 }, "geometry": { "type": "Point", "coordinates": [ -63.4653525, -32.1021901 ] } },
{ "type": "Feature", "properties": { "Name": "586.23", "P.K.": null, "Al.Dist. Izq.": 60, "Al.Dist. Der.": 60, "Ruta": 9 }, "geometry": { "type": "Point", "coordinates": [ -63.4653525, -32.1021901 ] } },
{ "type": "Feature", "properties": { "Name": "586.25", "P.K.": null, "Al.Dist. Izq.": 60, "Al.Dist. Der.": 60, "Ruta": 9 }, "geometry": { "type": "Point", "coordinates": [ -63.465479, -32.1020462 ] } },
{ "type": "Feature", "properties": { "Name": "586.25", "P.K.": null, "Al.Dist. Izq.": 60, "Al.Dist. Der.": 60, "Ruta": 9 }, "geometry": { "type": "Point", "coordinates": [ -63.465479, -32.1020462 ] } },
{ "type": "Feature", "properties": { "Name": "586.93", "P.K.": null, "Al.Dist. Izq.": 60, "Al.Dist. Der.": 60, "Ruta": 9 }, "geometry": { "type": "Point", "coordinates": [ -63.4697781, -32.0971529 ] } },
{ "type": "Feature", "properties": { "Name": "586.93", "P.K.": null, "Al.Dist. Izq.": 60, "Al.Dist. Der.": 60, "Ruta": 9 }, "geometry": { "type": "Point", "coordinates": [ -63.4697781, -32.0971529 ] } },
{ "type": "Feature", "properties": { "Name": "588.79", "P.K.": null, "Al.Dist. Izq.": 60, "Al.Dist. Der.": 60, "Ruta": 9 }, "geometry": { "type": "Point", "coordinates": [ -63.4815326, -32.0837641 ] } },
{ "type": "Feature", "properties": { "Name": "588.79", "P.K.": null, "Al.Dist. Izq.": 60, "Al.Dist. Der.": 60, "Ruta": 9 }, "geometry": { "type": "Point", "coordinates": [ -63.4815326, -32.0837641 ] } },
{ "type": "Feature", "properties": { "Name": "588.85", "P.K.": null, "Al.Dist. Izq.": 60, "Al.Dist. Der.": 60, "Ruta": 9 }, "geometry": { "type": "Point", "coordinates": [ -63.4819117, -32.0833321 ] } },
{ "type": "Feature", "properties": { "Name": "588.89", "P.K.": null, "Al.Dist. Izq.": 60, "Al.Dist. Der.": 60, "Ruta": 9 }, "geometry": { "type": "Point", "coordinates": [ -63.4821644, -32.0830441 ] } },
{ "type": "Feature", "properties": { "Name": "588.89", "P.K.": null, "Al.Dist. Izq.": 60, "Al.Dist. Der.": 60, "Ruta": 9 }, "geometry": { "type": "Point", "coordinates": [ -63.4821644, -32.0830441 ] } },
{ "type": "Feature", "properties": { "Name": "589.64", "P.K.": null, "Al.Dist. Izq.": 60, "Al.Dist. Der.": 60, "Ruta": 9 }, "geometry": { "type": "Point", "coordinates": [ -63.486903, -32.0776445 ] } },
{ "type": "Feature", "properties": { "Name": "590.59", "P.K.": null, "Al.Dist. Izq.": 60, "Al.Dist. Der.": 60, "Ruta": 9 }, "geometry": { "type": "Point", "coordinates": [ -63.4929066, -32.070806 ] } },
{ "type": "Feature", "properties": { "Name": "590.59", "P.K.": null, "Al.Dist. Izq.": 60, "Al.Dist. Der.": 60, "Ruta": 9 }, "geometry": { "type": "Point", "coordinates": [ -63.4929066, -32.070806 ] } },
{ "type": "Feature", "properties": { "Name": "590.88", "P.K.": null, "Al.Dist. Izq.": 60, "Al.Dist. Der.": 60, "Ruta": 9 }, "geometry": { "type": "Point", "coordinates": [ -63.4947395, -32.0687187 ] } },
{ "type": "Feature", "properties": { "Name": "590.88", "P.K.": null, "Al.Dist. Izq.": 60, "Al.Dist. Der.": 60, "Ruta": 9 }, "geometry": { "type": "Point", "coordinates": [ -63.4947395, -32.0687187 ] } },
{ "type": "Feature", "properties": { "Name": "591.33", "P.K.": null, "Al.Dist. Izq.": 60, "Al.Dist. Der.": 60, "Ruta": 9 }, "geometry": { "type": "Point", "coordinates": [ -63.4975765, -32.0654737 ] } },
{ "type": "Feature", "properties": { "Name": "591.45", "P.K.": null, "Al.Dist. Izq.": 60, "Al.Dist. Der.": 60, "Ruta": 9 }, "geometry": { "type": "Point", "coordinates": [ -63.4983063, -32.0645856 ] } },
{ "type": "Feature", "properties": { "Name": "591.45", "P.K.": null, "Al.Dist. Izq.": 60, "Al.Dist. Der.": 60, "Ruta": 9 }, "geometry": { "type": "Point", "coordinates": [ -63.4983063, -32.0645856 ] } },
{ "type": "Feature", "properties": { "Name": "591.75", "P.K.": null, "Al.Dist. Izq.": 60, "Al.Dist. Der.": 60, "Ruta": 9 }, "geometry": { "type": "Point", "coordinates": [ -63.5001307, -32.0623654 ] } },
{ "type": "Feature", "properties": { "Name": "592.22", "P.K.": null, "Al.Dist. Izq.": 60, "Al.Dist. Der.": 60, "Ruta": 9 }, "geometry": { "type": "Point", "coordinates": [ -63.5029842, -32.0588831 ] } },
{ "type": "Feature", "properties": { "Name": "592.22", "P.K.": null, "Al.Dist. Izq.": 60, "Al.Dist. Der.": 60, "Ruta": 9 }, "geometry": { "type": "Point", "coordinates": [ -63.5029842, -32.0588831 ] } },
{ "type": "Feature", "properties": { "Name": "592.29", "P.K.": null, "Al.Dist. Izq.": 60, "Al.Dist. Der.": 60, "Ruta": 9 }, "geometry": { "type": "Point", "coordinates": [ -63.5034397, -32.058317 ] } },
{ "type": "Feature", "properties": { "Name": "592.29", "P.K.": null, "Al.Dist. Izq.": 60, "Al.Dist. Der.": 60, "Ruta": 9 }, "geometry": { "type": "Point", "coordinates": [ -63.5034397, -32.058317 ] } },
{ "type": "Feature", "properties": { "Name": "592.37", "P.K.": null, "Al.Dist. Izq.": 60, "Al.Dist. Der.": 60, "Ruta": 9 }, "geometry": { "type": "Point", "coordinates": [ -63.5038658, -32.0577402 ] } },
{ "type": "Feature", "properties": { "Name": "592.37", "P.K.": null, "Al.Dist. Izq.": 60, "Al.Dist. Der.": 60, "Ruta": 9 }, "geometry": { "type": "Point", "coordinates": [ -63.5038658, -32.0577402 ] } },
{ "type": "Feature", "properties": { "Name": "592.44", "P.K.": null, "Al.Dist. Izq.": 60, "Al.Dist. Der.": 60, "Ruta": 9 }, "geometry": { "type": "Point", "coordinates": [ -63.5042973, -32.0571554 ] } },
{ "type": "Feature", "properties": { "Name": "592.44", "P.K.": null, "Al.Dist. Izq.": 60, "Al.Dist. Der.": 60, "Ruta": 9 }, "geometry": { "type": "Point", "coordinates": [ -63.5042973, -32.0571554 ] } },
{ "type": "Feature", "properties": { "Name": "592.52", "P.K.": null, "Al.Dist. Izq.": 60, "Al.Dist. Der.": 60, "Ruta": 9 }, "geometry": { "type": "Point", "coordinates": [ -63.5047022, -32.0565985 ] } },
{ "type": "Feature", "properties": { "Name": "592.52", "P.K.": null, "Al.Dist. Izq.": 60, "Al.Dist. Der.": 60, "Ruta": 9 }, "geometry": { "type": "Point", "coordinates": [ -63.5047022, -32.0565985 ] } },
{ "type": "Feature", "properties": { "Name": "592.59", "P.K.": null, "Al.Dist. Izq.": 60, "Al.Dist. Der.": 60, "Ruta": 9 }, "geometry": { "type": "Point", "coordinates": [ -63.5051015, -32.0560494 ] } },
{ "type": "Feature", "properties": { "Name": "592.59", "P.K.": null, "Al.Dist. Izq.": 60, "Al.Dist. Der.": 60, "Ruta": 9 }, "geometry": { "type": "Point", "coordinates": [ -63.5051015, -32.0560494 ] } },
{ "type": "Feature", "properties": { "Name": "592.67", "P.K.": null, "Al.Dist. Izq.": 60, "Al.Dist. Der.": 60, "Ruta": 9 }, "geometry": { "type": "Point", "coordinates": [ -63.5055072, -32.0554465 ] } },
{ "type": "Feature", "properties": { "Name": "592.67", "P.K.": null, "Al.Dist. Izq.": 60, "Al.Dist. Der.": 60, "Ruta": 9 }, "geometry": { "type": "Point", "coordinates": [ -63.5055072, -32.0554465 ] } },
{ "type": "Feature", "properties": { "Name": "592.93", "P.K.": null, "Al.Dist. Izq.": 60, "Al.Dist. Der.": 60, "Ruta": 9 }, "geometry": { "type": "Point", "coordinates": [ -63.5068732, -32.0533819 ] } },
{ "type": "Feature", "properties": { "Name": "593.15", "P.K.": null, "Al.Dist. Izq.": 60, "Al.Dist. Der.": 60, "Ruta": 9 }, "geometry": { "type": "Point", "coordinates": [ -63.5080836, -32.0516726 ] } },
{ "type": "Feature", "properties": { "Name": "593.85", "P.K.": null, "Al.Dist. Izq.": 60, "Al.Dist. Der.": 60, "Ruta": 9 }, "geometry": { "type": "Point", "coordinates": [ -63.5124414, -32.0466376 ] } },
{ "type": "Feature", "properties": { "Name": "594.03", "P.K.": null, "Al.Dist. Izq.": 60, "Al.Dist. Der.": 60, "Ruta": 9 }, "geometry": { "type": "Point", "coordinates": [ -63.5136287, -32.0454016 ] } },
{ "type": "Feature", "properties": { "Name": "594.49", "P.K.": null, "Al.Dist. Izq.": 60, "Al.Dist. Der.": 60, "Ruta": 9 }, "geometry": { "type": "Point", "coordinates": [ -63.5165363, -32.0421272 ] } },
{ "type": "Feature", "properties": { "Name": "595.87", "P.K.": null, "Al.Dist. Izq.": 60, "Al.Dist. Der.": 60, "Ruta": 9 }, "geometry": { "type": "Point", "coordinates": [ -63.5247977, -32.0319091 ] } },
{ "type": "Feature", "properties": { "Name": "595.87", "P.K.": null, "Al.Dist. Izq.": 60, "Al.Dist. Der.": 60, "Ruta": 9 }, "geometry": { "type": "Point", "coordinates": [ -63.5247977, -32.0319091 ] } },
{ "type": "Feature", "properties": { "Name": "596.01", "P.K.": null, "Al.Dist. Izq.": 60, "Al.Dist. Der.": 60, "Ruta": 9 }, "geometry": { "type": "Point", "coordinates": [ -63.5256369, -32.0308733 ] } },
{ "type": "Feature", "properties": { "Name": "596.01", "P.K.": null, "Al.Dist. Izq.": 60, "Al.Dist. Der.": 60, "Ruta": 9 }, "geometry": { "type": "Point", "coordinates": [ -63.5256369, -32.0308733 ] } },
{ "type": "Feature", "properties": { "Name": "596.17", "P.K.": null, "Al.Dist. Izq.": 60, "Al.Dist. Der.": 60, "Ruta": 9 }, "geometry": { "type": "Point", "coordinates": [ -63.526596, -32.0296896 ] } },
{ "type": "Feature", "properties": { "Name": "597.19", "P.K.": null, "Al.Dist. Izq.": 60, "Al.Dist. Der.": 60, "Ruta": 9 }, "geometry": { "type": "Point", "coordinates": [ -63.5327157, -32.0221465 ] } },
{ "type": "Feature", "properties": { "Name": "597.19", "P.K.": null, "Al.Dist. Izq.": 60, "Al.Dist. Der.": 60, "Ruta": 9 }, "geometry": { "type": "Point", "coordinates": [ -63.5327157, -32.0221465 ] } },
{ "type": "Feature", "properties": { "Name": "597.53", "P.K.": null, "Al.Dist. Izq.": 60, "Al.Dist. Der.": 60, "Ruta": 9 }, "geometry": { "type": "Point", "coordinates": [ -63.5347624, -32.0196399 ] } },
{ "type": "Feature", "properties": { "Name": "597.53", "P.K.": null, "Al.Dist. Izq.": 60, "Al.Dist. Der.": 60, "Ruta": 9 }, "geometry": { "type": "Point", "coordinates": [ -63.5347624, -32.0196399 ] } },
{ "type": "Feature", "properties": { "Name": "597.6", "P.K.": null, "Al.Dist. Izq.": 60, "Al.Dist. Der.": 60, "Ruta": 9 }, "geometry": { "type": "Point", "coordinates": [ -63.5351907, -32.0191292 ] } },
{ "type": "Feature", "properties": { "Name": "597.66", "P.K.": null, "Al.Dist. Izq.": 60, "Al.Dist. Der.": 60, "Ruta": 9 }, "geometry": { "type": "Point", "coordinates": [ -63.5355845, -32.0186607 ] } },
{ "type": "Feature", "properties": { "Name": "597.66", "P.K.": null, "Al.Dist. Izq.": 60, "Al.Dist. Der.": 60, "Ruta": 9 }, "geometry": { "type": "Point", "coordinates": [ -63.5355845, -32.0186607 ] } },
{ "type": "Feature", "properties": { "Name": "597.69", "P.K.": null, "Al.Dist. Izq.": 60, "Al.Dist. Der.": 60, "Ruta": 9 }, "geometry": { "type": "Point", "coordinates": [ -63.5357676, -32.0184654 ] } },
{ "type": "Feature", "properties": { "Name": "597.69", "P.K.": null, "Al.Dist. Izq.": 60, "Al.Dist. Der.": 60, "Ruta": 9 }, "geometry": { "type": "Point", "coordinates": [ -63.5357676, -32.0184654 ] } },
{ "type": "Feature", "properties": { "Name": "597.87", "P.K.": null, "Al.Dist. Izq.": 60, "Al.Dist. Der.": 60, "Ruta": 9 }, "geometry": { "type": "Point", "coordinates": [ -63.5369718, -32.0172093 ] } },
{ "type": "Feature", "properties": { "Name": "598.01", "P.K.": null, "Al.Dist. Izq.": 60, "Al.Dist. Der.": 60, "Ruta": 9 }, "geometry": { "type": "Point", "coordinates": [ -63.5379085, -32.0162323 ] } },
{ "type": "Feature", "properties": { "Name": "598.17", "P.K.": null, "Al.Dist. Izq.": 60, "Al.Dist. Der.": 60, "Ruta": 9 }, "geometry": { "type": "Point", "coordinates": [ -63.538979, -32.0151158 ] } },
{ "type": "Feature", "properties": { "Name": "598.17", "P.K.": null, "Al.Dist. Izq.": 60, "Al.Dist. Der.": 60, "Ruta": 9 }, "geometry": { "type": "Point", "coordinates": [ -63.538979, -32.0151158 ] } },
{ "type": "Feature", "properties": { "Name": "598.98", "P.K.": null, "Al.Dist. Izq.": 60, "Al.Dist. Der.": 60, "Ruta": 9 }, "geometry": { "type": "Point", "coordinates": [ -63.5443968, -32.0094619 ] } },
{ "type": "Feature", "properties": { "Name": "599.24", "P.K.": null, "Al.Dist. Izq.": 60, "Al.Dist. Der.": 60, "Ruta": 9 }, "geometry": { "type": "Point", "coordinates": [ -63.5461355, -32.0076467 ] } },
{ "type": "Feature", "properties": { "Name": "599.24", "P.K.": null, "Al.Dist. Izq.": 60, "Al.Dist. Der.": 60, "Ruta": 9 }, "geometry": { "type": "Point", "coordinates": [ -63.5461355, -32.0076467 ] } },
{ "type": "Feature", "properties": { "Name": "599.27", "P.K.": null, "Al.Dist. Izq.": 60, "Al.Dist. Der.": 60, "Ruta": 9 }, "geometry": { "type": "Point", "coordinates": [ -63.5462942, -32.007481 ] } },
{ "type": "Feature", "properties": { "Name": "599.27", "P.K.": null, "Al.Dist. Izq.": 60, "Al.Dist. Der.": 60, "Ruta": 9 }, "geometry": { "type": "Point", "coordinates": [ -63.5462942, -32.007481 ] } },
{ "type": "Feature", "properties": { "Name": "600.56", "P.K.": null, "Al.Dist. Izq.": 60, "Al.Dist. Der.": 60, "Ruta": 9 }, "geometry": { "type": "Point", "coordinates": [ -63.5549229, -31.998479 ] } },
{ "type": "Feature", "properties": { "Name": "600.56", "P.K.": null, "Al.Dist. Izq.": 60, "Al.Dist. Der.": 60, "Ruta": 9 }, "geometry": { "type": "Point", "coordinates": [ -63.5549229, -31.998479 ] } },
{ "type": "Feature", "properties": { "Name": "600.88", "P.K.": null, "Al.Dist. Izq.": 60, "Al.Dist. Der.": 60, "Ruta": 9 }, "geometry": { "type": "Point", "coordinates": [ -63.5570548, -31.9962571 ] } },
{ "type": "Feature", "properties": { "Name": "600.88", "P.K.": null, "Al.Dist. Izq.": 60, "Al.Dist. Der.": 60, "Ruta": 9 }, "geometry": { "type": "Point", "coordinates": [ -63.5570548, -31.9962571 ] } },
{ "type": "Feature", "properties": { "Name": "601.83", "P.K.": null, "Al.Dist. Izq.": 60, "Al.Dist. Der.": 60, "Ruta": 9 }, "geometry": { "type": "Point", "coordinates": [ -63.5633728, -31.9896501 ] } },
{ "type": "Feature", "properties": { "Name": "601.83", "P.K.": null, "Al.Dist. Izq.": 60, "Al.Dist. Der.": 60, "Ruta": 9 }, "geometry": { "type": "Point", "coordinates": [ -63.5633728, -31.9896501 ] } },
{ "type": "Feature", "properties": { "Name": "601.87", "P.K.": null, "Al.Dist. Izq.": 60, "Al.Dist. Der.": 60, "Ruta": 9 }, "geometry": { "type": "Point", "coordinates": [ -63.56363, -31.98938 ] } },
{ "type": "Feature", "properties": { "Name": "601.87", "P.K.": null, "Al.Dist. Izq.": 60, "Al.Dist. Der.": 60, "Ruta": 9 }, "geometry": { "type": "Point", "coordinates": [ -63.56363, -31.98938 ] } },
{ "type": "Feature", "properties": { "Name": "601.91", "P.K.": null, "Al.Dist. Izq.": 60, "Al.Dist. Der.": 60, "Ruta": 9 }, "geometry": { "type": "Point", "coordinates": [ -63.5638949, -31.9891017 ] } },
{ "type": "Feature", "properties": { "Name": "601.91", "P.K.": null, "Al.Dist. Izq.": 60, "Al.Dist. Der.": 60, "Ruta": 9 }, "geometry": { "type": "Point", "coordinates": [ -63.5638949, -31.9891017 ] } },
{ "type": "Feature", "properties": { "Name": "603.13", "P.K.": null, "Al.Dist. Izq.": 60, "Al.Dist. Der.": 60, "Ruta": 9 }, "geometry": { "type": "Point", "coordinates": [ -63.5719798, -31.9806185 ] } },
{ "type": "Feature", "properties": { "Name": "603.28", "P.K.": null, "Al.Dist. Izq.": 60, "Al.Dist. Der.": 60, "Ruta": 9 }, "geometry": { "type": "Point", "coordinates": [ -63.5729535, -31.9795565 ] } },
{ "type": "Feature", "properties": { "Name": "603.28", "P.K.": null, "Al.Dist. Izq.": 60, "Al.Dist. Der.": 60, "Ruta": 9 }, "geometry": { "type": "Point", "coordinates": [ -63.5729535, -31.9795565 ] } },
{ "type": "Feature", "properties": { "Name": "603.36", "P.K.": null, "Al.Dist. Izq.": 60, "Al.Dist. Der.": 60, "Ruta": 9 }, "geometry": { "type": "Point", "coordinates": [ -63.5734649, -31.9789829 ] } },
{ "type": "Feature", "properties": { "Name": "605.59", "P.K.": null, "Al.Dist. Izq.": 60, "Al.Dist. Der.": 60, "Ruta": 9 }, "geometry": { "type": "Point", "coordinates": [ -63.5876185, -31.9629044 ] } },
{ "type": "Feature", "properties": { "Name": "605.59", "P.K.": null, "Al.Dist. Izq.": 60, "Al.Dist. Der.": 60, "Ruta": 9 }, "geometry": { "type": "Point", "coordinates": [ -63.5876185, -31.9629044 ] } },
{ "type": "Feature", "properties": { "Name": "605.78", "P.K.": null, "Al.Dist. Izq.": 60, "Al.Dist. Der.": 60, "Ruta": 9 }, "geometry": { "type": "Point", "coordinates": [ -63.5888233, -31.9615334 ] } },
{ "type": "Feature", "properties": { "Name": "605.9", "P.K.": null, "Al.Dist. Izq.": 60, "Al.Dist. Der.": 60, "Ruta": 9 }, "geometry": { "type": "Point", "coordinates": [ -63.5895823, -31.9606659 ] } },
{ "type": "Feature", "properties": { "Name": "605.9", "P.K.": null, "Al.Dist. Izq.": 60, "Al.Dist. Der.": 60, "Ruta": 9 }, "geometry": { "type": "Point", "coordinates": [ -63.5895823, -31.9606659 ] } },
{ "type": "Feature", "properties": { "Name": "607.1", "P.K.": null, "Al.Dist. Izq.": 60, "Al.Dist. Der.": 60, "Ruta": 9 }, "geometry": { "type": "Point", "coordinates": [ -63.5971822, -31.9519994 ] } },
{ "type": "Feature", "properties": { "Name": "607.1", "P.K.": null, "Al.Dist. Izq.": 60, "Al.Dist. Der.": 60, "Ruta": 9 }, "geometry": { "type": "Point", "coordinates": [ -63.5971822, -31.9519994 ] } },
{ "type": "Feature", "properties": { "Name": "607.19", "P.K.": null, "Al.Dist. Izq.": 60, "Al.Dist. Der.": 60, "Ruta": 9 }, "geometry": { "type": "Point", "coordinates": [ -63.5977462, -31.9513442 ] } },
{ "type": "Feature", "properties": { "Name": "607.19", "P.K.": null, "Al.Dist. Izq.": 60, "Al.Dist. Der.": 60, "Ruta": 9 }, "geometry": { "type": "Point", "coordinates": [ -63.5977462, -31.9513442 ] } },
{ "type": "Feature", "properties": { "Name": "607.23", "P.K.": null, "Al.Dist. Izq.": 60, "Al.Dist. Der.": 60, "Ruta": 9 }, "geometry": { "type": "Point", "coordinates": [ -63.598002, -31.951047 ] } },
{ "type": "Feature", "properties": { "Name": "607.23", "P.K.": null, "Al.Dist. Izq.": 60, "Al.Dist. Der.": 60, "Ruta": 9 }, "geometry": { "type": "Point", "coordinates": [ -63.598002, -31.951047 ] } },
{ "type": "Feature", "properties": { "Name": "607.27", "P.K.": null, "Al.Dist. Izq.": 60, "Al.Dist. Der.": 60, "Ruta": 9 }, "geometry": { "type": "Point", "coordinates": [ -63.5982453, -31.9507644 ] } },
{ "type": "Feature", "properties": { "Name": "607.27", "P.K.": null, "Al.Dist. Izq.": 60, "Al.Dist. Der.": 60, "Ruta": 9 }, "geometry": { "type": "Point", "coordinates": [ -63.5982453, -31.9507644 ] } },
{ "type": "Feature", "properties": { "Name": "607.31", "P.K.": null, "Al.Dist. Izq.": 60, "Al.Dist. Der.": 60, "Ruta": 9 }, "geometry": { "type": "Point", "coordinates": [ -63.5984948, -31.9504745 ] } },
{ "type": "Feature", "properties": { "Name": "607.31", "P.K.": null, "Al.Dist. Izq.": 60, "Al.Dist. Der.": 60, "Ruta": 9 }, "geometry": { "type": "Point", "coordinates": [ -63.5984948, -31.9504745 ] } },
{ "type": "Feature", "properties": { "Name": "607.35", "P.K.": null, "Al.Dist. Izq.": 60, "Al.Dist. Der.": 60, "Ruta": 9 }, "geometry": { "type": "Point", "coordinates": [ -63.5987256, -31.9502063 ] } },
{ "type": "Feature", "properties": { "Name": "607.35", "P.K.": null, "Al.Dist. Izq.": 60, "Al.Dist. Der.": 60, "Ruta": 9 }, "geometry": { "type": "Point", "coordinates": [ -63.5987256, -31.9502063 ] } },
{ "type": "Feature", "properties": { "Name": "607.76", "P.K.": null, "Al.Dist. Izq.": 60, "Al.Dist. Der.": 60, "Ruta": 9 }, "geometry": { "type": "Point", "coordinates": [ -63.6013263, -31.9472222 ] } },
{ "type": "Feature", "properties": { "Name": "607.76", "P.K.": null, "Al.Dist. Izq.": 60, "Al.Dist. Der.": 60, "Ruta": 9 }, "geometry": { "type": "Point", "coordinates": [ -63.6013263, -31.9472222 ] } },
{ "type": "Feature", "properties": { "Name": "608.39", "P.K.": null, "Al.Dist. Izq.": 60, "Al.Dist. Der.": 60, "Ruta": 9 }, "geometry": { "type": "Point", "coordinates": [ -63.6053457, -31.9426572 ] } },
{ "type": "Feature", "properties": { "Name": "608.39", "P.K.": null, "Al.Dist. Izq.": 60, "Al.Dist. Der.": 60, "Ruta": 9 }, "geometry": { "type": "Point", "coordinates": [ -63.6053457, -31.9426572 ] } },
{ "type": "Feature", "properties": { "Name": "609.69", "P.K.": null, "Al.Dist. Izq.": 60, "Al.Dist. Der.": 60, "Ruta": 9 }, "geometry": { "type": "Point", "coordinates": [ -63.6135219, -31.933344 ] } },
{ "type": "Feature", "properties": { "Name": "609.69", "P.K.": null, "Al.Dist. Izq.": 60, "Al.Dist. Der.": 60, "Ruta": 9 }, "geometry": { "type": "Point", "coordinates": [ -63.6135219, -31.933344 ] } },
{ "type": "Feature", "properties": { "Name": "610.06", "P.K.": null, "Al.Dist. Izq.": 60, "Al.Dist. Der.": 60, "Ruta": 9 }, "geometry": { "type": "Point", "coordinates": [ -63.615851, -31.9306841 ] } },
{ "type": "Feature", "properties": { "Name": "610.4", "P.K.": null, "Al.Dist. Izq.": 60, "Al.Dist. Der.": 60, "Ruta": 9 }, "geometry": { "type": "Point", "coordinates": [ -63.6179912, -31.9282399 ] } },
{ "type": "Feature", "properties": { "Name": "610.4", "P.K.": null, "Al.Dist. Izq.": 60, "Al.Dist. Der.": 60, "Ruta": 9 }, "geometry": { "type": "Point", "coordinates": [ -63.6179912, -31.9282399 ] } },
{ "type": "Feature", "properties": { "Name": "610.91", "P.K.": null, "Al.Dist. Izq.": 60, "Al.Dist. Der.": 60, "Ruta": 9 }, "geometry": { "type": "Point", "coordinates": [ -63.6212031, -31.924575 ] } },
{ "type": "Feature", "properties": { "Name": "610.91", "P.K.": null, "Al.Dist. Izq.": 60, "Al.Dist. Der.": 60, "Ruta": 9 }, "geometry": { "type": "Point", "coordinates": [ -63.6212031, -31.924575 ] } },
{ "type": "Feature", "properties": { "Name": "610.99", "P.K.": null, "Al.Dist. Izq.": 60, "Al.Dist. Der.": 60, "Ruta": 9 }, "geometry": { "type": "Point", "coordinates": [ -63.6217069, -31.9240002 ] } },
{ "type": "Feature", "properties": { "Name": "610.99", "P.K.": null, "Al.Dist. Izq.": 60, "Al.Dist. Der.": 60, "Ruta": 9 }, "geometry": { "type": "Point", "coordinates": [ -63.6217069, -31.9240002 ] } },
{ "type": "Feature", "properties": { "Name": "612.31", "P.K.": null, "Al.Dist. Izq.": 60, "Al.Dist. Der.": 60, "Ruta": 9 }, "geometry": { "type": "Point", "coordinates": [ -63.63002, -31.9145144 ] } },
{ "type": "Feature", "properties": { "Name": "612.31", "P.K.": null, "Al.Dist. Izq.": 60, "Al.Dist. Der.": 60, "Ruta": 9 }, "geometry": { "type": "Point", "coordinates": [ -63.63002, -31.9145144 ] } },
{ "type": "Feature", "properties": { "Name": "613.06", "P.K.": null, "Al.Dist. Izq.": 60, "Al.Dist. Der.": 60, "Ruta": 9 }, "geometry": { "type": "Point", "coordinates": [ -63.6347426, -31.9091242 ] } },
{ "type": "Feature", "properties": { "Name": "613.06", "P.K.": null, "Al.Dist. Izq.": 60, "Al.Dist. Der.": 60, "Ruta": 9 }, "geometry": { "type": "Point", "coordinates": [ -63.6347426, -31.9091242 ] } },
{ "type": "Feature", "properties": { "Name": "613.25", "P.K.": null, "Al.Dist. Izq.": 60, "Al.Dist. Der.": 60, "Ruta": 9 }, "geometry": { "type": "Point", "coordinates": [ -63.6359392, -31.9077589 ] } },
{ "type": "Feature", "properties": { "Name": "613.5", "P.K.": null, "Al.Dist. Izq.": 60, "Al.Dist. Der.": 60, "Ruta": 9 }, "geometry": { "type": "Point", "coordinates": [ -63.6375137, -31.9059625 ] } },
{ "type": "Feature", "properties": { "Name": "613.61", "P.K.": null, "Al.Dist. Izq.": 60, "Al.Dist. Der.": 60, "Ruta": 9 }, "geometry": { "type": "Point", "coordinates": [ -63.6382065, -31.905172 ] } },
{ "type": "Feature", "properties": { "Name": "613.61", "P.K.": null, "Al.Dist. Izq.": 60, "Al.Dist. Der.": 60, "Ruta": 9 }, "geometry": { "type": "Point", "coordinates": [ -63.6382065, -31.905172 ] } },
{ "type": "Feature", "properties": { "Name": "614.27", "P.K.": null, "Al.Dist. Izq.": 60, "Al.Dist. Der.": 60, "Ruta": 9 }, "geometry": { "type": "Point", "coordinates": [ -63.6423629, -31.900429 ] } },
{ "type": "Feature", "properties": { "Name": "614.27", "P.K.": null, "Al.Dist. Izq.": 60, "Al.Dist. Der.": 60, "Ruta": 9 }, "geometry": { "type": "Point", "coordinates": [ -63.6423629, -31.900429 ] } },
{ "type": "Feature", "properties": { "Name": "614.35", "P.K.": null, "Al.Dist. Izq.": 60, "Al.Dist. Der.": 60, "Ruta": 9 }, "geometry": { "type": "Point", "coordinates": [ -63.6428667, -31.8998541 ] } },
{ "type": "Feature", "properties": { "Name": "614.35", "P.K.": null, "Al.Dist. Izq.": 60, "Al.Dist. Der.": 60, "Ruta": 9 }, "geometry": { "type": "Point", "coordinates": [ -63.6428667, -31.8998541 ] } },
{ "type": "Feature", "properties": { "Name": "614.48", "P.K.": null, "Al.Dist. Izq.": 60, "Al.Dist. Der.": 60, "Ruta": 9 }, "geometry": { "type": "Point", "coordinates": [ -63.6436854, -31.8989199 ] } },
{ "type": "Feature", "properties": { "Name": "614.83", "P.K.": null, "Al.Dist. Izq.": 60, "Al.Dist. Der.": 60, "Ruta": 9 }, "geometry": { "type": "Point", "coordinates": [ -63.6458895, -31.8964047 ] } },
{ "type": "Feature", "properties": { "Name": "614.83", "P.K.": null, "Al.Dist. Izq.": 60, "Al.Dist. Der.": 60, "Ruta": 9 }, "geometry": { "type": "Point", "coordinates": [ -63.6458895, -31.8964047 ] } },
{ "type": "Feature", "properties": { "Name": "614.9", "P.K.": null, "Al.Dist. Izq.": 60, "Al.Dist. Der.": 60, "Ruta": 9 }, "geometry": { "type": "Point", "coordinates": [ -63.6463304, -31.8959017 ] } },
{ "type": "Feature", "properties": { "Name": "614.9", "P.K.": null, "Al.Dist. Izq.": 60, "Al.Dist. Der.": 60, "Ruta": 9 }, "geometry": { "type": "Point", "coordinates": [ -63.6463304, -31.8959017 ] } },
{ "type": "Feature", "properties": { "Name": "614.95", "P.K.": null, "Al.Dist. Izq.": 60, "Al.Dist. Der.": 60, "Ruta": 9 }, "geometry": { "type": "Point", "coordinates": [ -63.6466839, -31.8954994 ] } },
{ "type": "Feature", "properties": { "Name": "614.95", "P.K.": null, "Al.Dist. Izq.": 60, "Al.Dist. Der.": 60, "Ruta": 9 }, "geometry": { "type": "Point", "coordinates": [ -63.6466839, -31.8954994 ] } },
{ "type": "Feature", "properties": { "Name": "615.31", "P.K.": null, "Al.Dist. Izq.": 60, "Al.Dist. Der.": 60, "Ruta": 9 }, "geometry": { "type": "Point", "coordinates": [ -63.64897, -31.8928978 ] } },
{ "type": "Feature", "properties": { "Name": "615.6", "P.K.": null, "Al.Dist. Izq.": 60, "Al.Dist. Der.": 60, "Ruta": 9 }, "geometry": { "type": "Point", "coordinates": [ -63.6508116, -31.890802 ] } },
{ "type": "Feature", "properties": { "Name": "615.6", "P.K.": null, "Al.Dist. Izq.": 60, "Al.Dist. Der.": 60, "Ruta": 9 }, "geometry": { "type": "Point", "coordinates": [ -63.6508116, -31.890802 ] } },
{ "type": "Feature", "properties": { "Name": "615.85", "P.K.": null, "Al.Dist. Izq.": 60, "Al.Dist. Der.": 60, "Ruta": 9 }, "geometry": { "type": "Point", "coordinates": [ -63.6523992, -31.8889953 ] } },
{ "type": "Feature", "properties": { "Name": "615.85", "P.K.": null, "Al.Dist. Izq.": 60, "Al.Dist. Der.": 60, "Ruta": 9 }, "geometry": { "type": "Point", "coordinates": [ -63.6523992, -31.8889953 ] } },
{ "type": "Feature", "properties": { "Name": "616.27", "P.K.": null, "Al.Dist. Izq.": 60, "Al.Dist. Der.": 60, "Ruta": 9 }, "geometry": { "type": "Point", "coordinates": [ -63.6550663, -31.88596 ] } },
{ "type": "Feature", "properties": { "Name": "616.3", "P.K.": null, "Al.Dist. Izq.": 60, "Al.Dist. Der.": 60, "Ruta": 9 }, "geometry": { "type": "Point", "coordinates": [ -63.6552568, -31.8857432 ] } },
{ "type": "Feature", "properties": { "Name": "616.3", "P.K.": null, "Al.Dist. Izq.": 60, "Al.Dist. Der.": 60, "Ruta": 9 }, "geometry": { "type": "Point", "coordinates": [ -63.6552568, -31.8857432 ] } },
{ "type": "Feature", "properties": { "Name": "616.74", "P.K.": null, "Al.Dist. Izq.": 60, "Al.Dist. Der.": 60, "Ruta": 9 }, "geometry": { "type": "Point", "coordinates": [ -63.6580461, -31.8825592 ] } },
{ "type": "Feature", "properties": { "Name": "616.87", "P.K.": null, "Al.Dist. Izq.": 60, "Al.Dist. Der.": 60, "Ruta": 9 }, "geometry": { "type": "Point", "coordinates": [ -63.6588845, -31.8816313 ] } },
{ "type": "Feature", "properties": { "Name": "616.87", "P.K.": null, "Al.Dist. Izq.": 60, "Al.Dist. Der.": 60, "Ruta": 9 }, "geometry": { "type": "Point", "coordinates": [ -63.6588845, -31.8816313 ] } },
{ "type": "Feature", "properties": { "Name": "617.54", "P.K.": null, "Al.Dist. Izq.": 60, "Al.Dist. Der.": 60, "Ruta": 9 }, "geometry": { "type": "Point", "coordinates": [ -63.6635561, -31.8771963 ] } },
{ "type": "Feature", "properties": { "Name": "617.54", "P.K.": null, "Al.Dist. Izq.": 60, "Al.Dist. Der.": 60, "Ruta": 9 }, "geometry": { "type": "Point", "coordinates": [ -63.6635561, -31.8771963 ] } },
{ "type": "Feature", "properties": { "Name": "617.69", "P.K.": null, "Al.Dist. Izq.": 60, "Al.Dist. Der.": 60, "Ruta": 9 }, "geometry": { "type": "Point", "coordinates": [ -63.6646421, -31.876246 ] } },
{ "type": "Feature", "properties": { "Name": "618.24", "P.K.": null, "Al.Dist. Izq.": 60, "Al.Dist. Der.": 60, "Ruta": 9 }, "geometry": { "type": "Point", "coordinates": [ -63.668389, -31.8725146 ] } },
{ "type": "Feature", "properties": { "Name": "619.08", "P.K.": null, "Al.Dist. Izq.": 60, "Al.Dist. Der.": 60, "Ruta": 9 }, "geometry": { "type": "Point", "coordinates": [ -63.6737303, -31.8664507 ] } },
{ "type": "Feature", "properties": { "Name": "619.08", "P.K.": null, "Al.Dist. Izq.": 60, "Al.Dist. Der.": 60, "Ruta": 9 }, "geometry": { "type": "Point", "coordinates": [ -63.6737303, -31.8664507 ] } },
{ "type": "Feature", "properties": { "Name": "620.15", "P.K.": null, "Al.Dist. Izq.": 60, "Al.Dist. Der.": 60, "Ruta": 9 }, "geometry": { "type": "Point", "coordinates": [ -63.6804814, -31.8587493 ] } },
{ "type": "Feature", "properties": { "Name": "620.15", "P.K.": null, "Al.Dist. Izq.": 60, "Al.Dist. Der.": 60, "Ruta": 9 }, "geometry": { "type": "Point", "coordinates": [ -63.6804814, -31.8587493 ] } },
{ "type": "Feature", "properties": { "Name": "620.93", "P.K.": null, "Al.Dist. Izq.": 60, "Al.Dist. Der.": 60, "Ruta": 9 }, "geometry": { "type": "Point", "coordinates": [ -63.6853484, -31.8532029 ] } },
{ "type": "Feature", "properties": { "Name": "620.93", "P.K.": null, "Al.Dist. Izq.": 60, "Al.Dist. Der.": 60, "Ruta": 9 }, "geometry": { "type": "Point", "coordinates": [ -63.6853484, -31.8532029 ] } },
{ "type": "Feature", "properties": { "Name": "621.24", "P.K.": null, "Al.Dist. Izq.": 60, "Al.Dist. Der.": 60, "Ruta": 9 }, "geometry": { "type": "Point", "coordinates": [ -63.6872832, -31.850999 ] } },
{ "type": "Feature", "properties": { "Name": "621.24", "P.K.": null, "Al.Dist. Izq.": 60, "Al.Dist. Der.": 60, "Ruta": 9 }, "geometry": { "type": "Point", "coordinates": [ -63.6872832, -31.850999 ] } },
{ "type": "Feature", "properties": { "Name": "621.46", "P.K.": null, "Al.Dist. Izq.": 60, "Al.Dist. Der.": 60, "Ruta": 9 }, "geometry": { "type": "Point", "coordinates": [ -63.6886563, -31.8494349 ] } },
{ "type": "Feature", "properties": { "Name": "621.49", "P.K.": null, "Al.Dist. Izq.": 60, "Al.Dist. Der.": 60, "Ruta": 9 }, "geometry": { "type": "Point", "coordinates": [ -63.6888451, -31.8492198 ] } },
{ "type": "Feature", "properties": { "Name": "621.49", "P.K.": null, "Al.Dist. Izq.": 60, "Al.Dist. Der.": 60, "Ruta": 9 }, "geometry": { "type": "Point", "coordinates": [ -63.6888451, -31.8492198 ] } },
{ "type": "Feature", "properties": { "Name": "622.51", "P.K.": null, "Al.Dist. Izq.": 60, "Al.Dist. Der.": 60, "Ruta": 9 }, "geometry": { "type": "Point", "coordinates": [ -63.6952628, -31.8419086 ] } },
{ "type": "Feature", "properties": { "Name": "622.51", "P.K.": null, "Al.Dist. Izq.": 60, "Al.Dist. Der.": 60, "Ruta": 9 }, "geometry": { "type": "Point", "coordinates": [ -63.6952628, -31.8419086 ] } },
{ "type": "Feature", "properties": { "Name": "622.78", "P.K.": null, "Al.Dist. Izq.": 60, "Al.Dist. Der.": 60, "Ruta": 9 }, "geometry": { "type": "Point", "coordinates": [ -63.696961, -31.8399726 ] } },
{ "type": "Feature", "properties": { "Name": "622.78", "P.K.": null, "Al.Dist. Izq.": 60, "Al.Dist. Der.": 60, "Ruta": 9 }, "geometry": { "type": "Point", "coordinates": [ -63.696961, -31.8399726 ] } },
{ "type": "Feature", "properties": { "Name": "623.29", "P.K.": null, "Al.Dist. Izq.": 60, "Al.Dist. Der.": 60, "Ruta": 9 }, "geometry": { "type": "Point", "coordinates": [ -63.7001685, -31.8363158 ] } },
{ "type": "Feature", "properties": { "Name": "623.52", "P.K.": null, "Al.Dist. Izq.": 60, "Al.Dist. Der.": 60, "Ruta": 9 }, "geometry": { "type": "Point", "coordinates": [ -63.7015561, -31.8346174 ] } },
{ "type": "Feature", "properties": { "Name": "623.52", "P.K.": null, "Al.Dist. Izq.": 60, "Al.Dist. Der.": 60, "Ruta": 9 }, "geometry": { "type": "Point", "coordinates": [ -63.7015561, -31.8346174 ] } },
{ "type": "Feature", "properties": { "Name": "623.64", "P.K.": null, "Al.Dist. Izq.": 60, "Al.Dist. Der.": 60, "Ruta": 9 }, "geometry": { "type": "Point", "coordinates": [ -63.7022554, -31.8337115 ] } },
{ "type": "Feature", "properties": { "Name": "624.11", "P.K.": null, "Al.Dist. Izq.": 60, "Al.Dist. Der.": 60, "Ruta": 9 }, "geometry": { "type": "Point", "coordinates": [ -63.7047754, -31.8300056 ] } },
{ "type": "Feature", "properties": { "Name": "624.11", "P.K.": null, "Al.Dist. Izq.": 60, "Al.Dist. Der.": 60, "Ruta": 9 }, "geometry": { "type": "Point", "coordinates": [ -63.7047754, -31.8300056 ] } },
{ "type": "Feature", "properties": { "Name": "624.24", "P.K.": null, "Al.Dist. Izq.": 60, "Al.Dist. Der.": 60, "Ruta": 9 }, "geometry": { "type": "Point", "coordinates": [ -63.7054475, -31.8289637 ] } },
{ "type": "Feature", "properties": { "Name": "624.33", "P.K.": null, "Al.Dist. Izq.": 60, "Al.Dist. Der.": 60, "Ruta": 9 }, "geometry": { "type": "Point", "coordinates": [ -63.7059285, -31.8282531 ] } },
{ "type": "Feature", "properties": { "Name": "624.33", "P.K.": null, "Al.Dist. Izq.": 60, "Al.Dist. Der.": 60, "Ruta": 9 }, "geometry": { "type": "Point", "coordinates": [ -63.7059285, -31.8282531 ] } },
{ "type": "Feature", "properties": { "Name": "624.89", "P.K.": null, "Al.Dist. Izq.": 60, "Al.Dist. Der.": 60, "Ruta": 9 }, "geometry": { "type": "Point", "coordinates": [ -63.7092372, -31.8240642 ] } },
{ "type": "Feature", "properties": { "Name": "625.3", "P.K.": null, "Al.Dist. Izq.": 60, "Al.Dist. Der.": 60, "Ruta": 9 }, "geometry": { "type": "Point", "coordinates": [ -63.7118009, -31.8211115 ] } },
{ "type": "Feature", "properties": { "Name": "625.3", "P.K.": null, "Al.Dist. Izq.": 60, "Al.Dist. Der.": 60, "Ruta": 9 }, "geometry": { "type": "Point", "coordinates": [ -63.7118009, -31.8211115 ] } },
{ "type": "Feature", "properties": { "Name": "625.86", "P.K.": null, "Al.Dist. Izq.": 60, "Al.Dist. Der.": 60, "Ruta": 9 }, "geometry": { "type": "Point", "coordinates": [ -63.7153409, -31.8170719 ] } },
{ "type": "Feature", "properties": { "Name": "625.86", "P.K.": null, "Al.Dist. Izq.": 60, "Al.Dist. Der.": 60, "Ruta": 9 }, "geometry": { "type": "Point", "coordinates": [ -63.7153409, -31.8170719 ] } },
{ "type": "Feature", "properties": { "Name": "625.89", "P.K.": null, "Al.Dist. Izq.": 60, "Al.Dist. Der.": 60, "Ruta": 9 }, "geometry": { "type": "Point", "coordinates": [ -63.7155305, -31.8168555 ] } },
{ "type": "Feature", "properties": { "Name": "625.89", "P.K.": null, "Al.Dist. Izq.": 60, "Al.Dist. Der.": 60, "Ruta": 9 }, "geometry": { "type": "Point", "coordinates": [ -63.7155305, -31.8168555 ] } },
{ "type": "Feature", "properties": { "Name": "626.42", "P.K.": null, "Al.Dist. Izq.": 60, "Al.Dist. Der.": 60, "Ruta": 9 }, "geometry": { "type": "Point", "coordinates": [ -63.7188808, -31.8130324 ] } },
{ "type": "Feature", "properties": { "Name": "626.42", "P.K.": null, "Al.Dist. Izq.": 60, "Al.Dist. Der.": 60, "Ruta": 9 }, "geometry": { "type": "Point", "coordinates": [ -63.7188808, -31.8130324 ] } },
{ "type": "Feature", "properties": { "Name": "626.75", "P.K.": null, "Al.Dist. Izq.": 60, "Al.Dist. Der.": 60, "Ruta": 9 }, "geometry": { "type": "Point", "coordinates": [ -63.7209692, -31.810654 ] } },
{ "type": "Feature", "properties": { "Name": "626.87", "P.K.": null, "Al.Dist. Izq.": 60, "Al.Dist. Der.": 60, "Ruta": 9 }, "geometry": { "type": "Point", "coordinates": [ -63.7217291, -31.8097896 ] } },
{ "type": "Feature", "properties": { "Name": "626.92", "P.K.": null, "Al.Dist. Izq.": 60, "Al.Dist. Der.": 60, "Ruta": 9 }, "geometry": { "type": "Point", "coordinates": [ -63.7220458, -31.8094295 ] } },
{ "type": "Feature", "properties": { "Name": "626.92", "P.K.": null, "Al.Dist. Izq.": 60, "Al.Dist. Der.": 60, "Ruta": 9 }, "geometry": { "type": "Point", "coordinates": [ -63.7220458, -31.8094295 ] } },
{ "type": "Feature", "properties": { "Name": "627.47", "P.K.": null, "Al.Dist. Izq.": 60, "Al.Dist. Der.": 60, "Ruta": 9 }, "geometry": { "type": "Point", "coordinates": [ -63.725571, -31.8055205 ] } },
{ "type": "Feature", "properties": { "Name": "627.47", "P.K.": null, "Al.Dist. Izq.": 60, "Al.Dist. Der.": 60, "Ruta": 9 }, "geometry": { "type": "Point", "coordinates": [ -63.725571, -31.8055205 ] } },
{ "type": "Feature", "properties": { "Name": "627.55", "P.K.": null, "Al.Dist. Izq.": 60, "Al.Dist. Der.": 60, "Ruta": 9 }, "geometry": { "type": "Point", "coordinates": [ -63.7261191, -31.8049694 ] } },
{ "type": "Feature", "properties": { "Name": "627.63", "P.K.": null, "Al.Dist. Izq.": 60, "Al.Dist. Der.": 60, "Ruta": 9 }, "geometry": { "type": "Point", "coordinates": [ -63.7266702, -31.8044355 ] } },
{ "type": "Feature", "properties": { "Name": "627.63", "P.K.": null, "Al.Dist. Izq.": 60, "Al.Dist. Der.": 60, "Ruta": 9 }, "geometry": { "type": "Point", "coordinates": [ -63.7266702, -31.8044355 ] } },
{ "type": "Feature", "properties": { "Name": "627.63", "P.K.": null, "Al.Dist. Izq.": 60, "Al.Dist. Der.": 60, "Ruta": 9 }, "geometry": { "type": "Point", "coordinates": [ -63.7266702, -31.8044355 ] } },
{ "type": "Feature", "properties": { "Name": "627.67", "P.K.": null, "Al.Dist. Izq.": 60, "Al.Dist. Der.": 60, "Ruta": 9 }, "geometry": { "type": "Point", "coordinates": [ -63.7269175, -31.804196 ] } },
{ "type": "Feature", "properties": { "Name": "627.67", "P.K.": null, "Al.Dist. Izq.": 60, "Al.Dist. Der.": 60, "Ruta": 9 }, "geometry": { "type": "Point", "coordinates": [ -63.7269175, -31.804196 ] } },
{ "type": "Feature", "properties": { "Name": "627.94", "P.K.": null, "Al.Dist. Izq.": 60, "Al.Dist. Der.": 60, "Ruta": 9 }, "geometry": { "type": "Point", "coordinates": [ -63.7287875, -31.8025438 ] } },
{ "type": "Feature", "properties": { "Name": "627.94", "P.K.": null, "Al.Dist. Izq.": 60, "Al.Dist. Der.": 60, "Ruta": 9 }, "geometry": { "type": "Point", "coordinates": [ -63.7287875, -31.8025438 ] } },
{ "type": "Feature", "properties": { "Name": "628", "P.K.": null, "Al.Dist. Izq.": 60, "Al.Dist. Der.": 60, "Ruta": 9 }, "geometry": { "type": "Point", "coordinates": [ -63.7292059, -31.8021796 ] } },
{ "type": "Feature", "properties": { "Name": "628.04", "P.K.": null, "Al.Dist. Izq.": 60, "Al.Dist. Der.": 60, "Ruta": 9 }, "geometry": { "type": "Point", "coordinates": [ -63.729496, -31.801927 ] } },
{ "type": "Feature", "properties": { "Name": "628.04", "P.K.": null, "Al.Dist. Izq.": 60, "Al.Dist. Der.": 60, "Ruta": 9 }, "geometry": { "type": "Point", "coordinates": [ -63.729496, -31.801927 ] } },
{ "type": "Feature", "properties": { "Name": "628.37", "P.K.": null, "Al.Dist. Izq.": 60, "Al.Dist. Der.": 60, "Ruta": 9 }, "geometry": { "type": "Point", "coordinates": [ -63.7318585, -31.7998089 ] } },
{ "type": "Feature", "properties": { "Name": "628.74", "P.K.": null, "Al.Dist. Izq.": 60, "Al.Dist. Der.": 60, "Ruta": 9 }, "geometry": { "type": "Point", "coordinates": [ -63.734341, -31.7972612 ] } },
{ "type": "Feature", "properties": { "Name": "629.11", "P.K.": null, "Al.Dist. Izq.": 60, "Al.Dist. Der.": 60, "Ruta": 9 }, "geometry": { "type": "Point", "coordinates": [ -63.7366876, -31.7945865 ] } },
{ "type": "Feature", "properties": { "Name": "629.25", "P.K.": null, "Al.Dist. Izq.": 60, "Al.Dist. Der.": 60, "Ruta": 9 }, "geometry": { "type": "Point", "coordinates": [ -63.737575, -31.7935741 ] } },
{ "type": "Feature", "properties": { "Name": "629.31", "P.K.": null, "Al.Dist. Izq.": 60, "Al.Dist. Der.": 60, "Ruta": 9 }, "geometry": { "type": "Point", "coordinates": [ -63.7379553, -31.7931401 ] } },
{ "type": "Feature", "properties": { "Name": "629.31", "P.K.": null, "Al.Dist. Izq.": 60, "Al.Dist. Der.": 60, "Ruta": 9 }, "geometry": { "type": "Point", "coordinates": [ -63.7379553, -31.7931401 ] } },
{ "type": "Feature", "properties": { "Name": "629.94", "P.K.": null, "Al.Dist. Izq.": 60, "Al.Dist. Der.": 60, "Ruta": 9 }, "geometry": { "type": "Point", "coordinates": [ -63.74195, -31.7885853 ] } },
{ "type": "Feature", "properties": { "Name": "630", "P.K.": "PK630", "Al.Dist. Izq.": 60, "Al.Dist. Der.": 60, "Ruta": 9 }, "geometry": { "type": "Point", "coordinates": [ -63.7423306, -31.7881516 ] } },
{ "type": "Feature", "properties": { "Name": "630.62", "P.K.": null, "Al.Dist. Izq.": 60, "Al.Dist. Der.": 60, "Ruta": 9 }, "geometry": { "type": "Point", "coordinates": [ -63.7462634, -31.7836703 ] } },
{ "type": "Feature", "properties": { "Name": "630.62", "P.K.": null, "Al.Dist. Izq.": 60, "Al.Dist. Der.": 60, "Ruta": 9 }, "geometry": { "type": "Point", "coordinates": [ -63.7462634, -31.7836703 ] } },
{ "type": "Feature", "properties": { "Name": "630.94", "P.K.": null, "Al.Dist. Izq.": 60, "Al.Dist. Der.": 60, "Ruta": 9 }, "geometry": { "type": "Point", "coordinates": [ -63.7482932, -31.7813573 ] } },
{ "type": "Feature", "properties": { "Name": "630.94", "P.K.": null, "Al.Dist. Izq.": 60, "Al.Dist. Der.": 60, "Ruta": 9 }, "geometry": { "type": "Point", "coordinates": [ -63.7482932, -31.7813573 ] } },
{ "type": "Feature", "properties": { "Name": "631.01", "P.K.": null, "Al.Dist. Izq.": 60, "Al.Dist. Der.": 60, "Ruta": 9 }, "geometry": { "type": "Point", "coordinates": [ -63.7487361, -31.7808504 ] } },
{ "type": "Feature", "properties": { "Name": "631.01", "P.K.": null, "Al.Dist. Izq.": 60, "Al.Dist. Der.": 60, "Ruta": 9 }, "geometry": { "type": "Point", "coordinates": [ -63.7487361, -31.7808504 ] } },
{ "type": "Feature", "properties": { "Name": "631.96", "P.K.": null, "Al.Dist. Izq.": 60, "Al.Dist. Der.": 60, "Ruta": 9 }, "geometry": { "type": "Point", "coordinates": [ -63.7547586, -31.7739474 ] } },
{ "type": "Feature", "properties": { "Name": "631.96", "P.K.": null, "Al.Dist. Izq.": 60, "Al.Dist. Der.": 60, "Ruta": 9 }, "geometry": { "type": "Point", "coordinates": [ -63.7547586, -31.7739474 ] } },
{ "type": "Feature", "properties": { "Name": "632.33", "P.K.": null, "Al.Dist. Izq.": 60, "Al.Dist. Der.": 60, "Ruta": 9 }, "geometry": { "type": "Point", "coordinates": [ -63.7571003, -31.7712635 ] } },
{ "type": "Feature", "properties": { "Name": "632.49", "P.K.": null, "Al.Dist. Izq.": 60, "Al.Dist. Der.": 60, "Ruta": 9 }, "geometry": { "type": "Point", "coordinates": [ -63.7581164, -31.770106 ] } },
{ "type": "Feature", "properties": { "Name": "633.11", "P.K.": null, "Al.Dist. Izq.": 60, "Al.Dist. Der.": 60, "Ruta": 9 }, "geometry": { "type": "Point", "coordinates": [ -63.7623423, -31.7658961 ] } },
{ "type": "Feature", "properties": { "Name": "633.34", "P.K.": null, "Al.Dist. Izq.": 60, "Al.Dist. Der.": 60, "Ruta": 9 }, "geometry": { "type": "Point", "coordinates": [ -63.7640082, -31.7644376 ] } },
{ "type": "Feature", "properties": { "Name": "633.89", "P.K.": null, "Al.Dist. Izq.": 60, "Al.Dist. Der.": 60, "Ruta": 9 }, "geometry": { "type": "Point", "coordinates": [ -63.7677452, -31.7606903 ] } },
{ "type": "Feature", "properties": { "Name": "633.89", "P.K.": null, "Al.Dist. Izq.": 60, "Al.Dist. Der.": 60, "Ruta": 9 }, "geometry": { "type": "Point", "coordinates": [ -63.7677452, -31.7606903 ] } },
{ "type": "Feature", "properties": { "Name": "634.03", "P.K.": null, "Al.Dist. Izq.": 60, "Al.Dist. Der.": 60, "Ruta": 9 }, "geometry": { "type": "Point", "coordinates": [ -63.768641, -31.759684 ] } },
{ "type": "Feature", "properties": { "Name": "634.03", "P.K.": null, "Al.Dist. Izq.": 60, "Al.Dist. Der.": 60, "Ruta": 9 }, "geometry": { "type": "Point", "coordinates": [ -63.768641, -31.759684 ] } },
{ "type": "Feature", "properties": { "Name": "634.07", "P.K.": null, "Al.Dist. Izq.": 60, "Al.Dist. Der.": 60, "Ruta": 9 }, "geometry": { "type": "Point", "coordinates": [ -63.7688945, -31.7593942 ] } },
{ "type": "Feature", "properties": { "Name": "634.35", "P.K.": null, "Al.Dist. Izq.": 60, "Al.Dist. Der.": 60, "Ruta": 9 }, "geometry": { "type": "Point", "coordinates": [ -63.770669, -31.7573653 ] } },
{ "type": "Feature", "properties": { "Name": "634.35", "P.K.": null, "Al.Dist. Izq.": 60, "Al.Dist. Der.": 60, "Ruta": 9 }, "geometry": { "type": "Point", "coordinates": [ -63.770669, -31.7573653 ] } },
{ "type": "Feature", "properties": { "Name": "634.44", "P.K.": null, "Al.Dist. Izq.": 60, "Al.Dist. Der.": 60, "Ruta": 9 }, "geometry": { "type": "Point", "coordinates": [ -63.7711093, -31.7568611 ] } },
{ "type": "Feature", "properties": { "Name": "634.5", "P.K.": null, "Al.Dist. Izq.": 60, "Al.Dist. Der.": 60, "Ruta": 9 }, "geometry": { "type": "Point", "coordinates": [ -63.771481, -31.7564254 ] } },
{ "type": "Feature", "properties": { "Name": "634.5", "P.K.": null, "Al.Dist. Izq.": 60, "Al.Dist. Der.": 60, "Ruta": 9 }, "geometry": { "type": "Point", "coordinates": [ -63.771481, -31.7564254 ] } },
{ "type": "Feature", "properties": { "Name": "634.8", "P.K.": null, "Al.Dist. Izq.": 60, "Al.Dist. Der.": 60, "Ruta": 9 }, "geometry": { "type": "Point", "coordinates": [ -63.7733625, -31.7542675 ] } },
{ "type": "Feature", "properties": { "Name": "635.44", "P.K.": null, "Al.Dist. Izq.": 60, "Al.Dist. Der.": 60, "Ruta": 9 }, "geometry": { "type": "Point", "coordinates": [ -63.7770509, -31.7494052 ] } },
{ "type": "Feature", "properties": { "Name": "635.69", "P.K.": null, "Al.Dist. Izq.": 60, "Al.Dist. Der.": 60, "Ruta": 9 }, "geometry": { "type": "Point", "coordinates": [ -63.7783499, -31.7474046 ] } },
{ "type": "Feature", "properties": { "Name": "635.89", "P.K.": null, "Al.Dist. Izq.": 60, "Al.Dist. Der.": 60, "Ruta": 9 }, "geometry": { "type": "Point", "coordinates": [ -63.7794305, -31.7458312 ] } },
{ "type": "Feature", "properties": { "Name": "635.89", "P.K.": null, "Al.Dist. Izq.": 60, "Al.Dist. Der.": 60, "Ruta": 9 }, "geometry": { "type": "Point", "coordinates": [ -63.7794305, -31.7458312 ] } },
{ "type": "Feature", "properties": { "Name": "635.91", "P.K.": null, "Al.Dist. Izq.": 60, "Al.Dist. Der.": 60, "Ruta": 9 }, "geometry": { "type": "Point", "coordinates": [ -63.7795385, -31.7456739 ] } },
{ "type": "Feature", "properties": { "Name": "636.09", "P.K.": null, "Al.Dist. Izq.": 60, "Al.Dist. Der.": 60, "Ruta": 9 }, "geometry": { "type": "Point", "coordinates": [ -63.7805837, -31.7443109 ] } },
{ "type": "Feature", "properties": { "Name": "636.09", "P.K.": null, "Al.Dist. Izq.": 60, "Al.Dist. Der.": 60, "Ruta": 9 }, "geometry": { "type": "Point", "coordinates": [ -63.7805837, -31.7443109 ] } },
{ "type": "Feature", "properties": { "Name": "636.29", "P.K.": null, "Al.Dist. Izq.": 60, "Al.Dist. Der.": 60, "Ruta": 9 }, "geometry": { "type": "Point", "coordinates": [ -63.7818012, -31.7428418 ] } },
{ "type": "Feature", "properties": { "Name": "636.96", "P.K.": null, "Al.Dist. Izq.": 60, "Al.Dist. Der.": 60, "Ruta": 9 }, "geometry": { "type": "Point", "coordinates": [ -63.7859956, -31.7380156 ] } },
{ "type": "Feature", "properties": { "Name": "636.96", "P.K.": null, "Al.Dist. Izq.": 60, "Al.Dist. Der.": 60, "Ruta": 9 }, "geometry": { "type": "Point", "coordinates": [ -63.7859956, -31.7380156 ] } },
{ "type": "Feature", "properties": { "Name": "637.4", "P.K.": null, "Al.Dist. Izq.": 60, "Al.Dist. Der.": 60, "Ruta": 9 }, "geometry": { "type": "Point", "coordinates": [ -63.7887647, -31.7348477 ] } },
{ "type": "Feature", "properties": { "Name": "637.4", "P.K.": null, "Al.Dist. Izq.": 60, "Al.Dist. Der.": 60, "Ruta": 9 }, "geometry": { "type": "Point", "coordinates": [ -63.7887647, -31.7348477 ] } },
{ "type": "Feature", "properties": { "Name": "638.66", "P.K.": null, "Al.Dist. Izq.": 60, "Al.Dist. Der.": 60, "Ruta": 9 }, "geometry": { "type": "Point", "coordinates": [ -63.7966723, -31.7257694 ] } },
{ "type": "Feature", "properties": { "Name": "638.66", "P.K.": null, "Al.Dist. Izq.": 60, "Al.Dist. Der.": 60, "Ruta": 9 }, "geometry": { "type": "Point", "coordinates": [ -63.7966723, -31.7257694 ] } },
{ "type": "Feature", "properties": { "Name": "640.22", "P.K.": null, "Al.Dist. Izq.": 60, "Al.Dist. Der.": 60, "Ruta": 9 }, "geometry": { "type": "Point", "coordinates": [ -63.806469, -31.7145351 ] } },
{ "type": "Feature", "properties": { "Name": "640.22", "P.K.": null, "Al.Dist. Izq.": 60, "Al.Dist. Der.": 60, "Ruta": 9 }, "geometry": { "type": "Point", "coordinates": [ -63.806469, -31.7145351 ] } },
{ "type": "Feature", "properties": { "Name": "640.44", "P.K.": null, "Al.Dist. Izq.": 60, "Al.Dist. Der.": 60, "Ruta": 9 }, "geometry": { "type": "Point", "coordinates": [ -63.8078502, -31.7129504 ] } },
{ "type": "Feature", "properties": { "Name": "640.84", "P.K.": null, "Al.Dist. Izq.": 60, "Al.Dist. Der.": 60, "Ruta": 9 }, "geometry": { "type": "Point", "coordinates": [ -63.8104862, -31.7101851 ] } },
{ "type": "Feature", "properties": { "Name": "640.84", "P.K.": null, "Al.Dist. Izq.": 60, "Al.Dist. Der.": 60, "Ruta": 9 }, "geometry": { "type": "Point", "coordinates": [ -63.8104862, -31.7101851 ] } },
{ "type": "Feature", "properties": { "Name": "641.19", "P.K.": null, "Al.Dist. Izq.": 60, "Al.Dist. Der.": 60, "Ruta": 9 }, "geometry": { "type": "Point", "coordinates": [ -63.8129773, -31.7079551 ] } },
{ "type": "Feature", "properties": { "Name": "641.21", "P.K.": null, "Al.Dist. Izq.": 60, "Al.Dist. Der.": 60, "Ruta": 9 }, "geometry": { "type": "Point", "coordinates": [ -63.8131241, -31.7078327 ] } },
{ "type": "Feature", "properties": { "Name": "641.21", "P.K.": null, "Al.Dist. Izq.": 60, "Al.Dist. Der.": 60, "Ruta": 9 }, "geometry": { "type": "Point", "coordinates": [ -63.8131241, -31.7078327 ] } },
{ "type": "Feature", "properties": { "Name": "641.63", "P.K.": null, "Al.Dist. Izq.": 60, "Al.Dist. Der.": 60, "Ruta": 9 }, "geometry": { "type": "Point", "coordinates": [ -63.8162778, -31.7052785 ] } },
{ "type": "Feature", "properties": { "Name": "641.69", "P.K.": null, "Al.Dist. Izq.": 60, "Al.Dist. Der.": 60, "Ruta": 9 }, "geometry": { "type": "Point", "coordinates": [ -63.816729, -31.7049145 ] } },
{ "type": "Feature", "properties": { "Name": "642.33", "P.K.": null, "Al.Dist. Izq.": 60, "Al.Dist. Der.": 60, "Ruta": 9 }, "geometry": { "type": "Point", "coordinates": [ -63.8212986, -31.7007537 ] } },
{ "type": "Feature", "properties": { "Name": "642.33", "P.K.": null, "Al.Dist. Izq.": 60, "Al.Dist. Der.": 60, "Ruta": 9 }, "geometry": { "type": "Point", "coordinates": [ -63.8212986, -31.7007537 ] } },
{ "type": "Feature", "properties": { "Name": "642.49", "P.K.": null, "Al.Dist. Izq.": 60, "Al.Dist. Der.": 60, "Ruta": 9 }, "geometry": { "type": "Point", "coordinates": [ -63.8223561, -31.699626 ] } },
{ "type": "Feature", "properties": { "Name": "643.23", "P.K.": null, "Al.Dist. Izq.": 60, "Al.Dist. Der.": 60, "Ruta": 9 }, "geometry": { "type": "Point", "coordinates": [ -63.8270589, -31.6942398 ] } },
{ "type": "Feature", "properties": { "Name": "643.23", "P.K.": null, "Al.Dist. Izq.": 60, "Al.Dist. Der.": 60, "Ruta": 9 }, "geometry": { "type": "Point", "coordinates": [ -63.8270589, -31.6942398 ] } },
{ "type": "Feature", "properties": { "Name": "643.69", "P.K.": null, "Al.Dist. Izq.": 60, "Al.Dist. Der.": 60, "Ruta": 9 }, "geometry": { "type": "Point", "coordinates": [ -63.8299753, -31.6908854 ] } },
{ "type": "Feature", "properties": { "Name": "643.69", "P.K.": null, "Al.Dist. Izq.": 60, "Al.Dist. Der.": 60, "Ruta": 9 }, "geometry": { "type": "Point", "coordinates": [ -63.8299753, -31.6908854 ] } },
{ "type": "Feature", "properties": { "Name": "644.31", "P.K.": null, "Al.Dist. Izq.": 60, "Al.Dist. Der.": 60, "Ruta": 9 }, "geometry": { "type": "Point", "coordinates": [ -63.8339068, -31.686365 ] } },
{ "type": "Feature", "properties": { "Name": "644.55", "P.K.": null, "Al.Dist. Izq.": 60, "Al.Dist. Der.": 60, "Ruta": 9 }, "geometry": { "type": "Point", "coordinates": [ -63.8354286, -31.6846152 ] } },
{ "type": "Feature", "properties": { "Name": "644.59", "P.K.": null, "Al.Dist. Izq.": 60, "Al.Dist. Der.": 60, "Ruta": 9 }, "geometry": { "type": "Point", "coordinates": [ -63.8356783, -31.6843202 ] } },
{ "type": "Feature", "properties": { "Name": "644.59", "P.K.": null, "Al.Dist. Izq.": 60, "Al.Dist. Der.": 60, "Ruta": 9 }, "geometry": { "type": "Point", "coordinates": [ -63.8356783, -31.6843202 ] } },
{ "type": "Feature", "properties": { "Name": "644.92", "P.K.": null, "Al.Dist. Izq.": 60, "Al.Dist. Der.": 60, "Ruta": 9 }, "geometry": { "type": "Point", "coordinates": [ -63.8375832, -31.6817659 ] } },
{ "type": "Feature", "properties": { "Name": "645.08", "P.K.": null, "Al.Dist. Izq.": 60, "Al.Dist. Der.": 60, "Ruta": 9 }, "geometry": { "type": "Point", "coordinates": [ -63.838396, -31.6804512 ] } },
{ "type": "Feature", "properties": { "Name": "645.08", "P.K.": null, "Al.Dist. Izq.": 60, "Al.Dist. Der.": 60, "Ruta": 9 }, "geometry": { "type": "Point", "coordinates": [ -63.838396, -31.6804512 ] } },
{ "type": "Feature", "properties": { "Name": "645.08", "P.K.": null, "Al.Dist. Izq.": 60, "Al.Dist. Der.": 60, "Ruta": 9 }, "geometry": { "type": "Point", "coordinates": [ -63.838396, -31.6804512 ] } },
{ "type": "Feature", "properties": { "Name": "645.24", "P.K.": null, "Al.Dist. Izq.": 60, "Al.Dist. Der.": 60, "Ruta": 9 }, "geometry": { "type": "Point", "coordinates": [ -63.8391861, -31.6791224 ] } },
{ "type": "Feature", "properties": { "Name": "645.27", "P.K.": null, "Al.Dist. Izq.": 60, "Al.Dist. Der.": 60, "Ruta": 9 }, "geometry": { "type": "Point", "coordinates": [ -63.8393343, -31.6788732 ] } },
{ "type": "Feature", "properties": { "Name": "645.29", "P.K.": null, "Al.Dist. Izq.": null, "Al.Dist. Der.": null, "Ruta": 9 }, "geometry": { "type": "Point", "coordinates": [ -63.8394, -31.6787 ] } },
{ "type": "Feature", "properties": { "Name": "645.54", "P.K.": null, "Al.Dist. Izq.": null, "Al.Dist. Der.": null, "Ruta": 9 }, "geometry": { "type": "Point", "coordinates": [ -63.8406676, -31.6766307 ] } },
{ "type": "Feature", "properties": { "Name": "645.54", "P.K.": null, "Al.Dist. Izq.": null, "Al.Dist. Der.": null, "Ruta": 9 }, "geometry": { "type": "Point", "coordinates": [ -63.8406676, -31.6766307 ] } },
{ "type": "Feature", "properties": { "Name": "645.64", "P.K.": null, "Al.Dist. Izq.": null, "Al.Dist. Der.": null, "Ruta": 9 }, "geometry": { "type": "Point", "coordinates": [ -63.8412, -31.6758 ] } },
{ "type": "Feature", "properties": { "Name": "646.05", "P.K.": null, "Al.Dist. Izq.": null, "Al.Dist. Der.": null, "Ruta": 9 }, "geometry": { "type": "Point", "coordinates": [ -63.8431551, -31.6723768 ] } },
{ "type": "Feature", "properties": { "Name": "646.08", "P.K.": null, "Al.Dist. Izq.": null, "Al.Dist. Der.": null, "Ruta": 9 }, "geometry": { "type": "Point", "coordinates": [ -63.8433, -31.6721 ] } },
{ "type": "Feature", "properties": { "Name": "646.08", "P.K.": null, "Al.Dist. Izq.": null, "Al.Dist. Der.": null, "Ruta": 9 }, "geometry": { "type": "Point", "coordinates": [ -63.8433, -31.6721 ] } },
{ "type": "Feature", "properties": { "Name": "646.08", "P.K.": null, "Al.Dist. Izq.": null, "Al.Dist. Der.": null, "Ruta": 9 }, "geometry": { "type": "Point", "coordinates": [ -63.8433, -31.6721 ] } },
{ "type": "Feature", "properties": { "Name": "646.16", "P.K.": null, "Al.Dist. Izq.": null, "Al.Dist. Der.": null, "Ruta": 9 }, "geometry": { "type": "Point", "coordinates": [ -63.8436753, -31.6714932 ] } },
{ "type": "Feature", "properties": { "Name": "646.16", "P.K.": null, "Al.Dist. Izq.": null, "Al.Dist. Der.": null, "Ruta": 9 }, "geometry": { "type": "Point", "coordinates": [ -63.8436753, -31.6714932 ] } },
{ "type": "Feature", "properties": { "Name": "646.16", "P.K.": null, "Al.Dist. Izq.": null, "Al.Dist. Der.": null, "Ruta": 9 }, "geometry": { "type": "Point", "coordinates": [ -63.8436753, -31.6714932 ] } },
{ "type": "Feature", "properties": { "Name": "646.47", "P.K.": null, "Al.Dist. Izq.": null, "Al.Dist. Der.": null, "Ruta": 9 }, "geometry": { "type": "Point", "coordinates": [ -63.8451454, -31.6690512 ] } },
{ "type": "Feature", "properties": { "Name": "646.65", "P.K.": null, "Al.Dist. Izq.": null, "Al.Dist. Der.": null, "Ruta": 9 }, "geometry": { "type": "Point", "coordinates": [ -63.8459776, -31.6676686 ] } },
{ "type": "Feature", "properties": { "Name": "646.71", "P.K.": null, "Al.Dist. Izq.": null, "Al.Dist. Der.": null, "Ruta": 9 }, "geometry": { "type": "Point", "coordinates": [ -63.8462514, -31.6672056 ] } },
{ "type": "Feature", "properties": { "Name": "646.71", "P.K.": null, "Al.Dist. Izq.": null, "Al.Dist. Der.": null, "Ruta": 9 }, "geometry": { "type": "Point", "coordinates": [ -63.8462514, -31.6672056 ] } },
{ "type": "Feature", "properties": { "Name": "646.97", "P.K.": null, "Al.Dist. Izq.": null, "Al.Dist. Der.": null, "Ruta": 9 }, "geometry": { "type": "Point", "coordinates": [ -63.8475, -31.6650903 ] } },
{ "type": "Feature", "properties": { "Name": "646.97", "P.K.": null, "Al.Dist. Izq.": 60, "Al.Dist. Der.": 60, "Ruta": 9 }, "geometry": { "type": "Point", "coordinates": [ -63.8475, -31.6650903 ] } },
{ "type": "Feature", "properties": { "Name": "647.04", "P.K.": null, "Al.Dist. Izq.": 60, "Al.Dist. Der.": 60, "Ruta": 9 }, "geometry": { "type": "Point", "coordinates": [ -63.847837, -31.6645212 ] } },
{ "type": "Feature", "properties": { "Name": "647.18", "P.K.": null, "Al.Dist. Izq.": 60, "Al.Dist. Der.": 60, "Ruta": 9 }, "geometry": { "type": "Point", "coordinates": [ -63.848513, -31.6633844 ] } },
{ "type": "Feature", "properties": { "Name": "647.66", "P.K.": null, "Al.Dist. Izq.": 60, "Al.Dist. Der.": 60, "Ruta": 9 }, "geometry": { "type": "Point", "coordinates": [ -63.8508309, -31.6594867 ] } },
{ "type": "Feature", "properties": { "Name": "647.66", "P.K.": null, "Al.Dist. Izq.": 60, "Al.Dist. Der.": 60, "Ruta": 9 }, "geometry": { "type": "Point", "coordinates": [ -63.8508309, -31.6594867 ] } },
{ "type": "Feature", "properties": { "Name": "647.99", "P.K.": null, "Al.Dist. Izq.": 60, "Al.Dist. Der.": 60, "Ruta": 9 }, "geometry": { "type": "Point", "coordinates": [ -63.8524244, -31.6568069 ] } },
{ "type": "Feature", "properties": { "Name": "648.29", "P.K.": null, "Al.Dist. Izq.": 60, "Al.Dist. Der.": 60, "Ruta": 9 }, "geometry": { "type": "Point", "coordinates": [ -63.8538548, -31.6543602 ] } },
{ "type": "Feature", "properties": { "Name": "648.75", "P.K.": null, "Al.Dist. Izq.": 60, "Al.Dist. Der.": 60, "Ruta": 9 }, "geometry": { "type": "Point", "coordinates": [ -63.8565021, -31.6509287 ] } },
{ "type": "Feature", "properties": { "Name": "648.77", "P.K.": null, "Al.Dist. Izq.": 60, "Al.Dist. Der.": 60, "Ruta": 9 }, "geometry": { "type": "Point", "coordinates": [ -63.8566298, -31.6507895 ] } },
{ "type": "Feature", "properties": { "Name": "648.78", "P.K.": null, "Al.Dist. Izq.": 60, "Al.Dist. Der.": 60, "Ruta": 9 }, "geometry": { "type": "Point", "coordinates": [ -63.8566937, -31.6507198 ] } },
{ "type": "Feature", "properties": { "Name": "648.83", "P.K.": null, "Al.Dist. Izq.": 60, "Al.Dist. Der.": 60, "Ruta": 9 }, "geometry": { "type": "Point", "coordinates": [ -63.857013, -31.6503717 ] } },
{ "type": "Feature", "properties": { "Name": "648.83", "P.K.": null, "Al.Dist. Izq.": 60, "Al.Dist. Der.": 60, "Ruta": 9 }, "geometry": { "type": "Point", "coordinates": [ -63.857013, -31.6503717 ] } },
{ "type": "Feature", "properties": { "Name": "649.24", "P.K.": null, "Al.Dist. Izq.": 60, "Al.Dist. Der.": 60, "Ruta": 9 }, "geometry": { "type": "Point", "coordinates": [ -63.859616, -31.6475032 ] } },
{ "type": "Feature", "properties": { "Name": "649.88", "P.K.": null, "Al.Dist. Izq.": 60, "Al.Dist. Der.": 60, "Ruta": 9 }, "geometry": { "type": "Point", "coordinates": [ -63.8636662, -31.6430137 ] } },
{ "type": "Feature", "properties": { "Name": "650.43", "P.K.": null, "Al.Dist. Izq.": 60, "Al.Dist. Der.": 60, "Ruta": 9 }, "geometry": { "type": "Point", "coordinates": [ -63.8671474, -31.6391561 ] } },
{ "type": "Feature", "properties": { "Name": "650.48", "P.K.": null, "Al.Dist. Izq.": 60, "Al.Dist. Der.": 60, "Ruta": 9 }, "geometry": { "type": "Point", "coordinates": [ -63.8674651, -31.6388065 ] } },
{ "type": "Feature", "properties": { "Name": "650.48", "P.K.": null, "Al.Dist. Izq.": 60, "Al.Dist. Der.": 60, "Ruta": 9 }, "geometry": { "type": "Point", "coordinates": [ -63.8674651, -31.6388065 ] } },
{ "type": "Feature", "properties": { "Name": "650.87", "P.K.": null, "Al.Dist. Izq.": 60, "Al.Dist. Der.": 60, "Ruta": 9 }, "geometry": { "type": "Point", "coordinates": [ -63.8699375, -31.6360746 ] } },
{ "type": "Feature", "properties": { "Name": "650.89", "P.K.": null, "Al.Dist. Izq.": 60, "Al.Dist. Der.": 60, "Ruta": 9 }, "geometry": { "type": "Point", "coordinates": [ -63.870064, -31.6359342 ] } },
{ "type": "Feature", "properties": { "Name": "651.48", "P.K.": null, "Al.Dist. Izq.": 60, "Al.Dist. Der.": 60, "Ruta": 9 }, "geometry": { "type": "Point", "coordinates": [ -63.873802, -31.6317993 ] } },
{ "type": "Feature", "properties": { "Name": "651.53", "P.K.": null, "Al.Dist. Izq.": 60, "Al.Dist. Der.": 60, "Ruta": 9 }, "geometry": { "type": "Point", "coordinates": [ -63.8741192, -31.6314493 ] } },
{ "type": "Feature", "properties": { "Name": "651.53", "P.K.": null, "Al.Dist. Izq.": 60, "Al.Dist. Der.": 60, "Ruta": 9 }, "geometry": { "type": "Point", "coordinates": [ -63.8741192, -31.6314493 ] } },
{ "type": "Feature", "properties": { "Name": "651.53", "P.K.": null, "Al.Dist. Izq.": 60, "Al.Dist. Der.": 60, "Ruta": 9 }, "geometry": { "type": "Point", "coordinates": [ -63.8741192, -31.6314493 ] } },
{ "type": "Feature", "properties": { "Name": "651.85", "P.K.": null, "Al.Dist. Izq.": 60, "Al.Dist. Der.": 60, "Ruta": 9 }, "geometry": { "type": "Point", "coordinates": [ -63.8761442, -31.6292045 ] } },
{ "type": "Feature", "properties": { "Name": "651.95", "P.K.": null, "Al.Dist. Izq.": 60, "Al.Dist. Der.": 60, "Ruta": 9 }, "geometry": { "type": "Point", "coordinates": [ -63.8767691, -31.6284959 ] } },
{ "type": "Feature", "properties": { "Name": "651.99", "P.K.": null, "Al.Dist. Izq.": 60, "Al.Dist. Der.": 60, "Ruta": 9 }, "geometry": { "type": "Point", "coordinates": [ -63.8770279, -31.6282025 ] } },
{ "type": "Feature", "properties": { "Name": "651.99", "P.K.": null, "Al.Dist. Izq.": 60, "Al.Dist. Der.": 60, "Ruta": 9 }, "geometry": { "type": "Point", "coordinates": [ -63.8770279, -31.6282025 ] } },
{ "type": "Feature", "properties": { "Name": "652.34", "P.K.": null, "Al.Dist. Izq.": 60, "Al.Dist. Der.": 60, "Ruta": 9 }, "geometry": { "type": "Point", "coordinates": [ -63.8792907, -31.6256334 ] } },
{ "type": "Feature", "properties": { "Name": "652.34", "P.K.": null, "Al.Dist. Izq.": 60, "Al.Dist. Der.": 60, "Ruta": 9 }, "geometry": { "type": "Point", "coordinates": [ -63.8792907, -31.6256334 ] } },
{ "type": "Feature", "properties": { "Name": "652.51", "P.K.": null, "Al.Dist. Izq.": 60, "Al.Dist. Der.": 60, "Ruta": 9 }, "geometry": { "type": "Point", "coordinates": [ -63.8803816, -31.6243784 ] } },
{ "type": "Feature", "properties": { "Name": "652.94", "P.K.": null, "Al.Dist. Izq.": 60, "Al.Dist. Der.": 60, "Ruta": 9 }, "geometry": { "type": "Point", "coordinates": [ -63.8831388, -31.6212021 ] } },
{ "type": "Feature", "properties": { "Name": "653.01", "P.K.": null, "Al.Dist. Izq.": 60, "Al.Dist. Der.": 60, "Ruta": 9 }, "geometry": { "type": "Point", "coordinates": [ -63.8835876, -31.620685 ] } },
{ "type": "Feature", "properties": { "Name": "653.19", "P.K.": null, "Al.Dist. Izq.": 60, "Al.Dist. Der.": 60, "Ruta": 9 }, "geometry": { "type": "Point", "coordinates": [ -63.8847417, -31.6193553 ] } },
{ "type": "Feature", "properties": { "Name": "653.19", "P.K.": null, "Al.Dist. Izq.": 60, "Al.Dist. Der.": 60, "Ruta": 9 }, "geometry": { "type": "Point", "coordinates": [ -63.8847417, -31.6193553 ] } },
{ "type": "Feature", "properties": { "Name": "653.26", "P.K.": null, "Al.Dist. Izq.": 60, "Al.Dist. Der.": 60, "Ruta": 9 }, "geometry": { "type": "Point", "coordinates": [ -63.8851904, -31.6188382 ] } },
{ "type": "Feature", "properties": { "Name": "654.05", "P.K.": null, "Al.Dist. Izq.": 60, "Al.Dist. Der.": 60, "Ruta": 9 }, "geometry": { "type": "Point", "coordinates": [ -63.8902679, -31.613013 ] } },
{ "type": "Feature", "properties": { "Name": "654.87", "P.K.": null, "Al.Dist. Izq.": 60, "Al.Dist. Der.": 60, "Ruta": 9 }, "geometry": { "type": "Point", "coordinates": [ -63.8955279, -31.6069577 ] } },
{ "type": "Feature", "properties": { "Name": "654.87", "P.K.": null, "Al.Dist. Izq.": 60, "Al.Dist. Der.": 60, "Ruta": 9 }, "geometry": { "type": "Point", "coordinates": [ -63.8955279, -31.6069577 ] } },
{ "type": "Feature", "properties": { "Name": "655.01", "P.K.": null, "Al.Dist. Izq.": 60, "Al.Dist. Der.": 60, "Ruta": 9 }, "geometry": { "type": "Point", "coordinates": [ -63.8964259, -31.6059239 ] } },
{ "type": "Feature", "properties": { "Name": "655.29", "P.K.": null, "Al.Dist. Izq.": 60, "Al.Dist. Der.": 60, "Ruta": 9 }, "geometry": { "type": "Point", "coordinates": [ -63.8982198, -31.6038544 ] } },
{ "type": "Feature", "properties": { "Name": "655.58", "P.K.": null, "Al.Dist. Izq.": 60, "Al.Dist. Der.": 60, "Ruta": 9 }, "geometry": { "type": "Point", "coordinates": [ -63.9001273, -31.6017562 ] } },
{ "type": "Feature", "properties": { "Name": "655.58", "P.K.": null, "Al.Dist. Izq.": 60, "Al.Dist. Der.": 60, "Ruta": 9 }, "geometry": { "type": "Point", "coordinates": [ -63.9001273, -31.6017562 ] } },
{ "type": "Feature", "properties": { "Name": "656.04", "P.K.": null, "Al.Dist. Izq.": 60, "Al.Dist. Der.": 60, "Ruta": 9 }, "geometry": { "type": "Point", "coordinates": [ -63.9036786, -31.5990063 ] } },
{ "type": "Feature", "properties": { "Name": "656.13", "P.K.": null, "Al.Dist. Izq.": 60, "Al.Dist. Der.": 60, "Ruta": 9 }, "geometry": { "type": "Point", "coordinates": [ -63.9044103, -31.5985168 ] } },
{ "type": "Feature", "properties": { "Name": "656.13", "P.K.": null, "Al.Dist. Izq.": 60, "Al.Dist. Der.": 60, "Ruta": 9 }, "geometry": { "type": "Point", "coordinates": [ -63.9044103, -31.5985168 ] } },
{ "type": "Feature", "properties": { "Name": "656.14", "P.K.": null, "Al.Dist. Izq.": 60, "Al.Dist. Der.": 60, "Ruta": 9 }, "geometry": { "type": "Point", "coordinates": [ -63.9044916, -31.5984624 ] } },
{ "type": "Feature", "properties": { "Name": "656.14", "P.K.": null, "Al.Dist. Izq.": 60, "Al.Dist. Der.": 60, "Ruta": 9 }, "geometry": { "type": "Point", "coordinates": [ -63.9044916, -31.5984624 ] } },
{ "type": "Feature", "properties": { "Name": "656.98", "P.K.": null, "Al.Dist. Izq.": 60, "Al.Dist. Der.": 60, "Ruta": 9 }, "geometry": { "type": "Point", "coordinates": [ -63.9113161, -31.5938868 ] } },
{ "type": "Feature", "properties": { "Name": "656.98", "P.K.": null, "Al.Dist. Izq.": 60, "Al.Dist. Der.": 60, "Ruta": 9 }, "geometry": { "type": "Point", "coordinates": [ -63.9113161, -31.5938868 ] } },
{ "type": "Feature", "properties": { "Name": "656.99", "P.K.": null, "Al.Dist. Izq.": 60, "Al.Dist. Der.": 60, "Ruta": 9 }, "geometry": { "type": "Point", "coordinates": [ -63.9113973, -31.5938322 ] } },
{ "type": "Feature", "properties": { "Name": "656.99", "P.K.": null, "Al.Dist. Izq.": 60, "Al.Dist. Der.": 60, "Ruta": 9 }, "geometry": { "type": "Point", "coordinates": [ -63.9113973, -31.5938322 ] } },
{ "type": "Feature", "properties": { "Name": "657.06", "P.K.": null, "Al.Dist. Izq.": 60, "Al.Dist. Der.": 60, "Ruta": 9 }, "geometry": { "type": "Point", "coordinates": [ -63.9119658, -31.5934506 ] } },
{ "type": "Feature", "properties": { "Name": "658.04", "P.K.": null, "Al.Dist. Izq.": 60, "Al.Dist. Der.": 60, "Ruta": 9 }, "geometry": { "type": "Point", "coordinates": [ -63.9199286, -31.5881136 ] } },
{ "type": "Feature", "properties": { "Name": "658.49", "P.K.": null, "Al.Dist. Izq.": 60, "Al.Dist. Der.": 60, "Ruta": 9 }, "geometry": { "type": "Point", "coordinates": [ -63.9235868, -31.5856657 ] } },
{ "type": "Feature", "properties": { "Name": "659.2", "P.K.": null, "Al.Dist. Izq.": 60, "Al.Dist. Der.": 60, "Ruta": 9 }, "geometry": { "type": "Point", "coordinates": [ -63.9289958, -31.5813397 ] } },
{ "type": "Feature", "properties": { "Name": "659.2", "P.K.": null, "Al.Dist. Izq.": 60, "Al.Dist. Der.": 60, "Ruta": 9 }, "geometry": { "type": "Point", "coordinates": [ -63.9289958, -31.5813397 ] } },
{ "type": "Feature", "properties": { "Name": "659.22", "P.K.": null, "Al.Dist. Izq.": 60, "Al.Dist. Der.": 60, "Ruta": 9 }, "geometry": { "type": "Point", "coordinates": [ -63.9291264, -31.5812133 ] } },
{ "type": "Feature", "properties": { "Name": "659.22", "P.K.": null, "Al.Dist. Izq.": 60, "Al.Dist. Der.": 60, "Ruta": 9 }, "geometry": { "type": "Point", "coordinates": [ -63.9291264, -31.5812133 ] } },
{ "type": "Feature", "properties": { "Name": "659.24", "P.K.": null, "Al.Dist. Izq.": 60, "Al.Dist. Der.": 60, "Ruta": 9 }, "geometry": { "type": "Point", "coordinates": [ -63.9292638, -31.5810803 ] } },
{ "type": "Feature", "properties": { "Name": "659.24", "P.K.": null, "Al.Dist. Izq.": 60, "Al.Dist. Der.": 60, "Ruta": 9 }, "geometry": { "type": "Point", "coordinates": [ -63.9292638, -31.5810803 ] } },
{ "type": "Feature", "properties": { "Name": "659.26", "P.K.": null, "Al.Dist. Izq.": 60, "Al.Dist. Der.": 60, "Ruta": 9 }, "geometry": { "type": "Point", "coordinates": [ -63.9293806, -31.5809673 ] } },
{ "type": "Feature", "properties": { "Name": "659.26", "P.K.": null, "Al.Dist. Izq.": 60, "Al.Dist. Der.": 60, "Ruta": 9 }, "geometry": { "type": "Point", "coordinates": [ -63.9293806, -31.5809673 ] } },
{ "type": "Feature", "properties": { "Name": "659.28", "P.K.": null, "Al.Dist. Izq.": 60, "Al.Dist. Der.": 60, "Ruta": 9 }, "geometry": { "type": "Point", "coordinates": [ -63.9295206, -31.5808317 ] } },
{ "type": "Feature", "properties": { "Name": "659.28", "P.K.": null, "Al.Dist. Izq.": 60, "Al.Dist. Der.": 60, "Ruta": 9 }, "geometry": { "type": "Point", "coordinates": [ -63.9295206, -31.5808317 ] } },
{ "type": "Feature", "properties": { "Name": "659.29", "P.K.": null, "Al.Dist. Izq.": 60, "Al.Dist. Der.": 60, "Ruta": 9 }, "geometry": { "type": "Point", "coordinates": [ -63.9295907, -31.580764 ] } },
{ "type": "Feature", "properties": { "Name": "659.29", "P.K.": null, "Al.Dist. Izq.": 60, "Al.Dist. Der.": 60, "Ruta": 9 }, "geometry": { "type": "Point", "coordinates": [ -63.9295907, -31.580764 ] } },
{ "type": "Feature", "properties": { "Name": "660.04", "P.K.": null, "Al.Dist. Izq.": 60, "Al.Dist. Der.": 60, "Ruta": 9 }, "geometry": { "type": "Point", "coordinates": [ -63.9348521, -31.5756913 ] } },
{ "type": "Feature", "properties": { "Name": "660.53", "P.K.": null, "Al.Dist. Izq.": 60, "Al.Dist. Der.": 60, "Ruta": 9 }, "geometry": { "type": "Point", "coordinates": [ -63.9382896, -31.5723772 ] } },
{ "type": "Feature", "properties": { "Name": "660.53", "P.K.": null, "Al.Dist. Izq.": 60, "Al.Dist. Der.": 60, "Ruta": 9 }, "geometry": { "type": "Point", "coordinates": [ -63.9382896, -31.5723772 ] } },
{ "type": "Feature", "properties": { "Name": "660.54", "P.K.": null, "Al.Dist. Izq.": 60, "Al.Dist. Der.": 60, "Ruta": 9 }, "geometry": { "type": "Point", "coordinates": [ -63.9383597, -31.5723095 ] } },
{ "type": "Feature", "properties": { "Name": "660.54", "P.K.": null, "Al.Dist. Izq.": 60, "Al.Dist. Der.": 60, "Ruta": 9 }, "geometry": { "type": "Point", "coordinates": [ -63.9383597, -31.5723095 ] } },
{ "type": "Feature", "properties": { "Name": "661.2", "P.K.": null, "Al.Dist. Izq.": 60, "Al.Dist. Der.": 60, "Ruta": 9 }, "geometry": { "type": "Point", "coordinates": [ -63.9429893, -31.567845 ] } },
{ "type": "Feature", "properties": { "Name": "661.44", "P.K.": null, "Al.Dist. Izq.": 60, "Al.Dist. Der.": 60, "Ruta": 9 }, "geometry": { "type": "Point", "coordinates": [ -63.9446724, -31.5662212 ] } },
{ "type": "Feature", "properties": { "Name": "661.44", "P.K.": null, "Al.Dist. Izq.": 60, "Al.Dist. Der.": 60, "Ruta": 9 }, "geometry": { "type": "Point", "coordinates": [ -63.9446724, -31.5662212 ] } },
{ "type": "Feature", "properties": { "Name": "661.45", "P.K.": null, "Al.Dist. Izq.": 60, "Al.Dist. Der.": 60, "Ruta": 9 }, "geometry": { "type": "Point", "coordinates": [ -63.9447424, -31.5661535 ] } },
{ "type": "Feature", "properties": { "Name": "661.45", "P.K.": null, "Al.Dist. Izq.": 60, "Al.Dist. Der.": 60, "Ruta": 9 }, "geometry": { "type": "Point", "coordinates": [ -63.9447424, -31.5661535 ] } },
{ "type": "Feature", "properties": { "Name": "661.84", "P.K.": null, "Al.Dist. Izq.": 60, "Al.Dist. Der.": 60, "Ruta": 9 }, "geometry": { "type": "Point", "coordinates": [ -63.9474743, -31.5635115 ] } },
{ "type": "Feature", "properties": { "Name": "661.84", "P.K.": null, "Al.Dist. Izq.": 60, "Al.Dist. Der.": 60, "Ruta": 9 }, "geometry": { "type": "Point", "coordinates": [ -63.9474743, -31.5635115 ] } },
{ "type": "Feature", "properties": { "Name": "662.04", "P.K.": null, "Al.Dist. Izq.": 60, "Al.Dist. Der.": 60, "Ruta": 9 }, "geometry": { "type": "Point", "coordinates": [ -63.9488753, -31.5621566 ] } },
{ "type": "Feature", "properties": { "Name": "662.2", "P.K.": null, "Al.Dist. Izq.": 60, "Al.Dist. Der.": 60, "Ruta": 9 }, "geometry": { "type": "Point", "coordinates": [ -63.9499961, -31.5610727 ] } },
{ "type": "Feature", "properties": { "Name": "662.2", "P.K.": null, "Al.Dist. Izq.": 60, "Al.Dist. Der.": 60, "Ruta": 9 }, "geometry": { "type": "Point", "coordinates": [ -63.9499961, -31.5610727 ] } },
{ "type": "Feature", "properties": { "Name": "662.22", "P.K.": null, "Al.Dist. Izq.": 60, "Al.Dist. Der.": 60, "Ruta": 9 }, "geometry": { "type": "Point", "coordinates": [ -63.950137, -31.5609364 ] } },
{ "type": "Feature", "properties": { "Name": "662.22", "P.K.": null, "Al.Dist. Izq.": 60, "Al.Dist. Der.": 60, "Ruta": 9 }, "geometry": { "type": "Point", "coordinates": [ -63.950137, -31.5609364 ] } },
{ "type": "Feature", "properties": { "Name": "662.24", "P.K.": null, "Al.Dist. Izq.": 60, "Al.Dist. Der.": 60, "Ruta": 9 }, "geometry": { "type": "Point", "coordinates": [ -63.9502779, -31.5608001 ] } },
{ "type": "Feature", "properties": { "Name": "662.24", "P.K.": null, "Al.Dist. Izq.": 60, "Al.Dist. Der.": 60, "Ruta": 9 }, "geometry": { "type": "Point", "coordinates": [ -63.9502779, -31.5608001 ] } },
{ "type": "Feature", "properties": { "Name": "662.26", "P.K.": null, "Al.Dist. Izq.": 60, "Al.Dist. Der.": 60, "Ruta": 9 }, "geometry": { "type": "Point", "coordinates": [ -63.9504222, -31.5606605 ] } },
{ "type": "Feature", "properties": { "Name": "662.26", "P.K.": null, "Al.Dist. Izq.": 60, "Al.Dist. Der.": 60, "Ruta": 9 }, "geometry": { "type": "Point", "coordinates": [ -63.9504222, -31.5606605 ] } },
{ "type": "Feature", "properties": { "Name": "662.28", "P.K.": null, "Al.Dist. Izq.": 60, "Al.Dist. Der.": 60, "Ruta": 9 }, "geometry": { "type": "Point", "coordinates": [ -63.950546, -31.5605409 ] } },
{ "type": "Feature", "properties": { "Name": "662.28", "P.K.": null, "Al.Dist. Izq.": 60, "Al.Dist. Der.": 60, "Ruta": 9 }, "geometry": { "type": "Point", "coordinates": [ -63.950546, -31.5605409 ] } },
{ "type": "Feature", "properties": { "Name": "662.29", "P.K.": null, "Al.Dist. Izq.": 60, "Al.Dist. Der.": 60, "Ruta": 9 }, "geometry": { "type": "Point", "coordinates": [ -63.950601, -31.5604877 ] } },
{ "type": "Feature", "properties": { "Name": "662.29", "P.K.": null, "Al.Dist. Izq.": 60, "Al.Dist. Der.": 60, "Ruta": 9 }, "geometry": { "type": "Point", "coordinates": [ -63.950601, -31.5604877 ] } },
{ "type": "Feature", "properties": { "Name": "662.31", "P.K.": null, "Al.Dist. Izq.": 60, "Al.Dist. Der.": 60, "Ruta": 9 }, "geometry": { "type": "Point", "coordinates": [ -63.9507178, -31.5603747 ] } },
{ "type": "Feature", "properties": { "Name": "662.31", "P.K.": null, "Al.Dist. Izq.": 60, "Al.Dist. Der.": 60, "Ruta": 9 }, "geometry": { "type": "Point", "coordinates": [ -63.9507178, -31.5603747 ] } },
{ "type": "Feature", "properties": { "Name": "663", "P.K.": null, "Al.Dist. Izq.": 60, "Al.Dist. Der.": 60, "Ruta": 9 }, "geometry": { "type": "Point", "coordinates": [ -63.9555118, -31.5557395 ] } },
{ "type": "Feature", "properties": { "Name": "663.02", "P.K.": null, "Al.Dist. Izq.": 60, "Al.Dist. Der.": 60, "Ruta": 9 }, "geometry": { "type": "Point", "coordinates": [ -63.9556511, -31.5556054 ] } },
{ "type": "Feature", "properties": { "Name": "663.13", "P.K.": null, "Al.Dist. Izq.": 60, "Al.Dist. Der.": 60, "Ruta": 9 }, "geometry": { "type": "Point", "coordinates": [ -63.9564169, -31.5548681 ] } },
{ "type": "Feature", "properties": { "Name": "663.26", "P.K.": null, "Al.Dist. Izq.": 60, "Al.Dist. Der.": 60, "Ruta": 9 }, "geometry": { "type": "Point", "coordinates": [ -63.957322, -31.5539967 ] } },
{ "type": "Feature", "properties": { "Name": "663.26", "P.K.": null, "Al.Dist. Izq.": 60, "Al.Dist. Der.": 60, "Ruta": 9 }, "geometry": { "type": "Point", "coordinates": [ -63.957322, -31.5539967 ] } },
{ "type": "Feature", "properties": { "Name": "664.02", "P.K.": null, "Al.Dist. Izq.": 60, "Al.Dist. Der.": 60, "Ruta": 9 }, "geometry": { "type": "Point", "coordinates": [ -63.9626132, -31.5489025 ] } },
{ "type": "Feature", "properties": { "Name": "664.49", "P.K.": null, "Al.Dist. Izq.": 60, "Al.Dist. Der.": 60, "Ruta": 9 }, "geometry": { "type": "Point", "coordinates": [ -63.9658851, -31.5457518 ] } },
{ "type": "Feature", "properties": { "Name": "664.74", "P.K.": null, "Al.Dist. Izq.": 60, "Al.Dist. Der.": 60, "Ruta": 9 }, "geometry": { "type": "Point", "coordinates": [ -63.9676198, -31.5440701 ] } },
{ "type": "Feature", "properties": { "Name": "665.06", "P.K.": null, "Al.Dist. Izq.": 60, "Al.Dist. Der.": 60, "Ruta": 9 }, "geometry": { "type": "Point", "coordinates": [ -63.9698403, -31.5419174 ] } },
{ "type": "Feature", "properties": { "Name": "665.06", "P.K.": null, "Al.Dist. Izq.": 60, "Al.Dist. Der.": 60, "Ruta": 9 }, "geometry": { "type": "Point", "coordinates": [ -63.9698403, -31.5419174 ] } },
{ "type": "Feature", "properties": { "Name": "665.36", "P.K.": null, "Al.Dist. Izq.": 60, "Al.Dist. Der.": 60, "Ruta": 9 }, "geometry": { "type": "Point", "coordinates": [ -63.9719219, -31.5398993 ] } },
{ "type": "Feature", "properties": { "Name": "665.51", "P.K.": null, "Al.Dist. Izq.": 60, "Al.Dist. Der.": 60, "Ruta": 9 }, "geometry": { "type": "Point", "coordinates": [ -63.9729618, -31.5388893 ] } },
{ "type": "Feature", "properties": { "Name": "665.51", "P.K.": null, "Al.Dist. Izq.": 60, "Al.Dist. Der.": 60, "Ruta": 9 }, "geometry": { "type": "Point", "coordinates": [ -63.9729618, -31.5388893 ] } },
{ "type": "Feature", "properties": { "Name": "665.59", "P.K.": null, "Al.Dist. Izq.": 60, "Al.Dist. Der.": 60, "Ruta": 9 }, "geometry": { "type": "Point", "coordinates": [ -63.9735165, -31.5383507 ] } },
{ "type": "Feature", "properties": { "Name": "665.63", "P.K.": null, "Al.Dist. Izq.": 60, "Al.Dist. Der.": 60, "Ruta": 9 }, "geometry": { "type": "Point", "coordinates": [ -63.9737938, -31.5380813 ] } },
{ "type": "Feature", "properties": { "Name": "665.63", "P.K.": null, "Al.Dist. Izq.": 60, "Al.Dist. Der.": 60, "Ruta": 9 }, "geometry": { "type": "Point", "coordinates": [ -63.9737938, -31.5380813 ] } },
{ "type": "Feature", "properties": { "Name": "665.63", "P.K.": null, "Al.Dist. Izq.": 60, "Al.Dist. Der.": 60, "Ruta": 9 }, "geometry": { "type": "Point", "coordinates": [ -63.9737938, -31.5380813 ] } },
{ "type": "Feature", "properties": { "Name": "665.63", "P.K.": null, "Al.Dist. Izq.": 60, "Al.Dist. Der.": 60, "Ruta": 9 }, "geometry": { "type": "Point", "coordinates": [ -63.9737938, -31.5380813 ] } },
{ "type": "Feature", "properties": { "Name": "665.69", "P.K.": null, "Al.Dist. Izq.": 60, "Al.Dist. Der.": 60, "Ruta": 9 }, "geometry": { "type": "Point", "coordinates": [ -63.9742097, -31.5376773 ] } },
{ "type": "Feature", "properties": { "Name": "666.15", "P.K.": null, "Al.Dist. Izq.": 60, "Al.Dist. Der.": 60, "Ruta": 9 }, "geometry": { "type": "Point", "coordinates": [ -63.9774016, -31.5345828 ] } },
{ "type": "Feature", "properties": { "Name": "666.15", "P.K.": null, "Al.Dist. Izq.": 60, "Al.Dist. Der.": 60, "Ruta": 9 }, "geometry": { "type": "Point", "coordinates": [ -63.9774016, -31.5345828 ] } },
{ "type": "Feature", "properties": { "Name": "666.16", "P.K.": null, "Al.Dist. Izq.": 60, "Al.Dist. Der.": 60, "Ruta": 9 }, "geometry": { "type": "Point", "coordinates": [ -63.977471, -31.5345156 ] } },
{ "type": "Feature", "properties": { "Name": "666.16", "P.K.": null, "Al.Dist. Izq.": 60, "Al.Dist. Der.": 60, "Ruta": 9 }, "geometry": { "type": "Point", "coordinates": [ -63.977471, -31.5345156 ] } },
{ "type": "Feature", "properties": { "Name": "666.18", "P.K.": null, "Al.Dist. Izq.": 60, "Al.Dist. Der.": 60, "Ruta": 9 }, "geometry": { "type": "Point", "coordinates": [ -63.9776121, -31.5343787 ] } },
{ "type": "Feature", "properties": { "Name": "666.18", "P.K.": null, "Al.Dist. Izq.": 60, "Al.Dist. Der.": 60, "Ruta": 9 }, "geometry": { "type": "Point", "coordinates": [ -63.9776121, -31.5343787 ] } },
{ "type": "Feature", "properties": { "Name": "666.63", "P.K.": null, "Al.Dist. Izq.": 60, "Al.Dist. Der.": 60, "Ruta": 9 }, "geometry": { "type": "Point", "coordinates": [ -63.9807327, -31.5313544 ] } },
{ "type": "Feature", "properties": { "Name": "666.71", "P.K.": null, "Al.Dist. Izq.": 60, "Al.Dist. Der.": 60, "Ruta": 9 }, "geometry": { "type": "Point", "coordinates": [ -63.9812905, -31.5308121 ] } },
{ "type": "Feature", "properties": { "Name": "667.11", "P.K.": null, "Al.Dist. Izq.": 60, "Al.Dist. Der.": 60, "Ruta": 9 }, "geometry": { "type": "Point", "coordinates": [ -63.9840805, -31.5281018 ] } },
{ "type": "Feature", "properties": { "Name": "667.11", "P.K.": null, "Al.Dist. Izq.": 60, "Al.Dist. Der.": 60, "Ruta": 9 }, "geometry": { "type": "Point", "coordinates": [ -63.9840805, -31.5281018 ] } },
{ "type": "Feature", "properties": { "Name": "667.48", "P.K.": null, "Al.Dist. Izq.": 60, "Al.Dist. Der.": 60, "Ruta": 9 }, "geometry": { "type": "Point", "coordinates": [ -63.9866646, -31.5255982 ] } },
{ "type": "Feature", "properties": { "Name": "667.61", "P.K.": null, "Al.Dist. Izq.": 60, "Al.Dist. Der.": 60, "Ruta": 9 }, "geometry": { "type": "Point", "coordinates": [ -63.9875725, -31.5247186 ] } },
{ "type": "Feature", "properties": { "Name": "667.76", "P.K.": null, "Al.Dist. Izq.": 60, "Al.Dist. Der.": 60, "Ruta": 9 }, "geometry": { "type": "Point", "coordinates": [ -63.9886201, -31.5237036 ] } },
{ "type": "Feature", "properties": { "Name": "667.94", "P.K.": null, "Al.Dist. Izq.": 60, "Al.Dist. Der.": 60, "Ruta": 9 }, "geometry": { "type": "Point", "coordinates": [ -63.9898772, -31.5224856 ] } },
{ "type": "Feature", "properties": { "Name": "668.18", "P.K.": null, "Al.Dist. Izq.": 60, "Al.Dist. Der.": 60, "Ruta": 9 }, "geometry": { "type": "Point", "coordinates": [ -63.9915534, -31.5208616 ] } },
{ "type": "Feature", "properties": { "Name": "668.18", "P.K.": null, "Al.Dist. Izq.": 60, "Al.Dist. Der.": 60, "Ruta": 9 }, "geometry": { "type": "Point", "coordinates": [ -63.9915534, -31.5208616 ] } },
{ "type": "Feature", "properties": { "Name": "668.89", "P.K.": null, "Al.Dist. Izq.": 60, "Al.Dist. Der.": 60, "Ruta": 9 }, "geometry": { "type": "Point", "coordinates": [ -63.9965107, -31.5160561 ] } },
{ "type": "Feature", "properties": { "Name": "669.57", "P.K.": null, "Al.Dist. Izq.": 60, "Al.Dist. Der.": 60, "Ruta": 9 }, "geometry": { "type": "Point", "coordinates": [ -64.0012574, -31.5114524 ] } },
{ "type": "Feature", "properties": { "Name": "669.57", "P.K.": null, "Al.Dist. Izq.": 60, "Al.Dist. Der.": 60, "Ruta": 9 }, "geometry": { "type": "Point", "coordinates": [ -64.0012574, -31.5114524 ] } },
{ "type": "Feature", "properties": { "Name": "669.92", "P.K.": null, "Al.Dist. Izq.": 60, "Al.Dist. Der.": 60, "Ruta": 9 }, "geometry": { "type": "Point", "coordinates": [ -64.0037005, -31.5090827 ] } },
{ "type": "Feature", "properties": { "Name": "670.23", "P.K.": null, "Al.Dist. Izq.": 60, "Al.Dist. Der.": 60, "Ruta": 9 }, "geometry": { "type": "Point", "coordinates": [ -64.005864, -31.5069836 ] } },
{ "type": "Feature", "properties": { "Name": "670.23", "P.K.": null, "Al.Dist. Izq.": 60, "Al.Dist. Der.": 60, "Ruta": 9 }, "geometry": { "type": "Point", "coordinates": [ -64.005864, -31.5069836 ] } },
{ "type": "Feature", "properties": { "Name": "670.6", "P.K.": null, "Al.Dist. Izq.": 60, "Al.Dist. Der.": 60, "Ruta": 9 }, "geometry": { "type": "Point", "coordinates": [ -64.0084463, -31.5044781 ] } },
{ "type": "Feature", "properties": { "Name": "670.62", "P.K.": null, "Al.Dist. Izq.": 60, "Al.Dist. Der.": 60, "Ruta": 9 }, "geometry": { "type": "Point", "coordinates": [ -64.0085859, -31.5043427 ] } },
{ "type": "Feature", "properties": { "Name": "670.68", "P.K.": null, "Al.Dist. Izq.": 60, "Al.Dist. Der.": 60, "Ruta": 9 }, "geometry": { "type": "Point", "coordinates": [ -64.0090047, -31.5039364 ] } },
{ "type": "Feature", "properties": { "Name": "670.68", "P.K.": null, "Al.Dist. Izq.": 60, "Al.Dist. Der.": 60, "Ruta": 9 }, "geometry": { "type": "Point", "coordinates": [ -64.0090047, -31.5039364 ] } },
{ "type": "Feature", "properties": { "Name": "670.84", "P.K.": null, "Al.Dist. Izq.": 60, "Al.Dist. Der.": 60, "Ruta": 9 }, "geometry": { "type": "Point", "coordinates": [ -64.0101214, -31.502853 ] } },
{ "type": "Feature", "properties": { "Name": "671.13", "P.K.": null, "Al.Dist. Izq.": 60, "Al.Dist. Der.": 60, "Ruta": 9 }, "geometry": { "type": "Point", "coordinates": [ -64.0121453, -31.5008893 ] } },
{ "type": "Feature", "properties": { "Name": "671.78", "P.K.": null, "Al.Dist. Izq.": 60, "Al.Dist. Der.": 60, "Ruta": 9 }, "geometry": { "type": "Point", "coordinates": [ -64.0166799, -31.4964859 ] } },
{ "type": "Feature", "properties": { "Name": "671.78", "P.K.": null, "Al.Dist. Izq.": 60, "Al.Dist. Der.": 60, "Ruta": 9 }, "geometry": { "type": "Point", "coordinates": [ -64.0166799, -31.4964859 ] } },
{ "type": "Feature", "properties": { "Name": "672.21", "P.K.": null, "Al.Dist. Izq.": 60, "Al.Dist. Der.": 60, "Ruta": 9 }, "geometry": { "type": "Point", "coordinates": [ -64.019679, -31.4935721 ] } },
{ "type": "Feature", "properties": { "Name": "672.35", "P.K.": null, "Al.Dist. Izq.": 60, "Al.Dist. Der.": 60, "Ruta": 9 }, "geometry": { "type": "Point", "coordinates": [ -64.0206554, -31.4926234 ] } },
{ "type": "Feature", "properties": { "Name": "672.41", "P.K.": null, "Al.Dist. Izq.": 60, "Al.Dist. Der.": 60, "Ruta": 9 }, "geometry": { "type": "Point", "coordinates": [ -64.0210739, -31.4922168 ] } },
{ "type": "Feature", "properties": { "Name": "672.49", "P.K.": null, "Al.Dist. Izq.": 60, "Al.Dist. Der.": 60, "Ruta": 9 }, "geometry": { "type": "Point", "coordinates": [ -64.0216318, -31.4916748 ] } },
{ "type": "Feature", "properties": { "Name": "672.81", "P.K.": null, "Al.Dist. Izq.": 60, "Al.Dist. Der.": 60, "Ruta": 9 }, "geometry": { "type": "Point", "coordinates": [ -64.0238637, -31.4895064 ] } },
{ "type": "Feature", "properties": { "Name": "672.92", "P.K.": null, "Al.Dist. Izq.": 60, "Al.Dist. Der.": 60, "Ruta": 9 }, "geometry": { "type": "Point", "coordinates": [ -64.0246309, -31.488761 ] } },
{ "type": "Feature", "properties": { "Name": "673.03", "P.K.": null, "Al.Dist. Izq.": 60, "Al.Dist. Der.": 60, "Ruta": 9 }, "geometry": { "type": "Point", "coordinates": [ -64.0254009, -31.4880185 ] } },
{ "type": "Feature", "properties": { "Name": "673.03", "P.K.": null, "Al.Dist. Izq.": 60, "Al.Dist. Der.": 60, "Ruta": 9 }, "geometry": { "type": "Point", "coordinates": [ -64.0254009, -31.4880185 ] } },
{ "type": "Feature", "properties": { "Name": "673.03", "P.K.": null, "Al.Dist. Izq.": 60, "Al.Dist. Der.": 60, "Ruta": 9 }, "geometry": { "type": "Point", "coordinates": [ -64.0254009, -31.4880185 ] } },
{ "type": "Feature", "properties": { "Name": "673.43", "P.K.": null, "Al.Dist. Izq.": 60, "Al.Dist. Der.": 60, "Ruta": 9 }, "geometry": { "type": "Point", "coordinates": [ -64.028201, -31.4853186 ] } },
{ "type": "Feature", "properties": { "Name": "673.77", "P.K.": null, "Al.Dist. Izq.": 60, "Al.Dist. Der.": 60, "Ruta": 9 }, "geometry": { "type": "Point", "coordinates": [ -64.0306473, -31.4829512 ] } },
{ "type": "Feature", "properties": { "Name": "673.77", "P.K.": null, "Al.Dist. Izq.": 60, "Al.Dist. Der.": 60, "Ruta": 9 }, "geometry": { "type": "Point", "coordinates": [ -64.0306473, -31.4829512 ] } },
{ "type": "Feature", "properties": { "Name": "673.91", "P.K.": null, "Al.Dist. Izq.": 60, "Al.Dist. Der.": 60, "Ruta": 9 }, "geometry": { "type": "Point", "coordinates": [ -64.0316266, -31.4820034 ] } },
{ "type": "Feature", "properties": { "Name": "673.91", "P.K.": null, "Al.Dist. Izq.": 60, "Al.Dist. Der.": 60, "Ruta": 9 }, "geometry": { "type": "Point", "coordinates": [ -64.0316266, -31.4820034 ] } },
{ "type": "Feature", "properties": { "Name": "674.24", "P.K.": null, "Al.Dist. Izq.": 60, "Al.Dist. Der.": 60, "Ruta": 9 }, "geometry": { "type": "Point", "coordinates": [ -64.0339314, -31.4797659 ] } },
{ "type": "Feature", "properties": { "Name": "674.41", "P.K.": null, "Al.Dist. Izq.": 60, "Al.Dist. Der.": 60, "Ruta": 9 }, "geometry": { "type": "Point", "coordinates": [ -64.0351154, -31.4786098 ] } },
{ "type": "Feature", "properties": { "Name": "674.56", "P.K.": null, "Al.Dist. Izq.": 60, "Al.Dist. Der.": 60, "Ruta": 9 }, "geometry": { "type": "Point", "coordinates": [ -64.0361602, -31.4775897 ] } },
{ "type": "Feature", "properties": { "Name": "675.01", "P.K.": null, "Al.Dist. Izq.": 60, "Al.Dist. Der.": 60, "Ruta": 9 }, "geometry": { "type": "Point", "coordinates": [ -64.0392965, -31.4745316 ] } },
{ "type": "Feature", "properties": { "Name": "675.63", "P.K.": null, "Al.Dist. Izq.": 60, "Al.Dist. Der.": 60, "Ruta": 9 }, "geometry": { "type": "Point", "coordinates": [ -64.0436395, -31.470341 ] } },
{ "type": "Feature", "properties": { "Name": "675.63", "P.K.": null, "Al.Dist. Izq.": 60, "Al.Dist. Der.": 60, "Ruta": 9 }, "geometry": { "type": "Point", "coordinates": [ -64.0436395, -31.470341 ] } },
{ "type": "Feature", "properties": { "Name": "676.03", "P.K.": null, "Al.Dist. Izq.": 60, "Al.Dist. Der.": 60, "Ruta": 9 }, "geometry": { "type": "Point", "coordinates": [ -64.0464267, -31.467622 ] } },
{ "type": "Feature", "properties": { "Name": "676.11", "P.K.": null, "Al.Dist. Izq.": 60, "Al.Dist. Der.": 60, "Ruta": 9 }, "geometry": { "type": "Point", "coordinates": [ -64.0469842, -31.4670783 ] } },
{ "type": "Feature", "properties": { "Name": "677.01", "P.K.": null, "Al.Dist. Izq.": 60, "Al.Dist. Der.": 60, "Ruta": 9 }, "geometry": { "type": "Point", "coordinates": [ -64.0532609, -31.4609663 ] } },
{ "type": "Feature", "properties": { "Name": "678.48", "P.K.": null, "Al.Dist. Izq.": 60, "Al.Dist. Der.": 60, "Ruta": 9 }, "geometry": { "type": "Point", "coordinates": [ -64.0635239, -31.4509949 ] } },
{ "type": "Feature", "properties": { "Name": "678.48", "P.K.": null, "Al.Dist. Izq.": 60, "Al.Dist. Der.": 60, "Ruta": 9 }, "geometry": { "type": "Point", "coordinates": [ -64.0635239, -31.4509949 ] } },
{ "type": "Feature", "properties": { "Name": "678.7", "P.K.": null, "Al.Dist. Izq.": 60, "Al.Dist. Der.": 60, "Ruta": 9 }, "geometry": { "type": "Point", "coordinates": [ -64.0650614, -31.4495041 ] } },
{ "type": "Feature", "properties": { "Name": "678.7", "P.K.": null, "Al.Dist. Izq.": 60, "Al.Dist. Der.": 60, "Ruta": 9 }, "geometry": { "type": "Point", "coordinates": [ -64.0650614, -31.4495041 ] } },
{ "type": "Feature", "properties": { "Name": "679.01", "P.K.": null, "Al.Dist. Izq.": 60, "Al.Dist. Der.": 60, "Ruta": 9 }, "geometry": { "type": "Point", "coordinates": [ -64.0672278, -31.4474034 ] } },
{ "type": "Feature", "properties": { "Name": "679.07", "P.K.": null, "Al.Dist. Izq.": 60, "Al.Dist. Der.": 60, "Ruta": 9 }, "geometry": { "type": "Point", "coordinates": [ -64.0676471, -31.4469968 ] } },
{ "type": "Feature", "properties": { "Name": "679.07", "P.K.": null, "Al.Dist. Izq.": 60, "Al.Dist. Der.": 60, "Ruta": 9 }, "geometry": { "type": "Point", "coordinates": [ -64.0676471, -31.4469968 ] } },
{ "type": "Feature", "properties": { "Name": "679.39", "P.K.": null, "Al.Dist. Izq.": 60, "Al.Dist. Der.": 60, "Ruta": 9 }, "geometry": { "type": "Point", "coordinates": [ -64.0698833, -31.4448284 ] } },
{ "type": "Feature", "properties": { "Name": "679.39", "P.K.": null, "Al.Dist. Izq.": 60, "Al.Dist. Der.": 60, "Ruta": 9 }, "geometry": { "type": "Point", "coordinates": [ -64.0698833, -31.4448284 ] } },
{ "type": "Feature", "properties": { "Name": "679.43", "P.K.": null, "Al.Dist. Izq.": 60, "Al.Dist. Der.": 60, "Ruta": 9 }, "geometry": { "type": "Point", "coordinates": [ -64.0701629, -31.4445573 ] } },
{ "type": "Feature", "properties": { "Name": "679.43", "P.K.": null, "Al.Dist. Izq.": 60, "Al.Dist. Der.": 60, "Ruta": 9 }, "geometry": { "type": "Point", "coordinates": [ -64.0701629, -31.4445573 ] } },
{ "type": "Feature", "properties": { "Name": "679.84", "P.K.": null, "Al.Dist. Izq.": 60, "Al.Dist. Der.": 60, "Ruta": 9 }, "geometry": { "type": "Point", "coordinates": [ -64.0730281, -31.441779 ] } },
{ "type": "Feature", "properties": { "Name": "679.84", "P.K.": null, "Al.Dist. Izq.": 60, "Al.Dist. Der.": 60, "Ruta": 9 }, "geometry": { "type": "Point", "coordinates": [ -64.0730281, -31.441779 ] } },
{ "type": "Feature", "properties": { "Name": "680.01", "P.K.": null, "Al.Dist. Izq.": 60, "Al.Dist. Der.": 60, "Ruta": 9 }, "geometry": { "type": "Point", "coordinates": [ -64.0742162, -31.4406271 ] } },
{ "type": "Feature", "properties": { "Name": "680.07", "P.K.": null, "Al.Dist. Izq.": 60, "Al.Dist. Der.": 60, "Ruta": 9 }, "geometry": { "type": "Point", "coordinates": [ -64.0746355, -31.4402205 ] } },
{ "type": "Feature", "properties": { "Name": "680.24", "P.K.": null, "Al.Dist. Izq.": 60, "Al.Dist. Der.": 60, "Ruta": 9 }, "geometry": { "type": "Point", "coordinates": [ -64.0758236, -31.4390686 ] } },
{ "type": "Feature", "properties": { "Name": "680.24", "P.K.": null, "Al.Dist. Izq.": 60, "Al.Dist. Der.": 60, "Ruta": 9 }, "geometry": { "type": "Point", "coordinates": [ -64.0758236, -31.4390686 ] } },
{ "type": "Feature", "properties": { "Name": "680.41", "P.K.": null, "Al.Dist. Izq.": 60, "Al.Dist. Der.": 60, "Ruta": 9 }, "geometry": { "type": "Point", "coordinates": [ -64.0770117, -31.4379167 ] } },
{ "type": "Feature", "properties": { "Name": "680.41", "P.K.": null, "Al.Dist. Izq.": 60, "Al.Dist. Der.": 60, "Ruta": 9 }, "geometry": { "type": "Point", "coordinates": [ -64.0770117, -31.4379167 ] } },
{ "type": "Feature", "properties": { "Name": "680.63", "P.K.": null, "Al.Dist. Izq.": 60, "Al.Dist. Der.": 60, "Ruta": 9 }, "geometry": { "type": "Point", "coordinates": [ -64.0785493, -31.4364261 ] } },
{ "type": "Feature", "properties": { "Name": "680.63", "P.K.": null, "Al.Dist. Izq.": 60, "Al.Dist. Der.": 60, "Ruta": 9 }, "geometry": { "type": "Point", "coordinates": [ -64.0785493, -31.4364261 ] } },
{ "type": "Feature", "properties": { "Name": "680.83", "P.K.": null, "Al.Dist. Izq.": 60, "Al.Dist. Der.": 60, "Ruta": 9 }, "geometry": { "type": "Point", "coordinates": [ -64.0799483, -31.4350721 ] } },
{ "type": "Feature", "properties": { "Name": "680.83", "P.K.": null, "Al.Dist. Izq.": 60, "Al.Dist. Der.": 60, "Ruta": 9 }, "geometry": { "type": "Point", "coordinates": [ -64.0799483, -31.4350721 ] } },
{ "type": "Feature", "properties": { "Name": "681.06", "P.K.": null, "Al.Dist. Izq.": 60, "Al.Dist. Der.": 60, "Ruta": 9 }, "geometry": { "type": "Point", "coordinates": [ -64.0815593, -31.4335173 ] } },
{ "type": "Feature", "properties": { "Name": "681.32", "P.K.": null, "Al.Dist. Izq.": 60, "Al.Dist. Der.": 60, "Ruta": 9 }, "geometry": { "type": "Point", "coordinates": [ -64.0833804, -31.4317598 ] } },
{ "type": "Feature", "properties": { "Name": "681.83", "P.K.": null, "Al.Dist. Izq.": 60, "Al.Dist. Der.": 60, "Ruta": 9 }, "geometry": { "type": "Point", "coordinates": [ -64.0869368, -31.428296 ] } },
{ "type": "Feature", "properties": { "Name": "682.02", "P.K.": null, "Al.Dist. Izq.": 60, "Al.Dist. Der.": 60, "Ruta": 9 }, "geometry": { "type": "Point", "coordinates": [ -64.0882591, -31.4270029 ] } },
{ "type": "Feature", "properties": { "Name": "682.1", "P.K.": null, "Al.Dist. Izq.": null, "Al.Dist. Der.": null, "Ruta": 9 }, "geometry": { "type": "Point", "coordinates": [ -64.0888159, -31.4264584 ] } },
{ "type": "Feature", "properties": { "Name": "682.25", "P.K.": null, "Al.Dist. Izq.": null, "Al.Dist. Der.": null, "Ruta": 9 }, "geometry": { "type": "Point", "coordinates": [ -64.0898805, -31.42546 ] } },
{ "type": "Feature", "properties": { "Name": "682.42", "P.K.": null, "Al.Dist. Izq.": null, "Al.Dist. Der.": null, "Ruta": 9 }, "geometry": { "type": "Point", "coordinates": [ -64.0911907, -31.4244513 ] } },
{ "type": "Feature", "properties": { "Name": "682.45", "P.K.": null, "Al.Dist. Izq.": null, "Al.Dist. Der.": null, "Ruta": 9 }, "geometry": { "type": "Point", "coordinates": [ -64.091432, -31.4242869 ] } },
{ "type": "Feature", "properties": { "Name": "682.54", "P.K.": null, "Al.Dist. Izq.": null, "Al.Dist. Der.": null, "Ruta": 9 }, "geometry": { "type": "Point", "coordinates": [ -64.0921716, -31.4238185 ] } },
{ "type": "Feature", "properties": { "Name": "682.64", "P.K.": null, "Al.Dist. Izq.": null, "Al.Dist. Der.": null, "Ruta": 9 }, "geometry": { "type": "Point", "coordinates": [ -64.093, -31.4233 ] } },
{ "type": "Feature", "properties": { "Name": "682.75", "P.K.": null, "Al.Dist. Izq.": null, "Al.Dist. Der.": null, "Ruta": 9 }, "geometry": { "type": "Point", "coordinates": [ -64.0939819, -31.4228719 ] } },
{ "type": "Feature", "properties": { "Name": "682.89", "P.K.": null, "Al.Dist. Izq.": null, "Al.Dist. Der.": null, "Ruta": 9 }, "geometry": { "type": "Point", "coordinates": [ -64.0952328, -31.4223319 ] } },
{ "type": "Feature", "properties": { "Name": "682.94", "P.K.": null, "Al.Dist. Izq.": null, "Al.Dist. Der.": null, "Ruta": 9 }, "geometry": { "type": "Point", "coordinates": [ -64.0956915, -31.4221692 ] } },
{ "type": "Feature", "properties": { "Name": "683.2", "P.K.": null, "Al.Dist. Izq.": null, "Al.Dist. Der.": null, "Ruta": 9 }, "geometry": { "type": "Point", "coordinates": [ -64.098116, -31.4214497 ] } },
{ "type": "Feature", "properties": { "Name": "683.68", "P.K.": null, "Al.Dist. Izq.": null, "Al.Dist. Der.": null, "Ruta": 9 }, "geometry": { "type": "Point", "coordinates": [ -64.1027501, -31.420954 ] } },
{ "type": "Feature", "properties": { "Name": "683.96", "P.K.": null, "Al.Dist. Izq.": null, "Al.Dist. Der.": null, "Ruta": 9 }, "geometry": { "type": "Point", "coordinates": [ -64.1054745, -31.4209836 ] } },
{ "type": "Feature", "properties": { "Name": "683.96", "P.K.": null, "Al.Dist. Izq.": null, "Al.Dist. Der.": null, "Ruta": 9 }, "geometry": { "type": "Point", "coordinates": [ -64.1054745, -31.4209836 ] } },
{ "type": "Feature", "properties": { "Name": "684", "P.K.": "PK684", "Al.Dist. Izq.": null, "Al.Dist. Der.": null, "Ruta": 9 }, "geometry": { "type": "Point", "coordinates": [ -64.1059016, -31.4209843 ] } },
{ "type": "Feature", "properties": { "Name": "684.2", "P.K.": null, "Al.Dist. Izq.": null, "Al.Dist. Der.": null, "Ruta": 9 }, "geometry": { "type": "Point", "coordinates": [ -64.108, -31.4206477 ] } },
{ "type": "Feature", "properties": { "Name": "684.31", "P.K.": null, "Al.Dist. Izq.": null, "Al.Dist. Der.": null, "Ruta": 9 }, "geometry": { "type": "Point", "coordinates": [ -64.1096, -31.4199 ] } },
{ "type": "Feature", "properties": { "Name": "684.31", "P.K.": null, "Al.Dist. Izq.": null, "Al.Dist. Der.": null, "Ruta": 9 }, "geometry": { "type": "Point", "coordinates": [ -64.1096, -31.4199 ] } },
{ "type": "Feature", "properties": { "Name": "709.43", "P.K.": null, "Al.Dist. Izq.": null, "Al.Dist. Der.": null, "Ruta": 9 }, "geometry": { "type": "Point", "coordinates": [ -64.1761, -31.3576 ] } },
{ "type": "Feature", "properties": { "Name": "709.43", "P.K.": null, "Al.Dist. Izq.": null, "Al.Dist. Der.": null, "Ruta": 9 }, "geometry": { "type": "Point", "coordinates": [ -64.1761, -31.3576 ] } },
{ "type": "Feature", "properties": { "Name": "709.48", "P.K.": null, "Al.Dist. Izq.": null, "Al.Dist. Der.": null, "Ruta": 9 }, "geometry": { "type": "Point", "coordinates": [ -64.1760641, -31.3573859 ] } },
{ "type": "Feature", "properties": { "Name": "709.52", "P.K.": null, "Al.Dist. Izq.": null, "Al.Dist. Der.": null, "Ruta": 9 }, "geometry": { "type": "Point", "coordinates": [ -64.1760631, -31.3569922 ] } },
{ "type": "Feature", "properties": { "Name": "710", "P.K.": "PK710", "Al.Dist. Izq.": null, "Al.Dist. Der.": null, "Ruta": 9 }, "geometry": { "type": "Point", "coordinates": [ -64.1762394, -31.354694 ] } },
{ "type": "Feature", "properties": { "Name": "710.29", "P.K.": null, "Al.Dist. Izq.": null, "Al.Dist. Der.": null, "Ruta": 9 }, "geometry": { "type": "Point", "coordinates": [ -64.176395, -31.353054 ] } },
{ "type": "Feature", "properties": { "Name": "710.31", "P.K.": null, "Al.Dist. Izq.": null, "Al.Dist. Der.": null, "Ruta": 9 }, "geometry": { "type": "Point", "coordinates": [ -64.1760483, -31.3530194 ] } },
{ "type": "Feature", "properties": { "Name": "710.44", "P.K.": null, "Al.Dist. Izq.": null, "Al.Dist. Der.": null, "Ruta": 9 }, "geometry": { "type": "Point", "coordinates": [ -64.1762921, -31.3523144 ] } },
{ "type": "Feature", "properties": { "Name": "710.73", "P.K.": null, "Al.Dist. Izq.": null, "Al.Dist. Der.": null, "Ruta": 9 }, "geometry": { "type": "Point", "coordinates": [ -64.1760782, -31.3507153 ] } },
{ "type": "Feature", "properties": { "Name": "710.97", "P.K.": null, "Al.Dist. Izq.": null, "Al.Dist. Der.": null, "Ruta": 9 }, "geometry": { "type": "Point", "coordinates": [ -64.1762341, -31.34929 ] } },
{ "type": "Feature", "properties": { "Name": "711", "P.K.": "PK711", "Al.Dist. Izq.": null, "Al.Dist. Der.": null, "Ruta": 9 }, "geometry": { "type": "Point", "coordinates": [ -64.1761137, -31.349106 ] } },
{ "type": "Feature", "properties": { "Name": "711.01", "P.K.": null, "Al.Dist. Izq.": null, "Al.Dist. Der.": null, "Ruta": 9 }, "geometry": { "type": "Point", "coordinates": [ -64.1762441, -31.3490197 ] } },
{ "type": "Feature", "properties": { "Name": "711.12", "P.K.": null, "Al.Dist. Izq.": null, "Al.Dist. Der.": null, "Ruta": 9 }, "geometry": { "type": "Point", "coordinates": [ -64.1762, -31.348 ] } },
{ "type": "Feature", "properties": { "Name": "711.12", "P.K.": null, "Al.Dist. Izq.": null, "Al.Dist. Der.": null, "Ruta": 9 }, "geometry": { "type": "Point", "coordinates": [ -64.1759347, -31.348027 ] } },
{ "type": "Feature", "properties": { "Name": "711.13", "P.K.": null, "Al.Dist. Izq.": null, "Al.Dist. Der.": null, "Ruta": 9 }, "geometry": { "type": "Point", "coordinates": [ -64.1759498, -31.3479766 ] } },
{ "type": "Feature", "properties": { "Name": "711.48", "P.K.": null, "Al.Dist. Izq.": null, "Al.Dist. Der.": null, "Ruta": 9 }, "geometry": { "type": "Point", "coordinates": [ -64.1762401, -31.3448248 ] } },
{ "type": "Feature", "properties": { "Name": "711.49", "P.K.": null, "Al.Dist. Izq.": null, "Al.Dist. Der.": null, "Ruta": 9 }, "geometry": { "type": "Point", "coordinates": [ -64.1761155, -31.3447466 ] } },
{ "type": "Feature", "properties": { "Name": "711.62", "P.K.": null, "Al.Dist. Izq.": null, "Al.Dist. Der.": null, "Ruta": 9 }, "geometry": { "type": "Point", "coordinates": [ -64.176227, -31.3434421 ] } },
{ "type": "Feature", "properties": { "Name": "711.63", "P.K.": null, "Al.Dist. Izq.": null, "Al.Dist. Der.": null, "Ruta": 9 }, "geometry": { "type": "Point", "coordinates": [ -64.1769462, -31.3433656 ] } },
{ "type": "Feature", "properties": { "Name": "711.72", "P.K.": null, "Al.Dist. Izq.": null, "Al.Dist. Der.": null, "Ruta": 9 }, "geometry": { "type": "Point", "coordinates": [ -64.1761162, -31.3425097 ] } },
{ "type": "Feature", "properties": { "Name": "711.83", "P.K.": null, "Al.Dist. Izq.": null, "Al.Dist. Der.": null, "Ruta": 9 }, "geometry": { "type": "Point", "coordinates": [ -64.1761, -31.3415 ] } },
{ "type": "Feature", "properties": { "Name": "711.84", "P.K.": null, "Al.Dist. Izq.": null, "Al.Dist. Der.": null, "Ruta": 9 }, "geometry": { "type": "Point", "coordinates": [ -64.1762307, -31.3414213 ] } },
{ "type": "Feature", "properties": { "Name": "711.99", "P.K.": null, "Al.Dist. Izq.": null, "Al.Dist. Der.": null, "Ruta": 9 }, "geometry": { "type": "Point", "coordinates": [ -64.1762596, -31.340139 ] } },
{ "type": "Feature", "properties": { "Name": "712.07", "P.K.": null, "Al.Dist. Izq.": null, "Al.Dist. Der.": null, "Ruta": 9 }, "geometry": { "type": "Point", "coordinates": [ -64.1762636, -31.3394028 ] } },
{ "type": "Feature", "properties": { "Name": "712.12", "P.K.": null, "Al.Dist. Izq.": null, "Al.Dist. Der.": null, "Ruta": 9 }, "geometry": { "type": "Point", "coordinates": [ -64.1760084, -31.3389111 ] } },
{ "type": "Feature", "properties": { "Name": "712.16", "P.K.": null, "Al.Dist. Izq.": null, "Al.Dist. Der.": null, "Ruta": 9 }, "geometry": { "type": "Point", "coordinates": [ -64.1761039, -31.3385756 ] } },
{ "type": "Feature", "properties": { "Name": "712.16", "P.K.": null, "Al.Dist. Izq.": null, "Al.Dist. Der.": null, "Ruta": 9 }, "geometry": { "type": "Point", "coordinates": [ -64.1760891, -31.3385944 ] } },
{ "type": "Feature", "properties": { "Name": "712.27", "P.K.": null, "Al.Dist. Izq.": null, "Al.Dist. Der.": null, "Ruta": 9 }, "geometry": { "type": "Point", "coordinates": [ -64.1762539, -31.3375721 ] } },
{ "type": "Feature", "properties": { "Name": "712.27", "P.K.": null, "Al.Dist. Izq.": null, "Al.Dist. Der.": null, "Ruta": 9 }, "geometry": { "type": "Point", "coordinates": [ -64.1760594, -31.3375595 ] } },
{ "type": "Feature", "properties": { "Name": "712.31", "P.K.": null, "Al.Dist. Izq.": null, "Al.Dist. Der.": null, "Ruta": 9 }, "geometry": { "type": "Point", "coordinates": [ -64.1762089, -31.3372316 ] } },
{ "type": "Feature", "properties": { "Name": "712.31", "P.K.": null, "Al.Dist. Izq.": null, "Al.Dist. Der.": null, "Ruta": 9 }, "geometry": { "type": "Point", "coordinates": [ -64.1760477, -31.3372141 ] } },
{ "type": "Feature", "properties": { "Name": "712.36", "P.K.": null, "Al.Dist. Izq.": null, "Al.Dist. Der.": null, "Ruta": 9 }, "geometry": { "type": "Point", "coordinates": [ -64.1763, -31.3367 ] } },
{ "type": "Feature", "properties": { "Name": "712.36", "P.K.": null, "Al.Dist. Izq.": null, "Al.Dist. Der.": null, "Ruta": 9 }, "geometry": { "type": "Point", "coordinates": [ -64.1759883, -31.3367834 ] } },
{ "type": "Feature", "properties": { "Name": "712.37", "P.K.": null, "Al.Dist. Izq.": null, "Al.Dist. Der.": null, "Ruta": 9 }, "geometry": { "type": "Point", "coordinates": [ -64.1760172, -31.3366643 ] } },
{ "type": "Feature", "properties": { "Name": "712.38", "P.K.": null, "Al.Dist. Izq.": null, "Al.Dist. Der.": null, "Ruta": 9 }, "geometry": { "type": "Point", "coordinates": [ -64.1762609, -31.3364157 ] } },
{ "type": "Feature", "properties": { "Name": "712.4", "P.K.": null, "Al.Dist. Izq.": null, "Al.Dist. Der.": null, "Ruta": 9 }, "geometry": { "type": "Point", "coordinates": [ -64.1762425, -31.3361912 ] } },
{ "type": "Feature", "properties": { "Name": "712.41", "P.K.": null, "Al.Dist. Izq.": null, "Al.Dist. Der.": null, "Ruta": 9 }, "geometry": { "type": "Point", "coordinates": [ -64.1759, -31.3363 ] } },
{ "type": "Feature", "properties": { "Name": "712.44", "P.K.": null, "Al.Dist. Izq.": null, "Al.Dist. Der.": null, "Ruta": 9 }, "geometry": { "type": "Point", "coordinates": [ -64.1754834, -31.3362201 ] } },
{ "type": "Feature", "properties": { "Name": "712.45", "P.K.": null, "Al.Dist. Izq.": null, "Al.Dist. Der.": null, "Ruta": 9 }, "geometry": { "type": "Point", "coordinates": [ -64.1756148, -31.3361371 ] } },
{ "type": "Feature", "properties": { "Name": "712.47", "P.K.": null, "Al.Dist. Izq.": null, "Al.Dist. Der.": null, "Ruta": 9 }, "geometry": { "type": "Point", "coordinates": [ -64.1756662, -31.3359793 ] } },
{ "type": "Feature", "properties": { "Name": "712.49", "P.K.": null, "Al.Dist. Izq.": null, "Al.Dist. Der.": null, "Ruta": 9 }, "geometry": { "type": "Point", "coordinates": [ -64.1749426, -31.3357198 ] } },
{ "type": "Feature", "properties": { "Name": "712.5", "P.K.": null, "Al.Dist. Izq.": null, "Al.Dist. Der.": null, "Ruta": 9 }, "geometry": { "type": "Point", "coordinates": [ -64.1749302, -31.3356388 ] } },
{ "type": "Feature", "properties": { "Name": "712.57", "P.K.": null, "Al.Dist. Izq.": null, "Al.Dist. Der.": null, "Ruta": 9 }, "geometry": { "type": "Point", "coordinates": [ -64.1756665, -31.3349501 ] } },
{ "type": "Feature", "properties": { "Name": "712.57", "P.K.": null, "Al.Dist. Izq.": null, "Al.Dist. Der.": null, "Ruta": 9 }, "geometry": { "type": "Point", "coordinates": [ -64.1758294, -31.3349452 ] } },
{ "type": "Feature", "properties": { "Name": "712.58", "P.K.": null, "Al.Dist. Izq.": null, "Al.Dist. Der.": null, "Ruta": 9 }, "geometry": { "type": "Point", "coordinates": [ -64.1756762, -31.334859 ] } },
{ "type": "Feature", "properties": { "Name": "712.58", "P.K.": null, "Al.Dist. Izq.": null, "Al.Dist. Der.": null, "Ruta": 9 }, "geometry": { "type": "Point", "coordinates": [ -64.1756762, -31.334859 ] } },
{ "type": "Feature", "properties": { "Name": "712.74", "P.K.": null, "Al.Dist. Izq.": null, "Al.Dist. Der.": null, "Ruta": 9 }, "geometry": { "type": "Point", "coordinates": [ -64.1758505, -31.333369 ] } },
{ "type": "Feature", "properties": { "Name": "712.96", "P.K.": null, "Al.Dist. Izq.": null, "Al.Dist. Der.": null, "Ruta": 9 }, "geometry": { "type": "Point", "coordinates": [ -64.1757087, -31.3313994 ] } },
{ "type": "Feature", "properties": { "Name": "713", "P.K.": "PK713", "Al.Dist. Izq.": null, "Al.Dist. Der.": null, "Ruta": 9 }, "geometry": { "type": "Point", "coordinates": [ -64.1757334, -31.3310991 ] } },
{ "type": "Feature", "properties": { "Name": "713.06", "P.K.": null, "Al.Dist. Izq.": null, "Al.Dist. Der.": null, "Ruta": 9 }, "geometry": { "type": "Point", "coordinates": [ -64.1759, -31.3306 ] } },
{ "type": "Feature", "properties": { "Name": "713.23", "P.K.": null, "Al.Dist. Izq.": null, "Al.Dist. Der.": null, "Ruta": 9 }, "geometry": { "type": "Point", "coordinates": [ -64.175679, -31.3290326 ] } },
{ "type": "Feature", "properties": { "Name": "713.28", "P.K.": null, "Al.Dist. Izq.": null, "Al.Dist. Der.": null, "Ruta": 9 }, "geometry": { "type": "Point", "coordinates": [ -64.1757054, -31.3285778 ] } },
{ "type": "Feature", "properties": { "Name": "713.29", "P.K.": null, "Al.Dist. Izq.": null, "Al.Dist. Der.": null, "Ruta": 9 }, "geometry": { "type": "Point", "coordinates": [ -64.1759, -31.3285 ] } },
{ "type": "Feature", "properties": { "Name": "713.31", "P.K.": null, "Al.Dist. Izq.": null, "Al.Dist. Der.": null, "Ruta": 9 }, "geometry": { "type": "Point", "coordinates": [ -64.1757017, -31.3282493 ] } },
{ "type": "Feature", "properties": { "Name": "713.34", "P.K.": null, "Al.Dist. Izq.": null, "Al.Dist. Der.": null, "Ruta": 9 }, "geometry": { "type": "Point", "coordinates": [ -64.1756358, -31.327952 ] } },
{ "type": "Feature", "properties": { "Name": "713.38", "P.K.": null, "Al.Dist. Izq.": null, "Al.Dist. Der.": null, "Ruta": 9 }, "geometry": { "type": "Point", "coordinates": [ -64.1756879, -31.3276742 ] } },
{ "type": "Feature", "properties": { "Name": "713.4", "P.K.": null, "Al.Dist. Izq.": null, "Al.Dist. Der.": null, "Ruta": 9 }, "geometry": { "type": "Point", "coordinates": [ -64.1757278, -31.3274113 ] } },
{ "type": "Feature", "properties": { "Name": "713.43", "P.K.": null, "Al.Dist. Izq.": null, "Al.Dist. Der.": null, "Ruta": 9 }, "geometry": { "type": "Point", "coordinates": [ -64.1757292, -31.327226 ] } },
{ "type": "Feature", "properties": { "Name": "713.45", "P.K.": null, "Al.Dist. Izq.": null, "Al.Dist. Der.": null, "Ruta": 9 }, "geometry": { "type": "Point", "coordinates": [ -64.1757127, -31.3270461 ] } },
{ "type": "Feature", "properties": { "Name": "713.5", "P.K.": null, "Al.Dist. Izq.": null, "Al.Dist. Der.": null, "Ruta": 9 }, "geometry": { "type": "Point", "coordinates": [ -64.1757, -31.3264 ] } },
{ "type": "Feature", "properties": { "Name": "713.51", "P.K.": null, "Al.Dist. Izq.": null, "Al.Dist. Der.": null, "Ruta": 9 }, "geometry": { "type": "Point", "coordinates": [ -64.175736, -31.3263441 ] } },
{ "type": "Feature", "properties": { "Name": "713.61", "P.K.": null, "Al.Dist. Izq.": null, "Al.Dist. Der.": null, "Ruta": 9 }, "geometry": { "type": "Point", "coordinates": [ -64.1757302, -31.3254328 ] } },
{ "type": "Feature", "properties": { "Name": "713.62", "P.K.": null, "Al.Dist. Izq.": null, "Al.Dist. Der.": null, "Ruta": 9 }, "geometry": { "type": "Point", "coordinates": [ -64.1757389, -31.3254042 ] } },
{ "type": "Feature", "properties": { "Name": "713.64", "P.K.": null, "Al.Dist. Izq.": null, "Al.Dist. Der.": null, "Ruta": 9 }, "geometry": { "type": "Point", "coordinates": [ -64.1757084, -31.3251693 ] } },
{ "type": "Feature", "properties": { "Name": "713.67", "P.K.": null, "Al.Dist. Izq.": null, "Al.Dist. Der.": null, "Ruta": 9 }, "geometry": { "type": "Point", "coordinates": [ -64.1757522, -31.3249177 ] } },
{ "type": "Feature", "properties": { "Name": "713.67", "P.K.": null, "Al.Dist. Izq.": null, "Al.Dist. Der.": null, "Ruta": 9 }, "geometry": { "type": "Point", "coordinates": [ -64.1757521, -31.3249178 ] } },
{ "type": "Feature", "properties": { "Name": "713.7", "P.K.": null, "Al.Dist. Izq.": null, "Al.Dist. Der.": null, "Ruta": 9 }, "geometry": { "type": "Point", "coordinates": [ -64.1757288, -31.3246306 ] } },
{ "type": "Feature", "properties": { "Name": "713.74", "P.K.": null, "Al.Dist. Izq.": null, "Al.Dist. Der.": null, "Ruta": 9 }, "geometry": { "type": "Point", "coordinates": [ -64.1757271, -31.3243339 ] } },
{ "type": "Feature", "properties": { "Name": "713.78", "P.K.": null, "Al.Dist. Izq.": null, "Al.Dist. Der.": null, "Ruta": 9 }, "geometry": { "type": "Point", "coordinates": [ -64.1757218, -31.3239679 ] } },
{ "type": "Feature", "properties": { "Name": "713.79", "P.K.": null, "Al.Dist. Izq.": null, "Al.Dist. Der.": null, "Ruta": 9 }, "geometry": { "type": "Point", "coordinates": [ -64.1759645, -31.3238628 ] } },
{ "type": "Feature", "properties": { "Name": "713.8", "P.K.": null, "Al.Dist. Izq.": null, "Al.Dist. Der.": null, "Ruta": 9 }, "geometry": { "type": "Point", "coordinates": [ -64.1757453, -31.3237405 ] } },
{ "type": "Feature", "properties": { "Name": "713.86", "P.K.": null, "Al.Dist. Izq.": null, "Al.Dist. Der.": null, "Ruta": 9 }, "geometry": { "type": "Point", "coordinates": [ -64.1758, -31.3232 ] } },
{ "type": "Feature", "properties": { "Name": "713.87", "P.K.": null, "Al.Dist. Izq.": null, "Al.Dist. Der.": null, "Ruta": 9 }, "geometry": { "type": "Point", "coordinates": [ -64.1757181, -31.3231699 ] } },
{ "type": "Feature", "properties": { "Name": "713.95", "P.K.": null, "Al.Dist. Izq.": null, "Al.Dist. Der.": null, "Ruta": 9 }, "geometry": { "type": "Point", "coordinates": [ -64.1757275, -31.3224473 ] } },
{ "type": "Feature", "properties": { "Name": "713.98", "P.K.": null, "Al.Dist. Izq.": null, "Al.Dist. Der.": null, "Ruta": 9 }, "geometry": { "type": "Point", "coordinates": [ -64.1758341, -31.3221695 ] } },
{ "type": "Feature", "properties": { "Name": "714", "P.K.": "PK714", "Al.Dist. Izq.": null, "Al.Dist. Der.": null, "Ruta": 9 }, "geometry": { "type": "Point", "coordinates": [ -64.1759069, -31.3219745 ] } },
{ "type": "Feature", "properties": { "Name": "714.05", "P.K.": null, "Al.Dist. Izq.": null, "Al.Dist. Der.": null, "Ruta": 9 }, "geometry": { "type": "Point", "coordinates": [ -64.1757339, -31.3215087 ] } },
{ "type": "Feature", "properties": { "Name": "714.1", "P.K.": null, "Al.Dist. Izq.": null, "Al.Dist. Der.": null, "Ruta": 9 }, "geometry": { "type": "Point", "coordinates": [ -64.1757396, -31.3211871 ] } },
{ "type": "Feature", "properties": { "Name": "714.13", "P.K.": null, "Al.Dist. Izq.": null, "Al.Dist. Der.": null, "Ruta": 9 }, "geometry": { "type": "Point", "coordinates": [ -64.1757556, -31.3208554 ] } },
{ "type": "Feature", "properties": { "Name": "714.24", "P.K.": null, "Al.Dist. Izq.": null, "Al.Dist. Der.": null, "Ruta": 9 }, "geometry": { "type": "Point", "coordinates": [ -64.1758, -31.3199 ] } },
{ "type": "Feature", "properties": { "Name": "714.25", "P.K.": null, "Al.Dist. Izq.": null, "Al.Dist. Der.": null, "Ruta": 9 }, "geometry": { "type": "Point", "coordinates": [ -64.1757456, -31.31993 ] } },
{ "type": "Feature", "properties": { "Name": "714.27", "P.K.": null, "Al.Dist. Izq.": null, "Al.Dist. Der.": null, "Ruta": 9 }, "geometry": { "type": "Point", "coordinates": [ -64.175756, -31.3196955 ] } },
{ "type": "Feature", "properties": { "Name": "714.32", "P.K.": null, "Al.Dist. Izq.": null, "Al.Dist. Der.": null, "Ruta": 9 }, "geometry": { "type": "Point", "coordinates": [ -64.1757543, -31.3193598 ] } },
{ "type": "Feature", "properties": { "Name": "714.35", "P.K.": null, "Al.Dist. Izq.": null, "Al.Dist. Der.": null, "Ruta": 9 }, "geometry": { "type": "Point", "coordinates": [ -64.1757711, -31.3190905 ] } },
{ "type": "Feature", "properties": { "Name": "714.38", "P.K.": null, "Al.Dist. Izq.": null, "Al.Dist. Der.": null, "Ruta": 9 }, "geometry": { "type": "Point", "coordinates": [ -64.1757727, -31.318776 ] } },
{ "type": "Feature", "properties": { "Name": "714.42", "P.K.": null, "Al.Dist. Izq.": null, "Al.Dist. Der.": null, "Ruta": 9 }, "geometry": { "type": "Point", "coordinates": [ -64.1757654, -31.3184028 ] } },
{ "type": "Feature", "properties": { "Name": "714.45", "P.K.": null, "Al.Dist. Izq.": null, "Al.Dist. Der.": null, "Ruta": 9 }, "geometry": { "type": "Point", "coordinates": [ -64.1757746, -31.3182184 ] } },
{ "type": "Feature", "properties": { "Name": "714.47", "P.K.": null, "Al.Dist. Izq.": null, "Al.Dist. Der.": null, "Ruta": 9 }, "geometry": { "type": "Point", "coordinates": [ -64.1759588, -31.3181018 ] } },
{ "type": "Feature", "properties": { "Name": "714.48", "P.K.": null, "Al.Dist. Izq.": null, "Al.Dist. Der.": null, "Ruta": 9 }, "geometry": { "type": "Point", "coordinates": [ -64.175764, -31.3179457 ] } },
{ "type": "Feature", "properties": { "Name": "714.55", "P.K.": null, "Al.Dist. Izq.": null, "Al.Dist. Der.": null, "Ruta": 9 }, "geometry": { "type": "Point", "coordinates": [ -64.1757905, -31.317374 ] } },
{ "type": "Feature", "properties": { "Name": "714.57", "P.K.": null, "Al.Dist. Izq.": null, "Al.Dist. Der.": null, "Ruta": 9 }, "geometry": { "type": "Point", "coordinates": [ -64.176, -31.3172 ] } },
{ "type": "Feature", "properties": { "Name": "714.59", "P.K.": null, "Al.Dist. Izq.": null, "Al.Dist. Der.": null, "Ruta": 9 }, "geometry": { "type": "Point", "coordinates": [ -64.1757969, -31.3170495 ] } },
{ "type": "Feature", "properties": { "Name": "714.62", "P.K.": null, "Al.Dist. Izq.": null, "Al.Dist. Der.": null, "Ruta": 9 }, "geometry": { "type": "Point", "coordinates": [ -64.175822, -31.3168631 ] } },
{ "type": "Feature", "properties": { "Name": "714.72", "P.K.": null, "Al.Dist. Izq.": null, "Al.Dist. Der.": null, "Ruta": 9 }, "geometry": { "type": "Point", "coordinates": [ -64.176, -31.316 ] } },
{ "type": "Feature", "properties": { "Name": "714.79", "P.K.": null, "Al.Dist. Izq.": null, "Al.Dist. Der.": null, "Ruta": 9 }, "geometry": { "type": "Point", "coordinates": [ -64.1758402, -31.3154077 ] } },
{ "type": "Feature", "properties": { "Name": "714.88", "P.K.": null, "Al.Dist. Izq.": null, "Al.Dist. Der.": null, "Ruta": 9 }, "geometry": { "type": "Point", "coordinates": [ -64.1758245, -31.3146284 ] } },
{ "type": "Feature", "properties": { "Name": "714.92", "P.K.": null, "Al.Dist. Izq.": null, "Al.Dist. Der.": null, "Ruta": 9 }, "geometry": { "type": "Point", "coordinates": [ -64.1758589, -31.3143255 ] } },
{ "type": "Feature", "properties": { "Name": "714.93", "P.K.": null, "Al.Dist. Izq.": null, "Al.Dist. Der.": null, "Ruta": 9 }, "geometry": { "type": "Point", "coordinates": [ -64.1758205, -31.3141714 ] } },
{ "type": "Feature", "properties": { "Name": "714.95", "P.K.": null, "Al.Dist. Izq.": null, "Al.Dist. Der.": null, "Ruta": 9 }, "geometry": { "type": "Point", "coordinates": [ -64.1758277, -31.3141095 ] } },
{ "type": "Feature", "properties": { "Name": "714.96", "P.K.": null, "Al.Dist. Izq.": null, "Al.Dist. Der.": null, "Ruta": 9 }, "geometry": { "type": "Point", "coordinates": [ -64.1755877, -31.3140548 ] } },
{ "type": "Feature", "properties": { "Name": "714.98", "P.K.": null, "Al.Dist. Izq.": null, "Al.Dist. Der.": null, "Ruta": 9 }, "geometry": { "type": "Point", "coordinates": [ -64.176, -31.3139 ] } },
{ "type": "Feature", "properties": { "Name": "715", "P.K.": "PK715", "Al.Dist. Izq.": null, "Al.Dist. Der.": null, "Ruta": 9 }, "geometry": { "type": "Point", "coordinates": [ -64.175814, -31.3136584 ] } },
{ "type": "Feature", "properties": { "Name": "715.01", "P.K.": null, "Al.Dist. Izq.": null, "Al.Dist. Der.": null, "Ruta": 9 }, "geometry": { "type": "Point", "coordinates": [ -64.175997, -31.3136034 ] } },
{ "type": "Feature", "properties": { "Name": "715.03", "P.K.": null, "Al.Dist. Izq.": null, "Al.Dist. Der.": null, "Ruta": 9 }, "geometry": { "type": "Point", "coordinates": [ -64.1758086, -31.3134232 ] } },
{ "type": "Feature", "properties": { "Name": "715.04", "P.K.": null, "Al.Dist. Izq.": null, "Al.Dist. Der.": null, "Ruta": 9 }, "geometry": { "type": "Point", "coordinates": [ -64.1758311, -31.3133055 ] } },
{ "type": "Feature", "properties": { "Name": "715.05", "P.K.": null, "Al.Dist. Izq.": null, "Al.Dist. Der.": null, "Ruta": 9 }, "geometry": { "type": "Point", "coordinates": [ -64.1759, -31.3131 ] } },
{ "type": "Feature", "properties": { "Name": "715.06", "P.K.": null, "Al.Dist. Izq.": null, "Al.Dist. Der.": null, "Ruta": 9 }, "geometry": { "type": "Point", "coordinates": [ -64.1761, -31.3131 ] } },
{ "type": "Feature", "properties": { "Name": "715.17", "P.K.": null, "Al.Dist. Izq.": null, "Al.Dist. Der.": null, "Ruta": 9 }, "geometry": { "type": "Point", "coordinates": [ -64.176275, -31.3120053 ] } },
{ "type": "Feature", "properties": { "Name": "715.18", "P.K.": null, "Al.Dist. Izq.": null, "Al.Dist. Der.": null, "Ruta": 9 }, "geometry": { "type": "Point", "coordinates": [ -64.1760852, -31.311828 ] } },
{ "type": "Feature", "properties": { "Name": "715.19", "P.K.": null, "Al.Dist. Izq.": null, "Al.Dist. Der.": null, "Ruta": 9 }, "geometry": { "type": "Point", "coordinates": [ -64.176107, -31.3117395 ] } },
{ "type": "Feature", "properties": { "Name": "715.19", "P.K.": null, "Al.Dist. Izq.": null, "Al.Dist. Der.": null, "Ruta": 9 }, "geometry": { "type": "Point", "coordinates": [ -64.1760839, -31.3117641 ] } },
{ "type": "Feature", "properties": { "Name": "715.21", "P.K.": null, "Al.Dist. Izq.": null, "Al.Dist. Der.": null, "Ruta": 9 }, "geometry": { "type": "Point", "coordinates": [ -64.1762948, -31.3115384 ] } },
{ "type": "Feature", "properties": { "Name": "715.22", "P.K.": null, "Al.Dist. Izq.": null, "Al.Dist. Der.": null, "Ruta": 9 }, "geometry": { "type": "Point", "coordinates": [ -64.1762854, -31.3114482 ] } },
{ "type": "Feature", "properties": { "Name": "715.24", "P.K.": null, "Al.Dist. Izq.": null, "Al.Dist. Der.": null, "Ruta": 9 }, "geometry": { "type": "Point", "coordinates": [ -64.1762602, -31.31124 ] } },
{ "type": "Feature", "properties": { "Name": "715.25", "P.K.": null, "Al.Dist. Izq.": null, "Al.Dist. Der.": null, "Ruta": 9 }, "geometry": { "type": "Point", "coordinates": [ -64.1762713, -31.3111661 ] } },
{ "type": "Feature", "properties": { "Name": "715.28", "P.K.": null, "Al.Dist. Izq.": null, "Al.Dist. Der.": null, "Ruta": 9 }, "geometry": { "type": "Point", "coordinates": [ -64.176096, -31.3107988 ] } },
{ "type": "Feature", "properties": { "Name": "715.33", "P.K.": null, "Al.Dist. Izq.": null, "Al.Dist. Der.": null, "Ruta": 9 }, "geometry": { "type": "Point", "coordinates": [ -64.1759206, -31.3103792 ] } },
{ "type": "Feature", "properties": { "Name": "715.35", "P.K.": null, "Al.Dist. Izq.": null, "Al.Dist. Der.": null, "Ruta": 9 }, "geometry": { "type": "Point", "coordinates": [ -64.1760695, -31.3101394 ] } },
{ "type": "Feature", "properties": { "Name": "715.42", "P.K.": null, "Al.Dist. Izq.": null, "Al.Dist. Der.": null, "Ruta": 9 }, "geometry": { "type": "Point", "coordinates": [ -64.1758, -31.3094 ] } },
{ "type": "Feature", "properties": { "Name": "715.43", "P.K.": null, "Al.Dist. Izq.": null, "Al.Dist. Der.": null, "Ruta": 9 }, "geometry": { "type": "Point", "coordinates": [ -64.1758787, -31.3092385 ] } },
{ "type": "Feature", "properties": { "Name": "715.47", "P.K.": null, "Al.Dist. Izq.": null, "Al.Dist. Der.": null, "Ruta": 9 }, "geometry": { "type": "Point", "coordinates": [ -64.1756792, -31.3089037 ] } },
{ "type": "Feature", "properties": { "Name": "715.55", "P.K.": null, "Al.Dist. Izq.": null, "Al.Dist. Der.": null, "Ruta": 9 }, "geometry": { "type": "Point", "coordinates": [ -64.1755333, -31.3081595 ] } },
{ "type": "Feature", "properties": { "Name": "715.55", "P.K.": null, "Al.Dist. Izq.": null, "Al.Dist. Der.": null, "Ruta": 9 }, "geometry": { "type": "Point", "coordinates": [ -64.1755333, -31.3081595 ] } },
{ "type": "Feature", "properties": { "Name": "715.61", "P.K.": null, "Al.Dist. Izq.": null, "Al.Dist. Der.": null, "Ruta": 9 }, "geometry": { "type": "Point", "coordinates": [ -64.1753895, -31.3075522 ] } },
{ "type": "Feature", "properties": { "Name": "715.63", "P.K.": null, "Al.Dist. Izq.": null, "Al.Dist. Der.": null, "Ruta": 9 }, "geometry": { "type": "Point", "coordinates": [ -64.1754495, -31.3072929 ] } },
{ "type": "Feature", "properties": { "Name": "715.65", "P.K.": null, "Al.Dist. Izq.": null, "Al.Dist. Der.": null, "Ruta": 9 }, "geometry": { "type": "Point", "coordinates": [ -64.1753511, -31.3070759 ] } },
{ "type": "Feature", "properties": { "Name": "715.68", "P.K.": null, "Al.Dist. Izq.": null, "Al.Dist. Der.": null, "Ruta": 9 }, "geometry": { "type": "Point", "coordinates": [ -64.1752779, -31.3067736 ] } },
{ "type": "Feature", "properties": { "Name": "715.69", "P.K.": null, "Al.Dist. Izq.": null, "Al.Dist. Der.": null, "Ruta": 9 }, "geometry": { "type": "Point", "coordinates": [ -64.1753899, -31.3066561 ] } },
{ "type": "Feature", "properties": { "Name": "715.71", "P.K.": null, "Al.Dist. Izq.": null, "Al.Dist. Der.": null, "Ruta": 9 }, "geometry": { "type": "Point", "coordinates": [ -64.1752675, -31.3064886 ] } },
{ "type": "Feature", "properties": { "Name": "715.78", "P.K.": null, "Al.Dist. Izq.": null, "Al.Dist. Der.": null, "Ruta": 9 }, "geometry": { "type": "Point", "coordinates": [ -64.1755, -31.3058 ] } },
{ "type": "Feature", "properties": { "Name": "715.78", "P.K.": null, "Al.Dist. Izq.": null, "Al.Dist. Der.": null, "Ruta": 9 }, "geometry": { "type": "Point", "coordinates": [ -64.1753, -31.3058 ] } },
{ "type": "Feature", "properties": { "Name": "715.8", "P.K.": null, "Al.Dist. Izq.": null, "Al.Dist. Der.": null, "Ruta": 9 }, "geometry": { "type": "Point", "coordinates": [ -64.1754177, -31.3056653 ] } },
{ "type": "Feature", "properties": { "Name": "715.84", "P.K.": null, "Al.Dist. Izq.": null, "Al.Dist. Der.": null, "Ruta": 9 }, "geometry": { "type": "Point", "coordinates": [ -64.1753074, -31.3051794 ] } },
{ "type": "Feature", "properties": { "Name": "715.88", "P.K.": null, "Al.Dist. Izq.": null, "Al.Dist. Der.": null, "Ruta": 9 }, "geometry": { "type": "Point", "coordinates": [ -64.1755974, -31.3047824 ] } },
{ "type": "Feature", "properties": { "Name": "715.91", "P.K.": null, "Al.Dist. Izq.": null, "Al.Dist. Der.": null, "Ruta": 9 }, "geometry": { "type": "Point", "coordinates": [ -64.1754994, -31.3044147 ] } },
{ "type": "Feature", "properties": { "Name": "715.95", "P.K.": null, "Al.Dist. Izq.": null, "Al.Dist. Der.": null, "Ruta": 9 }, "geometry": { "type": "Point", "coordinates": [ -64.1756, -31.3041 ] } },
{ "type": "Feature", "properties": { "Name": "715.97", "P.K.": null, "Al.Dist. Izq.": null, "Al.Dist. Der.": null, "Ruta": 9 }, "geometry": { "type": "Point", "coordinates": [ -64.1757077, -31.303823 ] } },
{ "type": "Feature", "properties": { "Name": "716", "P.K.": "PK716", "Al.Dist. Izq.": null, "Al.Dist. Der.": null, "Ruta": 9 }, "geometry": { "type": "Point", "coordinates": [ -64.1757, -31.3035686 ] } },
{ "type": "Feature", "properties": { "Name": "716.01", "P.K.": null, "Al.Dist. Izq.": null, "Al.Dist. Der.": null, "Ruta": 9 }, "geometry": { "type": "Point", "coordinates": [ -64.1757593, -31.3034329 ] } },
{ "type": "Feature", "properties": { "Name": "716.03", "P.K.": null, "Al.Dist. Izq.": null, "Al.Dist. Der.": null, "Ruta": 9 }, "geometry": { "type": "Point", "coordinates": [ -64.175589, -31.3032552 ] } },
{ "type": "Feature", "properties": { "Name": "716.08", "P.K.": null, "Al.Dist. Izq.": null, "Al.Dist. Der.": null, "Ruta": 9 }, "geometry": { "type": "Point", "coordinates": [ -64.1753782, -31.3027904 ] } },
{ "type": "Feature", "properties": { "Name": "716.18", "P.K.": null, "Al.Dist. Izq.": null, "Al.Dist. Der.": null, "Ruta": 9 }, "geometry": { "type": "Point", "coordinates": [ -64.1751508, -31.3019552 ] } },
{ "type": "Feature", "properties": { "Name": "716.26", "P.K.": null, "Al.Dist. Izq.": null, "Al.Dist. Der.": null, "Ruta": 9 }, "geometry": { "type": "Point", "coordinates": [ -64.1752044, -31.301227 ] } },
{ "type": "Feature", "properties": { "Name": "716.28", "P.K.": null, "Al.Dist. Izq.": null, "Al.Dist. Der.": null, "Ruta": 9 }, "geometry": { "type": "Point", "coordinates": [ -64.1749024, -31.3010863 ] } },
{ "type": "Feature", "properties": { "Name": "716.3", "P.K.": null, "Al.Dist. Izq.": null, "Al.Dist. Der.": null, "Ruta": 9 }, "geometry": { "type": "Point", "coordinates": [ -64.174973, -31.3009255 ] } },
{ "type": "Feature", "properties": { "Name": "716.37", "P.K.": null, "Al.Dist. Izq.": null, "Al.Dist. Der.": null, "Ruta": 9 }, "geometry": { "type": "Point", "coordinates": [ -64.1750174, -31.3001842 ] } },
{ "type": "Feature", "properties": { "Name": "716.44", "P.K.": null, "Al.Dist. Izq.": null, "Al.Dist. Der.": null, "Ruta": 9 }, "geometry": { "type": "Point", "coordinates": [ -64.1747324, -31.2996528 ] } },
{ "type": "Feature", "properties": { "Name": "716.52", "P.K.": null, "Al.Dist. Izq.": null, "Al.Dist. Der.": null, "Ruta": 9 }, "geometry": { "type": "Point", "coordinates": [ -64.1745798, -31.2988879 ] } },
{ "type": "Feature", "properties": { "Name": "716.61", "P.K.": null, "Al.Dist. Izq.": null, "Al.Dist. Der.": null, "Ruta": 9 }, "geometry": { "type": "Point", "coordinates": [ -64.174665, -31.2980751 ] } },
{ "type": "Feature", "properties": { "Name": "716.63", "P.K.": null, "Al.Dist. Izq.": null, "Al.Dist. Der.": null, "Ruta": 9 }, "geometry": { "type": "Point", "coordinates": [ -64.1744156, -31.2979587 ] } },
{ "type": "Feature", "properties": { "Name": "716.7", "P.K.": null, "Al.Dist. Izq.": null, "Al.Dist. Der.": null, "Ruta": 9 }, "geometry": { "type": "Point", "coordinates": [ -64.1742848, -31.2973532 ] } },
{ "type": "Feature", "properties": { "Name": "716.72", "P.K.": null, "Al.Dist. Izq.": null, "Al.Dist. Der.": null, "Ruta": 9 }, "geometry": { "type": "Point", "coordinates": [ -64.1744387, -31.2971295 ] } },
{ "type": "Feature", "properties": { "Name": "716.72", "P.K.": null, "Al.Dist. Izq.": null, "Al.Dist. Der.": null, "Ruta": 9 }, "geometry": { "type": "Point", "coordinates": [ -64.174376, -31.2971421 ] } },
{ "type": "Feature", "properties": { "Name": "716.77", "P.K.": null, "Al.Dist. Izq.": null, "Al.Dist. Der.": null, "Ruta": 9 }, "geometry": { "type": "Point", "coordinates": [ -64.1741844, -31.2966902 ] } },
{ "type": "Feature", "properties": { "Name": "716.86", "P.K.": null, "Al.Dist. Izq.": null, "Al.Dist. Der.": null, "Ruta": 9 }, "geometry": { "type": "Point", "coordinates": [ -64.1742, -31.2959 ] } },
{ "type": "Feature", "properties": { "Name": "716.86", "P.K.": null, "Al.Dist. Izq.": null, "Al.Dist. Der.": null, "Ruta": 9 }, "geometry": { "type": "Point", "coordinates": [ -64.1742, -31.2959 ] } },
{ "type": "Feature", "properties": { "Name": "716.88", "P.K.": null, "Al.Dist. Izq.": null, "Al.Dist. Der.": null, "Ruta": 9 }, "geometry": { "type": "Point", "coordinates": [ -64.1743277, -31.2957108 ] } },
{ "type": "Feature", "properties": { "Name": "716.9", "P.K.": null, "Al.Dist. Izq.": null, "Al.Dist. Der.": null, "Ruta": 9 }, "geometry": { "type": "Point", "coordinates": [ -64.1742093, -31.295538 ] } },
{ "type": "Feature", "properties": { "Name": "716.92", "P.K.": null, "Al.Dist. Izq.": null, "Al.Dist. Der.": null, "Ruta": 9 }, "geometry": { "type": "Point", "coordinates": [ -64.1741835, -31.2952802 ] } },
{ "type": "Feature", "properties": { "Name": "716.95", "P.K.": null, "Al.Dist. Izq.": null, "Al.Dist. Der.": null, "Ruta": 9 }, "geometry": { "type": "Point", "coordinates": [ -64.1741463, -31.2950289 ] } },
{ "type": "Feature", "properties": { "Name": "716.98", "P.K.": null, "Al.Dist. Izq.": null, "Al.Dist. Der.": null, "Ruta": 9 }, "geometry": { "type": "Point", "coordinates": [ -64.1738127, -31.2948576 ] } },
{ "type": "Feature", "properties": { "Name": "717", "P.K.": "PK717", "Al.Dist. Izq.": null, "Al.Dist. Der.": null, "Ruta": 9 }, "geometry": { "type": "Point", "coordinates": [ -64.1737782, -31.294649 ] } },
{ "type": "Feature", "properties": { "Name": "717.04", "P.K.": null, "Al.Dist. Izq.": null, "Al.Dist. Der.": null, "Ruta": 9 }, "geometry": { "type": "Point", "coordinates": [ -64.1737165, -31.2943158 ] } },
{ "type": "Feature", "properties": { "Name": "717.04", "P.K.": null, "Al.Dist. Izq.": null, "Al.Dist. Der.": null, "Ruta": 9 }, "geometry": { "type": "Point", "coordinates": [ -64.1738067, -31.2943161 ] } },
{ "type": "Feature", "properties": { "Name": "717.2", "P.K.": null, "Al.Dist. Izq.": null, "Al.Dist. Der.": null, "Ruta": 9 }, "geometry": { "type": "Point", "coordinates": [ -64.1736598, -31.2928501 ] } },
{ "type": "Feature", "properties": { "Name": "717.22", "P.K.": null, "Al.Dist. Izq.": null, "Al.Dist. Der.": null, "Ruta": 9 }, "geometry": { "type": "Point", "coordinates": [ -64.173625, -31.2926888 ] } },
{ "type": "Feature", "properties": { "Name": "717.23", "P.K.": null, "Al.Dist. Izq.": null, "Al.Dist. Der.": null, "Ruta": 9 }, "geometry": { "type": "Point", "coordinates": [ -64.173397, -31.2926166 ] } },
{ "type": "Feature", "properties": { "Name": "717.36", "P.K.": null, "Al.Dist. Izq.": null, "Al.Dist. Der.": null, "Ruta": 9 }, "geometry": { "type": "Point", "coordinates": [ -64.1733182, -31.2914181 ] } },
{ "type": "Feature", "properties": { "Name": "717.43", "P.K.": null, "Al.Dist. Izq.": null, "Al.Dist. Der.": null, "Ruta": 9 }, "geometry": { "type": "Point", "coordinates": [ -64.1732153, -31.2907469 ] } },
{ "type": "Feature", "properties": { "Name": "717.49", "P.K.": null, "Al.Dist. Izq.": null, "Al.Dist. Der.": null, "Ruta": 9 }, "geometry": { "type": "Point", "coordinates": [ -64.173, -31.2903 ] } },
{ "type": "Feature", "properties": { "Name": "717.52", "P.K.": null, "Al.Dist. Izq.": null, "Al.Dist. Der.": null, "Ruta": 9 }, "geometry": { "type": "Point", "coordinates": [ -64.1727657, -31.2900377 ] } },
{ "type": "Feature", "properties": { "Name": "717.52", "P.K.": null, "Al.Dist. Izq.": null, "Al.Dist. Der.": 14, "Ruta": 9 }, "geometry": { "type": "Point", "coordinates": [ -64.1727657, -31.2900377 ] } },
{ "type": "Feature", "properties": { "Name": "717.55", "P.K.": null, "Al.Dist. Izq.": null, "Al.Dist. Der.": 14, "Ruta": 9 }, "geometry": { "type": "Point", "coordinates": [ -64.1731345, -31.289685 ] } },
{ "type": "Feature", "properties": { "Name": "717.68", "P.K.": null, "Al.Dist. Izq.": null, "Al.Dist. Der.": 14, "Ruta": 9 }, "geometry": { "type": "Point", "coordinates": [ -64.172594, -31.2886098 ] } },
{ "type": "Feature", "properties": { "Name": "717.68", "P.K.": null, "Al.Dist. Izq.": null, "Al.Dist. Der.": 14, "Ruta": 9 }, "geometry": { "type": "Point", "coordinates": [ -64.1727418, -31.2885513 ] } },
{ "type": "Feature", "properties": { "Name": "717.7", "P.K.": null, "Al.Dist. Izq.": null, "Al.Dist. Der.": 14, "Ruta": 9 }, "geometry": { "type": "Point", "coordinates": [ -64.1725648, -31.2884536 ] } },
{ "type": "Feature", "properties": { "Name": "717.83", "P.K.": null, "Al.Dist. Izq.": null, "Al.Dist. Der.": 14, "Ruta": 9 }, "geometry": { "type": "Point", "coordinates": [ -64.1722336, -31.2872603 ] } },
{ "type": "Feature", "properties": { "Name": "717.88", "P.K.": null, "Al.Dist. Izq.": null, "Al.Dist. Der.": 14, "Ruta": 9 }, "geometry": { "type": "Point", "coordinates": [ -64.1723, -31.2868 ] } },
{ "type": "Feature", "properties": { "Name": "717.97", "P.K.": null, "Al.Dist. Izq.": null, "Al.Dist. Der.": 14, "Ruta": 9 }, "geometry": { "type": "Point", "coordinates": [ -64.1720989, -31.2860267 ] } },
{ "type": "Feature", "properties": { "Name": "718", "P.K.": "PK718", "Al.Dist. Izq.": null, "Al.Dist. Der.": 14, "Ruta": 9 }, "geometry": { "type": "Point", "coordinates": [ -64.1724183, -31.2857005 ] } },
{ "type": "Feature", "properties": { "Name": "718.02", "P.K.": null, "Al.Dist. Izq.": null, "Al.Dist. Der.": 14, "Ruta": 9 }, "geometry": { "type": "Point", "coordinates": [ -64.1722634, -31.2855053 ] } },
{ "type": "Feature", "properties": { "Name": "718.04", "P.K.": null, "Al.Dist. Izq.": null, "Al.Dist. Der.": 14, "Ruta": 9 }, "geometry": { "type": "Point", "coordinates": [ -64.1720047, -31.2854233 ] } },
{ "type": "Feature", "properties": { "Name": "718.18", "P.K.": null, "Al.Dist. Izq.": null, "Al.Dist. Der.": 14, "Ruta": 9 }, "geometry": { "type": "Point", "coordinates": [ -64.1719788, -31.2840355 ] } },
{ "type": "Feature", "properties": { "Name": "718.27", "P.K.": null, "Al.Dist. Izq.": null, "Al.Dist. Der.": 14, "Ruta": 9 }, "geometry": { "type": "Point", "coordinates": [ -64.1716351, -31.2832429 ] } },
{ "type": "Feature", "properties": { "Name": "718.28", "P.K.": null, "Al.Dist. Izq.": null, "Al.Dist. Der.": 14, "Ruta": 9 }, "geometry": { "type": "Point", "coordinates": [ -64.1719, -31.2831 ] } },
{ "type": "Feature", "properties": { "Name": "718.29", "P.K.": null, "Al.Dist. Izq.": null, "Al.Dist. Der.": 14, "Ruta": 9 }, "geometry": { "type": "Point", "coordinates": [ -64.1717196, -31.2830733 ] } },
{ "type": "Feature", "properties": { "Name": "718.34", "P.K.": null, "Al.Dist. Izq.": null, "Al.Dist. Der.": 14, "Ruta": 9 }, "geometry": { "type": "Point", "coordinates": [ -64.171443, -31.2826744 ] } },
{ "type": "Feature", "properties": { "Name": "718.35", "P.K.": null, "Al.Dist. Izq.": null, "Al.Dist. Der.": 14, "Ruta": 9 }, "geometry": { "type": "Point", "coordinates": [ -64.1714155, -31.2825177 ] } },
{ "type": "Feature", "properties": { "Name": "718.35", "P.K.": null, "Al.Dist. Izq.": null, "Al.Dist. Der.": 14, "Ruta": 9 }, "geometry": { "type": "Point", "coordinates": [ -64.171617, -31.2825736 ] } },
{ "type": "Feature", "properties": { "Name": "718.47", "P.K.": null, "Al.Dist. Izq.": null, "Al.Dist. Der.": 14, "Ruta": 9 }, "geometry": { "type": "Point", "coordinates": [ -64.1712618, -31.2814715 ] } },
{ "type": "Feature", "properties": { "Name": "718.51", "P.K.": null, "Al.Dist. Izq.": null, "Al.Dist. Der.": 14, "Ruta": 9 }, "geometry": { "type": "Point", "coordinates": [ -64.1713002, -31.280975 ] } },
{ "type": "Feature", "properties": { "Name": "718.54", "P.K.": null, "Al.Dist. Izq.": null, "Al.Dist. Der.": 14, "Ruta": 9 }, "geometry": { "type": "Point", "coordinates": [ -64.1710658, -31.2807592 ] } },
{ "type": "Feature", "properties": { "Name": "718.55", "P.K.": null, "Al.Dist. Izq.": null, "Al.Dist. Der.": 14, "Ruta": 9 }, "geometry": { "type": "Point", "coordinates": [ -64.1724, -31.2805 ] } },
{ "type": "Feature", "properties": { "Name": "718.62", "P.K.": null, "Al.Dist. Izq.": null, "Al.Dist. Der.": 14, "Ruta": 9 }, "geometry": { "type": "Point", "coordinates": [ -64.1709, -31.2801 ] } },
{ "type": "Feature", "properties": { "Name": "718.64", "P.K.": null, "Al.Dist. Izq.": null, "Al.Dist. Der.": 14, "Ruta": 9 }, "geometry": { "type": "Point", "coordinates": [ -64.1698725, -31.2800566 ] } },
{ "type": "Feature", "properties": { "Name": "718.72", "P.K.": null, "Al.Dist. Izq.": null, "Al.Dist. Der.": 14, "Ruta": 9 }, "geometry": { "type": "Point", "coordinates": [ -64.1710175, -31.2791758 ] } },
{ "type": "Feature", "properties": { "Name": "718.91", "P.K.": null, "Al.Dist. Izq.": null, "Al.Dist. Der.": 14, "Ruta": 9 }, "geometry": { "type": "Point", "coordinates": [ -64.170649, -31.2773488 ] } },
{ "type": "Feature", "properties": { "Name": "718.99", "P.K.": null, "Al.Dist. Izq.": null, "Al.Dist. Der.": 14, "Ruta": 9 }, "geometry": { "type": "Point", "coordinates": [ -64.1704, -31.2767 ] } },
{ "type": "Feature", "properties": { "Name": "719", "P.K.": "PK719", "Al.Dist. Izq.": null, "Al.Dist. Der.": 14, "Ruta": 9 }, "geometry": { "type": "Point", "coordinates": [ -64.1702497, -31.2766233 ] } },
{ "type": "Feature", "properties": { "Name": "719.09", "P.K.": null, "Al.Dist. Izq.": null, "Al.Dist. Der.": 14, "Ruta": 9 }, "geometry": { "type": "Point", "coordinates": [ -64.1703101, -31.2757255 ] } },
{ "type": "Feature", "properties": { "Name": "719.09", "P.K.": null, "Al.Dist. Izq.": null, "Al.Dist. Der.": 14, "Ruta": 9 }, "geometry": { "type": "Point", "coordinates": [ -64.1701347, -31.2757811 ] } },
{ "type": "Feature", "properties": { "Name": "719.16", "P.K.": null, "Al.Dist. Izq.": null, "Al.Dist. Der.": 14, "Ruta": 9 }, "geometry": { "type": "Point", "coordinates": [ -64.1702216, -31.2751383 ] } },
{ "type": "Feature", "properties": { "Name": "719.17", "P.K.": null, "Al.Dist. Izq.": null, "Al.Dist. Der.": 14, "Ruta": 9 }, "geometry": { "type": "Point", "coordinates": [ -64.17, -31.2751 ] } },
{ "type": "Feature", "properties": { "Name": "719.18", "P.K.": null, "Al.Dist. Izq.": null, "Al.Dist. Der.": 14, "Ruta": 9 }, "geometry": { "type": "Point", "coordinates": [ -64.1697555, -31.2750656 ] } },
{ "type": "Feature", "properties": { "Name": "719.18", "P.K.": null, "Al.Dist. Izq.": null, "Al.Dist. Der.": 14, "Ruta": 9 }, "geometry": { "type": "Point", "coordinates": [ -64.1702219, -31.2749776 ] } },
{ "type": "Feature", "properties": { "Name": "719.24", "P.K.": null, "Al.Dist. Izq.": null, "Al.Dist. Der.": 14, "Ruta": 9 }, "geometry": { "type": "Point", "coordinates": [ -64.1700767, -31.2744861 ] } },
{ "type": "Feature", "properties": { "Name": "719.24", "P.K.": null, "Al.Dist. Izq.": null, "Al.Dist. Der.": 14, "Ruta": 9 }, "geometry": { "type": "Point", "coordinates": [ -64.1697559, -31.274505 ] } },
{ "type": "Feature", "properties": { "Name": "719.28", "P.K.": null, "Al.Dist. Izq.": null, "Al.Dist. Der.": 14, "Ruta": 9 }, "geometry": { "type": "Point", "coordinates": [ -64.1696835, -31.274101 ] } },
{ "type": "Feature", "properties": { "Name": "719.28", "P.K.": null, "Al.Dist. Izq.": null, "Al.Dist. Der.": 14, "Ruta": 9 }, "geometry": { "type": "Point", "coordinates": [ -64.1698471, -31.2741039 ] } },
{ "type": "Feature", "properties": { "Name": "719.38", "P.K.": null, "Al.Dist. Izq.": null, "Al.Dist. Der.": 14, "Ruta": 9 }, "geometry": { "type": "Point", "coordinates": [ -64.1698367, -31.2733264 ] } },
{ "type": "Feature", "properties": { "Name": "719.41", "P.K.": null, "Al.Dist. Izq.": null, "Al.Dist. Der.": 14, "Ruta": 9 }, "geometry": { "type": "Point", "coordinates": [ -64.1695876, -31.2730416 ] } },
{ "type": "Feature", "properties": { "Name": "719.41", "P.K.": null, "Al.Dist. Izq.": null, "Al.Dist. Der.": 14, "Ruta": 9 }, "geometry": { "type": "Point", "coordinates": [ -64.1695876, -31.2730416 ] } },
{ "type": "Feature", "properties": { "Name": "719.46", "P.K.": null, "Al.Dist. Izq.": null, "Al.Dist. Der.": 14, "Ruta": 9 }, "geometry": { "type": "Point", "coordinates": [ -64.1696546, -31.2725195 ] } },
{ "type": "Feature", "properties": { "Name": "719.67", "P.K.": null, "Al.Dist. Izq.": null, "Al.Dist. Der.": 14, "Ruta": 9 }, "geometry": { "type": "Point", "coordinates": [ -64.1693294, -31.2706605 ] } },
{ "type": "Feature", "properties": { "Name": "719.74", "P.K.": null, "Al.Dist. Izq.": null, "Al.Dist. Der.": 14, "Ruta": 9 }, "geometry": { "type": "Point", "coordinates": [ -64.1691, -31.2701 ] } },
{ "type": "Feature", "properties": { "Name": "719.84", "P.K.": null, "Al.Dist. Izq.": null, "Al.Dist. Der.": 14, "Ruta": 9 }, "geometry": { "type": "Point", "coordinates": [ -64.1688295, -31.2692168 ] } },
{ "type": "Feature", "properties": { "Name": "719.91", "P.K.": null, "Al.Dist. Izq.": null, "Al.Dist. Der.": 14, "Ruta": 9 }, "geometry": { "type": "Point", "coordinates": [ -64.1689187, -31.2686135 ] } },
{ "type": "Feature", "properties": { "Name": "719.91", "P.K.": null, "Al.Dist. Izq.": null, "Al.Dist. Der.": 14, "Ruta": 9 }, "geometry": { "type": "Point", "coordinates": [ -64.1687008, -31.2686224 ] } },
{ "type": "Feature", "properties": { "Name": "720.03", "P.K.": null, "Al.Dist. Izq.": null, "Al.Dist. Der.": 14, "Ruta": 9 }, "geometry": { "type": "Point", "coordinates": [ -64.16875, -31.2674692 ] } },
{ "type": "Feature", "properties": { "Name": "720.14", "P.K.": null, "Al.Dist. Izq.": null, "Al.Dist. Der.": 14, "Ruta": 9 }, "geometry": { "type": "Point", "coordinates": [ -64.1683494, -31.2666258 ] } },
{ "type": "Feature", "properties": { "Name": "720.14", "P.K.": null, "Al.Dist. Izq.": null, "Al.Dist. Der.": 14, "Ruta": 9 }, "geometry": { "type": "Point", "coordinates": [ -64.168367, -31.2666785 ] } },
{ "type": "Feature", "properties": { "Name": "720.2", "P.K.": null, "Al.Dist. Izq.": null, "Al.Dist. Der.": 14, "Ruta": 9 }, "geometry": { "type": "Point", "coordinates": [ -64.1683953, -31.2660401 ] } },
{ "type": "Feature", "properties": { "Name": "720.38", "P.K.": null, "Al.Dist. Izq.": null, "Al.Dist. Der.": 14, "Ruta": 9 }, "geometry": { "type": "Point", "coordinates": [ -64.1679447, -31.2645152 ] } },
{ "type": "Feature", "properties": { "Name": "720.39", "P.K.": null, "Al.Dist. Izq.": null, "Al.Dist. Der.": 14, "Ruta": 9 }, "geometry": { "type": "Point", "coordinates": [ -64.1679216, -31.264416 ] } },
{ "type": "Feature", "properties": { "Name": "720.47", "P.K.": null, "Al.Dist. Izq.": null, "Al.Dist. Der.": 14, "Ruta": 9 }, "geometry": { "type": "Point", "coordinates": [ -64.1679397, -31.2636832 ] } },
{ "type": "Feature", "properties": { "Name": "720.47", "P.K.": null, "Al.Dist. Izq.": null, "Al.Dist. Der.": 14, "Ruta": 9 }, "geometry": { "type": "Point", "coordinates": [ -64.1677553, -31.2637001 ] } },
{ "type": "Feature", "properties": { "Name": "720.54", "P.K.": null, "Al.Dist. Izq.": null, "Al.Dist. Der.": 14, "Ruta": 9 }, "geometry": { "type": "Point", "coordinates": [ -64.1676503, -31.2630773 ] } },
{ "type": "Feature", "properties": { "Name": "720.58", "P.K.": null, "Al.Dist. Izq.": null, "Al.Dist. Der.": null, "Ruta": 9 }, "geometry": { "type": "Point", "coordinates": [ -64.1677751, -31.2626941 ] } },
{ "type": "Feature", "properties": { "Name": "720.62", "P.K.": null, "Al.Dist. Izq.": null, "Al.Dist. Der.": null, "Ruta": 9 }, "geometry": { "type": "Point", "coordinates": [ -64.1674438, -31.2623299 ] } },
{ "type": "Feature", "properties": { "Name": "720.65", "P.K.": null, "Al.Dist. Izq.": null, "Al.Dist. Der.": null, "Ruta": 9 }, "geometry": { "type": "Point", "coordinates": [ -64.167482, -31.2620679 ] } },
{ "type": "Feature", "properties": { "Name": "720.66", "P.K.": null, "Al.Dist. Izq.": null, "Al.Dist. Der.": null, "Ruta": 9 }, "geometry": { "type": "Point", "coordinates": [ -64.1676332, -31.2620255 ] } },
{ "type": "Feature", "properties": { "Name": "720.69", "P.K.": null, "Al.Dist. Izq.": null, "Al.Dist. Der.": null, "Ruta": 9 }, "geometry": { "type": "Point", "coordinates": [ -64.1669915, -31.2618389 ] } },
{ "type": "Feature", "properties": { "Name": "720.83", "P.K.": null, "Al.Dist. Izq.": null, "Al.Dist. Der.": null, "Ruta": 9 }, "geometry": { "type": "Point", "coordinates": [ -64.1671209, -31.2605005 ] } },
{ "type": "Feature", "properties": { "Name": "720.84", "P.K.": null, "Al.Dist. Izq.": null, "Al.Dist. Der.": null, "Ruta": 9 }, "geometry": { "type": "Point", "coordinates": [ -64.1671213, -31.2604048 ] } },
{ "type": "Feature", "properties": { "Name": "720.84", "P.K.": null, "Al.Dist. Izq.": null, "Al.Dist. Der.": null, "Ruta": 9 }, "geometry": { "type": "Point", "coordinates": [ -64.1669697, -31.2604243 ] } },
{ "type": "Feature", "properties": { "Name": "720.94", "P.K.": null, "Al.Dist. Izq.": null, "Al.Dist. Der.": null, "Ruta": 9 }, "geometry": { "type": "Point", "coordinates": [ -64.166673, -31.2596336 ] } },
{ "type": "Feature", "properties": { "Name": "720.98", "P.K.": null, "Al.Dist. Izq.": null, "Al.Dist. Der.": null, "Ruta": 9 }, "geometry": { "type": "Point", "coordinates": [ -64.1666459, -31.2593163 ] } },
{ "type": "Feature", "properties": { "Name": "721.06", "P.K.": null, "Al.Dist. Izq.": null, "Al.Dist. Der.": null, "Ruta": 9 }, "geometry": { "type": "Point", "coordinates": [ -64.1665211, -31.2586155 ] } },
{ "type": "Feature", "properties": { "Name": "721.16", "P.K.": null, "Al.Dist. Izq.": null, "Al.Dist. Der.": null, "Ruta": 9 }, "geometry": { "type": "Point", "coordinates": [ -64.1663351, -31.257675 ] } },
{ "type": "Feature", "properties": { "Name": "721.28", "P.K.": null, "Al.Dist. Izq.": null, "Al.Dist. Der.": null, "Ruta": 9 }, "geometry": { "type": "Point", "coordinates": [ -64.166283, -31.2566498 ] } },
{ "type": "Feature", "properties": { "Name": "721.3", "P.K.": null, "Al.Dist. Izq.": null, "Al.Dist. Der.": null, "Ruta": 9 }, "geometry": { "type": "Point", "coordinates": [ -64.1661148, -31.2564643 ] } },
{ "type": "Feature", "properties": { "Name": "721.3", "P.K.": null, "Al.Dist. Izq.": null, "Al.Dist. Der.": 14, "Ruta": 9 }, "geometry": { "type": "Point", "coordinates": [ -64.1661148, -31.2564643 ] } },
{ "type": "Feature", "properties": { "Name": "721.32", "P.K.": null, "Al.Dist. Izq.": null, "Al.Dist. Der.": 14, "Ruta": 9 }, "geometry": { "type": "Point", "coordinates": [ -64.1663, -31.2563 ] } },
{ "type": "Feature", "properties": { "Name": "721.34", "P.K.": null, "Al.Dist. Izq.": null, "Al.Dist. Der.": 14, "Ruta": 9 }, "geometry": { "type": "Point", "coordinates": [ -64.1662848, -31.2560598 ] } },
{ "type": "Feature", "properties": { "Name": "721.38", "P.K.": null, "Al.Dist. Izq.": null, "Al.Dist. Der.": 14, "Ruta": 9 }, "geometry": { "type": "Point", "coordinates": [ -64.1665242, -31.2556752 ] } },
{ "type": "Feature", "properties": { "Name": "721.44", "P.K.": null, "Al.Dist. Izq.": null, "Al.Dist. Der.": 14, "Ruta": 9 }, "geometry": { "type": "Point", "coordinates": [ -64.166143, -31.255158 ] } },
{ "type": "Feature", "properties": { "Name": "721.44", "P.K.": null, "Al.Dist. Izq.": null, "Al.Dist. Der.": 14, "Ruta": 9 }, "geometry": { "type": "Point", "coordinates": [ -64.166143, -31.255158 ] } },
{ "type": "Feature", "properties": { "Name": "721.49", "P.K.": null, "Al.Dist. Izq.": null, "Al.Dist. Der.": 14, "Ruta": 9 }, "geometry": { "type": "Point", "coordinates": [ -64.1660829, -31.2547876 ] } },
{ "type": "Feature", "properties": { "Name": "721.53", "P.K.": null, "Al.Dist. Izq.": null, "Al.Dist. Der.": 14, "Ruta": 9 }, "geometry": { "type": "Point", "coordinates": [ -64.1660752, -31.254394 ] } },
{ "type": "Feature", "properties": { "Name": "721.81", "P.K.": null, "Al.Dist. Izq.": null, "Al.Dist. Der.": 14, "Ruta": 9 }, "geometry": { "type": "Point", "coordinates": [ -64.1654858, -31.2520516 ] } },
{ "type": "Feature", "properties": { "Name": "721.88", "P.K.": null, "Al.Dist. Izq.": null, "Al.Dist. Der.": 14, "Ruta": 9 }, "geometry": { "type": "Point", "coordinates": [ -64.1654861, -31.2513799 ] } },
{ "type": "Feature", "properties": { "Name": "721.97", "P.K.": null, "Al.Dist. Izq.": null, "Al.Dist. Der.": 14, "Ruta": 9 }, "geometry": { "type": "Point", "coordinates": [ -64.1652498, -31.2505324 ] } },
{ "type": "Feature", "properties": { "Name": "721.98", "P.K.": null, "Al.Dist. Izq.": null, "Al.Dist. Der.": 14, "Ruta": 9 }, "geometry": { "type": "Point", "coordinates": [ -64.1653524, -31.2504753 ] } },
{ "type": "Feature", "properties": { "Name": "722", "P.K.": "PK722", "Al.Dist. Izq.": null, "Al.Dist. Der.": 14, "Ruta": 9 }, "geometry": { "type": "Point", "coordinates": [ -64.1652833, -31.250299 ] } },
{ "type": "Feature", "properties": { "Name": "722.05", "P.K.": null, "Al.Dist. Izq.": null, "Al.Dist. Der.": 14, "Ruta": 9 }, "geometry": { "type": "Point", "coordinates": [ -64.1650565, -31.2498828 ] } },
{ "type": "Feature", "properties": { "Name": "722.07", "P.K.": null, "Al.Dist. Izq.": null, "Al.Dist. Der.": 14, "Ruta": 9 }, "geometry": { "type": "Point", "coordinates": [ -64.1649856, -31.249665 ] } },
{ "type": "Feature", "properties": { "Name": "722.17", "P.K.": null, "Al.Dist. Izq.": null, "Al.Dist. Der.": 14, "Ruta": 9 }, "geometry": { "type": "Point", "coordinates": [ -64.1648213, -31.24881 ] } },
{ "type": "Feature", "properties": { "Name": "722.26", "P.K.": null, "Al.Dist. Izq.": null, "Al.Dist. Der.": 14, "Ruta": 9 }, "geometry": { "type": "Point", "coordinates": [ -64.1646188, -31.248051 ] } },
{ "type": "Feature", "properties": { "Name": "722.33", "P.K.": null, "Al.Dist. Izq.": null, "Al.Dist. Der.": 14, "Ruta": 9 }, "geometry": { "type": "Point", "coordinates": [ -64.1647063, -31.2473734 ] } },
{ "type": "Feature", "properties": { "Name": "722.34", "P.K.": null, "Al.Dist. Izq.": null, "Al.Dist. Der.": 14, "Ruta": 9 }, "geometry": { "type": "Point", "coordinates": [ -64.1648, -31.2473 ] } },
{ "type": "Feature", "properties": { "Name": "722.38", "P.K.": null, "Al.Dist. Izq.": null, "Al.Dist. Der.": 14, "Ruta": 9 }, "geometry": { "type": "Point", "coordinates": [ -64.1645018, -31.246962 ] } },
{ "type": "Feature", "properties": { "Name": "722.53", "P.K.": null, "Al.Dist. Izq.": null, "Al.Dist. Der.": 14, "Ruta": 9 }, "geometry": { "type": "Point", "coordinates": [ -64.1644022, -31.245642 ] } },
{ "type": "Feature", "properties": { "Name": "722.55", "P.K.": null, "Al.Dist. Izq.": null, "Al.Dist. Der.": 14, "Ruta": 9 }, "geometry": { "type": "Point", "coordinates": [ -64.1641978, -31.2455088 ] } },
{ "type": "Feature", "properties": { "Name": "722.58", "P.K.": null, "Al.Dist. Izq.": null, "Al.Dist. Der.": 14, "Ruta": 9 }, "geometry": { "type": "Point", "coordinates": [ -64.1642879, -31.2451914 ] } },
{ "type": "Feature", "properties": { "Name": "722.68", "P.K.": null, "Al.Dist. Izq.": null, "Al.Dist. Der.": 14, "Ruta": 9 }, "geometry": { "type": "Point", "coordinates": [ -64.164023, -31.2443106 ] } },
{ "type": "Feature", "properties": { "Name": "722.69", "P.K.": null, "Al.Dist. Izq.": null, "Al.Dist. Der.": 14, "Ruta": 9 }, "geometry": { "type": "Point", "coordinates": [ -64.1637863, -31.2442653 ] } },
{ "type": "Feature", "properties": { "Name": "722.69", "P.K.": null, "Al.Dist. Izq.": null, "Al.Dist. Der.": 14, "Ruta": 9 }, "geometry": { "type": "Point", "coordinates": [ -64.1638731, -31.2443149 ] } },
{ "type": "Feature", "properties": { "Name": "722.71", "P.K.": null, "Al.Dist. Izq.": null, "Al.Dist. Der.": 14, "Ruta": 9 }, "geometry": { "type": "Point", "coordinates": [ -64.1638413, -31.2440747 ] } },
{ "type": "Feature", "properties": { "Name": "722.71", "P.K.": null, "Al.Dist. Izq.": null, "Al.Dist. Der.": 14, "Ruta": 9 }, "geometry": { "type": "Point", "coordinates": [ -64.1638413, -31.2440747 ] } },
{ "type": "Feature", "properties": { "Name": "722.74", "P.K.": null, "Al.Dist. Izq.": null, "Al.Dist. Der.": 14, "Ruta": 9 }, "geometry": { "type": "Point", "coordinates": [ -64.1638644, -31.2438046 ] } },
{ "type": "Feature", "properties": { "Name": "722.75", "P.K.": null, "Al.Dist. Izq.": null, "Al.Dist. Der.": 14, "Ruta": 9 }, "geometry": { "type": "Point", "coordinates": [ -64.1638436, -31.243698 ] } },
{ "type": "Feature", "properties": { "Name": "722.75", "P.K.": null, "Al.Dist. Izq.": null, "Al.Dist. Der.": 14, "Ruta": 9 }, "geometry": { "type": "Point", "coordinates": [ -64.163852, -31.243737 ] } },
{ "type": "Feature", "properties": { "Name": "722.76", "P.K.": null, "Al.Dist. Izq.": null, "Al.Dist. Der.": 14, "Ruta": 9 }, "geometry": { "type": "Point", "coordinates": [ -64.1638399, -31.2436393 ] } },
{ "type": "Feature", "properties": { "Name": "722.84", "P.K.": null, "Al.Dist. Izq.": null, "Al.Dist. Der.": 14, "Ruta": 9 }, "geometry": { "type": "Point", "coordinates": [ -64.1636937, -31.2429584 ] } },
{ "type": "Feature", "properties": { "Name": "722.87", "P.K.": null, "Al.Dist. Izq.": null, "Al.Dist. Der.": 14, "Ruta": 9 }, "geometry": { "type": "Point", "coordinates": [ -64.163624, -31.242683 ] } },
{ "type": "Feature", "properties": { "Name": "722.88", "P.K.": null, "Al.Dist. Izq.": null, "Al.Dist. Der.": null, "Ruta": 9 }, "geometry": { "type": "Point", "coordinates": [ -64.1635724, -31.2425474 ] } },
{ "type": "Feature", "properties": { "Name": "722.88", "P.K.": null, "Al.Dist. Izq.": null, "Al.Dist. Der.": null, "Ruta": 9 }, "geometry": { "type": "Point", "coordinates": [ -64.1637705, -31.2425379 ] } },
{ "type": "Feature", "properties": { "Name": "722.91", "P.K.": null, "Al.Dist. Izq.": null, "Al.Dist. Der.": null, "Ruta": 9 }, "geometry": { "type": "Point", "coordinates": [ -64.1636787, -31.242265 ] } },
{ "type": "Feature", "properties": { "Name": "722.91", "P.K.": null, "Al.Dist. Izq.": null, "Al.Dist. Der.": null, "Ruta": 9 }, "geometry": { "type": "Point", "coordinates": [ -64.1635808, -31.2422796 ] } },
{ "type": "Feature", "properties": { "Name": "722.93", "P.K.": null, "Al.Dist. Izq.": null, "Al.Dist. Der.": null, "Ruta": 9 }, "geometry": { "type": "Point", "coordinates": [ -64.1635298, -31.2421693 ] } },
{ "type": "Feature", "properties": { "Name": "722.95", "P.K.": null, "Al.Dist. Izq.": null, "Al.Dist. Der.": null, "Ruta": 9 }, "geometry": { "type": "Point", "coordinates": [ -64.1633253, -31.2419924 ] } },
{ "type": "Feature", "properties": { "Name": "722.96", "P.K.": null, "Al.Dist. Izq.": null, "Al.Dist. Der.": null, "Ruta": 9 }, "geometry": { "type": "Point", "coordinates": [ -64.1632364, -31.2418958 ] } },
{ "type": "Feature", "properties": { "Name": "722.99", "P.K.": null, "Al.Dist. Izq.": null, "Al.Dist. Der.": null, "Ruta": 9 }, "geometry": { "type": "Point", "coordinates": [ -64.1631801, -31.2416143 ] } },
{ "type": "Feature", "properties": { "Name": "722.99", "P.K.": null, "Al.Dist. Izq.": null, "Al.Dist. Der.": null, "Ruta": 9 }, "geometry": { "type": "Point", "coordinates": [ -64.1631801, -31.2416143 ] } },
{ "type": "Feature", "properties": { "Name": "723", "P.K.": "PK723", "Al.Dist. Izq.": null, "Al.Dist. Der.": null, "Ruta": 9 }, "geometry": { "type": "Point", "coordinates": [ -64.1633736, -31.2413016 ] } },
{ "type": "Feature", "properties": { "Name": "723.02", "P.K.": null, "Al.Dist. Izq.": null, "Al.Dist. Der.": null, "Ruta": 9 }, "geometry": { "type": "Point", "coordinates": [ -64.1627107, -31.24161 ] } },
{ "type": "Feature", "properties": { "Name": "723.02", "P.K.": null, "Al.Dist. Izq.": null, "Al.Dist. Der.": null, "Ruta": 9 }, "geometry": { "type": "Point", "coordinates": [ -64.1627107, -31.24161 ] } },
{ "type": "Feature", "properties": { "Name": "723.04", "P.K.": null, "Al.Dist. Izq.": null, "Al.Dist. Der.": null, "Ruta": 9 }, "geometry": { "type": "Point", "coordinates": [ -64.1627248, -31.2413288 ] } },
{ "type": "Feature", "properties": { "Name": "723.12", "P.K.": null, "Al.Dist. Izq.": null, "Al.Dist. Der.": null, "Ruta": 9 }, "geometry": { "type": "Point", "coordinates": [ -64.1630323, -31.2391979 ] } },
{ "type": "Feature", "properties": { "Name": "723.12", "P.K.": null, "Al.Dist. Izq.": null, "Al.Dist. Der.": null, "Ruta": 9 }, "geometry": { "type": "Point", "coordinates": [ -64.1618752, -31.2407549 ] } },
{ "type": "Feature", "properties": { "Name": "723.14", "P.K.": null, "Al.Dist. Izq.": null, "Al.Dist. Der.": null, "Ruta": 9 }, "geometry": { "type": "Point", "coordinates": [ -64.1629813, -31.2387494 ] } },
{ "type": "Feature", "properties": { "Name": "723.14", "P.K.": null, "Al.Dist. Izq.": null, "Al.Dist. Der.": null, "Ruta": 9 }, "geometry": { "type": "Point", "coordinates": [ -64.1615956, -31.2407632 ] } },
{ "type": "Feature", "properties": { "Name": "723.15", "P.K.": null, "Al.Dist. Izq.": null, "Al.Dist. Der.": null, "Ruta": 9 }, "geometry": { "type": "Point", "coordinates": [ -64.1629097, -31.238555 ] } },
{ "type": "Feature", "properties": { "Name": "723.17", "P.K.": null, "Al.Dist. Izq.": null, "Al.Dist. Der.": null, "Ruta": 9 }, "geometry": { "type": "Point", "coordinates": [ -64.1613, -31.2405848 ] } },
{ "type": "Feature", "properties": { "Name": "723.2", "P.K.": null, "Al.Dist. Izq.": null, "Al.Dist. Der.": null, "Ruta": 9 }, "geometry": { "type": "Point", "coordinates": [ -64.1609896, -31.2404184 ] } },
{ "type": "Feature", "properties": { "Name": "723.21", "P.K.": null, "Al.Dist. Izq.": null, "Al.Dist. Der.": null, "Ruta": 9 }, "geometry": { "type": "Point", "coordinates": [ -64.1608214, -31.2403103 ] } },
{ "type": "Feature", "properties": { "Name": "723.26", "P.K.": null, "Al.Dist. Izq.": null, "Al.Dist. Der.": null, "Ruta": 9 }, "geometry": { "type": "Point", "coordinates": [ -64.1602344, -31.2400116 ] } },
{ "type": "Feature", "properties": { "Name": "723.35", "P.K.": null, "Al.Dist. Izq.": null, "Al.Dist. Der.": null, "Ruta": 9 }, "geometry": { "type": "Point", "coordinates": [ -64.1597, -31.2392 ] } },
{ "type": "Feature", "properties": { "Name": "723.36", "P.K.": null, "Al.Dist. Izq.": null, "Al.Dist. Der.": null, "Ruta": 9 }, "geometry": { "type": "Point", "coordinates": [ -64.1596778, -31.2391267 ] } },
{ "type": "Feature", "properties": { "Name": "723.45", "P.K.": null, "Al.Dist. Izq.": null, "Al.Dist. Der.": null, "Ruta": 9 }, "geometry": { "type": "Point", "coordinates": [ -64.1593724, -31.2381193 ] } },
{ "type": "Feature", "properties": { "Name": "723.47", "P.K.": null, "Al.Dist. Izq.": null, "Al.Dist. Der.": null, "Ruta": 9 }, "geometry": { "type": "Point", "coordinates": [ -64.1594009, -31.2379702 ] } },
{ "type": "Feature", "properties": { "Name": "723.48", "P.K.": null, "Al.Dist. Izq.": null, "Al.Dist. Der.": null, "Ruta": 9 }, "geometry": { "type": "Point", "coordinates": [ -64.1595772, -31.2379204 ] } },
{ "type": "Feature", "properties": { "Name": "723.57", "P.K.": null, "Al.Dist. Izq.": null, "Al.Dist. Der.": null, "Ruta": 9 }, "geometry": { "type": "Point", "coordinates": [ -64.159646, -31.2369104 ] } },
{ "type": "Feature", "properties": { "Name": "723.6", "P.K.": null, "Al.Dist. Izq.": null, "Al.Dist. Der.": null, "Ruta": 9 }, "geometry": { "type": "Point", "coordinates": [ -64.1626903, -31.237239 ] } },
{ "type": "Feature", "properties": { "Name": "723.62", "P.K.": null, "Al.Dist. Izq.": null, "Al.Dist. Der.": null, "Ruta": 9 }, "geometry": { "type": "Point", "coordinates": [ -64.1598976, -31.236369 ] } },
{ "type": "Feature", "properties": { "Name": "723.78", "P.K.": null, "Al.Dist. Izq.": null, "Al.Dist. Der.": null, "Ruta": 9 }, "geometry": { "type": "Point", "coordinates": [ -64.1622363, -31.2351754 ] } },
{ "type": "Feature", "properties": { "Name": "723.86", "P.K.": null, "Al.Dist. Izq.": null, "Al.Dist. Der.": null, "Ruta": 9 }, "geometry": { "type": "Point", "coordinates": [ -64.1606538, -31.2338984 ] } },
{ "type": "Feature", "properties": { "Name": "723.93", "P.K.": null, "Al.Dist. Izq.": null, "Al.Dist. Der.": null, "Ruta": 9 }, "geometry": { "type": "Point", "coordinates": [ -64.1609447, -31.233119 ] } },
{ "type": "Feature", "properties": { "Name": "723.96", "P.K.": null, "Al.Dist. Izq.": null, "Al.Dist. Der.": null, "Ruta": 9 }, "geometry": { "type": "Point", "coordinates": [ -64.161817, -31.2330094 ] } },
{ "type": "Feature", "properties": { "Name": "723.96", "P.K.": null, "Al.Dist. Izq.": null, "Al.Dist. Der.": null, "Ruta": 9 }, "geometry": { "type": "Point", "coordinates": [ -64.1618117, -31.2330108 ] } },
{ "type": "Feature", "properties": { "Name": "724", "P.K.": "PK724", "Al.Dist. Izq.": null, "Al.Dist. Der.": null, "Ruta": 9 }, "geometry": { "type": "Point", "coordinates": [ -64.1617538, -31.2324202 ] } },
{ "type": "Feature", "properties": { "Name": "724.03", "P.K.": null, "Al.Dist. Izq.": null, "Al.Dist. Der.": null, "Ruta": 9 }, "geometry": { "type": "Point", "coordinates": [ -64.1616511, -31.2321823 ] } },
{ "type": "Feature", "properties": { "Name": "724.06", "P.K.": null, "Al.Dist. Izq.": null, "Al.Dist. Der.": null, "Ruta": 9 }, "geometry": { "type": "Point", "coordinates": [ -64.1614732, -31.2318081 ] } },
{ "type": "Feature", "properties": { "Name": "724.11", "P.K.": null, "Al.Dist. Izq.": null, "Al.Dist. Der.": null, "Ruta": 9 }, "geometry": { "type": "Point", "coordinates": [ -64.1612016, -31.231432 ] } },
{ "type": "Feature", "properties": { "Name": "724.12", "P.K.": null, "Al.Dist. Izq.": null, "Al.Dist. Der.": null, "Ruta": 9 }, "geometry": { "type": "Point", "coordinates": [ -64.1613891, -31.2312898 ] } },
{ "type": "Feature", "properties": { "Name": "724.22", "P.K.": null, "Al.Dist. Izq.": null, "Al.Dist. Der.": null, "Ruta": 9 }, "geometry": { "type": "Point", "coordinates": [ -64.1613163, -31.2302898 ] } },
{ "type": "Feature", "properties": { "Name": "724.22", "P.K.": null, "Al.Dist. Izq.": null, "Al.Dist. Der.": null, "Ruta": 9 }, "geometry": { "type": "Point", "coordinates": [ -64.1613163, -31.2302898 ] } },
{ "type": "Feature", "properties": { "Name": "724.31", "P.K.": null, "Al.Dist. Izq.": null, "Al.Dist. Der.": null, "Ruta": 9 }, "geometry": { "type": "Point", "coordinates": [ -64.161177, -31.2295415 ] } },
{ "type": "Feature", "properties": { "Name": "724.36", "P.K.": null, "Al.Dist. Izq.": null, "Al.Dist. Der.": null, "Ruta": 9 }, "geometry": { "type": "Point", "coordinates": [ -64.1610921, -31.2290722 ] } },
{ "type": "Feature", "properties": { "Name": "724.39", "P.K.": null, "Al.Dist. Izq.": null, "Al.Dist. Der.": null, "Ruta": 9 }, "geometry": { "type": "Point", "coordinates": [ -64.1610097, -31.2287647 ] } },
{ "type": "Feature", "properties": { "Name": "724.44", "P.K.": null, "Al.Dist. Izq.": null, "Al.Dist. Der.": null, "Ruta": 9 }, "geometry": { "type": "Point", "coordinates": [ -64.1606263, -31.2283601 ] } },
{ "type": "Feature", "properties": { "Name": "724.57", "P.K.": null, "Al.Dist. Izq.": null, "Al.Dist. Der.": null, "Ruta": 9 }, "geometry": { "type": "Point", "coordinates": [ -64.1604312, -31.2271594 ] } },
{ "type": "Feature", "properties": { "Name": "724.66", "P.K.": null, "Al.Dist. Izq.": null, "Al.Dist. Der.": null, "Ruta": 9 }, "geometry": { "type": "Point", "coordinates": [ -64.1605423, -31.2263291 ] } },
{ "type": "Feature", "properties": { "Name": "724.7", "P.K.": null, "Al.Dist. Izq.": null, "Al.Dist. Der.": null, "Ruta": 9 }, "geometry": { "type": "Point", "coordinates": [ -64.1602507, -31.2259698 ] } },
{ "type": "Feature", "properties": { "Name": "724.78", "P.K.": null, "Al.Dist. Izq.": null, "Al.Dist. Der.": null, "Ruta": 9 }, "geometry": { "type": "Point", "coordinates": [ -64.1600935, -31.2252189 ] } },
{ "type": "Feature", "properties": { "Name": "725", "P.K.": "PK725", "Al.Dist. Izq.": null, "Al.Dist. Der.": null, "Ruta": 9 }, "geometry": { "type": "Point", "coordinates": [ -64.1597227, -31.2232466 ] } },
{ "type": "Feature", "properties": { "Name": "725.05", "P.K.": null, "Al.Dist. Izq.": null, "Al.Dist. Der.": null, "Ruta": 9 }, "geometry": { "type": "Point", "coordinates": [ -64.1596092, -31.2227765 ] } },
{ "type": "Feature", "properties": { "Name": "725.23", "P.K.": null, "Al.Dist. Izq.": null, "Al.Dist. Der.": null, "Ruta": 9 }, "geometry": { "type": "Point", "coordinates": [ -64.1593508, -31.2213557 ] } },
{ "type": "Feature", "properties": { "Name": "725.44", "P.K.": null, "Al.Dist. Izq.": null, "Al.Dist. Der.": null, "Ruta": 9 }, "geometry": { "type": "Point", "coordinates": [ -64.1591826, -31.2196248 ] } },
{ "type": "Feature", "properties": { "Name": "725.58", "P.K.": null, "Al.Dist. Izq.": null, "Al.Dist. Der.": null, "Ruta": 9 }, "geometry": { "type": "Point", "coordinates": [ -64.1587585, -31.2184625 ] } },
{ "type": "Feature", "properties": { "Name": "725.6", "P.K.": null, "Al.Dist. Izq.": null, "Al.Dist. Der.": null, "Ruta": 9 }, "geometry": { "type": "Point", "coordinates": [ -64.1589675, -31.2182441 ] } },
{ "type": "Feature", "properties": { "Name": "725.63", "P.K.": null, "Al.Dist. Izq.": null, "Al.Dist. Der.": null, "Ruta": 9 }, "geometry": { "type": "Point", "coordinates": [ -64.159071, -31.2180926 ] } },
{ "type": "Feature", "properties": { "Name": "725.66", "P.K.": null, "Al.Dist. Izq.": null, "Al.Dist. Der.": null, "Ruta": 9 }, "geometry": { "type": "Point", "coordinates": [ -64.1586076, -31.2178629 ] } },
{ "type": "Feature", "properties": { "Name": "725.69", "P.K.": null, "Al.Dist. Izq.": null, "Al.Dist. Der.": null, "Ruta": 9 }, "geometry": { "type": "Point", "coordinates": [ -64.1588164, -31.2175498 ] } },
{ "type": "Feature", "properties": { "Name": "725.87", "P.K.": null, "Al.Dist. Izq.": null, "Al.Dist. Der.": null, "Ruta": 9 }, "geometry": { "type": "Point", "coordinates": [ -64.1585106, -31.2161866 ] } },
{ "type": "Feature", "properties": { "Name": "725.98", "P.K.": null, "Al.Dist. Izq.": null, "Al.Dist. Der.": null, "Ruta": 9 }, "geometry": { "type": "Point", "coordinates": [ -64.1583236, -31.2152561 ] } },
{ "type": "Feature", "properties": { "Name": "726", "P.K.": "PK726", "Al.Dist. Izq.": null, "Al.Dist. Der.": null, "Ruta": 9 }, "geometry": { "type": "Point", "coordinates": [ -64.1583461, -31.215114 ] } },
{ "type": "Feature", "properties": { "Name": "726.12", "P.K.": null, "Al.Dist. Izq.": null, "Al.Dist. Der.": null, "Ruta": 9 }, "geometry": { "type": "Point", "coordinates": [ -64.1578837, -31.2140035 ] } },
{ "type": "Feature", "properties": { "Name": "726.38", "P.K.": null, "Al.Dist. Izq.": null, "Al.Dist. Der.": null, "Ruta": 9 }, "geometry": { "type": "Point", "coordinates": [ -64.1573586, -31.2115182 ] } },
{ "type": "Feature", "properties": { "Name": "726.54", "P.K.": null, "Al.Dist. Izq.": null, "Al.Dist. Der.": null, "Ruta": 9 }, "geometry": { "type": "Point", "coordinates": [ -64.157056, -31.2098697 ] } },
{ "type": "Feature", "properties": { "Name": "726.62", "P.K.": null, "Al.Dist. Izq.": null, "Al.Dist. Der.": null, "Ruta": 9 }, "geometry": { "type": "Point", "coordinates": [ -64.1568501, -31.2091279 ] } },
{ "type": "Feature", "properties": { "Name": "726.67", "P.K.": null, "Al.Dist. Izq.": null, "Al.Dist. Der.": null, "Ruta": 9 }, "geometry": { "type": "Point", "coordinates": [ -64.1567371, -31.2086516 ] } },
{ "type": "Feature", "properties": { "Name": "726.68", "P.K.": null, "Al.Dist. Izq.": null, "Al.Dist. Der.": null, "Ruta": 9 }, "geometry": { "type": "Point", "coordinates": [ -64.156967, -31.208917 ] } },
{ "type": "Feature", "properties": { "Name": "726.68", "P.K.": null, "Al.Dist. Izq.": null, "Al.Dist. Der.": null, "Ruta": 9 }, "geometry": { "type": "Point", "coordinates": [ -64.156967, -31.208917 ] } },
{ "type": "Feature", "properties": { "Name": "726.75", "P.K.": null, "Al.Dist. Izq.": null, "Al.Dist. Der.": null, "Ruta": 9 }, "geometry": { "type": "Point", "coordinates": [ -64.1568454, -31.207776 ] } },
{ "type": "Feature", "properties": { "Name": "726.76", "P.K.": null, "Al.Dist. Izq.": null, "Al.Dist. Der.": null, "Ruta": 9 }, "geometry": { "type": "Point", "coordinates": [ -64.1564455, -31.2078358 ] } },
{ "type": "Feature", "properties": { "Name": "726.81", "P.K.": null, "Al.Dist. Izq.": null, "Al.Dist. Der.": null, "Ruta": 9 }, "geometry": { "type": "Point", "coordinates": [ -64.1562583, -31.2073976 ] } },
{ "type": "Feature", "properties": { "Name": "726.83", "P.K.": null, "Al.Dist. Izq.": null, "Al.Dist. Der.": null, "Ruta": 9 }, "geometry": { "type": "Point", "coordinates": [ -64.1566804, -31.206943 ] } },
{ "type": "Feature", "properties": { "Name": "726.94", "P.K.": null, "Al.Dist. Izq.": null, "Al.Dist. Der.": null, "Ruta": 9 }, "geometry": { "type": "Point", "coordinates": [ -64.1565102, -31.2060488 ] } },
{ "type": "Feature", "properties": { "Name": "726.98", "P.K.": null, "Al.Dist. Izq.": null, "Al.Dist. Der.": null, "Ruta": 9 }, "geometry": { "type": "Point", "coordinates": [ -64.1561966, -31.205628 ] } },
{ "type": "Feature", "properties": { "Name": "727", "P.K.": "PK727", "Al.Dist. Izq.": null, "Al.Dist. Der.": null, "Ruta": 9 }, "geometry": { "type": "Point", "coordinates": [ -64.1557108, -31.2054909 ] } },
{ "type": "Feature", "properties": { "Name": "727.03", "P.K.": null, "Al.Dist. Izq.": null, "Al.Dist. Der.": null, "Ruta": 9 }, "geometry": { "type": "Point", "coordinates": [ -64.156379, -31.2051955 ] } },
{ "type": "Feature", "properties": { "Name": "727.11", "P.K.": null, "Al.Dist. Izq.": null, "Al.Dist. Der.": null, "Ruta": 9 }, "geometry": { "type": "Point", "coordinates": [ -64.1559918, -31.2044471 ] } },
{ "type": "Feature", "properties": { "Name": "727.13", "P.K.": null, "Al.Dist. Izq.": null, "Al.Dist. Der.": null, "Ruta": 9 }, "geometry": { "type": "Point", "coordinates": [ -64.1557001, -31.2044548 ] } },
{ "type": "Feature", "properties": { "Name": "727.15", "P.K.": null, "Al.Dist. Izq.": null, "Al.Dist. Der.": null, "Ruta": 9 }, "geometry": { "type": "Point", "coordinates": [ -64.1558, -31.2042 ] } },
{ "type": "Feature", "properties": { "Name": "727.24", "P.K.": null, "Al.Dist. Izq.": null, "Al.Dist. Der.": null, "Ruta": 9 }, "geometry": { "type": "Point", "coordinates": [ -64.1560012, -31.2034081 ] } },
{ "type": "Feature", "properties": { "Name": "727.25", "P.K.": null, "Al.Dist. Izq.": null, "Al.Dist. Der.": null, "Ruta": 9 }, "geometry": { "type": "Point", "coordinates": [ -64.1554624, -31.203376 ] } },
{ "type": "Feature", "properties": { "Name": "727.31", "P.K.": null, "Al.Dist. Izq.": null, "Al.Dist. Der.": null, "Ruta": 9 }, "geometry": { "type": "Point", "coordinates": [ -64.1551798, -31.2028122 ] } },
{ "type": "Feature", "properties": { "Name": "727.36", "P.K.": null, "Al.Dist. Izq.": null, "Al.Dist. Der.": null, "Ruta": 9 }, "geometry": { "type": "Point", "coordinates": [ -64.155102, -31.2023815 ] } },
{ "type": "Feature", "properties": { "Name": "727.42", "P.K.": null, "Al.Dist. Izq.": null, "Al.Dist. Der.": null, "Ruta": 9 }, "geometry": { "type": "Point", "coordinates": [ -64.1550876, -31.2019103 ] } },
{ "type": "Feature", "properties": { "Name": "727.45", "P.K.": null, "Al.Dist. Izq.": null, "Al.Dist. Der.": null, "Ruta": 9 }, "geometry": { "type": "Point", "coordinates": [ -64.1556183, -31.2016984 ] } },
{ "type": "Feature", "properties": { "Name": "727.46", "P.K.": null, "Al.Dist. Izq.": null, "Al.Dist. Der.": null, "Ruta": 9 }, "geometry": { "type": "Point", "coordinates": [ -64.1550801, -31.2015549 ] } },
{ "type": "Feature", "properties": { "Name": "727.48", "P.K.": null, "Al.Dist. Izq.": null, "Al.Dist. Der.": null, "Ruta": 9 }, "geometry": { "type": "Point", "coordinates": [ -64.155092, -31.2014021 ] } },
{ "type": "Feature", "properties": { "Name": "727.52", "P.K.": null, "Al.Dist. Izq.": null, "Al.Dist. Der.": null, "Ruta": 9 }, "geometry": { "type": "Point", "coordinates": [ -64.1555526, -31.2010365 ] } },
{ "type": "Feature", "properties": { "Name": "727.54", "P.K.": null, "Al.Dist. Izq.": null, "Al.Dist. Der.": null, "Ruta": 9 }, "geometry": { "type": "Point", "coordinates": [ -64.1551004, -31.2008913 ] } },
{ "type": "Feature", "properties": { "Name": "727.64", "P.K.": null, "Al.Dist. Izq.": null, "Al.Dist. Der.": null, "Ruta": 9 }, "geometry": { "type": "Point", "coordinates": [ -64.1550061, -31.2000801 ] } },
{ "type": "Feature", "properties": { "Name": "727.78", "P.K.": null, "Al.Dist. Izq.": null, "Al.Dist. Der.": null, "Ruta": 9 }, "geometry": { "type": "Point", "coordinates": [ -64.1550666, -31.198817 ] } },
{ "type": "Feature", "properties": { "Name": "727.8", "P.K.": null, "Al.Dist. Izq.": null, "Al.Dist. Der.": null, "Ruta": 9 }, "geometry": { "type": "Point", "coordinates": [ -64.1547643, -31.198686 ] } },
{ "type": "Feature", "properties": { "Name": "727.84", "P.K.": null, "Al.Dist. Izq.": null, "Al.Dist. Der.": null, "Ruta": 9 }, "geometry": { "type": "Point", "coordinates": [ -64.1547258, -31.1982908 ] } },
{ "type": "Feature", "properties": { "Name": "727.95", "P.K.": null, "Al.Dist. Izq.": null, "Al.Dist. Der.": null, "Ruta": 9 }, "geometry": { "type": "Point", "coordinates": [ -64.1545672, -31.1974164 ] } },
{ "type": "Feature", "properties": { "Name": "727.97", "P.K.": null, "Al.Dist. Izq.": null, "Al.Dist. Der.": null, "Ruta": 9 }, "geometry": { "type": "Point", "coordinates": [ -64.1545258, -31.1972304 ] } },
{ "type": "Feature", "properties": { "Name": "728", "P.K.": "PK728", "Al.Dist. Izq.": null, "Al.Dist. Der.": null, "Ruta": 9 }, "geometry": { "type": "Point", "coordinates": [ -64.1546784, -31.1968763 ] } },
{ "type": "Feature", "properties": { "Name": "728.01", "P.K.": null, "Al.Dist. Izq.": null, "Al.Dist. Der.": null, "Ruta": 9 }, "geometry": { "type": "Point", "coordinates": [ -64.1546519, -31.196801 ] } },
{ "type": "Feature", "properties": { "Name": "728.05", "P.K.": null, "Al.Dist. Izq.": null, "Al.Dist. Der.": null, "Ruta": 9 }, "geometry": { "type": "Point", "coordinates": [ -64.1543448, -31.1964289 ] } },
{ "type": "Feature", "properties": { "Name": "728.07", "P.K.": null, "Al.Dist. Izq.": null, "Al.Dist. Der.": null, "Ruta": 9 }, "geometry": { "type": "Point", "coordinates": [ -64.1543137, -31.1962584 ] } },
{ "type": "Feature", "properties": { "Name": "728.08", "P.K.": null, "Al.Dist. Izq.": null, "Al.Dist. Der.": null, "Ruta": 9 }, "geometry": { "type": "Point", "coordinates": [ -64.1542816, -31.1961061 ] } },
{ "type": "Feature", "properties": { "Name": "728.13", "P.K.": null, "Al.Dist. Izq.": null, "Al.Dist. Der.": null, "Ruta": 9 }, "geometry": { "type": "Point", "coordinates": [ -64.155181, -31.19997 ] } },
{ "type": "Feature", "properties": { "Name": "728.13", "P.K.": null, "Al.Dist. Izq.": null, "Al.Dist. Der.": null, "Ruta": 9 }, "geometry": { "type": "Point", "coordinates": [ -64.155181, -31.19997 ] } },
{ "type": "Feature", "properties": { "Name": "728.14", "P.K.": null, "Al.Dist. Izq.": null, "Al.Dist. Der.": null, "Ruta": 9 }, "geometry": { "type": "Point", "coordinates": [ -64.1541264, -31.1954171 ] } },
{ "type": "Feature", "properties": { "Name": "728.15", "P.K.": null, "Al.Dist. Izq.": null, "Al.Dist. Der.": null, "Ruta": 9 }, "geometry": { "type": "Point", "coordinates": [ -64.1543751, -31.1953033 ] } },
{ "type": "Feature", "properties": { "Name": "728.22", "P.K.": null, "Al.Dist. Izq.": null, "Al.Dist. Der.": null, "Ruta": 9 }, "geometry": { "type": "Point", "coordinates": [ -64.153858, -31.1946923 ] } },
{ "type": "Feature", "properties": { "Name": "728.23", "P.K.": null, "Al.Dist. Izq.": null, "Al.Dist. Der.": null, "Ruta": 9 }, "geometry": { "type": "Point", "coordinates": [ -64.1541642, -31.1943467 ] } },
{ "type": "Feature", "properties": { "Name": "728.24", "P.K.": null, "Al.Dist. Izq.": null, "Al.Dist. Der.": null, "Ruta": 9 }, "geometry": { "type": "Point", "coordinates": [ -64.1537473, -31.1944653 ] } },
{ "type": "Feature", "properties": { "Name": "728.27", "P.K.": null, "Al.Dist. Izq.": null, "Al.Dist. Der.": null, "Ruta": 9 }, "geometry": { "type": "Point", "coordinates": [ -64.1539868, -31.1940904 ] } },
{ "type": "Feature", "properties": { "Name": "728.3", "P.K.": null, "Al.Dist. Izq.": null, "Al.Dist. Der.": null, "Ruta": 9 }, "geometry": { "type": "Point", "coordinates": [ -64.1536482, -31.1937655 ] } },
{ "type": "Feature", "properties": { "Name": "728.33", "P.K.": null, "Al.Dist. Izq.": null, "Al.Dist. Der.": null, "Ruta": 9 }, "geometry": { "type": "Point", "coordinates": [ -64.1533347, -31.1935345 ] } },
{ "type": "Feature", "properties": { "Name": "728.36", "P.K.": null, "Al.Dist. Izq.": null, "Al.Dist. Der.": null, "Ruta": 9 }, "geometry": { "type": "Point", "coordinates": [ -64.1533763, -31.1932205 ] } },
{ "type": "Feature", "properties": { "Name": "728.41", "P.K.": null, "Al.Dist. Izq.": null, "Al.Dist. Der.": null, "Ruta": 9 }, "geometry": { "type": "Point", "coordinates": [ -64.1534514, -31.1926567 ] } },
{ "type": "Feature", "properties": { "Name": "728.41", "P.K.": null, "Al.Dist. Izq.": null, "Al.Dist. Der.": null, "Ruta": 9 }, "geometry": { "type": "Point", "coordinates": [ -64.1534514, -31.1926567 ] } },
{ "type": "Feature", "properties": { "Name": "728.45", "P.K.": null, "Al.Dist. Izq.": null, "Al.Dist. Der.": null, "Ruta": 9 }, "geometry": { "type": "Point", "coordinates": [ -64.1533103, -31.1922178 ] } },
{ "type": "Feature", "properties": { "Name": "728.47", "P.K.": null, "Al.Dist. Izq.": null, "Al.Dist. Der.": null, "Ruta": 9 }, "geometry": { "type": "Point", "coordinates": [ -64.1529294, -31.1921281 ] } },
{ "type": "Feature", "properties": { "Name": "728.48", "P.K.": null, "Al.Dist. Izq.": null, "Al.Dist. Der.": null, "Ruta": 9 }, "geometry": { "type": "Point", "coordinates": [ -64.1534457, -31.1918817 ] } },
{ "type": "Feature", "properties": { "Name": "728.49", "P.K.": null, "Al.Dist. Izq.": null, "Al.Dist. Der.": null, "Ruta": 9 }, "geometry": { "type": "Point", "coordinates": [ -64.1531875, -31.1917601 ] } },
{ "type": "Feature", "properties": { "Name": "728.49", "P.K.": null, "Al.Dist. Izq.": null, "Al.Dist. Der.": null, "Ruta": 9 }, "geometry": { "type": "Point", "coordinates": [ -64.1530685, -31.1917808 ] } },
{ "type": "Feature", "properties": { "Name": "728.52", "P.K.": null, "Al.Dist. Izq.": null, "Al.Dist. Der.": null, "Ruta": 9 }, "geometry": { "type": "Point", "coordinates": [ -64.1533652, -31.191465 ] } },
{ "type": "Feature", "properties": { "Name": "728.58", "P.K.": null, "Al.Dist. Izq.": null, "Al.Dist. Der.": null, "Ruta": 9 }, "geometry": { "type": "Point", "coordinates": [ -64.1530105, -31.1908905 ] } },
{ "type": "Feature", "properties": { "Name": "728.63", "P.K.": null, "Al.Dist. Izq.": null, "Al.Dist. Der.": null, "Ruta": 9 }, "geometry": { "type": "Point", "coordinates": [ -64.1525666, -31.190283 ] } },
{ "type": "Feature", "properties": { "Name": "728.7", "P.K.": null, "Al.Dist. Izq.": null, "Al.Dist. Der.": null, "Ruta": 9 }, "geometry": { "type": "Point", "coordinates": [ -64.1527004, -31.189519 ] } },
{ "type": "Feature", "properties": { "Name": "728.7", "P.K.": null, "Al.Dist. Izq.": null, "Al.Dist. Der.": null, "Ruta": 9 }, "geometry": { "type": "Point", "coordinates": [ -64.1527557, -31.1895379 ] } },
{ "type": "Feature", "properties": { "Name": "728.77", "P.K.": null, "Al.Dist. Izq.": null, "Al.Dist. Der.": null, "Ruta": 9 }, "geometry": { "type": "Point", "coordinates": [ -64.1526062, -31.1888148 ] } },
{ "type": "Feature", "properties": { "Name": "728.78", "P.K.": null, "Al.Dist. Izq.": null, "Al.Dist. Der.": null, "Ruta": 9 }, "geometry": { "type": "Point", "coordinates": [ -64.1526082, -31.1886892 ] } },
{ "type": "Feature", "properties": { "Name": "728.82", "P.K.": null, "Al.Dist. Izq.": null, "Al.Dist. Der.": null, "Ruta": 9 }, "geometry": { "type": "Point", "coordinates": [ -64.154341, -31.195679 ] } },
{ "type": "Feature", "properties": { "Name": "728.82", "P.K.": null, "Al.Dist. Izq.": null, "Al.Dist. Der.": null, "Ruta": 9 }, "geometry": { "type": "Point", "coordinates": [ -64.154341, -31.195679 ] } },
{ "type": "Feature", "properties": { "Name": "728.91", "P.K.": null, "Al.Dist. Izq.": null, "Al.Dist. Der.": null, "Ruta": 9 }, "geometry": { "type": "Point", "coordinates": [ -64.1526347, -31.1872651 ] } },
{ "type": "Feature", "properties": { "Name": "728.93", "P.K.": null, "Al.Dist. Izq.": null, "Al.Dist. Der.": null, "Ruta": 9 }, "geometry": { "type": "Point", "coordinates": [ -64.152746, -31.1870325 ] } },
{ "type": "Feature", "properties": { "Name": "728.94", "P.K.": null, "Al.Dist. Izq.": null, "Al.Dist. Der.": null, "Ruta": 9 }, "geometry": { "type": "Point", "coordinates": [ -64.1524, -31.1869 ] } },
{ "type": "Feature", "properties": { "Name": "729", "P.K.": "PK729", "Al.Dist. Izq.": null, "Al.Dist. Der.": null, "Ruta": 9 }, "geometry": { "type": "Point", "coordinates": [ -64.1526303, -31.1862888 ] } },
{ "type": "Feature", "properties": { "Name": "729", "P.K.": null, "Al.Dist. Izq.": null, "Al.Dist. Der.": null, "Ruta": 9 }, "geometry": { "type": "Point", "coordinates": [ -64.1519564, -31.1863966 ] } },
{ "type": "Feature", "properties": { "Name": "729.14", "P.K.": null, "Al.Dist. Izq.": null, "Al.Dist. Der.": null, "Ruta": 9 }, "geometry": { "type": "Point", "coordinates": [ -64.1524117, -31.1851971 ] } },
{ "type": "Feature", "properties": { "Name": "729.14", "P.K.": null, "Al.Dist. Izq.": null, "Al.Dist. Der.": null, "Ruta": 9 }, "geometry": { "type": "Point", "coordinates": [ -64.1517573, -31.1852987 ] } },
{ "type": "Feature", "properties": { "Name": "729.18", "P.K.": null, "Al.Dist. Izq.": null, "Al.Dist. Der.": null, "Ruta": 9 }, "geometry": { "type": "Point", "coordinates": [ -64.153371, -31.192503 ] } },
{ "type": "Feature", "properties": { "Name": "729.21", "P.K.": null, "Al.Dist. Izq.": null, "Al.Dist. Der.": null, "Ruta": 9 }, "geometry": { "type": "Point", "coordinates": [ -64.1516506, -31.1847385 ] } },
{ "type": "Feature", "properties": { "Name": "729.22", "P.K.": null, "Al.Dist. Izq.": null, "Al.Dist. Der.": null, "Ruta": 9 }, "geometry": { "type": "Point", "coordinates": [ -64.1522411, -31.1846175 ] } },
{ "type": "Feature", "properties": { "Name": "729.35", "P.K.": null, "Al.Dist. Izq.": null, "Al.Dist. Der.": null, "Ruta": 9 }, "geometry": { "type": "Point", "coordinates": [ -64.1514756, -31.1837481 ] } },
{ "type": "Feature", "properties": { "Name": "729.47", "P.K.": null, "Al.Dist. Izq.": null, "Al.Dist. Der.": null, "Ruta": 9 }, "geometry": { "type": "Point", "coordinates": [ -64.151315, -31.1827834 ] } },
{ "type": "Feature", "properties": { "Name": "729.48", "P.K.": null, "Al.Dist. Izq.": null, "Al.Dist. Der.": null, "Ruta": 9 }, "geometry": { "type": "Point", "coordinates": [ -64.1518669, -31.1827203 ] } },
{ "type": "Feature", "properties": { "Name": "729.58", "P.K.": null, "Al.Dist. Izq.": null, "Al.Dist. Der.": null, "Ruta": 9 }, "geometry": { "type": "Point", "coordinates": [ -64.1517241, -31.1820182 ] } },
{ "type": "Feature", "properties": { "Name": "729.69", "P.K.": null, "Al.Dist. Izq.": null, "Al.Dist. Der.": null, "Ruta": 9 }, "geometry": { "type": "Point", "coordinates": [ -64.152623, -31.188405 ] } },
{ "type": "Feature", "properties": { "Name": "729.69", "P.K.": null, "Al.Dist. Izq.": null, "Al.Dist. Der.": null, "Ruta": 9 }, "geometry": { "type": "Point", "coordinates": [ -64.152623, -31.188405 ] } },
{ "type": "Feature", "properties": { "Name": "729.92", "P.K.": null, "Al.Dist. Izq.": null, "Al.Dist. Der.": null, "Ruta": 9 }, "geometry": { "type": "Point", "coordinates": [ -64.1512, -31.1793 ] } },
{ "type": "Feature", "properties": { "Name": "729.96", "P.K.": null, "Al.Dist. Izq.": null, "Al.Dist. Der.": null, "Ruta": 9 }, "geometry": { "type": "Point", "coordinates": [ -64.1508993, -31.1790359 ] } },
{ "type": "Feature", "properties": { "Name": "729.99", "P.K.": null, "Al.Dist. Izq.": null, "Al.Dist. Der.": null, "Ruta": 9 }, "geometry": { "type": "Point", "coordinates": [ -64.1509908, -31.1788778 ] } },
{ "type": "Feature", "properties": { "Name": "730", "P.K.": "PK730", "Al.Dist. Izq.": null, "Al.Dist. Der.": null, "Ruta": 9 }, "geometry": { "type": "Point", "coordinates": [ -64.1510632, -31.1787327 ] } },
{ "type": "Feature", "properties": { "Name": "730.38", "P.K.": null, "Al.Dist. Izq.": null, "Al.Dist. Der.": null, "Ruta": 9 }, "geometry": { "type": "Point", "coordinates": [ -64.1501928, -31.1747543 ] } },
{ "type": "Feature", "properties": { "Name": "730.38", "P.K.": null, "Al.Dist. Izq.": null, "Al.Dist. Der.": null, "Ruta": 9 }, "geometry": { "type": "Point", "coordinates": [ -64.1501928, -31.1747543 ] } },
{ "type": "Feature", "properties": { "Name": "730.45", "P.K.": null, "Al.Dist. Izq.": null, "Al.Dist. Der.": null, "Ruta": 9 }, "geometry": { "type": "Point", "coordinates": [ -64.1498106, -31.1741292 ] } },
{ "type": "Feature", "properties": { "Name": "730.66", "P.K.": null, "Al.Dist. Izq.": null, "Al.Dist. Der.": null, "Ruta": 9 }, "geometry": { "type": "Point", "coordinates": [ -64.1494301, -31.1718857 ] } },
{ "type": "Feature", "properties": { "Name": "731", "P.K.": "PK731", "Al.Dist. Izq.": null, "Al.Dist. Der.": null, "Ruta": 9 }, "geometry": { "type": "Point", "coordinates": [ -64.1487412, -31.1682726 ] } },
{ "type": "Feature", "properties": { "Name": "731.18", "P.K.": null, "Al.Dist. Izq.": null, "Al.Dist. Der.": null, "Ruta": 9 }, "geometry": { "type": "Point", "coordinates": [ -64.1484048, -31.166744 ] } },
{ "type": "Feature", "properties": { "Name": "731.39", "P.K.": null, "Al.Dist. Izq.": null, "Al.Dist. Der.": null, "Ruta": 9 }, "geometry": { "type": "Point", "coordinates": [ -64.1483813, -31.164856 ] } },
{ "type": "Feature", "properties": { "Name": "731.47", "P.K.": null, "Al.Dist. Izq.": null, "Al.Dist. Der.": null, "Ruta": 9 }, "geometry": { "type": "Point", "coordinates": [ -64.1481676, -31.164184 ] } },
{ "type": "Feature", "properties": { "Name": "731.47", "P.K.": null, "Al.Dist. Izq.": null, "Al.Dist. Der.": null, "Ruta": 9 }, "geometry": { "type": "Point", "coordinates": [ -64.1479402, -31.1642289 ] } },
{ "type": "Feature", "properties": { "Name": "731.57", "P.K.": null, "Al.Dist. Izq.": null, "Al.Dist. Der.": null, "Ruta": 9 }, "geometry": { "type": "Point", "coordinates": [ -64.1480081, -31.1632596 ] } },
{ "type": "Feature", "properties": { "Name": "731.59", "P.K.": null, "Al.Dist. Izq.": null, "Al.Dist. Der.": null, "Ruta": 9 }, "geometry": { "type": "Point", "coordinates": [ -64.1476592, -31.1631544 ] } },
{ "type": "Feature", "properties": { "Name": "731.71", "P.K.": null, "Al.Dist. Izq.": null, "Al.Dist. Der.": null, "Ruta": 9 }, "geometry": { "type": "Point", "coordinates": [ -64.1477909, -31.1619931 ] } },
{ "type": "Feature", "properties": { "Name": "731.73", "P.K.": null, "Al.Dist. Izq.": null, "Al.Dist. Der.": null, "Ruta": 9 }, "geometry": { "type": "Point", "coordinates": [ -64.1474228, -31.1619367 ] } },
{ "type": "Feature", "properties": { "Name": "731.82", "P.K.": null, "Al.Dist. Izq.": null, "Al.Dist. Der.": null, "Ruta": 9 }, "geometry": { "type": "Point", "coordinates": [ -64.147183, -31.1612235 ] } },
{ "type": "Feature", "properties": { "Name": "731.83", "P.K.": null, "Al.Dist. Izq.": null, "Al.Dist. Der.": null, "Ruta": 9 }, "geometry": { "type": "Point", "coordinates": [ -64.1475636, -31.1610732 ] } },
{ "type": "Feature", "properties": { "Name": "731.83", "P.K.": null, "Al.Dist. Izq.": null, "Al.Dist. Der.": null, "Ruta": 9 }, "geometry": { "type": "Point", "coordinates": [ -64.1471512, -31.1611071 ] } },
{ "type": "Feature", "properties": { "Name": "731.85", "P.K.": null, "Al.Dist. Izq.": null, "Al.Dist. Der.": null, "Ruta": 9 }, "geometry": { "type": "Point", "coordinates": [ -64.1471087, -31.1610116 ] } },
{ "type": "Feature", "properties": { "Name": "731.93", "P.K.": null, "Al.Dist. Izq.": null, "Al.Dist. Der.": null, "Ruta": 9 }, "geometry": { "type": "Point", "coordinates": [ -64.1468174, -31.160272 ] } },
{ "type": "Feature", "properties": { "Name": "732", "P.K.": "PK732", "Al.Dist. Izq.": null, "Al.Dist. Der.": null, "Ruta": 9 }, "geometry": { "type": "Point", "coordinates": [ -64.1473044, -31.1596118 ] } },
{ "type": "Feature", "properties": { "Name": "732.07", "P.K.": null, "Al.Dist. Izq.": null, "Al.Dist. Der.": null, "Ruta": 9 }, "geometry": { "type": "Point", "coordinates": [ -64.1469889, -31.159015 ] } },
{ "type": "Feature", "properties": { "Name": "732.08", "P.K.": null, "Al.Dist. Izq.": null, "Al.Dist. Der.": null, "Ruta": 9 }, "geometry": { "type": "Point", "coordinates": [ -64.147233, -31.158836 ] } },
{ "type": "Feature", "properties": { "Name": "732.08", "P.K.": null, "Al.Dist. Izq.": null, "Al.Dist. Der.": null, "Ruta": 9 }, "geometry": { "type": "Point", "coordinates": [ -64.1463955, -31.1589533 ] } },
{ "type": "Feature", "properties": { "Name": "732.15", "P.K.": null, "Al.Dist. Izq.": null, "Al.Dist. Der.": null, "Ruta": 9 }, "geometry": { "type": "Point", "coordinates": [ -64.1463221, -31.1582619 ] } },
{ "type": "Feature", "properties": { "Name": "732.19", "P.K.": null, "Al.Dist. Izq.": null, "Al.Dist. Der.": null, "Ruta": 9 }, "geometry": { "type": "Point", "coordinates": [ -64.1466, -31.1579 ] } },
{ "type": "Feature", "properties": { "Name": "732.19", "P.K.": null, "Al.Dist. Izq.": null, "Al.Dist. Der.": null, "Ruta": 9 }, "geometry": { "type": "Point", "coordinates": [ -64.1466, -31.1579 ] } },
{ "type": "Feature", "properties": { "Name": "732.22", "P.K.": null, "Al.Dist. Izq.": null, "Al.Dist. Der.": null, "Ruta": 9 }, "geometry": { "type": "Point", "coordinates": [ -64.1469112, -31.1575575 ] } },
{ "type": "Feature", "properties": { "Name": "732.22", "P.K.": null, "Al.Dist. Izq.": null, "Al.Dist. Der.": null, "Ruta": 9 }, "geometry": { "type": "Point", "coordinates": [ -64.1464139, -31.1576315 ] } },
{ "type": "Feature", "properties": { "Name": "732.31", "P.K.": null, "Al.Dist. Izq.": null, "Al.Dist. Der.": null, "Ruta": 9 }, "geometry": { "type": "Point", "coordinates": [ -64.1459938, -31.1567825 ] } },
{ "type": "Feature", "properties": { "Name": "732.31", "P.K.": null, "Al.Dist. Izq.": null, "Al.Dist. Der.": null, "Ruta": 9 }, "geometry": { "type": "Point", "coordinates": [ -64.1467697, -31.1565883 ] } },
{ "type": "Feature", "properties": { "Name": "732.38", "P.K.": null, "Al.Dist. Izq.": null, "Al.Dist. Der.": null, "Ruta": 9 }, "geometry": { "type": "Point", "coordinates": [ -64.1463969, -31.1560225 ] } },
{ "type": "Feature", "properties": { "Name": "732.42", "P.K.": null, "Al.Dist. Izq.": null, "Al.Dist. Der.": null, "Ruta": 9 }, "geometry": { "type": "Point", "coordinates": [ -64.1457038, -31.1556644 ] } },
{ "type": "Feature", "properties": { "Name": "732.45", "P.K.": null, "Al.Dist. Izq.": null, "Al.Dist. Der.": null, "Ruta": 9 }, "geometry": { "type": "Point", "coordinates": [ -64.1456039, -31.1553968 ] } },
{ "type": "Feature", "properties": { "Name": "732.46", "P.K.": null, "Al.Dist. Izq.": null, "Al.Dist. Der.": null, "Ruta": 9 }, "geometry": { "type": "Point", "coordinates": [ -64.1459077, -31.1552932 ] } },
{ "type": "Feature", "properties": { "Name": "732.53", "P.K.": null, "Al.Dist. Izq.": null, "Al.Dist. Der.": null, "Ruta": 9 }, "geometry": { "type": "Point", "coordinates": [ -64.147606, -31.161924 ] } },
{ "type": "Feature", "properties": { "Name": "732.53", "P.K.": null, "Al.Dist. Izq.": null, "Al.Dist. Der.": null, "Ruta": 9 }, "geometry": { "type": "Point", "coordinates": [ -64.147606, -31.161924 ] } },
{ "type": "Feature", "properties": { "Name": "732.62", "P.K.": null, "Al.Dist. Izq.": null, "Al.Dist. Der.": null, "Ruta": 9 }, "geometry": { "type": "Point", "coordinates": [ -64.1461357, -31.1537183 ] } },
{ "type": "Feature", "properties": { "Name": "732.76", "P.K.": null, "Al.Dist. Izq.": null, "Al.Dist. Der.": null, "Ruta": 9 }, "geometry": { "type": "Point", "coordinates": [ -64.1458504, -31.1523826 ] } },
{ "type": "Feature", "properties": { "Name": "732.8", "P.K.": null, "Al.Dist. Izq.": null, "Al.Dist. Der.": null, "Ruta": 9 }, "geometry": { "type": "Point", "coordinates": [ -64.1455, -31.1521 ] } },
{ "type": "Feature", "properties": { "Name": "732.81", "P.K.": null, "Al.Dist. Izq.": null, "Al.Dist. Der.": null, "Ruta": 9 }, "geometry": { "type": "Point", "coordinates": [ -64.1453971, -31.1520036 ] } },
{ "type": "Feature", "properties": { "Name": "732.88", "P.K.": null, "Al.Dist. Izq.": null, "Al.Dist. Der.": null, "Ruta": 9 }, "geometry": { "type": "Point", "coordinates": [ -64.1453085, -31.1513976 ] } },
{ "type": "Feature", "properties": { "Name": "732.92", "P.K.": null, "Al.Dist. Izq.": null, "Al.Dist. Der.": null, "Ruta": 9 }, "geometry": { "type": "Point", "coordinates": [ -64.1455942, -31.1510208 ] } },
{ "type": "Feature", "properties": { "Name": "733", "P.K.": "PK733", "Al.Dist. Izq.": null, "Al.Dist. Der.": null, "Ruta": 9 }, "geometry": { "type": "Point", "coordinates": [ -64.1451612, -31.1502049 ] } },
{ "type": "Feature", "properties": { "Name": "733.1", "P.K.": null, "Al.Dist. Izq.": null, "Al.Dist. Der.": null, "Ruta": 9 }, "geometry": { "type": "Point", "coordinates": [ -64.1449126, -31.1493561 ] } },
{ "type": "Feature", "properties": { "Name": "733.28", "P.K.": null, "Al.Dist. Izq.": null, "Al.Dist. Der.": null, "Ruta": 9 }, "geometry": { "type": "Point", "coordinates": [ -64.1445941, -31.1477087 ] } },
{ "type": "Feature", "properties": { "Name": "733.31", "P.K.": null, "Al.Dist. Izq.": null, "Al.Dist. Der.": null, "Ruta": 9 }, "geometry": { "type": "Point", "coordinates": [ -64.1447, -31.1474 ] } },
{ "type": "Feature", "properties": { "Name": "733.44", "P.K.": null, "Al.Dist. Izq.": null, "Al.Dist. Der.": null, "Ruta": 9 }, "geometry": { "type": "Point", "coordinates": [ -64.1440405, -31.1462681 ] } },
{ "type": "Feature", "properties": { "Name": "733.58", "P.K.": null, "Al.Dist. Izq.": null, "Al.Dist. Der.": null, "Ruta": 9 }, "geometry": { "type": "Point", "coordinates": [ -64.145668, -31.152108 ] } },
{ "type": "Feature", "properties": { "Name": "733.58", "P.K.": null, "Al.Dist. Izq.": null, "Al.Dist. Der.": null, "Ruta": 9 }, "geometry": { "type": "Point", "coordinates": [ -64.145668, -31.152108 ] } },
{ "type": "Feature", "properties": { "Name": "733.84", "P.K.": null, "Al.Dist. Izq.": null, "Al.Dist. Der.": null, "Ruta": 9 }, "geometry": { "type": "Point", "coordinates": [ -64.1410945, -31.1436278 ] } },
{ "type": "Feature", "properties": { "Name": "733.86", "P.K.": null, "Al.Dist. Izq.": null, "Al.Dist. Der.": null, "Ruta": 9 }, "geometry": { "type": "Point", "coordinates": [ -64.1407079, -31.1438283 ] } },
{ "type": "Feature", "properties": { "Name": "733.89", "P.K.": null, "Al.Dist. Izq.": null, "Al.Dist. Der.": null, "Ruta": 9 }, "geometry": { "type": "Point", "coordinates": [ -64.1406247, -31.1433615 ] } },
{ "type": "Feature", "properties": { "Name": "733.92", "P.K.": null, "Al.Dist. Izq.": null, "Al.Dist. Der.": null, "Ruta": 9 }, "geometry": { "type": "Point", "coordinates": [ -64.1401751, -31.1435232 ] } },
{ "type": "Feature", "properties": { "Name": "734.03", "P.K.": null, "Al.Dist. Izq.": null, "Al.Dist. Der.": null, "Ruta": 9 }, "geometry": { "type": "Point", "coordinates": [ -64.144879, -31.148038 ] } },
{ "type": "Feature", "properties": { "Name": "734.03", "P.K.": null, "Al.Dist. Izq.": null, "Al.Dist. Der.": null, "Ruta": 9 }, "geometry": { "type": "Point", "coordinates": [ -64.144879, -31.148038 ] } },
{ "type": "Feature", "properties": { "Name": "734.07", "P.K.": null, "Al.Dist. Izq.": null, "Al.Dist. Der.": null, "Ruta": 9 }, "geometry": { "type": "Point", "coordinates": [ -64.1389165, -31.1426871 ] } },
{ "type": "Feature", "properties": { "Name": "734.16", "P.K.": null, "Al.Dist. Izq.": null, "Al.Dist. Der.": null, "Ruta": 9 }, "geometry": { "type": "Point", "coordinates": [ -64.1379632, -31.1422809 ] } },
{ "type": "Feature", "properties": { "Name": "734.17", "P.K.": null, "Al.Dist. Izq.": null, "Al.Dist. Der.": null, "Ruta": 9 }, "geometry": { "type": "Point", "coordinates": [ -64.1380478, -31.1420877 ] } },
{ "type": "Feature", "properties": { "Name": "734.18", "P.K.": null, "Al.Dist. Izq.": null, "Al.Dist. Der.": null, "Ruta": 9 }, "geometry": { "type": "Point", "coordinates": [ -64.1378349, -31.1420951 ] } },
{ "type": "Feature", "properties": { "Name": "734.19", "P.K.": null, "Al.Dist. Izq.": null, "Al.Dist. Der.": null, "Ruta": 9 }, "geometry": { "type": "Point", "coordinates": [ -64.1376528, -31.1421471 ] } },
{ "type": "Feature", "properties": { "Name": "734.25", "P.K.": null, "Al.Dist. Izq.": null, "Al.Dist. Der.": null, "Ruta": 9 }, "geometry": { "type": "Point", "coordinates": [ -64.1372958, -31.1417321 ] } },
{ "type": "Feature", "properties": { "Name": "734.32", "P.K.": null, "Al.Dist. Izq.": null, "Al.Dist. Der.": null, "Ruta": 9 }, "geometry": { "type": "Point", "coordinates": [ -64.1367358, -31.1412082 ] } },
{ "type": "Feature", "properties": { "Name": "734.37", "P.K.": null, "Al.Dist. Izq.": null, "Al.Dist. Der.": null, "Ruta": 9 }, "geometry": { "type": "Point", "coordinates": [ -64.1361561, -31.1412717 ] } },
{ "type": "Feature", "properties": { "Name": "734.47", "P.K.": null, "Al.Dist. Izq.": null, "Al.Dist. Der.": null, "Ruta": 9 }, "geometry": { "type": "Point", "coordinates": [ -64.1352811, -31.1406836 ] } },
{ "type": "Feature", "properties": { "Name": "734.51", "P.K.": null, "Al.Dist. Izq.": null, "Al.Dist. Der.": null, "Ruta": 9 }, "geometry": { "type": "Point", "coordinates": [ -64.1353146, -31.140056 ] } },
{ "type": "Feature", "properties": { "Name": "734.57", "P.K.": null, "Al.Dist. Izq.": null, "Al.Dist. Der.": null, "Ruta": 9 }, "geometry": { "type": "Point", "coordinates": [ -64.1344552, -31.140187 ] } },
{ "type": "Feature", "properties": { "Name": "734.61", "P.K.": null, "Al.Dist. Izq.": null, "Al.Dist. Der.": null, "Ruta": 9 }, "geometry": { "type": "Point", "coordinates": [ -64.1342981, -31.1397521 ] } },
{ "type": "Feature", "properties": { "Name": "734.61", "P.K.": null, "Al.Dist. Izq.": null, "Al.Dist. Der.": null, "Ruta": 9 }, "geometry": { "type": "Point", "coordinates": [ -64.1342981, -31.1397521 ] } },
{ "type": "Feature", "properties": { "Name": "734.63", "P.K.": null, "Al.Dist. Izq.": null, "Al.Dist. Der.": null, "Ruta": 9 }, "geometry": { "type": "Point", "coordinates": [ -64.1344263, -31.1393626 ] } },
{ "type": "Feature", "properties": { "Name": "734.64", "P.K.": null, "Al.Dist. Izq.": null, "Al.Dist. Der.": null, "Ruta": 9 }, "geometry": { "type": "Point", "coordinates": [ -64.1338937, -31.1397283 ] } },
{ "type": "Feature", "properties": { "Name": "734.72", "P.K.": null, "Al.Dist. Izq.": null, "Al.Dist. Der.": null, "Ruta": 9 }, "geometry": { "type": "Point", "coordinates": [ -64.1338988, -31.1387242 ] } },
{ "type": "Feature", "properties": { "Name": "734.77", "P.K.": null, "Al.Dist. Izq.": null, "Al.Dist. Der.": null, "Ruta": 9 }, "geometry": { "type": "Point", "coordinates": [ -64.1332886, -31.1385947 ] } },
{ "type": "Feature", "properties": { "Name": "734.84", "P.K.": null, "Al.Dist. Izq.": null, "Al.Dist. Der.": null, "Ruta": 9 }, "geometry": { "type": "Point", "coordinates": [ -64.1323273, -31.1384432 ] } },
{ "type": "Feature", "properties": { "Name": "734.85", "P.K.": null, "Al.Dist. Izq.": null, "Al.Dist. Der.": null, "Ruta": 9 }, "geometry": { "type": "Point", "coordinates": [ -64.1325, -31.1381 ] } },
{ "type": "Feature", "properties": { "Name": "734.93", "P.K.": null, "Al.Dist. Izq.": null, "Al.Dist. Der.": null, "Ruta": 9 }, "geometry": { "type": "Point", "coordinates": [ -64.1322, -31.1373 ] } },
{ "type": "Feature", "properties": { "Name": "734.96", "P.K.": null, "Al.Dist. Izq.": null, "Al.Dist. Der.": null, "Ruta": 9 }, "geometry": { "type": "Point", "coordinates": [ -64.1314, -31.1377 ] } },
{ "type": "Feature", "properties": { "Name": "734.96", "P.K.": null, "Al.Dist. Izq.": null, "Al.Dist. Der.": null, "Ruta": 9 }, "geometry": { "type": "Point", "coordinates": [ -64.1314, -31.1377 ] } },
{ "type": "Feature", "properties": { "Name": "734.97", "P.K.": null, "Al.Dist. Izq.": null, "Al.Dist. Der.": null, "Ruta": 9 }, "geometry": { "type": "Point", "coordinates": [ -64.1318656, -31.1370793 ] } },
{ "type": "Feature", "properties": { "Name": "735.13", "P.K.": null, "Al.Dist. Izq.": null, "Al.Dist. Der.": null, "Ruta": 9 }, "geometry": { "type": "Point", "coordinates": [ -64.1304377, -31.1363371 ] } },
{ "type": "Feature", "properties": { "Name": "735.17", "P.K.": null, "Al.Dist. Izq.": null, "Al.Dist. Der.": null, "Ruta": 9 }, "geometry": { "type": "Point", "coordinates": [ -64.1300183, -31.1361905 ] } },
{ "type": "Feature", "properties": { "Name": "735.25", "P.K.": null, "Al.Dist. Izq.": null, "Al.Dist. Der.": null, "Ruta": 9 }, "geometry": { "type": "Point", "coordinates": [ -64.135608, -31.140479 ] } },
{ "type": "Feature", "properties": { "Name": "735.25", "P.K.": null, "Al.Dist. Izq.": null, "Al.Dist. Der.": null, "Ruta": 9 }, "geometry": { "type": "Point", "coordinates": [ -64.135608, -31.140479 ] } },
{ "type": "Feature", "properties": { "Name": "735.29", "P.K.": null, "Al.Dist. Izq.": null, "Al.Dist. Der.": null, "Ruta": 9 }, "geometry": { "type": "Point", "coordinates": [ -64.129281, -31.1352954 ] } },
{ "type": "Feature", "properties": { "Name": "735.34", "P.K.": null, "Al.Dist. Izq.": null, "Al.Dist. Der.": null, "Ruta": 9 }, "geometry": { "type": "Point", "coordinates": [ -64.1296331, -31.1347007 ] } },
{ "type": "Feature", "properties": { "Name": "735.41", "P.K.": null, "Al.Dist. Izq.": null, "Al.Dist. Der.": null, "Ruta": 9 }, "geometry": { "type": "Point", "coordinates": [ -64.1287667, -31.1342367 ] } },
{ "type": "Feature", "properties": { "Name": "735.43", "P.K.": null, "Al.Dist. Izq.": null, "Al.Dist. Der.": null, "Ruta": 9 }, "geometry": { "type": "Point", "coordinates": [ -64.129212, -31.1339594 ] } },
{ "type": "Feature", "properties": { "Name": "735.47", "P.K.": null, "Al.Dist. Izq.": null, "Al.Dist. Der.": null, "Ruta": 9 }, "geometry": { "type": "Point", "coordinates": [ -64.128597, -31.1337044 ] } },
{ "type": "Feature", "properties": { "Name": "735.52", "P.K.": null, "Al.Dist. Izq.": null, "Al.Dist. Der.": null, "Ruta": 9 }, "geometry": { "type": "Point", "coordinates": [ -64.1288923, -31.1331451 ] } },
{ "type": "Feature", "properties": { "Name": "735.57", "P.K.": null, "Al.Dist. Izq.": null, "Al.Dist. Der.": null, "Ruta": 9 }, "geometry": { "type": "Point", "coordinates": [ -64.1283285, -31.1328076 ] } },
{ "type": "Feature", "properties": { "Name": "735.67", "P.K.": null, "Al.Dist. Izq.": null, "Al.Dist. Der.": null, "Ruta": 9 }, "geometry": { "type": "Point", "coordinates": [ -64.1281942, -31.1319199 ] } },
{ "type": "Feature", "properties": { "Name": "735.72", "P.K.": null, "Al.Dist. Izq.": null, "Al.Dist. Der.": null, "Ruta": 9 }, "geometry": { "type": "Point", "coordinates": [ -64.1285678, -31.1314012 ] } },
{ "type": "Feature", "properties": { "Name": "735.86", "P.K.": null, "Al.Dist. Izq.": null, "Al.Dist. Der.": null, "Ruta": 9 }, "geometry": { "type": "Point", "coordinates": [ -64.1286078, -31.1302149 ] } },
{ "type": "Feature", "properties": { "Name": "735.88", "P.K.": null, "Al.Dist. Izq.": null, "Al.Dist. Der.": null, "Ruta": 9 }, "geometry": { "type": "Point", "coordinates": [ -64.1284344, -31.1300232 ] } },
{ "type": "Feature", "properties": { "Name": "736.21", "P.K.": null, "Al.Dist. Izq.": null, "Al.Dist. Der.": null, "Ruta": 9 }, "geometry": { "type": "Point", "coordinates": [ -64.129275, -31.134194 ] } },
{ "type": "Feature", "properties": { "Name": "736.21", "P.K.": null, "Al.Dist. Izq.": null, "Al.Dist. Der.": null, "Ruta": 9 }, "geometry": { "type": "Point", "coordinates": [ -64.129275, -31.134194 ] } },
{ "type": "Feature", "properties": { "Name": "736.46", "P.K.": null, "Al.Dist. Izq.": null, "Al.Dist. Der.": null, "Ruta": 9 }, "geometry": { "type": "Point", "coordinates": [ -64.1309279, -31.1252687 ] } },
{ "type": "Feature", "properties": { "Name": "736.5", "P.K.": null, "Al.Dist. Izq.": null, "Al.Dist. Der.": null, "Ruta": 9 }, "geometry": { "type": "Point", "coordinates": [ -64.1307891, -31.1246769 ] } },
{ "type": "Feature", "properties": { "Name": "736.6", "P.K.": null, "Al.Dist. Izq.": null, "Al.Dist. Der.": null, "Ruta": 9 }, "geometry": { "type": "Point", "coordinates": [ -64.1320008, -31.1244146 ] } },
{ "type": "Feature", "properties": { "Name": "736.76", "P.K.": null, "Al.Dist. Izq.": null, "Al.Dist. Der.": null, "Ruta": 9 }, "geometry": { "type": "Point", "coordinates": [ -64.1333704, -31.1235701 ] } },
{ "type": "Feature", "properties": { "Name": "736.85", "P.K.": null, "Al.Dist. Izq.": null, "Al.Dist. Der.": null, "Ruta": 9 }, "geometry": { "type": "Point", "coordinates": [ -64.1337862, -31.122722 ] } },
{ "type": "Feature", "properties": { "Name": "736.94", "P.K.": null, "Al.Dist. Izq.": null, "Al.Dist. Der.": null, "Ruta": 9 }, "geometry": { "type": "Point", "coordinates": [ -64.134802, -31.1222731 ] } },
{ "type": "Feature", "properties": { "Name": "737.4", "P.K.": null, "Al.Dist. Izq.": null, "Al.Dist. Der.": null, "Ruta": 9 }, "geometry": { "type": "Point", "coordinates": [ -64.1372629, -31.118805 ] } },
{ "type": "Feature", "properties": { "Name": "737.65", "P.K.": null, "Al.Dist. Izq.": null, "Al.Dist. Der.": null, "Ruta": 9 }, "geometry": { "type": "Point", "coordinates": [ -64.1380599, -31.1165389 ] } },
{ "type": "Feature", "properties": { "Name": "737.76", "P.K.": null, "Al.Dist. Izq.": null, "Al.Dist. Der.": null, "Ruta": 9 }, "geometry": { "type": "Point", "coordinates": [ -64.1385, -31.1156 ] } },
{ "type": "Feature", "properties": { "Name": "737.81", "P.K.": null, "Al.Dist. Izq.": null, "Al.Dist. Der.": null, "Ruta": 9 }, "geometry": { "type": "Point", "coordinates": [ -64.1384954, -31.1151462 ] } },
{ "type": "Feature", "properties": { "Name": "737.97", "P.K.": null, "Al.Dist. Izq.": null, "Al.Dist. Der.": null, "Ruta": 9 }, "geometry": { "type": "Point", "coordinates": [ -64.1379447, -31.1136791 ] } },
{ "type": "Feature", "properties": { "Name": "737.98", "P.K.": null, "Al.Dist. Izq.": null, "Al.Dist. Der.": null, "Ruta": 9 }, "geometry": { "type": "Point", "coordinates": [ -64.1381226, -31.1135657 ] } },
{ "type": "Feature", "properties": { "Name": "738", "P.K.": "PK738", "Al.Dist. Izq.": null, "Al.Dist. Der.": null, "Ruta": 9 }, "geometry": { "type": "Point", "coordinates": [ -64.1380953, -31.1134071 ] } },
{ "type": "Feature", "properties": { "Name": "738.43", "P.K.": null, "Al.Dist. Izq.": null, "Al.Dist. Der.": null, "Ruta": 9 }, "geometry": { "type": "Point", "coordinates": [ -64.137396, -31.1098364 ] } },
{ "type": "Feature", "properties": { "Name": "738.58", "P.K.": null, "Al.Dist. Izq.": null, "Al.Dist. Der.": null, "Ruta": 9 }, "geometry": { "type": "Point", "coordinates": [ -64.1369706, -31.1087355 ] } },
{ "type": "Feature", "properties": { "Name": "738.66", "P.K.": null, "Al.Dist. Izq.": null, "Al.Dist. Der.": null, "Ruta": 9 }, "geometry": { "type": "Point", "coordinates": [ -64.136838, -31.1080434 ] } },
{ "type": "Feature", "properties": { "Name": "738.68", "P.K.": null, "Al.Dist. Izq.": null, "Al.Dist. Der.": null, "Ruta": 9 }, "geometry": { "type": "Point", "coordinates": [ -64.1367231, -31.1078161 ] } },
{ "type": "Feature", "properties": { "Name": "738.73", "P.K.": null, "Al.Dist. Izq.": null, "Al.Dist. Der.": null, "Ruta": 9 }, "geometry": { "type": "Point", "coordinates": [ -64.136713, -31.1074856 ] } },
{ "type": "Feature", "properties": { "Name": "738.75", "P.K.": null, "Al.Dist. Izq.": null, "Al.Dist. Der.": null, "Ruta": 9 }, "geometry": { "type": "Point", "coordinates": [ -64.138245, -31.114545 ] } },
{ "type": "Feature", "properties": { "Name": "738.75", "P.K.": null, "Al.Dist. Izq.": null, "Al.Dist. Der.": null, "Ruta": 9 }, "geometry": { "type": "Point", "coordinates": [ -64.138245, -31.114545 ] } },
{ "type": "Feature", "properties": { "Name": "738.76", "P.K.": null, "Al.Dist. Izq.": null, "Al.Dist. Der.": null, "Ruta": 9 }, "geometry": { "type": "Point", "coordinates": [ -64.1366761, -31.107244 ] } },
{ "type": "Feature", "properties": { "Name": "738.85", "P.K.": null, "Al.Dist. Izq.": null, "Al.Dist. Der.": null, "Ruta": 9 }, "geometry": { "type": "Point", "coordinates": [ -64.1365367, -31.1065008 ] } },
{ "type": "Feature", "properties": { "Name": "739", "P.K.": "PK739", "Al.Dist. Izq.": null, "Al.Dist. Der.": null, "Ruta": 9 }, "geometry": { "type": "Point", "coordinates": [ -64.1362806, -31.1052641 ] } },
{ "type": "Feature", "properties": { "Name": "739.15", "P.K.": null, "Al.Dist. Izq.": null, "Al.Dist. Der.": null, "Ruta": 9 }, "geometry": { "type": "Point", "coordinates": [ -64.1359777, -31.1037599 ] } },
{ "type": "Feature", "properties": { "Name": "739.37", "P.K.": null, "Al.Dist. Izq.": null, "Al.Dist. Der.": null, "Ruta": 9 }, "geometry": { "type": "Point", "coordinates": [ -64.135571, -31.1016262 ] } },
{ "type": "Feature", "properties": { "Name": "739.41", "P.K.": null, "Al.Dist. Izq.": null, "Al.Dist. Der.": null, "Ruta": 9 }, "geometry": { "type": "Point", "coordinates": [ -64.1354721, -31.1011602 ] } },
{ "type": "Feature", "properties": { "Name": "739.8", "P.K.": null, "Al.Dist. Izq.": null, "Al.Dist. Der.": null, "Ruta": 9 }, "geometry": { "type": "Point", "coordinates": [ -64.1347248, -31.0972947 ] } },
{ "type": "Feature", "properties": { "Name": "739.86", "P.K.": null, "Al.Dist. Izq.": null, "Al.Dist. Der.": null, "Ruta": 9 }, "geometry": { "type": "Point", "coordinates": [ -64.1346367, -31.0968494 ] } },
{ "type": "Feature", "properties": { "Name": "739.95", "P.K.": null, "Al.Dist. Izq.": null, "Al.Dist. Der.": null, "Ruta": 9 }, "geometry": { "type": "Point", "coordinates": [ -64.1344194, -31.0957943 ] } },
{ "type": "Feature", "properties": { "Name": "739.98", "P.K.": null, "Al.Dist. Izq.": null, "Al.Dist. Der.": null, "Ruta": 9 }, "geometry": { "type": "Point", "coordinates": [ -64.1347, -31.0955 ] } },
{ "type": "Feature", "properties": { "Name": "739.99", "P.K.": null, "Al.Dist. Izq.": null, "Al.Dist. Der.": null, "Ruta": 9 }, "geometry": { "type": "Point", "coordinates": [ -64.1346662, -31.0954589 ] } },
{ "type": "Feature", "properties": { "Name": "739.99", "P.K.": null, "Al.Dist. Izq.": null, "Al.Dist. Der.": null, "Ruta": 9 }, "geometry": { "type": "Point", "coordinates": [ -64.1343513, -31.0954583 ] } },
{ "type": "Feature", "properties": { "Name": "740", "P.K.": "PK740", "Al.Dist. Izq.": null, "Al.Dist. Der.": null, "Ruta": 9 }, "geometry": { "type": "Point", "coordinates": [ -64.1345512, -31.0953349 ] } },
{ "type": "Feature", "properties": { "Name": "740.09", "P.K.": null, "Al.Dist. Izq.": null, "Al.Dist. Der.": null, "Ruta": 9 }, "geometry": { "type": "Point", "coordinates": [ -64.134178, -31.0945493 ] } },
{ "type": "Feature", "properties": { "Name": "740.14", "P.K.": null, "Al.Dist. Izq.": null, "Al.Dist. Der.": null, "Ruta": 9 }, "geometry": { "type": "Point", "coordinates": [ -64.1340952, -31.09413 ] } },
{ "type": "Feature", "properties": { "Name": "740.16", "P.K.": null, "Al.Dist. Izq.": null, "Al.Dist. Der.": null, "Ruta": 9 }, "geometry": { "type": "Point", "coordinates": [ -64.1340645, -31.0939962 ] } },
{ "type": "Feature", "properties": { "Name": "740.83", "P.K.": null, "Al.Dist. Izq.": null, "Al.Dist. Der.": null, "Ruta": 9 }, "geometry": { "type": "Point", "coordinates": [ -64.1327909, -31.0877905 ] } },
{ "type": "Feature", "properties": { "Name": "741", "P.K.": "PK741", "Al.Dist. Izq.": null, "Al.Dist. Der.": null, "Ruta": 9 }, "geometry": { "type": "Point", "coordinates": [ -64.132403, -31.0863196 ] } },
{ "type": "Feature", "properties": { "Name": "741.68", "P.K.": null, "Al.Dist. Izq.": null, "Al.Dist. Der.": null, "Ruta": 9 }, "geometry": { "type": "Point", "coordinates": [ -64.1307489, -31.07949 ] } },
{ "type": "Feature", "properties": { "Name": "741.74", "P.K.": null, "Al.Dist. Izq.": null, "Al.Dist. Der.": null, "Ruta": 9 }, "geometry": { "type": "Point", "coordinates": [ -64.1304394, -31.0789711 ] } },
{ "type": "Feature", "properties": { "Name": "741.75", "P.K.": null, "Al.Dist. Izq.": null, "Al.Dist. Der.": null, "Ruta": 9 }, "geometry": { "type": "Point", "coordinates": [ -64.1306791, -31.0787256 ] } },
{ "type": "Feature", "properties": { "Name": "741.76", "P.K.": null, "Al.Dist. Izq.": null, "Al.Dist. Der.": null, "Ruta": 9 }, "geometry": { "type": "Point", "coordinates": [ -64.1304163, -31.0786624 ] } },
{ "type": "Feature", "properties": { "Name": "741.96", "P.K.": null, "Al.Dist. Izq.": null, "Al.Dist. Der.": null, "Ruta": 9 }, "geometry": { "type": "Point", "coordinates": [ -64.1301185, -31.0765748 ] } },
{ "type": "Feature", "properties": { "Name": "741.99", "P.K.": null, "Al.Dist. Izq.": null, "Al.Dist. Der.": null, "Ruta": 9 }, "geometry": { "type": "Point", "coordinates": [ -64.1298343, -31.0763743 ] } },
{ "type": "Feature", "properties": { "Name": "742", "P.K.": "PK742", "Al.Dist. Izq.": null, "Al.Dist. Der.": null, "Ruta": 9 }, "geometry": { "type": "Point", "coordinates": [ -64.1300318, -31.0762889 ] } },
{ "type": "Feature", "properties": { "Name": "742.9", "P.K.": null, "Al.Dist. Izq.": null, "Al.Dist. Der.": null, "Ruta": 9 }, "geometry": { "type": "Point", "coordinates": [ -64.1280079, -31.0693066 ] } },
{ "type": "Feature", "properties": { "Name": "742.94", "P.K.": null, "Al.Dist. Izq.": null, "Al.Dist. Der.": null, "Ruta": 9 }, "geometry": { "type": "Point", "coordinates": [ -64.1281089, -31.0689029 ] } },
{ "type": "Feature", "properties": { "Name": "743", "P.K.": "PK743", "Al.Dist. Izq.": null, "Al.Dist. Der.": null, "Ruta": 9 }, "geometry": { "type": "Point", "coordinates": [ -64.1277752, -31.0685074 ] } },
{ "type": "Feature", "properties": { "Name": "743.22", "P.K.": null, "Al.Dist. Izq.": null, "Al.Dist. Der.": null, "Ruta": 9 }, "geometry": { "type": "Point", "coordinates": [ -64.1269698, -31.0666448 ] } },
{ "type": "Feature", "properties": { "Name": "743.24", "P.K.": null, "Al.Dist. Izq.": null, "Al.Dist. Der.": null, "Ruta": 9 }, "geometry": { "type": "Point", "coordinates": [ -64.1274782, -31.0662949 ] } },
{ "type": "Feature", "properties": { "Name": "743.24", "P.K.": null, "Al.Dist. Izq.": null, "Al.Dist. Der.": null, "Ruta": 9 }, "geometry": { "type": "Point", "coordinates": [ -64.1274782, -31.0662949 ] } },
{ "type": "Feature", "properties": { "Name": "743.26", "P.K.": null, "Al.Dist. Izq.": null, "Al.Dist. Der.": null, "Ruta": 9 }, "geometry": { "type": "Point", "coordinates": [ -64.1273597, -31.0660401 ] } },
{ "type": "Feature", "properties": { "Name": "743.28", "P.K.": null, "Al.Dist. Izq.": null, "Al.Dist. Der.": null, "Ruta": 9 }, "geometry": { "type": "Point", "coordinates": [ -64.126728, -31.0660121 ] } },
{ "type": "Feature", "properties": { "Name": "743.33", "P.K.": null, "Al.Dist. Izq.": null, "Al.Dist. Der.": null, "Ruta": 9 }, "geometry": { "type": "Point", "coordinates": [ -64.1270266, -31.0654592 ] } },
{ "type": "Feature", "properties": { "Name": "743.36", "P.K.": null, "Al.Dist. Izq.": null, "Al.Dist. Der.": null, "Ruta": 9 }, "geometry": { "type": "Point", "coordinates": [ -64.1265298, -31.0653268 ] } },
{ "type": "Feature", "properties": { "Name": "743.37", "P.K.": null, "Al.Dist. Izq.": null, "Al.Dist. Der.": null, "Ruta": 9 }, "geometry": { "type": "Point", "coordinates": [ -64.1265096, -31.0652521 ] } },
{ "type": "Feature", "properties": { "Name": "743.46", "P.K.": null, "Al.Dist. Izq.": null, "Al.Dist. Der.": null, "Ruta": 9 }, "geometry": { "type": "Point", "coordinates": [ -64.1264711, -31.0644359 ] } },
{ "type": "Feature", "properties": { "Name": "743.51", "P.K.": null, "Al.Dist. Izq.": null, "Al.Dist. Der.": null, "Ruta": 9 }, "geometry": { "type": "Point", "coordinates": [ -64.1266075, -31.0639333 ] } },
{ "type": "Feature", "properties": { "Name": "743.53", "P.K.": null, "Al.Dist. Izq.": null, "Al.Dist. Der.": null, "Ruta": 9 }, "geometry": { "type": "Point", "coordinates": [ -64.126, -31.0639 ] } },
{ "type": "Feature", "properties": { "Name": "743.62", "P.K.": null, "Al.Dist. Izq.": null, "Al.Dist. Der.": null, "Ruta": 9 }, "geometry": { "type": "Point", "coordinates": [ -64.1262, -31.063 ] } },
{ "type": "Feature", "properties": { "Name": "743.64", "P.K.": null, "Al.Dist. Izq.": null, "Al.Dist. Der.": null, "Ruta": 9 }, "geometry": { "type": "Point", "coordinates": [ -64.1265176, -31.0627496 ] } },
{ "type": "Feature", "properties": { "Name": "743.7", "P.K.": null, "Al.Dist. Izq.": null, "Al.Dist. Der.": null, "Ruta": 9 }, "geometry": { "type": "Point", "coordinates": [ -64.1259014, -31.0623322 ] } },
{ "type": "Feature", "properties": { "Name": "743.72", "P.K.": null, "Al.Dist. Izq.": null, "Al.Dist. Der.": null, "Ruta": 9 }, "geometry": { "type": "Point", "coordinates": [ -64.1256704, -31.0621398 ] } },
{ "type": "Feature", "properties": { "Name": "743.73", "P.K.": null, "Al.Dist. Izq.": null, "Al.Dist. Der.": null, "Ruta": 9 }, "geometry": { "type": "Point", "coordinates": [ -64.1256739, -31.0620624 ] } },
{ "type": "Feature", "properties": { "Name": "743.78", "P.K.": null, "Al.Dist. Izq.": null, "Al.Dist. Der.": null, "Ruta": 9 }, "geometry": { "type": "Point", "coordinates": [ -64.1255668, -31.0615374 ] } },
{ "type": "Feature", "properties": { "Name": "743.78", "P.K.": null, "Al.Dist. Izq.": null, "Al.Dist. Der.": null, "Ruta": 9 }, "geometry": { "type": "Point", "coordinates": [ -64.1255668, -31.0615374 ] } },
{ "type": "Feature", "properties": { "Name": "743.91", "P.K.": null, "Al.Dist. Izq.": null, "Al.Dist. Der.": null, "Ruta": 9 }, "geometry": { "type": "Point", "coordinates": [ -64.1254499, -31.0603237 ] } },
{ "type": "Feature", "properties": { "Name": "743.94", "P.K.": null, "Al.Dist. Izq.": null, "Al.Dist. Der.": null, "Ruta": 9 }, "geometry": { "type": "Point", "coordinates": [ -64.1259165, -31.0601032 ] } },
{ "type": "Feature", "properties": { "Name": "744", "P.K.": "PK744", "Al.Dist. Izq.": null, "Al.Dist. Der.": null, "Ruta": 9 }, "geometry": { "type": "Point", "coordinates": [ -64.125704, -31.0595437 ] } },
{ "type": "Feature", "properties": { "Name": "744", "P.K.": null, "Al.Dist. Izq.": null, "Al.Dist. Der.": null, "Ruta": 9 }, "geometry": { "type": "Point", "coordinates": [ -64.1256919, -31.0595151 ] } },
{ "type": "Feature", "properties": { "Name": "744.11", "P.K.": null, "Al.Dist. Izq.": null, "Al.Dist. Der.": null, "Ruta": 9 }, "geometry": { "type": "Point", "coordinates": [ -64.1252475, -31.0586337 ] } },
{ "type": "Feature", "properties": { "Name": "744.13", "P.K.": null, "Al.Dist. Izq.": null, "Al.Dist. Der.": null, "Ruta": 9 }, "geometry": { "type": "Point", "coordinates": [ -64.1251175, -31.0585337 ] } },
{ "type": "Feature", "properties": { "Name": "744.99", "P.K.": null, "Al.Dist. Izq.": null, "Al.Dist. Der.": null, "Ruta": 9 }, "geometry": { "type": "Point", "coordinates": [ -64.125359, -31.058802 ] } },
{ "type": "Feature", "properties": { "Name": "744.99", "P.K.": null, "Al.Dist. Izq.": null, "Al.Dist. Der.": null, "Ruta": 9 }, "geometry": { "type": "Point", "coordinates": [ -64.125359, -31.058802 ] } },
{ "type": "Feature", "properties": { "Name": "745", "P.K.": "PK745", "Al.Dist. Izq.": null, "Al.Dist. Der.": null, "Ruta": 9 }, "geometry": { "type": "Point", "coordinates": [ -64.1233454, -31.051232 ] } },
{ "type": "Feature", "properties": { "Name": "745.03", "P.K.": null, "Al.Dist. Izq.": null, "Al.Dist. Der.": null, "Ruta": 9 }, "geometry": { "type": "Point", "coordinates": [ -64.1232599, -31.0508918 ] } },
{ "type": "Feature", "properties": { "Name": "745.16", "P.K.": null, "Al.Dist. Izq.": null, "Al.Dist. Der.": null, "Ruta": 9 }, "geometry": { "type": "Point", "coordinates": [ -64.1232, -31.049 ] } },
{ "type": "Feature", "properties": { "Name": "745.5", "P.K.": null, "Al.Dist. Izq.": null, "Al.Dist. Der.": null, "Ruta": 9 }, "geometry": { "type": "Point", "coordinates": [ -64.1216669, -31.0446722 ] } },
{ "type": "Feature", "properties": { "Name": "745.62", "P.K.": null, "Al.Dist. Izq.": null, "Al.Dist. Der.": null, "Ruta": 9 }, "geometry": { "type": "Point", "coordinates": [ -64.1212315, -31.0430416 ] } },
{ "type": "Feature", "properties": { "Name": "745.67", "P.K.": null, "Al.Dist. Izq.": null, "Al.Dist. Der.": null, "Ruta": 9 }, "geometry": { "type": "Point", "coordinates": [ -64.1212904, -31.0423439 ] } },
{ "type": "Feature", "properties": { "Name": "745.7", "P.K.": null, "Al.Dist. Izq.": null, "Al.Dist. Der.": null, "Ruta": 9 }, "geometry": { "type": "Point", "coordinates": [ -64.1209876, -31.0420608 ] } },
{ "type": "Feature", "properties": { "Name": "745.74", "P.K.": null, "Al.Dist. Izq.": null, "Al.Dist. Der.": null, "Ruta": 9 }, "geometry": { "type": "Point", "coordinates": [ -64.1210768, -31.0414798 ] } },
{ "type": "Feature", "properties": { "Name": "745.77", "P.K.": null, "Al.Dist. Izq.": null, "Al.Dist. Der.": null, "Ruta": 9 }, "geometry": { "type": "Point", "coordinates": [ -64.1206436, -31.0411056 ] } },
{ "type": "Feature", "properties": { "Name": "745.8", "P.K.": null, "Al.Dist. Izq.": null, "Al.Dist. Der.": null, "Ruta": 9 }, "geometry": { "type": "Point", "coordinates": [ -64.1208427, -31.0405992 ] } },
{ "type": "Feature", "properties": { "Name": "745.91", "P.K.": null, "Al.Dist. Izq.": null, "Al.Dist. Der.": null, "Ruta": 9 }, "geometry": { "type": "Point", "coordinates": [ -64.1203617, -31.0392262 ] } },
{ "type": "Feature", "properties": { "Name": "745.95", "P.K.": null, "Al.Dist. Izq.": null, "Al.Dist. Der.": null, "Ruta": 9 }, "geometry": { "type": "Point", "coordinates": [ -64.12, -31.0388 ] } },
{ "type": "Feature", "properties": { "Name": "745.96", "P.K.": null, "Al.Dist. Izq.": null, "Al.Dist. Der.": null, "Ruta": 9 }, "geometry": { "type": "Point", "coordinates": [ -64.1198745, -31.0386198 ] } },
{ "type": "Feature", "properties": { "Name": "745.98", "P.K.": null, "Al.Dist. Izq.": null, "Al.Dist. Der.": null, "Ruta": 9 }, "geometry": { "type": "Point", "coordinates": [ -64.1196, -31.0385 ] } },
{ "type": "Feature", "properties": { "Name": "745.99", "P.K.": null, "Al.Dist. Izq.": null, "Al.Dist. Der.": null, "Ruta": 9 }, "geometry": { "type": "Point", "coordinates": [ -64.1200589, -31.0381926 ] } },
{ "type": "Feature", "properties": { "Name": "746", "P.K.": "PK746", "Al.Dist. Izq.": null, "Al.Dist. Der.": null, "Ruta": 9 }, "geometry": { "type": "Point", "coordinates": [ -64.120215, -31.0380827 ] } },
{ "type": "Feature", "properties": { "Name": "746.06", "P.K.": null, "Al.Dist. Izq.": null, "Al.Dist. Der.": null, "Ruta": 9 }, "geometry": { "type": "Point", "coordinates": [ -64.119621, -31.0376795 ] } },
{ "type": "Feature", "properties": { "Name": "746.08", "P.K.": null, "Al.Dist. Izq.": null, "Al.Dist. Der.": null, "Ruta": 9 }, "geometry": { "type": "Point", "coordinates": [ -64.1194175, -31.0375615 ] } },
{ "type": "Feature", "properties": { "Name": "746.21", "P.K.": null, "Al.Dist. Izq.": null, "Al.Dist. Der.": null, "Ruta": 9 }, "geometry": { "type": "Point", "coordinates": [ -64.1192968, -31.036543 ] } },
{ "type": "Feature", "properties": { "Name": "746.24", "P.K.": null, "Al.Dist. Izq.": null, "Al.Dist. Der.": null, "Ruta": 9 }, "geometry": { "type": "Point", "coordinates": [ -64.1193234, -31.0363098 ] } },
{ "type": "Feature", "properties": { "Name": "746.26", "P.K.": null, "Al.Dist. Izq.": null, "Al.Dist. Der.": null, "Ruta": 9 }, "geometry": { "type": "Point", "coordinates": [ -64.1194259, -31.0360647 ] } },
{ "type": "Feature", "properties": { "Name": "746.32", "P.K.": null, "Al.Dist. Izq.": null, "Al.Dist. Der.": null, "Ruta": 9 }, "geometry": { "type": "Point", "coordinates": [ -64.1196057, -31.0356416 ] } },
{ "type": "Feature", "properties": { "Name": "746.36", "P.K.": null, "Al.Dist. Izq.": null, "Al.Dist. Der.": null, "Ruta": 9 }, "geometry": { "type": "Point", "coordinates": [ -64.1195131, -31.0353652 ] } },
{ "type": "Feature", "properties": { "Name": "746.36", "P.K.": null, "Al.Dist. Izq.": null, "Al.Dist. Der.": null, "Ruta": 9 }, "geometry": { "type": "Point", "coordinates": [ -64.1192779, -31.0354028 ] } },
{ "type": "Feature", "properties": { "Name": "746.38", "P.K.": null, "Al.Dist. Izq.": null, "Al.Dist. Der.": null, "Ruta": 9 }, "geometry": { "type": "Point", "coordinates": [ -64.1194789, -31.0351531 ] } },
{ "type": "Feature", "properties": { "Name": "746.38", "P.K.": null, "Al.Dist. Izq.": null, "Al.Dist. Der.": null, "Ruta": 9 }, "geometry": { "type": "Point", "coordinates": [ -64.1193568, -31.035215 ] } },
{ "type": "Feature", "properties": { "Name": "746.44", "P.K.": null, "Al.Dist. Izq.": null, "Al.Dist. Der.": null, "Ruta": 9 }, "geometry": { "type": "Point", "coordinates": [ -64.1190444, -31.0348059 ] } },
{ "type": "Feature", "properties": { "Name": "746.44", "P.K.": null, "Al.Dist. Izq.": null, "Al.Dist. Der.": 10, "Ruta": 9 }, "geometry": { "type": "Point", "coordinates": [ -64.1190444, -31.0348059 ] } },
{ "type": "Feature", "properties": { "Name": "746.48", "P.K.": null, "Al.Dist. Izq.": null, "Al.Dist. Der.": 10, "Ruta": 9 }, "geometry": { "type": "Point", "coordinates": [ -64.120991, -31.041808 ] } },
{ "type": "Feature", "properties": { "Name": "746.48", "P.K.": null, "Al.Dist. Izq.": null, "Al.Dist. Der.": 10, "Ruta": 9 }, "geometry": { "type": "Point", "coordinates": [ -64.120991, -31.041808 ] } },
{ "type": "Feature", "properties": { "Name": "746.61", "P.K.": null, "Al.Dist. Izq.": null, "Al.Dist. Der.": 10, "Ruta": 9 }, "geometry": { "type": "Point", "coordinates": [ -64.1188803, -31.0334662 ] } },
{ "type": "Feature", "properties": { "Name": "746.62", "P.K.": null, "Al.Dist. Izq.": null, "Al.Dist. Der.": 10, "Ruta": 9 }, "geometry": { "type": "Point", "coordinates": [ -64.1186048, -31.0333881 ] } },
{ "type": "Feature", "properties": { "Name": "746.7", "P.K.": null, "Al.Dist. Izq.": null, "Al.Dist. Der.": 10, "Ruta": 9 }, "geometry": { "type": "Point", "coordinates": [ -64.118769, -31.0327537 ] } },
{ "type": "Feature", "properties": { "Name": "746.78", "P.K.": null, "Al.Dist. Izq.": null, "Al.Dist. Der.": 10, "Ruta": 9 }, "geometry": { "type": "Point", "coordinates": [ -64.1185388, -31.0321539 ] } },
{ "type": "Feature", "properties": { "Name": "746.79", "P.K.": null, "Al.Dist. Izq.": null, "Al.Dist. Der.": 10, "Ruta": 9 }, "geometry": { "type": "Point", "coordinates": [ -64.1185113, -31.0320281 ] } },
{ "type": "Feature", "properties": { "Name": "746.82", "P.K.": null, "Al.Dist. Izq.": null, "Al.Dist. Der.": 10, "Ruta": 9 }, "geometry": { "type": "Point", "coordinates": [ -64.1184978, -31.0318805 ] } },
{ "type": "Feature", "properties": { "Name": "746.83", "P.K.": null, "Al.Dist. Izq.": null, "Al.Dist. Der.": 10, "Ruta": 9 }, "geometry": { "type": "Point", "coordinates": [ -64.1185827, -31.0317141 ] } },
{ "type": "Feature", "properties": { "Name": "746.97", "P.K.": null, "Al.Dist. Izq.": null, "Al.Dist. Der.": 10, "Ruta": 9 }, "geometry": { "type": "Point", "coordinates": [ -64.1182441, -31.0306835 ] } },
{ "type": "Feature", "properties": { "Name": "746.98", "P.K.": null, "Al.Dist. Izq.": null, "Al.Dist. Der.": 10, "Ruta": 9 }, "geometry": { "type": "Point", "coordinates": [ -64.1181227, -31.0306261 ] } },
{ "type": "Feature", "properties": { "Name": "747", "P.K.": "PK747", "Al.Dist. Izq.": null, "Al.Dist. Der.": 10, "Ruta": 9 }, "geometry": { "type": "Point", "coordinates": [ -64.1180905, -31.0304879 ] } },
{ "type": "Feature", "properties": { "Name": "747.07", "P.K.": null, "Al.Dist. Izq.": null, "Al.Dist. Der.": 10, "Ruta": 9 }, "geometry": { "type": "Point", "coordinates": [ -64.1179567, -31.0298009 ] } },
{ "type": "Feature", "properties": { "Name": "747.08", "P.K.": null, "Al.Dist. Izq.": null, "Al.Dist. Der.": 10, "Ruta": 9 }, "geometry": { "type": "Point", "coordinates": [ -64.1179269, -31.0297129 ] } },
{ "type": "Feature", "properties": { "Name": "747.12", "P.K.": null, "Al.Dist. Izq.": null, "Al.Dist. Der.": 10, "Ruta": 9 }, "geometry": { "type": "Point", "coordinates": [ -64.117809, -31.029365 ] } },
{ "type": "Feature", "properties": { "Name": "747.21", "P.K.": null, "Al.Dist. Izq.": null, "Al.Dist. Der.": 10, "Ruta": 9 }, "geometry": { "type": "Point", "coordinates": [ -64.1175437, -31.0285822 ] } },
{ "type": "Feature", "properties": { "Name": "747.25", "P.K.": null, "Al.Dist. Izq.": null, "Al.Dist. Der.": 10, "Ruta": 9 }, "geometry": { "type": "Point", "coordinates": [ -64.1173553, -31.028278 ] } },
{ "type": "Feature", "properties": { "Name": "747.27", "P.K.": null, "Al.Dist. Izq.": null, "Al.Dist. Der.": 10, "Ruta": 9 }, "geometry": { "type": "Point", "coordinates": [ -64.1174528, -31.0280487 ] } },
{ "type": "Feature", "properties": { "Name": "747.3", "P.K.": null, "Al.Dist. Izq.": null, "Al.Dist. Der.": 10, "Ruta": 9 }, "geometry": { "type": "Point", "coordinates": [ -64.1171876, -31.0278511 ] } },
{ "type": "Feature", "properties": { "Name": "747.33", "P.K.": null, "Al.Dist. Izq.": null, "Al.Dist. Der.": 10, "Ruta": 9 }, "geometry": { "type": "Point", "coordinates": [ -64.1171942, -31.027537 ] } },
{ "type": "Feature", "properties": { "Name": "747.37", "P.K.": null, "Al.Dist. Izq.": null, "Al.Dist. Der.": 10, "Ruta": 9 }, "geometry": { "type": "Point", "coordinates": [ -64.119254, -31.034642 ] } },
{ "type": "Feature", "properties": { "Name": "747.37", "P.K.": null, "Al.Dist. Izq.": null, "Al.Dist. Der.": 10, "Ruta": 9 }, "geometry": { "type": "Point", "coordinates": [ -64.119254, -31.034642 ] } },
{ "type": "Feature", "properties": { "Name": "747.49", "P.K.": null, "Al.Dist. Izq.": null, "Al.Dist. Der.": 10, "Ruta": 9 }, "geometry": { "type": "Point", "coordinates": [ -64.1168272, -31.0261913 ] } },
{ "type": "Feature", "properties": { "Name": "747.57", "P.K.": null, "Al.Dist. Izq.": null, "Al.Dist. Der.": 10, "Ruta": 9 }, "geometry": { "type": "Point", "coordinates": [ -64.1164, -31.0255 ] } },
{ "type": "Feature", "properties": { "Name": "747.58", "P.K.": null, "Al.Dist. Izq.": null, "Al.Dist. Der.": 10, "Ruta": 9 }, "geometry": { "type": "Point", "coordinates": [ -64.1163818, -31.025392 ] } },
{ "type": "Feature", "properties": { "Name": "747.59", "P.K.": null, "Al.Dist. Izq.": null, "Al.Dist. Der.": 10, "Ruta": 9 }, "geometry": { "type": "Point", "coordinates": [ -64.1163886, -31.0253159 ] } },
{ "type": "Feature", "properties": { "Name": "747.67", "P.K.": null, "Al.Dist. Izq.": null, "Al.Dist. Der.": 10, "Ruta": 9 }, "geometry": { "type": "Point", "coordinates": [ -64.1154565, -31.0249319 ] } },
{ "type": "Feature", "properties": { "Name": "747.68", "P.K.": null, "Al.Dist. Izq.": null, "Al.Dist. Der.": 10, "Ruta": 9 }, "geometry": { "type": "Point", "coordinates": [ -64.1159927, -31.0245602 ] } },
{ "type": "Feature", "properties": { "Name": "747.69", "P.K.": null, "Al.Dist. Izq.": null, "Al.Dist. Der.": 10, "Ruta": 9 }, "geometry": { "type": "Point", "coordinates": [ -64.1161657, -31.0244298 ] } },
{ "type": "Feature", "properties": { "Name": "747.69", "P.K.": null, "Al.Dist. Izq.": null, "Al.Dist. Der.": 10, "Ruta": 9 }, "geometry": { "type": "Point", "coordinates": [ -64.1161657, -31.0244298 ] } },
{ "type": "Feature", "properties": { "Name": "747.71", "P.K.": null, "Al.Dist. Izq.": null, "Al.Dist. Der.": 10, "Ruta": 9 }, "geometry": { "type": "Point", "coordinates": [ -64.1158, -31.0244 ] } },
{ "type": "Feature", "properties": { "Name": "747.75", "P.K.": null, "Al.Dist. Izq.": null, "Al.Dist. Der.": 10, "Ruta": 9 }, "geometry": { "type": "Point", "coordinates": [ -64.115642, -31.0240508 ] } },
{ "type": "Feature", "properties": { "Name": "747.75", "P.K.": null, "Al.Dist. Izq.": null, "Al.Dist. Der.": 10, "Ruta": 9 }, "geometry": { "type": "Point", "coordinates": [ -64.115642, -31.0240508 ] } },
{ "type": "Feature", "properties": { "Name": "747.84", "P.K.": null, "Al.Dist. Izq.": null, "Al.Dist. Der.": 10, "Ruta": 9 }, "geometry": { "type": "Point", "coordinates": [ -64.1154106, -31.0232619 ] } },
{ "type": "Feature", "properties": { "Name": "747.87", "P.K.": null, "Al.Dist. Izq.": null, "Al.Dist. Der.": 10, "Ruta": 9 }, "geometry": { "type": "Point", "coordinates": [ -64.1151317, -31.0230898 ] } },
{ "type": "Feature", "properties": { "Name": "747.94", "P.K.": null, "Al.Dist. Izq.": null, "Al.Dist. Der.": 10, "Ruta": 9 }, "geometry": { "type": "Point", "coordinates": [ -64.1148927, -31.0224516 ] } },
{ "type": "Feature", "properties": { "Name": "747.99", "P.K.": null, "Al.Dist. Izq.": null, "Al.Dist. Der.": 10, "Ruta": 9 }, "geometry": { "type": "Point", "coordinates": [ -64.1146033, -31.0220235 ] } },
{ "type": "Feature", "properties": { "Name": "747.99", "P.K.": null, "Al.Dist. Izq.": null, "Al.Dist. Der.": 10, "Ruta": 9 }, "geometry": { "type": "Point", "coordinates": [ -64.1146033, -31.0220235 ] } },
{ "type": "Feature", "properties": { "Name": "748", "P.K.": "PK748", "Al.Dist. Izq.": null, "Al.Dist. Der.": 10, "Ruta": 9 }, "geometry": { "type": "Point", "coordinates": [ -64.1147361, -31.0219112 ] } },
{ "type": "Feature", "properties": { "Name": "748.14", "P.K.": null, "Al.Dist. Izq.": null, "Al.Dist. Der.": 10, "Ruta": 9 }, "geometry": { "type": "Point", "coordinates": [ -64.1139992, -31.0208208 ] } },
{ "type": "Feature", "properties": { "Name": "748.22", "P.K.": null, "Al.Dist. Izq.": null, "Al.Dist. Der.": 10, "Ruta": 9 }, "geometry": { "type": "Point", "coordinates": [ -64.1137544, -31.0201353 ] } },
{ "type": "Feature", "properties": { "Name": "748.23", "P.K.": null, "Al.Dist. Izq.": null, "Al.Dist. Der.": 10, "Ruta": 9 }, "geometry": { "type": "Point", "coordinates": [ -64.1137143, -31.0200527 ] } },
{ "type": "Feature", "properties": { "Name": "748.36", "P.K.": null, "Al.Dist. Izq.": null, "Al.Dist. Der.": 10, "Ruta": 9 }, "geometry": { "type": "Point", "coordinates": [ -64.1131027, -31.0188682 ] } },
{ "type": "Feature", "properties": { "Name": "748.4", "P.K.": null, "Al.Dist. Izq.": null, "Al.Dist. Der.": 10, "Ruta": 9 }, "geometry": { "type": "Point", "coordinates": [ -64.1128997, -31.0185232 ] } },
{ "type": "Feature", "properties": { "Name": "748.58", "P.K.": null, "Al.Dist. Izq.": null, "Al.Dist. Der.": 10, "Ruta": 9 }, "geometry": { "type": "Point", "coordinates": [ -64.1122678, -31.0170797 ] } },
{ "type": "Feature", "properties": { "Name": "748.61", "P.K.": null, "Al.Dist. Izq.": null, "Al.Dist. Der.": 10, "Ruta": 9 }, "geometry": { "type": "Point", "coordinates": [ -64.1122, -31.0168 ] } },
{ "type": "Feature", "properties": { "Name": "748.75", "P.K.": null, "Al.Dist. Izq.": null, "Al.Dist. Der.": 10, "Ruta": 9 }, "geometry": { "type": "Point", "coordinates": [ -64.1118809, -31.0154802 ] } },
{ "type": "Feature", "properties": { "Name": "748.76", "P.K.": null, "Al.Dist. Izq.": null, "Al.Dist. Der.": 10, "Ruta": 9 }, "geometry": { "type": "Point", "coordinates": [ -64.1119254, -31.0153347 ] } },
{ "type": "Feature", "properties": { "Name": "748.77", "P.K.": null, "Al.Dist. Izq.": null, "Al.Dist. Der.": 10, "Ruta": 9 }, "geometry": { "type": "Point", "coordinates": [ -64.1118548, -31.0152984 ] } },
{ "type": "Feature", "properties": { "Name": "748.84", "P.K.": null, "Al.Dist. Izq.": null, "Al.Dist. Der.": 10, "Ruta": 9 }, "geometry": { "type": "Point", "coordinates": [ -64.1118537, -31.0146807 ] } },
{ "type": "Feature", "properties": { "Name": "748.98", "P.K.": null, "Al.Dist. Izq.": null, "Al.Dist. Der.": 10, "Ruta": 9 }, "geometry": { "type": "Point", "coordinates": [ -64.1113779, -31.0134704 ] } },
{ "type": "Feature", "properties": { "Name": "748.99", "P.K.": null, "Al.Dist. Izq.": null, "Al.Dist. Der.": 10, "Ruta": 9 }, "geometry": { "type": "Point", "coordinates": [ -64.111557, -31.0133173 ] } },
{ "type": "Feature", "properties": { "Name": "748.99", "P.K.": null, "Al.Dist. Izq.": null, "Al.Dist. Der.": 10, "Ruta": 9 }, "geometry": { "type": "Point", "coordinates": [ -64.111557, -31.0133173 ] } },
{ "type": "Feature", "properties": { "Name": "749", "P.K.": "PK749", "Al.Dist. Izq.": null, "Al.Dist. Der.": 10, "Ruta": 9 }, "geometry": { "type": "Point", "coordinates": [ -64.1112106, -31.0133388 ] } },
{ "type": "Feature", "properties": { "Name": "749.05", "P.K.": null, "Al.Dist. Izq.": null, "Al.Dist. Der.": 10, "Ruta": 9 }, "geometry": { "type": "Point", "coordinates": [ -64.1111358, -31.0128472 ] } },
{ "type": "Feature", "properties": { "Name": "749.25", "P.K.": null, "Al.Dist. Izq.": null, "Al.Dist. Der.": 10, "Ruta": 9 }, "geometry": { "type": "Point", "coordinates": [ -64.1104301, -31.0111142 ] } },
{ "type": "Feature", "properties": { "Name": "749.31", "P.K.": null, "Al.Dist. Izq.": null, "Al.Dist. Der.": 10, "Ruta": 9 }, "geometry": { "type": "Point", "coordinates": [ -64.1099869, -31.0107268 ] } },
{ "type": "Feature", "properties": { "Name": "749.4", "P.K.": null, "Al.Dist. Izq.": null, "Al.Dist. Der.": 10, "Ruta": 9 }, "geometry": { "type": "Point", "coordinates": [ -64.1096588, -31.0099766 ] } },
{ "type": "Feature", "properties": { "Name": "749.46", "P.K.": null, "Al.Dist. Izq.": null, "Al.Dist. Der.": 10, "Ruta": 9 }, "geometry": { "type": "Point", "coordinates": [ -64.109314, -31.009505 ] } },
{ "type": "Feature", "properties": { "Name": "749.58", "P.K.": null, "Al.Dist. Izq.": null, "Al.Dist. Der.": 10, "Ruta": 9 }, "geometry": { "type": "Point", "coordinates": [ -64.109138, -31.0084929 ] } },
{ "type": "Feature", "properties": { "Name": "749.59", "P.K.": null, "Al.Dist. Izq.": null, "Al.Dist. Der.": 10, "Ruta": 9 }, "geometry": { "type": "Point", "coordinates": [ -64.1088825, -31.0084983 ] } },
{ "type": "Feature", "properties": { "Name": "749.69", "P.K.": null, "Al.Dist. Izq.": null, "Al.Dist. Der.": 10, "Ruta": 9 }, "geometry": { "type": "Point", "coordinates": [ -64.1086, -31.0076 ] } },
{ "type": "Feature", "properties": { "Name": "749.74", "P.K.": null, "Al.Dist. Izq.": null, "Al.Dist. Der.": 10, "Ruta": 9 }, "geometry": { "type": "Point", "coordinates": [ -64.1082851, -31.0071856 ] } },
{ "type": "Feature", "properties": { "Name": "749.79", "P.K.": null, "Al.Dist. Izq.": null, "Al.Dist. Der.": 10, "Ruta": 9 }, "geometry": { "type": "Point", "coordinates": [ -64.1073449, -31.0070684 ] } },
{ "type": "Feature", "properties": { "Name": "749.81", "P.K.": null, "Al.Dist. Izq.": null, "Al.Dist. Der.": 10, "Ruta": 9 }, "geometry": { "type": "Point", "coordinates": [ -64.10817, -31.0066175 ] } },
{ "type": "Feature", "properties": { "Name": "749.84", "P.K.": null, "Al.Dist. Izq.": null, "Al.Dist. Der.": 10, "Ruta": 9 }, "geometry": { "type": "Point", "coordinates": [ -64.1071366, -31.0066679 ] } },
{ "type": "Feature", "properties": { "Name": "750", "P.K.": "PK750", "Al.Dist. Izq.": null, "Al.Dist. Der.": 10, "Ruta": 9 }, "geometry": { "type": "Point", "coordinates": [ -64.1072792, -31.0050071 ] } },
{ "type": "Feature", "properties": { "Name": "750.05", "P.K.": null, "Al.Dist. Izq.": null, "Al.Dist. Der.": 10, "Ruta": 9 }, "geometry": { "type": "Point", "coordinates": [ -64.1069396, -31.004699 ] } },
{ "type": "Feature", "properties": { "Name": "750.09", "P.K.": null, "Al.Dist. Izq.": null, "Al.Dist. Der.": 10, "Ruta": 9 }, "geometry": { "type": "Point", "coordinates": [ -64.1068567, -31.0043461 ] } },
{ "type": "Feature", "properties": { "Name": "750.24", "P.K.": null, "Al.Dist. Izq.": null, "Al.Dist. Der.": 10, "Ruta": 9 }, "geometry": { "type": "Point", "coordinates": [ -64.106205, -31.0030446 ] } },
{ "type": "Feature", "properties": { "Name": "750.25", "P.K.": null, "Al.Dist. Izq.": null, "Al.Dist. Der.": 10, "Ruta": 9 }, "geometry": { "type": "Point", "coordinates": [ -64.1061, -31.003 ] } },
{ "type": "Feature", "properties": { "Name": "750.73", "P.K.": null, "Al.Dist. Izq.": null, "Al.Dist. Der.": 10, "Ruta": 9 }, "geometry": { "type": "Point", "coordinates": [ -64.1042084, -30.9989198 ] } },
{ "type": "Feature", "properties": { "Name": "750.8", "P.K.": null, "Al.Dist. Izq.": null, "Al.Dist. Der.": 10, "Ruta": 9 }, "geometry": { "type": "Point", "coordinates": [ -64.1039, -30.9983 ] } },
{ "type": "Feature", "properties": { "Name": "750.85", "P.K.": null, "Al.Dist. Izq.": null, "Al.Dist. Der.": 10, "Ruta": 9 }, "geometry": { "type": "Point", "coordinates": [ -64.1037055, -30.9977826 ] } },
{ "type": "Feature", "properties": { "Name": "750.91", "P.K.": null, "Al.Dist. Izq.": null, "Al.Dist. Der.": 10, "Ruta": 9 }, "geometry": { "type": "Point", "coordinates": [ -64.1034379, -30.997315 ] } },
{ "type": "Feature", "properties": { "Name": "751", "P.K.": "PK751", "Al.Dist. Izq.": null, "Al.Dist. Der.": 10, "Ruta": 9 }, "geometry": { "type": "Point", "coordinates": [ -64.1029836, -30.9966238 ] } },
{ "type": "Feature", "properties": { "Name": "751.18", "P.K.": null, "Al.Dist. Izq.": null, "Al.Dist. Der.": 10, "Ruta": 9 }, "geometry": { "type": "Point", "coordinates": [ -64.1022376, -30.995125 ] } },
{ "type": "Feature", "properties": { "Name": "751.18", "P.K.": null, "Al.Dist. Izq.": null, "Al.Dist. Der.": 10, "Ruta": 9 }, "geometry": { "type": "Point", "coordinates": [ -64.1024364, -30.995083 ] } },
{ "type": "Feature", "properties": { "Name": "751.23", "P.K.": null, "Al.Dist. Izq.": null, "Al.Dist. Der.": 10, "Ruta": 9 }, "geometry": { "type": "Point", "coordinates": [ -64.102639, -30.9944344 ] } },
{ "type": "Feature", "properties": { "Name": "751.23", "P.K.": null, "Al.Dist. Izq.": null, "Al.Dist. Der.": null, "Ruta": 9 }, "geometry": { "type": "Point", "coordinates": [ -64.102639, -30.9944344 ] } },
{ "type": "Feature", "properties": { "Name": "751.28", "P.K.": null, "Al.Dist. Izq.": null, "Al.Dist. Der.": 10, "Ruta": 9 }, "geometry": { "type": "Point", "coordinates": [ -64.1019253, -30.9943014 ] } },
{ "type": "Feature", "properties": { "Name": "751.28", "P.K.": null, "Al.Dist. Izq.": null, "Al.Dist. Der.": null, "Ruta": 9 }, "geometry": { "type": "Point", "coordinates": [ -64.1019253, -30.9943014 ] } },
{ "type": "Feature", "properties": { "Name": "751.33", "P.K.": null, "Al.Dist. Izq.": null, "Al.Dist. Der.": null, "Ruta": 9 }, "geometry": { "type": "Point", "coordinates": [ -64.1016, -30.9939 ] } },
{ "type": "Feature", "properties": { "Name": "751.41", "P.K.": null, "Al.Dist. Izq.": null, "Al.Dist. Der.": null, "Ruta": 9 }, "geometry": { "type": "Point", "coordinates": [ -64.1014994, -30.9931902 ] } },
{ "type": "Feature", "properties": { "Name": "751.43", "P.K.": null, "Al.Dist. Izq.": null, "Al.Dist. Der.": null, "Ruta": 9 }, "geometry": { "type": "Point", "coordinates": [ -64.1013, -30.993 ] } },
{ "type": "Feature", "properties": { "Name": "751.43", "P.K.": null, "Al.Dist. Izq.": null, "Al.Dist. Der.": null, "Ruta": 9 }, "geometry": { "type": "Point", "coordinates": [ -64.1013, -30.993 ] } },
{ "type": "Feature", "properties": { "Name": "751.44", "P.K.": null, "Al.Dist. Izq.": null, "Al.Dist. Der.": null, "Ruta": 9 }, "geometry": { "type": "Point", "coordinates": [ -64.1012538, -30.9929453 ] } },
{ "type": "Feature", "properties": { "Name": "751.5", "P.K.": null, "Al.Dist. Izq.": null, "Al.Dist. Der.": null, "Ruta": 9 }, "geometry": { "type": "Point", "coordinates": [ -64.1006813, -30.992557 ] } },
{ "type": "Feature", "properties": { "Name": "751.6", "P.K.": null, "Al.Dist. Izq.": null, "Al.Dist. Der.": null, "Ruta": 9 }, "geometry": { "type": "Point", "coordinates": [ -64.0998914, -30.9920618 ] } },
{ "type": "Feature", "properties": { "Name": "751.67", "P.K.": null, "Al.Dist. Izq.": null, "Al.Dist. Der.": null, "Ruta": 9 }, "geometry": { "type": "Point", "coordinates": [ -64.0991179, -30.9917761 ] } },
{ "type": "Feature", "properties": { "Name": "751.7", "P.K.": null, "Al.Dist. Izq.": null, "Al.Dist. Der.": null, "Ruta": 9 }, "geometry": { "type": "Point", "coordinates": [ -64.0989254, -30.991634 ] } },
{ "type": "Feature", "properties": { "Name": "751.77", "P.K.": null, "Al.Dist. Izq.": null, "Al.Dist. Der.": null, "Ruta": 9 }, "geometry": { "type": "Point", "coordinates": [ -64.098323, -30.9912968 ] } },
{ "type": "Feature", "properties": { "Name": "751.87", "P.K.": null, "Al.Dist. Izq.": null, "Al.Dist. Der.": null, "Ruta": 9 }, "geometry": { "type": "Point", "coordinates": [ -64.0975272, -30.9907209 ] } },
{ "type": "Feature", "properties": { "Name": "751.88", "P.K.": null, "Al.Dist. Izq.": null, "Al.Dist. Der.": null, "Ruta": 9 }, "geometry": { "type": "Point", "coordinates": [ -64.0973, -30.9908 ] } },
{ "type": "Feature", "properties": { "Name": "752", "P.K.": "PK752", "Al.Dist. Izq.": null, "Al.Dist. Der.": null, "Ruta": 9 }, "geometry": { "type": "Point", "coordinates": [ -64.0962317, -30.9902009 ] } },
{ "type": "Feature", "properties": { "Name": "752.11", "P.K.": null, "Al.Dist. Izq.": null, "Al.Dist. Der.": null, "Ruta": 9 }, "geometry": { "type": "Point", "coordinates": [ -64.0952415, -30.9897173 ] } },
{ "type": "Feature", "properties": { "Name": "752.61", "P.K.": null, "Al.Dist. Izq.": null, "Al.Dist. Der.": null, "Ruta": 9 }, "geometry": { "type": "Point", "coordinates": [ -64.0907776, -30.9874956 ] } },
{ "type": "Feature", "properties": { "Name": "752.61", "P.K.": null, "Al.Dist. Izq.": null, "Al.Dist. Der.": null, "Ruta": 9 }, "geometry": { "type": "Point", "coordinates": [ -64.0907776, -30.9874956 ] } },
{ "type": "Feature", "properties": { "Name": "752.63", "P.K.": null, "Al.Dist. Izq.": null, "Al.Dist. Der.": null, "Ruta": 9 }, "geometry": { "type": "Point", "coordinates": [ -64.0905523, -30.9874982 ] } },
{ "type": "Feature", "properties": { "Name": "752.66", "P.K.": null, "Al.Dist. Izq.": null, "Al.Dist. Der.": null, "Ruta": 9 }, "geometry": { "type": "Point", "coordinates": [ -64.0904145, -30.9872634 ] } },
{ "type": "Feature", "properties": { "Name": "753.1", "P.K.": null, "Al.Dist. Izq.": null, "Al.Dist. Der.": null, "Ruta": 9 }, "geometry": { "type": "Point", "coordinates": [ -64.0879588, -30.9839751 ] } },
{ "type": "Feature", "properties": { "Name": "753.29", "P.K.": null, "Al.Dist. Izq.": null, "Al.Dist. Der.": null, "Ruta": 9 }, "geometry": { "type": "Point", "coordinates": [ -64.0871439, -30.9824877 ] } },
{ "type": "Feature", "properties": { "Name": "753.73", "P.K.": null, "Al.Dist. Izq.": null, "Al.Dist. Der.": null, "Ruta": 9 }, "geometry": { "type": "Point", "coordinates": [ -64.0854725, -30.9787992 ] } },
{ "type": "Feature", "properties": { "Name": "753.92", "P.K.": null, "Al.Dist. Izq.": null, "Al.Dist. Der.": null, "Ruta": 9 }, "geometry": { "type": "Point", "coordinates": [ -64.0847, -30.9773 ] } },
{ "type": "Feature", "properties": { "Name": "754", "P.K.": null, "Al.Dist. Izq.": null, "Al.Dist. Der.": null, "Ruta": 9 }, "geometry": { "type": "Point", "coordinates": [ -64.0843041, -30.9766754 ] } },
{ "type": "Feature", "properties": { "Name": "754.02", "P.K.": null, "Al.Dist. Izq.": null, "Al.Dist. Der.": null, "Ruta": 9 }, "geometry": { "type": "Point", "coordinates": [ -64.0842507, -30.9764708 ] } },
{ "type": "Feature", "properties": { "Name": "754.1", "P.K.": null, "Al.Dist. Izq.": null, "Al.Dist. Der.": null, "Ruta": 9 }, "geometry": { "type": "Point", "coordinates": [ -64.0841113, -30.9757855 ] } },
{ "type": "Feature", "properties": { "Name": "754.1", "P.K.": null, "Al.Dist. Izq.": null, "Al.Dist. Der.": null, "Ruta": 9 }, "geometry": { "type": "Point", "coordinates": [ -64.0841113, -30.9757855 ] } },
{ "type": "Feature", "properties": { "Name": "754.13", "P.K.": null, "Al.Dist. Izq.": null, "Al.Dist. Der.": null, "Ruta": 9 }, "geometry": { "type": "Point", "coordinates": [ -64.0841575, -30.9755104 ] } },
{ "type": "Feature", "properties": { "Name": "754.13", "P.K.": null, "Al.Dist. Izq.": null, "Al.Dist. Der.": null, "Ruta": 9 }, "geometry": { "type": "Point", "coordinates": [ -64.084001, -30.9754595 ] } },
{ "type": "Feature", "properties": { "Name": "754.16", "P.K.": null, "Al.Dist. Izq.": null, "Al.Dist. Der.": null, "Ruta": 9 }, "geometry": { "type": "Point", "coordinates": [ -64.0840905, -30.9752068 ] } },
{ "type": "Feature", "properties": { "Name": "754.19", "P.K.": null, "Al.Dist. Izq.": null, "Al.Dist. Der.": null, "Ruta": 9 }, "geometry": { "type": "Point", "coordinates": [ -64.083897, -30.9749199 ] } },
{ "type": "Feature", "properties": { "Name": "754.28", "P.K.": null, "Al.Dist. Izq.": null, "Al.Dist. Der.": null, "Ruta": 9 }, "geometry": { "type": "Point", "coordinates": [ -64.0838588, -30.974088 ] } },
{ "type": "Feature", "properties": { "Name": "754.53", "P.K.": null, "Al.Dist. Izq.": null, "Al.Dist. Der.": null, "Ruta": 9 }, "geometry": { "type": "Point", "coordinates": [ -64.0834655, -30.9719047 ] } },
{ "type": "Feature", "properties": { "Name": "754.58", "P.K.": null, "Al.Dist. Izq.": null, "Al.Dist. Der.": null, "Ruta": 9 }, "geometry": { "type": "Point", "coordinates": [ -64.0833985, -30.9714596 ] } },
{ "type": "Feature", "properties": { "Name": "754.68", "P.K.": null, "Al.Dist. Izq.": null, "Al.Dist. Der.": null, "Ruta": 9 }, "geometry": { "type": "Point", "coordinates": [ -64.0829, -30.9707 ] } },
{ "type": "Feature", "properties": { "Name": "754.69", "P.K.": null, "Al.Dist. Izq.": null, "Al.Dist. Der.": null, "Ruta": 9 }, "geometry": { "type": "Point", "coordinates": [ -64.0829847, -30.9706013 ] } },
{ "type": "Feature", "properties": { "Name": "754.85", "P.K.": null, "Al.Dist. Izq.": null, "Al.Dist. Der.": null, "Ruta": 9 }, "geometry": { "type": "Point", "coordinates": [ -64.0827172, -30.9691474 ] } },
{ "type": "Feature", "properties": { "Name": "754.86", "P.K.": null, "Al.Dist. Izq.": null, "Al.Dist. Der.": null, "Ruta": 9 }, "geometry": { "type": "Point", "coordinates": [ -64.082855, -30.9691015 ] } },
{ "type": "Feature", "properties": { "Name": "755", "P.K.": "PK755", "Al.Dist. Izq.": null, "Al.Dist. Der.": null, "Ruta": 9 }, "geometry": { "type": "Point", "coordinates": [ -64.0824064, -30.9678837 ] } },
{ "type": "Feature", "properties": { "Name": "755.05", "P.K.": null, "Al.Dist. Izq.": null, "Al.Dist. Der.": null, "Ruta": 9 }, "geometry": { "type": "Point", "coordinates": [ -64.0822988, -30.9674306 ] } },
{ "type": "Feature", "properties": { "Name": "755.1", "P.K.": null, "Al.Dist. Izq.": null, "Al.Dist. Der.": null, "Ruta": 9 }, "geometry": { "type": "Point", "coordinates": [ -64.0822304, -30.9669856 ] } },
{ "type": "Feature", "properties": { "Name": "755.14", "P.K.": null, "Al.Dist. Izq.": null, "Al.Dist. Der.": null, "Ruta": 9 }, "geometry": { "type": "Point", "coordinates": [ -64.0822167, -30.9665809 ] } },
{ "type": "Feature", "properties": { "Name": "755.22", "P.K.": null, "Al.Dist. Izq.": null, "Al.Dist. Der.": null, "Ruta": 9 }, "geometry": { "type": "Point", "coordinates": [ -64.0820653, -30.9658754 ] } },
{ "type": "Feature", "properties": { "Name": "755.22", "P.K.": null, "Al.Dist. Izq.": null, "Al.Dist. Der.": null, "Ruta": 9 }, "geometry": { "type": "Point", "coordinates": [ -64.0820653, -30.9658754 ] } },
{ "type": "Feature", "properties": { "Name": "755.35", "P.K.": null, "Al.Dist. Izq.": null, "Al.Dist. Der.": null, "Ruta": 9 }, "geometry": { "type": "Point", "coordinates": [ -64.0817838, -30.9647331 ] } },
{ "type": "Feature", "properties": { "Name": "755.38", "P.K.": null, "Al.Dist. Izq.": null, "Al.Dist. Der.": null, "Ruta": 9 }, "geometry": { "type": "Point", "coordinates": [ -64.0817092, -30.9644658 ] } },
{ "type": "Feature", "properties": { "Name": "755.42", "P.K.": null, "Al.Dist. Izq.": null, "Al.Dist. Der.": null, "Ruta": 9 }, "geometry": { "type": "Point", "coordinates": [ -64.0817779, -30.9641239 ] } },
{ "type": "Feature", "properties": { "Name": "755.44", "P.K.": null, "Al.Dist. Izq.": null, "Al.Dist. Der.": null, "Ruta": 9 }, "geometry": { "type": "Point", "coordinates": [ -64.0817227, -30.9639231 ] } },
{ "type": "Feature", "properties": { "Name": "755.48", "P.K.": null, "Al.Dist. Izq.": null, "Al.Dist. Der.": null, "Ruta": 9 }, "geometry": { "type": "Point", "coordinates": [ -64.0815818, -30.9635816 ] } },
{ "type": "Feature", "properties": { "Name": "755.49", "P.K.": null, "Al.Dist. Izq.": null, "Al.Dist. Der.": null, "Ruta": 9 }, "geometry": { "type": "Point", "coordinates": [ -64.0815623, -30.9634936 ] } },
{ "type": "Feature", "properties": { "Name": "755.56", "P.K.": null, "Al.Dist. Izq.": null, "Al.Dist. Der.": null, "Ruta": 9 }, "geometry": { "type": "Point", "coordinates": [ -64.0814719, -30.9627755 ] } },
{ "type": "Feature", "properties": { "Name": "755.59", "P.K.": null, "Al.Dist. Izq.": null, "Al.Dist. Der.": null, "Ruta": 9 }, "geometry": { "type": "Point", "coordinates": [ -64.0813474, -30.9625253 ] } },
{ "type": "Feature", "properties": { "Name": "755.63", "P.K.": null, "Al.Dist. Izq.": null, "Al.Dist. Der.": null, "Ruta": 9 }, "geometry": { "type": "Point", "coordinates": [ -64.0812483, -30.9621637 ] } },
{ "type": "Feature", "properties": { "Name": "755.66", "P.K.": null, "Al.Dist. Izq.": null, "Al.Dist. Der.": null, "Ruta": 9 }, "geometry": { "type": "Point", "coordinates": [ -64.0812176, -30.9619077 ] } },
{ "type": "Feature", "properties": { "Name": "755.71", "P.K.": null, "Al.Dist. Izq.": null, "Al.Dist. Der.": null, "Ruta": 9 }, "geometry": { "type": "Point", "coordinates": [ -64.0812202, -30.9614274 ] } },
{ "type": "Feature", "properties": { "Name": "755.71", "P.K.": null, "Al.Dist. Izq.": null, "Al.Dist. Der.": null, "Ruta": 9 }, "geometry": { "type": "Point", "coordinates": [ -64.0811083, -30.9614542 ] } },
{ "type": "Feature", "properties": { "Name": "755.73", "P.K.": null, "Al.Dist. Izq.": null, "Al.Dist. Der.": null, "Ruta": 9 }, "geometry": { "type": "Point", "coordinates": [ -64.081189, -30.9613179 ] } },
{ "type": "Feature", "properties": { "Name": "755.74", "P.K.": null, "Al.Dist. Izq.": null, "Al.Dist. Der.": null, "Ruta": 9 }, "geometry": { "type": "Point", "coordinates": [ -64.0809856, -30.9611549 ] } },
{ "type": "Feature", "properties": { "Name": "755.91", "P.K.": null, "Al.Dist. Izq.": null, "Al.Dist. Der.": null, "Ruta": 9 }, "geometry": { "type": "Point", "coordinates": [ -64.0810492, -30.9596455 ] } },
{ "type": "Feature", "properties": { "Name": "755.96", "P.K.": null, "Al.Dist. Izq.": null, "Al.Dist. Der.": null, "Ruta": 9 }, "geometry": { "type": "Point", "coordinates": [ -64.0807682, -30.959205 ] } },
{ "type": "Feature", "properties": { "Name": "755.96", "P.K.": null, "Al.Dist. Izq.": null, "Al.Dist. Der.": null, "Ruta": 9 }, "geometry": { "type": "Point", "coordinates": [ -64.080963, -30.9591679 ] } },
{ "type": "Feature", "properties": { "Name": "756", "P.K.": "PK756", "Al.Dist. Izq.": null, "Al.Dist. Der.": null, "Ruta": 9 }, "geometry": { "type": "Point", "coordinates": [ -64.0808329, -30.9588186 ] } },
{ "type": "Feature", "properties": { "Name": "756.18", "P.K.": null, "Al.Dist. Izq.": null, "Al.Dist. Der.": null, "Ruta": 9 }, "geometry": { "type": "Point", "coordinates": [ -64.0806187, -30.9571605 ] } },
{ "type": "Feature", "properties": { "Name": "756.29", "P.K.": null, "Al.Dist. Izq.": null, "Al.Dist. Der.": null, "Ruta": 9 }, "geometry": { "type": "Point", "coordinates": [ -64.0803733, -30.9562223 ] } },
{ "type": "Feature", "properties": { "Name": "756.3", "P.K.": null, "Al.Dist. Izq.": null, "Al.Dist. Der.": null, "Ruta": 9 }, "geometry": { "type": "Point", "coordinates": [ -64.0803881, -30.9561064 ] } },
{ "type": "Feature", "properties": { "Name": "756.31", "P.K.": null, "Al.Dist. Izq.": null, "Al.Dist. Der.": null, "Ruta": 9 }, "geometry": { "type": "Point", "coordinates": [ -64.0803762, -30.956017 ] } },
{ "type": "Feature", "properties": { "Name": "756.31", "P.K.": null, "Al.Dist. Izq.": null, "Al.Dist. Der.": null, "Ruta": 9 }, "geometry": { "type": "Point", "coordinates": [ -64.0803677, -30.9560379 ] } },
{ "type": "Feature", "properties": { "Name": "756.32", "P.K.": null, "Al.Dist. Izq.": null, "Al.Dist. Der.": null, "Ruta": 9 }, "geometry": { "type": "Point", "coordinates": [ -64.0801259, -30.955884 ] } },
{ "type": "Feature", "properties": { "Name": "756.35", "P.K.": null, "Al.Dist. Izq.": null, "Al.Dist. Der.": null, "Ruta": 9 }, "geometry": { "type": "Point", "coordinates": [ -64.0804323, -30.955649 ] } },
{ "type": "Feature", "properties": { "Name": "756.37", "P.K.": null, "Al.Dist. Izq.": null, "Al.Dist. Der.": null, "Ruta": 9 }, "geometry": { "type": "Point", "coordinates": [ -64.0802764, -30.9554348 ] } },
{ "type": "Feature", "properties": { "Name": "756.42", "P.K.": null, "Al.Dist. Izq.": null, "Al.Dist. Der.": null, "Ruta": 9 }, "geometry": { "type": "Point", "coordinates": [ -64.0804611, -30.9550311 ] } },
{ "type": "Feature", "properties": { "Name": "756.46", "P.K.": null, "Al.Dist. Izq.": null, "Al.Dist. Der.": null, "Ruta": 9 }, "geometry": { "type": "Point", "coordinates": [ -64.0803629, -30.9546654 ] } },
{ "type": "Feature", "properties": { "Name": "756.55", "P.K.": null, "Al.Dist. Izq.": null, "Al.Dist. Der.": null, "Ruta": 9 }, "geometry": { "type": "Point", "coordinates": [ -64.0801268, -30.953779 ] } },
{ "type": "Feature", "properties": { "Name": "756.68", "P.K.": null, "Al.Dist. Izq.": null, "Al.Dist. Der.": null, "Ruta": 9 }, "geometry": { "type": "Point", "coordinates": [ -64.0800772, -30.9525466 ] } },
{ "type": "Feature", "properties": { "Name": "756.78", "P.K.": null, "Al.Dist. Izq.": null, "Al.Dist. Der.": null, "Ruta": 9 }, "geometry": { "type": "Point", "coordinates": [ -64.0799086, -30.9516573 ] } },
{ "type": "Feature", "properties": { "Name": "756.8", "P.K.": null, "Al.Dist. Izq.": null, "Al.Dist. Der.": null, "Ruta": 9 }, "geometry": { "type": "Point", "coordinates": [ -64.0798992, -30.9514592 ] } },
{ "type": "Feature", "properties": { "Name": "756.84", "P.K.": null, "Al.Dist. Izq.": null, "Al.Dist. Der.": null, "Ruta": 9 }, "geometry": { "type": "Point", "coordinates": [ -64.0797845, -30.9510603 ] } },
{ "type": "Feature", "properties": { "Name": "756.86", "P.K.": null, "Al.Dist. Izq.": null, "Al.Dist. Der.": null, "Ruta": 9 }, "geometry": { "type": "Point", "coordinates": [ -64.0797725, -30.9508714 ] } },
{ "type": "Feature", "properties": { "Name": "756.91", "P.K.": null, "Al.Dist. Izq.": null, "Al.Dist. Der.": null, "Ruta": 9 }, "geometry": { "type": "Point", "coordinates": [ -64.079812, -30.9504614 ] } },
{ "type": "Feature", "properties": { "Name": "756.92", "P.K.": null, "Al.Dist. Izq.": null, "Al.Dist. Der.": null, "Ruta": 9 }, "geometry": { "type": "Point", "coordinates": [ -64.0795431, -30.9503323 ] } },
{ "type": "Feature", "properties": { "Name": "756.94", "P.K.": null, "Al.Dist. Izq.": null, "Al.Dist. Der.": null, "Ruta": 9 }, "geometry": { "type": "Point", "coordinates": [ -64.0795126, -30.9502029 ] } },
{ "type": "Feature", "properties": { "Name": "756.96", "P.K.": null, "Al.Dist. Izq.": null, "Al.Dist. Der.": null, "Ruta": 9 }, "geometry": { "type": "Point", "coordinates": [ -64.0797497, -30.9500143 ] } },
{ "type": "Feature", "properties": { "Name": "757", "P.K.": "PK757", "Al.Dist. Izq.": null, "Al.Dist. Der.": null, "Ruta": 9 }, "geometry": { "type": "Point", "coordinates": [ -64.0796635, -30.9496158 ] } },
{ "type": "Feature", "properties": { "Name": "757.03", "P.K.": null, "Al.Dist. Izq.": null, "Al.Dist. Der.": null, "Ruta": 9 }, "geometry": { "type": "Point", "coordinates": [ -64.0793581, -30.9493624 ] } },
{ "type": "Feature", "properties": { "Name": "757.07", "P.K.": null, "Al.Dist. Izq.": null, "Al.Dist. Der.": null, "Ruta": 9 }, "geometry": { "type": "Point", "coordinates": [ -64.0795995, -30.9489838 ] } },
{ "type": "Feature", "properties": { "Name": "757.11", "P.K.": null, "Al.Dist. Izq.": null, "Al.Dist. Der.": null, "Ruta": 9 }, "geometry": { "type": "Point", "coordinates": [ -64.07957, -30.9486611 ] } },
{ "type": "Feature", "properties": { "Name": "757.15", "P.K.": null, "Al.Dist. Izq.": null, "Al.Dist. Der.": null, "Ruta": 9 }, "geometry": { "type": "Point", "coordinates": [ -64.0795619, -30.9482499 ] } },
{ "type": "Feature", "properties": { "Name": "757.43", "P.K.": null, "Al.Dist. Izq.": null, "Al.Dist. Der.": null, "Ruta": 9 }, "geometry": { "type": "Point", "coordinates": [ -64.0789951, -30.945741 ] } },
{ "type": "Feature", "properties": { "Name": "757.45", "P.K.": null, "Al.Dist. Izq.": null, "Al.Dist. Der.": null, "Ruta": 9 }, "geometry": { "type": "Point", "coordinates": [ -64.0788632, -30.945587 ] } },
{ "type": "Feature", "properties": { "Name": "757.48", "P.K.": null, "Al.Dist. Izq.": null, "Al.Dist. Der.": null, "Ruta": 9 }, "geometry": { "type": "Point", "coordinates": [ -64.0789862, -30.9453586 ] } },
{ "type": "Feature", "properties": { "Name": "757.57", "P.K.": null, "Al.Dist. Izq.": null, "Al.Dist. Der.": null, "Ruta": 9 }, "geometry": { "type": "Point", "coordinates": [ -64.0787623, -30.9446587 ] } },
{ "type": "Feature", "properties": { "Name": "757.59", "P.K.": null, "Al.Dist. Izq.": null, "Al.Dist. Der.": null, "Ruta": 9 }, "geometry": { "type": "Point", "coordinates": [ -64.0787153, -30.9444094 ] } },
{ "type": "Feature", "properties": { "Name": "757.6", "P.K.": null, "Al.Dist. Izq.": null, "Al.Dist. Der.": null, "Ruta": 9 }, "geometry": { "type": "Point", "coordinates": [ -64.0788525, -30.9443583 ] } },
{ "type": "Feature", "properties": { "Name": "757.65", "P.K.": null, "Al.Dist. Izq.": null, "Al.Dist. Der.": null, "Ruta": 9 }, "geometry": { "type": "Point", "coordinates": [ -64.0787, -30.9439 ] } },
{ "type": "Feature", "properties": { "Name": "757.67", "P.K.": null, "Al.Dist. Izq.": null, "Al.Dist. Der.": null, "Ruta": 9 }, "geometry": { "type": "Point", "coordinates": [ -64.0791, -30.9437 ] } },
{ "type": "Feature", "properties": { "Name": "757.67", "P.K.": null, "Al.Dist. Izq.": null, "Al.Dist. Der.": null, "Ruta": 9 }, "geometry": { "type": "Point", "coordinates": [ -64.0791, -30.9437 ] } },
{ "type": "Feature", "properties": { "Name": "757.82", "P.K.": null, "Al.Dist. Izq.": null, "Al.Dist. Der.": null, "Ruta": 9 }, "geometry": { "type": "Point", "coordinates": [ -64.0785983, -30.9423847 ] } },
{ "type": "Feature", "properties": { "Name": "757.96", "P.K.": null, "Al.Dist. Izq.": null, "Al.Dist. Der.": null, "Ruta": 9 }, "geometry": { "type": "Point", "coordinates": [ -64.0784716, -30.9410872 ] } },
{ "type": "Feature", "properties": { "Name": "758", "P.K.": "PK758", "Al.Dist. Izq.": null, "Al.Dist. Der.": null, "Ruta": 9 }, "geometry": { "type": "Point", "coordinates": [ -64.0783864, -30.9408014 ] } },
{ "type": "Feature", "properties": { "Name": "758.03", "P.K.": null, "Al.Dist. Izq.": null, "Al.Dist. Der.": null, "Ruta": 9 }, "geometry": { "type": "Point", "coordinates": [ -64.0784324, -30.9404813 ] } },
{ "type": "Feature", "properties": { "Name": "758.08", "P.K.": null, "Al.Dist. Izq.": null, "Al.Dist. Der.": null, "Ruta": 9 }, "geometry": { "type": "Point", "coordinates": [ -64.0783163, -30.9399718 ] } },
{ "type": "Feature", "properties": { "Name": "758.1", "P.K.": null, "Al.Dist. Izq.": null, "Al.Dist. Der.": null, "Ruta": 9 }, "geometry": { "type": "Point", "coordinates": [ -64.0780817, -30.9397923 ] } },
{ "type": "Feature", "properties": { "Name": "758.16", "P.K.": null, "Al.Dist. Izq.": null, "Al.Dist. Der.": null, "Ruta": 9 }, "geometry": { "type": "Point", "coordinates": [ -64.0782718, -30.939273 ] } },
{ "type": "Feature", "properties": { "Name": "758.22", "P.K.": null, "Al.Dist. Izq.": null, "Al.Dist. Der.": null, "Ruta": 9 }, "geometry": { "type": "Point", "coordinates": [ -64.0781695, -30.9386015 ] } },
{ "type": "Feature", "properties": { "Name": "758.37", "P.K.": null, "Al.Dist. Izq.": null, "Al.Dist. Der.": null, "Ruta": 9 }, "geometry": { "type": "Point", "coordinates": [ -64.0778125, -30.9371671 ] } },
{ "type": "Feature", "properties": { "Name": "758.44", "P.K.": null, "Al.Dist. Izq.": null, "Al.Dist. Der.": null, "Ruta": 9 }, "geometry": { "type": "Point", "coordinates": [ -64.0776193, -30.9365364 ] } },
{ "type": "Feature", "properties": { "Name": "758.46", "P.K.": null, "Al.Dist. Izq.": null, "Al.Dist. Der.": null, "Ruta": 9 }, "geometry": { "type": "Point", "coordinates": [ -64.0776062, -30.936382 ] } },
{ "type": "Feature", "properties": { "Name": "758.53", "P.K.": null, "Al.Dist. Izq.": null, "Al.Dist. Der.": null, "Ruta": 9 }, "geometry": { "type": "Point", "coordinates": [ -64.0775388, -30.9356455 ] } },
{ "type": "Feature", "properties": { "Name": "758.55", "P.K.": null, "Al.Dist. Izq.": null, "Al.Dist. Der.": null, "Ruta": 9 }, "geometry": { "type": "Point", "coordinates": [ -64.077385, -30.9354612 ] } },
{ "type": "Feature", "properties": { "Name": "758.63", "P.K.": null, "Al.Dist. Izq.": null, "Al.Dist. Der.": null, "Ruta": 9 }, "geometry": { "type": "Point", "coordinates": [ -64.0775, -30.9347 ] } },
{ "type": "Feature", "properties": { "Name": "758.64", "P.K.": null, "Al.Dist. Izq.": null, "Al.Dist. Der.": null, "Ruta": 9 }, "geometry": { "type": "Point", "coordinates": [ -64.0775103, -30.9346965 ] } },
{ "type": "Feature", "properties": { "Name": "758.75", "P.K.": null, "Al.Dist. Izq.": null, "Al.Dist. Der.": null, "Ruta": 9 }, "geometry": { "type": "Point", "coordinates": [ -64.0776347, -30.933612 ] } },
{ "type": "Feature", "properties": { "Name": "758.78", "P.K.": null, "Al.Dist. Izq.": null, "Al.Dist. Der.": null, "Ruta": 9 }, "geometry": { "type": "Point", "coordinates": [ -64.0773003, -30.9333241 ] } },
{ "type": "Feature", "properties": { "Name": "758.87", "P.K.": null, "Al.Dist. Izq.": null, "Al.Dist. Der.": null, "Ruta": 9 }, "geometry": { "type": "Point", "coordinates": [ -64.0773353, -30.932426 ] } },
{ "type": "Feature", "properties": { "Name": "758.92", "P.K.": null, "Al.Dist. Izq.": null, "Al.Dist. Der.": null, "Ruta": 9 }, "geometry": { "type": "Point", "coordinates": [ -64.0773186, -30.9319719 ] } },
{ "type": "Feature", "properties": { "Name": "758.96", "P.K.": null, "Al.Dist. Izq.": null, "Al.Dist. Der.": null, "Ruta": 9 }, "geometry": { "type": "Point", "coordinates": [ -64.0771912, -30.9315218 ] } },
{ "type": "Feature", "properties": { "Name": "759", "P.K.": "PK759", "Al.Dist. Izq.": null, "Al.Dist. Der.": null, "Ruta": 9 }, "geometry": { "type": "Point", "coordinates": [ -64.076987, -30.9312172 ] } },
{ "type": "Feature", "properties": { "Name": "759.01", "P.K.": null, "Al.Dist. Izq.": null, "Al.Dist. Der.": null, "Ruta": 9 }, "geometry": { "type": "Point", "coordinates": [ -64.0770732, -30.9310777 ] } },
{ "type": "Feature", "properties": { "Name": "759.04", "P.K.": null, "Al.Dist. Izq.": null, "Al.Dist. Der.": null, "Ruta": 9 }, "geometry": { "type": "Point", "coordinates": [ -64.0769877, -30.9307936 ] } },
{ "type": "Feature", "properties": { "Name": "759.05", "P.K.": null, "Al.Dist. Izq.": null, "Al.Dist. Der.": null, "Ruta": 9 }, "geometry": { "type": "Point", "coordinates": [ -64.0768723, -30.930703 ] } },
{ "type": "Feature", "properties": { "Name": "759.08", "P.K.": null, "Al.Dist. Izq.": null, "Al.Dist. Der.": null, "Ruta": 9 }, "geometry": { "type": "Point", "coordinates": [ -64.0769823, -30.930447 ] } },
{ "type": "Feature", "properties": { "Name": "759.09", "P.K.": null, "Al.Dist. Izq.": null, "Al.Dist. Der.": null, "Ruta": 9 }, "geometry": { "type": "Point", "coordinates": [ -64.0768744, -30.9303702 ] } },
{ "type": "Feature", "properties": { "Name": "759.86", "P.K.": null, "Al.Dist. Izq.": null, "Al.Dist. Der.": null, "Ruta": 9 }, "geometry": { "type": "Point", "coordinates": [ -64.07595, -30.9236028 ] } },
{ "type": "Feature", "properties": { "Name": "759.87", "P.K.": null, "Al.Dist. Izq.": null, "Al.Dist. Der.": null, "Ruta": 9 }, "geometry": { "type": "Point", "coordinates": [ -64.0761045, -30.9234864 ] } },
{ "type": "Feature", "properties": { "Name": "760", "P.K.": "PK760", "Al.Dist. Izq.": null, "Al.Dist. Der.": null, "Ruta": 9 }, "geometry": { "type": "Point", "coordinates": [ -64.0758802, -30.9222939 ] } },
{ "type": "Feature", "properties": { "Name": "760.18", "P.K.": null, "Al.Dist. Izq.": null, "Al.Dist. Der.": null, "Ruta": 9 }, "geometry": { "type": "Point", "coordinates": [ -64.075602, -30.9206999 ] } },
{ "type": "Feature", "properties": { "Name": "760.22", "P.K.": null, "Al.Dist. Izq.": null, "Al.Dist. Der.": null, "Ruta": 9 }, "geometry": { "type": "Point", "coordinates": [ -64.0755624, -30.9203237 ] } },
{ "type": "Feature", "properties": { "Name": "760.29", "P.K.": null, "Al.Dist. Izq.": null, "Al.Dist. Der.": null, "Ruta": 9 }, "geometry": { "type": "Point", "coordinates": [ -64.0755607, -30.9196891 ] } },
{ "type": "Feature", "properties": { "Name": "760.29", "P.K.": null, "Al.Dist. Izq.": null, "Al.Dist. Der.": null, "Ruta": 9 }, "geometry": { "type": "Point", "coordinates": [ -64.0754146, -30.9196733 ] } },
{ "type": "Feature", "properties": { "Name": "760.52", "P.K.": null, "Al.Dist. Izq.": null, "Al.Dist. Der.": null, "Ruta": 9 }, "geometry": { "type": "Point", "coordinates": [ -64.075153, -30.9176355 ] } },
{ "type": "Feature", "properties": { "Name": "760.57", "P.K.": null, "Al.Dist. Izq.": null, "Al.Dist. Der.": null, "Ruta": 9 }, "geometry": { "type": "Point", "coordinates": [ -64.0750424, -30.917229 ] } },
{ "type": "Feature", "properties": { "Name": "761", "P.K.": "PK761", "Al.Dist. Izq.": null, "Al.Dist. Der.": null, "Ruta": 9 }, "geometry": { "type": "Point", "coordinates": [ -64.0744821, -30.9134042 ] } },
{ "type": "Feature", "properties": { "Name": "761.01", "P.K.": null, "Al.Dist. Izq.": null, "Al.Dist. Der.": null, "Ruta": 9 }, "geometry": { "type": "Point", "coordinates": [ -64.0748617, -30.9132084 ] } },
{ "type": "Feature", "properties": { "Name": "761.06", "P.K.": null, "Al.Dist. Izq.": null, "Al.Dist. Der.": null, "Ruta": 9 }, "geometry": { "type": "Point", "coordinates": [ -64.0746035, -30.9128143 ] } },
{ "type": "Feature", "properties": { "Name": "761.06", "P.K.": null, "Al.Dist. Izq.": null, "Al.Dist. Der.": null, "Ruta": 9 }, "geometry": { "type": "Point", "coordinates": [ -64.0744948, -30.9127905 ] } },
{ "type": "Feature", "properties": { "Name": "761.1", "P.K.": null, "Al.Dist. Izq.": null, "Al.Dist. Der.": null, "Ruta": 9 }, "geometry": { "type": "Point", "coordinates": [ -64.0746357, -30.9124021 ] } },
{ "type": "Feature", "properties": { "Name": "761.13", "P.K.": null, "Al.Dist. Izq.": null, "Al.Dist. Der.": null, "Ruta": 9 }, "geometry": { "type": "Point", "coordinates": [ -64.0743494, -30.9122441 ] } },
{ "type": "Feature", "properties": { "Name": "761.14", "P.K.": null, "Al.Dist. Izq.": null, "Al.Dist. Der.": null, "Ruta": 9 }, "geometry": { "type": "Point", "coordinates": [ -64.0745764, -30.9120813 ] } },
{ "type": "Feature", "properties": { "Name": "761.17", "P.K.": null, "Al.Dist. Izq.": null, "Al.Dist. Der.": null, "Ruta": 9 }, "geometry": { "type": "Point", "coordinates": [ -64.0744117, -30.9118026 ] } },
{ "type": "Feature", "properties": { "Name": "761.36", "P.K.": null, "Al.Dist. Izq.": null, "Al.Dist. Der.": null, "Ruta": 9 }, "geometry": { "type": "Point", "coordinates": [ -64.0740255, -30.9101244 ] } },
{ "type": "Feature", "properties": { "Name": "761.37", "P.K.": null, "Al.Dist. Izq.": null, "Al.Dist. Der.": null, "Ruta": 9 }, "geometry": { "type": "Point", "coordinates": [ -64.0741308, -30.9100194 ] } },
{ "type": "Feature", "properties": { "Name": "761.4", "P.K.": null, "Al.Dist. Izq.": null, "Al.Dist. Der.": null, "Ruta": 9 }, "geometry": { "type": "Point", "coordinates": [ -64.0741039, -30.9098129 ] } },
{ "type": "Feature", "properties": { "Name": "761.41", "P.K.": null, "Al.Dist. Izq.": null, "Al.Dist. Der.": null, "Ruta": 9 }, "geometry": { "type": "Point", "coordinates": [ -64.0740744, -30.9096495 ] } },
{ "type": "Feature", "properties": { "Name": "761.43", "P.K.": null, "Al.Dist. Izq.": null, "Al.Dist. Der.": null, "Ruta": 9 }, "geometry": { "type": "Point", "coordinates": [ -64.0740751, -30.9094942 ] } },
{ "type": "Feature", "properties": { "Name": "761.77", "P.K.": null, "Al.Dist. Izq.": null, "Al.Dist. Der.": null, "Ruta": 9 }, "geometry": { "type": "Point", "coordinates": [ -64.0737633, -30.906514 ] } },
{ "type": "Feature", "properties": { "Name": "761.78", "P.K.": null, "Al.Dist. Izq.": null, "Al.Dist. Der.": null, "Ruta": 9 }, "geometry": { "type": "Point", "coordinates": [ -64.0736265, -30.9064436 ] } },
{ "type": "Feature", "properties": { "Name": "762", "P.K.": "PK762", "Al.Dist. Izq.": null, "Al.Dist. Der.": null, "Ruta": 9 }, "geometry": { "type": "Point", "coordinates": [ -64.0734642, -30.9044744 ] } },
{ "type": "Feature", "properties": { "Name": "762.46", "P.K.": null, "Al.Dist. Izq.": null, "Al.Dist. Der.": null, "Ruta": 9 }, "geometry": { "type": "Point", "coordinates": [ -64.0728322, -30.9003881 ] } },
{ "type": "Feature", "properties": { "Name": "762.49", "P.K.": null, "Al.Dist. Izq.": null, "Al.Dist. Der.": null, "Ruta": 9 }, "geometry": { "type": "Point", "coordinates": [ -64.0727684, -30.9000633 ] } },
{ "type": "Feature", "properties": { "Name": "762.49", "P.K.": null, "Al.Dist. Izq.": null, "Al.Dist. Der.": null, "Ruta": 9 }, "geometry": { "type": "Point", "coordinates": [ -64.0729124, -30.9000734 ] } },
{ "type": "Feature", "properties": { "Name": "763", "P.K.": "PK763", "Al.Dist. Izq.": null, "Al.Dist. Der.": null, "Ruta": 9 }, "geometry": { "type": "Point", "coordinates": [ -64.0721459, -30.89555 ] } },
{ "type": "Feature", "properties": { "Name": "763.14", "P.K.": null, "Al.Dist. Izq.": null, "Al.Dist. Der.": null, "Ruta": 9 }, "geometry": { "type": "Point", "coordinates": [ -64.072158, -30.8942792 ] } },
{ "type": "Feature", "properties": { "Name": "763.14", "P.K.": null, "Al.Dist. Izq.": null, "Al.Dist. Der.": null, "Ruta": 9 }, "geometry": { "type": "Point", "coordinates": [ -64.0718519, -30.8943074 ] } },
{ "type": "Feature", "properties": { "Name": "763.46", "P.K.": null, "Al.Dist. Izq.": null, "Al.Dist. Der.": null, "Ruta": 9 }, "geometry": { "type": "Point", "coordinates": [ -64.0715418, -30.8913713 ] } },
{ "type": "Feature", "properties": { "Name": "764", "P.K.": "PK764", "Al.Dist. Izq.": null, "Al.Dist. Der.": null, "Ruta": 9 }, "geometry": { "type": "Point", "coordinates": [ -64.0710157, -30.8864136 ] } },
{ "type": "Feature", "properties": { "Name": "764.43", "P.K.": null, "Al.Dist. Izq.": null, "Al.Dist. Der.": null, "Ruta": 9 }, "geometry": { "type": "Point", "coordinates": [ -64.0705061, -30.8826834 ] } },
{ "type": "Feature", "properties": { "Name": "764.44", "P.K.": null, "Al.Dist. Izq.": null, "Al.Dist. Der.": null, "Ruta": 9 }, "geometry": { "type": "Point", "coordinates": [ -64.0704159, -30.8826773 ] } },
{ "type": "Feature", "properties": { "Name": "764.56", "P.K.": null, "Al.Dist. Izq.": null, "Al.Dist. Der.": null, "Ruta": 9 }, "geometry": { "type": "Point", "coordinates": [ -64.0703194, -30.8816035 ] } },
{ "type": "Feature", "properties": { "Name": "764.61", "P.K.": null, "Al.Dist. Izq.": null, "Al.Dist. Der.": null, "Ruta": 9 }, "geometry": { "type": "Point", "coordinates": [ -64.0701832, -30.8812205 ] } },
{ "type": "Feature", "properties": { "Name": "764.61", "P.K.": null, "Al.Dist. Izq.": null, "Al.Dist. Der.": null, "Ruta": 9 }, "geometry": { "type": "Point", "coordinates": [ -64.0703204, -30.8812291 ] } },
{ "type": "Feature", "properties": { "Name": "765", "P.K.": "PK765", "Al.Dist. Izq.": null, "Al.Dist. Der.": null, "Ruta": 9 }, "geometry": { "type": "Point", "coordinates": [ -64.0697687, -30.8778486 ] } },
{ "type": "Feature", "properties": { "Name": "765.18", "P.K.": null, "Al.Dist. Izq.": null, "Al.Dist. Der.": null, "Ruta": 9 }, "geometry": { "type": "Point", "coordinates": [ -64.0696964, -30.876274 ] } },
{ "type": "Feature", "properties": { "Name": "765.18", "P.K.": null, "Al.Dist. Izq.": null, "Al.Dist. Der.": null, "Ruta": 9 }, "geometry": { "type": "Point", "coordinates": [ -64.0695499, -30.876241 ] } },
{ "type": "Feature", "properties": { "Name": "765.25", "P.K.": null, "Al.Dist. Izq.": null, "Al.Dist. Der.": null, "Ruta": 9 }, "geometry": { "type": "Point", "coordinates": [ -64.0694463, -30.8756271 ] } },
{ "type": "Feature", "properties": { "Name": "765.79", "P.K.": null, "Al.Dist. Izq.": null, "Al.Dist. Der.": null, "Ruta": 9 }, "geometry": { "type": "Point", "coordinates": [ -64.0688578, -30.8707773 ] } },
{ "type": "Feature", "properties": { "Name": "766", "P.K.": "PK766", "Al.Dist. Izq.": null, "Al.Dist. Der.": null, "Ruta": 9 }, "geometry": { "type": "Point", "coordinates": [ -64.0686306, -30.8688884 ] } },
{ "type": "Feature", "properties": { "Name": "766.13", "P.K.": null, "Al.Dist. Izq.": null, "Al.Dist. Der.": null, "Ruta": 9 }, "geometry": { "type": "Point", "coordinates": [ -64.0685102, -30.8677766 ] } },
{ "type": "Feature", "properties": { "Name": "766.14", "P.K.": null, "Al.Dist. Izq.": null, "Al.Dist. Der.": null, "Ruta": 9 }, "geometry": { "type": "Point", "coordinates": [ -64.0683838, -30.8676463 ] } },
{ "type": "Feature", "properties": { "Name": "766.27", "P.K.": null, "Al.Dist. Izq.": null, "Al.Dist. Der.": null, "Ruta": 9 }, "geometry": { "type": "Point", "coordinates": [ -64.0682345, -30.8665823 ] } },
{ "type": "Feature", "properties": { "Name": "766.33", "P.K.": null, "Al.Dist. Izq.": null, "Al.Dist. Der.": null, "Ruta": 9 }, "geometry": { "type": "Point", "coordinates": [ -64.0682, -30.8661 ] } },
{ "type": "Feature", "properties": { "Name": "766.36", "P.K.": null, "Al.Dist. Izq.": null, "Al.Dist. Der.": null, "Ruta": 9 }, "geometry": { "type": "Point", "coordinates": [ -64.0682826, -30.8658266 ] } },
{ "type": "Feature", "properties": { "Name": "766.49", "P.K.": null, "Al.Dist. Izq.": null, "Al.Dist. Der.": null, "Ruta": 9 }, "geometry": { "type": "Point", "coordinates": [ -64.0680844, -30.8646628 ] } },
{ "type": "Feature", "properties": { "Name": "766.51", "P.K.": null, "Al.Dist. Izq.": null, "Al.Dist. Der.": null, "Ruta": 9 }, "geometry": { "type": "Point", "coordinates": [ -64.0679506, -30.8645563 ] } },
{ "type": "Feature", "properties": { "Name": "766.53", "P.K.": null, "Al.Dist. Izq.": null, "Al.Dist. Der.": null, "Ruta": 9 }, "geometry": { "type": "Point", "coordinates": [ -64.0680586, -30.8643574 ] } },
{ "type": "Feature", "properties": { "Name": "766.55", "P.K.": null, "Al.Dist. Izq.": null, "Al.Dist. Der.": null, "Ruta": 9 }, "geometry": { "type": "Point", "coordinates": [ -64.0680157, -30.8641833 ] } },
{ "type": "Feature", "properties": { "Name": "766.66", "P.K.": null, "Al.Dist. Izq.": null, "Al.Dist. Der.": null, "Ruta": 9 }, "geometry": { "type": "Point", "coordinates": [ -64.0677847, -30.8632289 ] } },
{ "type": "Feature", "properties": { "Name": "766.77", "P.K.": null, "Al.Dist. Izq.": null, "Al.Dist. Der.": null, "Ruta": 9 }, "geometry": { "type": "Point", "coordinates": [ -64.0676378, -30.8622176 ] } },
{ "type": "Feature", "properties": { "Name": "766.77", "P.K.": null, "Al.Dist. Izq.": null, "Al.Dist. Der.": null, "Ruta": 9 }, "geometry": { "type": "Point", "coordinates": [ -64.0677713, -30.8622378 ] } },
{ "type": "Feature", "properties": { "Name": "766.91", "P.K.": null, "Al.Dist. Izq.": null, "Al.Dist. Der.": null, "Ruta": 9 }, "geometry": { "type": "Point", "coordinates": [ -64.0672945, -30.861067 ] } },
{ "type": "Feature", "properties": { "Name": "766.93", "P.K.": null, "Al.Dist. Izq.": null, "Al.Dist. Der.": null, "Ruta": 9 }, "geometry": { "type": "Point", "coordinates": [ -64.0666558, -30.860951 ] } },
{ "type": "Feature", "properties": { "Name": "767", "P.K.": "PK767", "Al.Dist. Izq.": null, "Al.Dist. Der.": null, "Ruta": 9 }, "geometry": { "type": "Point", "coordinates": [ -64.0673968, -30.8602579 ] } },
{ "type": "Feature", "properties": { "Name": "767.08", "P.K.": null, "Al.Dist. Izq.": null, "Al.Dist. Der.": null, "Ruta": 9 }, "geometry": { "type": "Point", "coordinates": [ -64.0673726, -30.859558 ] } },
{ "type": "Feature", "properties": { "Name": "767.14", "P.K.": null, "Al.Dist. Izq.": null, "Al.Dist. Der.": null, "Ruta": 9 }, "geometry": { "type": "Point", "coordinates": [ -64.0673508, -30.858975 ] } },
{ "type": "Feature", "properties": { "Name": "767.24", "P.K.": null, "Al.Dist. Izq.": null, "Al.Dist. Der.": null, "Ruta": 9 }, "geometry": { "type": "Point", "coordinates": [ -64.0675413, -30.8580496 ] } },
{ "type": "Feature", "properties": { "Name": "767.32", "P.K.": null, "Al.Dist. Izq.": null, "Al.Dist. Der.": null, "Ruta": 9 }, "geometry": { "type": "Point", "coordinates": [ -64.0675248, -30.8574434 ] } },
{ "type": "Feature", "properties": { "Name": "767.42", "P.K.": null, "Al.Dist. Izq.": null, "Al.Dist. Der.": null, "Ruta": 9 }, "geometry": { "type": "Point", "coordinates": [ -64.0675842, -30.8565291 ] } },
{ "type": "Feature", "properties": { "Name": "767.42", "P.K.": null, "Al.Dist. Izq.": null, "Al.Dist. Der.": null, "Ruta": 9 }, "geometry": { "type": "Point", "coordinates": [ -64.0676794, -30.8565607 ] } },
{ "type": "Feature", "properties": { "Name": "767.98", "P.K.": null, "Al.Dist. Izq.": null, "Al.Dist. Der.": null, "Ruta": 9 }, "geometry": { "type": "Point", "coordinates": [ -64.0682561, -30.8516138 ] } },
{ "type": "Feature", "properties": { "Name": "768", "P.K.": "PK768", "Al.Dist. Izq.": null, "Al.Dist. Der.": null, "Ruta": 9 }, "geometry": { "type": "Point", "coordinates": [ -64.0683395, -30.8514837 ] } },
{ "type": "Feature", "properties": { "Name": "768.28", "P.K.": null, "Al.Dist. Izq.": null, "Al.Dist. Der.": null, "Ruta": 9 }, "geometry": { "type": "Point", "coordinates": [ -64.0686213, -30.8490497 ] } },
{ "type": "Feature", "properties": { "Name": "768.99", "P.K.": null, "Al.Dist. Izq.": null, "Al.Dist. Der.": null, "Ruta": 9 }, "geometry": { "type": "Point", "coordinates": [ -64.0694455, -30.8427924 ] } },
{ "type": "Feature", "properties": { "Name": "769", "P.K.": "PK769", "Al.Dist. Izq.": null, "Al.Dist. Der.": null, "Ruta": 9 }, "geometry": { "type": "Point", "coordinates": [ -64.0694271, -30.8426367 ] } },
{ "type": "Feature", "properties": { "Name": "769.82", "P.K.": null, "Al.Dist. Izq.": null, "Al.Dist. Der.": null, "Ruta": 9 }, "geometry": { "type": "Point", "coordinates": [ -64.0704425, -30.8351027 ] } },
{ "type": "Feature", "properties": { "Name": "769.97", "P.K.": null, "Al.Dist. Izq.": null, "Al.Dist. Der.": null, "Ruta": 9 }, "geometry": { "type": "Point", "coordinates": [ -64.0706811, -30.8337659 ] } },
{ "type": "Feature", "properties": { "Name": "769.98", "P.K.": null, "Al.Dist. Izq.": null, "Al.Dist. Der.": null, "Ruta": 9 }, "geometry": { "type": "Point", "coordinates": [ -64.0705926, -30.8337391 ] } },
{ "type": "Feature", "properties": { "Name": "770", "P.K.": "PK770", "Al.Dist. Izq.": null, "Al.Dist. Der.": null, "Ruta": 9 }, "geometry": { "type": "Point", "coordinates": [ -64.0707009, -30.8335554 ] } },
{ "type": "Feature", "properties": { "Name": "770.98", "P.K.": null, "Al.Dist. Izq.": null, "Al.Dist. Der.": null, "Ruta": 9 }, "geometry": { "type": "Point", "coordinates": [ -64.0716987, -30.8248087 ] } },
{ "type": "Feature", "properties": { "Name": "770.98", "P.K.": null, "Al.Dist. Izq.": null, "Al.Dist. Der.": null, "Ruta": 9 }, "geometry": { "type": "Point", "coordinates": [ -64.0718982, -30.8248582 ] } },
{ "type": "Feature", "properties": { "Name": "771", "P.K.": "PK771", "Al.Dist. Izq.": null, "Al.Dist. Der.": null, "Ruta": 9 }, "geometry": { "type": "Point", "coordinates": [ -64.0717577, -30.8246268 ] } },
{ "type": "Feature", "properties": { "Name": "771.05", "P.K.": null, "Al.Dist. Izq.": null, "Al.Dist. Der.": null, "Ruta": 9 }, "geometry": { "type": "Point", "coordinates": [ -64.0718825, -30.8241975 ] } },
{ "type": "Feature", "properties": { "Name": "771.07", "P.K.": null, "Al.Dist. Izq.": null, "Al.Dist. Der.": null, "Ruta": 9 }, "geometry": { "type": "Point", "coordinates": [ -64.0719057, -30.8240167 ] } },
{ "type": "Feature", "properties": { "Name": "771.62", "P.K.": null, "Al.Dist. Izq.": null, "Al.Dist. Der.": null, "Ruta": 9 }, "geometry": { "type": "Point", "coordinates": [ -64.072525, -30.8192263 ] } },
{ "type": "Feature", "properties": { "Name": "772", "P.K.": "PK772", "Al.Dist. Izq.": null, "Al.Dist. Der.": null, "Ruta": 9 }, "geometry": { "type": "Point", "coordinates": [ -64.0730133, -30.8158717 ] } },
{ "type": "Feature", "properties": { "Name": "772.22", "P.K.": null, "Al.Dist. Izq.": null, "Al.Dist. Der.": null, "Ruta": 9 }, "geometry": { "type": "Point", "coordinates": [ -64.0732399, -30.8139408 ] } },
{ "type": "Feature", "properties": { "Name": "772.56", "P.K.": null, "Al.Dist. Izq.": null, "Al.Dist. Der.": null, "Ruta": 9 }, "geometry": { "type": "Point", "coordinates": [ -64.0735858, -30.8108662 ] } },
{ "type": "Feature", "properties": { "Name": "772.7", "P.K.": null, "Al.Dist. Izq.": null, "Al.Dist. Der.": null, "Ruta": 9 }, "geometry": { "type": "Point", "coordinates": [ -64.0737575, -30.8095638 ] } },
{ "type": "Feature", "properties": { "Name": "772.7", "P.K.": null, "Al.Dist. Izq.": null, "Al.Dist. Der.": null, "Ruta": 9 }, "geometry": { "type": "Point", "coordinates": [ -64.0738468, -30.8096025 ] } },
{ "type": "Feature", "properties": { "Name": "772.72", "P.K.": null, "Al.Dist. Izq.": null, "Al.Dist. Der.": null, "Ruta": 9 }, "geometry": { "type": "Point", "coordinates": [ -64.0737995, -30.8094294 ] } },
{ "type": "Feature", "properties": { "Name": "772.81", "P.K.": null, "Al.Dist. Izq.": null, "Al.Dist. Der.": null, "Ruta": 9 }, "geometry": { "type": "Point", "coordinates": [ -64.0738782, -30.80859 ] } },
{ "type": "Feature", "properties": { "Name": "772.88", "P.K.": null, "Al.Dist. Izq.": null, "Al.Dist. Der.": null, "Ruta": 9 }, "geometry": { "type": "Point", "coordinates": [ -64.07388, -30.8080005 ] } },
{ "type": "Feature", "properties": { "Name": "772.94", "P.K.": null, "Al.Dist. Izq.": null, "Al.Dist. Der.": null, "Ruta": 9 }, "geometry": { "type": "Point", "coordinates": [ -64.0740467, -30.8074769 ] } },
{ "type": "Feature", "properties": { "Name": "773", "P.K.": "PK773", "Al.Dist. Izq.": null, "Al.Dist. Der.": null, "Ruta": 9 }, "geometry": { "type": "Point", "coordinates": [ -64.0739993, -30.8068821 ] } },
{ "type": "Feature", "properties": { "Name": "773.13", "P.K.": null, "Al.Dist. Izq.": null, "Al.Dist. Der.": null, "Ruta": 9 }, "geometry": { "type": "Point", "coordinates": [ -64.0739936, -30.8056743 ] } },
{ "type": "Feature", "properties": { "Name": "773.22", "P.K.": null, "Al.Dist. Izq.": null, "Al.Dist. Der.": null, "Ruta": 9 }, "geometry": { "type": "Point", "coordinates": [ -64.0736121, -30.8049846 ] } },
{ "type": "Feature", "properties": { "Name": "773.23", "P.K.": null, "Al.Dist. Izq.": null, "Al.Dist. Der.": null, "Ruta": 9 }, "geometry": { "type": "Point", "coordinates": [ -64.0736999, -30.8048758 ] } },
{ "type": "Feature", "properties": { "Name": "773.43", "P.K.": null, "Al.Dist. Izq.": null, "Al.Dist. Der.": null, "Ruta": 9 }, "geometry": { "type": "Point", "coordinates": [ -64.0730435, -30.8031606 ] } },
{ "type": "Feature", "properties": { "Name": "773.43", "P.K.": null, "Al.Dist. Izq.": null, "Al.Dist. Der.": null, "Ruta": 9 }, "geometry": { "type": "Point", "coordinates": [ -64.0728605, -30.8031523 ] } },
{ "type": "Feature", "properties": { "Name": "773.52", "P.K.": null, "Al.Dist. Izq.": null, "Al.Dist. Der.": null, "Ruta": 9 }, "geometry": { "type": "Point", "coordinates": [ -64.0726277, -30.8024205 ] } },
{ "type": "Feature", "properties": { "Name": "773.61", "P.K.": null, "Al.Dist. Izq.": null, "Al.Dist. Der.": null, "Ruta": 9 }, "geometry": { "type": "Point", "coordinates": [ -64.0723323, -30.8016412 ] } },
{ "type": "Feature", "properties": { "Name": "773.65", "P.K.": null, "Al.Dist. Izq.": null, "Al.Dist. Der.": null, "Ruta": 9 }, "geometry": { "type": "Point", "coordinates": [ -64.0721238, -30.8012876 ] } },
{ "type": "Feature", "properties": { "Name": "773.73", "P.K.": null, "Al.Dist. Izq.": null, "Al.Dist. Der.": null, "Ruta": 9 }, "geometry": { "type": "Point", "coordinates": [ -64.0718592, -30.8006136 ] } },
{ "type": "Feature", "properties": { "Name": "773.92", "P.K.": null, "Al.Dist. Izq.": null, "Al.Dist. Der.": null, "Ruta": 9 }, "geometry": { "type": "Point", "coordinates": [ -64.0712507, -30.7989831 ] } },
{ "type": "Feature", "properties": { "Name": "774", "P.K.": "PK774", "Al.Dist. Izq.": null, "Al.Dist. Der.": null, "Ruta": 9 }, "geometry": { "type": "Point", "coordinates": [ -64.07084, -30.7983276 ] } },
{ "type": "Feature", "properties": { "Name": "774.21", "P.K.": null, "Al.Dist. Izq.": null, "Al.Dist. Der.": null, "Ruta": 9 }, "geometry": { "type": "Point", "coordinates": [ -64.070201, -30.7965201 ] } },
{ "type": "Feature", "properties": { "Name": "774.28", "P.K.": null, "Al.Dist. Izq.": null, "Al.Dist. Der.": null, "Ruta": 9 }, "geometry": { "type": "Point", "coordinates": [ -64.0699948, -30.7959439 ] } },
{ "type": "Feature", "properties": { "Name": "774.3", "P.K.": null, "Al.Dist. Izq.": null, "Al.Dist. Der.": null, "Ruta": 9 }, "geometry": { "type": "Point", "coordinates": [ -64.069908, -30.7957267 ] } },
{ "type": "Feature", "properties": { "Name": "774.3", "P.K.": null, "Al.Dist. Izq.": null, "Al.Dist. Der.": null, "Ruta": 9 }, "geometry": { "type": "Point", "coordinates": [ -64.069908, -30.7957267 ] } },
{ "type": "Feature", "properties": { "Name": "774.39", "P.K.": null, "Al.Dist. Izq.": null, "Al.Dist. Der.": null, "Ruta": 9 }, "geometry": { "type": "Point", "coordinates": [ -64.069687, -30.7949318 ] } },
{ "type": "Feature", "properties": { "Name": "774.42", "P.K.": null, "Al.Dist. Izq.": null, "Al.Dist. Der.": null, "Ruta": 9 }, "geometry": { "type": "Point", "coordinates": [ -64.0696015, -30.7947495 ] } },
{ "type": "Feature", "properties": { "Name": "774.42", "P.K.": null, "Al.Dist. Izq.": null, "Al.Dist. Der.": null, "Ruta": 9 }, "geometry": { "type": "Point", "coordinates": [ -64.0694976, -30.7947446 ] } },
{ "type": "Feature", "properties": { "Name": "774.47", "P.K.": null, "Al.Dist. Izq.": null, "Al.Dist. Der.": null, "Ruta": 9 }, "geometry": { "type": "Point", "coordinates": [ -64.0693388, -30.79433 ] } },
{ "type": "Feature", "properties": { "Name": "774.5", "P.K.": null, "Al.Dist. Izq.": null, "Al.Dist. Der.": null, "Ruta": 9 }, "geometry": { "type": "Point", "coordinates": [ -64.0692194, -30.7939427 ] } },
{ "type": "Feature", "properties": { "Name": "774.58", "P.K.": null, "Al.Dist. Izq.": null, "Al.Dist. Der.": null, "Ruta": 9 }, "geometry": { "type": "Point", "coordinates": [ -64.0689191, -30.7933055 ] } },
{ "type": "Feature", "properties": { "Name": "774.59", "P.K.": null, "Al.Dist. Izq.": null, "Al.Dist. Der.": null, "Ruta": 9 }, "geometry": { "type": "Point", "coordinates": [ -64.0687891, -30.7932055 ] } },
{ "type": "Feature", "properties": { "Name": "774.6", "P.K.": null, "Al.Dist. Izq.": null, "Al.Dist. Der.": null, "Ruta": 9 }, "geometry": { "type": "Point", "coordinates": [ -64.0689, -30.7931 ] } },
{ "type": "Feature", "properties": { "Name": "774.62", "P.K.": null, "Al.Dist. Izq.": null, "Al.Dist. Der.": null, "Ruta": 9 }, "geometry": { "type": "Point", "coordinates": [ -64.0687433, -30.7929656 ] } },
{ "type": "Feature", "properties": { "Name": "774.82", "P.K.": null, "Al.Dist. Izq.": null, "Al.Dist. Der.": null, "Ruta": 9 }, "geometry": { "type": "Point", "coordinates": [ -64.0681724, -30.791238 ] } },
{ "type": "Feature", "properties": { "Name": "774.82", "P.K.": null, "Al.Dist. Izq.": null, "Al.Dist. Der.": null, "Ruta": 9 }, "geometry": { "type": "Point", "coordinates": [ -64.0681724, -30.791238 ] } },
{ "type": "Feature", "properties": { "Name": "774.83", "P.K.": null, "Al.Dist. Izq.": null, "Al.Dist. Der.": null, "Ruta": 9 }, "geometry": { "type": "Point", "coordinates": [ -64.0683157, -30.7911704 ] } },
{ "type": "Feature", "properties": { "Name": "774.88", "P.K.": null, "Al.Dist. Izq.": null, "Al.Dist. Der.": null, "Ruta": 9 }, "geometry": { "type": "Point", "coordinates": [ -64.0682494, -30.7906548 ] } },
{ "type": "Feature", "properties": { "Name": "774.92", "P.K.": null, "Al.Dist. Izq.": null, "Al.Dist. Der.": null, "Ruta": 9 }, "geometry": { "type": "Point", "coordinates": [ -64.0682983, -30.7903176 ] } },
{ "type": "Feature", "properties": { "Name": "775", "P.K.": "PK775", "Al.Dist. Izq.": null, "Al.Dist. Der.": null, "Ruta": 9 }, "geometry": { "type": "Point", "coordinates": [ -64.0681724, -30.791238 ] } },
{ "type": "Feature", "properties": { "Name": "775", "P.K.": null, "Al.Dist. Izq.": null, "Al.Dist. Der.": null, "Ruta": 9 }, "geometry": { "type": "Point", "coordinates": [ -64.0681724, -30.791238 ] } },
{ "type": "Feature", "properties": { "Name": "775.05", "P.K.": null, "Al.Dist. Izq.": null, "Al.Dist. Der.": null, "Ruta": 9 }, "geometry": { "type": "Point", "coordinates": [ -64.0685182, -30.7891237 ] } },
{ "type": "Feature", "properties": { "Name": "775.1", "P.K.": null, "Al.Dist. Izq.": null, "Al.Dist. Der.": null, "Ruta": 9 }, "geometry": { "type": "Point", "coordinates": [ -64.0685, -30.7887 ] } },
{ "type": "Feature", "properties": { "Name": "775.15", "P.K.": null, "Al.Dist. Izq.": null, "Al.Dist. Der.": null, "Ruta": 9 }, "geometry": { "type": "Point", "coordinates": [ -64.0683502, -30.7882693 ] } },
{ "type": "Feature", "properties": { "Name": "775.23", "P.K.": null, "Al.Dist. Izq.": null, "Al.Dist. Der.": null, "Ruta": 9 }, "geometry": { "type": "Point", "coordinates": [ -64.0681454, -30.7876041 ] } },
{ "type": "Feature", "properties": { "Name": "775.25", "P.K.": null, "Al.Dist. Izq.": null, "Al.Dist. Der.": null, "Ruta": 9 }, "geometry": { "type": "Point", "coordinates": [ -64.068131, -30.7873991 ] } },
{ "type": "Feature", "properties": { "Name": "775.32", "P.K.": null, "Al.Dist. Izq.": null, "Al.Dist. Der.": null, "Ruta": 9 }, "geometry": { "type": "Point", "coordinates": [ -64.0677381, -30.7867141 ] } },
{ "type": "Feature", "properties": { "Name": "775.39", "P.K.": null, "Al.Dist. Izq.": null, "Al.Dist. Der.": null, "Ruta": 9 }, "geometry": { "type": "Point", "coordinates": [ -64.0670167, -30.7864114 ] } },
{ "type": "Feature", "properties": { "Name": "775.41", "P.K.": null, "Al.Dist. Izq.": null, "Al.Dist. Der.": null, "Ruta": 9 }, "geometry": { "type": "Point", "coordinates": [ -64.066873, -30.7863391 ] } },
{ "type": "Feature", "properties": { "Name": "775.44", "P.K.": null, "Al.Dist. Izq.": null, "Al.Dist. Der.": null, "Ruta": 9 }, "geometry": { "type": "Point", "coordinates": [ -64.0666424, -30.7861569 ] } },
{ "type": "Feature", "properties": { "Name": "775.46", "P.K.": null, "Al.Dist. Izq.": null, "Al.Dist. Der.": null, "Ruta": 9 }, "geometry": { "type": "Point", "coordinates": [ -64.0665314, -30.7860367 ] } },
{ "type": "Feature", "properties": { "Name": "775.46", "P.K.": null, "Al.Dist. Izq.": null, "Al.Dist. Der.": null, "Ruta": 9 }, "geometry": { "type": "Point", "coordinates": [ -64.0665314, -30.7860367 ] } },
{ "type": "Feature", "properties": { "Name": "775.48", "P.K.": null, "Al.Dist. Izq.": null, "Al.Dist. Der.": null, "Ruta": 9 }, "geometry": { "type": "Point", "coordinates": [ -64.0662526, -30.7859126 ] } },
{ "type": "Feature", "properties": { "Name": "775.5", "P.K.": null, "Al.Dist. Izq.": null, "Al.Dist. Der.": null, "Ruta": 9 }, "geometry": { "type": "Point", "coordinates": [ -64.0662354, -30.7858001 ] } },
{ "type": "Feature", "properties": { "Name": "775.61", "P.K.": null, "Al.Dist. Izq.": null, "Al.Dist. Der.": null, "Ruta": 9 }, "geometry": { "type": "Point", "coordinates": [ -64.0656925, -30.7848825 ] } },
{ "type": "Feature", "properties": { "Name": "775.64", "P.K.": null, "Al.Dist. Izq.": null, "Al.Dist. Der.": null, "Ruta": 9 }, "geometry": { "type": "Point", "coordinates": [ -64.0655323, -30.7846469 ] } },
{ "type": "Feature", "properties": { "Name": "775.67", "P.K.": null, "Al.Dist. Izq.": null, "Al.Dist. Der.": null, "Ruta": 9 }, "geometry": { "type": "Point", "coordinates": [ -64.0654213, -30.7843799 ] } },
{ "type": "Feature", "properties": { "Name": "775.67", "P.K.": null, "Al.Dist. Izq.": null, "Al.Dist. Der.": null, "Ruta": 9 }, "geometry": { "type": "Point", "coordinates": [ -64.0654169, -30.7844113 ] } },
{ "type": "Feature", "properties": { "Name": "775.7", "P.K.": null, "Al.Dist. Izq.": null, "Al.Dist. Der.": null, "Ruta": 9 }, "geometry": { "type": "Point", "coordinates": [ -64.0654002, -30.7841063 ] } },
{ "type": "Feature", "properties": { "Name": "775.82", "P.K.": null, "Al.Dist. Izq.": null, "Al.Dist. Der.": null, "Ruta": 9 }, "geometry": { "type": "Point", "coordinates": [ -64.0649751, -30.7829754 ] } },
{ "type": "Feature", "properties": { "Name": "775.88", "P.K.": null, "Al.Dist. Izq.": null, "Al.Dist. Der.": null, "Ruta": 9 }, "geometry": { "type": "Point", "coordinates": [ -64.0647209, -30.782544 ] } },
{ "type": "Feature", "properties": { "Name": "775.95", "P.K.": null, "Al.Dist. Izq.": null, "Al.Dist. Der.": null, "Ruta": 9 }, "geometry": { "type": "Point", "coordinates": [ -64.0644849, -30.781954 ] } },
{ "type": "Feature", "properties": { "Name": "776", "P.K.": "PK776", "Al.Dist. Izq.": null, "Al.Dist. Der.": null, "Ruta": 9 }, "geometry": { "type": "Point", "coordinates": [ -64.0643072, -30.7814866 ] } },
{ "type": "Feature", "properties": { "Name": "776.05", "P.K.": null, "Al.Dist. Izq.": null, "Al.Dist. Der.": null, "Ruta": 9 }, "geometry": { "type": "Point", "coordinates": [ -64.0641697, -30.7810703 ] } },
{ "type": "Feature", "properties": { "Name": "776.21", "P.K.": null, "Al.Dist. Izq.": null, "Al.Dist. Der.": null, "Ruta": 9 }, "geometry": { "type": "Point", "coordinates": [ -64.0638324, -30.7797104 ] } },
{ "type": "Feature", "properties": { "Name": "776.25", "P.K.": null, "Al.Dist. Izq.": null, "Al.Dist. Der.": null, "Ruta": 9 }, "geometry": { "type": "Point", "coordinates": [ -64.0634023, -30.7794941 ] } },
{ "type": "Feature", "properties": { "Name": "776.55", "P.K.": null, "Al.Dist. Izq.": null, "Al.Dist. Der.": null, "Ruta": 9 }, "geometry": { "type": "Point", "coordinates": [ -64.0626509, -30.7769296 ] } },
{ "type": "Feature", "properties": { "Name": "776.55", "P.K.": null, "Al.Dist. Izq.": null, "Al.Dist. Der.": null, "Ruta": 9 }, "geometry": { "type": "Point", "coordinates": [ -64.0623978, -30.7769868 ] } },
{ "type": "Feature", "properties": { "Name": "776.7", "P.K.": null, "Al.Dist. Izq.": null, "Al.Dist. Der.": null, "Ruta": 9 }, "geometry": { "type": "Point", "coordinates": [ -64.0619203, -30.7757615 ] } },
{ "type": "Feature", "properties": { "Name": "776.71", "P.K.": null, "Al.Dist. Izq.": null, "Al.Dist. Der.": null, "Ruta": 9 }, "geometry": { "type": "Point", "coordinates": [ -64.0618503, -30.7756342 ] } },
{ "type": "Feature", "properties": { "Name": "776.75", "P.K.": null, "Al.Dist. Izq.": null, "Al.Dist. Der.": null, "Ruta": 9 }, "geometry": { "type": "Point", "coordinates": [ -64.0619006, -30.7752539 ] } },
{ "type": "Feature", "properties": { "Name": "777.02", "P.K.": null, "Al.Dist. Izq.": null, "Al.Dist. Der.": null, "Ruta": 9 }, "geometry": { "type": "Point", "coordinates": [ -64.0608957, -30.7730477 ] } },
{ "type": "Feature", "properties": { "Name": "777.47", "P.K.": null, "Al.Dist. Izq.": null, "Al.Dist. Der.": null, "Ruta": 9 }, "geometry": { "type": "Point", "coordinates": [ -64.0595372, -30.7693041 ] } },
{ "type": "Feature", "properties": { "Name": "777.57", "P.K.": null, "Al.Dist. Izq.": null, "Al.Dist. Der.": null, "Ruta": 9 }, "geometry": { "type": "Point", "coordinates": [ -64.0591167, -30.7685888 ] } },
{ "type": "Feature", "properties": { "Name": "777.95", "P.K.": null, "Al.Dist. Izq.": null, "Al.Dist. Der.": null, "Ruta": 9 }, "geometry": { "type": "Point", "coordinates": [ -64.0578384, -30.7653929 ] } },
{ "type": "Feature", "properties": { "Name": "778", "P.K.": "PK778", "Al.Dist. Izq.": null, "Al.Dist. Der.": null, "Ruta": 9 }, "geometry": { "type": "Point", "coordinates": [ -64.0576803, -30.7649685 ] } },
{ "type": "Feature", "properties": { "Name": "778.31", "P.K.": null, "Al.Dist. Izq.": null, "Al.Dist. Der.": null, "Ruta": 9 }, "geometry": { "type": "Point", "coordinates": [ -64.0570559, -30.762248 ] } },
{ "type": "Feature", "properties": { "Name": "778.42", "P.K.": null, "Al.Dist. Izq.": null, "Al.Dist. Der.": null, "Ruta": 9 }, "geometry": { "type": "Point", "coordinates": [ -64.0570758, -30.7612519 ] } },
{ "type": "Feature", "properties": { "Name": "778.64", "P.K.": null, "Al.Dist. Izq.": null, "Al.Dist. Der.": null, "Ruta": 9 }, "geometry": { "type": "Point", "coordinates": [ -64.0571087, -30.7591688 ] } },
{ "type": "Feature", "properties": { "Name": "778.66", "P.K.": null, "Al.Dist. Izq.": null, "Al.Dist. Der.": null, "Ruta": 9 }, "geometry": { "type": "Point", "coordinates": [ -64.0571121, -30.7589877 ] } },
{ "type": "Feature", "properties": { "Name": "778.71", "P.K.": null, "Al.Dist. Izq.": null, "Al.Dist. Der.": null, "Ruta": 9 }, "geometry": { "type": "Point", "coordinates": [ -64.0570783, -30.7585593 ] } },
{ "type": "Feature", "properties": { "Name": "778.71", "P.K.": null, "Al.Dist. Izq.": null, "Al.Dist. Der.": null, "Ruta": 9 }, "geometry": { "type": "Point", "coordinates": [ -64.0571688, -30.7585621 ] } },
{ "type": "Feature", "properties": { "Name": "778.78", "P.K.": null, "Al.Dist. Izq.": null, "Al.Dist. Der.": null, "Ruta": 9 }, "geometry": { "type": "Point", "coordinates": [ -64.0567, -30.7579 ] } },
{ "type": "Feature", "properties": { "Name": "779", "P.K.": "PK779", "Al.Dist. Izq.": null, "Al.Dist. Der.": null, "Ruta": 9 }, "geometry": { "type": "Point", "coordinates": [ -64.0567782, -30.755893 ] } },
{ "type": "Feature", "properties": { "Name": "779.7", "P.K.": null, "Al.Dist. Izq.": null, "Al.Dist. Der.": null, "Ruta": 9 }, "geometry": { "type": "Point", "coordinates": [ -64.0574266, -30.749536 ] } },
{ "type": "Feature", "properties": { "Name": "780", "P.K.": "PK780", "Al.Dist. Izq.": null, "Al.Dist. Der.": null, "Ruta": 9 }, "geometry": { "type": "Point", "coordinates": [ -64.0574179, -30.7466963 ] } },
{ "type": "Feature", "properties": { "Name": "780.03", "P.K.": null, "Al.Dist. Izq.": null, "Al.Dist. Der.": null, "Ruta": 9 }, "geometry": { "type": "Point", "coordinates": [ -64.0574427, -30.7464531 ] } },
{ "type": "Feature", "properties": { "Name": "780.03", "P.K.": null, "Al.Dist. Izq.": null, "Al.Dist. Der.": null, "Ruta": 9 }, "geometry": { "type": "Point", "coordinates": [ -64.057343, -30.7464422 ] } },
{ "type": "Feature", "properties": { "Name": "780.64", "P.K.": null, "Al.Dist. Izq.": null, "Al.Dist. Der.": null, "Ruta": 9 }, "geometry": { "type": "Point", "coordinates": [ -64.0575262, -30.7409211 ] } },
{ "type": "Feature", "properties": { "Name": "780.64", "P.K.": null, "Al.Dist. Izq.": null, "Al.Dist. Der.": null, "Ruta": 9 }, "geometry": { "type": "Point", "coordinates": [ -64.0574405, -30.7409158 ] } },
{ "type": "Feature", "properties": { "Name": "780.76", "P.K.": null, "Al.Dist. Izq.": null, "Al.Dist. Der.": null, "Ruta": 9 }, "geometry": { "type": "Point", "coordinates": [ -64.0574877, -30.7399079 ] } },
{ "type": "Feature", "properties": { "Name": "781", "P.K.": "PK781", "Al.Dist. Izq.": null, "Al.Dist. Der.": null, "Ruta": 9 }, "geometry": { "type": "Point", "coordinates": [ -64.0574615, -30.7376564 ] } },
{ "type": "Feature", "properties": { "Name": "781.04", "P.K.": null, "Al.Dist. Izq.": null, "Al.Dist. Der.": null, "Ruta": 9 }, "geometry": { "type": "Point", "coordinates": [ -64.0575341, -30.7373226 ] } },
{ "type": "Feature", "properties": { "Name": "781.04", "P.K.": null, "Al.Dist. Izq.": null, "Al.Dist. Der.": null, "Ruta": 9 }, "geometry": { "type": "Point", "coordinates": [ -64.0576077, -30.7373296 ] } },
{ "type": "Feature", "properties": { "Name": "781.53", "P.K.": null, "Al.Dist. Izq.": null, "Al.Dist. Der.": null, "Ruta": 9 }, "geometry": { "type": "Point", "coordinates": [ -64.0576133, -30.7329696 ] } },
{ "type": "Feature", "properties": { "Name": "781.53", "P.K.": null, "Al.Dist. Izq.": null, "Al.Dist. Der.": null, "Ruta": 9 }, "geometry": { "type": "Point", "coordinates": [ -64.057718, -30.7329801 ] } },
{ "type": "Feature", "properties": { "Name": "781.62", "P.K.": null, "Al.Dist. Izq.": null, "Al.Dist. Der.": null, "Ruta": 9 }, "geometry": { "type": "Point", "coordinates": [ -64.0578286, -30.7321792 ] } },
{ "type": "Feature", "properties": { "Name": "781.73", "P.K.": null, "Al.Dist. Izq.": null, "Al.Dist. Der.": null, "Ruta": 9 }, "geometry": { "type": "Point", "coordinates": [ -64.0576804, -30.7312022 ] } },
{ "type": "Feature", "properties": { "Name": "782", "P.K.": "PK782", "Al.Dist. Izq.": null, "Al.Dist. Der.": null, "Ruta": 9 }, "geometry": { "type": "Point", "coordinates": [ -64.057783, -30.7288349 ] } },
{ "type": "Feature", "properties": { "Name": "782.2", "P.K.": null, "Al.Dist. Izq.": null, "Al.Dist. Der.": null, "Ruta": 9 }, "geometry": { "type": "Point", "coordinates": [ -64.0576456, -30.7270363 ] } },
{ "type": "Feature", "properties": { "Name": "782.24", "P.K.": null, "Al.Dist. Izq.": null, "Al.Dist. Der.": null, "Ruta": 9 }, "geometry": { "type": "Point", "coordinates": [ -64.0576171, -30.7266694 ] } },
{ "type": "Feature", "properties": { "Name": "782.41", "P.K.": null, "Al.Dist. Izq.": null, "Al.Dist. Der.": null, "Ruta": 9 }, "geometry": { "type": "Point", "coordinates": [ -64.0579654, -30.7252332 ] } },
{ "type": "Feature", "properties": { "Name": "782.87", "P.K.": null, "Al.Dist. Izq.": null, "Al.Dist. Der.": null, "Ruta": 9 }, "geometry": { "type": "Point", "coordinates": [ -64.057899, -30.7212241 ] } },
{ "type": "Feature", "properties": { "Name": "783", "P.K.": "PK783", "Al.Dist. Izq.": null, "Al.Dist. Der.": null, "Ruta": 9 }, "geometry": { "type": "Point", "coordinates": [ -64.0578771, -30.7200284 ] } },
{ "type": "Feature", "properties": { "Name": "783.03", "P.K.": null, "Al.Dist. Izq.": null, "Al.Dist. Der.": null, "Ruta": 9 }, "geometry": { "type": "Point", "coordinates": [ -64.0579688, -30.7197657 ] } },
{ "type": "Feature", "properties": { "Name": "783.04", "P.K.": null, "Al.Dist. Izq.": null, "Al.Dist. Der.": null, "Ruta": 9 }, "geometry": { "type": "Point", "coordinates": [ -64.0578858, -30.7196935 ] } },
{ "type": "Feature", "properties": { "Name": "783.3", "P.K.": null, "Al.Dist. Izq.": null, "Al.Dist. Der.": null, "Ruta": 9 }, "geometry": { "type": "Point", "coordinates": [ -64.0580221, -30.7172909 ] } },
{ "type": "Feature", "properties": { "Name": "783.31", "P.K.": null, "Al.Dist. Izq.": null, "Al.Dist. Der.": null, "Ruta": 9 }, "geometry": { "type": "Point", "coordinates": [ -64.0577096, -30.7172209 ] } },
{ "type": "Feature", "properties": { "Name": "783.47", "P.K.": null, "Al.Dist. Izq.": null, "Al.Dist. Der.": null, "Ruta": 9 }, "geometry": { "type": "Point", "coordinates": [ -64.0580102, -30.7157904 ] } },
{ "type": "Feature", "properties": { "Name": "783.52", "P.K.": null, "Al.Dist. Izq.": null, "Al.Dist. Der.": null, "Ruta": 9 }, "geometry": { "type": "Point", "coordinates": [ -64.0579845, -30.7153099 ] } },
{ "type": "Feature", "properties": { "Name": "783.57", "P.K.": null, "Al.Dist. Izq.": null, "Al.Dist. Der.": null, "Ruta": 9 }, "geometry": { "type": "Point", "coordinates": [ -64.0582, -30.7149 ] } },
{ "type": "Feature", "properties": { "Name": "783.57", "P.K.": null, "Al.Dist. Izq.": null, "Al.Dist. Der.": null, "Ruta": 9 }, "geometry": { "type": "Point", "coordinates": [ -64.0580114, -30.7148697 ] } },
{ "type": "Feature", "properties": { "Name": "783.58", "P.K.": null, "Al.Dist. Izq.": null, "Al.Dist. Der.": null, "Ruta": 9 }, "geometry": { "type": "Point", "coordinates": [ -64.0580892, -30.7148017 ] } },
{ "type": "Feature", "properties": { "Name": "783.58", "P.K.": null, "Al.Dist. Izq.": null, "Al.Dist. Der.": null, "Ruta": 9 }, "geometry": { "type": "Point", "coordinates": [ -64.0580892, -30.7148017 ] } },
{ "type": "Feature", "properties": { "Name": "783.96", "P.K.": null, "Al.Dist. Izq.": null, "Al.Dist. Der.": null, "Ruta": 9 }, "geometry": { "type": "Point", "coordinates": [ -64.0580526, -30.7113355 ] } },
{ "type": "Feature", "properties": { "Name": "784", "P.K.": "PK784", "Al.Dist. Izq.": null, "Al.Dist. Der.": null, "Ruta": 9 }, "geometry": { "type": "Point", "coordinates": [ -64.0581243, -30.7110314 ] } },
{ "type": "Feature", "properties": { "Name": "784.07", "P.K.": null, "Al.Dist. Izq.": null, "Al.Dist. Der.": null, "Ruta": 9 }, "geometry": { "type": "Point", "coordinates": [ -64.0580576, -30.7103603 ] } },
{ "type": "Feature", "properties": { "Name": "784.09", "P.K.": null, "Al.Dist. Izq.": null, "Al.Dist. Der.": null, "Ruta": 9 }, "geometry": { "type": "Point", "coordinates": [ -64.0580234, -30.7101404 ] } },
{ "type": "Feature", "properties": { "Name": "784.1", "P.K.": null, "Al.Dist. Izq.": null, "Al.Dist. Der.": null, "Ruta": 9 }, "geometry": { "type": "Point", "coordinates": [ -64.0581066, -30.7100098 ] } },
{ "type": "Feature", "properties": { "Name": "784.13", "P.K.": null, "Al.Dist. Izq.": null, "Al.Dist. Der.": null, "Ruta": 9 }, "geometry": { "type": "Point", "coordinates": [ -64.0580714, -30.7097103 ] } },
{ "type": "Feature", "properties": { "Name": "784.14", "P.K.": null, "Al.Dist. Izq.": null, "Al.Dist. Der.": null, "Ruta": 9 }, "geometry": { "type": "Point", "coordinates": [ -64.0582, -30.7096 ] } },
{ "type": "Feature", "properties": { "Name": "784.16", "P.K.": null, "Al.Dist. Izq.": null, "Al.Dist. Der.": null, "Ruta": 9 }, "geometry": { "type": "Point", "coordinates": [ -64.0580707, -30.7094653 ] } },
{ "type": "Feature", "properties": { "Name": "784.16", "P.K.": null, "Al.Dist. Izq.": null, "Al.Dist. Der.": null, "Ruta": 9 }, "geometry": { "type": "Point", "coordinates": [ -64.0580707, -30.7094653 ] } },
{ "type": "Feature", "properties": { "Name": "784.17", "P.K.": null, "Al.Dist. Izq.": null, "Al.Dist. Der.": null, "Ruta": 9 }, "geometry": { "type": "Point", "coordinates": [ -64.0580707, -30.7094004 ] } },
{ "type": "Feature", "properties": { "Name": "784.17", "P.K.": null, "Al.Dist. Izq.": null, "Al.Dist. Der.": null, "Ruta": 9 }, "geometry": { "type": "Point", "coordinates": [ -64.0580707, -30.7094004 ] } },
{ "type": "Feature", "properties": { "Name": "784.19", "P.K.": null, "Al.Dist. Izq.": null, "Al.Dist. Der.": null, "Ruta": 9 }, "geometry": { "type": "Point", "coordinates": [ -64.0581891, -30.7091937 ] } },
{ "type": "Feature", "properties": { "Name": "784.32", "P.K.": null, "Al.Dist. Izq.": null, "Al.Dist. Der.": null, "Ruta": 9 }, "geometry": { "type": "Point", "coordinates": [ -64.0577576, -30.7079516 ] } },
{ "type": "Feature", "properties": { "Name": "784.37", "P.K.": null, "Al.Dist. Izq.": null, "Al.Dist. Der.": null, "Ruta": 9 }, "geometry": { "type": "Point", "coordinates": [ -64.057536, -30.7075757 ] } },
{ "type": "Feature", "properties": { "Name": "784.46", "P.K.": null, "Al.Dist. Izq.": null, "Al.Dist. Der.": null, "Ruta": 9 }, "geometry": { "type": "Point", "coordinates": [ -64.0568, -30.7069 ] } },
{ "type": "Feature", "properties": { "Name": "784.46", "P.K.": null, "Al.Dist. Izq.": null, "Al.Dist. Der.": null, "Ruta": 9 }, "geometry": { "type": "Point", "coordinates": [ -64.0568, -30.7069 ] } },
{ "type": "Feature", "properties": { "Name": "784.49", "P.K.": null, "Al.Dist. Izq.": null, "Al.Dist. Der.": null, "Ruta": 9 }, "geometry": { "type": "Point", "coordinates": [ -64.0567122, -30.7066596 ] } },
{ "type": "Feature", "properties": { "Name": "784.5", "P.K.": null, "Al.Dist. Izq.": null, "Al.Dist. Der.": null, "Ruta": 9 }, "geometry": { "type": "Point", "coordinates": [ -64.0564845, -30.7068216 ] } },
{ "type": "Feature", "properties": { "Name": "784.58", "P.K.": null, "Al.Dist. Izq.": null, "Al.Dist. Der.": null, "Ruta": 9 }, "geometry": { "type": "Point", "coordinates": [ -64.0558344, -30.7062828 ] } },
{ "type": "Feature", "properties": { "Name": "784.82", "P.K.": null, "Al.Dist. Izq.": null, "Al.Dist. Der.": null, "Ruta": 9 }, "geometry": { "type": "Point", "coordinates": [ -64.0536622, -30.7048291 ] } },
{ "type": "Feature", "properties": { "Name": "784.91", "P.K.": null, "Al.Dist. Izq.": null, "Al.Dist. Der.": null, "Ruta": 9 }, "geometry": { "type": "Point", "coordinates": [ -64.0528612, -30.7044197 ] } },
{ "type": "Feature", "properties": { "Name": "784.92", "P.K.": null, "Al.Dist. Izq.": null, "Al.Dist. Der.": null, "Ruta": 9 }, "geometry": { "type": "Point", "coordinates": [ -64.0526349, -30.7044102 ] } },
{ "type": "Feature", "properties": { "Name": "784.97", "P.K.": null, "Al.Dist. Izq.": null, "Al.Dist. Der.": null, "Ruta": 9 }, "geometry": { "type": "Point", "coordinates": [ -64.0521286, -30.7042194 ] } },
{ "type": "Feature", "properties": { "Name": "784.98", "P.K.": null, "Al.Dist. Izq.": null, "Al.Dist. Der.": null, "Ruta": 9 }, "geometry": { "type": "Point", "coordinates": [ -64.0521769, -30.7040329 ] } },
{ "type": "Feature", "properties": { "Name": "785", "P.K.": "PK785", "Al.Dist. Izq.": null, "Al.Dist. Der.": null, "Ruta": 9 }, "geometry": { "type": "Point", "coordinates": [ -64.0518941, -30.7040757 ] } },
{ "type": "Feature", "properties": { "Name": "785.14", "P.K.": null, "Al.Dist. Izq.": null, "Al.Dist. Der.": null, "Ruta": 9 }, "geometry": { "type": "Point", "coordinates": [ -64.0507198, -30.7033249 ] } },
{ "type": "Feature", "properties": { "Name": "785.14", "P.K.": null, "Al.Dist. Izq.": null, "Al.Dist. Der.": null, "Ruta": 9 }, "geometry": { "type": "Point", "coordinates": [ -64.0506431, -30.7033665 ] } },
{ "type": "Feature", "properties": { "Name": "785.33", "P.K.": null, "Al.Dist. Izq.": null, "Al.Dist. Der.": null, "Ruta": 9 }, "geometry": { "type": "Point", "coordinates": [ -64.0490079, -30.7024854 ] } },
{ "type": "Feature", "properties": { "Name": "785.41", "P.K.": null, "Al.Dist. Izq.": null, "Al.Dist. Der.": null, "Ruta": 9 }, "geometry": { "type": "Point", "coordinates": [ -64.048169, -30.7021913 ] } },
{ "type": "Feature", "properties": { "Name": "785.54", "P.K.": null, "Al.Dist. Izq.": null, "Al.Dist. Der.": null, "Ruta": 9 }, "geometry": { "type": "Point", "coordinates": [ -64.0472762, -30.7015084 ] } },
{ "type": "Feature", "properties": { "Name": "785.55", "P.K.": null, "Al.Dist. Izq.": null, "Al.Dist. Der.": null, "Ruta": 9 }, "geometry": { "type": "Point", "coordinates": [ -64.0472, -30.7013 ] } },
{ "type": "Feature", "properties": { "Name": "785.6", "P.K.": null, "Al.Dist. Izq.": null, "Al.Dist. Der.": null, "Ruta": 9 }, "geometry": { "type": "Point", "coordinates": [ -64.0467575, -30.7012066 ] } },
{ "type": "Feature", "properties": { "Name": "785.61", "P.K.": null, "Al.Dist. Izq.": null, "Al.Dist. Der.": null, "Ruta": 9 }, "geometry": { "type": "Point", "coordinates": [ -64.0465999, -30.7011212 ] } },
{ "type": "Feature", "properties": { "Name": "785.84", "P.K.": null, "Al.Dist. Izq.": null, "Al.Dist. Der.": null, "Ruta": 9 }, "geometry": { "type": "Point", "coordinates": [ -64.0446017, -30.7000214 ] } },
{ "type": "Feature", "properties": { "Name": "786.05", "P.K.": null, "Al.Dist. Izq.": null, "Al.Dist. Der.": null, "Ruta": 9 }, "geometry": { "type": "Point", "coordinates": [ -64.0428274, -30.6988962 ] } },
{ "type": "Feature", "properties": { "Name": "786.06", "P.K.": null, "Al.Dist. Izq.": null, "Al.Dist. Der.": null, "Ruta": 9 }, "geometry": { "type": "Point", "coordinates": [ -64.042711, -30.6989795 ] } },
{ "type": "Feature", "properties": { "Name": "786.09", "P.K.": null, "Al.Dist. Izq.": null, "Al.Dist. Der.": null, "Ruta": 9 }, "geometry": { "type": "Point", "coordinates": [ -64.0424505, -30.698838 ] } },
{ "type": "Feature", "properties": { "Name": "786.19", "P.K.": null, "Al.Dist. Izq.": null, "Al.Dist. Der.": null, "Ruta": 9 }, "geometry": { "type": "Point", "coordinates": [ -64.0415519, -30.698335 ] } },
{ "type": "Feature", "properties": { "Name": "786.2", "P.K.": null, "Al.Dist. Izq.": null, "Al.Dist. Der.": null, "Ruta": 9 }, "geometry": { "type": "Point", "coordinates": [ -64.041505, -30.6982558 ] } },
{ "type": "Feature", "properties": { "Name": "786.25", "P.K.": null, "Al.Dist. Izq.": null, "Al.Dist. Der.": null, "Ruta": 9 }, "geometry": { "type": "Point", "coordinates": [ -64.0410682, -30.6980012 ] } },
{ "type": "Feature", "properties": { "Name": "786.36", "P.K.": null, "Al.Dist. Izq.": null, "Al.Dist. Der.": null, "Ruta": 9 }, "geometry": { "type": "Point", "coordinates": [ -64.0401449, -30.6973825 ] } },
{ "type": "Feature", "properties": { "Name": "786.53", "P.K.": null, "Al.Dist. Izq.": null, "Al.Dist. Der.": null, "Ruta": 9 }, "geometry": { "type": "Point", "coordinates": [ -64.0389492, -30.6963246 ] } },
{ "type": "Feature", "properties": { "Name": "786.56", "P.K.": null, "Al.Dist. Izq.": null, "Al.Dist. Der.": null, "Ruta": 9 }, "geometry": { "type": "Point", "coordinates": [ -64.0386763, -30.6962784 ] } },
{ "type": "Feature", "properties": { "Name": "786.57", "P.K.": null, "Al.Dist. Izq.": null, "Al.Dist. Der.": null, "Ruta": 9 }, "geometry": { "type": "Point", "coordinates": [ -64.0388527, -30.6958945 ] } },
{ "type": "Feature", "properties": { "Name": "786.58", "P.K.": null, "Al.Dist. Izq.": null, "Al.Dist. Der.": null, "Ruta": 9 }, "geometry": { "type": "Point", "coordinates": [ -64.0384047, -30.6962384 ] } },
{ "type": "Feature", "properties": { "Name": "786.64", "P.K.": null, "Al.Dist. Izq.": null, "Al.Dist. Der.": null, "Ruta": 9 }, "geometry": { "type": "Point", "coordinates": [ -64.0380866, -30.6957279 ] } },
{ "type": "Feature", "properties": { "Name": "786.66", "P.K.": null, "Al.Dist. Izq.": null, "Al.Dist. Der.": null, "Ruta": 9 }, "geometry": { "type": "Point", "coordinates": [ -64.0377845, -30.6956644 ] } },
{ "type": "Feature", "properties": { "Name": "786.69", "P.K.": null, "Al.Dist. Izq.": null, "Al.Dist. Der.": null, "Ruta": 9 }, "geometry": { "type": "Point", "coordinates": [ -64.0377246, -30.6953893 ] } },
{ "type": "Feature", "properties": { "Name": "786.74", "P.K.": null, "Al.Dist. Izq.": null, "Al.Dist. Der.": null, "Ruta": 9 }, "geometry": { "type": "Point", "coordinates": [ -64.0374341, -30.6950558 ] } },
{ "type": "Feature", "properties": { "Name": "786.75", "P.K.": null, "Al.Dist. Izq.": null, "Al.Dist. Der.": null, "Ruta": 9 }, "geometry": { "type": "Point", "coordinates": [ -64.0372311, -30.6949807 ] } },
{ "type": "Feature", "properties": { "Name": "786.83", "P.K.": null, "Al.Dist. Izq.": null, "Al.Dist. Der.": null, "Ruta": 9 }, "geometry": { "type": "Point", "coordinates": [ -64.0366593, -30.6945236 ] } },
{ "type": "Feature", "properties": { "Name": "786.95", "P.K.": null, "Al.Dist. Izq.": null, "Al.Dist. Der.": null, "Ruta": 9 }, "geometry": { "type": "Point", "coordinates": [ -64.0356521, -30.6939222 ] } },
{ "type": "Feature", "properties": { "Name": "786.98", "P.K.": null, "Al.Dist. Izq.": null, "Al.Dist. Der.": null, "Ruta": 9 }, "geometry": { "type": "Point", "coordinates": [ -64.0353987, -30.6937164 ] } },
{ "type": "Feature", "properties": { "Name": "787", "P.K.": "PK787", "Al.Dist. Izq.": null, "Al.Dist. Der.": null, "Ruta": 9 }, "geometry": { "type": "Point", "coordinates": [ -64.0351603, -30.6937178 ] } },
{ "type": "Feature", "properties": { "Name": "787.14", "P.K.": null, "Al.Dist. Izq.": null, "Al.Dist. Der.": null, "Ruta": 9 }, "geometry": { "type": "Point", "coordinates": [ -64.0339737, -30.693029 ] } },
{ "type": "Feature", "properties": { "Name": "787.16", "P.K.": null, "Al.Dist. Izq.": null, "Al.Dist. Der.": null, "Ruta": 9 }, "geometry": { "type": "Point", "coordinates": [ -64.0338336, -30.6928777 ] } },
{ "type": "Feature", "properties": { "Name": "787.17", "P.K.": null, "Al.Dist. Izq.": null, "Al.Dist. Der.": null, "Ruta": 9 }, "geometry": { "type": "Point", "coordinates": [ -64.0336871, -30.6928736 ] } },
{ "type": "Feature", "properties": { "Name": "787.17", "P.K.": null, "Al.Dist. Izq.": null, "Al.Dist. Der.": null, "Ruta": 9 }, "geometry": { "type": "Point", "coordinates": [ -64.0336183, -30.692961 ] } },
{ "type": "Feature", "properties": { "Name": "787.24", "P.K.": null, "Al.Dist. Izq.": null, "Al.Dist. Der.": null, "Ruta": 9 }, "geometry": { "type": "Point", "coordinates": [ -64.0329411, -30.692692 ] } },
{ "type": "Feature", "properties": { "Name": "787.26", "P.K.": null, "Al.Dist. Izq.": null, "Al.Dist. Der.": null, "Ruta": 9 }, "geometry": { "type": "Point", "coordinates": [ -64.0328073, -30.6926072 ] } },
{ "type": "Feature", "properties": { "Name": "787.28", "P.K.": null, "Al.Dist. Izq.": null, "Al.Dist. Der.": null, "Ruta": 9 }, "geometry": { "type": "Point", "coordinates": [ -64.0326367, -30.6923677 ] } },
{ "type": "Feature", "properties": { "Name": "788", "P.K.": "PK788", "Al.Dist. Izq.": null, "Al.Dist. Der.": null, "Ruta": 9 }, "geometry": { "type": "Point", "coordinates": [ -64.0261984, -30.6893236 ] } },
{ "type": "Feature", "properties": { "Name": "788.16", "P.K.": null, "Al.Dist. Izq.": null, "Al.Dist. Der.": null, "Ruta": 9 }, "geometry": { "type": "Point", "coordinates": [ -64.0247318, -30.6885284 ] } },
{ "type": "Feature", "properties": { "Name": "788.18", "P.K.": null, "Al.Dist. Izq.": null, "Al.Dist. Der.": null, "Ruta": 9 }, "geometry": { "type": "Point", "coordinates": [ -64.0245193, -30.6885665 ] } },
{ "type": "Feature", "properties": { "Name": "788.33", "P.K.": null, "Al.Dist. Izq.": null, "Al.Dist. Der.": null, "Ruta": 9 }, "geometry": { "type": "Point", "coordinates": [ -64.0231544, -30.6879818 ] } },
{ "type": "Feature", "properties": { "Name": "788.34", "P.K.": null, "Al.Dist. Izq.": null, "Al.Dist. Der.": null, "Ruta": 9 }, "geometry": { "type": "Point", "coordinates": [ -64.0230645, -30.687925 ] } },
{ "type": "Feature", "properties": { "Name": "788.4", "P.K.": null, "Al.Dist. Izq.": null, "Al.Dist. Der.": null, "Ruta": 9 }, "geometry": { "type": "Point", "coordinates": [ -64.0225245, -30.6876261 ] } },
{ "type": "Feature", "properties": { "Name": "788.41", "P.K.": null, "Al.Dist. Izq.": null, "Al.Dist. Der.": null, "Ruta": 9 }, "geometry": { "type": "Point", "coordinates": [ -64.0223132, -30.687613 ] } },
{ "type": "Feature", "properties": { "Name": "788.47", "P.K.": null, "Al.Dist. Izq.": null, "Al.Dist. Der.": null, "Ruta": 9 }, "geometry": { "type": "Point", "coordinates": [ -64.02179, -30.6873673 ] } },
{ "type": "Feature", "properties": { "Name": "788.57", "P.K.": null, "Al.Dist. Izq.": null, "Al.Dist. Der.": null, "Ruta": 9 }, "geometry": { "type": "Point", "coordinates": [ -64.0210481, -30.6868954 ] } },
{ "type": "Feature", "properties": { "Name": "788.62", "P.K.": null, "Al.Dist. Izq.": null, "Al.Dist. Der.": null, "Ruta": 9 }, "geometry": { "type": "Point", "coordinates": [ -64.0205633, -30.686638 ] } },
{ "type": "Feature", "properties": { "Name": "788.75", "P.K.": null, "Al.Dist. Izq.": null, "Al.Dist. Der.": null, "Ruta": 9 }, "geometry": { "type": "Point", "coordinates": [ -64.0195334, -30.6858937 ] } },
{ "type": "Feature", "properties": { "Name": "788.77", "P.K.": null, "Al.Dist. Izq.": null, "Al.Dist. Der.": null, "Ruta": 9 }, "geometry": { "type": "Point", "coordinates": [ -64.0191948, -30.6858758 ] } },
{ "type": "Feature", "properties": { "Name": "788.77", "P.K.": null, "Al.Dist. Izq.": null, "Al.Dist. Der.": 40, "Ruta": 9 }, "geometry": { "type": "Point", "coordinates": [ -64.0191948, -30.6858758 ] } },
{ "type": "Feature", "properties": { "Name": "788.78", "P.K.": null, "Al.Dist. Izq.": null, "Al.Dist. Der.": 40, "Ruta": 9 }, "geometry": { "type": "Point", "coordinates": [ -64.019639, -30.6855336 ] } },
{ "type": "Feature", "properties": { "Name": "788.78", "P.K.": null, "Al.Dist. Izq.": 30, "Al.Dist. Der.": 40, "Ruta": 9 }, "geometry": { "type": "Point", "coordinates": [ -64.019639, -30.6855336 ] } },
{ "type": "Feature", "properties": { "Name": "788.98", "P.K.": null, "Al.Dist. Izq.": 30, "Al.Dist. Der.": 40, "Ruta": 9 }, "geometry": { "type": "Point", "coordinates": [ -64.0180454, -30.6842508 ] } },
{ "type": "Feature", "properties": { "Name": "789", "P.K.": "PK789", "Al.Dist. Izq.": 30, "Al.Dist. Der.": 40, "Ruta": 9 }, "geometry": { "type": "Point", "coordinates": [ -64.0179157, -30.6841654 ] } },
{ "type": "Feature", "properties": { "Name": "789.52", "P.K.": null, "Al.Dist. Izq.": 30, "Al.Dist. Der.": 40, "Ruta": 9 }, "geometry": { "type": "Point", "coordinates": [ -64.0141287, -30.6806413 ] } },
{ "type": "Feature", "properties": { "Name": "789.54", "P.K.": null, "Al.Dist. Izq.": 30, "Al.Dist. Der.": 40, "Ruta": 9 }, "geometry": { "type": "Point", "coordinates": [ -64.0139943, -30.6805394 ] } },
{ "type": "Feature", "properties": { "Name": "789.54", "P.K.": null, "Al.Dist. Izq.": 30, "Al.Dist. Der.": 40, "Ruta": 9 }, "geometry": { "type": "Point", "coordinates": [ -64.0140852, -30.6804571 ] } },
{ "type": "Feature", "properties": { "Name": "789.63", "P.K.": null, "Al.Dist. Izq.": 30, "Al.Dist. Der.": 40, "Ruta": 9 }, "geometry": { "type": "Point", "coordinates": [ -64.0133402, -30.6799006 ] } },
{ "type": "Feature", "properties": { "Name": "789.99", "P.K.": null, "Al.Dist. Izq.": 30, "Al.Dist. Der.": 40, "Ruta": 9 }, "geometry": { "type": "Point", "coordinates": [ -64.0109332, -30.6774943 ] } },
{ "type": "Feature", "properties": { "Name": "789.99", "P.K.": null, "Al.Dist. Izq.": 30, "Al.Dist. Der.": 40, "Ruta": 9 }, "geometry": { "type": "Point", "coordinates": [ -64.0108058, -30.6775655 ] } },
{ "type": "Feature", "properties": { "Name": "790", "P.K.": "PK790", "Al.Dist. Izq.": 30, "Al.Dist. Der.": 40, "Ruta": 9 }, "geometry": { "type": "Point", "coordinates": [ -64.0108397, -30.6774409 ] } },
{ "type": "Feature", "properties": { "Name": "790.08", "P.K.": null, "Al.Dist. Izq.": 30, "Al.Dist. Der.": 40, "Ruta": 9 }, "geometry": { "type": "Point", "coordinates": [ -64.0101406, -30.676917 ] } },
{ "type": "Feature", "properties": { "Name": "790.14", "P.K.": null, "Al.Dist. Izq.": 30, "Al.Dist. Der.": 40, "Ruta": 9 }, "geometry": { "type": "Point", "coordinates": [ -64.0098228, -30.6765341 ] } },
{ "type": "Feature", "properties": { "Name": "790.32", "P.K.": null, "Al.Dist. Izq.": 30, "Al.Dist. Der.": 40, "Ruta": 9 }, "geometry": { "type": "Point", "coordinates": [ -64.0086641, -30.6753299 ] } },
{ "type": "Feature", "properties": { "Name": "790.49", "P.K.": null, "Al.Dist. Izq.": 30, "Al.Dist. Der.": 40, "Ruta": 9 }, "geometry": { "type": "Point", "coordinates": [ -64.0083328, -30.6738038 ] } },
{ "type": "Feature", "properties": { "Name": "790.77", "P.K.": null, "Al.Dist. Izq.": 30, "Al.Dist. Der.": 40, "Ruta": 9 }, "geometry": { "type": "Point", "coordinates": [ -64.0083348, -30.6713766 ] } },
{ "type": "Feature", "properties": { "Name": "790.9", "P.K.": null, "Al.Dist. Izq.": 30, "Al.Dist. Der.": 40, "Ruta": 9 }, "geometry": { "type": "Point", "coordinates": [ -64.0082172, -30.6701989 ] } },
{ "type": "Feature", "properties": { "Name": "790.9", "P.K.": null, "Al.Dist. Izq.": 30, "Al.Dist. Der.": 40, "Ruta": 9 }, "geometry": { "type": "Point", "coordinates": [ -64.0084472, -30.6702133 ] } },
{ "type": "Feature", "properties": { "Name": "790.93", "P.K.": null, "Al.Dist. Izq.": 30, "Al.Dist. Der.": 40, "Ruta": 9 }, "geometry": { "type": "Point", "coordinates": [ -64.0083097, -30.6699601 ] } },
{ "type": "Feature", "properties": { "Name": "791", "P.K.": "PK791", "Al.Dist. Izq.": 30, "Al.Dist. Der.": 40, "Ruta": 9 }, "geometry": { "type": "Point", "coordinates": [ -64.0083178, -30.6692821 ] } },
{ "type": "Feature", "properties": { "Name": "791.35", "P.K.": null, "Al.Dist. Izq.": 30, "Al.Dist. Der.": 40, "Ruta": 9 }, "geometry": { "type": "Point", "coordinates": [ -64.0085957, -30.6662426 ] } },
{ "type": "Feature", "properties": { "Name": "791.35", "P.K.": null, "Al.Dist. Izq.": 30, "Al.Dist. Der.": 40, "Ruta": 9 }, "geometry": { "type": "Point", "coordinates": [ -64.0083932, -30.6662322 ] } },
{ "type": "Feature", "properties": { "Name": "791.41", "P.K.": null, "Al.Dist. Izq.": 30, "Al.Dist. Der.": 40, "Ruta": 9 }, "geometry": { "type": "Point", "coordinates": [ -64.008528, -30.6656851 ] } },
{ "type": "Feature", "properties": { "Name": "791.5", "P.K.": null, "Al.Dist. Izq.": 30, "Al.Dist. Der.": 40, "Ruta": 9 }, "geometry": { "type": "Point", "coordinates": [ -64.0086, -30.6649 ] } },
{ "type": "Feature", "properties": { "Name": "791.81", "P.K.": null, "Al.Dist. Izq.": 30, "Al.Dist. Der.": 40, "Ruta": 9 }, "geometry": { "type": "Point", "coordinates": [ -64.0087865, -30.6621018 ] } },
{ "type": "Feature", "properties": { "Name": "791.81", "P.K.": null, "Al.Dist. Izq.": 30, "Al.Dist. Der.": 40, "Ruta": 9 }, "geometry": { "type": "Point", "coordinates": [ -64.0084404, -30.6620897 ] } },
{ "type": "Feature", "properties": { "Name": "792.01", "P.K.": null, "Al.Dist. Izq.": 30, "Al.Dist. Der.": 40, "Ruta": 9 }, "geometry": { "type": "Point", "coordinates": [ -64.0087, -30.6604 ] } },
{ "type": "Feature", "properties": { "Name": "792.15", "P.K.": null, "Al.Dist. Izq.": 30, "Al.Dist. Der.": 40, "Ruta": 9 }, "geometry": { "type": "Point", "coordinates": [ -64.0087331, -30.6591618 ] } },
{ "type": "Feature", "properties": { "Name": "792.2", "P.K.": null, "Al.Dist. Izq.": 30, "Al.Dist. Der.": 40, "Ruta": 9 }, "geometry": { "type": "Point", "coordinates": [ -64.0087705, -30.6586514 ] } },
{ "type": "Feature", "properties": { "Name": "792.21", "P.K.": null, "Al.Dist. Izq.": 30, "Al.Dist. Der.": 40, "Ruta": 9 }, "geometry": { "type": "Point", "coordinates": [ -64.0088887, -30.6586167 ] } },
{ "type": "Feature", "properties": { "Name": "792.35", "P.K.": null, "Al.Dist. Izq.": 30, "Al.Dist. Der.": 40, "Ruta": 9 }, "geometry": { "type": "Point", "coordinates": [ -64.0089491, -30.6573266 ] } },
{ "type": "Feature", "properties": { "Name": "792.45", "P.K.": null, "Al.Dist. Izq.": 30, "Al.Dist. Der.": 40, "Ruta": 9 }, "geometry": { "type": "Point", "coordinates": [ -64.0088726, -30.6564369 ] } },
{ "type": "Feature", "properties": { "Name": "792.54", "P.K.": null, "Al.Dist. Izq.": 30, "Al.Dist. Der.": 40, "Ruta": 9 }, "geometry": { "type": "Point", "coordinates": [ -64.0088267, -30.6556567 ] } },
{ "type": "Feature", "properties": { "Name": "792.65", "P.K.": null, "Al.Dist. Izq.": 30, "Al.Dist. Der.": 40, "Ruta": 9 }, "geometry": { "type": "Point", "coordinates": [ -64.0088545, -30.6546397 ] } },
{ "type": "Feature", "properties": { "Name": "792.95", "P.K.": null, "Al.Dist. Izq.": 30, "Al.Dist. Der.": 40, "Ruta": 9 }, "geometry": { "type": "Point", "coordinates": [ -64.008713, -30.6520485 ] } },
{ "type": "Feature", "properties": { "Name": "792.98", "P.K.": null, "Al.Dist. Izq.": 30, "Al.Dist. Der.": 40, "Ruta": 9 }, "geometry": { "type": "Point", "coordinates": [ -64.0087519, -30.6516952 ] } },
{ "type": "Feature", "properties": { "Name": "792.98", "P.K.": null, "Al.Dist. Izq.": 30, "Al.Dist. Der.": 40, "Ruta": 9 }, "geometry": { "type": "Point", "coordinates": [ -64.0086493, -30.6517015 ] } },
{ "type": "Feature", "properties": { "Name": "793", "P.K.": "PK793", "Al.Dist. Izq.": 30, "Al.Dist. Der.": 40, "Ruta": 9 }, "geometry": { "type": "Point", "coordinates": [ -64.0086411, -30.6515763 ] } },
{ "type": "Feature", "properties": { "Name": "793.41", "P.K.": null, "Al.Dist. Izq.": 30, "Al.Dist. Der.": 40, "Ruta": 9 }, "geometry": { "type": "Point", "coordinates": [ -64.0085182, -30.6478696 ] } },
{ "type": "Feature", "properties": { "Name": "793.84", "P.K.": null, "Al.Dist. Izq.": 30, "Al.Dist. Der.": 40, "Ruta": 9 }, "geometry": { "type": "Point", "coordinates": [ -64.0084458, -30.6440361 ] } },
{ "type": "Feature", "properties": { "Name": "793.85", "P.K.": null, "Al.Dist. Izq.": 30, "Al.Dist. Der.": 40, "Ruta": 9 }, "geometry": { "type": "Point", "coordinates": [ -64.0083418, -30.644014 ] } },
{ "type": "Feature", "properties": { "Name": "794", "P.K.": "PK794", "Al.Dist. Izq.": 30, "Al.Dist. Der.": 40, "Ruta": 9 }, "geometry": { "type": "Point", "coordinates": [ -64.0084076, -30.642653 ] } },
{ "type": "Feature", "properties": { "Name": "794.24", "P.K.": null, "Al.Dist. Izq.": 30, "Al.Dist. Der.": 40, "Ruta": 9 }, "geometry": { "type": "Point", "coordinates": [ -64.008186, -30.6404832 ] } },
{ "type": "Feature", "properties": { "Name": "794.35", "P.K.": null, "Al.Dist. Izq.": 30, "Al.Dist. Der.": 40, "Ruta": 9 }, "geometry": { "type": "Point", "coordinates": [ -64.0082748, -30.6395918 ] } },
{ "type": "Feature", "properties": { "Name": "794.57", "P.K.": null, "Al.Dist. Izq.": 30, "Al.Dist. Der.": 40, "Ruta": 9 }, "geometry": { "type": "Point", "coordinates": [ -64.0080777, -30.6375627 ] } },
{ "type": "Feature", "properties": { "Name": "794.66", "P.K.": null, "Al.Dist. Izq.": 30, "Al.Dist. Der.": 40, "Ruta": 9 }, "geometry": { "type": "Point", "coordinates": [ -64.0079791, -30.6367988 ] } },
{ "type": "Feature", "properties": { "Name": "794.72", "P.K.": null, "Al.Dist. Izq.": 30, "Al.Dist. Der.": 40, "Ruta": 9 }, "geometry": { "type": "Point", "coordinates": [ -64.0077585, -30.6362417 ] } },
{ "type": "Feature", "properties": { "Name": "795", "P.K.": "PK795", "Al.Dist. Izq.": 30, "Al.Dist. Der.": 40, "Ruta": 9 }, "geometry": { "type": "Point", "coordinates": [ -64.0071952, -30.6338251 ] } },
{ "type": "Feature", "properties": { "Name": "795.18", "P.K.": null, "Al.Dist. Izq.": 30, "Al.Dist. Der.": 40, "Ruta": 9 }, "geometry": { "type": "Point", "coordinates": [ -64.007091, -30.6322589 ] } },
{ "type": "Feature", "properties": { "Name": "795.66", "P.K.": null, "Al.Dist. Izq.": 30, "Al.Dist. Der.": 40, "Ruta": 9 }, "geometry": { "type": "Point", "coordinates": [ -64.0065512, -30.6277777 ] } },
{ "type": "Feature", "properties": { "Name": "795.66", "P.K.": null, "Al.Dist. Izq.": 30, "Al.Dist. Der.": 40, "Ruta": 9 }, "geometry": { "type": "Point", "coordinates": [ -64.0063759, -30.6278063 ] } },
{ "type": "Feature", "properties": { "Name": "796.04", "P.K.": null, "Al.Dist. Izq.": 30, "Al.Dist. Der.": 40, "Ruta": 9 }, "geometry": { "type": "Point", "coordinates": [ -64.005828, -30.6243081 ] } },
{ "type": "Feature", "properties": { "Name": "796.07", "P.K.": null, "Al.Dist. Izq.": 30, "Al.Dist. Der.": 40, "Ruta": 9 }, "geometry": { "type": "Point", "coordinates": [ -64.005768, -30.6240144 ] } },
{ "type": "Feature", "properties": { "Name": "796.25", "P.K.": null, "Al.Dist. Izq.": 30, "Al.Dist. Der.": 40, "Ruta": 9 }, "geometry": { "type": "Point", "coordinates": [ -64.0055499, -30.6223732 ] } },
{ "type": "Feature", "properties": { "Name": "796.25", "P.K.": null, "Al.Dist. Izq.": 30, "Al.Dist. Der.": 40, "Ruta": 9 }, "geometry": { "type": "Point", "coordinates": [ -64.0056687, -30.62238 ] } },
{ "type": "Feature", "properties": { "Name": "796.87", "P.K.": null, "Al.Dist. Izq.": 30, "Al.Dist. Der.": 40, "Ruta": 9 }, "geometry": { "type": "Point", "coordinates": [ -64.0046904, -30.6166561 ] } },
{ "type": "Feature", "properties": { "Name": "797", "P.K.": "PK797", "Al.Dist. Izq.": 30, "Al.Dist. Der.": 40, "Ruta": 9 }, "geometry": { "type": "Point", "coordinates": [ -64.0044609, -30.6154937 ] } },
{ "type": "Feature", "properties": { "Name": "798", "P.K.": "PK798", "Al.Dist. Izq.": 30, "Al.Dist. Der.": 40, "Ruta": 9 }, "geometry": { "type": "Point", "coordinates": [ -64.0032199, -30.6065629 ] } },
{ "type": "Feature", "properties": { "Name": "798.15", "P.K.": null, "Al.Dist. Izq.": 30, "Al.Dist. Der.": 40, "Ruta": 9 }, "geometry": { "type": "Point", "coordinates": [ -64.0029754, -30.6052407 ] } },
{ "type": "Feature", "properties": { "Name": "798.28", "P.K.": null, "Al.Dist. Izq.": 30, "Al.Dist. Der.": 40, "Ruta": 9 }, "geometry": { "type": "Point", "coordinates": [ -64.0026108, -30.6040703 ] } },
{ "type": "Feature", "properties": { "Name": "798.37", "P.K.": null, "Al.Dist. Izq.": 30, "Al.Dist. Der.": 40, "Ruta": 9 }, "geometry": { "type": "Point", "coordinates": [ -64.0026358, -30.603311 ] } },
{ "type": "Feature", "properties": { "Name": "798.42", "P.K.": null, "Al.Dist. Izq.": 30, "Al.Dist. Der.": 40, "Ruta": 9 }, "geometry": { "type": "Point", "coordinates": [ -64.0025542, -30.6028405 ] } },
{ "type": "Feature", "properties": { "Name": "798.57", "P.K.": null, "Al.Dist. Izq.": 30, "Al.Dist. Der.": 40, "Ruta": 9 }, "geometry": { "type": "Point", "coordinates": [ -64.0026201, -30.6015654 ] } },
{ "type": "Feature", "properties": { "Name": "798.65", "P.K.": null, "Al.Dist. Izq.": 30, "Al.Dist. Der.": 40, "Ruta": 9 }, "geometry": { "type": "Point", "coordinates": [ -64.0025232, -30.6008756 ] } },
{ "type": "Feature", "properties": { "Name": "798.69", "P.K.": null, "Al.Dist. Izq.": 30, "Al.Dist. Der.": 40, "Ruta": 9 }, "geometry": { "type": "Point", "coordinates": [ -64.0024963, -30.6004618 ] } },
{ "type": "Feature", "properties": { "Name": "798.69", "P.K.": null, "Al.Dist. Izq.": 30, "Al.Dist. Der.": 40, "Ruta": 9 }, "geometry": { "type": "Point", "coordinates": [ -64.0026549, -30.6004858 ] } },
{ "type": "Feature", "properties": { "Name": "799", "P.K.": "PK799", "Al.Dist. Izq.": 30, "Al.Dist. Der.": 40, "Ruta": 9 }, "geometry": { "type": "Point", "coordinates": [ -64.0025, -30.5977084 ] } },
{ "type": "Feature", "properties": { "Name": "799.06", "P.K.": null, "Al.Dist. Izq.": 30, "Al.Dist. Der.": 40, "Ruta": 9 }, "geometry": { "type": "Point", "coordinates": [ -64.0018694, -30.597096 ] } },
{ "type": "Feature", "properties": { "Name": "799.28", "P.K.": null, "Al.Dist. Izq.": 30, "Al.Dist. Der.": 40, "Ruta": 9 }, "geometry": { "type": "Point", "coordinates": [ -64.0026431, -30.5951556 ] } },
{ "type": "Feature", "properties": { "Name": "801", "P.K.": "PK801", "Al.Dist. Izq.": 30, "Al.Dist. Der.": 40, "Ruta": 9 }, "geometry": { "type": "Point", "coordinates": [ -64.0029064, -30.5795014 ] } },
{ "type": "Feature", "properties": { "Name": "801.46", "P.K.": null, "Al.Dist. Izq.": 30, "Al.Dist. Der.": 40, "Ruta": 9 }, "geometry": { "type": "Point", "coordinates": [ -64.002892, -30.575104 ] } },
{ "type": "Feature", "properties": { "Name": "801.72", "P.K.": null, "Al.Dist. Izq.": 30, "Al.Dist. Der.": 40, "Ruta": 9 }, "geometry": { "type": "Point", "coordinates": [ -64.0029339, -30.5726906 ] } },
{ "type": "Feature", "properties": { "Name": "801.95", "P.K.": null, "Al.Dist. Izq.": 30, "Al.Dist. Der.": 40, "Ruta": 9 }, "geometry": { "type": "Point", "coordinates": [ -64.0030978, -30.5705566 ] } },
{ "type": "Feature", "properties": { "Name": "801.95", "P.K.": null, "Al.Dist. Izq.": 30, "Al.Dist. Der.": 40, "Ruta": 9 }, "geometry": { "type": "Point", "coordinates": [ -64.0029285, -30.570563 ] } },
{ "type": "Feature", "properties": { "Name": "802", "P.K.": "PK802", "Al.Dist. Izq.": 30, "Al.Dist. Der.": 40, "Ruta": 9 }, "geometry": { "type": "Point", "coordinates": [ -64.0031079, -30.5701245 ] } },
{ "type": "Feature", "properties": { "Name": "802.14", "P.K.": null, "Al.Dist. Izq.": 30, "Al.Dist. Der.": 40, "Ruta": 9 }, "geometry": { "type": "Point", "coordinates": [ -64.002969, -30.5689545 ] } },
{ "type": "Feature", "properties": { "Name": "802.16", "P.K.": null, "Al.Dist. Izq.": 30, "Al.Dist. Der.": 40, "Ruta": 9 }, "geometry": { "type": "Point", "coordinates": [ -64.0029429, -30.5687472 ] } },
{ "type": "Feature", "properties": { "Name": "802.27", "P.K.": null, "Al.Dist. Izq.": 30, "Al.Dist. Der.": 40, "Ruta": 9 }, "geometry": { "type": "Point", "coordinates": [ -64.0030322, -30.5677504 ] } },
{ "type": "Feature", "properties": { "Name": "802.45", "P.K.": null, "Al.Dist. Izq.": 30, "Al.Dist. Der.": 40, "Ruta": 9 }, "geometry": { "type": "Point", "coordinates": [ -64.003, -30.5662 ] } },
{ "type": "Feature", "properties": { "Name": "802.47", "P.K.": null, "Al.Dist. Izq.": 30, "Al.Dist. Der.": 40, "Ruta": 9 }, "geometry": { "type": "Point", "coordinates": [ -64.0031773, -30.5660679 ] } },
{ "type": "Feature", "properties": { "Name": "802.47", "P.K.": null, "Al.Dist. Izq.": 30, "Al.Dist. Der.": 40, "Ruta": 9 }, "geometry": { "type": "Point", "coordinates": [ -64.0031773, -30.5660679 ] } },
{ "type": "Feature", "properties": { "Name": "802.6", "P.K.": null, "Al.Dist. Izq.": 30, "Al.Dist. Der.": 40, "Ruta": 9 }, "geometry": { "type": "Point", "coordinates": [ -64.0032745, -30.5648716 ] } },
{ "type": "Feature", "properties": { "Name": "802.66", "P.K.": null, "Al.Dist. Izq.": 30, "Al.Dist. Der.": 40, "Ruta": 9 }, "geometry": { "type": "Point", "coordinates": [ -64.0032118, -30.5643722 ] } },
{ "type": "Feature", "properties": { "Name": "802.8", "P.K.": null, "Al.Dist. Izq.": 30, "Al.Dist. Der.": 40, "Ruta": 9 }, "geometry": { "type": "Point", "coordinates": [ -64.0031, -30.5631 ] } },
{ "type": "Feature", "properties": { "Name": "802.82", "P.K.": null, "Al.Dist. Izq.": 30, "Al.Dist. Der.": 40, "Ruta": 9 }, "geometry": { "type": "Point", "coordinates": [ -64.003302, -30.5630168 ] } },
{ "type": "Feature", "properties": { "Name": "802.93", "P.K.": null, "Al.Dist. Izq.": 30, "Al.Dist. Der.": 40, "Ruta": 9 }, "geometry": { "type": "Point", "coordinates": [ -64.003, -30.5621 ] } },
{ "type": "Feature", "properties": { "Name": "803", "P.K.": "PK803", "Al.Dist. Izq.": 30, "Al.Dist. Der.": 40, "Ruta": 9 }, "geometry": { "type": "Point", "coordinates": [ -64.0031374, -30.5614333 ] } },
{ "type": "Feature", "properties": { "Name": "803.13", "P.K.": null, "Al.Dist. Izq.": 30, "Al.Dist. Der.": 40, "Ruta": 9 }, "geometry": { "type": "Point", "coordinates": [ -64.0031599, -30.5602565 ] } },
{ "type": "Feature", "properties": { "Name": "803.14", "P.K.": null, "Al.Dist. Izq.": 30, "Al.Dist. Der.": 40, "Ruta": 9 }, "geometry": { "type": "Point", "coordinates": [ -64.0031639, -30.5601595 ] } },
{ "type": "Feature", "properties": { "Name": "803.15", "P.K.": null, "Al.Dist. Izq.": 30, "Al.Dist. Der.": 40, "Ruta": 9 }, "geometry": { "type": "Point", "coordinates": [ -64.0031411, -30.5600535 ] } },
{ "type": "Feature", "properties": { "Name": "803.16", "P.K.": null, "Al.Dist. Izq.": 30, "Al.Dist. Der.": 40, "Ruta": 9 }, "geometry": { "type": "Point", "coordinates": [ -64.0032, -30.56 ] } },
{ "type": "Feature", "properties": { "Name": "803.31", "P.K.": null, "Al.Dist. Izq.": 30, "Al.Dist. Der.": 40, "Ruta": 9 }, "geometry": { "type": "Point", "coordinates": [ -64.0032038, -30.5585543 ] } },
{ "type": "Feature", "properties": { "Name": "803.35", "P.K.": null, "Al.Dist. Izq.": 30, "Al.Dist. Der.": 40, "Ruta": 9 }, "geometry": { "type": "Point", "coordinates": [ -64.0033164, -30.5582341 ] } },
{ "type": "Feature", "properties": { "Name": "803.44", "P.K.": null, "Al.Dist. Izq.": 30, "Al.Dist. Der.": 40, "Ruta": 9 }, "geometry": { "type": "Point", "coordinates": [ -64.0034338, -30.5573506 ] } },
{ "type": "Feature", "properties": { "Name": "803.52", "P.K.": null, "Al.Dist. Izq.": 30, "Al.Dist. Der.": 40, "Ruta": 9 }, "geometry": { "type": "Point", "coordinates": [ -64.0034556, -30.5566906 ] } },
{ "type": "Feature", "properties": { "Name": "803.55", "P.K.": null, "Al.Dist. Izq.": 30, "Al.Dist. Der.": 40, "Ruta": 9 }, "geometry": { "type": "Point", "coordinates": [ -64.0032115, -30.5563664 ] } },
{ "type": "Feature", "properties": { "Name": "803.66", "P.K.": null, "Al.Dist. Izq.": 30, "Al.Dist. Der.": 40, "Ruta": 9 }, "geometry": { "type": "Point", "coordinates": [ -64.0033664, -30.5554359 ] } },
{ "type": "Feature", "properties": { "Name": "803.72", "P.K.": null, "Al.Dist. Izq.": 30, "Al.Dist. Der.": 40, "Ruta": 9 }, "geometry": { "type": "Point", "coordinates": [ -64.0034083, -30.554855 ] } },
{ "type": "Feature", "properties": { "Name": "803.75", "P.K.": null, "Al.Dist. Izq.": 30, "Al.Dist. Der.": 40, "Ruta": 9 }, "geometry": { "type": "Point", "coordinates": [ -64.0033013, -30.5546119 ] } },
{ "type": "Feature", "properties": { "Name": "803.75", "P.K.": null, "Al.Dist. Izq.": 30, "Al.Dist. Der.": 40, "Ruta": 9 }, "geometry": { "type": "Point", "coordinates": [ -64.0033067, -30.5545045 ] } },
{ "type": "Feature", "properties": { "Name": "804", "P.K.": "PK804", "Al.Dist. Izq.": 30, "Al.Dist. Der.": 40, "Ruta": 9 }, "geometry": { "type": "Point", "coordinates": [ -64.0034049, -30.552225 ] } },
{ "type": "Feature", "properties": { "Name": "804.05", "P.K.": null, "Al.Dist. Izq.": 30, "Al.Dist. Der.": 40, "Ruta": 9 }, "geometry": { "type": "Point", "coordinates": [ -64.0033131, -30.551744 ] } },
{ "type": "Feature", "properties": { "Name": "804.05", "P.K.": null, "Al.Dist. Izq.": 30, "Al.Dist. Der.": 40, "Ruta": 9 }, "geometry": { "type": "Point", "coordinates": [ -64.0034328, -30.5517705 ] } },
{ "type": "Feature", "properties": { "Name": "804.06", "P.K.": null, "Al.Dist. Izq.": 30, "Al.Dist. Der.": 40, "Ruta": 9 }, "geometry": { "type": "Point", "coordinates": [ -64.0033764, -30.551681 ] } },
{ "type": "Feature", "properties": { "Name": "804.35", "P.K.": null, "Al.Dist. Izq.": 30, "Al.Dist. Der.": 40, "Ruta": 9 }, "geometry": { "type": "Point", "coordinates": [ -64.0034002, -30.5492123 ] } },
{ "type": "Feature", "properties": { "Name": "804.38", "P.K.": null, "Al.Dist. Izq.": 30, "Al.Dist. Der.": 40, "Ruta": 9 }, "geometry": { "type": "Point", "coordinates": [ -64.0034891, -30.5489066 ] } },
{ "type": "Feature", "properties": { "Name": "804.44", "P.K.": null, "Al.Dist. Izq.": 30, "Al.Dist. Der.": 40, "Ruta": 9 }, "geometry": { "type": "Point", "coordinates": [ -64.0035183, -30.5483314 ] } },
{ "type": "Feature", "properties": { "Name": "804.49", "P.K.": null, "Al.Dist. Izq.": 30, "Al.Dist. Der.": 40, "Ruta": 9 }, "geometry": { "type": "Point", "coordinates": [ -64.0034614, -30.5479402 ] } },
{ "type": "Feature", "properties": { "Name": "804.54", "P.K.": null, "Al.Dist. Izq.": 30, "Al.Dist. Der.": 40, "Ruta": 9 }, "geometry": { "type": "Point", "coordinates": [ -64.003479, -30.5474476 ] } },
{ "type": "Feature", "properties": { "Name": "804.57", "P.K.": null, "Al.Dist. Izq.": 30, "Al.Dist. Der.": 40, "Ruta": 9 }, "geometry": { "type": "Point", "coordinates": [ -64.0035107, -30.5472098 ] } },
{ "type": "Feature", "properties": { "Name": "804.58", "P.K.": null, "Al.Dist. Izq.": null, "Al.Dist. Der.": null, "Ruta": 9 }, "geometry": { "type": "Point", "coordinates": [ -64.0033807, -30.5470798 ] } },
{ "type": "Feature", "properties": { "Name": "804.58", "P.K.": null, "Al.Dist. Izq.": 20, "Al.Dist. Der.": 30, "Ruta": 9 }, "geometry": { "type": "Point", "coordinates": [ -64.0033807, -30.5470798 ] } },
{ "type": "Feature", "properties": { "Name": "804.7", "P.K.": null, "Al.Dist. Izq.": 20, "Al.Dist. Der.": 30, "Ruta": 9 }, "geometry": { "type": "Point", "coordinates": [ -64.003522, -30.5459963 ] } },
{ "type": "Feature", "properties": { "Name": "804.73", "P.K.": null, "Al.Dist. Izq.": 20, "Al.Dist. Der.": 30, "Ruta": 9 }, "geometry": { "type": "Point", "coordinates": [ -64.0034388, -30.5457474 ] } },
{ "type": "Feature", "properties": { "Name": "804.84", "P.K.": null, "Al.Dist. Izq.": 20, "Al.Dist. Der.": 30, "Ruta": 9 }, "geometry": { "type": "Point", "coordinates": [ -64.0034853, -30.5448641 ] } },
{ "type": "Feature", "properties": { "Name": "804.84", "P.K.": null, "Al.Dist. Izq.": 20, "Al.Dist. Der.": 30, "Ruta": 9 }, "geometry": { "type": "Point", "coordinates": [ -64.0034853, -30.5448641 ] } },
{ "type": "Feature", "properties": { "Name": "804.92", "P.K.": null, "Al.Dist. Izq.": 20, "Al.Dist. Der.": 30, "Ruta": 9 }, "geometry": { "type": "Point", "coordinates": [ -64.0035675, -30.5440949 ] } },
{ "type": "Feature", "properties": { "Name": "805", "P.K.": "PK805", "Al.Dist. Izq.": 20, "Al.Dist. Der.": 30, "Ruta": 9 }, "geometry": { "type": "Point", "coordinates": [ -64.0034978, -30.5433794 ] } },
{ "type": "Feature", "properties": { "Name": "805.09", "P.K.": null, "Al.Dist. Izq.": 20, "Al.Dist. Der.": 30, "Ruta": 9 }, "geometry": { "type": "Point", "coordinates": [ -64.0035092, -30.5426353 ] } },
{ "type": "Feature", "properties": { "Name": "805.11", "P.K.": null, "Al.Dist. Izq.": 20, "Al.Dist. Der.": 30, "Ruta": 9 }, "geometry": { "type": "Point", "coordinates": [ -64.0037, -30.5424 ] } },
{ "type": "Feature", "properties": { "Name": "805.36", "P.K.": null, "Al.Dist. Izq.": 20, "Al.Dist. Der.": 30, "Ruta": 9 }, "geometry": { "type": "Point", "coordinates": [ -64.0036346, -30.5401256 ] } },
{ "type": "Feature", "properties": { "Name": "805.81", "P.K.": null, "Al.Dist. Izq.": 20, "Al.Dist. Der.": 30, "Ruta": 9 }, "geometry": { "type": "Point", "coordinates": [ -64.0036044, -30.5360673 ] } },
{ "type": "Feature", "properties": { "Name": "806", "P.K.": "PK806", "Al.Dist. Izq.": 20, "Al.Dist. Der.": 30, "Ruta": 9 }, "geometry": { "type": "Point", "coordinates": [ -64.0036725, -30.5344094 ] } },
{ "type": "Feature", "properties": { "Name": "806.02", "P.K.": null, "Al.Dist. Izq.": 20, "Al.Dist. Der.": 30, "Ruta": 9 }, "geometry": { "type": "Point", "coordinates": [ -64.00364, -30.5341859 ] } },
{ "type": "Feature", "properties": { "Name": "806.22", "P.K.": null, "Al.Dist. Izq.": 20, "Al.Dist. Der.": 30, "Ruta": 9 }, "geometry": { "type": "Point", "coordinates": [ -64.0033613, -30.5324059 ] } },
{ "type": "Feature", "properties": { "Name": "806.24", "P.K.": null, "Al.Dist. Izq.": 20, "Al.Dist. Der.": null, "Ruta": 9 }, "geometry": { "type": "Point", "coordinates": [ -64.0032313, -30.5322759 ] } },
{ "type": "Feature", "properties": { "Name": "806.24", "P.K.": null, "Al.Dist. Izq.": 20, "Al.Dist. Der.": 40, "Ruta": 9 }, "geometry": { "type": "Point", "coordinates": [ -64.0032313, -30.5322759 ] } },
{ "type": "Feature", "properties": { "Name": "806.4", "P.K.": null, "Al.Dist. Izq.": 20, "Al.Dist. Der.": 40, "Ruta": 9 }, "geometry": { "type": "Point", "coordinates": [ -64.0029634, -30.5308004 ] } },
{ "type": "Feature", "properties": { "Name": "806.6", "P.K.": null, "Al.Dist. Izq.": 20, "Al.Dist. Der.": 40, "Ruta": 9 }, "geometry": { "type": "Point", "coordinates": [ -64.0023579, -30.5292019 ] } },
{ "type": "Feature", "properties": { "Name": "806.63", "P.K.": null, "Al.Dist. Izq.": 20, "Al.Dist. Der.": 40, "Ruta": 9 }, "geometry": { "type": "Point", "coordinates": [ -64.0022975, -30.5289666 ] } },
{ "type": "Feature", "properties": { "Name": "806.64", "P.K.": null, "Al.Dist. Izq.": 20, "Al.Dist. Der.": 40, "Ruta": 9 }, "geometry": { "type": "Point", "coordinates": [ -64.0022667, -30.5288389 ] } },
{ "type": "Feature", "properties": { "Name": "806.85", "P.K.": null, "Al.Dist. Izq.": 20, "Al.Dist. Der.": 40, "Ruta": 9 }, "geometry": { "type": "Point", "coordinates": [ -64.0017537, -30.5269727 ] } },
{ "type": "Feature", "properties": { "Name": "806.87", "P.K.": null, "Al.Dist. Izq.": 20, "Al.Dist. Der.": 40, "Ruta": 9 }, "geometry": { "type": "Point", "coordinates": [ -64.0017188, -30.526839 ] } },
{ "type": "Feature", "properties": { "Name": "807", "P.K.": "PK807", "Al.Dist. Izq.": 20, "Al.Dist. Der.": 40, "Ruta": 9 }, "geometry": { "type": "Point", "coordinates": [ -64.0013424, -30.525657 ] } },
{ "type": "Feature", "properties": { "Name": "807.02", "P.K.": null, "Al.Dist. Izq.": 20, "Al.Dist. Der.": 40, "Ruta": 9 }, "geometry": { "type": "Point", "coordinates": [ -64.0014261, -30.5254677 ] } },
{ "type": "Feature", "properties": { "Name": "807.79", "P.K.": null, "Al.Dist. Izq.": 20, "Al.Dist. Der.": 40, "Ruta": 9 }, "geometry": { "type": "Point", "coordinates": [ -63.9999553, -30.5186311 ] } },
{ "type": "Feature", "properties": { "Name": "808", "P.K.": "PK808", "Al.Dist. Izq.": 20, "Al.Dist. Der.": 40, "Ruta": 9 }, "geometry": { "type": "Point", "coordinates": [ -63.9996264, -30.5167627 ] } },
{ "type": "Feature", "properties": { "Name": "808.07", "P.K.": null, "Al.Dist. Izq.": 20, "Al.Dist. Der.": 40, "Ruta": 9 }, "geometry": { "type": "Point", "coordinates": [ -63.9993794, -30.5161793 ] } },
{ "type": "Feature", "properties": { "Name": "809", "P.K.": "PK809", "Al.Dist. Izq.": 20, "Al.Dist. Der.": 40, "Ruta": 9 }, "geometry": { "type": "Point", "coordinates": [ -63.9975907, -30.5079195 ] } },
{ "type": "Feature", "properties": { "Name": "809.13", "P.K.": null, "Al.Dist. Izq.": 20, "Al.Dist. Der.": 40, "Ruta": 9 }, "geometry": { "type": "Point", "coordinates": [ -63.9973507, -30.5068161 ] } },
{ "type": "Feature", "properties": { "Name": "809.33", "P.K.": null, "Al.Dist. Izq.": 20, "Al.Dist. Der.": 40, "Ruta": 9 }, "geometry": { "type": "Point", "coordinates": [ -63.997, -30.505 ] } },
{ "type": "Feature", "properties": { "Name": "809.65", "P.K.": null, "Al.Dist. Izq.": 20, "Al.Dist. Der.": 40, "Ruta": 9 }, "geometry": { "type": "Point", "coordinates": [ -63.9962796, -30.5022185 ] } },
{ "type": "Feature", "properties": { "Name": "809.67", "P.K.": null, "Al.Dist. Izq.": 20, "Al.Dist. Der.": 40, "Ruta": 9 }, "geometry": { "type": "Point", "coordinates": [ -63.996172, -30.5020206 ] } },
{ "type": "Feature", "properties": { "Name": "809.77", "P.K.": null, "Al.Dist. Izq.": 20, "Al.Dist. Der.": 40, "Ruta": 9 }, "geometry": { "type": "Point", "coordinates": [ -63.996032, -30.501148 ] } },
{ "type": "Feature", "properties": { "Name": "809.86", "P.K.": null, "Al.Dist. Izq.": 20, "Al.Dist. Der.": 40, "Ruta": 9 }, "geometry": { "type": "Point", "coordinates": [ -63.9958399, -30.500347 ] } },
{ "type": "Feature", "properties": { "Name": "810", "P.K.": "PK810", "Al.Dist. Izq.": 20, "Al.Dist. Der.": 40, "Ruta": 9 }, "geometry": { "type": "Point", "coordinates": [ -63.9956681, -30.4990844 ] } },
{ "type": "Feature", "properties": { "Name": "810.36", "P.K.": null, "Al.Dist. Izq.": 20, "Al.Dist. Der.": 40, "Ruta": 9 }, "geometry": { "type": "Point", "coordinates": [ -63.9949268, -30.4959254 ] } },
{ "type": "Feature", "properties": { "Name": "810.44", "P.K.": null, "Al.Dist. Izq.": 20, "Al.Dist. Der.": 40, "Ruta": 9 }, "geometry": { "type": "Point", "coordinates": [ -63.9946502, -30.495174 ] } },
{ "type": "Feature", "properties": { "Name": "810.69", "P.K.": null, "Al.Dist. Izq.": 20, "Al.Dist. Der.": 40, "Ruta": 9 }, "geometry": { "type": "Point", "coordinates": [ -63.9939629, -30.493011 ] } },
{ "type": "Feature", "properties": { "Name": "810.74", "P.K.": null, "Al.Dist. Izq.": 20, "Al.Dist. Der.": 40, "Ruta": 9 }, "geometry": { "type": "Point", "coordinates": [ -63.993741, -30.4926908 ] } },
{ "type": "Feature", "properties": { "Name": "810.74", "P.K.": null, "Al.Dist. Izq.": 20, "Al.Dist. Der.": 25, "Ruta": 9 }, "geometry": { "type": "Point", "coordinates": [ -63.993741, -30.4926908 ] } },
{ "type": "Feature", "properties": { "Name": "810.75", "P.K.": null, "Al.Dist. Izq.": null, "Al.Dist. Der.": 40, "Ruta": 9 }, "geometry": { "type": "Point", "coordinates": [ -63.9934932, -30.4926556 ] } },
{ "type": "Feature", "properties": { "Name": "810.75", "P.K.": null, "Al.Dist. Izq.": 25, "Al.Dist. Der.": 25, "Ruta": 9 }, "geometry": { "type": "Point", "coordinates": [ -63.9934932, -30.4926556 ] } },
{ "type": "Feature", "properties": { "Name": "811", "P.K.": "PK811", "Al.Dist. Izq.": 25, "Al.Dist. Der.": 25, "Ruta": 9 }, "geometry": { "type": "Point", "coordinates": [ -63.9926079, -30.490554 ] } },
{ "type": "Feature", "properties": { "Name": "811.09", "P.K.": null, "Al.Dist. Izq.": 25, "Al.Dist. Der.": 25, "Ruta": 9 }, "geometry": { "type": "Point", "coordinates": [ -63.9922939, -30.4897038 ] } },
{ "type": "Feature", "properties": { "Name": "811.28", "P.K.": null, "Al.Dist. Izq.": 25, "Al.Dist. Der.": 25, "Ruta": 9 }, "geometry": { "type": "Point", "coordinates": [ -63.9914558, -30.4882058 ] } },
{ "type": "Feature", "properties": { "Name": "811.48", "P.K.": null, "Al.Dist. Izq.": 25, "Al.Dist. Der.": 25, "Ruta": 9 }, "geometry": { "type": "Point", "coordinates": [ -63.9906178, -30.4865552 ] } },
{ "type": "Feature", "properties": { "Name": "811.52", "P.K.": null, "Al.Dist. Izq.": 25, "Al.Dist. Der.": 25, "Ruta": 9 }, "geometry": { "type": "Point", "coordinates": [ -63.9904334, -30.486216 ] } },
{ "type": "Feature", "properties": { "Name": "811.7", "P.K.": null, "Al.Dist. Izq.": 25, "Al.Dist. Der.": 25, "Ruta": 9 }, "geometry": { "type": "Point", "coordinates": [ -63.9896871, -30.4847673 ] } },
{ "type": "Feature", "properties": { "Name": "812", "P.K.": "PK812", "Al.Dist. Izq.": 25, "Al.Dist. Der.": 25, "Ruta": 9 }, "geometry": { "type": "Point", "coordinates": [ -63.9885002, -30.4822004 ] } },
{ "type": "Feature", "properties": { "Name": "812.04", "P.K.": null, "Al.Dist. Izq.": 25, "Al.Dist. Der.": 25, "Ruta": 9 }, "geometry": { "type": "Point", "coordinates": [ -63.9883799, -30.4818855 ] } },
{ "type": "Feature", "properties": { "Name": "812.06", "P.K.": null, "Al.Dist. Izq.": 25, "Al.Dist. Der.": 25, "Ruta": 9 }, "geometry": { "type": "Point", "coordinates": [ -63.9880818, -30.4818052 ] } },
{ "type": "Feature", "properties": { "Name": "812.16", "P.K.": null, "Al.Dist. Izq.": 25, "Al.Dist. Der.": 25, "Ruta": 9 }, "geometry": { "type": "Point", "coordinates": [ -63.9876745, -30.4809649 ] } },
{ "type": "Feature", "properties": { "Name": "812.28", "P.K.": null, "Al.Dist. Izq.": 25, "Al.Dist. Der.": 25, "Ruta": 9 }, "geometry": { "type": "Point", "coordinates": [ -63.987188, -30.4798932 ] } },
{ "type": "Feature", "properties": { "Name": "812.5", "P.K.": null, "Al.Dist. Izq.": 25, "Al.Dist. Der.": 25, "Ruta": 9 }, "geometry": { "type": "Point", "coordinates": [ -63.9862082, -30.4780043 ] } },
{ "type": "Feature", "properties": { "Name": "812.55", "P.K.": null, "Al.Dist. Izq.": 25, "Al.Dist. Der.": 25, "Ruta": 9 }, "geometry": { "type": "Point", "coordinates": [ -63.9861614, -30.4775242 ] } },
{ "type": "Feature", "properties": { "Name": "812.63", "P.K.": null, "Al.Dist. Izq.": 25, "Al.Dist. Der.": 25, "Ruta": 9 }, "geometry": { "type": "Point", "coordinates": [ -63.9857, -30.4769 ] } },
{ "type": "Feature", "properties": { "Name": "812.64", "P.K.": null, "Al.Dist. Izq.": 25, "Al.Dist. Der.": 25, "Ruta": 9 }, "geometry": { "type": "Point", "coordinates": [ -63.9857845, -30.4768015 ] } },
{ "type": "Feature", "properties": { "Name": "812.7", "P.K.": null, "Al.Dist. Izq.": 25, "Al.Dist. Der.": 25, "Ruta": 9 }, "geometry": { "type": "Point", "coordinates": [ -63.9853299, -30.4763042 ] } },
{ "type": "Feature", "properties": { "Name": "812.76", "P.K.": null, "Al.Dist. Izq.": 25, "Al.Dist. Der.": 25, "Ruta": 9 }, "geometry": { "type": "Point", "coordinates": [ -63.9851745, -30.4757944 ] } },
{ "type": "Feature", "properties": { "Name": "812.83", "P.K.": null, "Al.Dist. Izq.": 25, "Al.Dist. Der.": 25, "Ruta": 9 }, "geometry": { "type": "Point", "coordinates": [ -63.9848851, -30.4751219 ] } },
{ "type": "Feature", "properties": { "Name": "812.9", "P.K.": null, "Al.Dist. Izq.": 25, "Al.Dist. Der.": 25, "Ruta": 9 }, "geometry": { "type": "Point", "coordinates": [ -63.9847, -30.4745 ] } },
{ "type": "Feature", "properties": { "Name": "812.91", "P.K.": null, "Al.Dist. Izq.": 25, "Al.Dist. Der.": 25, "Ruta": 9 }, "geometry": { "type": "Point", "coordinates": [ -63.9848078, -30.4744294 ] } },
{ "type": "Feature", "properties": { "Name": "812.97", "P.K.": null, "Al.Dist. Izq.": 25, "Al.Dist. Der.": 25, "Ruta": 9 }, "geometry": { "type": "Point", "coordinates": [ -63.9844535, -30.4738749 ] } },
{ "type": "Feature", "properties": { "Name": "812.99", "P.K.": null, "Al.Dist. Izq.": 25, "Al.Dist. Der.": 25, "Ruta": 9 }, "geometry": { "type": "Point", "coordinates": [ -63.9844065, -30.4737336 ] } },
{ "type": "Feature", "properties": { "Name": "813", "P.K.": "PK813", "Al.Dist. Izq.": 25, "Al.Dist. Der.": 25, "Ruta": 9 }, "geometry": { "type": "Point", "coordinates": [ -63.9842877, -30.4736466 ] } },
{ "type": "Feature", "properties": { "Name": "813.03", "P.K.": null, "Al.Dist. Izq.": 25, "Al.Dist. Der.": 25, "Ruta": 9 }, "geometry": { "type": "Point", "coordinates": [ -63.9842227, -30.4734281 ] } },
{ "type": "Feature", "properties": { "Name": "813.1", "P.K.": null, "Al.Dist. Izq.": 25, "Al.Dist. Der.": 25, "Ruta": 9 }, "geometry": { "type": "Point", "coordinates": [ -63.9840692, -30.472817 ] } },
{ "type": "Feature", "properties": { "Name": "813.17", "P.K.": null, "Al.Dist. Izq.": 25, "Al.Dist. Der.": 25, "Ruta": 9 }, "geometry": { "type": "Point", "coordinates": [ -63.9838935, -30.4721281 ] } },
{ "type": "Feature", "properties": { "Name": "813.83", "P.K.": null, "Al.Dist. Izq.": 25, "Al.Dist. Der.": 25, "Ruta": 9 }, "geometry": { "type": "Point", "coordinates": [ -63.9820747, -30.4665324 ] } },
{ "type": "Feature", "properties": { "Name": "814", "P.K.": "PK814", "Al.Dist. Izq.": 25, "Al.Dist. Der.": 25, "Ruta": 9 }, "geometry": { "type": "Point", "coordinates": [ -63.9815523, -30.4650505 ] } },
{ "type": "Feature", "properties": { "Name": "814.38", "P.K.": null, "Al.Dist. Izq.": 25, "Al.Dist. Der.": 25, "Ruta": 9 }, "geometry": { "type": "Point", "coordinates": [ -63.9803943, -30.4618751 ] } },
{ "type": "Feature", "properties": { "Name": "814.74", "P.K.": null, "Al.Dist. Izq.": 25, "Al.Dist. Der.": 25, "Ruta": 9 }, "geometry": { "type": "Point", "coordinates": [ -63.9794005, -30.4588487 ] } },
{ "type": "Feature", "properties": { "Name": "815", "P.K.": "PK815", "Al.Dist. Izq.": 25, "Al.Dist. Der.": 25, "Ruta": 9 }, "geometry": { "type": "Point", "coordinates": [ -63.9786312, -30.4566528 ] } },
{ "type": "Feature", "properties": { "Name": "815.07", "P.K.": null, "Al.Dist. Izq.": 25, "Al.Dist. Der.": 25, "Ruta": 9 }, "geometry": { "type": "Point", "coordinates": [ -63.9784255, -30.4560369 ] } },
{ "type": "Feature", "properties": { "Name": "815.26", "P.K.": null, "Al.Dist. Izq.": 25, "Al.Dist. Der.": 25, "Ruta": 9 }, "geometry": { "type": "Point", "coordinates": [ -63.9780497, -30.4544456 ] } },
{ "type": "Feature", "properties": { "Name": "815.58", "P.K.": null, "Al.Dist. Izq.": 25, "Al.Dist. Der.": 25, "Ruta": 9 }, "geometry": { "type": "Point", "coordinates": [ -63.9771686, -30.4517501 ] } },
{ "type": "Feature", "properties": { "Name": "815.58", "P.K.": null, "Al.Dist. Izq.": 25, "Al.Dist. Der.": 25, "Ruta": 9 }, "geometry": { "type": "Point", "coordinates": [ -63.9769604, -30.4517666 ] } },
{ "type": "Feature", "properties": { "Name": "816", "P.K.": "PK816", "Al.Dist. Izq.": 25, "Al.Dist. Der.": 25, "Ruta": 9 }, "geometry": { "type": "Point", "coordinates": [ -63.9758885, -30.4480482 ] } },
{ "type": "Feature", "properties": { "Name": "816.63", "P.K.": null, "Al.Dist. Izq.": 25, "Al.Dist. Der.": 25, "Ruta": 9 }, "geometry": { "type": "Point", "coordinates": [ -63.9735872, -30.4415557 ] } },
{ "type": "Feature", "properties": { "Name": "816.79", "P.K.": null, "Al.Dist. Izq.": 25, "Al.Dist. Der.": 25, "Ruta": 9 }, "geometry": { "type": "Point", "coordinates": [ -63.9726456, -30.4399972 ] } },
{ "type": "Feature", "properties": { "Name": "816.86", "P.K.": null, "Al.Dist. Izq.": 25, "Al.Dist. Der.": 25, "Ruta": 9 }, "geometry": { "type": "Point", "coordinates": [ -63.972109, -30.4393724 ] } },
{ "type": "Feature", "properties": { "Name": "817", "P.K.": "PK817", "Al.Dist. Izq.": 25, "Al.Dist. Der.": 25, "Ruta": 9 }, "geometry": { "type": "Point", "coordinates": [ -63.9712899, -30.4380191 ] } },
{ "type": "Feature", "properties": { "Name": "817.06", "P.K.": null, "Al.Dist. Izq.": 25, "Al.Dist. Der.": 25, "Ruta": 9 }, "geometry": { "type": "Point", "coordinates": [ -63.9712465, -30.4376017 ] } },
{ "type": "Feature", "properties": { "Name": "817.21", "P.K.": null, "Al.Dist. Izq.": 25, "Al.Dist. Der.": 25, "Ruta": 9 }, "geometry": { "type": "Point", "coordinates": [ -63.9711197, -30.4365703 ] } },
{ "type": "Feature", "properties": { "Name": "817.28", "P.K.": null, "Al.Dist. Izq.": 25, "Al.Dist. Der.": 25, "Ruta": 9 }, "geometry": { "type": "Point", "coordinates": [ -63.9711112, -30.4360518 ] } },
{ "type": "Feature", "properties": { "Name": "817.42", "P.K.": null, "Al.Dist. Izq.": 25, "Al.Dist. Der.": 25, "Ruta": 9 }, "geometry": { "type": "Point", "coordinates": [ -63.9710164, -30.4350496 ] } },
{ "type": "Feature", "properties": { "Name": "817.78", "P.K.": null, "Al.Dist. Izq.": 25, "Al.Dist. Der.": 25, "Ruta": 9 }, "geometry": { "type": "Point", "coordinates": [ -63.9703563, -30.4325878 ] } },
{ "type": "Feature", "properties": { "Name": "817.92", "P.K.": null, "Al.Dist. Izq.": 25, "Al.Dist. Der.": 25, "Ruta": 9 }, "geometry": { "type": "Point", "coordinates": [ -63.9702039, -30.4316081 ] } },
{ "type": "Feature", "properties": { "Name": "818", "P.K.": "PK818", "Al.Dist. Izq.": 25, "Al.Dist. Der.": 25, "Ruta": 9 }, "geometry": { "type": "Point", "coordinates": [ -63.9700208, -30.4310562 ] } },
{ "type": "Feature", "properties": { "Name": "818.61", "P.K.": null, "Al.Dist. Izq.": 25, "Al.Dist. Der.": 25, "Ruta": 9 }, "geometry": { "type": "Point", "coordinates": [ -63.9676386, -30.4254946 ] } },
{ "type": "Feature", "properties": { "Name": "818.63", "P.K.": null, "Al.Dist. Izq.": 25, "Al.Dist. Der.": 25, "Ruta": 9 }, "geometry": { "type": "Point", "coordinates": [ -63.9677034, -30.425285 ] } },
{ "type": "Feature", "properties": { "Name": "818.67", "P.K.": null, "Al.Dist. Izq.": 25, "Al.Dist. Der.": 25, "Ruta": 9 }, "geometry": { "type": "Point", "coordinates": [ -63.9673758, -30.4250235 ] } },
{ "type": "Feature", "properties": { "Name": "819", "P.K.": "PK819", "Al.Dist. Izq.": 25, "Al.Dist. Der.": 25, "Ruta": 9 }, "geometry": { "type": "Point", "coordinates": [ -63.9662277, -30.4218746 ] } },
{ "type": "Feature", "properties": { "Name": "819.15", "P.K.": null, "Al.Dist. Izq.": 25, "Al.Dist. Der.": 25, "Ruta": 9 }, "geometry": { "type": "Point", "coordinates": [ -63.9660123, -30.4206482 ] } },
{ "type": "Feature", "properties": { "Name": "819.48", "P.K.": null, "Al.Dist. Izq.": 25, "Al.Dist. Der.": 25, "Ruta": 9 }, "geometry": { "type": "Point", "coordinates": [ -63.9648051, -30.4180537 ] } },
{ "type": "Feature", "properties": { "Name": "819.52", "P.K.": null, "Al.Dist. Izq.": 25, "Al.Dist. Der.": 25, "Ruta": 9 }, "geometry": { "type": "Point", "coordinates": [ -63.964704, -30.4177532 ] } },
{ "type": "Feature", "properties": { "Name": "819.65", "P.K.": null, "Al.Dist. Izq.": 25, "Al.Dist. Der.": 25, "Ruta": 9 }, "geometry": { "type": "Point", "coordinates": [ -63.9643121, -30.4167835 ] } },
{ "type": "Feature", "properties": { "Name": "820", "P.K.": "PK820", "Al.Dist. Izq.": 25, "Al.Dist. Der.": 25, "Ruta": 9 }, "geometry": { "type": "Point", "coordinates": [ -63.9633193, -30.413917 ] } },
{ "type": "Feature", "properties": { "Name": "820.14", "P.K.": null, "Al.Dist. Izq.": 25, "Al.Dist. Der.": 25, "Ruta": 9 }, "geometry": { "type": "Point", "coordinates": [ -63.9628, -30.4127 ] } },
{ "type": "Feature", "properties": { "Name": "820.37", "P.K.": null, "Al.Dist. Izq.": 25, "Al.Dist. Der.": 25, "Ruta": 9 }, "geometry": { "type": "Point", "coordinates": [ -63.9620138, -30.4107355 ] } },
{ "type": "Feature", "properties": { "Name": "820.49", "P.K.": null, "Al.Dist. Izq.": 25, "Al.Dist. Der.": 25, "Ruta": 9 }, "geometry": { "type": "Point", "coordinates": [ -63.9616909, -30.4097244 ] } },
{ "type": "Feature", "properties": { "Name": "820.7", "P.K.": null, "Al.Dist. Izq.": 25, "Al.Dist. Der.": 25, "Ruta": 9 }, "geometry": { "type": "Point", "coordinates": [ -63.9610415, -30.4079441 ] } },
{ "type": "Feature", "properties": { "Name": "820.94", "P.K.": null, "Al.Dist. Izq.": 25, "Al.Dist. Der.": 25, "Ruta": 9 }, "geometry": { "type": "Point", "coordinates": [ -63.9601845, -30.4059251 ] } },
{ "type": "Feature", "properties": { "Name": "821", "P.K.": "PK821", "Al.Dist. Izq.": 25, "Al.Dist. Der.": 25, "Ruta": 9 }, "geometry": { "type": "Point", "coordinates": [ -63.9599176, -30.4054191 ] } },
{ "type": "Feature", "properties": { "Name": "821.19", "P.K.": null, "Al.Dist. Izq.": 25, "Al.Dist. Der.": 25, "Ruta": 9 }, "geometry": { "type": "Point", "coordinates": [ -63.9593477, -30.4037776 ] } },
{ "type": "Feature", "properties": { "Name": "821.48", "P.K.": null, "Al.Dist. Izq.": 25, "Al.Dist. Der.": 25, "Ruta": 9 }, "geometry": { "type": "Point", "coordinates": [ -63.9583969, -30.4012996 ] } },
{ "type": "Feature", "properties": { "Name": "821.97", "P.K.": null, "Al.Dist. Izq.": 25, "Al.Dist. Der.": 25, "Ruta": 9 }, "geometry": { "type": "Point", "coordinates": [ -63.9568834, -30.3970171 ] } },
{ "type": "Feature", "properties": { "Name": "822.01", "P.K.": null, "Al.Dist. Izq.": 25, "Al.Dist. Der.": 25, "Ruta": 9 }, "geometry": { "type": "Point", "coordinates": [ -63.9567164, -30.3966888 ] } },
{ "type": "Feature", "properties": { "Name": "822.06", "P.K.": null, "Al.Dist. Izq.": 25, "Al.Dist. Der.": 25, "Ruta": 9 }, "geometry": { "type": "Point", "coordinates": [ -63.9565581, -30.3963028 ] } },
{ "type": "Feature", "properties": { "Name": "822.09", "P.K.": null, "Al.Dist. Izq.": 25, "Al.Dist. Der.": 25, "Ruta": 9 }, "geometry": { "type": "Point", "coordinates": [ -63.9563422, -30.3960092 ] } },
{ "type": "Feature", "properties": { "Name": "822.46", "P.K.": null, "Al.Dist. Izq.": 25, "Al.Dist. Der.": 25, "Ruta": 9 }, "geometry": { "type": "Point", "coordinates": [ -63.955112, -30.3928558 ] } },
{ "type": "Feature", "properties": { "Name": "823.01", "P.K.": null, "Al.Dist. Izq.": 25, "Al.Dist. Der.": 25, "Ruta": 9 }, "geometry": { "type": "Point", "coordinates": [ -63.9534022, -30.3882927 ] } },
{ "type": "Feature", "properties": { "Name": "823.72", "P.K.": null, "Al.Dist. Izq.": 25, "Al.Dist. Der.": 25, "Ruta": 9 }, "geometry": { "type": "Point", "coordinates": [ -63.9510177, -30.3821829 ] } },
{ "type": "Feature", "properties": { "Name": "823.8", "P.K.": null, "Al.Dist. Izq.": 25, "Al.Dist. Der.": 25, "Ruta": 9 }, "geometry": { "type": "Point", "coordinates": [ -63.9508, -30.3815 ] } },
{ "type": "Feature", "properties": { "Name": "824", "P.K.": null, "Al.Dist. Izq.": 25, "Al.Dist. Der.": 25, "Ruta": 9 }, "geometry": { "type": "Point", "coordinates": [ -63.9500655, -30.3798059 ] } },
{ "type": "Feature", "properties": { "Name": "825", "P.K.": "PK825", "Al.Dist. Izq.": 25, "Al.Dist. Der.": 25, "Ruta": 9 }, "geometry": { "type": "Point", "coordinates": [ -63.9466878, -30.3712901 ] } },
{ "type": "Feature", "properties": { "Name": "825.06", "P.K.": null, "Al.Dist. Izq.": 25, "Al.Dist. Der.": 25, "Ruta": 9 }, "geometry": { "type": "Point", "coordinates": [ -63.9463926, -30.3707543 ] } },
{ "type": "Feature", "properties": { "Name": "825.09", "P.K.": null, "Al.Dist. Izq.": 25, "Al.Dist. Der.": 25, "Ruta": 9 }, "geometry": { "type": "Point", "coordinates": [ -63.9464804, -30.3704419 ] } },
{ "type": "Feature", "properties": { "Name": "825.13", "P.K.": null, "Al.Dist. Izq.": 25, "Al.Dist. Der.": 25, "Ruta": 9 }, "geometry": { "type": "Point", "coordinates": [ -63.9462754, -30.3702722 ] } },
{ "type": "Feature", "properties": { "Name": "825.95", "P.K.": null, "Al.Dist. Izq.": 25, "Al.Dist. Der.": 25, "Ruta": 9 }, "geometry": { "type": "Point", "coordinates": [ -63.9437174, -30.3635111 ] } },
{ "type": "Feature", "properties": { "Name": "826.01", "P.K.": null, "Al.Dist. Izq.": 25, "Al.Dist. Der.": 25, "Ruta": 9 }, "geometry": { "type": "Point", "coordinates": [ -63.9433481, -30.3629972 ] } },
{ "type": "Feature", "properties": { "Name": "826.07", "P.K.": null, "Al.Dist. Izq.": 25, "Al.Dist. Der.": 25, "Ruta": 9 }, "geometry": { "type": "Point", "coordinates": [ -63.9432896, -30.3624688 ] } },
{ "type": "Feature", "properties": { "Name": "826.07", "P.K.": null, "Al.Dist. Izq.": 25, "Al.Dist. Der.": 25, "Ruta": 9 }, "geometry": { "type": "Point", "coordinates": [ -63.9430727, -30.3625281 ] } },
{ "type": "Feature", "properties": { "Name": "826.11", "P.K.": null, "Al.Dist. Izq.": 25, "Al.Dist. Der.": 25, "Ruta": 9 }, "geometry": { "type": "Point", "coordinates": [ -63.9431605, -30.3621297 ] } },
{ "type": "Feature", "properties": { "Name": "826.11", "P.K.": null, "Al.Dist. Izq.": 25, "Al.Dist. Der.": 25, "Ruta": 9 }, "geometry": { "type": "Point", "coordinates": [ -63.9431605, -30.3621297 ] } },
{ "type": "Feature", "properties": { "Name": "826.17", "P.K.": null, "Al.Dist. Izq.": 25, "Al.Dist. Der.": 25, "Ruta": 9 }, "geometry": { "type": "Point", "coordinates": [ -63.9429627, -30.3616689 ] } },
{ "type": "Feature", "properties": { "Name": "826.17", "P.K.": null, "Al.Dist. Izq.": 25, "Al.Dist. Der.": 25, "Ruta": 9 }, "geometry": { "type": "Point", "coordinates": [ -63.9429627, -30.3616689 ] } },
{ "type": "Feature", "properties": { "Name": "826.27", "P.K.": null, "Al.Dist. Izq.": 25, "Al.Dist. Der.": 25, "Ruta": 9 }, "geometry": { "type": "Point", "coordinates": [ -63.9426345, -30.3608372 ] } },
{ "type": "Feature", "properties": { "Name": "826.32", "P.K.": null, "Al.Dist. Izq.": 25, "Al.Dist. Der.": 25, "Ruta": 9 }, "geometry": { "type": "Point", "coordinates": [ -63.9424621, -30.3604203 ] } },
{ "type": "Feature", "properties": { "Name": "826.35", "P.K.": null, "Al.Dist. Izq.": 25, "Al.Dist. Der.": 25, "Ruta": 9 }, "geometry": { "type": "Point", "coordinates": [ -63.9423558, -30.3601732 ] } },
{ "type": "Feature", "properties": { "Name": "826.41", "P.K.": null, "Al.Dist. Izq.": 25, "Al.Dist. Der.": 25, "Ruta": 9 }, "geometry": { "type": "Point", "coordinates": [ -63.9422516, -30.3596866 ] } },
{ "type": "Feature", "properties": { "Name": "826.42", "P.K.": null, "Al.Dist. Izq.": 25, "Al.Dist. Der.": 25, "Ruta": 9 }, "geometry": { "type": "Point", "coordinates": [ -63.9421, -30.3597 ] } },
{ "type": "Feature", "properties": { "Name": "826.48", "P.K.": null, "Al.Dist. Izq.": 25, "Al.Dist. Der.": 25, "Ruta": 9 }, "geometry": { "type": "Point", "coordinates": [ -63.9419193, -30.359174 ] } },
{ "type": "Feature", "properties": { "Name": "826.5", "P.K.": null, "Al.Dist. Izq.": 25, "Al.Dist. Der.": 25, "Ruta": 9 }, "geometry": { "type": "Point", "coordinates": [ -63.9419089, -30.3589567 ] } },
{ "type": "Feature", "properties": { "Name": "826.55", "P.K.": null, "Al.Dist. Izq.": 25, "Al.Dist. Der.": 25, "Ruta": 9 }, "geometry": { "type": "Point", "coordinates": [ -63.9415388, -30.3585693 ] } },
{ "type": "Feature", "properties": { "Name": "826.56", "P.K.": null, "Al.Dist. Izq.": 25, "Al.Dist. Der.": 25, "Ruta": 9 }, "geometry": { "type": "Point", "coordinates": [ -63.9417155, -30.3584788 ] } },
{ "type": "Feature", "properties": { "Name": "826.57", "P.K.": null, "Al.Dist. Izq.": 25, "Al.Dist. Der.": 25, "Ruta": 9 }, "geometry": { "type": "Point", "coordinates": [ -63.9416, -30.3584 ] } },
{ "type": "Feature", "properties": { "Name": "826.7", "P.K.": null, "Al.Dist. Izq.": 25, "Al.Dist. Der.": 25, "Ruta": 9 }, "geometry": { "type": "Point", "coordinates": [ -63.9411395, -30.3573893 ] } },
{ "type": "Feature", "properties": { "Name": "826.72", "P.K.": null, "Al.Dist. Izq.": 25, "Al.Dist. Der.": 25, "Ruta": 9 }, "geometry": { "type": "Point", "coordinates": [ -63.9412759, -30.3571639 ] } },
{ "type": "Feature", "properties": { "Name": "826.75", "P.K.": null, "Al.Dist. Izq.": 25, "Al.Dist. Der.": 25, "Ruta": 9 }, "geometry": { "type": "Point", "coordinates": [ -63.9409986, -30.3569614 ] } },
{ "type": "Feature", "properties": { "Name": "826.83", "P.K.": null, "Al.Dist. Izq.": 25, "Al.Dist. Der.": 25, "Ruta": 9 }, "geometry": { "type": "Point", "coordinates": [ -63.9407485, -30.3562636 ] } },
{ "type": "Feature", "properties": { "Name": "826.84", "P.K.": null, "Al.Dist. Izq.": 25, "Al.Dist. Der.": 25, "Ruta": 9 }, "geometry": { "type": "Point", "coordinates": [ -63.9406, -30.3562 ] } },
{ "type": "Feature", "properties": { "Name": "826.85", "P.K.": null, "Al.Dist. Izq.": 25, "Al.Dist. Der.": 25, "Ruta": 9 }, "geometry": { "type": "Point", "coordinates": [ -63.9406957, -30.3560605 ] } },
{ "type": "Feature", "properties": { "Name": "826.86", "P.K.": null, "Al.Dist. Izq.": 25, "Al.Dist. Der.": 25, "Ruta": 9 }, "geometry": { "type": "Point", "coordinates": [ -63.9408, -30.3559 ] } },
{ "type": "Feature", "properties": { "Name": "826.94", "P.K.": null, "Al.Dist. Izq.": 25, "Al.Dist. Der.": 25, "Ruta": 9 }, "geometry": { "type": "Point", "coordinates": [ -63.9404, -30.3554 ] } },
{ "type": "Feature", "properties": { "Name": "826.96", "P.K.": null, "Al.Dist. Izq.": 25, "Al.Dist. Der.": 25, "Ruta": 9 }, "geometry": { "type": "Point", "coordinates": [ -63.9405269, -30.3552177 ] } },
{ "type": "Feature", "properties": { "Name": "827", "P.K.": "PK827", "Al.Dist. Izq.": 25, "Al.Dist. Der.": 25, "Ruta": 9 }, "geometry": { "type": "Point", "coordinates": [ -63.9403774, -30.3548131 ] } },
{ "type": "Feature", "properties": { "Name": "827.02", "P.K.": null, "Al.Dist. Izq.": 25, "Al.Dist. Der.": 25, "Ruta": 9 }, "geometry": { "type": "Point", "coordinates": [ -63.9406, -30.3546 ] } },
{ "type": "Feature", "properties": { "Name": "827.16", "P.K.": null, "Al.Dist. Izq.": 25, "Al.Dist. Der.": 25, "Ruta": 9 }, "geometry": { "type": "Point", "coordinates": [ -63.9401229, -30.3534633 ] } },
{ "type": "Feature", "properties": { "Name": "827.17", "P.K.": null, "Al.Dist. Izq.": 25, "Al.Dist. Der.": 25, "Ruta": 9 }, "geometry": { "type": "Point", "coordinates": [ -63.9403, -30.3533 ] } },
{ "type": "Feature", "properties": { "Name": "827.22", "P.K.": null, "Al.Dist. Izq.": 25, "Al.Dist. Der.": 25, "Ruta": 9 }, "geometry": { "type": "Point", "coordinates": [ -63.9400458, -30.3529414 ] } },
{ "type": "Feature", "properties": { "Name": "827.35", "P.K.": null, "Al.Dist. Izq.": 25, "Al.Dist. Der.": 25, "Ruta": 9 }, "geometry": { "type": "Point", "coordinates": [ -63.94, -30.3517 ] } },
{ "type": "Feature", "properties": { "Name": "827.38", "P.K.": null, "Al.Dist. Izq.": 25, "Al.Dist. Der.": 25, "Ruta": 9 }, "geometry": { "type": "Point", "coordinates": [ -63.9397943, -30.3515943 ] } },
{ "type": "Feature", "properties": { "Name": "827.41", "P.K.": null, "Al.Dist. Izq.": 25, "Al.Dist. Der.": 25, "Ruta": 9 }, "geometry": { "type": "Point", "coordinates": [ -63.9397363, -30.3512974 ] } },
{ "type": "Feature", "properties": { "Name": "827.48", "P.K.": null, "Al.Dist. Izq.": 25, "Al.Dist. Der.": 25, "Ruta": 9 }, "geometry": { "type": "Point", "coordinates": [ -63.9395908, -30.350667 ] } },
{ "type": "Feature", "properties": { "Name": "827.5", "P.K.": null, "Al.Dist. Izq.": 25, "Al.Dist. Der.": 25, "Ruta": 9 }, "geometry": { "type": "Point", "coordinates": [ -63.9394856, -30.3504558 ] } },
{ "type": "Feature", "properties": { "Name": "827.54", "P.K.": null, "Al.Dist. Izq.": 25, "Al.Dist. Der.": 25, "Ruta": 9 }, "geometry": { "type": "Point", "coordinates": [ -63.9394, -30.3502 ] } },
{ "type": "Feature", "properties": { "Name": "827.56", "P.K.": null, "Al.Dist. Izq.": 25, "Al.Dist. Der.": 25, "Ruta": 9 }, "geometry": { "type": "Point", "coordinates": [ -63.9392369, -30.3500074 ] } },
{ "type": "Feature", "properties": { "Name": "827.68", "P.K.": null, "Al.Dist. Izq.": 25, "Al.Dist. Der.": 25, "Ruta": 9 }, "geometry": { "type": "Point", "coordinates": [ -63.9389154, -30.3490839 ] } },
{ "type": "Feature", "properties": { "Name": "827.75", "P.K.": null, "Al.Dist. Izq.": 25, "Al.Dist. Der.": 25, "Ruta": 9 }, "geometry": { "type": "Point", "coordinates": [ -63.9387956, -30.348447 ] } },
{ "type": "Feature", "properties": { "Name": "827.89", "P.K.": null, "Al.Dist. Izq.": 25, "Al.Dist. Der.": 25, "Ruta": 9 }, "geometry": { "type": "Point", "coordinates": [ -63.9381803, -30.3473042 ] } },
{ "type": "Feature", "properties": { "Name": "828.44", "P.K.": null, "Al.Dist. Izq.": 25, "Al.Dist. Der.": 25, "Ruta": 9 }, "geometry": { "type": "Point", "coordinates": [ -63.9364426, -30.3427322 ] } },
{ "type": "Feature", "properties": { "Name": "828.44", "P.K.": null, "Al.Dist. Izq.": 25, "Al.Dist. Der.": 25, "Ruta": 9 }, "geometry": { "type": "Point", "coordinates": [ -63.9364426, -30.3427322 ] } },
{ "type": "Feature", "properties": { "Name": "828.76", "P.K.": null, "Al.Dist. Izq.": 25, "Al.Dist. Der.": 25, "Ruta": 9 }, "geometry": { "type": "Point", "coordinates": [ -63.9353231, -30.3400264 ] } },
{ "type": "Feature", "properties": { "Name": "829.08", "P.K.": null, "Al.Dist. Izq.": 25, "Al.Dist. Der.": 25, "Ruta": 9 }, "geometry": { "type": "Point", "coordinates": [ -63.9341178, -30.3374604 ] } },
{ "type": "Feature", "properties": { "Name": "829.14", "P.K.": null, "Al.Dist. Izq.": 25, "Al.Dist. Der.": 25, "Ruta": 9 }, "geometry": { "type": "Point", "coordinates": [ -63.9339025, -30.3368689 ] } },
{ "type": "Feature", "properties": { "Name": "829.27", "P.K.": null, "Al.Dist. Izq.": 25, "Al.Dist. Der.": 25, "Ruta": 9 }, "geometry": { "type": "Point", "coordinates": [ -63.9336343, -30.3358197 ] } },
{ "type": "Feature", "properties": { "Name": "829.34", "P.K.": null, "Al.Dist. Izq.": 25, "Al.Dist. Der.": 25, "Ruta": 9 }, "geometry": { "type": "Point", "coordinates": [ -63.93335, -30.3352826 ] } },
{ "type": "Feature", "properties": { "Name": "829.39", "P.K.": null, "Al.Dist. Izq.": 25, "Al.Dist. Der.": 25, "Ruta": 9 }, "geometry": { "type": "Point", "coordinates": [ -63.9330734, -30.3348769 ] } },
{ "type": "Feature", "properties": { "Name": "829.44", "P.K.": null, "Al.Dist. Izq.": 25, "Al.Dist. Der.": 25, "Ruta": 9 }, "geometry": { "type": "Point", "coordinates": [ -63.9326633, -30.3345166 ] } },
{ "type": "Feature", "properties": { "Name": "829.75", "P.K.": null, "Al.Dist. Izq.": 25, "Al.Dist. Der.": 25, "Ruta": 9 }, "geometry": { "type": "Point", "coordinates": [ -63.9313581, -30.3320952 ] } },
{ "type": "Feature", "properties": { "Name": "830.23", "P.K.": null, "Al.Dist. Izq.": 25, "Al.Dist. Der.": 25, "Ruta": 9 }, "geometry": { "type": "Point", "coordinates": [ -63.9292133, -30.3282222 ] } },
{ "type": "Feature", "properties": { "Name": "830.24", "P.K.": null, "Al.Dist. Izq.": 25, "Al.Dist. Der.": 25, "Ruta": 9 }, "geometry": { "type": "Point", "coordinates": [ -63.9293937, -30.3281039 ] } },
{ "type": "Feature", "properties": { "Name": "830.29", "P.K.": null, "Al.Dist. Izq.": 25, "Al.Dist. Der.": 25, "Ruta": 9 }, "geometry": { "type": "Point", "coordinates": [ -63.929, -30.3277 ] } },
{ "type": "Feature", "properties": { "Name": "830.32", "P.K.": null, "Al.Dist. Izq.": 25, "Al.Dist. Der.": 25, "Ruta": 9 }, "geometry": { "type": "Point", "coordinates": [ -63.9289103, -30.327482 ] } },
{ "type": "Feature", "properties": { "Name": "830.46", "P.K.": null, "Al.Dist. Izq.": 25, "Al.Dist. Der.": 25, "Ruta": 9 }, "geometry": { "type": "Point", "coordinates": [ -63.9282957, -30.3264477 ] } },
{ "type": "Feature", "properties": { "Name": "830.72", "P.K.": null, "Al.Dist. Izq.": 25, "Al.Dist. Der.": 25, "Ruta": 9 }, "geometry": { "type": "Point", "coordinates": [ -63.9271585, -30.324298 ] } },
{ "type": "Feature", "properties": { "Name": "830.89", "P.K.": null, "Al.Dist. Izq.": 25, "Al.Dist. Der.": 25, "Ruta": 9 }, "geometry": { "type": "Point", "coordinates": [ -63.9264161, -30.3229885 ] } },
{ "type": "Feature", "properties": { "Name": "831", "P.K.": "PK831", "Al.Dist. Izq.": 25, "Al.Dist. Der.": 25, "Ruta": 9 }, "geometry": { "type": "Point", "coordinates": [ -63.9259989, -30.3221457 ] } },
{ "type": "Feature", "properties": { "Name": "831.14", "P.K.": null, "Al.Dist. Izq.": 25, "Al.Dist. Der.": 25, "Ruta": 9 }, "geometry": { "type": "Point", "coordinates": [ -63.9257031, -30.3209193 ] } },
{ "type": "Feature", "properties": { "Name": "831.19", "P.K.": null, "Al.Dist. Izq.": 25, "Al.Dist. Der.": 25, "Ruta": 9 }, "geometry": { "type": "Point", "coordinates": [ -63.9256996, -30.3203772 ] } },
{ "type": "Feature", "properties": { "Name": "831.2", "P.K.": null, "Al.Dist. Izq.": 25, "Al.Dist. Der.": 25, "Ruta": 9 }, "geometry": { "type": "Point", "coordinates": [ -63.9258378, -30.3202691 ] } },
{ "type": "Feature", "properties": { "Name": "831.3", "P.K.": null, "Al.Dist. Izq.": 25, "Al.Dist. Der.": 25, "Ruta": 9 }, "geometry": { "type": "Point", "coordinates": [ -63.9257798, -30.3193204 ] } },
{ "type": "Feature", "properties": { "Name": "831.37", "P.K.": null, "Al.Dist. Izq.": 25, "Al.Dist. Der.": 25, "Ruta": 9 }, "geometry": { "type": "Point", "coordinates": [ -63.9259132, -30.3186933 ] } },
{ "type": "Feature", "properties": { "Name": "831.44", "P.K.": null, "Al.Dist. Izq.": 25, "Al.Dist. Der.": 25, "Ruta": 9 }, "geometry": { "type": "Point", "coordinates": [ -63.9260105, -30.3180724 ] } },
{ "type": "Feature", "properties": { "Name": "831.46", "P.K.": null, "Al.Dist. Izq.": 25, "Al.Dist. Der.": 25, "Ruta": 9 }, "geometry": { "type": "Point", "coordinates": [ -63.9258812, -30.3179083 ] } },
{ "type": "Feature", "properties": { "Name": "831.48", "P.K.": null, "Al.Dist. Izq.": 25, "Al.Dist. Der.": 25, "Ruta": 9 }, "geometry": { "type": "Point", "coordinates": [ -63.9258944, -30.3176937 ] } },
{ "type": "Feature", "properties": { "Name": "831.58", "P.K.": null, "Al.Dist. Izq.": 25, "Al.Dist. Der.": 25, "Ruta": 9 }, "geometry": { "type": "Point", "coordinates": [ -63.926, -30.3167 ] } },
{ "type": "Feature", "properties": { "Name": "831.7", "P.K.": null, "Al.Dist. Izq.": 25, "Al.Dist. Der.": 25, "Ruta": 9 }, "geometry": { "type": "Point", "coordinates": [ -63.92586, -30.3156299 ] } },
{ "type": "Feature", "properties": { "Name": "831.75", "P.K.": null, "Al.Dist. Izq.": 25, "Al.Dist. Der.": 25, "Ruta": 9 }, "geometry": { "type": "Point", "coordinates": [ -63.9257357, -30.3151895 ] } },
{ "type": "Feature", "properties": { "Name": "831.75", "P.K.": null, "Al.Dist. Izq.": 25, "Al.Dist. Der.": 25, "Ruta": 9 }, "geometry": { "type": "Point", "coordinates": [ -63.9257357, -30.3151895 ] } },
{ "type": "Feature", "properties": { "Name": "831.86", "P.K.": null, "Al.Dist. Izq.": 25, "Al.Dist. Der.": 25, "Ruta": 9 }, "geometry": { "type": "Point", "coordinates": [ -63.925532, -30.3142471 ] } },
{ "type": "Feature", "properties": { "Name": "833.1", "P.K.": null, "Al.Dist. Izq.": 25, "Al.Dist. Der.": 25, "Ruta": 9 }, "geometry": { "type": "Point", "coordinates": [ -63.9210625, -30.3033771 ] } },
{ "type": "Feature", "properties": { "Name": "834.15", "P.K.": null, "Al.Dist. Izq.": 25, "Al.Dist. Der.": 25, "Ruta": 9 }, "geometry": { "type": "Point", "coordinates": [ -63.9173955, -30.2941328 ] } },
{ "type": "Feature", "properties": { "Name": "834.91", "P.K.": null, "Al.Dist. Izq.": 25, "Al.Dist. Der.": 25, "Ruta": 9 }, "geometry": { "type": "Point", "coordinates": [ -63.9147093, -30.2874902 ] } },
{ "type": "Feature", "properties": { "Name": "834.92", "P.K.": null, "Al.Dist. Izq.": 25, "Al.Dist. Der.": 25, "Ruta": 9 }, "geometry": { "type": "Point", "coordinates": [ -63.9148, -30.2874 ] } },
{ "type": "Feature", "properties": { "Name": "835.38", "P.K.": null, "Al.Dist. Izq.": 25, "Al.Dist. Der.": 25, "Ruta": 9 }, "geometry": { "type": "Point", "coordinates": [ -63.9131308, -30.2833877 ] } },
{ "type": "Feature", "properties": { "Name": "835.71", "P.K.": null, "Al.Dist. Izq.": 25, "Al.Dist. Der.": 25, "Ruta": 9 }, "geometry": { "type": "Point", "coordinates": [ -63.9119775, -30.2804484 ] } },
{ "type": "Feature", "properties": { "Name": "836", "P.K.": "PK836", "Al.Dist. Izq.": 25, "Al.Dist. Der.": 25, "Ruta": 9 }, "geometry": { "type": "Point", "coordinates": [ -63.9110726, -30.2779181 ] } },
{ "type": "Feature", "properties": { "Name": "836", "P.K.": null, "Al.Dist. Izq.": 25, "Al.Dist. Der.": 25, "Ruta": 9 }, "geometry": { "type": "Point", "coordinates": [ -63.9110726, -30.2779181 ] } },
{ "type": "Feature", "properties": { "Name": "836.74", "P.K.": null, "Al.Dist. Izq.": 25, "Al.Dist. Der.": 25, "Ruta": 9 }, "geometry": { "type": "Point", "coordinates": [ -63.9081211, -30.2709429 ] } },
{ "type": "Feature", "properties": { "Name": "837.58", "P.K.": null, "Al.Dist. Izq.": 25, "Al.Dist. Der.": 25, "Ruta": 9 }, "geometry": { "type": "Point", "coordinates": [ -63.9050041, -30.2631422 ] } },
{ "type": "Feature", "properties": { "Name": "837.66", "P.K.": null, "Al.Dist. Izq.": 25, "Al.Dist. Der.": 25, "Ruta": 9 }, "geometry": { "type": "Point", "coordinates": [ -63.9047174, -30.2623483 ] } },
{ "type": "Feature", "properties": { "Name": "837.68", "P.K.": null, "Al.Dist. Izq.": 25, "Al.Dist. Der.": 25, "Ruta": 9 }, "geometry": { "type": "Point", "coordinates": [ -63.9047157, -30.2622 ] } },
{ "type": "Feature", "properties": { "Name": "837.69", "P.K.": null, "Al.Dist. Izq.": 25, "Al.Dist. Der.": 25, "Ruta": 9 }, "geometry": { "type": "Point", "coordinates": [ -63.9047268, -30.2620335 ] } },
{ "type": "Feature", "properties": { "Name": "837.88", "P.K.": null, "Al.Dist. Izq.": 25, "Al.Dist. Der.": 25, "Ruta": 9 }, "geometry": { "type": "Point", "coordinates": [ -63.9038474, -30.2601746 ] } },
{ "type": "Feature", "properties": { "Name": "837.93", "P.K.": null, "Al.Dist. Izq.": 25, "Al.Dist. Der.": 25, "Ruta": 9 }, "geometry": { "type": "Point", "coordinates": [ -63.9038296, -30.2597724 ] } },
{ "type": "Feature", "properties": { "Name": "837.97", "P.K.": null, "Al.Dist. Izq.": 25, "Al.Dist. Der.": 25, "Ruta": 9 }, "geometry": { "type": "Point", "coordinates": [ -63.9035596, -30.2594739 ] } },
{ "type": "Feature", "properties": { "Name": "837.99", "P.K.": null, "Al.Dist. Izq.": 25, "Al.Dist. Der.": 25, "Ruta": 9 }, "geometry": { "type": "Point", "coordinates": [ -63.9035121, -30.2591978 ] } },
{ "type": "Feature", "properties": { "Name": "838.04", "P.K.": null, "Al.Dist. Izq.": 25, "Al.Dist. Der.": 25, "Ruta": 9 }, "geometry": { "type": "Point", "coordinates": [ -63.9033518, -30.2587411 ] } },
{ "type": "Feature", "properties": { "Name": "838.11", "P.K.": null, "Al.Dist. Izq.": 25, "Al.Dist. Der.": 25, "Ruta": 9 }, "geometry": { "type": "Point", "coordinates": [ -63.9031565, -30.2580665 ] } },
{ "type": "Feature", "properties": { "Name": "838.17", "P.K.": null, "Al.Dist. Izq.": 25, "Al.Dist. Der.": 25, "Ruta": 9 }, "geometry": { "type": "Point", "coordinates": [ -63.9030397, -30.2574689 ] } },
{ "type": "Feature", "properties": { "Name": "838.28", "P.K.": null, "Al.Dist. Izq.": 25, "Al.Dist. Der.": 25, "Ruta": 9 }, "geometry": { "type": "Point", "coordinates": [ -63.9027, -30.2564 ] } },
{ "type": "Feature", "properties": { "Name": "838.3", "P.K.": null, "Al.Dist. Izq.": 25, "Al.Dist. Der.": 25, "Ruta": 9 }, "geometry": { "type": "Point", "coordinates": [ -63.9028171, -30.2561984 ] } },
{ "type": "Feature", "properties": { "Name": "838.35", "P.K.": null, "Al.Dist. Izq.": 25, "Al.Dist. Der.": 25, "Ruta": 9 }, "geometry": { "type": "Point", "coordinates": [ -63.9027527, -30.2557828 ] } },
{ "type": "Feature", "properties": { "Name": "838.53", "P.K.": null, "Al.Dist. Izq.": 25, "Al.Dist. Der.": 25, "Ruta": 9 }, "geometry": { "type": "Point", "coordinates": [ -63.9024101, -30.2539296 ] } },
{ "type": "Feature", "properties": { "Name": "838.56", "P.K.": null, "Al.Dist. Izq.": 25, "Al.Dist. Der.": 25, "Ruta": 9 }, "geometry": { "type": "Point", "coordinates": [ -63.9023625, -30.2536446 ] } },
{ "type": "Feature", "properties": { "Name": "838.74", "P.K.": null, "Al.Dist. Izq.": 25, "Al.Dist. Der.": 25, "Ruta": 9 }, "geometry": { "type": "Point", "coordinates": [ -63.9016524, -30.2519687 ] } },
{ "type": "Feature", "properties": { "Name": "839.63", "P.K.": null, "Al.Dist. Izq.": 25, "Al.Dist. Der.": 25, "Ruta": 9 }, "geometry": { "type": "Point", "coordinates": [ -63.8967633, -30.2442028 ] } },
{ "type": "Feature", "properties": { "Name": "840.67", "P.K.": null, "Al.Dist. Izq.": 25, "Al.Dist. Der.": 25, "Ruta": 9 }, "geometry": { "type": "Point", "coordinates": [ -63.8910019, -30.2351622 ] } },
{ "type": "Feature", "properties": { "Name": "840.78", "P.K.": null, "Al.Dist. Izq.": 25, "Al.Dist. Der.": 25, "Ruta": 9 }, "geometry": { "type": "Point", "coordinates": [ -63.8903943, -30.2341553 ] } },
{ "type": "Feature", "properties": { "Name": "841.18", "P.K.": null, "Al.Dist. Izq.": 25, "Al.Dist. Der.": 25, "Ruta": 9 }, "geometry": { "type": "Point", "coordinates": [ -63.888304, -30.2305805 ] } },
{ "type": "Feature", "properties": { "Name": "841.34", "P.K.": null, "Al.Dist. Izq.": 25, "Al.Dist. Der.": 25, "Ruta": 9 }, "geometry": { "type": "Point", "coordinates": [ -63.8875, -30.2292151 ] } },
{ "type": "Feature", "properties": { "Name": "841.37", "P.K.": null, "Al.Dist. Izq.": 25, "Al.Dist. Der.": 25, "Ruta": 9 }, "geometry": { "type": "Point", "coordinates": [ -63.8874041, -30.2288376 ] } },
{ "type": "Feature", "properties": { "Name": "841.37", "P.K.": null, "Al.Dist. Izq.": 15, "Al.Dist. Der.": 35, "Ruta": 9 }, "geometry": { "type": "Point", "coordinates": [ -63.8874041, -30.2288376 ] } },
{ "type": "Feature", "properties": { "Name": "841.46", "P.K.": null, "Al.Dist. Izq.": 15, "Al.Dist. Der.": 35, "Ruta": 9 }, "geometry": { "type": "Point", "coordinates": [ -63.8868214, -30.2281004 ] } },
{ "type": "Feature", "properties": { "Name": "841.61", "P.K.": null, "Al.Dist. Izq.": 15, "Al.Dist. Der.": 35, "Ruta": 9 }, "geometry": { "type": "Point", "coordinates": [ -63.8859225, -30.2269109 ] } },
{ "type": "Feature", "properties": { "Name": "841.79", "P.K.": null, "Al.Dist. Izq.": 15, "Al.Dist. Der.": 35, "Ruta": 9 }, "geometry": { "type": "Point", "coordinates": [ -63.8847117, -30.2253764 ] } },
{ "type": "Feature", "properties": { "Name": "841.79", "P.K.": null, "Al.Dist. Izq.": 15, "Al.Dist. Der.": 15, "Ruta": 9 }, "geometry": { "type": "Point", "coordinates": [ -63.8847117, -30.2253764 ] } },
{ "type": "Feature", "properties": { "Name": "841.88", "P.K.": null, "Al.Dist. Izq.": 15, "Al.Dist. Der.": 15, "Ruta": 9 }, "geometry": { "type": "Point", "coordinates": [ -63.8842, -30.2247 ] } },
{ "type": "Feature", "properties": { "Name": "842.47", "P.K.": null, "Al.Dist. Izq.": 15, "Al.Dist. Der.": 15, "Ruta": 9 }, "geometry": { "type": "Point", "coordinates": [ -63.8805857, -30.21965 ] } },
{ "type": "Feature", "properties": { "Name": "842.51", "P.K.": null, "Al.Dist. Izq.": 15, "Al.Dist. Der.": 15, "Ruta": 9 }, "geometry": { "type": "Point", "coordinates": [ -63.8807304, -30.2191869 ] } },
{ "type": "Feature", "properties": { "Name": "842.52", "P.K.": null, "Al.Dist. Izq.": 15, "Al.Dist. Der.": 15, "Ruta": 9 }, "geometry": { "type": "Point", "coordinates": [ -63.8802898, -30.2191827 ] } },
{ "type": "Feature", "properties": { "Name": "842.93", "P.K.": null, "Al.Dist. Izq.": 15, "Al.Dist. Der.": 15, "Ruta": 9 }, "geometry": { "type": "Point", "coordinates": [ -63.8778018, -30.2157615 ] } },
{ "type": "Feature", "properties": { "Name": "843.27", "P.K.": null, "Al.Dist. Izq.": 15, "Al.Dist. Der.": 15, "Ruta": 9 }, "geometry": { "type": "Point", "coordinates": [ -63.8757271, -30.2129782 ] } },
{ "type": "Feature", "properties": { "Name": "843.48", "P.K.": null, "Al.Dist. Izq.": 15, "Al.Dist. Der.": 15, "Ruta": 9 }, "geometry": { "type": "Point", "coordinates": [ -63.8745909, -30.2111007 ] } },
{ "type": "Feature", "properties": { "Name": "843.49", "P.K.": null, "Al.Dist. Izq.": null, "Al.Dist. Der.": null, "Ruta": 9 }, "geometry": { "type": "Point", "coordinates": [ -63.8744609, -30.2109708 ] } },
{ "type": "Feature", "properties": { "Name": "843.49", "P.K.": null, "Al.Dist. Izq.": 25, "Al.Dist. Der.": 25, "Ruta": 9 }, "geometry": { "type": "Point", "coordinates": [ -63.8744609, -30.2109708 ] } },
{ "type": "Feature", "properties": { "Name": "844.52", "P.K.": null, "Al.Dist. Izq.": 25, "Al.Dist. Der.": 25, "Ruta": 9 }, "geometry": { "type": "Point", "coordinates": [ -63.8716183, -30.2011354 ] } },
{ "type": "Feature", "properties": { "Name": "844.74", "P.K.": null, "Al.Dist. Izq.": 25, "Al.Dist. Der.": 25, "Ruta": 9 }, "geometry": { "type": "Point", "coordinates": [ -63.8710057, -30.1988793 ] } },
{ "type": "Feature", "properties": { "Name": "846.18", "P.K.": null, "Al.Dist. Izq.": 25, "Al.Dist. Der.": 25, "Ruta": 9 }, "geometry": { "type": "Point", "coordinates": [ -63.8669013, -30.1849761 ] } },
{ "type": "Feature", "properties": { "Name": "846.45", "P.K.": null, "Al.Dist. Izq.": 25, "Al.Dist. Der.": 25, "Ruta": 9 }, "geometry": { "type": "Point", "coordinates": [ -63.8661593, -30.1825297 ] } },
{ "type": "Feature", "properties": { "Name": "846.57", "P.K.": null, "Al.Dist. Izq.": 25, "Al.Dist. Der.": 25, "Ruta": 9 }, "geometry": { "type": "Point", "coordinates": [ -63.8658217, -30.1813736 ] } },
{ "type": "Feature", "properties": { "Name": "846.76", "P.K.": null, "Al.Dist. Izq.": 25, "Al.Dist. Der.": 25, "Ruta": 9 }, "geometry": { "type": "Point", "coordinates": [ -63.8652258, -30.1793933 ] } },
{ "type": "Feature", "properties": { "Name": "846.81", "P.K.": null, "Al.Dist. Izq.": 25, "Al.Dist. Der.": 25, "Ruta": 9 }, "geometry": { "type": "Point", "coordinates": [ -63.8651159, -30.1790098 ] } },
{ "type": "Feature", "properties": { "Name": "846.81", "P.K.": null, "Al.Dist. Izq.": 25, "Al.Dist. Der.": 25, "Ruta": 9 }, "geometry": { "type": "Point", "coordinates": [ -63.8651159, -30.1790098 ] } },
{ "type": "Feature", "properties": { "Name": "846.86", "P.K.": null, "Al.Dist. Izq.": 25, "Al.Dist. Der.": 25, "Ruta": 9 }, "geometry": { "type": "Point", "coordinates": [ -63.865011, -30.1784814 ] } },
{ "type": "Feature", "properties": { "Name": "846.92", "P.K.": null, "Al.Dist. Izq.": 25, "Al.Dist. Der.": 25, "Ruta": 9 }, "geometry": { "type": "Point", "coordinates": [ -63.8648507, -30.1779252 ] } },
{ "type": "Feature", "properties": { "Name": "846.93", "P.K.": null, "Al.Dist. Izq.": 25, "Al.Dist. Der.": 25, "Ruta": 9 }, "geometry": { "type": "Point", "coordinates": [ -63.8649, -30.1779 ] } },
{ "type": "Feature", "properties": { "Name": "846.93", "P.K.": null, "Al.Dist. Izq.": 25, "Al.Dist. Der.": 25, "Ruta": 9 }, "geometry": { "type": "Point", "coordinates": [ -63.8649, -30.1779 ] } },
{ "type": "Feature", "properties": { "Name": "846.95", "P.K.": null, "Al.Dist. Izq.": 25, "Al.Dist. Der.": 25, "Ruta": 9 }, "geometry": { "type": "Point", "coordinates": [ -63.8649201, -30.1776403 ] } },
{ "type": "Feature", "properties": { "Name": "846.99", "P.K.": null, "Al.Dist. Izq.": 25, "Al.Dist. Der.": 25, "Ruta": 9 }, "geometry": { "type": "Point", "coordinates": [ -63.8648001, -30.1771835 ] } },
{ "type": "Feature", "properties": { "Name": "847", "P.K.": "PK847", "Al.Dist. Izq.": 25, "Al.Dist. Der.": 25, "Ruta": 9 }, "geometry": { "type": "Point", "coordinates": [ -63.8646399, -30.1771377 ] } },
{ "type": "Feature", "properties": { "Name": "847.02", "P.K.": null, "Al.Dist. Izq.": 25, "Al.Dist. Der.": 25, "Ruta": 9 }, "geometry": { "type": "Point", "coordinates": [ -63.8644913, -30.1770206 ] } },
{ "type": "Feature", "properties": { "Name": "847.04", "P.K.": null, "Al.Dist. Izq.": 25, "Al.Dist. Der.": 25, "Ruta": 9 }, "geometry": { "type": "Point", "coordinates": [ -63.8645507, -30.1768273 ] } },
{ "type": "Feature", "properties": { "Name": "847.06", "P.K.": null, "Al.Dist. Izq.": 25, "Al.Dist. Der.": 25, "Ruta": 9 }, "geometry": { "type": "Point", "coordinates": [ -63.864431, -30.1766697 ] } },
{ "type": "Feature", "properties": { "Name": "847.22", "P.K.": null, "Al.Dist. Izq.": 25, "Al.Dist. Der.": 25, "Ruta": 9 }, "geometry": { "type": "Point", "coordinates": [ -63.864, -30.1752 ] } },
{ "type": "Feature", "properties": { "Name": "847.46", "P.K.": null, "Al.Dist. Izq.": 25, "Al.Dist. Der.": 25, "Ruta": 9 }, "geometry": { "type": "Point", "coordinates": [ -63.8633162, -30.1732063 ] } },
{ "type": "Feature", "properties": { "Name": "848.07", "P.K.": null, "Al.Dist. Izq.": 25, "Al.Dist. Der.": 25, "Ruta": 9 }, "geometry": { "type": "Point", "coordinates": [ -63.8613732, -30.1679376 ] } },
{ "type": "Feature", "properties": { "Name": "848.9", "P.K.": null, "Al.Dist. Izq.": 25, "Al.Dist. Der.": 25, "Ruta": 9 }, "geometry": { "type": "Point", "coordinates": [ -63.8589127, -30.160742 ] } },
{ "type": "Feature", "properties": { "Name": "850.25", "P.K.": null, "Al.Dist. Izq.": 25, "Al.Dist. Der.": 25, "Ruta": 9 }, "geometry": { "type": "Point", "coordinates": [ -63.8547566, -30.1491296 ] } },
{ "type": "Feature", "properties": { "Name": "851.01", "P.K.": null, "Al.Dist. Izq.": 25, "Al.Dist. Der.": 25, "Ruta": 9 }, "geometry": { "type": "Point", "coordinates": [ -63.8524325, -30.1425528 ] } },
{ "type": "Feature", "properties": { "Name": "851.08", "P.K.": null, "Al.Dist. Izq.": 25, "Al.Dist. Der.": 25, "Ruta": 9 }, "geometry": { "type": "Point", "coordinates": [ -63.8522514, -30.1419634 ] } },
{ "type": "Feature", "properties": { "Name": "851.22", "P.K.": null, "Al.Dist. Izq.": 25, "Al.Dist. Der.": 25, "Ruta": 9 }, "geometry": { "type": "Point", "coordinates": [ -63.8518209, -30.1407074 ] } },
{ "type": "Feature", "properties": { "Name": "851.35", "P.K.": null, "Al.Dist. Izq.": 25, "Al.Dist. Der.": 25, "Ruta": 9 }, "geometry": { "type": "Point", "coordinates": [ -63.8514337, -30.1396018 ] } },
{ "type": "Feature", "properties": { "Name": "851.41", "P.K.": null, "Al.Dist. Izq.": 25, "Al.Dist. Der.": 25, "Ruta": 9 }, "geometry": { "type": "Point", "coordinates": [ -63.851272, -30.1390596 ] } },
{ "type": "Feature", "properties": { "Name": "851.45", "P.K.": null, "Al.Dist. Izq.": 25, "Al.Dist. Der.": 25, "Ruta": 9 }, "geometry": { "type": "Point", "coordinates": [ -63.8511628, -30.1387268 ] } },
{ "type": "Feature", "properties": { "Name": "851.53", "P.K.": null, "Al.Dist. Izq.": 25, "Al.Dist. Der.": 25, "Ruta": 9 }, "geometry": { "type": "Point", "coordinates": [ -63.8510531, -30.1380337 ] } },
{ "type": "Feature", "properties": { "Name": "851.54", "P.K.": null, "Al.Dist. Izq.": 25, "Al.Dist. Der.": 25, "Ruta": 9 }, "geometry": { "type": "Point", "coordinates": [ -63.8511, -30.138 ] } },
{ "type": "Feature", "properties": { "Name": "851.71", "P.K.": null, "Al.Dist. Izq.": 25, "Al.Dist. Der.": 25, "Ruta": 9 }, "geometry": { "type": "Point", "coordinates": [ -63.8508127, -30.1364503 ] } },
{ "type": "Feature", "properties": { "Name": "852.23", "P.K.": null, "Al.Dist. Izq.": 25, "Al.Dist. Der.": 25, "Ruta": 9 }, "geometry": { "type": "Point", "coordinates": [ -63.8502183, -30.1317561 ] } },
{ "type": "Feature", "properties": { "Name": "852.53", "P.K.": null, "Al.Dist. Izq.": 25, "Al.Dist. Der.": 25, "Ruta": 9 }, "geometry": { "type": "Point", "coordinates": [ -63.8499229, -30.1290686 ] } },
{ "type": "Feature", "properties": { "Name": "852.69", "P.K.": null, "Al.Dist. Izq.": 25, "Al.Dist. Der.": 25, "Ruta": 9 }, "geometry": { "type": "Point", "coordinates": [ -63.8495466, -30.1276578 ] } },
{ "type": "Feature", "properties": { "Name": "852.81", "P.K.": null, "Al.Dist. Izq.": 25, "Al.Dist. Der.": 25, "Ruta": 9 }, "geometry": { "type": "Point", "coordinates": [ -63.8494103, -30.1265915 ] } },
{ "type": "Feature", "properties": { "Name": "852.81", "P.K.": null, "Al.Dist. Izq.": 25, "Al.Dist. Der.": 25, "Ruta": 9 }, "geometry": { "type": "Point", "coordinates": [ -63.8495072, -30.1265463 ] } },
{ "type": "Feature", "properties": { "Name": "852.84", "P.K.": null, "Al.Dist. Izq.": 25, "Al.Dist. Der.": 25, "Ruta": 9 }, "geometry": { "type": "Point", "coordinates": [ -63.8493449, -30.1263004 ] } },
{ "type": "Feature", "properties": { "Name": "852.9", "P.K.": null, "Al.Dist. Izq.": 25, "Al.Dist. Der.": 25, "Ruta": 9 }, "geometry": { "type": "Point", "coordinates": [ -63.8493596, -30.125748 ] } },
{ "type": "Feature", "properties": { "Name": "852.95", "P.K.": null, "Al.Dist. Izq.": 25, "Al.Dist. Der.": 25, "Ruta": 9 }, "geometry": { "type": "Point", "coordinates": [ -63.8493308, -30.125346 ] } },
{ "type": "Feature", "properties": { "Name": "852.97", "P.K.": null, "Al.Dist. Izq.": 25, "Al.Dist. Der.": 25, "Ruta": 9 }, "geometry": { "type": "Point", "coordinates": [ -63.849171, -30.125147 ] } },
{ "type": "Feature", "properties": { "Name": "853.01", "P.K.": null, "Al.Dist. Izq.": 25, "Al.Dist. Der.": 25, "Ruta": 9 }, "geometry": { "type": "Point", "coordinates": [ -63.8490955, -30.1248051 ] } },
{ "type": "Feature", "properties": { "Name": "853.02", "P.K.": null, "Al.Dist. Izq.": 25, "Al.Dist. Der.": 25, "Ruta": 9 }, "geometry": { "type": "Point", "coordinates": [ -63.8490725, -30.1247206 ] } },
{ "type": "Feature", "properties": { "Name": "853.03", "P.K.": null, "Al.Dist. Izq.": 25, "Al.Dist. Der.": 25, "Ruta": 9 }, "geometry": { "type": "Point", "coordinates": [ -63.8489633, -30.1246077 ] } },
{ "type": "Feature", "properties": { "Name": "853.18", "P.K.": null, "Al.Dist. Izq.": 25, "Al.Dist. Der.": 25, "Ruta": 9 }, "geometry": { "type": "Point", "coordinates": [ -63.848303, -30.1234648 ] } },
{ "type": "Feature", "properties": { "Name": "853.22", "P.K.": null, "Al.Dist. Izq.": 25, "Al.Dist. Der.": 25, "Ruta": 9 }, "geometry": { "type": "Point", "coordinates": [ -63.8481681, -30.1230733 ] } },
{ "type": "Feature", "properties": { "Name": "853.22", "P.K.": null, "Al.Dist. Izq.": 25, "Al.Dist. Der.": 25, "Ruta": 9 }, "geometry": { "type": "Point", "coordinates": [ -63.8481681, -30.1230733 ] } },
{ "type": "Feature", "properties": { "Name": "853.31", "P.K.": null, "Al.Dist. Izq.": 25, "Al.Dist. Der.": 25, "Ruta": 9 }, "geometry": { "type": "Point", "coordinates": [ -63.8474, -30.1226 ] } },
{ "type": "Feature", "properties": { "Name": "853.67", "P.K.": null, "Al.Dist. Izq.": 25, "Al.Dist. Der.": 25, "Ruta": 9 }, "geometry": { "type": "Point", "coordinates": [ -63.8449568, -30.1201948 ] } },
{ "type": "Feature", "properties": { "Name": "853.89", "P.K.": null, "Al.Dist. Izq.": 25, "Al.Dist. Der.": 25, "Ruta": 9 }, "geometry": { "type": "Point", "coordinates": [ -63.8433555, -30.1186752 ] } },
{ "type": "Feature", "properties": { "Name": "854", "P.K.": null, "Al.Dist. Izq.": 25, "Al.Dist. Der.": 25, "Ruta": 9 }, "geometry": { "type": "Point", "coordinates": [ -63.8426, -30.1179 ] } },
{ "type": "Feature", "properties": { "Name": "854.02", "P.K.": null, "Al.Dist. Izq.": 25, "Al.Dist. Der.": 25, "Ruta": 9 }, "geometry": { "type": "Point", "coordinates": [ -63.8425053, -30.1177964 ] } },
{ "type": "Feature", "properties": { "Name": "854.07", "P.K.": null, "Al.Dist. Izq.": 25, "Al.Dist. Der.": 25, "Ruta": 9 }, "geometry": { "type": "Point", "coordinates": [ -63.8421576, -30.1174409 ] } },
{ "type": "Feature", "properties": { "Name": "854.09", "P.K.": null, "Al.Dist. Izq.": 25, "Al.Dist. Der.": 25, "Ruta": 9 }, "geometry": { "type": "Point", "coordinates": [ -63.8420485, -30.1173407 ] } },
{ "type": "Feature", "properties": { "Name": "854.17", "P.K.": null, "Al.Dist. Izq.": 25, "Al.Dist. Der.": 25, "Ruta": 9 }, "geometry": { "type": "Point", "coordinates": [ -63.8415645, -30.1167196 ] } },
{ "type": "Feature", "properties": { "Name": "854.18", "P.K.": null, "Al.Dist. Izq.": 25, "Al.Dist. Der.": 25, "Ruta": 9 }, "geometry": { "type": "Point", "coordinates": [ -63.8414173, -30.1167005 ] } },
{ "type": "Feature", "properties": { "Name": "854.19", "P.K.": null, "Al.Dist. Izq.": 25, "Al.Dist. Der.": 25, "Ruta": 9 }, "geometry": { "type": "Point", "coordinates": [ -63.8414327, -30.1166106 ] } },
{ "type": "Feature", "properties": { "Name": "854.23", "P.K.": null, "Al.Dist. Izq.": 25, "Al.Dist. Der.": 25, "Ruta": 9 }, "geometry": { "type": "Point", "coordinates": [ -63.8410927, -30.1164139 ] } },
{ "type": "Feature", "properties": { "Name": "854.29", "P.K.": null, "Al.Dist. Izq.": 25, "Al.Dist. Der.": 25, "Ruta": 9 }, "geometry": { "type": "Point", "coordinates": [ -63.840647, -30.1159509 ] } },
{ "type": "Feature", "properties": { "Name": "854.36", "P.K.": null, "Al.Dist. Izq.": 25, "Al.Dist. Der.": 25, "Ruta": 9 }, "geometry": { "type": "Point", "coordinates": [ -63.8401541, -30.1155039 ] } },
{ "type": "Feature", "properties": { "Name": "854.4", "P.K.": null, "Al.Dist. Izq.": 25, "Al.Dist. Der.": 25, "Ruta": 9 }, "geometry": { "type": "Point", "coordinates": [ -63.84, -30.1152 ] } },
{ "type": "Feature", "properties": { "Name": "854.48", "P.K.": null, "Al.Dist. Izq.": 25, "Al.Dist. Der.": 25, "Ruta": 9 }, "geometry": { "type": "Point", "coordinates": [ -63.8394019, -30.1146938 ] } },
{ "type": "Feature", "properties": { "Name": "854.6", "P.K.": null, "Al.Dist. Izq.": 25, "Al.Dist. Der.": 25, "Ruta": 9 }, "geometry": { "type": "Point", "coordinates": [ -63.8388, -30.1138 ] } },
{ "type": "Feature", "properties": { "Name": "854.77", "P.K.": null, "Al.Dist. Izq.": 25, "Al.Dist. Der.": 25, "Ruta": 9 }, "geometry": { "type": "Point", "coordinates": [ -63.8379995, -30.1123875 ] } },
{ "type": "Feature", "properties": { "Name": "855.12", "P.K.": null, "Al.Dist. Izq.": 25, "Al.Dist. Der.": 25, "Ruta": 9 }, "geometry": { "type": "Point", "coordinates": [ -63.8368458, -30.1094191 ] } },
{ "type": "Feature", "properties": { "Name": "855.15", "P.K.": null, "Al.Dist. Izq.": 25, "Al.Dist. Der.": 25, "Ruta": 9 }, "geometry": { "type": "Point", "coordinates": [ -63.8366151, -30.1091723 ] } },
{ "type": "Feature", "properties": { "Name": "855.34", "P.K.": null, "Al.Dist. Izq.": 25, "Al.Dist. Der.": 25, "Ruta": 9 }, "geometry": { "type": "Point", "coordinates": [ -63.835845, -30.1075669 ] } },
{ "type": "Feature", "properties": { "Name": "855.89", "P.K.": null, "Al.Dist. Izq.": 25, "Al.Dist. Der.": 25, "Ruta": 9 }, "geometry": { "type": "Point", "coordinates": [ -63.8337629, -30.1029838 ] } },
{ "type": "Feature", "properties": { "Name": "856.72", "P.K.": null, "Al.Dist. Izq.": 25, "Al.Dist. Der.": 25, "Ruta": 9 }, "geometry": { "type": "Point", "coordinates": [ -63.8306435, -30.0960335 ] } },
{ "type": "Feature", "properties": { "Name": "856.74", "P.K.": null, "Al.Dist. Izq.": 25, "Al.Dist. Der.": 25, "Ruta": 9 }, "geometry": { "type": "Point", "coordinates": [ -63.8305399, -30.0957864 ] } },
{ "type": "Feature", "properties": { "Name": "857.13", "P.K.": null, "Al.Dist. Izq.": 25, "Al.Dist. Der.": 25, "Ruta": 9 }, "geometry": { "type": "Point", "coordinates": [ -63.829108, -30.0925128 ] } },
{ "type": "Feature", "properties": { "Name": "857.18", "P.K.": null, "Al.Dist. Izq.": 25, "Al.Dist. Der.": 25, "Ruta": 9 }, "geometry": { "type": "Point", "coordinates": [ -63.8288786, -30.0921607 ] } },
{ "type": "Feature", "properties": { "Name": "857.24", "P.K.": null, "Al.Dist. Izq.": 25, "Al.Dist. Der.": 25, "Ruta": 9 }, "geometry": { "type": "Point", "coordinates": [ -63.8286711, -30.0915921 ] } },
{ "type": "Feature", "properties": { "Name": "857.43", "P.K.": null, "Al.Dist. Izq.": 25, "Al.Dist. Der.": 25, "Ruta": 9 }, "geometry": { "type": "Point", "coordinates": [ -63.8280864, -30.090016 ] } },
{ "type": "Feature", "properties": { "Name": "857.99", "P.K.": null, "Al.Dist. Izq.": 25, "Al.Dist. Der.": 25, "Ruta": 9 }, "geometry": { "type": "Point", "coordinates": [ -63.8264797, -30.0851382 ] } },
{ "type": "Feature", "properties": { "Name": "858.34", "P.K.": null, "Al.Dist. Izq.": 25, "Al.Dist. Der.": 25, "Ruta": 9 }, "geometry": { "type": "Point", "coordinates": [ -63.8255, -30.0821 ] } },
{ "type": "Feature", "properties": { "Name": "858.6", "P.K.": null, "Al.Dist. Izq.": 25, "Al.Dist. Der.": 25, "Ruta": 9 }, "geometry": { "type": "Point", "coordinates": [ -63.8248097, -30.0798271 ] } },
{ "type": "Feature", "properties": { "Name": "858.76", "P.K.": null, "Al.Dist. Izq.": 25, "Al.Dist. Der.": 25, "Ruta": 9 }, "geometry": { "type": "Point", "coordinates": [ -63.8241998, -30.0784693 ] } },
{ "type": "Feature", "properties": { "Name": "858.78", "P.K.": null, "Al.Dist. Izq.": 25, "Al.Dist. Der.": 25, "Ruta": 9 }, "geometry": { "type": "Point", "coordinates": [ -63.8244332, -30.078272 ] } },
{ "type": "Feature", "properties": { "Name": "858.82", "P.K.": null, "Al.Dist. Izq.": 25, "Al.Dist. Der.": 25, "Ruta": 9 }, "geometry": { "type": "Point", "coordinates": [ -63.8243534, -30.0778989 ] } },
{ "type": "Feature", "properties": { "Name": "858.82", "P.K.": null, "Al.Dist. Izq.": 25, "Al.Dist. Der.": 25, "Ruta": 9 }, "geometry": { "type": "Point", "coordinates": [ -63.8243534, -30.0778989 ] } },
{ "type": "Feature", "properties": { "Name": "858.83", "P.K.": null, "Al.Dist. Izq.": 25, "Al.Dist. Der.": 25, "Ruta": 9 }, "geometry": { "type": "Point", "coordinates": [ -63.8240761, -30.0778652 ] } },
{ "type": "Feature", "properties": { "Name": "858.93", "P.K.": null, "Al.Dist. Izq.": 25, "Al.Dist. Der.": 25, "Ruta": 9 }, "geometry": { "type": "Point", "coordinates": [ -63.8237969, -30.0769873 ] } },
{ "type": "Feature", "properties": { "Name": "858.99", "P.K.": null, "Al.Dist. Izq.": 25, "Al.Dist. Der.": 25, "Ruta": 9 }, "geometry": { "type": "Point", "coordinates": [ -63.8235712, -30.0764526 ] } },
{ "type": "Feature", "properties": { "Name": "859.02", "P.K.": null, "Al.Dist. Izq.": 25, "Al.Dist. Der.": 25, "Ruta": 9 }, "geometry": { "type": "Point", "coordinates": [ -63.8234, -30.0762 ] } },
{ "type": "Feature", "properties": { "Name": "859.13", "P.K.": null, "Al.Dist. Izq.": 25, "Al.Dist. Der.": 25, "Ruta": 9 }, "geometry": { "type": "Point", "coordinates": [ -63.8228966, -30.0753814 ] } },
{ "type": "Feature", "properties": { "Name": "859.23", "P.K.": null, "Al.Dist. Izq.": 25, "Al.Dist. Der.": 25, "Ruta": 9 }, "geometry": { "type": "Point", "coordinates": [ -63.8225003, -30.0744927 ] } },
{ "type": "Feature", "properties": { "Name": "859.39", "P.K.": null, "Al.Dist. Izq.": 25, "Al.Dist. Der.": 25, "Ruta": 9 }, "geometry": { "type": "Point", "coordinates": [ -63.8219, -30.0732 ] } },
{ "type": "Feature", "properties": { "Name": "859.43", "P.K.": null, "Al.Dist. Izq.": 25, "Al.Dist. Der.": 25, "Ruta": 9 }, "geometry": { "type": "Point", "coordinates": [ -63.8215579, -30.0729315 ] } },
{ "type": "Feature", "properties": { "Name": "859.44", "P.K.": null, "Al.Dist. Izq.": 25, "Al.Dist. Der.": 25, "Ruta": 9 }, "geometry": { "type": "Point", "coordinates": [ -63.8213752, -30.0728465 ] } },
{ "type": "Feature", "properties": { "Name": "859.51", "P.K.": null, "Al.Dist. Izq.": 25, "Al.Dist. Der.": 25, "Ruta": 9 }, "geometry": { "type": "Point", "coordinates": [ -63.8212, -30.0723 ] } },
{ "type": "Feature", "properties": { "Name": "859.54", "P.K.": null, "Al.Dist. Izq.": 25, "Al.Dist. Der.": 25, "Ruta": 9 }, "geometry": { "type": "Point", "coordinates": [ -63.821028, -30.0720133 ] } },
{ "type": "Feature", "properties": { "Name": "859.69", "P.K.": null, "Al.Dist. Izq.": 25, "Al.Dist. Der.": 25, "Ruta": 9 }, "geometry": { "type": "Point", "coordinates": [ -63.8205836, -30.0706817 ] } },
{ "type": "Feature", "properties": { "Name": "859.7", "P.K.": null, "Al.Dist. Izq.": 25, "Al.Dist. Der.": 25, "Ruta": 9 }, "geometry": { "type": "Point", "coordinates": [ -63.8204, -30.0707 ] } },
{ "type": "Feature", "properties": { "Name": "859.71", "P.K.": null, "Al.Dist. Izq.": 25, "Al.Dist. Der.": 25, "Ruta": 9 }, "geometry": { "type": "Point", "coordinates": [ -63.8204578, -30.0705581 ] } },
{ "type": "Feature", "properties": { "Name": "859.71", "P.K.": null, "Al.Dist. Izq.": 25, "Al.Dist. Der.": 25, "Ruta": 9 }, "geometry": { "type": "Point", "coordinates": [ -63.8203753, -30.0705459 ] } },
{ "type": "Feature", "properties": { "Name": "859.84", "P.K.": null, "Al.Dist. Izq.": 25, "Al.Dist. Der.": 25, "Ruta": 9 }, "geometry": { "type": "Point", "coordinates": [ -63.8197987, -30.0695115 ] } },
{ "type": "Feature", "properties": { "Name": "860", "P.K.": "PK860", "Al.Dist. Izq.": 25, "Al.Dist. Der.": 25, "Ruta": 9 }, "geometry": { "type": "Point", "coordinates": [ -63.8190835, -30.0682363 ] } },
{ "type": "Feature", "properties": { "Name": "860.18", "P.K.": null, "Al.Dist. Izq.": 25, "Al.Dist. Der.": 25, "Ruta": 9 }, "geometry": { "type": "Point", "coordinates": [ -63.8182658, -30.066777 ] } },
{ "type": "Feature", "properties": { "Name": "860.88", "P.K.": null, "Al.Dist. Izq.": 25, "Al.Dist. Der.": 25, "Ruta": 9 }, "geometry": { "type": "Point", "coordinates": [ -63.8155702, -30.0610273 ] } },
{ "type": "Feature", "properties": { "Name": "861.6", "P.K.": null, "Al.Dist. Izq.": 25, "Al.Dist. Der.": 25, "Ruta": 9 }, "geometry": { "type": "Point", "coordinates": [ -63.8120853, -30.0554255 ] } },
{ "type": "Feature", "properties": { "Name": "862.1", "P.K.": null, "Al.Dist. Izq.": 25, "Al.Dist. Der.": 25, "Ruta": 9 }, "geometry": { "type": "Point", "coordinates": [ -63.8100727, -30.051267 ] } },
{ "type": "Feature", "properties": { "Name": "862.12", "P.K.": null, "Al.Dist. Izq.": 25, "Al.Dist. Der.": 25, "Ruta": 9 }, "geometry": { "type": "Point", "coordinates": [ -63.8104, -30.0509 ] } },
{ "type": "Feature", "properties": { "Name": "862.3", "P.K.": null, "Al.Dist. Izq.": 25, "Al.Dist. Der.": 25, "Ruta": 9 }, "geometry": { "type": "Point", "coordinates": [ -63.809324, -30.0495599 ] } },
{ "type": "Feature", "properties": { "Name": "862.35", "P.K.": null, "Al.Dist. Izq.": 25, "Al.Dist. Der.": 25, "Ruta": 9 }, "geometry": { "type": "Point", "coordinates": [ -63.809151, -30.0491516 ] } },
{ "type": "Feature", "properties": { "Name": "862.42", "P.K.": null, "Al.Dist. Izq.": 25, "Al.Dist. Der.": 25, "Ruta": 9 }, "geometry": { "type": "Point", "coordinates": [ -63.8087168, -30.0485956 ] } },
{ "type": "Feature", "properties": { "Name": "862.47", "P.K.": null, "Al.Dist. Izq.": 25, "Al.Dist. Der.": 25, "Ruta": 9 }, "geometry": { "type": "Point", "coordinates": [ -63.8088707, -30.0481068 ] } },
{ "type": "Feature", "properties": { "Name": "862.87", "P.K.": null, "Al.Dist. Izq.": 25, "Al.Dist. Der.": 25, "Ruta": 9 }, "geometry": { "type": "Point", "coordinates": [ -63.8071061, -30.0448442 ] } },
{ "type": "Feature", "properties": { "Name": "863.19", "P.K.": null, "Al.Dist. Izq.": 25, "Al.Dist. Der.": 25, "Ruta": 9 }, "geometry": { "type": "Point", "coordinates": [ -63.8052829, -30.0425493 ] } },
{ "type": "Feature", "properties": { "Name": "863.41", "P.K.": null, "Al.Dist. Izq.": 25, "Al.Dist. Der.": 25, "Ruta": 9 }, "geometry": { "type": "Point", "coordinates": [ -63.8037138, -30.0410973 ] } },
{ "type": "Feature", "properties": { "Name": "863.49", "P.K.": null, "Al.Dist. Izq.": 25, "Al.Dist. Der.": 25, "Ruta": 9 }, "geometry": { "type": "Point", "coordinates": [ -63.8032106, -30.0404773 ] } },
{ "type": "Feature", "properties": { "Name": "864.38", "P.K.": null, "Al.Dist. Izq.": 25, "Al.Dist. Der.": 25, "Ruta": 9 }, "geometry": { "type": "Point", "coordinates": [ -63.7965858, -30.0349992 ] } },
{ "type": "Feature", "properties": { "Name": "864.51", "P.K.": null, "Al.Dist. Izq.": 25, "Al.Dist. Der.": 25, "Ruta": 9 }, "geometry": { "type": "Point", "coordinates": [ -63.7956323, -30.0342425 ] } },
{ "type": "Feature", "properties": { "Name": "864.91", "P.K.": null, "Al.Dist. Izq.": 25, "Al.Dist. Der.": 25, "Ruta": 9 }, "geometry": { "type": "Point", "coordinates": [ -63.7932478, -30.0313837 ] } },
{ "type": "Feature", "properties": { "Name": "865.68", "P.K.": null, "Al.Dist. Izq.": 25, "Al.Dist. Der.": 25, "Ruta": 9 }, "geometry": { "type": "Point", "coordinates": [ -63.7902605, -30.0250258 ] } },
{ "type": "Feature", "properties": { "Name": "865.68", "P.K.": null, "Al.Dist. Izq.": 25, "Al.Dist. Der.": 50, "Ruta": 9 }, "geometry": { "type": "Point", "coordinates": [ -63.7902605, -30.0250258 ] } },
{ "type": "Feature", "properties": { "Name": "866.01", "P.K.": null, "Al.Dist. Izq.": 25, "Al.Dist. Der.": 50, "Ruta": 9 }, "geometry": { "type": "Point", "coordinates": [ -63.7881697, -30.0225494 ] } },
{ "type": "Feature", "properties": { "Name": "866.38", "P.K.": null, "Al.Dist. Izq.": 25, "Al.Dist. Der.": 50, "Ruta": 9 }, "geometry": { "type": "Point", "coordinates": [ -63.786552, -30.0194984 ] } },
{ "type": "Feature", "properties": { "Name": "867.13", "P.K.": null, "Al.Dist. Izq.": 25, "Al.Dist. Der.": 50, "Ruta": 9 }, "geometry": { "type": "Point", "coordinates": [ -63.7833827, -30.0134753 ] } },
{ "type": "Feature", "properties": { "Name": "867.42", "P.K.": null, "Al.Dist. Izq.": 25, "Al.Dist. Der.": 50, "Ruta": 9 }, "geometry": { "type": "Point", "coordinates": [ -63.782056, -30.0110984 ] } },
{ "type": "Feature", "properties": { "Name": "868.2", "P.K.": null, "Al.Dist. Izq.": 25, "Al.Dist. Der.": 50, "Ruta": 9 }, "geometry": { "type": "Point", "coordinates": [ -63.7781929, -30.0049811 ] } },
{ "type": "Feature", "properties": { "Name": "868.7", "P.K.": null, "Al.Dist. Izq.": 25, "Al.Dist. Der.": 50, "Ruta": 9 }, "geometry": { "type": "Point", "coordinates": [ -63.7756653, -30.0010634 ] } },
{ "type": "Feature", "properties": { "Name": "869.3", "P.K.": null, "Al.Dist. Izq.": 25, "Al.Dist. Der.": 50, "Ruta": 9 }, "geometry": { "type": "Point", "coordinates": [ -63.7726186, -29.9964028 ] } },
{ "type": "Feature", "properties": { "Name": "870.54", "P.K.": null, "Al.Dist. Izq.": 25, "Al.Dist. Der.": 50, "Ruta": 9 }, "geometry": { "type": "Point", "coordinates": [ -63.7663853, -29.986673 ] } },
{ "type": "Feature", "properties": { "Name": "870.66", "P.K.": null, "Al.Dist. Izq.": 25, "Al.Dist. Der.": 50, "Ruta": 9 }, "geometry": { "type": "Point", "coordinates": [ -63.7657897, -29.9858062 ] } },
{ "type": "Feature", "properties": { "Name": "870.85", "P.K.": null, "Al.Dist. Izq.": 25, "Al.Dist. Der.": 50, "Ruta": 9 }, "geometry": { "type": "Point", "coordinates": [ -63.7649, -29.9843 ] } },
{ "type": "Feature", "properties": { "Name": "870.98", "P.K.": null, "Al.Dist. Izq.": 25, "Al.Dist. Der.": 50, "Ruta": 9 }, "geometry": { "type": "Point", "coordinates": [ -63.7639195, -29.9835314 ] } },
{ "type": "Feature", "properties": { "Name": "871.04", "P.K.": null, "Al.Dist. Izq.": 25, "Al.Dist. Der.": 50, "Ruta": 9 }, "geometry": { "type": "Point", "coordinates": [ -63.7635058, -29.9830627 ] } },
{ "type": "Feature", "properties": { "Name": "871.13", "P.K.": null, "Al.Dist. Izq.": 25, "Al.Dist. Der.": 50, "Ruta": 9 }, "geometry": { "type": "Point", "coordinates": [ -63.7626672, -29.9826438 ] } },
{ "type": "Feature", "properties": { "Name": "871.26", "P.K.": null, "Al.Dist. Izq.": 25, "Al.Dist. Der.": 25, "Ruta": 9 }, "geometry": { "type": "Point", "coordinates": [ -63.7616387, -29.9818959 ] } },
{ "type": "Feature", "properties": { "Name": "871.57", "P.K.": null, "Al.Dist. Izq.": 25, "Al.Dist. Der.": 25, "Ruta": 9 }, "geometry": { "type": "Point", "coordinates": [ -63.7594144, -29.9800053 ] } },
{ "type": "Feature", "properties": { "Name": "872.76", "P.K.": null, "Al.Dist. Izq.": 25, "Al.Dist. Der.": 25, "Ruta": 9 }, "geometry": { "type": "Point", "coordinates": [ -63.7502171, -29.97297 ] } },
{ "type": "Feature", "properties": { "Name": "872.87", "P.K.": null, "Al.Dist. Izq.": 25, "Al.Dist. Der.": 25, "Ruta": 9 }, "geometry": { "type": "Point", "coordinates": [ -63.7492878, -29.9723981 ] } },
{ "type": "Feature", "properties": { "Name": "873.04", "P.K.": null, "Al.Dist. Izq.": 25, "Al.Dist. Der.": 25, "Ruta": 9 }, "geometry": { "type": "Point", "coordinates": [ -63.7482829, -29.9709267 ] } },
{ "type": "Feature", "properties": { "Name": "873.18", "P.K.": null, "Al.Dist. Izq.": 25, "Al.Dist. Der.": 50, "Ruta": 9 }, "geometry": { "type": "Point", "coordinates": [ -63.7468818, -29.9706793 ] } },
{ "type": "Feature", "properties": { "Name": "873.35", "P.K.": null, "Al.Dist. Izq.": 25, "Al.Dist. Der.": 50, "Ruta": 9 }, "geometry": { "type": "Point", "coordinates": [ -63.7458777, -29.9694339 ] } },
{ "type": "Feature", "properties": { "Name": "873.98", "P.K.": null, "Al.Dist. Izq.": 25, "Al.Dist. Der.": 50, "Ruta": 9 }, "geometry": { "type": "Point", "coordinates": [ -63.7431572, -29.9642995 ] } },
{ "type": "Feature", "properties": { "Name": "874.09", "P.K.": null, "Al.Dist. Izq.": 25, "Al.Dist. Der.": 50, "Ruta": 9 }, "geometry": { "type": "Point", "coordinates": [ -63.7428588, -29.9633049 ] } },
{ "type": "Feature", "properties": { "Name": "874.3", "P.K.": null, "Al.Dist. Izq.": 25, "Al.Dist. Der.": 50, "Ruta": 9 }, "geometry": { "type": "Point", "coordinates": [ -63.7419087, -29.9616066 ] } },
{ "type": "Feature", "properties": { "Name": "874.6", "P.K.": null, "Al.Dist. Izq.": 25, "Al.Dist. Der.": 50, "Ruta": 9 }, "geometry": { "type": "Point", "coordinates": [ -63.7410819, -29.9590922 ] } },
{ "type": "Feature", "properties": { "Name": "875.4", "P.K.": null, "Al.Dist. Izq.": 25, "Al.Dist. Der.": 50, "Ruta": 9 }, "geometry": { "type": "Point", "coordinates": [ -63.7389163, -29.9521327 ] } },
{ "type": "Feature", "properties": { "Name": "875.97", "P.K.": null, "Al.Dist. Izq.": 25, "Al.Dist. Der.": 50, "Ruta": 9 }, "geometry": { "type": "Point", "coordinates": [ -63.7374703, -29.947231 ] } },
{ "type": "Feature", "properties": { "Name": "875.97", "P.K.": null, "Al.Dist. Izq.": 25, "Al.Dist. Der.": 50, "Ruta": 9 }, "geometry": { "type": "Point", "coordinates": [ -63.7374703, -29.947231 ] } },
{ "type": "Feature", "properties": { "Name": "876.53", "P.K.": null, "Al.Dist. Izq.": 25, "Al.Dist. Der.": 50, "Ruta": 9 }, "geometry": { "type": "Point", "coordinates": [ -63.7358301, -29.9423681 ] } },
{ "type": "Feature", "properties": { "Name": "876.78", "P.K.": null, "Al.Dist. Izq.": 25, "Al.Dist. Der.": 50, "Ruta": 9 }, "geometry": { "type": "Point", "coordinates": [ -63.7353433, -29.9401339 ] } },
{ "type": "Feature", "properties": { "Name": "877.9", "P.K.": null, "Al.Dist. Izq.": 25, "Al.Dist. Der.": 50, "Ruta": 9 }, "geometry": { "type": "Point", "coordinates": [ -63.7322416, -29.9305613 ] } },
{ "type": "Feature", "properties": { "Name": "878.57", "P.K.": null, "Al.Dist. Izq.": 25, "Al.Dist. Der.": 50, "Ruta": 9 }, "geometry": { "type": "Point", "coordinates": [ -63.7304436, -29.9247612 ] } },
{ "type": "Feature", "properties": { "Name": "878.93", "P.K.": null, "Al.Dist. Izq.": 25, "Al.Dist. Der.": 50, "Ruta": 9 }, "geometry": { "type": "Point", "coordinates": [ -63.7293905, -29.9216258 ] } },
{ "type": "Feature", "properties": { "Name": "878.95", "P.K.": null, "Al.Dist. Izq.": 25, "Al.Dist. Der.": 50, "Ruta": 9 }, "geometry": { "type": "Point", "coordinates": [ -63.7292554, -29.9215227 ] } },
{ "type": "Feature", "properties": { "Name": "878.95", "P.K.": null, "Al.Dist. Izq.": 25, "Al.Dist. Der.": 50, "Ruta": 9 }, "geometry": { "type": "Point", "coordinates": [ -63.7292554, -29.9215227 ] } },
{ "type": "Feature", "properties": { "Name": "879.1", "P.K.": null, "Al.Dist. Izq.": 25, "Al.Dist. Der.": 50, "Ruta": 9 }, "geometry": { "type": "Point", "coordinates": [ -63.7291189, -29.9201633 ] } },
{ "type": "Feature", "properties": { "Name": "879.17", "P.K.": null, "Al.Dist. Izq.": 25, "Al.Dist. Der.": 50, "Ruta": 9 }, "geometry": { "type": "Point", "coordinates": [ -63.7287554, -29.9195643 ] } },
{ "type": "Feature", "properties": { "Name": "879.43", "P.K.": null, "Al.Dist. Izq.": 25, "Al.Dist. Der.": 50, "Ruta": 9 }, "geometry": { "type": "Point", "coordinates": [ -63.7280492, -29.9173755 ] } },
{ "type": "Feature", "properties": { "Name": "879.47", "P.K.": null, "Al.Dist. Izq.": 25, "Al.Dist. Der.": 50, "Ruta": 9 }, "geometry": { "type": "Point", "coordinates": [ -63.7280983, -29.9170437 ] } },
{ "type": "Feature", "properties": { "Name": "879.48", "P.K.": null, "Al.Dist. Izq.": 25, "Al.Dist. Der.": 50, "Ruta": 9 }, "geometry": { "type": "Point", "coordinates": [ -63.7279099, -29.9169481 ] } },
{ "type": "Feature", "properties": { "Name": "879.52", "P.K.": null, "Al.Dist. Izq.": 25, "Al.Dist. Der.": 50, "Ruta": 9 }, "geometry": { "type": "Point", "coordinates": [ -63.7278297, -29.9166601 ] } },
{ "type": "Feature", "properties": { "Name": "879.54", "P.K.": null, "Al.Dist. Izq.": 25, "Al.Dist. Der.": 50, "Ruta": 9 }, "geometry": { "type": "Point", "coordinates": [ -63.7276966, -29.9164352 ] } },
{ "type": "Feature", "properties": { "Name": "879.59", "P.K.": null, "Al.Dist. Izq.": 25, "Al.Dist. Der.": 50, "Ruta": 9 }, "geometry": { "type": "Point", "coordinates": [ -63.7277728, -29.9159275 ] } },
{ "type": "Feature", "properties": { "Name": "879.61", "P.K.": null, "Al.Dist. Izq.": 25, "Al.Dist. Der.": 50, "Ruta": 9 }, "geometry": { "type": "Point", "coordinates": [ -63.7275431, -29.9158003 ] } },
{ "type": "Feature", "properties": { "Name": "879.63", "P.K.": null, "Al.Dist. Izq.": 25, "Al.Dist. Der.": 50, "Ruta": 9 }, "geometry": { "type": "Point", "coordinates": [ -63.7275753, -29.9156791 ] } },
{ "type": "Feature", "properties": { "Name": "879.7", "P.K.": null, "Al.Dist. Izq.": 25, "Al.Dist. Der.": 50, "Ruta": 9 }, "geometry": { "type": "Point", "coordinates": [ -63.7275099, -29.9150113 ] } },
{ "type": "Feature", "properties": { "Name": "879.72", "P.K.": null, "Al.Dist. Izq.": 25, "Al.Dist. Der.": 50, "Ruta": 9 }, "geometry": { "type": "Point", "coordinates": [ -63.7274318, -29.9148639 ] } },
{ "type": "Feature", "properties": { "Name": "879.73", "P.K.": null, "Al.Dist. Izq.": 25, "Al.Dist. Der.": 50, "Ruta": 9 }, "geometry": { "type": "Point", "coordinates": [ -63.7272175, -29.9147609 ] } },
{ "type": "Feature", "properties": { "Name": "879.73", "P.K.": null, "Al.Dist. Izq.": 25, "Al.Dist. Der.": 50, "Ruta": 9 }, "geometry": { "type": "Point", "coordinates": [ -63.7272175, -29.9147609 ] } },
{ "type": "Feature", "properties": { "Name": "880", "P.K.": "PK880", "Al.Dist. Izq.": 25, "Al.Dist. Der.": 50, "Ruta": 9 }, "geometry": { "type": "Point", "coordinates": [ -63.7267763, -29.9123635 ] } },
{ "type": "Feature", "properties": { "Name": "880.01", "P.K.": null, "Al.Dist. Izq.": 25, "Al.Dist. Der.": 50, "Ruta": 9 }, "geometry": { "type": "Point", "coordinates": [ -63.7266375, -29.9122999 ] } },
{ "type": "Feature", "properties": { "Name": "880.02", "P.K.": null, "Al.Dist. Izq.": 25, "Al.Dist. Der.": 50, "Ruta": 9 }, "geometry": { "type": "Point", "coordinates": [ -63.7264786, -29.9122551 ] } },
{ "type": "Feature", "properties": { "Name": "880.06", "P.K.": null, "Al.Dist. Izq.": 25, "Al.Dist. Der.": 50, "Ruta": 9 }, "geometry": { "type": "Point", "coordinates": [ -63.7264514, -29.9118471 ] } },
{ "type": "Feature", "properties": { "Name": "880.12", "P.K.": null, "Al.Dist. Izq.": 25, "Al.Dist. Der.": 50, "Ruta": 9 }, "geometry": { "type": "Point", "coordinates": [ -63.7263532, -29.9112612 ] } },
{ "type": "Feature", "properties": { "Name": "880.25", "P.K.": null, "Al.Dist. Izq.": 25, "Al.Dist. Der.": 50, "Ruta": 9 }, "geometry": { "type": "Point", "coordinates": [ -63.7259764, -29.9100537 ] } },
{ "type": "Feature", "properties": { "Name": "880.47", "P.K.": null, "Al.Dist. Izq.": 25, "Al.Dist. Der.": 50, "Ruta": 9 }, "geometry": { "type": "Point", "coordinates": [ -63.7254013, -29.9080246 ] } },
{ "type": "Feature", "properties": { "Name": "880.54", "P.K.": null, "Al.Dist. Izq.": 25, "Al.Dist. Der.": 50, "Ruta": 9 }, "geometry": { "type": "Point", "coordinates": [ -63.725281, -29.9073881 ] } },
{ "type": "Feature", "properties": { "Name": "880.55", "P.K.": null, "Al.Dist. Izq.": 25, "Al.Dist. Der.": 50, "Ruta": 9 }, "geometry": { "type": "Point", "coordinates": [ -63.7252535, -29.9072983 ] } },
{ "type": "Feature", "properties": { "Name": "880.59", "P.K.": null, "Al.Dist. Izq.": 25, "Al.Dist. Der.": 50, "Ruta": 9 }, "geometry": { "type": "Point", "coordinates": [ -63.7250856, -29.9068776 ] } },
{ "type": "Feature", "properties": { "Name": "880.63", "P.K.": null, "Al.Dist. Izq.": 25, "Al.Dist. Der.": 50, "Ruta": 9 }, "geometry": { "type": "Point", "coordinates": [ -63.7250564, -29.9065357 ] } },
{ "type": "Feature", "properties": { "Name": "880.65", "P.K.": null, "Al.Dist. Izq.": 25, "Al.Dist. Der.": 50, "Ruta": 9 }, "geometry": { "type": "Point", "coordinates": [ -63.7250731, -29.9063346 ] } },
{ "type": "Feature", "properties": { "Name": "880.66", "P.K.": null, "Al.Dist. Izq.": 25, "Al.Dist. Der.": 50, "Ruta": 9 }, "geometry": { "type": "Point", "coordinates": [ -63.7249893, -29.9062654 ] } },
{ "type": "Feature", "properties": { "Name": "880.75", "P.K.": null, "Al.Dist. Izq.": 25, "Al.Dist. Der.": 50, "Ruta": 9 }, "geometry": { "type": "Point", "coordinates": [ -63.7246614, -29.905381 ] } },
{ "type": "Feature", "properties": { "Name": "880.8", "P.K.": null, "Al.Dist. Izq.": 25, "Al.Dist. Der.": 50, "Ruta": 9 }, "geometry": { "type": "Point", "coordinates": [ -63.7246433, -29.9049584 ] } },
{ "type": "Feature", "properties": { "Name": "880.92", "P.K.": null, "Al.Dist. Izq.": 25, "Al.Dist. Der.": 50, "Ruta": 9 }, "geometry": { "type": "Point", "coordinates": [ -63.7245, -29.9037 ] } },
{ "type": "Feature", "properties": { "Name": "880.93", "P.K.": null, "Al.Dist. Izq.": 25, "Al.Dist. Der.": 50, "Ruta": 9 }, "geometry": { "type": "Point", "coordinates": [ -63.724415, -29.9036944 ] } },
{ "type": "Feature", "properties": { "Name": "880.98", "P.K.": null, "Al.Dist. Izq.": 25, "Al.Dist. Der.": 50, "Ruta": 9 }, "geometry": { "type": "Point", "coordinates": [ -63.724075, -29.9033239 ] } },
{ "type": "Feature", "properties": { "Name": "881", "P.K.": "PK881", "Al.Dist. Izq.": 25, "Al.Dist. Der.": 50, "Ruta": 9 }, "geometry": { "type": "Point", "coordinates": [ -63.724126, -29.9031282 ] } },
{ "type": "Feature", "properties": { "Name": "881.05", "P.K.": null, "Al.Dist. Izq.": 25, "Al.Dist. Der.": 50, "Ruta": 9 }, "geometry": { "type": "Point", "coordinates": [ -63.7239027, -29.9026487 ] } },
{ "type": "Feature", "properties": { "Name": "881.31", "P.K.": null, "Al.Dist. Izq.": 25, "Al.Dist. Der.": 50, "Ruta": 9 }, "geometry": { "type": "Point", "coordinates": [ -63.7235844, -29.9003663 ] } },
{ "type": "Feature", "properties": { "Name": "881.39", "P.K.": null, "Al.Dist. Izq.": 25, "Al.Dist. Der.": 50, "Ruta": 9 }, "geometry": { "type": "Point", "coordinates": [ -63.7231433, -29.8996673 ] } },
{ "type": "Feature", "properties": { "Name": "881.45", "P.K.": null, "Al.Dist. Izq.": 25, "Al.Dist. Der.": 50, "Ruta": 9 }, "geometry": { "type": "Point", "coordinates": [ -63.7231225, -29.8991787 ] } },
{ "type": "Feature", "properties": { "Name": "881.51", "P.K.": null, "Al.Dist. Izq.": 25, "Al.Dist. Der.": 50, "Ruta": 9 }, "geometry": { "type": "Point", "coordinates": [ -63.7231065, -29.8985857 ] } },
{ "type": "Feature", "properties": { "Name": "881.62", "P.K.": null, "Al.Dist. Izq.": 25, "Al.Dist. Der.": 50, "Ruta": 9 }, "geometry": { "type": "Point", "coordinates": [ -63.7232251, -29.8975984 ] } },
{ "type": "Feature", "properties": { "Name": "881.63", "P.K.": null, "Al.Dist. Izq.": 25, "Al.Dist. Der.": 50, "Ruta": 9 }, "geometry": { "type": "Point", "coordinates": [ -63.7230071, -29.8975629 ] } },
{ "type": "Feature", "properties": { "Name": "881.7", "P.K.": null, "Al.Dist. Izq.": 25, "Al.Dist. Der.": 50, "Ruta": 9 }, "geometry": { "type": "Point", "coordinates": [ -63.7230035, -29.8969139 ] } },
{ "type": "Feature", "properties": { "Name": "881.83", "P.K.": null, "Al.Dist. Izq.": 25, "Al.Dist. Der.": 50, "Ruta": 9 }, "geometry": { "type": "Point", "coordinates": [ -63.7230453, -29.8957323 ] } },
{ "type": "Feature", "properties": { "Name": "881.93", "P.K.": null, "Al.Dist. Izq.": 25, "Al.Dist. Der.": 50, "Ruta": 9 }, "geometry": { "type": "Point", "coordinates": [ -63.7231138, -29.8947171 ] } },
{ "type": "Feature", "properties": { "Name": "882.05", "P.K.": null, "Al.Dist. Izq.": 25, "Al.Dist. Der.": 50, "Ruta": 9 }, "geometry": { "type": "Point", "coordinates": [ -63.7229954, -29.8936346 ] } },
{ "type": "Feature", "properties": { "Name": "882.48", "P.K.": null, "Al.Dist. Izq.": 25, "Al.Dist. Der.": 50, "Ruta": 9 }, "geometry": { "type": "Point", "coordinates": [ -63.7228707, -29.8897608 ] } },
{ "type": "Feature", "properties": { "Name": "882.91", "P.K.": null, "Al.Dist. Izq.": 25, "Al.Dist. Der.": 50, "Ruta": 9 }, "geometry": { "type": "Point", "coordinates": [ -63.722753, -29.885878 ] } },
{ "type": "Feature", "properties": { "Name": "882.95", "P.K.": null, "Al.Dist. Izq.": 25, "Al.Dist. Der.": 50, "Ruta": 9 }, "geometry": { "type": "Point", "coordinates": [ -63.7227514, -29.8855619 ] } },
{ "type": "Feature", "properties": { "Name": "883.29", "P.K.": null, "Al.Dist. Izq.": 25, "Al.Dist. Der.": 50, "Ruta": 9 }, "geometry": { "type": "Point", "coordinates": [ -63.7226739, -29.8824438 ] } },
{ "type": "Feature", "properties": { "Name": "883.3", "P.K.": null, "Al.Dist. Izq.": 25, "Al.Dist. Der.": 50, "Ruta": 9 }, "geometry": { "type": "Point", "coordinates": [ -63.7226717, -29.8823177 ] } },
{ "type": "Feature", "properties": { "Name": "884.06", "P.K.": null, "Al.Dist. Izq.": 25, "Al.Dist. Der.": 50, "Ruta": 9 }, "geometry": { "type": "Point", "coordinates": [ -63.7224778, -29.875453 ] } },
{ "type": "Feature", "properties": { "Name": "884.48", "P.K.": null, "Al.Dist. Izq.": 25, "Al.Dist. Der.": 50, "Ruta": 9 }, "geometry": { "type": "Point", "coordinates": [ -63.7222374, -29.8716466 ] } },
{ "type": "Feature", "properties": { "Name": "884.72", "P.K.": null, "Al.Dist. Izq.": 25, "Al.Dist. Der.": 50, "Ruta": 9 }, "geometry": { "type": "Point", "coordinates": [ -63.7223752, -29.8694581 ] } },
{ "type": "Feature", "properties": { "Name": "884.85", "P.K.": null, "Al.Dist. Izq.": 25, "Al.Dist. Der.": 50, "Ruta": 9 }, "geometry": { "type": "Point", "coordinates": [ -63.7229123, -29.8684046 ] } },
{ "type": "Feature", "properties": { "Name": "884.93", "P.K.": null, "Al.Dist. Izq.": 25, "Al.Dist. Der.": 50, "Ruta": 9 }, "geometry": { "type": "Point", "coordinates": [ -63.7230991, -29.8677324 ] } },
{ "type": "Feature", "properties": { "Name": "885.5", "P.K.": null, "Al.Dist. Izq.": 25, "Al.Dist. Der.": 50, "Ruta": 9 }, "geometry": { "type": "Point", "coordinates": [ -63.7256539, -29.8629735 ] } },
{ "type": "Feature", "properties": { "Name": "885.78", "P.K.": null, "Al.Dist. Izq.": 25, "Al.Dist. Der.": 50, "Ruta": 9 }, "geometry": { "type": "Point", "coordinates": [ -63.7269236, -29.8606282 ] } },
{ "type": "Feature", "properties": { "Name": "885.81", "P.K.": null, "Al.Dist. Izq.": 25, "Al.Dist. Der.": 50, "Ruta": 9 }, "geometry": { "type": "Point", "coordinates": [ -63.7270242, -29.8604153 ] } },
{ "type": "Feature", "properties": { "Name": "886.09", "P.K.": null, "Al.Dist. Izq.": 25, "Al.Dist. Der.": 50, "Ruta": 9 }, "geometry": { "type": "Point", "coordinates": [ -63.7282323, -29.8581763 ] } },
{ "type": "Feature", "properties": { "Name": "886.24", "P.K.": null, "Al.Dist. Izq.": 25, "Al.Dist. Der.": 50, "Ruta": 9 }, "geometry": { "type": "Point", "coordinates": [ -63.7289003, -29.8568897 ] } },
{ "type": "Feature", "properties": { "Name": "886.25", "P.K.": null, "Al.Dist. Izq.": 25, "Al.Dist. Der.": 50, "Ruta": 9 }, "geometry": { "type": "Point", "coordinates": [ -63.7290552, -29.8568368 ] } },
{ "type": "Feature", "properties": { "Name": "886.47", "P.K.": null, "Al.Dist. Izq.": null, "Al.Dist. Der.": null, "Ruta": 9 }, "geometry": { "type": "Point", "coordinates": [ -63.7299128, -29.8550496 ] } },
{ "type": "Feature", "properties": { "Name": "886.54", "P.K.": null, "Al.Dist. Izq.": null, "Al.Dist. Der.": null, "Ruta": 9 }, "geometry": { "type": "Point", "coordinates": [ -63.7302508, -29.8544492 ] } },
{ "type": "Feature", "properties": { "Name": "886.71", "P.K.": null, "Al.Dist. Izq.": null, "Al.Dist. Der.": null, "Ruta": 9 }, "geometry": { "type": "Point", "coordinates": [ -63.7318608, -29.8539676 ] } },
{ "type": "Feature", "properties": { "Name": "887.34", "P.K.": null, "Al.Dist. Izq.": null, "Al.Dist. Der.": null, "Ruta": 9 }, "geometry": { "type": "Point", "coordinates": [ -63.7362177, -29.8499137 ] } },
{ "type": "Feature", "properties": { "Name": "887.46", "P.K.": null, "Al.Dist. Izq.": null, "Al.Dist. Der.": null, "Ruta": 9 }, "geometry": { "type": "Point", "coordinates": [ -63.7367038, -29.8489047 ] } },
{ "type": "Feature", "properties": { "Name": "887.58", "P.K.": null, "Al.Dist. Izq.": null, "Al.Dist. Der.": null, "Ruta": 9 }, "geometry": { "type": "Point", "coordinates": [ -63.7369749, -29.8478135 ] } },
{ "type": "Feature", "properties": { "Name": "888.2", "P.K.": null, "Al.Dist. Izq.": null, "Al.Dist. Der.": null, "Ruta": 9 }, "geometry": { "type": "Point", "coordinates": [ -63.7381502, -29.8423228 ] } },
{ "type": "Feature", "properties": { "Name": "888.43", "P.K.": null, "Al.Dist. Izq.": null, "Al.Dist. Der.": null, "Ruta": 9 }, "geometry": { "type": "Point", "coordinates": [ -63.7380225, -29.8402865 ] } },
{ "type": "Feature", "properties": { "Name": "888.72", "P.K.": null, "Al.Dist. Izq.": null, "Al.Dist. Der.": null, "Ruta": 9 }, "geometry": { "type": "Point", "coordinates": [ -63.7378512, -29.8377063 ] } },
{ "type": "Feature", "properties": { "Name": "888.8", "P.K.": null, "Al.Dist. Izq.": null, "Al.Dist. Der.": null, "Ruta": 9 }, "geometry": { "type": "Point", "coordinates": [ -63.7375991, -29.8368838 ] } },
{ "type": "Feature", "properties": { "Name": "888.84", "P.K.": null, "Al.Dist. Izq.": null, "Al.Dist. Der.": null, "Ruta": 9 }, "geometry": { "type": "Point", "coordinates": [ -63.7376346, -29.8365074 ] } },
{ "type": "Feature", "properties": { "Name": "889.06", "P.K.": null, "Al.Dist. Izq.": null, "Al.Dist. Der.": null, "Ruta": 9 }, "geometry": { "type": "Point", "coordinates": [ -63.7369711, -29.8346155 ] } },
{ "type": "Feature", "properties": { "Name": "889.93", "P.K.": null, "Al.Dist. Izq.": null, "Al.Dist. Der.": null, "Ruta": 9 }, "geometry": { "type": "Point", "coordinates": [ -63.7349467, -29.8269757 ] } },
{ "type": "Feature", "properties": { "Name": "890.25", "P.K.": null, "Al.Dist. Izq.": null, "Al.Dist. Der.": null, "Ruta": 9 }, "geometry": { "type": "Point", "coordinates": [ -63.7347358, -29.8241869 ] } },
{ "type": "Feature", "properties": { "Name": "890.4", "P.K.": null, "Al.Dist. Izq.": null, "Al.Dist. Der.": null, "Ruta": 9 }, "geometry": { "type": "Point", "coordinates": [ -63.734711, -29.8228614 ] } },
{ "type": "Feature", "properties": { "Name": "890.51", "P.K.": null, "Al.Dist. Izq.": null, "Al.Dist. Der.": null, "Ruta": 9 }, "geometry": { "type": "Point", "coordinates": [ -63.7347914, -29.8217648 ] } },
{ "type": "Feature", "properties": { "Name": "890.65", "P.K.": null, "Al.Dist. Izq.": null, "Al.Dist. Der.": null, "Ruta": 9 }, "geometry": { "type": "Point", "coordinates": [ -63.7343824, -29.8203953 ] } },
{ "type": "Feature", "properties": { "Name": "890.84", "P.K.": null, "Al.Dist. Izq.": null, "Al.Dist. Der.": null, "Ruta": 9 }, "geometry": { "type": "Point", "coordinates": [ -63.7351676, -29.8188292 ] } },
{ "type": "Feature", "properties": { "Name": "891.5", "P.K.": null, "Al.Dist. Izq.": null, "Al.Dist. Der.": null, "Ruta": 9 }, "geometry": { "type": "Point", "coordinates": [ -63.7359, -29.8129 ] } },
{ "type": "Feature", "properties": { "Name": "891.81", "P.K.": null, "Al.Dist. Izq.": null, "Al.Dist. Der.": null, "Ruta": 9 }, "geometry": { "type": "Point", "coordinates": [ -63.7362874, -29.8100961 ] } },
{ "type": "Feature", "properties": { "Name": "892.26", "P.K.": null, "Al.Dist. Izq.": null, "Al.Dist. Der.": null, "Ruta": 9 }, "geometry": { "type": "Point", "coordinates": [ -63.7364373, -29.8059389 ] } },
{ "type": "Feature", "properties": { "Name": "892.36", "P.K.": null, "Al.Dist. Izq.": null, "Al.Dist. Der.": null, "Ruta": 9 }, "geometry": { "type": "Point", "coordinates": [ -63.7365107, -29.8050435 ] } },
{ "type": "Feature", "properties": { "Name": "892.56", "P.K.": null, "Al.Dist. Izq.": null, "Al.Dist. Der.": null, "Ruta": 9 }, "geometry": { "type": "Point", "coordinates": [ -63.7361154, -29.8033462 ] } },
{ "type": "Feature", "properties": { "Name": "892.59", "P.K.": null, "Al.Dist. Izq.": null, "Al.Dist. Der.": null, "Ruta": 9 }, "geometry": { "type": "Point", "coordinates": [ -63.7360571, -29.8030279 ] } },
{ "type": "Feature", "properties": { "Name": "892.74", "P.K.": null, "Al.Dist. Izq.": null, "Al.Dist. Der.": null, "Ruta": 9 }, "geometry": { "type": "Point", "coordinates": [ -63.7355792, -29.8017658 ] } },
{ "type": "Feature", "properties": { "Name": "892.93", "P.K.": null, "Al.Dist. Izq.": null, "Al.Dist. Der.": null, "Ruta": 9 }, "geometry": { "type": "Point", "coordinates": [ -63.7352484, -29.8000244 ] } },
{ "type": "Feature", "properties": { "Name": "893.29", "P.K.": null, "Al.Dist. Izq.": null, "Al.Dist. Der.": null, "Ruta": 9 }, "geometry": { "type": "Point", "coordinates": [ -63.7346433, -29.7968916 ] } },
{ "type": "Feature", "properties": { "Name": "893.48", "P.K.": null, "Al.Dist. Izq.": null, "Al.Dist. Der.": null, "Ruta": 9 }, "geometry": { "type": "Point", "coordinates": [ -63.7343087, -29.7951509 ] } },
{ "type": "Feature", "properties": { "Name": "893.82", "P.K.": null, "Al.Dist. Izq.": null, "Al.Dist. Der.": null, "Ruta": 9 }, "geometry": { "type": "Point", "coordinates": [ -63.7338248, -29.7921444 ] } },
{ "type": "Feature", "properties": { "Name": "893.92", "P.K.": null, "Al.Dist. Izq.": null, "Al.Dist. Der.": null, "Ruta": 9 }, "geometry": { "type": "Point", "coordinates": [ -63.7339449, -29.7912126 ] } },
{ "type": "Feature", "properties": { "Name": "893.92", "P.K.": null, "Al.Dist. Izq.": null, "Al.Dist. Der.": null, "Ruta": 9 }, "geometry": { "type": "Point", "coordinates": [ -63.7339449, -29.7912126 ] } },
{ "type": "Feature", "properties": { "Name": "894.13", "P.K.": null, "Al.Dist. Izq.": null, "Al.Dist. Der.": null, "Ruta": 9 }, "geometry": { "type": "Point", "coordinates": [ -63.7350761, -29.7895595 ] } },
{ "type": "Feature", "properties": { "Name": "894.18", "P.K.": null, "Al.Dist. Izq.": null, "Al.Dist. Der.": null, "Ruta": 9 }, "geometry": { "type": "Point", "coordinates": [ -63.7354352, -29.7891644 ] } },
{ "type": "Feature", "properties": { "Name": "894.72", "P.K.": null, "Al.Dist. Izq.": null, "Al.Dist. Der.": null, "Ruta": 9 }, "geometry": { "type": "Point", "coordinates": [ -63.7389864, -29.7854698 ] } },
{ "type": "Feature", "properties": { "Name": "894.82", "P.K.": null, "Al.Dist. Izq.": null, "Al.Dist. Der.": null, "Ruta": 9 }, "geometry": { "type": "Point", "coordinates": [ -63.7396012, -29.7847658 ] } },
{ "type": "Feature", "properties": { "Name": "894.84", "P.K.": null, "Al.Dist. Izq.": null, "Al.Dist. Der.": null, "Ruta": 9 }, "geometry": { "type": "Point", "coordinates": [ -63.7396338, -29.784527 ] } },
{ "type": "Feature", "properties": { "Name": "895.29", "P.K.": null, "Al.Dist. Izq.": null, "Al.Dist. Der.": null, "Ruta": 9 }, "geometry": { "type": "Point", "coordinates": [ -63.7413508, -29.7808203 ] } },
{ "type": "Feature", "properties": { "Name": "895.72", "P.K.": null, "Al.Dist. Izq.": null, "Al.Dist. Der.": null, "Ruta": 9 }, "geometry": { "type": "Point", "coordinates": [ -63.7419505, -29.7769074 ] } },
{ "type": "Feature", "properties": { "Name": "895.75", "P.K.": null, "Al.Dist. Izq.": null, "Al.Dist. Der.": null, "Ruta": 9 }, "geometry": { "type": "Point", "coordinates": [ -63.7419291, -29.7766564 ] } },
{ "type": "Feature", "properties": { "Name": "895.83", "P.K.": null, "Al.Dist. Izq.": null, "Al.Dist. Der.": null, "Ruta": 9 }, "geometry": { "type": "Point", "coordinates": [ -63.7418678, -29.7759088 ] } },
{ "type": "Feature", "properties": { "Name": "895.85", "P.K.": null, "Al.Dist. Izq.": null, "Al.Dist. Der.": null, "Ruta": 9 }, "geometry": { "type": "Point", "coordinates": [ -63.7419284, -29.7757804 ] } },
{ "type": "Feature", "properties": { "Name": "896.13", "P.K.": null, "Al.Dist. Izq.": null, "Al.Dist. Der.": null, "Ruta": 9 }, "geometry": { "type": "Point", "coordinates": [ -63.7419108, -29.773246 ] } },
{ "type": "Feature", "properties": { "Name": "896.3", "P.K.": null, "Al.Dist. Izq.": null, "Al.Dist. Der.": null, "Ruta": 9 }, "geometry": { "type": "Point", "coordinates": [ -63.7419334, -29.7716508 ] } },
{ "type": "Feature", "properties": { "Name": "896.32", "P.K.": null, "Al.Dist. Izq.": null, "Al.Dist. Der.": null, "Ruta": 9 }, "geometry": { "type": "Point", "coordinates": [ -63.7419405, -29.771508 ] } },
{ "type": "Feature", "properties": { "Name": "896.32", "P.K.": null, "Al.Dist. Izq.": 25, "Al.Dist. Der.": 25, "Ruta": 9 }, "geometry": { "type": "Point", "coordinates": [ -63.7419405, -29.771508 ] } },
{ "type": "Feature", "properties": { "Name": "896.53", "P.K.": null, "Al.Dist. Izq.": 25, "Al.Dist. Der.": 25, "Ruta": 9 }, "geometry": { "type": "Point", "coordinates": [ -63.7416864, -29.7696062 ] } },
{ "type": "Feature", "properties": { "Name": "896.76", "P.K.": null, "Al.Dist. Izq.": 25, "Al.Dist. Der.": 25, "Ruta": 9 }, "geometry": { "type": "Point", "coordinates": [ -63.7409632, -29.7676286 ] } },
{ "type": "Feature", "properties": { "Name": "897.07", "P.K.": null, "Al.Dist. Izq.": 25, "Al.Dist. Der.": 25, "Ruta": 9 }, "geometry": { "type": "Point", "coordinates": [ -63.7400945, -29.7649414 ] } },
{ "type": "Feature", "properties": { "Name": "897.09", "P.K.": null, "Al.Dist. Izq.": 25, "Al.Dist. Der.": 25, "Ruta": 9 }, "geometry": { "type": "Point", "coordinates": [ -63.7400412, -29.7648401 ] } },
{ "type": "Feature", "properties": { "Name": "897.17", "P.K.": null, "Al.Dist. Izq.": 25, "Al.Dist. Der.": 25, "Ruta": 9 }, "geometry": { "type": "Point", "coordinates": [ -63.7396332, -29.7641341 ] } },
{ "type": "Feature", "properties": { "Name": "897.27", "P.K.": null, "Al.Dist. Izq.": 25, "Al.Dist. Der.": 25, "Ruta": 9 }, "geometry": { "type": "Point", "coordinates": [ -63.7390873, -29.7634332 ] } },
{ "type": "Feature", "properties": { "Name": "897.39", "P.K.": null, "Al.Dist. Izq.": 25, "Al.Dist. Der.": 25, "Ruta": 9 }, "geometry": { "type": "Point", "coordinates": [ -63.7383829, -29.7625441 ] } },
{ "type": "Feature", "properties": { "Name": "897.41", "P.K.": null, "Al.Dist. Izq.": 25, "Al.Dist. Der.": 25, "Ruta": 9 }, "geometry": { "type": "Point", "coordinates": [ -63.7382324, -29.7622996 ] } },
{ "type": "Feature", "properties": { "Name": "897.44", "P.K.": null, "Al.Dist. Izq.": 25, "Al.Dist. Der.": 25, "Ruta": 9 }, "geometry": { "type": "Point", "coordinates": [ -63.7374341, -29.7625071 ] } },
{ "type": "Feature", "properties": { "Name": "897.58", "P.K.": null, "Al.Dist. Izq.": 25, "Al.Dist. Der.": 25, "Ruta": 9 }, "geometry": { "type": "Point", "coordinates": [ -63.7370079, -29.7611901 ] } },
{ "type": "Feature", "properties": { "Name": "897.89", "P.K.": null, "Al.Dist. Izq.": 25, "Al.Dist. Der.": 25, "Ruta": 9 }, "geometry": { "type": "Point", "coordinates": [ -63.7350017, -29.7589885 ] } },
{ "type": "Feature", "properties": { "Name": "898.16", "P.K.": null, "Al.Dist. Izq.": 25, "Al.Dist. Der.": 25, "Ruta": 9 }, "geometry": { "type": "Point", "coordinates": [ -63.7332014, -29.7571001 ] } },
{ "type": "Feature", "properties": { "Name": "898.25", "P.K.": null, "Al.Dist. Izq.": 25, "Al.Dist. Der.": 25, "Ruta": 9 }, "geometry": { "type": "Point", "coordinates": [ -63.7325862, -29.7564621 ] } },
{ "type": "Feature", "properties": { "Name": "898.33", "P.K.": null, "Al.Dist. Izq.": 25, "Al.Dist. Der.": 25, "Ruta": 9 }, "geometry": { "type": "Point", "coordinates": [ -63.7321108, -29.7559363 ] } },
{ "type": "Feature", "properties": { "Name": "898.48", "P.K.": null, "Al.Dist. Izq.": 25, "Al.Dist. Der.": 25, "Ruta": 9 }, "geometry": { "type": "Point", "coordinates": [ -63.7313503, -29.754747 ] } },
{ "type": "Feature", "properties": { "Name": "898.61", "P.K.": null, "Al.Dist. Izq.": 25, "Al.Dist. Der.": 25, "Ruta": 9 }, "geometry": { "type": "Point", "coordinates": [ -63.7308197, -29.7536254 ] } },
{ "type": "Feature", "properties": { "Name": "898.7", "P.K.": null, "Al.Dist. Izq.": 25, "Al.Dist. Der.": 25, "Ruta": 9 }, "geometry": { "type": "Point", "coordinates": [ -63.7305036, -29.7529119 ] } },
{ "type": "Feature", "properties": { "Name": "898.71", "P.K.": null, "Al.Dist. Izq.": 25, "Al.Dist. Der.": 25, "Ruta": 9 }, "geometry": { "type": "Point", "coordinates": [ -63.7304417, -29.7528237 ] } },
{ "type": "Feature", "properties": { "Name": "898.83", "P.K.": null, "Al.Dist. Izq.": 25, "Al.Dist. Der.": 25, "Ruta": 9 }, "geometry": { "type": "Point", "coordinates": [ -63.7299588, -29.7517802 ] } },
{ "type": "Feature", "properties": { "Name": "899.25", "P.K.": null, "Al.Dist. Izq.": 25, "Al.Dist. Der.": 25, "Ruta": 9 }, "geometry": { "type": "Point", "coordinates": [ -63.7283, -29.7482 ] } },
{ "type": "Feature", "properties": { "Name": "899.41", "P.K.": null, "Al.Dist. Izq.": 25, "Al.Dist. Der.": 25, "Ruta": 9 }, "geometry": { "type": "Point", "coordinates": [ -63.7276685, -29.7468593 ] } },
{ "type": "Feature", "properties": { "Name": "899.7", "P.K.": null, "Al.Dist. Izq.": 25, "Al.Dist. Der.": 25, "Ruta": 9 }, "geometry": { "type": "Point", "coordinates": [ -63.7264927, -29.7444356 ] } },
{ "type": "Feature", "properties": { "Name": "899.98", "P.K.": null, "Al.Dist. Izq.": 25, "Al.Dist. Der.": 25, "Ruta": 9 }, "geometry": { "type": "Point", "coordinates": [ -63.7254382, -29.7421234 ] } },
{ "type": "Feature", "properties": { "Name": "900", "P.K.": "PK900", "Al.Dist. Izq.": 25, "Al.Dist. Der.": 25, "Ruta": 9 }, "geometry": { "type": "Point", "coordinates": [ -63.725399, -29.7419679 ] } },
{ "type": "Feature", "properties": { "Name": "900.24", "P.K.": null, "Al.Dist. Izq.": 25, "Al.Dist. Der.": 25, "Ruta": 9 }, "geometry": { "type": "Point", "coordinates": [ -63.7244163, -29.7399319 ] } },
{ "type": "Feature", "properties": { "Name": "900.39", "P.K.": null, "Al.Dist. Izq.": 25, "Al.Dist. Der.": 25, "Ruta": 9 }, "geometry": { "type": "Point", "coordinates": [ -63.7243157, -29.7385729 ] } },
{ "type": "Feature", "properties": { "Name": "900.52", "P.K.": null, "Al.Dist. Izq.": 25, "Al.Dist. Der.": 25, "Ruta": 9 }, "geometry": { "type": "Point", "coordinates": [ -63.7244586, -29.7374105 ] } },
{ "type": "Feature", "properties": { "Name": "900.64", "P.K.": null, "Al.Dist. Izq.": 25, "Al.Dist. Der.": 25, "Ruta": 9 }, "geometry": { "type": "Point", "coordinates": [ -63.7247077, -29.7363366 ] } },
{ "type": "Feature", "properties": { "Name": "900.8", "P.K.": null, "Al.Dist. Izq.": 25, "Al.Dist. Der.": 25, "Ruta": 9 }, "geometry": { "type": "Point", "coordinates": [ -63.7250302, -29.7348072 ] } },
{ "type": "Feature", "properties": { "Name": "900.82", "P.K.": null, "Al.Dist. Izq.": 25, "Al.Dist. Der.": 25, "Ruta": 9 }, "geometry": { "type": "Point", "coordinates": [ -63.7250514, -29.7345995 ] } },
{ "type": "Feature", "properties": { "Name": "901.04", "P.K.": null, "Al.Dist. Izq.": 25, "Al.Dist. Der.": 25, "Ruta": 9 }, "geometry": { "type": "Point", "coordinates": [ -63.7254756, -29.7326963 ] } },
{ "type": "Feature", "properties": { "Name": "901.23", "P.K.": null, "Al.Dist. Izq.": 25, "Al.Dist. Der.": 25, "Ruta": 9 }, "geometry": { "type": "Point", "coordinates": [ -63.7258885, -29.7309992 ] } },
{ "type": "Feature", "properties": { "Name": "901.41", "P.K.": null, "Al.Dist. Izq.": 25, "Al.Dist. Der.": 25, "Ruta": 9 }, "geometry": { "type": "Point", "coordinates": [ -63.7262422, -29.7292861 ] } },
{ "type": "Feature", "properties": { "Name": "901.55", "P.K.": null, "Al.Dist. Izq.": 25, "Al.Dist. Der.": 25, "Ruta": 9 }, "geometry": { "type": "Point", "coordinates": [ -63.7265188, -29.7280735 ] } },
{ "type": "Feature", "properties": { "Name": "902", "P.K.": "PK902", "Al.Dist. Izq.": 25, "Al.Dist. Der.": 25, "Ruta": 9 }, "geometry": { "type": "Point", "coordinates": [ -63.7274801, -29.7240104 ] } },
{ "type": "Feature", "properties": { "Name": "902.61", "P.K.": null, "Al.Dist. Izq.": 25, "Al.Dist. Der.": 25, "Ruta": 9 }, "geometry": { "type": "Point", "coordinates": [ -63.728386, -29.7195203 ] } },
{ "type": "Feature", "properties": { "Name": "902.84", "P.K.": null, "Al.Dist. Izq.": 25, "Al.Dist. Der.": 25, "Ruta": 9 }, "geometry": { "type": "Point", "coordinates": [ -63.7285543, -29.7177814 ] } },
{ "type": "Feature", "properties": { "Name": "903.11", "P.K.": null, "Al.Dist. Izq.": 25, "Al.Dist. Der.": 25, "Ruta": 9 }, "geometry": { "type": "Point", "coordinates": [ -63.7285161, -29.7158214 ] } },
{ "type": "Feature", "properties": { "Name": "903.36", "P.K.": null, "Al.Dist. Izq.": 25, "Al.Dist. Der.": 25, "Ruta": 9 }, "geometry": { "type": "Point", "coordinates": [ -63.7285419, -29.7138719 ] } },
{ "type": "Feature", "properties": { "Name": "903.36", "P.K.": null, "Al.Dist. Izq.": 25, "Al.Dist. Der.": 25, "Ruta": 9 }, "geometry": { "type": "Point", "coordinates": [ -63.7285419, -29.7138719 ] } },
{ "type": "Feature", "properties": { "Name": "903.45", "P.K.": null, "Al.Dist. Izq.": 25, "Al.Dist. Der.": 25, "Ruta": 9 }, "geometry": { "type": "Point", "coordinates": [ -63.7284812, -29.7131544 ] } },
{ "type": "Feature", "properties": { "Name": "903.5", "P.K.": null, "Al.Dist. Izq.": 25, "Al.Dist. Der.": 25, "Ruta": 9 }, "geometry": { "type": "Point", "coordinates": [ -63.728558, -29.7128184 ] } },
{ "type": "Feature", "properties": { "Name": "903.54", "P.K.": null, "Al.Dist. Izq.": 25, "Al.Dist. Der.": 25, "Ruta": 9 }, "geometry": { "type": "Point", "coordinates": [ -63.7285643, -29.7125549 ] } },
{ "type": "Feature", "properties": { "Name": "905.15", "P.K.": null, "Al.Dist. Izq.": 25, "Al.Dist. Der.": 25, "Ruta": 9 }, "geometry": { "type": "Point", "coordinates": [ -63.7282777, -29.7004375 ] } },
{ "type": "Feature", "properties": { "Name": "905.65", "P.K.": null, "Al.Dist. Izq.": 25, "Al.Dist. Der.": 25, "Ruta": 9 }, "geometry": { "type": "Point", "coordinates": [ -63.7280314, -29.6966952 ] } },
{ "type": "Feature", "properties": { "Name": "905.93", "P.K.": null, "Al.Dist. Izq.": 25, "Al.Dist. Der.": 25, "Ruta": 9 }, "geometry": { "type": "Point", "coordinates": [ -63.7276966, -29.6946107 ] } },
{ "type": "Feature", "properties": { "Name": "906.42", "P.K.": null, "Al.Dist. Izq.": 25, "Al.Dist. Der.": 25, "Ruta": 9 }, "geometry": { "type": "Point", "coordinates": [ -63.7270083, -29.6909549 ] } },
{ "type": "Feature", "properties": { "Name": "907.12", "P.K.": null, "Al.Dist. Izq.": 25, "Al.Dist. Der.": 25, "Ruta": 9 }, "geometry": { "type": "Point", "coordinates": [ -63.7261973, -29.6857491 ] } },
{ "type": "Feature", "properties": { "Name": "907.13", "P.K.": null, "Al.Dist. Izq.": 25, "Al.Dist. Der.": 25, "Ruta": 9 }, "geometry": { "type": "Point", "coordinates": [ -63.7260925, -29.6857325 ] } },
{ "type": "Feature", "properties": { "Name": "907.48", "P.K.": null, "Al.Dist. Izq.": 25, "Al.Dist. Der.": 25, "Ruta": 9 }, "geometry": { "type": "Point", "coordinates": [ -63.7255851, -29.6831058 ] } },
{ "type": "Feature", "properties": { "Name": "908.63", "P.K.": null, "Al.Dist. Izq.": 25, "Al.Dist. Der.": 25, "Ruta": 9 }, "geometry": { "type": "Point", "coordinates": [ -63.7240975, -29.6745892 ] } },
{ "type": "Feature", "properties": { "Name": "908.97", "P.K.": null, "Al.Dist. Izq.": 25, "Al.Dist. Der.": 25, "Ruta": 9 }, "geometry": { "type": "Point", "coordinates": [ -63.72378, -29.6720522 ] } },
{ "type": "Feature", "properties": { "Name": "909", "P.K.": null, "Al.Dist. Izq.": 25, "Al.Dist. Der.": 25, "Ruta": 9 }, "geometry": { "type": "Point", "coordinates": [ -63.7235932, -29.671855 ] } },
{ "type": "Feature", "properties": { "Name": "909.16", "P.K.": null, "Al.Dist. Izq.": 25, "Al.Dist. Der.": 25, "Ruta": 9 }, "geometry": { "type": "Point", "coordinates": [ -63.7237588, -29.6706021 ] } },
{ "type": "Feature", "properties": { "Name": "909.35", "P.K.": null, "Al.Dist. Izq.": 25, "Al.Dist. Der.": 25, "Ruta": 9 }, "geometry": { "type": "Point", "coordinates": [ -63.7232807, -29.669246 ] } },
{ "type": "Feature", "properties": { "Name": "909.41", "P.K.": null, "Al.Dist. Izq.": 25, "Al.Dist. Der.": 25, "Ruta": 9 }, "geometry": { "type": "Point", "coordinates": [ -63.7231976, -29.6687976 ] } },
{ "type": "Feature", "properties": { "Name": "909.63", "P.K.": null, "Al.Dist. Izq.": 25, "Al.Dist. Der.": 25, "Ruta": 9 }, "geometry": { "type": "Point", "coordinates": [ -63.7228616, -29.6671887 ] } },
{ "type": "Feature", "properties": { "Name": "909.64", "P.K.": null, "Al.Dist. Izq.": 25, "Al.Dist. Der.": 25, "Ruta": 9 }, "geometry": { "type": "Point", "coordinates": [ -63.7227909, -29.6670541 ] } },
{ "type": "Feature", "properties": { "Name": "909.78", "P.K.": null, "Al.Dist. Izq.": 25, "Al.Dist. Der.": 25, "Ruta": 9 }, "geometry": { "type": "Point", "coordinates": [ -63.7226987, -29.6660277 ] } },
{ "type": "Feature", "properties": { "Name": "909.81", "P.K.": null, "Al.Dist. Izq.": 25, "Al.Dist. Der.": 25, "Ruta": 9 }, "geometry": { "type": "Point", "coordinates": [ -63.7227875, -29.6658357 ] } },
{ "type": "Feature", "properties": { "Name": "909.93", "P.K.": null, "Al.Dist. Izq.": 25, "Al.Dist. Der.": 25, "Ruta": 9 }, "geometry": { "type": "Point", "coordinates": [ -63.722433, -29.664952 ] } },
{ "type": "Feature", "properties": { "Name": "910", "P.K.": null, "Al.Dist. Izq.": 25, "Al.Dist. Der.": 25, "Ruta": 9 }, "geometry": { "type": "Point", "coordinates": [ -63.7224033, -29.6643869 ] } }
]
}
