{
"type": "FeatureCollection",
"name": "MOJONES RN 158",
"features": [
{ "type": "Feature", "properties": { "Name": "0", "P.K.": null, "Al.Dist. Izq.": 30, "Al.Dist. Der.": 30, "Ruta": 158 }, "geometry": { "type": "Point", "coordinates": [ -62.124, -31.4242 ] } },
{ "type": "Feature", "properties": { "Name": "0", "P.K.": null, "Al.Dist. Izq.": 30, "Al.Dist. Der.": 30, "Ruta": 158 }, "geometry": { "type": "Point", "coordinates": [ -62.124, -31.4242 ] } },
{ "type": "Feature", "properties": { "Name": "0.02", "P.K.": null, "Al.Dist. Izq.": 30, "Al.Dist. Der.": 30, "Ruta": 158 }, "geometry": { "type": "Point", "coordinates": [ -62.1240843, -31.4243892 ] } },
{ "type": "Feature", "properties": { "Name": "0.02", "P.K.": null, "Al.Dist. Izq.": 30, "Al.Dist. Der.": 30, "Ruta": 158 }, "geometry": { "type": "Point", "coordinates": [ -62.1240843, -31.4243892 ] } },
{ "type": "Feature", "properties": { "Name": "0.07", "P.K.": null, "Al.Dist. Izq.": 30, "Al.Dist. Der.": 30, "Ruta": 158 }, "geometry": { "type": "Point", "coordinates": [ -62.1241755, -31.424856 ] } },
{ "type": "Feature", "properties": { "Name": "0.1", "P.K.": null, "Al.Dist. Izq.": 30, "Al.Dist. Der.": 30, "Ruta": 158 }, "geometry": { "type": "Point", "coordinates": [ -62.1240941, -31.4251617 ] } },
{ "type": "Feature", "properties": { "Name": "0.17", "P.K.": null, "Al.Dist. Izq.": 30, "Al.Dist. Der.": 30, "Ruta": 158 }, "geometry": { "type": "Point", "coordinates": [ -62.1241838, -31.4257315 ] } },
{ "type": "Feature", "properties": { "Name": "0.18", "P.K.": null, "Al.Dist. Izq.": 30, "Al.Dist. Der.": 30, "Ruta": 158 }, "geometry": { "type": "Point", "coordinates": [ -62.124224, -31.4258401 ] } },
{ "type": "Feature", "properties": { "Name": "0.21", "P.K.": null, "Al.Dist. Izq.": 30, "Al.Dist. Der.": 30, "Ruta": 158 }, "geometry": { "type": "Point", "coordinates": [ -62.1244567, -31.4260785 ] } },
{ "type": "Feature", "properties": { "Name": "0.39", "P.K.": null, "Al.Dist. Izq.": 30, "Al.Dist. Der.": 30, "Ruta": 158 }, "geometry": { "type": "Point", "coordinates": [ -62.1248337, -31.4276911 ] } },
{ "type": "Feature", "properties": { "Name": "0.53", "P.K.": null, "Al.Dist. Izq.": 30, "Al.Dist. Der.": 30, "Ruta": 158 }, "geometry": { "type": "Point", "coordinates": [ -62.1249437, -31.4289006 ] } },
{ "type": "Feature", "properties": { "Name": "0.55", "P.K.": null, "Al.Dist. Izq.": 30, "Al.Dist. Der.": 30, "Ruta": 158 }, "geometry": { "type": "Point", "coordinates": [ -62.1249185, -31.4291231 ] } },
{ "type": "Feature", "properties": { "Name": "0.6", "P.K.": null, "Al.Dist. Izq.": 30, "Al.Dist. Der.": 30, "Ruta": 158 }, "geometry": { "type": "Point", "coordinates": [ -62.1250491, -31.4295138 ] } },
{ "type": "Feature", "properties": { "Name": "0.66", "P.K.": null, "Al.Dist. Izq.": 30, "Al.Dist. Der.": 30, "Ruta": 158 }, "geometry": { "type": "Point", "coordinates": [ -62.125179, -31.4301304 ] } },
{ "type": "Feature", "properties": { "Name": "0.7", "P.K.": null, "Al.Dist. Izq.": 30, "Al.Dist. Der.": 30, "Ruta": 158 }, "geometry": { "type": "Point", "coordinates": [ -62.1252703, -31.4304702 ] } },
{ "type": "Feature", "properties": { "Name": "0.8", "P.K.": null, "Al.Dist. Izq.": 30, "Al.Dist. Der.": 30, "Ruta": 158 }, "geometry": { "type": "Point", "coordinates": [ -62.1255645, -31.4312995 ] } },
{ "type": "Feature", "properties": { "Name": "0.82", "P.K.": null, "Al.Dist. Izq.": 30, "Al.Dist. Der.": 30, "Ruta": 158 }, "geometry": { "type": "Point", "coordinates": [ -62.1254962, -31.4315184 ] } },
{ "type": "Feature", "properties": { "Name": "1", "P.K.": "PK1", "Al.Dist. Izq.": 30, "Al.Dist. Der.": 30, "Ruta": 158 }, "geometry": { "type": "Point", "coordinates": [ -62.125979, -31.433063 ] } },
{ "type": "Feature", "properties": { "Name": "1.04", "P.K.": null, "Al.Dist. Izq.": 30, "Al.Dist. Der.": 30, "Ruta": 158 }, "geometry": { "type": "Point", "coordinates": [ -62.1259174, -31.4334409 ] } },
{ "type": "Feature", "properties": { "Name": "1.05", "P.K.": null, "Al.Dist. Izq.": 30, "Al.Dist. Der.": 30, "Ruta": 158 }, "geometry": { "type": "Point", "coordinates": [ -62.1261, -31.4335 ] } },
{ "type": "Feature", "properties": { "Name": "1.23", "P.K.": null, "Al.Dist. Izq.": 30, "Al.Dist. Der.": 30, "Ruta": 158 }, "geometry": { "type": "Point", "coordinates": [ -62.1264269, -31.4351319 ] } },
{ "type": "Feature", "properties": { "Name": "1.29", "P.K.": null, "Al.Dist. Izq.": 30, "Al.Dist. Der.": 30, "Ruta": 158 }, "geometry": { "type": "Point", "coordinates": [ -62.1265922, -31.4356348 ] } },
{ "type": "Feature", "properties": { "Name": "1.29", "P.K.": null, "Al.Dist. Izq.": 30, "Al.Dist. Der.": 30, "Ruta": 158 }, "geometry": { "type": "Point", "coordinates": [ -62.1265335, -31.4356483 ] } },
{ "type": "Feature", "properties": { "Name": "1.32", "P.K.": null, "Al.Dist. Izq.": 30, "Al.Dist. Der.": 30, "Ruta": 158 }, "geometry": { "type": "Point", "coordinates": [ -62.1265175, -31.4358986 ] } },
{ "type": "Feature", "properties": { "Name": "1.34", "P.K.": null, "Al.Dist. Izq.": 30, "Al.Dist. Der.": 30, "Ruta": 158 }, "geometry": { "type": "Point", "coordinates": [ -62.1266469, -31.4360568 ] } },
{ "type": "Feature", "properties": { "Name": "1.37", "P.K.": null, "Al.Dist. Izq.": 30, "Al.Dist. Der.": 30, "Ruta": 158 }, "geometry": { "type": "Point", "coordinates": [ -62.1267047, -31.4363082 ] } },
{ "type": "Feature", "properties": { "Name": "1.43", "P.K.": null, "Al.Dist. Izq.": 30, "Al.Dist. Der.": 30, "Ruta": 158 }, "geometry": { "type": "Point", "coordinates": [ -62.1268554, -31.4368463 ] } },
{ "type": "Feature", "properties": { "Name": "1.44", "P.K.": null, "Al.Dist. Izq.": 30, "Al.Dist. Der.": 30, "Ruta": 158 }, "geometry": { "type": "Point", "coordinates": [ -62.126867, -31.4369253 ] } },
{ "type": "Feature", "properties": { "Name": "1.61", "P.K.": null, "Al.Dist. Izq.": 30, "Al.Dist. Der.": 30, "Ruta": 158 }, "geometry": { "type": "Point", "coordinates": [ -62.1272454, -31.4384937 ] } },
{ "type": "Feature", "properties": { "Name": "1.68", "P.K.": null, "Al.Dist. Izq.": 30, "Al.Dist. Der.": 30, "Ruta": 158 }, "geometry": { "type": "Point", "coordinates": [ -62.1273557, -31.4391231 ] } },
{ "type": "Feature", "properties": { "Name": "1.75", "P.K.": null, "Al.Dist. Izq.": 30, "Al.Dist. Der.": 30, "Ruta": 158 }, "geometry": { "type": "Point", "coordinates": [ -62.1274394, -31.4397083 ] } },
{ "type": "Feature", "properties": { "Name": "1.75", "P.K.": null, "Al.Dist. Izq.": 30, "Al.Dist. Der.": 30, "Ruta": 158 }, "geometry": { "type": "Point", "coordinates": [ -62.1274394, -31.4397083 ] } },
{ "type": "Feature", "properties": { "Name": "1.78", "P.K.": null, "Al.Dist. Izq.": 30, "Al.Dist. Der.": 30, "Ruta": 158 }, "geometry": { "type": "Point", "coordinates": [ -62.1274673, -31.4399686 ] } },
{ "type": "Feature", "properties": { "Name": "1.82", "P.K.": null, "Al.Dist. Izq.": 30, "Al.Dist. Der.": 30, "Ruta": 158 }, "geometry": { "type": "Point", "coordinates": [ -62.1276694, -31.4403657 ] } },
{ "type": "Feature", "properties": { "Name": "1.94", "P.K.": null, "Al.Dist. Izq.": 30, "Al.Dist. Der.": 30, "Ruta": 158 }, "geometry": { "type": "Point", "coordinates": [ -62.1278417, -31.441424 ] } },
{ "type": "Feature", "properties": { "Name": "1.94", "P.K.": null, "Al.Dist. Izq.": 30, "Al.Dist. Der.": 30, "Ruta": 158 }, "geometry": { "type": "Point", "coordinates": [ -62.12784, -31.4414282 ] } },
{ "type": "Feature", "properties": { "Name": "2", "P.K.": "PK2", "Al.Dist. Izq.": 30, "Al.Dist. Der.": 30, "Ruta": 158 }, "geometry": { "type": "Point", "coordinates": [ -62.1278163, -31.4419465 ] } },
{ "type": "Feature", "properties": { "Name": "2.08", "P.K.": null, "Al.Dist. Izq.": 30, "Al.Dist. Der.": 30, "Ruta": 158 }, "geometry": { "type": "Point", "coordinates": [ -62.12811, -31.4426131 ] } },
{ "type": "Feature", "properties": { "Name": "2.3", "P.K.": null, "Al.Dist. Izq.": 30, "Al.Dist. Der.": 30, "Ruta": 158 }, "geometry": { "type": "Point", "coordinates": [ -62.1284584, -31.4445845 ] } },
{ "type": "Feature", "properties": { "Name": "2.99", "P.K.": null, "Al.Dist. Izq.": 30, "Al.Dist. Der.": 30, "Ruta": 158 }, "geometry": { "type": "Point", "coordinates": [ -62.1298886, -31.4505684 ] } },
{ "type": "Feature", "properties": { "Name": "3", "P.K.": "PK3", "Al.Dist. Izq.": 30, "Al.Dist. Der.": 30, "Ruta": 158 }, "geometry": { "type": "Point", "coordinates": [ -62.1299446, -31.450691 ] } },
{ "type": "Feature", "properties": { "Name": "3.1", "P.K.": null, "Al.Dist. Izq.": 30, "Al.Dist. Der.": 30, "Ruta": 158 }, "geometry": { "type": "Point", "coordinates": [ -62.1301884, -31.4517665 ] } },
{ "type": "Feature", "properties": { "Name": "3.11", "P.K.": null, "Al.Dist. Izq.": 30, "Al.Dist. Der.": 30, "Ruta": 158 }, "geometry": { "type": "Point", "coordinates": [ -62.1302, -31.4518 ] } },
{ "type": "Feature", "properties": { "Name": "3.21", "P.K.": null, "Al.Dist. Izq.": 30, "Al.Dist. Der.": 30, "Ruta": 158 }, "geometry": { "type": "Point", "coordinates": [ -62.130397, -31.4527929 ] } },
{ "type": "Feature", "properties": { "Name": "3.32", "P.K.": null, "Al.Dist. Izq.": 30, "Al.Dist. Der.": 30, "Ruta": 158 }, "geometry": { "type": "Point", "coordinates": [ -62.130631, -31.453989 ] } },
{ "type": "Feature", "properties": { "Name": "3.32", "P.K.": null, "Al.Dist. Izq.": 30, "Al.Dist. Der.": 30, "Ruta": 158 }, "geometry": { "type": "Point", "coordinates": [ -62.130631, -31.453989 ] } },
{ "type": "Feature", "properties": { "Name": "3.46", "P.K.": null, "Al.Dist. Izq.": 30, "Al.Dist. Der.": 30, "Ruta": 158 }, "geometry": { "type": "Point", "coordinates": [ -62.1310014, -31.4554171 ] } },
{ "type": "Feature", "properties": { "Name": "3.46", "P.K.": null, "Al.Dist. Izq.": 30, "Al.Dist. Der.": 30, "Ruta": 158 }, "geometry": { "type": "Point", "coordinates": [ -62.1309511, -31.4554214 ] } },
{ "type": "Feature", "properties": { "Name": "3.53", "P.K.": null, "Al.Dist. Izq.": 30, "Al.Dist. Der.": 30, "Ruta": 158 }, "geometry": { "type": "Point", "coordinates": [ -62.1311316, -31.4560868 ] } },
{ "type": "Feature", "properties": { "Name": "3.56", "P.K.": null, "Al.Dist. Izq.": 30, "Al.Dist. Der.": 30, "Ruta": 158 }, "geometry": { "type": "Point", "coordinates": [ -62.1311931, -31.4563403 ] } },
{ "type": "Feature", "properties": { "Name": "3.57", "P.K.": null, "Al.Dist. Izq.": 30, "Al.Dist. Der.": 30, "Ruta": 158 }, "geometry": { "type": "Point", "coordinates": [ -62.1312941, -31.456544 ] } },
{ "type": "Feature", "properties": { "Name": "3.57", "P.K.": null, "Al.Dist. Izq.": 30, "Al.Dist. Der.": 30, "Ruta": 158 }, "geometry": { "type": "Point", "coordinates": [ -62.131097, -31.4565671 ] } },
{ "type": "Feature", "properties": { "Name": "3.61", "P.K.": null, "Al.Dist. Izq.": 30, "Al.Dist. Der.": 30, "Ruta": 158 }, "geometry": { "type": "Point", "coordinates": [ -62.1313, -31.4569 ] } },
{ "type": "Feature", "properties": { "Name": "3.67", "P.K.": null, "Al.Dist. Izq.": 30, "Al.Dist. Der.": 30, "Ruta": 158 }, "geometry": { "type": "Point", "coordinates": [ -62.1314547, -31.4574801 ] } },
{ "type": "Feature", "properties": { "Name": "3.71", "P.K.": null, "Al.Dist. Izq.": 30, "Al.Dist. Der.": 30, "Ruta": 158 }, "geometry": { "type": "Point", "coordinates": [ -62.1314695, -31.4579868 ] } },
{ "type": "Feature", "properties": { "Name": "3.71", "P.K.": null, "Al.Dist. Izq.": 30, "Al.Dist. Der.": 30, "Ruta": 158 }, "geometry": { "type": "Point", "coordinates": [ -62.1314695, -31.4579868 ] } },
{ "type": "Feature", "properties": { "Name": "3.73", "P.K.": null, "Al.Dist. Izq.": 30, "Al.Dist. Der.": 30, "Ruta": 158 }, "geometry": { "type": "Point", "coordinates": [ -62.1316263, -31.4580854 ] } },
{ "type": "Feature", "properties": { "Name": "3.77", "P.K.": null, "Al.Dist. Izq.": 30, "Al.Dist. Der.": 30, "Ruta": 158 }, "geometry": { "type": "Point", "coordinates": [ -62.1315101, -31.4584925 ] } },
{ "type": "Feature", "properties": { "Name": "3.87", "P.K.": null, "Al.Dist. Izq.": 30, "Al.Dist. Der.": 30, "Ruta": 158 }, "geometry": { "type": "Point", "coordinates": [ -62.131795, -31.4596053 ] } },
{ "type": "Feature", "properties": { "Name": "3.9", "P.K.": null, "Al.Dist. Izq.": 30, "Al.Dist. Der.": 30, "Ruta": 158 }, "geometry": { "type": "Point", "coordinates": [ -62.1318624, -31.4599034 ] } },
{ "type": "Feature", "properties": { "Name": "4", "P.K.": "PK4", "Al.Dist. Izq.": 30, "Al.Dist. Der.": 30, "Ruta": 158 }, "geometry": { "type": "Point", "coordinates": [ -62.1320779, -31.4608785 ] } },
{ "type": "Feature", "properties": { "Name": "4.03", "P.K.": null, "Al.Dist. Izq.": 30, "Al.Dist. Der.": 30, "Ruta": 158 }, "geometry": { "type": "Point", "coordinates": [ -62.132256, -31.461115 ] } },
{ "type": "Feature", "properties": { "Name": "4.2", "P.K.": null, "Al.Dist. Izq.": 30, "Al.Dist. Der.": 30, "Ruta": 158 }, "geometry": { "type": "Point", "coordinates": [ -62.1326557, -31.4628668 ] } },
{ "type": "Feature", "properties": { "Name": "4.28", "P.K.": null, "Al.Dist. Izq.": 30, "Al.Dist. Der.": 30, "Ruta": 158 }, "geometry": { "type": "Point", "coordinates": [ -62.1329918, -31.4635017 ] } },
{ "type": "Feature", "properties": { "Name": "4.33", "P.K.": null, "Al.Dist. Izq.": 30, "Al.Dist. Der.": 30, "Ruta": 158 }, "geometry": { "type": "Point", "coordinates": [ -62.1332043, -31.4640091 ] } },
{ "type": "Feature", "properties": { "Name": "4.49", "P.K.": null, "Al.Dist. Izq.": 30, "Al.Dist. Der.": 30, "Ruta": 158 }, "geometry": { "type": "Point", "coordinates": [ -62.1346218, -31.465028 ] } },
{ "type": "Feature", "properties": { "Name": "4.49", "P.K.": null, "Al.Dist. Izq.": 30, "Al.Dist. Der.": 30, "Ruta": 158 }, "geometry": { "type": "Point", "coordinates": [ -62.1346218, -31.465028 ] } },
{ "type": "Feature", "properties": { "Name": "4.62", "P.K.": null, "Al.Dist. Izq.": 30, "Al.Dist. Der.": 30, "Ruta": 158 }, "geometry": { "type": "Point", "coordinates": [ -62.1359, -31.46567 ] } },
{ "type": "Feature", "properties": { "Name": "4.76", "P.K.": null, "Al.Dist. Izq.": 30, "Al.Dist. Der.": 30, "Ruta": 158 }, "geometry": { "type": "Point", "coordinates": [ -62.1373361, -31.4661288 ] } },
{ "type": "Feature", "properties": { "Name": "4.97", "P.K.": null, "Al.Dist. Izq.": 30, "Al.Dist. Der.": 30, "Ruta": 158 }, "geometry": { "type": "Point", "coordinates": [ -62.1396074, -31.4668984 ] } },
{ "type": "Feature", "properties": { "Name": "5", "P.K.": "PK5", "Al.Dist. Izq.": 30, "Al.Dist. Der.": 30, "Ruta": 158 }, "geometry": { "type": "Point", "coordinates": [ -62.1398596, -31.466976 ] } },
{ "type": "Feature", "properties": { "Name": "5.05", "P.K.": null, "Al.Dist. Izq.": 30, "Al.Dist. Der.": 30, "Ruta": 158 }, "geometry": { "type": "Point", "coordinates": [ -62.1404418, -31.4671931 ] } },
{ "type": "Feature", "properties": { "Name": "5.07", "P.K.": null, "Al.Dist. Izq.": 30, "Al.Dist. Der.": 30, "Ruta": 158 }, "geometry": { "type": "Point", "coordinates": [ -62.1406673, -31.4672556 ] } },
{ "type": "Feature", "properties": { "Name": "5.07", "P.K.": null, "Al.Dist. Izq.": 30, "Al.Dist. Der.": 30, "Ruta": 158 }, "geometry": { "type": "Point", "coordinates": [ -62.1406635, -31.4672542 ] } },
{ "type": "Feature", "properties": { "Name": "5.14", "P.K.": null, "Al.Dist. Izq.": 30, "Al.Dist. Der.": 30, "Ruta": 158 }, "geometry": { "type": "Point", "coordinates": [ -62.1413162, -31.4674823 ] } },
{ "type": "Feature", "properties": { "Name": "5.22", "P.K.": null, "Al.Dist. Izq.": 30, "Al.Dist. Der.": 30, "Ruta": 158 }, "geometry": { "type": "Point", "coordinates": [ -62.14217, -31.46782 ] } },
{ "type": "Feature", "properties": { "Name": "5.25", "P.K.": null, "Al.Dist. Izq.": 30, "Al.Dist. Der.": 30, "Ruta": 158 }, "geometry": { "type": "Point", "coordinates": [ -62.1425, -31.4679 ] } },
{ "type": "Feature", "properties": { "Name": "5.28", "P.K.": null, "Al.Dist. Izq.": 30, "Al.Dist. Der.": 30, "Ruta": 158 }, "geometry": { "type": "Point", "coordinates": [ -62.142866, -31.4680247 ] } },
{ "type": "Feature", "properties": { "Name": "5.31", "P.K.": null, "Al.Dist. Izq.": 30, "Al.Dist. Der.": 30, "Ruta": 158 }, "geometry": { "type": "Point", "coordinates": [ -62.1430995, -31.4682832 ] } },
{ "type": "Feature", "properties": { "Name": "5.34", "P.K.": null, "Al.Dist. Izq.": 30, "Al.Dist. Der.": 30, "Ruta": 158 }, "geometry": { "type": "Point", "coordinates": [ -62.143414, -31.468343 ] } },
{ "type": "Feature", "properties": { "Name": "5.53", "P.K.": null, "Al.Dist. Izq.": 30, "Al.Dist. Der.": 30, "Ruta": 158 }, "geometry": { "type": "Point", "coordinates": [ -62.145078, -31.46962 ] } },
{ "type": "Feature", "properties": { "Name": "5.53", "P.K.": null, "Al.Dist. Izq.": 30, "Al.Dist. Der.": 30, "Ruta": 158 }, "geometry": { "type": "Point", "coordinates": [ -62.145078, -31.46962 ] } },
{ "type": "Feature", "properties": { "Name": "5.57", "P.K.": null, "Al.Dist. Izq.": 30, "Al.Dist. Der.": 30, "Ruta": 158 }, "geometry": { "type": "Point", "coordinates": [ -62.1453147, -31.4700077 ] } },
{ "type": "Feature", "properties": { "Name": "5.59", "P.K.": null, "Al.Dist. Izq.": 30, "Al.Dist. Der.": 30, "Ruta": 158 }, "geometry": { "type": "Point", "coordinates": [ -62.1454643, -31.4701233 ] } },
{ "type": "Feature", "properties": { "Name": "5.66", "P.K.": null, "Al.Dist. Izq.": 30, "Al.Dist. Der.": 30, "Ruta": 158 }, "geometry": { "type": "Point", "coordinates": [ -62.1461577, -31.4705926 ] } },
{ "type": "Feature", "properties": { "Name": "6", "P.K.": "PK6", "Al.Dist. Izq.": 30, "Al.Dist. Der.": 30, "Ruta": 158 }, "geometry": { "type": "Point", "coordinates": [ -62.1487225, -31.473133 ] } },
{ "type": "Feature", "properties": { "Name": "6.44", "P.K.": null, "Al.Dist. Izq.": 30, "Al.Dist. Der.": 30, "Ruta": 158 }, "geometry": { "type": "Point", "coordinates": [ -62.1516689, -31.4761451 ] } },
{ "type": "Feature", "properties": { "Name": "7", "P.K.": "PK7", "Al.Dist. Izq.": 30, "Al.Dist. Der.": 30, "Ruta": 158 }, "geometry": { "type": "Point", "coordinates": [ -62.1556501, -31.4799198 ] } },
{ "type": "Feature", "properties": { "Name": "7.02", "P.K.": null, "Al.Dist. Izq.": 30, "Al.Dist. Der.": 30, "Ruta": 158 }, "geometry": { "type": "Point", "coordinates": [ -62.1557134, -31.480011 ] } },
{ "type": "Feature", "properties": { "Name": "7.42", "P.K.": null, "Al.Dist. Izq.": 30, "Al.Dist. Der.": 30, "Ruta": 158 }, "geometry": { "type": "Point", "coordinates": [ -62.1585372, -31.4827565 ] } },
{ "type": "Feature", "properties": { "Name": "7.42", "P.K.": null, "Al.Dist. Izq.": 30, "Al.Dist. Der.": 30, "Ruta": 158 }, "geometry": { "type": "Point", "coordinates": [ -62.1585447, -31.4827637 ] } },
{ "type": "Feature", "properties": { "Name": "7.52", "P.K.": null, "Al.Dist. Izq.": 30, "Al.Dist. Der.": 30, "Ruta": 158 }, "geometry": { "type": "Point", "coordinates": [ -62.1592635, -31.4834555 ] } },
{ "type": "Feature", "properties": { "Name": "7.59", "P.K.": null, "Al.Dist. Izq.": 30, "Al.Dist. Der.": 30, "Ruta": 158 }, "geometry": { "type": "Point", "coordinates": [ -62.1597084, -31.4839847 ] } },
{ "type": "Feature", "properties": { "Name": "7.65", "P.K.": null, "Al.Dist. Izq.": 30, "Al.Dist. Der.": 30, "Ruta": 158 }, "geometry": { "type": "Point", "coordinates": [ -62.1600901, -31.484473 ] } },
{ "type": "Feature", "properties": { "Name": "7.66", "P.K.": null, "Al.Dist. Izq.": 30, "Al.Dist. Der.": 30, "Ruta": 158 }, "geometry": { "type": "Point", "coordinates": [ -62.1602687, -31.4844828 ] } },
{ "type": "Feature", "properties": { "Name": "7.85", "P.K.": null, "Al.Dist. Izq.": 30, "Al.Dist. Der.": 30, "Ruta": 158 }, "geometry": { "type": "Point", "coordinates": [ -62.1616, -31.4858 ] } },
{ "type": "Feature", "properties": { "Name": "7.98", "P.K.": null, "Al.Dist. Izq.": 30, "Al.Dist. Der.": 30, "Ruta": 158 }, "geometry": { "type": "Point", "coordinates": [ -62.1627, -31.48644 ] } },
{ "type": "Feature", "properties": { "Name": "8", "P.K.": "PK8", "Al.Dist. Izq.": 30, "Al.Dist. Der.": 30, "Ruta": 158 }, "geometry": { "type": "Point", "coordinates": [ -62.1628945, -31.4865405 ] } },
{ "type": "Feature", "properties": { "Name": "8.17", "P.K.": null, "Al.Dist. Izq.": 30, "Al.Dist. Der.": 30, "Ruta": 158 }, "geometry": { "type": "Point", "coordinates": [ -62.164088, -31.4876276 ] } },
{ "type": "Feature", "properties": { "Name": "8.17", "P.K.": null, "Al.Dist. Izq.": null, "Al.Dist. Der.": 45, "Ruta": 158 }, "geometry": { "type": "Point", "coordinates": [ -62.164088, -31.4876276 ] } },
{ "type": "Feature", "properties": { "Name": "8.18", "P.K.": null, "Al.Dist. Izq.": null, "Al.Dist. Der.": 45, "Ruta": 158 }, "geometry": { "type": "Point", "coordinates": [ -62.1641187, -31.4878059 ] } },
{ "type": "Feature", "properties": { "Name": "8.25", "P.K.": null, "Al.Dist. Izq.": null, "Al.Dist. Der.": 45, "Ruta": 158 }, "geometry": { "type": "Point", "coordinates": [ -62.1646858, -31.4881394 ] } },
{ "type": "Feature", "properties": { "Name": "8.25", "P.K.": null, "Al.Dist. Izq.": null, "Al.Dist. Der.": 45, "Ruta": 158 }, "geometry": { "type": "Point", "coordinates": [ -62.164549, -31.48824 ] } },
{ "type": "Feature", "properties": { "Name": "8.37", "P.K.": null, "Al.Dist. Izq.": null, "Al.Dist. Der.": 45, "Ruta": 158 }, "geometry": { "type": "Point", "coordinates": [ -62.1652797, -31.4892218 ] } },
{ "type": "Feature", "properties": { "Name": "8.41", "P.K.": null, "Al.Dist. Izq.": null, "Al.Dist. Der.": 45, "Ruta": 158 }, "geometry": { "type": "Point", "coordinates": [ -62.1655184, -31.4894619 ] } },
{ "type": "Feature", "properties": { "Name": "8.45", "P.K.": null, "Al.Dist. Izq.": null, "Al.Dist. Der.": 45, "Ruta": 158 }, "geometry": { "type": "Point", "coordinates": [ -62.1658038, -31.4897799 ] } },
{ "type": "Feature", "properties": { "Name": "8.53", "P.K.": null, "Al.Dist. Izq.": null, "Al.Dist. Der.": 45, "Ruta": 158 }, "geometry": { "type": "Point", "coordinates": [ -62.1663751, -31.4903788 ] } },
{ "type": "Feature", "properties": { "Name": "8.59", "P.K.": null, "Al.Dist. Izq.": null, "Al.Dist. Der.": 45, "Ruta": 158 }, "geometry": { "type": "Point", "coordinates": [ -62.1670071, -31.4906356 ] } },
{ "type": "Feature", "properties": { "Name": "8.6", "P.K.": null, "Al.Dist. Izq.": null, "Al.Dist. Der.": 45, "Ruta": 158 }, "geometry": { "type": "Point", "coordinates": [ -62.1671414, -31.4905822 ] } },
{ "type": "Feature", "properties": { "Name": "8.66", "P.K.": null, "Al.Dist. Izq.": null, "Al.Dist. Der.": 45, "Ruta": 158 }, "geometry": { "type": "Point", "coordinates": [ -62.1676672, -31.4908728 ] } },
{ "type": "Feature", "properties": { "Name": "8.67", "P.K.": null, "Al.Dist. Izq.": null, "Al.Dist. Der.": 45, "Ruta": 158 }, "geometry": { "type": "Point", "coordinates": [ -62.1674895, -31.4913103 ] } },
{ "type": "Feature", "properties": { "Name": "8.76", "P.K.": null, "Al.Dist. Izq.": null, "Al.Dist. Der.": 45, "Ruta": 158 }, "geometry": { "type": "Point", "coordinates": [ -62.1683, -31.4917 ] } },
{ "type": "Feature", "properties": { "Name": "8.77", "P.K.": null, "Al.Dist. Izq.": null, "Al.Dist. Der.": 45, "Ruta": 158 }, "geometry": { "type": "Point", "coordinates": [ -62.1683115, -31.4917403 ] } },
{ "type": "Feature", "properties": { "Name": "8.79", "P.K.": null, "Al.Dist. Izq.": null, "Al.Dist. Der.": 45, "Ruta": 158 }, "geometry": { "type": "Point", "coordinates": [ -62.1681879, -31.4921517 ] } },
{ "type": "Feature", "properties": { "Name": "8.94", "P.K.": null, "Al.Dist. Izq.": null, "Al.Dist. Der.": 45, "Ruta": 158 }, "geometry": { "type": "Point", "coordinates": [ -62.1693323, -31.4930176 ] } },
{ "type": "Feature", "properties": { "Name": "9", "P.K.": "PK9", "Al.Dist. Izq.": null, "Al.Dist. Der.": 45, "Ruta": 158 }, "geometry": { "type": "Point", "coordinates": [ -62.1696574, -31.4935122 ] } },
{ "type": "Feature", "properties": { "Name": "9.16", "P.K.": null, "Al.Dist. Izq.": null, "Al.Dist. Der.": 45, "Ruta": 158 }, "geometry": { "type": "Point", "coordinates": [ -62.1704437, -31.4949216 ] } },
{ "type": "Feature", "properties": { "Name": "9.17", "P.K.": null, "Al.Dist. Izq.": null, "Al.Dist. Der.": 45, "Ruta": 158 }, "geometry": { "type": "Point", "coordinates": [ -62.17072, -31.49479 ] } },
{ "type": "Feature", "properties": { "Name": "9.26", "P.K.": null, "Al.Dist. Izq.": null, "Al.Dist. Der.": 45, "Ruta": 158 }, "geometry": { "type": "Point", "coordinates": [ -62.1711303, -31.4955043 ] } },
{ "type": "Feature", "properties": { "Name": "9.27", "P.K.": null, "Al.Dist. Izq.": null, "Al.Dist. Der.": 45, "Ruta": 158 }, "geometry": { "type": "Point", "coordinates": [ -62.1713994, -31.4953902 ] } },
{ "type": "Feature", "properties": { "Name": "9.4", "P.K.": null, "Al.Dist. Izq.": null, "Al.Dist. Der.": 45, "Ruta": 158 }, "geometry": { "type": "Point", "coordinates": [ -62.1722962, -31.4962994 ] } },
{ "type": "Feature", "properties": { "Name": "9.49", "P.K.": null, "Al.Dist. Izq.": null, "Al.Dist. Der.": 45, "Ruta": 158 }, "geometry": { "type": "Point", "coordinates": [ -62.1729582, -31.4969414 ] } },
{ "type": "Feature", "properties": { "Name": "9.49", "P.K.": null, "Al.Dist. Izq.": 30, "Al.Dist. Der.": 30, "Ruta": 158 }, "geometry": { "type": "Point", "coordinates": [ -62.1729582, -31.4969414 ] } },
{ "type": "Feature", "properties": { "Name": "9.8", "P.K.": null, "Al.Dist. Izq.": 30, "Al.Dist. Der.": 30, "Ruta": 158 }, "geometry": { "type": "Point", "coordinates": [ -62.1751071, -31.4990291 ] } },
{ "type": "Feature", "properties": { "Name": "9.9", "P.K.": null, "Al.Dist. Izq.": 30, "Al.Dist. Der.": 30, "Ruta": 158 }, "geometry": { "type": "Point", "coordinates": [ -62.1757075, -31.4997172 ] } },
{ "type": "Feature", "properties": { "Name": "9.95", "P.K.": null, "Al.Dist. Izq.": 30, "Al.Dist. Der.": 30, "Ruta": 158 }, "geometry": { "type": "Point", "coordinates": [ -62.1760136, -31.5001017 ] } },
{ "type": "Feature", "properties": { "Name": "10", "P.K.": "PK10", "Al.Dist. Izq.": 30, "Al.Dist. Der.": 30, "Ruta": 158 }, "geometry": { "type": "Point", "coordinates": [ -62.176471, -31.500427 ] } },
{ "type": "Feature", "properties": { "Name": "11", "P.K.": "PK11", "Al.Dist. Izq.": 30, "Al.Dist. Der.": 30, "Ruta": 158 }, "geometry": { "type": "Point", "coordinates": [ -62.1834028, -31.5071739 ] } },
{ "type": "Feature", "properties": { "Name": "11.05", "P.K.": null, "Al.Dist. Izq.": 30, "Al.Dist. Der.": 30, "Ruta": 158 }, "geometry": { "type": "Point", "coordinates": [ -62.1837, -31.5076 ] } },
{ "type": "Feature", "properties": { "Name": "11.06", "P.K.": null, "Al.Dist. Izq.": 30, "Al.Dist. Der.": 30, "Ruta": 158 }, "geometry": { "type": "Point", "coordinates": [ -62.1838, -31.5076 ] } },
{ "type": "Feature", "properties": { "Name": "11.23", "P.K.": null, "Al.Dist. Izq.": 30, "Al.Dist. Der.": 30, "Ruta": 158 }, "geometry": { "type": "Point", "coordinates": [ -62.1848126, -31.5089381 ] } },
{ "type": "Feature", "properties": { "Name": "11.25", "P.K.": null, "Al.Dist. Izq.": 30, "Al.Dist. Der.": 30, "Ruta": 158 }, "geometry": { "type": "Point", "coordinates": [ -62.1851109, -31.5088681 ] } },
{ "type": "Feature", "properties": { "Name": "11.57", "P.K.": null, "Al.Dist. Izq.": 30, "Al.Dist. Der.": 30, "Ruta": 158 }, "geometry": { "type": "Point", "coordinates": [ -62.1873541, -31.5110726 ] } },
{ "type": "Feature", "properties": { "Name": "11.73", "P.K.": null, "Al.Dist. Izq.": 30, "Al.Dist. Der.": 30, "Ruta": 158 }, "geometry": { "type": "Point", "coordinates": [ -62.1884642, -31.5121334 ] } },
{ "type": "Feature", "properties": { "Name": "11.74", "P.K.": null, "Al.Dist. Izq.": 30, "Al.Dist. Der.": 30, "Ruta": 158 }, "geometry": { "type": "Point", "coordinates": [ -62.1884292, -31.5122353 ] } },
{ "type": "Feature", "properties": { "Name": "12", "P.K.": "PK12", "Al.Dist. Izq.": 30, "Al.Dist. Der.": 30, "Ruta": 158 }, "geometry": { "type": "Point", "coordinates": [ -62.1902748, -31.513989 ] } },
{ "type": "Feature", "properties": { "Name": "12.92", "P.K.": null, "Al.Dist. Izq.": 30, "Al.Dist. Der.": 30, "Ruta": 158 }, "geometry": { "type": "Point", "coordinates": [ -62.1967679, -31.5203015 ] } },
{ "type": "Feature", "properties": { "Name": "13", "P.K.": "PK13", "Al.Dist. Izq.": 30, "Al.Dist. Der.": 30, "Ruta": 158 }, "geometry": { "type": "Point", "coordinates": [ -62.1972874, -31.5207973 ] } },
{ "type": "Feature", "properties": { "Name": "13.02", "P.K.": null, "Al.Dist. Izq.": 30, "Al.Dist. Der.": 30, "Ruta": 158 }, "geometry": { "type": "Point", "coordinates": [ -62.1974, -31.521 ] } },
{ "type": "Feature", "properties": { "Name": "13.11", "P.K.": null, "Al.Dist. Izq.": 30, "Al.Dist. Der.": 30, "Ruta": 158 }, "geometry": { "type": "Point", "coordinates": [ -62.1979531, -31.5216252 ] } },
{ "type": "Feature", "properties": { "Name": "13.76", "P.K.": null, "Al.Dist. Izq.": 30, "Al.Dist. Der.": 30, "Ruta": 158 }, "geometry": { "type": "Point", "coordinates": [ -62.2025172, -31.5259139 ] } },
{ "type": "Feature", "properties": { "Name": "14", "P.K.": "PK14", "Al.Dist. Izq.": 30, "Al.Dist. Der.": 30, "Ruta": 158 }, "geometry": { "type": "Point", "coordinates": [ -62.2041357, -31.5276285 ] } },
{ "type": "Feature", "properties": { "Name": "14.23", "P.K.": null, "Al.Dist. Izq.": 30, "Al.Dist. Der.": 30, "Ruta": 158 }, "geometry": { "type": "Point", "coordinates": [ -62.2057, -31.5291 ] } },
{ "type": "Feature", "properties": { "Name": "14.78", "P.K.": null, "Al.Dist. Izq.": 30, "Al.Dist. Der.": 30, "Ruta": 158 }, "geometry": { "type": "Point", "coordinates": [ -62.2096628, -31.5329486 ] } },
{ "type": "Feature", "properties": { "Name": "15", "P.K.": "PK15", "Al.Dist. Izq.": 30, "Al.Dist. Der.": 30, "Ruta": 158 }, "geometry": { "type": "Point", "coordinates": [ -62.2111672, -31.5343902 ] } },
{ "type": "Feature", "properties": { "Name": "15.24", "P.K.": null, "Al.Dist. Izq.": 30, "Al.Dist. Der.": 30, "Ruta": 158 }, "geometry": { "type": "Point", "coordinates": [ -62.2128433, -31.5360478 ] } },
{ "type": "Feature", "properties": { "Name": "15.27", "P.K.": null, "Al.Dist. Izq.": 30, "Al.Dist. Der.": 30, "Ruta": 158 }, "geometry": { "type": "Point", "coordinates": [ -62.2130335, -31.5362358 ] } },
{ "type": "Feature", "properties": { "Name": "15.37", "P.K.": null, "Al.Dist. Izq.": 30, "Al.Dist. Der.": 30, "Ruta": 158 }, "geometry": { "type": "Point", "coordinates": [ -62.2137, -31.537 ] } },
{ "type": "Feature", "properties": { "Name": "15.41", "P.K.": null, "Al.Dist. Izq.": 30, "Al.Dist. Der.": 30, "Ruta": 158 }, "geometry": { "type": "Point", "coordinates": [ -62.2141, -31.5371 ] } },
{ "type": "Feature", "properties": { "Name": "15.46", "P.K.": null, "Al.Dist. Izq.": 30, "Al.Dist. Der.": 30, "Ruta": 158 }, "geometry": { "type": "Point", "coordinates": [ -62.2143686, -31.5375327 ] } },
{ "type": "Feature", "properties": { "Name": "15.46", "P.K.": null, "Al.Dist. Izq.": 30, "Al.Dist. Der.": 30, "Ruta": 158 }, "geometry": { "type": "Point", "coordinates": [ -62.2142626, -31.5376236 ] } },
{ "type": "Feature", "properties": { "Name": "15.52", "P.K.": null, "Al.Dist. Izq.": 30, "Al.Dist. Der.": 30, "Ruta": 158 }, "geometry": { "type": "Point", "coordinates": [ -62.2146266, -31.537964 ] } },
{ "type": "Feature", "properties": { "Name": "15.53", "P.K.": null, "Al.Dist. Izq.": 30, "Al.Dist. Der.": 30, "Ruta": 158 }, "geometry": { "type": "Point", "coordinates": [ -62.214803, -31.5379497 ] } },
{ "type": "Feature", "properties": { "Name": "15.62", "P.K.": null, "Al.Dist. Izq.": 30, "Al.Dist. Der.": 30, "Ruta": 158 }, "geometry": { "type": "Point", "coordinates": [ -62.2154106, -31.5385436 ] } },
{ "type": "Feature", "properties": { "Name": "15.7", "P.K.": null, "Al.Dist. Izq.": 30, "Al.Dist. Der.": 30, "Ruta": 158 }, "geometry": { "type": "Point", "coordinates": [ -62.21597, -31.5391 ] } },
{ "type": "Feature", "properties": { "Name": "15.83", "P.K.": null, "Al.Dist. Izq.": 30, "Al.Dist. Der.": 30, "Ruta": 158 }, "geometry": { "type": "Point", "coordinates": [ -62.2169518, -31.5399166 ] } },
{ "type": "Feature", "properties": { "Name": "15.84", "P.K.": null, "Al.Dist. Izq.": 30, "Al.Dist. Der.": 30, "Ruta": 158 }, "geometry": { "type": "Point", "coordinates": [ -62.21711, -31.53985 ] } },
{ "type": "Feature", "properties": { "Name": "16", "P.K.": "PK16", "Al.Dist. Izq.": 30, "Al.Dist. Der.": 30, "Ruta": 158 }, "geometry": { "type": "Point", "coordinates": [ -62.2185137, -31.5407563 ] } },
{ "type": "Feature", "properties": { "Name": "16.03", "P.K.": null, "Al.Dist. Izq.": 30, "Al.Dist. Der.": 30, "Ruta": 158 }, "geometry": { "type": "Point", "coordinates": [ -62.2187871, -31.5408587 ] } },
{ "type": "Feature", "properties": { "Name": "16.13", "P.K.": null, "Al.Dist. Izq.": 30, "Al.Dist. Der.": 30, "Ruta": 158 }, "geometry": { "type": "Point", "coordinates": [ -62.21964, -31.54136 ] } },
{ "type": "Feature", "properties": { "Name": "16.3", "P.K.": null, "Al.Dist. Izq.": 30, "Al.Dist. Der.": 30, "Ruta": 158 }, "geometry": { "type": "Point", "coordinates": [ -62.2210826, -31.5424209 ] } },
{ "type": "Feature", "properties": { "Name": "16.3", "P.K.": null, "Al.Dist. Izq.": null, "Al.Dist. Der.": 20, "Ruta": 158 }, "geometry": { "type": "Point", "coordinates": [ -62.2210826, -31.5424209 ] } },
{ "type": "Feature", "properties": { "Name": "16.46", "P.K.": null, "Al.Dist. Izq.": null, "Al.Dist. Der.": 20, "Ruta": 158 }, "geometry": { "type": "Point", "coordinates": [ -62.221644, -31.5437387 ] } },
{ "type": "Feature", "properties": { "Name": "16.51", "P.K.": null, "Al.Dist. Izq.": null, "Al.Dist. Der.": 20, "Ruta": 158 }, "geometry": { "type": "Point", "coordinates": [ -62.2216775, -31.5441877 ] } },
{ "type": "Feature", "properties": { "Name": "16.59", "P.K.": null, "Al.Dist. Izq.": null, "Al.Dist. Der.": 20, "Ruta": 158 }, "geometry": { "type": "Point", "coordinates": [ -62.2216, -31.5449 ] } },
{ "type": "Feature", "properties": { "Name": "16.62", "P.K.": null, "Al.Dist. Izq.": null, "Al.Dist. Der.": 20, "Ruta": 158 }, "geometry": { "type": "Point", "coordinates": [ -62.2215508, -31.5452131 ] } },
{ "type": "Feature", "properties": { "Name": "16.66", "P.K.": null, "Al.Dist. Izq.": null, "Al.Dist. Der.": 20, "Ruta": 158 }, "geometry": { "type": "Point", "coordinates": [ -62.2215045, -31.5455091 ] } },
{ "type": "Feature", "properties": { "Name": "16.77", "P.K.": null, "Al.Dist. Izq.": null, "Al.Dist. Der.": 20, "Ruta": 158 }, "geometry": { "type": "Point", "coordinates": [ -62.22148, -31.54665 ] } },
{ "type": "Feature", "properties": { "Name": "16.78", "P.K.": null, "Al.Dist. Izq.": null, "Al.Dist. Der.": 20, "Ruta": 158 }, "geometry": { "type": "Point", "coordinates": [ -62.2214948, -31.5466729 ] } },
{ "type": "Feature", "properties": { "Name": "16.83", "P.K.": null, "Al.Dist. Izq.": null, "Al.Dist. Der.": 20, "Ruta": 158 }, "geometry": { "type": "Point", "coordinates": [ -62.2216115, -31.5471755 ] } },
{ "type": "Feature", "properties": { "Name": "16.9", "P.K.": null, "Al.Dist. Izq.": null, "Al.Dist. Der.": 20, "Ruta": 158 }, "geometry": { "type": "Point", "coordinates": [ -62.221641, -31.5477915 ] } },
{ "type": "Feature", "properties": { "Name": "16.93", "P.K.": null, "Al.Dist. Izq.": null, "Al.Dist. Der.": 20, "Ruta": 158 }, "geometry": { "type": "Point", "coordinates": [ -62.2217848, -31.5480166 ] } },
{ "type": "Feature", "properties": { "Name": "16.96", "P.K.": null, "Al.Dist. Izq.": null, "Al.Dist. Der.": 20, "Ruta": 158 }, "geometry": { "type": "Point", "coordinates": [ -62.2218438, -31.5482569 ] } },
{ "type": "Feature", "properties": { "Name": "16.97", "P.K.": null, "Al.Dist. Izq.": null, "Al.Dist. Der.": 20, "Ruta": 158 }, "geometry": { "type": "Point", "coordinates": [ -62.2218814, -31.5483362 ] } },
{ "type": "Feature", "properties": { "Name": "16.99", "P.K.": null, "Al.Dist. Izq.": null, "Al.Dist. Der.": 20, "Ruta": 158 }, "geometry": { "type": "Point", "coordinates": [ -62.221845, -31.5485335 ] } },
{ "type": "Feature", "properties": { "Name": "17", "P.K.": "PK17", "Al.Dist. Izq.": null, "Al.Dist. Der.": 20, "Ruta": 158 }, "geometry": { "type": "Point", "coordinates": [ -62.2219354, -31.5486104 ] } },
{ "type": "Feature", "properties": { "Name": "17.02", "P.K.": null, "Al.Dist. Izq.": null, "Al.Dist. Der.": 20, "Ruta": 158 }, "geometry": { "type": "Point", "coordinates": [ -62.2219716, -31.5488164 ] } },
{ "type": "Feature", "properties": { "Name": "17.06", "P.K.": null, "Al.Dist. Izq.": null, "Al.Dist. Der.": 20, "Ruta": 158 }, "geometry": { "type": "Point", "coordinates": [ -62.2220864, -31.5491377 ] } },
{ "type": "Feature", "properties": { "Name": "17.1", "P.K.": null, "Al.Dist. Izq.": null, "Al.Dist. Der.": 20, "Ruta": 158 }, "geometry": { "type": "Point", "coordinates": [ -62.2221647, -31.5495544 ] } },
{ "type": "Feature", "properties": { "Name": "17.11", "P.K.": null, "Al.Dist. Izq.": null, "Al.Dist. Der.": 20, "Ruta": 158 }, "geometry": { "type": "Point", "coordinates": [ -62.2221, -31.5496 ] } },
{ "type": "Feature", "properties": { "Name": "17.14", "P.K.": null, "Al.Dist. Izq.": null, "Al.Dist. Der.": 20, "Ruta": 158 }, "geometry": { "type": "Point", "coordinates": [ -62.2222053, -31.5498501 ] } },
{ "type": "Feature", "properties": { "Name": "17.16", "P.K.": null, "Al.Dist. Izq.": null, "Al.Dist. Der.": 20, "Ruta": 158 }, "geometry": { "type": "Point", "coordinates": [ -62.2223, -31.5501 ] } },
{ "type": "Feature", "properties": { "Name": "17.16", "P.K.": null, "Al.Dist. Izq.": null, "Al.Dist. Der.": 20, "Ruta": 158 }, "geometry": { "type": "Point", "coordinates": [ -62.2222589, -31.550049 ] } },
{ "type": "Feature", "properties": { "Name": "17.16", "P.K.": null, "Al.Dist. Izq.": null, "Al.Dist. Der.": 20, "Ruta": 158 }, "geometry": { "type": "Point", "coordinates": [ -62.2222, -31.5501 ] } },
{ "type": "Feature", "properties": { "Name": "17.23", "P.K.": null, "Al.Dist. Izq.": null, "Al.Dist. Der.": 20, "Ruta": 158 }, "geometry": { "type": "Point", "coordinates": [ -62.2224195, -31.5506907 ] } },
{ "type": "Feature", "properties": { "Name": "17.26", "P.K.": null, "Al.Dist. Izq.": null, "Al.Dist. Der.": 20, "Ruta": 158 }, "geometry": { "type": "Point", "coordinates": [ -62.2224782, -31.550963 ] } },
{ "type": "Feature", "properties": { "Name": "17.29", "P.K.": null, "Al.Dist. Izq.": null, "Al.Dist. Der.": 20, "Ruta": 158 }, "geometry": { "type": "Point", "coordinates": [ -62.2225443, -31.551188 ] } },
{ "type": "Feature", "properties": { "Name": "17.29", "P.K.": null, "Al.Dist. Izq.": null, "Al.Dist. Der.": 20, "Ruta": 158 }, "geometry": { "type": "Point", "coordinates": [ -62.2225234, -31.5512344 ] } },
{ "type": "Feature", "properties": { "Name": "17.33", "P.K.": null, "Al.Dist. Izq.": null, "Al.Dist. Der.": 20, "Ruta": 158 }, "geometry": { "type": "Point", "coordinates": [ -62.2225757, -31.551563 ] } },
{ "type": "Feature", "properties": { "Name": "17.37", "P.K.": null, "Al.Dist. Izq.": null, "Al.Dist. Der.": 20, "Ruta": 158 }, "geometry": { "type": "Point", "coordinates": [ -62.2227, -31.5519 ] } },
{ "type": "Feature", "properties": { "Name": "17.47", "P.K.": null, "Al.Dist. Izq.": null, "Al.Dist. Der.": 20, "Ruta": 158 }, "geometry": { "type": "Point", "coordinates": [ -62.22291, -31.5528 ] } },
{ "type": "Feature", "properties": { "Name": "17.49", "P.K.": null, "Al.Dist. Izq.": null, "Al.Dist. Der.": 20, "Ruta": 158 }, "geometry": { "type": "Point", "coordinates": [ -62.2229943, -31.5529845 ] } },
{ "type": "Feature", "properties": { "Name": "17.54", "P.K.": null, "Al.Dist. Izq.": 15, "Al.Dist. Der.": null, "Ruta": 158 }, "geometry": { "type": "Point", "coordinates": [ -62.2231055, -31.5533509 ] } },
{ "type": "Feature", "properties": { "Name": "17.73", "P.K.": null, "Al.Dist. Izq.": 15, "Al.Dist. Der.": null, "Ruta": 158 }, "geometry": { "type": "Point", "coordinates": [ -62.224574, -31.5543389 ] } },
{ "type": "Feature", "properties": { "Name": "17.82", "P.K.": null, "Al.Dist. Izq.": 15, "Al.Dist. Der.": null, "Ruta": 158 }, "geometry": { "type": "Point", "coordinates": [ -62.22561, -31.55437 ] } },
{ "type": "Feature", "properties": { "Name": "17.93", "P.K.": null, "Al.Dist. Izq.": 15, "Al.Dist. Der.": null, "Ruta": 158 }, "geometry": { "type": "Point", "coordinates": [ -62.226708, -31.5541285 ] } },
{ "type": "Feature", "properties": { "Name": "18", "P.K.": "PK18", "Al.Dist. Izq.": 15, "Al.Dist. Der.": null, "Ruta": 158 }, "geometry": { "type": "Point", "coordinates": [ -62.2274732, -31.5541154 ] } },
{ "type": "Feature", "properties": { "Name": "18.03", "P.K.": null, "Al.Dist. Izq.": 15, "Al.Dist. Der.": null, "Ruta": 158 }, "geometry": { "type": "Point", "coordinates": [ -62.2277453, -31.5540545 ] } },
{ "type": "Feature", "properties": { "Name": "18.03", "P.K.": null, "Al.Dist. Izq.": 15, "Al.Dist. Der.": null, "Ruta": 158 }, "geometry": { "type": "Point", "coordinates": [ -62.2277528, -31.5540695 ] } },
{ "type": "Feature", "properties": { "Name": "18.19", "P.K.": null, "Al.Dist. Izq.": 15, "Al.Dist. Der.": null, "Ruta": 158 }, "geometry": { "type": "Point", "coordinates": [ -62.2293718, -31.5536617 ] } },
{ "type": "Feature", "properties": { "Name": "18.35", "P.K.": null, "Al.Dist. Izq.": 15, "Al.Dist. Der.": null, "Ruta": 158 }, "geometry": { "type": "Point", "coordinates": [ -62.2310331, -31.5534386 ] } },
{ "type": "Feature", "properties": { "Name": "18.38", "P.K.": null, "Al.Dist. Izq.": 15, "Al.Dist. Der.": null, "Ruta": 158 }, "geometry": { "type": "Point", "coordinates": [ -62.2313935, -31.5535621 ] } },
{ "type": "Feature", "properties": { "Name": "18.46", "P.K.": null, "Al.Dist. Izq.": 15, "Al.Dist. Der.": null, "Ruta": 158 }, "geometry": { "type": "Point", "coordinates": [ -62.2321667, -31.5532228 ] } },
{ "type": "Feature", "properties": { "Name": "18.48", "P.K.": null, "Al.Dist. Izq.": 15, "Al.Dist. Der.": null, "Ruta": 158 }, "geometry": { "type": "Point", "coordinates": [ -62.232387, -31.5531892 ] } },
{ "type": "Feature", "properties": { "Name": "18.48", "P.K.": null, "Al.Dist. Izq.": 25, "Al.Dist. Der.": 15, "Ruta": 158 }, "geometry": { "type": "Point", "coordinates": [ -62.232387, -31.5531892 ] } },
{ "type": "Feature", "properties": { "Name": "18.54", "P.K.": null, "Al.Dist. Izq.": 25, "Al.Dist. Der.": 15, "Ruta": 158 }, "geometry": { "type": "Point", "coordinates": [ -62.23303, -31.55317 ] } },
{ "type": "Feature", "properties": { "Name": "18.55", "P.K.": null, "Al.Dist. Izq.": 25, "Al.Dist. Der.": 15, "Ruta": 158 }, "geometry": { "type": "Point", "coordinates": [ -62.2331245, -31.5531901 ] } },
{ "type": "Feature", "properties": { "Name": "18.65", "P.K.": null, "Al.Dist. Izq.": 25, "Al.Dist. Der.": 15, "Ruta": 158 }, "geometry": { "type": "Point", "coordinates": [ -62.2341102, -31.5534698 ] } },
{ "type": "Feature", "properties": { "Name": "18.8", "P.K.": null, "Al.Dist. Izq.": 25, "Al.Dist. Der.": 15, "Ruta": 158 }, "geometry": { "type": "Point", "coordinates": [ -62.2354688, -31.5540443 ] } },
{ "type": "Feature", "properties": { "Name": "18.91", "P.K.": null, "Al.Dist. Izq.": 25, "Al.Dist. Der.": 15, "Ruta": 158 }, "geometry": { "type": "Point", "coordinates": [ -62.2365042, -31.5544823 ] } },
{ "type": "Feature", "properties": { "Name": "18.96", "P.K.": null, "Al.Dist. Izq.": 25, "Al.Dist. Der.": 15, "Ruta": 158 }, "geometry": { "type": "Point", "coordinates": [ -62.23696, -31.55477 ] } },
{ "type": "Feature", "properties": { "Name": "18.99", "P.K.": null, "Al.Dist. Izq.": 25, "Al.Dist. Der.": 15, "Ruta": 158 }, "geometry": { "type": "Point", "coordinates": [ -62.2371623, -31.5549414 ] } },
{ "type": "Feature", "properties": { "Name": "18.99", "P.K.": null, "Al.Dist. Izq.": 25, "Al.Dist. Der.": 15, "Ruta": 158 }, "geometry": { "type": "Point", "coordinates": [ -62.2372109, -31.5548986 ] } },
{ "type": "Feature", "properties": { "Name": "19", "P.K.": "PK19", "Al.Dist. Izq.": 25, "Al.Dist. Der.": 15, "Ruta": 158 }, "geometry": { "type": "Point", "coordinates": [ -62.2372702, -31.5549347 ] } },
{ "type": "Feature", "properties": { "Name": "19.22", "P.K.": null, "Al.Dist. Izq.": 25, "Al.Dist. Der.": 15, "Ruta": 158 }, "geometry": { "type": "Point", "coordinates": [ -62.23918, -31.5563297 ] } },
{ "type": "Feature", "properties": { "Name": "19.41", "P.K.": null, "Al.Dist. Izq.": 25, "Al.Dist. Der.": 15, "Ruta": 158 }, "geometry": { "type": "Point", "coordinates": [ -62.2410156, -31.5571915 ] } },
{ "type": "Feature", "properties": { "Name": "19.41", "P.K.": null, "Al.Dist. Izq.": 30, "Al.Dist. Der.": 30, "Ruta": 158 }, "geometry": { "type": "Point", "coordinates": [ -62.2410156, -31.5571915 ] } },
{ "type": "Feature", "properties": { "Name": "19.68", "P.K.": null, "Al.Dist. Izq.": 30, "Al.Dist. Der.": 30, "Ruta": 158 }, "geometry": { "type": "Point", "coordinates": [ -62.2434114, -31.5586777 ] } },
{ "type": "Feature", "properties": { "Name": "19.77", "P.K.": null, "Al.Dist. Izq.": 30, "Al.Dist. Der.": 30, "Ruta": 158 }, "geometry": { "type": "Point", "coordinates": [ -62.2441748, -31.5591251 ] } },
{ "type": "Feature", "properties": { "Name": "20", "P.K.": "PK20", "Al.Dist. Izq.": 30, "Al.Dist. Der.": 30, "Ruta": 158 }, "geometry": { "type": "Point", "coordinates": [ -62.2461376, -31.5604702 ] } },
{ "type": "Feature", "properties": { "Name": "20.03", "P.K.": null, "Al.Dist. Izq.": 30, "Al.Dist. Der.": 30, "Ruta": 158 }, "geometry": { "type": "Point", "coordinates": [ -62.2465815, -31.560545 ] } },
{ "type": "Feature", "properties": { "Name": "20.05", "P.K.": null, "Al.Dist. Izq.": 30, "Al.Dist. Der.": 30, "Ruta": 158 }, "geometry": { "type": "Point", "coordinates": [ -62.2468, -31.5608 ] } },
{ "type": "Feature", "properties": { "Name": "20.13", "P.K.": null, "Al.Dist. Izq.": 30, "Al.Dist. Der.": 30, "Ruta": 158 }, "geometry": { "type": "Point", "coordinates": [ -62.2477352, -31.5613381 ] } },
{ "type": "Feature", "properties": { "Name": "20.7", "P.K.": null, "Al.Dist. Izq.": 30, "Al.Dist. Der.": 30, "Ruta": 158 }, "geometry": { "type": "Point", "coordinates": [ -62.2547826, -31.5656306 ] } },
{ "type": "Feature", "properties": { "Name": "20.99", "P.K.": null, "Al.Dist. Izq.": 30, "Al.Dist. Der.": 30, "Ruta": 158 }, "geometry": { "type": "Point", "coordinates": [ -62.2583, -31.5677 ] } },
{ "type": "Feature", "properties": { "Name": "20.99", "P.K.": null, "Al.Dist. Izq.": 30, "Al.Dist. Der.": 30, "Ruta": 158 }, "geometry": { "type": "Point", "coordinates": [ -62.2583, -31.5677 ] } },
{ "type": "Feature", "properties": { "Name": "21", "P.K.": "PK21", "Al.Dist. Izq.": 30, "Al.Dist. Der.": 30, "Ruta": 158 }, "geometry": { "type": "Point", "coordinates": [ -62.258462, -31.567786 ] } },
{ "type": "Feature", "properties": { "Name": "21.55", "P.K.": null, "Al.Dist. Izq.": 30, "Al.Dist. Der.": 30, "Ruta": 158 }, "geometry": { "type": "Point", "coordinates": [ -62.263674, -31.570975 ] } },
{ "type": "Feature", "properties": { "Name": "21.71", "P.K.": null, "Al.Dist. Izq.": 30, "Al.Dist. Der.": 30, "Ruta": 158 }, "geometry": { "type": "Point", "coordinates": [ -62.2652085, -31.5719676 ] } },
{ "type": "Feature", "properties": { "Name": "21.79", "P.K.": null, "Al.Dist. Izq.": 30, "Al.Dist. Der.": 30, "Ruta": 158 }, "geometry": { "type": "Point", "coordinates": [ -62.2660011, -31.5723337 ] } },
{ "type": "Feature", "properties": { "Name": "22", "P.K.": "PK22", "Al.Dist. Izq.": 30, "Al.Dist. Der.": 30, "Ruta": 158 }, "geometry": { "type": "Point", "coordinates": [ -62.2679168, -31.5735911 ] } },
{ "type": "Feature", "properties": { "Name": "22.32", "P.K.": null, "Al.Dist. Izq.": 30, "Al.Dist. Der.": 30, "Ruta": 158 }, "geometry": { "type": "Point", "coordinates": [ -62.2706085, -31.5752874 ] } },
{ "type": "Feature", "properties": { "Name": "23", "P.K.": "PK23", "Al.Dist. Izq.": 30, "Al.Dist. Der.": 30, "Ruta": 158 }, "geometry": { "type": "Point", "coordinates": [ -62.2763247, -31.5786121 ] } },
{ "type": "Feature", "properties": { "Name": "23.14", "P.K.": null, "Al.Dist. Izq.": 30, "Al.Dist. Der.": 30, "Ruta": 158 }, "geometry": { "type": "Point", "coordinates": [ -62.2775443, -31.5793567 ] } },
{ "type": "Feature", "properties": { "Name": "23.16", "P.K.": null, "Al.Dist. Izq.": 30, "Al.Dist. Der.": 30, "Ruta": 158 }, "geometry": { "type": "Point", "coordinates": [ -62.2776641, -31.57942 ] } },
{ "type": "Feature", "properties": { "Name": "23.16", "P.K.": null, "Al.Dist. Izq.": 55, "Al.Dist. Der.": 13, "Ruta": 158 }, "geometry": { "type": "Point", "coordinates": [ -62.2776641, -31.57942 ] } },
{ "type": "Feature", "properties": { "Name": "23.6", "P.K.": null, "Al.Dist. Izq.": 55, "Al.Dist. Der.": 13, "Ruta": 158 }, "geometry": { "type": "Point", "coordinates": [ -62.2813506, -31.5816819 ] } },
{ "type": "Feature", "properties": { "Name": "23.6", "P.K.": null, "Al.Dist. Izq.": 55, "Al.Dist. Der.": 13, "Ruta": 158 }, "geometry": { "type": "Point", "coordinates": [ -62.2813936, -31.581645 ] } },
{ "type": "Feature", "properties": { "Name": "23.7", "P.K.": null, "Al.Dist. Izq.": 55, "Al.Dist. Der.": 13, "Ruta": 158 }, "geometry": { "type": "Point", "coordinates": [ -62.2822691, -31.5821773 ] } },
{ "type": "Feature", "properties": { "Name": "23.7", "P.K.": null, "Al.Dist. Izq.": 55, "Al.Dist. Der.": 13, "Ruta": 158 }, "geometry": { "type": "Point", "coordinates": [ -62.2822768, -31.5821853 ] } },
{ "type": "Feature", "properties": { "Name": "23.85", "P.K.": null, "Al.Dist. Izq.": 55, "Al.Dist. Der.": 13, "Ruta": 158 }, "geometry": { "type": "Point", "coordinates": [ -62.2834283, -31.5828881 ] } },
{ "type": "Feature", "properties": { "Name": "23.92", "P.K.": null, "Al.Dist. Izq.": 55, "Al.Dist. Der.": 13, "Ruta": 158 }, "geometry": { "type": "Point", "coordinates": [ -62.2840007, -31.5834615 ] } },
{ "type": "Feature", "properties": { "Name": "23.97", "P.K.": null, "Al.Dist. Izq.": 55, "Al.Dist. Der.": 13, "Ruta": 158 }, "geometry": { "type": "Point", "coordinates": [ -62.2844486, -31.5836015 ] } },
{ "type": "Feature", "properties": { "Name": "24", "P.K.": "PK24", "Al.Dist. Izq.": 55, "Al.Dist. Der.": 13, "Ruta": 158 }, "geometry": { "type": "Point", "coordinates": [ -62.2846907, -31.5837354 ] } },
{ "type": "Feature", "properties": { "Name": "24.09", "P.K.": null, "Al.Dist. Izq.": 55, "Al.Dist. Der.": 13, "Ruta": 158 }, "geometry": { "type": "Point", "coordinates": [ -62.2855431, -31.5841205 ] } },
{ "type": "Feature", "properties": { "Name": "24.09", "P.K.": null, "Al.Dist. Izq.": 55, "Al.Dist. Der.": 13, "Ruta": 158 }, "geometry": { "type": "Point", "coordinates": [ -62.2855014, -31.5841616 ] } },
{ "type": "Feature", "properties": { "Name": "24.36", "P.K.": null, "Al.Dist. Izq.": 55, "Al.Dist. Der.": 13, "Ruta": 158 }, "geometry": { "type": "Point", "coordinates": [ -62.2878516, -31.5855173 ] } },
{ "type": "Feature", "properties": { "Name": "25", "P.K.": "PK25", "Al.Dist. Izq.": 55, "Al.Dist. Der.": 13, "Ruta": 158 }, "geometry": { "type": "Point", "coordinates": [ -62.2932724, -31.5888019 ] } },
{ "type": "Feature", "properties": { "Name": "25.07", "P.K.": null, "Al.Dist. Izq.": 55, "Al.Dist. Der.": 13, "Ruta": 158 }, "geometry": { "type": "Point", "coordinates": [ -62.2939034, -31.5891953 ] } },
{ "type": "Feature", "properties": { "Name": "25.21", "P.K.": null, "Al.Dist. Izq.": 55, "Al.Dist. Der.": 13, "Ruta": 158 }, "geometry": { "type": "Point", "coordinates": [ -62.295, -31.5898 ] } },
{ "type": "Feature", "properties": { "Name": "25.22", "P.K.": null, "Al.Dist. Izq.": 55, "Al.Dist. Der.": 13, "Ruta": 158 }, "geometry": { "type": "Point", "coordinates": [ -62.2951, -31.59 ] } },
{ "type": "Feature", "properties": { "Name": "25.44", "P.K.": null, "Al.Dist. Izq.": 55, "Al.Dist. Der.": 13, "Ruta": 158 }, "geometry": { "type": "Point", "coordinates": [ -62.2967559, -31.5914064 ] } },
{ "type": "Feature", "properties": { "Name": "25.89", "P.K.": null, "Al.Dist. Izq.": 55, "Al.Dist. Der.": 13, "Ruta": 158 }, "geometry": { "type": "Point", "coordinates": [ -62.3008032, -31.5933567 ] } },
{ "type": "Feature", "properties": { "Name": "27", "P.K.": "PK27", "Al.Dist. Izq.": 55, "Al.Dist. Der.": 13, "Ruta": 158 }, "geometry": { "type": "Point", "coordinates": [ -62.3100251, -31.598948 ] } },
{ "type": "Feature", "properties": { "Name": "27.14", "P.K.": null, "Al.Dist. Izq.": 55, "Al.Dist. Der.": 13, "Ruta": 158 }, "geometry": { "type": "Point", "coordinates": [ -62.3113, -31.5997 ] } },
{ "type": "Feature", "properties": { "Name": "27.15", "P.K.": null, "Al.Dist. Izq.": 55, "Al.Dist. Der.": 13, "Ruta": 158 }, "geometry": { "type": "Point", "coordinates": [ -62.3113478, -31.5997371 ] } },
{ "type": "Feature", "properties": { "Name": "27.95", "P.K.": null, "Al.Dist. Izq.": 55, "Al.Dist. Der.": 13, "Ruta": 158 }, "geometry": { "type": "Point", "coordinates": [ -62.3180032, -31.6037944 ] } },
{ "type": "Feature", "properties": { "Name": "28", "P.K.": "PK28", "Al.Dist. Izq.": 55, "Al.Dist. Der.": 13, "Ruta": 158 }, "geometry": { "type": "Point", "coordinates": [ -62.3183135, -31.6042008 ] } },
{ "type": "Feature", "properties": { "Name": "28.46", "P.K.": null, "Al.Dist. Izq.": 55, "Al.Dist. Der.": 13, "Ruta": 158 }, "geometry": { "type": "Point", "coordinates": [ -62.3223702, -31.6064229 ] } },
{ "type": "Feature", "properties": { "Name": "28.56", "P.K.": null, "Al.Dist. Izq.": 55, "Al.Dist. Der.": 13, "Ruta": 158 }, "geometry": { "type": "Point", "coordinates": [ -62.3231, -31.607 ] } },
{ "type": "Feature", "properties": { "Name": "28.57", "P.K.": null, "Al.Dist. Izq.": 55, "Al.Dist. Der.": 13, "Ruta": 158 }, "geometry": { "type": "Point", "coordinates": [ -62.3232102, -31.6069695 ] } },
{ "type": "Feature", "properties": { "Name": "28.58", "P.K.": null, "Al.Dist. Izq.": 55, "Al.Dist. Der.": 13, "Ruta": 158 }, "geometry": { "type": "Point", "coordinates": [ -62.3233, -31.607 ] } },
{ "type": "Feature", "properties": { "Name": "28.66", "P.K.": null, "Al.Dist. Izq.": 55, "Al.Dist. Der.": 13, "Ruta": 158 }, "geometry": { "type": "Point", "coordinates": [ -62.3239113, -31.6076388 ] } },
{ "type": "Feature", "properties": { "Name": "29", "P.K.": "PK29", "Al.Dist. Izq.": 55, "Al.Dist. Der.": 13, "Ruta": 158 }, "geometry": { "type": "Point", "coordinates": [ -62.3268976, -31.609165 ] } },
{ "type": "Feature", "properties": { "Name": "29.48", "P.K.": null, "Al.Dist. Izq.": 55, "Al.Dist. Der.": 13, "Ruta": 158 }, "geometry": { "type": "Point", "coordinates": [ -62.3308746, -31.6117029 ] } },
{ "type": "Feature", "properties": { "Name": "29.96", "P.K.": null, "Al.Dist. Izq.": 55, "Al.Dist. Der.": 13, "Ruta": 158 }, "geometry": { "type": "Point", "coordinates": [ -62.3349231, -31.6140892 ] } },
{ "type": "Feature", "properties": { "Name": "29.97", "P.K.": null, "Al.Dist. Izq.": 55, "Al.Dist. Der.": 13, "Ruta": 158 }, "geometry": { "type": "Point", "coordinates": [ -62.3349, -31.6142 ] } },
{ "type": "Feature", "properties": { "Name": "30", "P.K.": "PK30", "Al.Dist. Izq.": 55, "Al.Dist. Der.": 13, "Ruta": 158 }, "geometry": { "type": "Point", "coordinates": [ -62.3352355, -31.6143638 ] } },
{ "type": "Feature", "properties": { "Name": "30.52", "P.K.": null, "Al.Dist. Izq.": 55, "Al.Dist. Der.": 13, "Ruta": 158 }, "geometry": { "type": "Point", "coordinates": [ -62.3395518, -31.6168161 ] } },
{ "type": "Feature", "properties": { "Name": "31", "P.K.": "PK31", "Al.Dist. Izq.": 55, "Al.Dist. Der.": 13, "Ruta": 158 }, "geometry": { "type": "Point", "coordinates": [ -62.3436244, -31.6192928 ] } },
{ "type": "Feature", "properties": { "Name": "31.81", "P.K.": null, "Al.Dist. Izq.": 55, "Al.Dist. Der.": 13, "Ruta": 158 }, "geometry": { "type": "Point", "coordinates": [ -62.3504651, -31.6232224 ] } },
{ "type": "Feature", "properties": { "Name": "32", "P.K.": "PK32", "Al.Dist. Izq.": 55, "Al.Dist. Der.": 13, "Ruta": 158 }, "geometry": { "type": "Point", "coordinates": [ -62.3520232, -31.6244723 ] } },
{ "type": "Feature", "properties": { "Name": "32.43", "P.K.": null, "Al.Dist. Izq.": 55, "Al.Dist. Der.": 13, "Ruta": 158 }, "geometry": { "type": "Point", "coordinates": [ -62.3556583, -31.6265594 ] } },
{ "type": "Feature", "properties": { "Name": "32.65", "P.K.": null, "Al.Dist. Izq.": 55, "Al.Dist. Der.": 13, "Ruta": 158 }, "geometry": { "type": "Point", "coordinates": [ -62.3574618, -31.6277966 ] } },
{ "type": "Feature", "properties": { "Name": "32.76", "P.K.": null, "Al.Dist. Izq.": 55, "Al.Dist. Der.": 13, "Ruta": 158 }, "geometry": { "type": "Point", "coordinates": [ -62.3583947, -31.6282388 ] } },
{ "type": "Feature", "properties": { "Name": "32.85", "P.K.": null, "Al.Dist. Izq.": 55, "Al.Dist. Der.": 13, "Ruta": 158 }, "geometry": { "type": "Point", "coordinates": [ -62.3591, -31.6288 ] } },
{ "type": "Feature", "properties": { "Name": "32.86", "P.K.": null, "Al.Dist. Izq.": 55, "Al.Dist. Der.": 13, "Ruta": 158 }, "geometry": { "type": "Point", "coordinates": [ -62.3593, -31.6287 ] } },
{ "type": "Feature", "properties": { "Name": "32.9", "P.K.": null, "Al.Dist. Izq.": 55, "Al.Dist. Der.": 13, "Ruta": 158 }, "geometry": { "type": "Point", "coordinates": [ -62.3595884, -31.6289502 ] } },
{ "type": "Feature", "properties": { "Name": "32.96", "P.K.": null, "Al.Dist. Izq.": 55, "Al.Dist. Der.": 13, "Ruta": 158 }, "geometry": { "type": "Point", "coordinates": [ -62.3600366, -31.6294644 ] } },
{ "type": "Feature", "properties": { "Name": "33", "P.K.": "PK33", "Al.Dist. Izq.": 55, "Al.Dist. Der.": 13, "Ruta": 158 }, "geometry": { "type": "Point", "coordinates": [ -62.3605173, -31.6295213 ] } },
{ "type": "Feature", "properties": { "Name": "33.01", "P.K.": null, "Al.Dist. Izq.": 55, "Al.Dist. Der.": 13, "Ruta": 158 }, "geometry": { "type": "Point", "coordinates": [ -62.360586, -31.6295716 ] } },
{ "type": "Feature", "properties": { "Name": "33.06", "P.K.": null, "Al.Dist. Izq.": 55, "Al.Dist. Der.": 13, "Ruta": 158 }, "geometry": { "type": "Point", "coordinates": [ -62.3609, -31.62982 ] } },
{ "type": "Feature", "properties": { "Name": "33.17", "P.K.": null, "Al.Dist. Izq.": 55, "Al.Dist. Der.": 13, "Ruta": 158 }, "geometry": { "type": "Point", "coordinates": [ -62.3615239, -31.6304059 ] } },
{ "type": "Feature", "properties": { "Name": "33.24", "P.K.": null, "Al.Dist. Izq.": 55, "Al.Dist. Der.": 13, "Ruta": 158 }, "geometry": { "type": "Point", "coordinates": [ -62.3618494, -31.6308786 ] } },
{ "type": "Feature", "properties": { "Name": "33.33", "P.K.": null, "Al.Dist. Izq.": 55, "Al.Dist. Der.": 13, "Ruta": 158 }, "geometry": { "type": "Point", "coordinates": [ -62.36237, -31.63129 ] } },
{ "type": "Feature", "properties": { "Name": "33.38", "P.K.": null, "Al.Dist. Izq.": 55, "Al.Dist. Der.": 13, "Ruta": 158 }, "geometry": { "type": "Point", "coordinates": [ -62.3628, -31.6315 ] } },
{ "type": "Feature", "properties": { "Name": "33.39", "P.K.": null, "Al.Dist. Izq.": 55, "Al.Dist. Der.": 13, "Ruta": 158 }, "geometry": { "type": "Point", "coordinates": [ -62.3628241, -31.6315589 ] } },
{ "type": "Feature", "properties": { "Name": "33.42", "P.K.": null, "Al.Dist. Izq.": 55, "Al.Dist. Der.": 13, "Ruta": 158 }, "geometry": { "type": "Point", "coordinates": [ -62.3630829, -31.6316927 ] } },
{ "type": "Feature", "properties": { "Name": "33.48", "P.K.": null, "Al.Dist. Izq.": 55, "Al.Dist. Der.": 13, "Ruta": 158 }, "geometry": { "type": "Point", "coordinates": [ -62.3635246, -31.631976 ] } },
{ "type": "Feature", "properties": { "Name": "33.58", "P.K.": null, "Al.Dist. Izq.": 55, "Al.Dist. Der.": 13, "Ruta": 158 }, "geometry": { "type": "Point", "coordinates": [ -62.3641404, -31.6324096 ] } },
{ "type": "Feature", "properties": { "Name": "33.59", "P.K.": null, "Al.Dist. Izq.": 55, "Al.Dist. Der.": 13, "Ruta": 158 }, "geometry": { "type": "Point", "coordinates": [ -62.3642853, -31.6324238 ] } },
{ "type": "Feature", "properties": { "Name": "33.59", "P.K.": null, "Al.Dist. Izq.": 30, "Al.Dist. Der.": 15, "Ruta": 158 }, "geometry": { "type": "Point", "coordinates": [ -62.3642853, -31.6324238 ] } },
{ "type": "Feature", "properties": { "Name": "33.7", "P.K.": null, "Al.Dist. Izq.": 30, "Al.Dist. Der.": 15, "Ruta": 158 }, "geometry": { "type": "Point", "coordinates": [ -62.365096, -31.632915 ] } },
{ "type": "Feature", "properties": { "Name": "33.7", "P.K.": null, "Al.Dist. Izq.": 30, "Al.Dist. Der.": 15, "Ruta": 158 }, "geometry": { "type": "Point", "coordinates": [ -62.365096, -31.632915 ] } },
{ "type": "Feature", "properties": { "Name": "33.71", "P.K.": null, "Al.Dist. Izq.": 30, "Al.Dist. Der.": 15, "Ruta": 158 }, "geometry": { "type": "Point", "coordinates": [ -62.365166, -31.6330162 ] } },
{ "type": "Feature", "properties": { "Name": "33.73", "P.K.": null, "Al.Dist. Izq.": 30, "Al.Dist. Der.": 15, "Ruta": 158 }, "geometry": { "type": "Point", "coordinates": [ -62.365208, -31.6329731 ] } },
{ "type": "Feature", "properties": { "Name": "33.81", "P.K.": null, "Al.Dist. Izq.": 30, "Al.Dist. Der.": 15, "Ruta": 158 }, "geometry": { "type": "Point", "coordinates": [ -62.3658909, -31.6333624 ] } },
{ "type": "Feature", "properties": { "Name": "33.81", "P.K.": null, "Al.Dist. Izq.": 30, "Al.Dist. Der.": 15, "Ruta": 158 }, "geometry": { "type": "Point", "coordinates": [ -62.3658335, -31.6334401 ] } },
{ "type": "Feature", "properties": { "Name": "34", "P.K.": null, "Al.Dist. Izq.": 30, "Al.Dist. Der.": 15, "Ruta": 158 }, "geometry": { "type": "Point", "coordinates": [ -62.3674, -31.634 ] } },
{ "type": "Feature", "properties": { "Name": "34.02", "P.K.": null, "Al.Dist. Izq.": 30, "Al.Dist. Der.": 15, "Ruta": 158 }, "geometry": { "type": "Point", "coordinates": [ -62.3673379, -31.6341315 ] } },
{ "type": "Feature", "properties": { "Name": "34.06", "P.K.": null, "Al.Dist. Izq.": 30, "Al.Dist. Der.": 15, "Ruta": 158 }, "geometry": { "type": "Point", "coordinates": [ -62.3677, -31.63447 ] } },
{ "type": "Feature", "properties": { "Name": "34.15", "P.K.": null, "Al.Dist. Izq.": 30, "Al.Dist. Der.": 15, "Ruta": 158 }, "geometry": { "type": "Point", "coordinates": [ -62.3683806, -31.6347501 ] } },
{ "type": "Feature", "properties": { "Name": "34.37", "P.K.": null, "Al.Dist. Izq.": 30, "Al.Dist. Der.": 15, "Ruta": 158 }, "geometry": { "type": "Point", "coordinates": [ -62.3701, -31.63538 ] } },
{ "type": "Feature", "properties": { "Name": "34.38", "P.K.": null, "Al.Dist. Izq.": 30, "Al.Dist. Der.": 15, "Ruta": 158 }, "geometry": { "type": "Point", "coordinates": [ -62.3700285, -31.6355191 ] } },
{ "type": "Feature", "properties": { "Name": "34.42", "P.K.": null, "Al.Dist. Izq.": 30, "Al.Dist. Der.": 15, "Ruta": 158 }, "geometry": { "type": "Point", "coordinates": [ -62.3704291, -31.6355074 ] } },
{ "type": "Feature", "properties": { "Name": "34.54", "P.K.": null, "Al.Dist. Izq.": 30, "Al.Dist. Der.": 15, "Ruta": 158 }, "geometry": { "type": "Point", "coordinates": [ -62.3712919, -31.6360241 ] } },
{ "type": "Feature", "properties": { "Name": "34.54", "P.K.": null, "Al.Dist. Izq.": 40, "Al.Dist. Der.": 20, "Ruta": 158 }, "geometry": { "type": "Point", "coordinates": [ -62.3712919, -31.6360241 ] } },
{ "type": "Feature", "properties": { "Name": "34.61", "P.K.": null, "Al.Dist. Izq.": 40, "Al.Dist. Der.": 20, "Ruta": 158 }, "geometry": { "type": "Point", "coordinates": [ -62.3717159, -31.6365376 ] } },
{ "type": "Feature", "properties": { "Name": "34.92", "P.K.": null, "Al.Dist. Izq.": 40, "Al.Dist. Der.": 20, "Ruta": 158 }, "geometry": { "type": "Point", "coordinates": [ -62.3740827, -31.6377036 ] } },
{ "type": "Feature", "properties": { "Name": "35.78", "P.K.": null, "Al.Dist. Izq.": 40, "Al.Dist. Der.": 20, "Ruta": 158 }, "geometry": { "type": "Point", "coordinates": [ -62.3801862, -31.6414309 ] } },
{ "type": "Feature", "properties": { "Name": "36", "P.K.": "PK36", "Al.Dist. Izq.": 40, "Al.Dist. Der.": 20, "Ruta": 158 }, "geometry": { "type": "Point", "coordinates": [ -62.381626, -31.6424491 ] } },
{ "type": "Feature", "properties": { "Name": "36.11", "P.K.": null, "Al.Dist. Izq.": 40, "Al.Dist. Der.": 20, "Ruta": 158 }, "geometry": { "type": "Point", "coordinates": [ -62.3826, -31.6431 ] } },
{ "type": "Feature", "properties": { "Name": "36.12", "P.K.": null, "Al.Dist. Izq.": 40, "Al.Dist. Der.": 20, "Ruta": 158 }, "geometry": { "type": "Point", "coordinates": [ -62.382718, -31.6429974 ] } },
{ "type": "Feature", "properties": { "Name": "36.28", "P.K.": null, "Al.Dist. Izq.": 40, "Al.Dist. Der.": 20, "Ruta": 158 }, "geometry": { "type": "Point", "coordinates": [ -62.3841, -31.6439 ] } },
{ "type": "Feature", "properties": { "Name": "36.78", "P.K.": null, "Al.Dist. Izq.": 40, "Al.Dist. Der.": 20, "Ruta": 158 }, "geometry": { "type": "Point", "coordinates": [ -62.3883601, -31.6463497 ] } },
{ "type": "Feature", "properties": { "Name": "37.76", "P.K.": null, "Al.Dist. Izq.": 40, "Al.Dist. Der.": 20, "Ruta": 158 }, "geometry": { "type": "Point", "coordinates": [ -62.3967544, -31.651554 ] } },
{ "type": "Feature", "properties": { "Name": "37.77", "P.K.": null, "Al.Dist. Izq.": 40, "Al.Dist. Der.": 20, "Ruta": 158 }, "geometry": { "type": "Point", "coordinates": [ -62.3968, -31.6515 ] } },
{ "type": "Feature", "properties": { "Name": "38.33", "P.K.": null, "Al.Dist. Izq.": 40, "Al.Dist. Der.": 20, "Ruta": 158 }, "geometry": { "type": "Point", "coordinates": [ -62.4015803, -31.6544167 ] } },
{ "type": "Feature", "properties": { "Name": "39", "P.K.": "PK39", "Al.Dist. Izq.": 40, "Al.Dist. Der.": 20, "Ruta": 158 }, "geometry": { "type": "Point", "coordinates": [ -62.4072604, -31.6578992 ] } },
{ "type": "Feature", "properties": { "Name": "39.08", "P.K.": null, "Al.Dist. Izq.": 40, "Al.Dist. Der.": 20, "Ruta": 158 }, "geometry": { "type": "Point", "coordinates": [ -62.4080123, -31.6583546 ] } },
{ "type": "Feature", "properties": { "Name": "39.33", "P.K.": null, "Al.Dist. Izq.": 40, "Al.Dist. Der.": 20, "Ruta": 158 }, "geometry": { "type": "Point", "coordinates": [ -62.410092, -31.6596855 ] } },
{ "type": "Feature", "properties": { "Name": "39.6", "P.K.": null, "Al.Dist. Izq.": 40, "Al.Dist. Der.": 20, "Ruta": 158 }, "geometry": { "type": "Point", "coordinates": [ -62.4124942, -31.6610695 ] } },
{ "type": "Feature", "properties": { "Name": "39.61", "P.K.": null, "Al.Dist. Izq.": 40, "Al.Dist. Der.": 20, "Ruta": 158 }, "geometry": { "type": "Point", "coordinates": [ -62.4125, -31.6611 ] } },
{ "type": "Feature", "properties": { "Name": "41", "P.K.": "PK41", "Al.Dist. Izq.": 40, "Al.Dist. Der.": 20, "Ruta": 158 }, "geometry": { "type": "Point", "coordinates": [ -62.4244348, -31.6682579 ] } },
{ "type": "Feature", "properties": { "Name": "41.62", "P.K.": null, "Al.Dist. Izq.": 40, "Al.Dist. Der.": 20, "Ruta": 158 }, "geometry": { "type": "Point", "coordinates": [ -62.4295145, -31.6716677 ] } },
{ "type": "Feature", "properties": { "Name": "42", "P.K.": "PK42", "Al.Dist. Izq.": 40, "Al.Dist. Der.": 20, "Ruta": 158 }, "geometry": { "type": "Point", "coordinates": [ -62.432884, -31.6735681 ] } },
{ "type": "Feature", "properties": { "Name": "42.14", "P.K.": null, "Al.Dist. Izq.": 40, "Al.Dist. Der.": 20, "Ruta": 158 }, "geometry": { "type": "Point", "coordinates": [ -62.4341863, -31.6741354 ] } },
{ "type": "Feature", "properties": { "Name": "43.3", "P.K.": null, "Al.Dist. Izq.": 40, "Al.Dist. Der.": 20, "Ruta": 158 }, "geometry": { "type": "Point", "coordinates": [ -62.4442281, -31.6802103 ] } },
{ "type": "Feature", "properties": { "Name": "43.32", "P.K.": null, "Al.Dist. Izq.": 40, "Al.Dist. Der.": 20, "Ruta": 158 }, "geometry": { "type": "Point", "coordinates": [ -62.4444, -31.6803 ] } },
{ "type": "Feature", "properties": { "Name": "43.32", "P.K.": null, "Al.Dist. Izq.": 40, "Al.Dist. Der.": 20, "Ruta": 158 }, "geometry": { "type": "Point", "coordinates": [ -62.4444, -31.6803 ] } },
{ "type": "Feature", "properties": { "Name": "43.34", "P.K.": null, "Al.Dist. Izq.": 40, "Al.Dist. Der.": 20, "Ruta": 158 }, "geometry": { "type": "Point", "coordinates": [ -62.4445647, -31.6804132 ] } },
{ "type": "Feature", "properties": { "Name": "43.43", "P.K.": null, "Al.Dist. Izq.": 40, "Al.Dist. Der.": 20, "Ruta": 158 }, "geometry": { "type": "Point", "coordinates": [ -62.4453331, -31.6808553 ] } },
{ "type": "Feature", "properties": { "Name": "43.45", "P.K.": null, "Al.Dist. Izq.": 40, "Al.Dist. Der.": 20, "Ruta": 158 }, "geometry": { "type": "Point", "coordinates": [ -62.4455742, -31.6809713 ] } },
{ "type": "Feature", "properties": { "Name": "43.46", "P.K.": null, "Al.Dist. Izq.": 40, "Al.Dist. Der.": 20, "Ruta": 158 }, "geometry": { "type": "Point", "coordinates": [ -62.4455826, -31.681111 ] } },
{ "type": "Feature", "properties": { "Name": "43.47", "P.K.": null, "Al.Dist. Izq.": 40, "Al.Dist. Der.": 20, "Ruta": 158 }, "geometry": { "type": "Point", "coordinates": [ -62.4457162, -31.6811251 ] } },
{ "type": "Feature", "properties": { "Name": "43.65", "P.K.": null, "Al.Dist. Izq.": 40, "Al.Dist. Der.": 20, "Ruta": 158 }, "geometry": { "type": "Point", "coordinates": [ -62.4472306, -31.6820091 ] } },
{ "type": "Feature", "properties": { "Name": "43.65", "P.K.": null, "Al.Dist. Izq.": 30, "Al.Dist. Der.": 50, "Ruta": 158 }, "geometry": { "type": "Point", "coordinates": [ -62.4472306, -31.6820091 ] } },
{ "type": "Feature", "properties": { "Name": "44", "P.K.": "PK44", "Al.Dist. Izq.": 30, "Al.Dist. Der.": 50, "Ruta": 158 }, "geometry": { "type": "Point", "coordinates": [ -62.4501759, -31.6840351 ] } },
{ "type": "Feature", "properties": { "Name": "44.69", "P.K.": null, "Al.Dist. Izq.": 30, "Al.Dist. Der.": 50, "Ruta": 158 }, "geometry": { "type": "Point", "coordinates": [ -62.4561697, -31.6873836 ] } },
{ "type": "Feature", "properties": { "Name": "44.9", "P.K.": null, "Al.Dist. Izq.": 30, "Al.Dist. Der.": 50, "Ruta": 158 }, "geometry": { "type": "Point", "coordinates": [ -62.4578219, -31.6884027 ] } },
{ "type": "Feature", "properties": { "Name": "44.9", "P.K.": null, "Al.Dist. Izq.": 30, "Al.Dist. Der.": 30, "Ruta": 158 }, "geometry": { "type": "Point", "coordinates": [ -62.4578219, -31.6884027 ] } },
{ "type": "Feature", "properties": { "Name": "44.99", "P.K.": null, "Al.Dist. Izq.": 30, "Al.Dist. Der.": 30, "Ruta": 158 }, "geometry": { "type": "Point", "coordinates": [ -62.4585587, -31.689042 ] } },
{ "type": "Feature", "properties": { "Name": "45", "P.K.": "PK45", "Al.Dist. Izq.": 30, "Al.Dist. Der.": 30, "Ruta": 158 }, "geometry": { "type": "Point", "coordinates": [ -62.4587589, -31.6889761 ] } },
{ "type": "Feature", "properties": { "Name": "45.67", "P.K.": null, "Al.Dist. Izq.": 30, "Al.Dist. Der.": 30, "Ruta": 158 }, "geometry": { "type": "Point", "coordinates": [ -62.4646325, -31.6926791 ] } },
{ "type": "Feature", "properties": { "Name": "45.74", "P.K.": null, "Al.Dist. Izq.": 30, "Al.Dist. Der.": 30, "Ruta": 158 }, "geometry": { "type": "Point", "coordinates": [ -62.4652586, -31.6929112 ] } },
{ "type": "Feature", "properties": { "Name": "46", "P.K.": "PK46", "Al.Dist. Izq.": 30, "Al.Dist. Der.": 30, "Ruta": 158 }, "geometry": { "type": "Point", "coordinates": [ -62.4674884, -31.6943831 ] } },
{ "type": "Feature", "properties": { "Name": "46.06", "P.K.": null, "Al.Dist. Izq.": 30, "Al.Dist. Der.": 30, "Ruta": 158 }, "geometry": { "type": "Point", "coordinates": [ -62.4680669, -31.6947364 ] } },
{ "type": "Feature", "properties": { "Name": "46.31", "P.K.": null, "Al.Dist. Izq.": 30, "Al.Dist. Der.": 30, "Ruta": 158 }, "geometry": { "type": "Point", "coordinates": [ -62.4702692, -31.6959263 ] } },
{ "type": "Feature", "properties": { "Name": "46.38", "P.K.": null, "Al.Dist. Izq.": 30, "Al.Dist. Der.": 30, "Ruta": 158 }, "geometry": { "type": "Point", "coordinates": [ -62.4708789, -31.6962115 ] } },
{ "type": "Feature", "properties": { "Name": "46.5", "P.K.": null, "Al.Dist. Izq.": 30, "Al.Dist. Der.": 30, "Ruta": 158 }, "geometry": { "type": "Point", "coordinates": [ -62.4719804, -31.6969638 ] } },
{ "type": "Feature", "properties": { "Name": "46.5", "P.K.": null, "Al.Dist. Izq.": 30, "Al.Dist. Der.": 30, "Ruta": 158 }, "geometry": { "type": "Point", "coordinates": [ -62.4719804, -31.6969638 ] } },
{ "type": "Feature", "properties": { "Name": "46.61", "P.K.": null, "Al.Dist. Izq.": 30, "Al.Dist. Der.": 30, "Ruta": 158 }, "geometry": { "type": "Point", "coordinates": [ -62.4728054, -31.6976201 ] } },
{ "type": "Feature", "properties": { "Name": "46.68", "P.K.": null, "Al.Dist. Izq.": 30, "Al.Dist. Der.": 30, "Ruta": 158 }, "geometry": { "type": "Point", "coordinates": [ -62.4733693, -31.698074 ] } },
{ "type": "Feature", "properties": { "Name": "46.71", "P.K.": null, "Al.Dist. Izq.": 30, "Al.Dist. Der.": 30, "Ruta": 158 }, "geometry": { "type": "Point", "coordinates": [ -62.4736235, -31.6982742 ] } },
{ "type": "Feature", "properties": { "Name": "46.82", "P.K.": null, "Al.Dist. Izq.": 30, "Al.Dist. Der.": 30, "Ruta": 158 }, "geometry": { "type": "Point", "coordinates": [ -62.474462, -31.6988796 ] } },
{ "type": "Feature", "properties": { "Name": "46.87", "P.K.": null, "Al.Dist. Izq.": 30, "Al.Dist. Der.": 30, "Ruta": 158 }, "geometry": { "type": "Point", "coordinates": [ -62.4749391, -31.6991899 ] } },
{ "type": "Feature", "properties": { "Name": "46.89", "P.K.": null, "Al.Dist. Izq.": 30, "Al.Dist. Der.": 30, "Ruta": 158 }, "geometry": { "type": "Point", "coordinates": [ -62.4751, -31.6993 ] } },
{ "type": "Feature", "properties": { "Name": "46.89", "P.K.": null, "Al.Dist. Izq.": 30, "Al.Dist. Der.": 30, "Ruta": 158 }, "geometry": { "type": "Point", "coordinates": [ -62.4751, -31.6993 ] } },
{ "type": "Feature", "properties": { "Name": "46.89", "P.K.": null, "Al.Dist. Izq.": 30, "Al.Dist. Der.": 30, "Ruta": 158 }, "geometry": { "type": "Point", "coordinates": [ -62.4751, -31.6993 ] } },
{ "type": "Feature", "properties": { "Name": "47", "P.K.": "PK47", "Al.Dist. Izq.": 30, "Al.Dist. Der.": 30, "Ruta": 158 }, "geometry": { "type": "Point", "coordinates": [ -62.476016, -31.6998457 ] } },
{ "type": "Feature", "properties": { "Name": "47.02", "P.K.": null, "Al.Dist. Izq.": 30, "Al.Dist. Der.": 30, "Ruta": 158 }, "geometry": { "type": "Point", "coordinates": [ -62.4761484, -31.6999804 ] } },
{ "type": "Feature", "properties": { "Name": "47.12", "P.K.": null, "Al.Dist. Izq.": 30, "Al.Dist. Der.": 30, "Ruta": 158 }, "geometry": { "type": "Point", "coordinates": [ -62.477, -31.7005 ] } },
{ "type": "Feature", "properties": { "Name": "47.15", "P.K.": null, "Al.Dist. Izq.": 30, "Al.Dist. Der.": 30, "Ruta": 158 }, "geometry": { "type": "Point", "coordinates": [ -62.4771955, -31.70075 ] } },
{ "type": "Feature", "properties": { "Name": "47.17", "P.K.": null, "Al.Dist. Izq.": 30, "Al.Dist. Der.": 30, "Ruta": 158 }, "geometry": { "type": "Point", "coordinates": [ -62.4775144, -31.7007484 ] } },
{ "type": "Feature", "properties": { "Name": "47.17", "P.K.": null, "Al.Dist. Izq.": null, "Al.Dist. Der.": null, "Ruta": 158 }, "geometry": { "type": "Point", "coordinates": [ -62.4775144, -31.7007484 ] } },
{ "type": "Feature", "properties": { "Name": "47.24", "P.K.": null, "Al.Dist. Izq.": null, "Al.Dist. Der.": null, "Ruta": 158 }, "geometry": { "type": "Point", "coordinates": [ -62.4781, -31.7011 ] } },
{ "type": "Feature", "properties": { "Name": "47.36", "P.K.": null, "Al.Dist. Izq.": null, "Al.Dist. Der.": null, "Ruta": 158 }, "geometry": { "type": "Point", "coordinates": [ -62.4791, -31.7017 ] } },
{ "type": "Feature", "properties": { "Name": "47.49", "P.K.": null, "Al.Dist. Izq.": null, "Al.Dist. Der.": null, "Ruta": 158 }, "geometry": { "type": "Point", "coordinates": [ -62.4802, -31.7024 ] } },
{ "type": "Feature", "properties": { "Name": "47.63", "P.K.": null, "Al.Dist. Izq.": null, "Al.Dist. Der.": null, "Ruta": 158 }, "geometry": { "type": "Point", "coordinates": [ -62.4813, -31.7031 ] } },
{ "type": "Feature", "properties": { "Name": "47.76", "P.K.": null, "Al.Dist. Izq.": null, "Al.Dist. Der.": null, "Ruta": 158 }, "geometry": { "type": "Point", "coordinates": [ -62.4825, -31.7037 ] } },
{ "type": "Feature", "properties": { "Name": "47.76", "P.K.": null, "Al.Dist. Izq.": null, "Al.Dist. Der.": null, "Ruta": 158 }, "geometry": { "type": "Point", "coordinates": [ -62.4825, -31.7038 ] } },
{ "type": "Feature", "properties": { "Name": "47.89", "P.K.": null, "Al.Dist. Izq.": null, "Al.Dist. Der.": null, "Ruta": 158 }, "geometry": { "type": "Point", "coordinates": [ -62.4836, -31.7044 ] } },
{ "type": "Feature", "properties": { "Name": "48", "P.K.": "PK48", "Al.Dist. Izq.": null, "Al.Dist. Der.": null, "Ruta": 158 }, "geometry": { "type": "Point", "coordinates": [ -62.4845491, -31.7050649 ] } },
{ "type": "Feature", "properties": { "Name": "48.02", "P.K.": null, "Al.Dist. Izq.": null, "Al.Dist. Der.": null, "Ruta": 158 }, "geometry": { "type": "Point", "coordinates": [ -62.4847, -31.7051 ] } },
{ "type": "Feature", "properties": { "Name": "48.15", "P.K.": null, "Al.Dist. Izq.": null, "Al.Dist. Der.": null, "Ruta": 158 }, "geometry": { "type": "Point", "coordinates": [ -62.4859, -31.7057 ] } },
{ "type": "Feature", "properties": { "Name": "48.15", "P.K.": null, "Al.Dist. Izq.": null, "Al.Dist. Der.": null, "Ruta": 158 }, "geometry": { "type": "Point", "coordinates": [ -62.4858, -31.7058 ] } },
{ "type": "Feature", "properties": { "Name": "48.27", "P.K.": null, "Al.Dist. Izq.": null, "Al.Dist. Der.": null, "Ruta": 158 }, "geometry": { "type": "Point", "coordinates": [ -62.4869, -31.7064 ] } },
{ "type": "Feature", "properties": { "Name": "48.36", "P.K.": null, "Al.Dist. Izq.": null, "Al.Dist. Der.": null, "Ruta": 158 }, "geometry": { "type": "Point", "coordinates": [ -62.4876579, -31.7068638 ] } },
{ "type": "Feature", "properties": { "Name": "48.49", "P.K.": null, "Al.Dist. Izq.": null, "Al.Dist. Der.": null, "Ruta": 158 }, "geometry": { "type": "Point", "coordinates": [ -62.488724, -31.707601 ] } },
{ "type": "Feature", "properties": { "Name": "48.49", "P.K.": null, "Al.Dist. Izq.": null, "Al.Dist. Der.": null, "Ruta": 158 }, "geometry": { "type": "Point", "coordinates": [ -62.488724, -31.707601 ] } },
{ "type": "Feature", "properties": { "Name": "48.59", "P.K.": null, "Al.Dist. Izq.": null, "Al.Dist. Der.": null, "Ruta": 158 }, "geometry": { "type": "Point", "coordinates": [ -62.4896476, -31.7080864 ] } },
{ "type": "Feature", "properties": { "Name": "48.62", "P.K.": null, "Al.Dist. Izq.": null, "Al.Dist. Der.": null, "Ruta": 158 }, "geometry": { "type": "Point", "coordinates": [ -62.4899305, -31.7082175 ] } },
{ "type": "Feature", "properties": { "Name": "48.63", "P.K.": null, "Al.Dist. Izq.": null, "Al.Dist. Der.": null, "Ruta": 158 }, "geometry": { "type": "Point", "coordinates": [ -62.4899933, -31.7082487 ] } },
{ "type": "Feature", "properties": { "Name": "48.63", "P.K.": null, "Al.Dist. Izq.": null, "Al.Dist. Der.": null, "Ruta": 158 }, "geometry": { "type": "Point", "coordinates": [ -62.4899933, -31.7082487 ] } },
{ "type": "Feature", "properties": { "Name": "48.64", "P.K.": null, "Al.Dist. Izq.": null, "Al.Dist. Der.": null, "Ruta": 158 }, "geometry": { "type": "Point", "coordinates": [ -62.4900751, -31.7082904 ] } },
{ "type": "Feature", "properties": { "Name": "48.67", "P.K.": null, "Al.Dist. Izq.": null, "Al.Dist. Der.": null, "Ruta": 158 }, "geometry": { "type": "Point", "coordinates": [ -62.49034, -31.70848 ] } },
{ "type": "Feature", "properties": { "Name": "48.73", "P.K.": null, "Al.Dist. Izq.": null, "Al.Dist. Der.": null, "Ruta": 158 }, "geometry": { "type": "Point", "coordinates": [ -62.4909643, -31.7087068 ] } },
{ "type": "Feature", "properties": { "Name": "48.74", "P.K.": null, "Al.Dist. Izq.": null, "Al.Dist. Der.": null, "Ruta": 158 }, "geometry": { "type": "Point", "coordinates": [ -62.491, -31.7087 ] } },
{ "type": "Feature", "properties": { "Name": "48.76", "P.K.": null, "Al.Dist. Izq.": null, "Al.Dist. Der.": null, "Ruta": 158 }, "geometry": { "type": "Point", "coordinates": [ -62.4912639, -31.7087866 ] } },
{ "type": "Feature", "properties": { "Name": "48.78", "P.K.": null, "Al.Dist. Izq.": null, "Al.Dist. Der.": null, "Ruta": 158 }, "geometry": { "type": "Point", "coordinates": [ -62.4914266, -31.7088859 ] } },
{ "type": "Feature", "properties": { "Name": "49", "P.K.": "PK49", "Al.Dist. Izq.": null, "Al.Dist. Der.": null, "Ruta": 158 }, "geometry": { "type": "Point", "coordinates": [ -62.49342, -31.70979 ] } },
{ "type": "Feature", "properties": { "Name": "49.09", "P.K.": null, "Al.Dist. Izq.": null, "Al.Dist. Der.": null, "Ruta": 158 }, "geometry": { "type": "Point", "coordinates": [ -62.4941618, -31.7102821 ] } },
{ "type": "Feature", "properties": { "Name": "49.11", "P.K.": null, "Al.Dist. Izq.": null, "Al.Dist. Der.": null, "Ruta": 158 }, "geometry": { "type": "Point", "coordinates": [ -62.4944082, -31.7103403 ] } },
{ "type": "Feature", "properties": { "Name": "49.23", "P.K.": null, "Al.Dist. Izq.": null, "Al.Dist. Der.": null, "Ruta": 158 }, "geometry": { "type": "Point", "coordinates": [ -62.4955371, -31.7110406 ] } },
{ "type": "Feature", "properties": { "Name": "49.23", "P.K.": null, "Al.Dist. Izq.": 30, "Al.Dist. Der.": 20, "Ruta": 158 }, "geometry": { "type": "Point", "coordinates": [ -62.4955371, -31.7110406 ] } },
{ "type": "Feature", "properties": { "Name": "49.3", "P.K.": null, "Al.Dist. Izq.": 30, "Al.Dist. Der.": 20, "Ruta": 158 }, "geometry": { "type": "Point", "coordinates": [ -62.4961854, -31.7113998 ] } },
{ "type": "Feature", "properties": { "Name": "49.35", "P.K.": null, "Al.Dist. Izq.": 30, "Al.Dist. Der.": 20, "Ruta": 158 }, "geometry": { "type": "Point", "coordinates": [ -62.4965809, -31.7116198 ] } },
{ "type": "Feature", "properties": { "Name": "49.76", "P.K.": null, "Al.Dist. Izq.": 30, "Al.Dist. Der.": 20, "Ruta": 158 }, "geometry": { "type": "Point", "coordinates": [ -62.5001113, -31.7141477 ] } },
{ "type": "Feature", "properties": { "Name": "49.86", "P.K.": null, "Al.Dist. Izq.": 30, "Al.Dist. Der.": 20, "Ruta": 158 }, "geometry": { "type": "Point", "coordinates": [ -62.5009806, -31.7146409 ] } },
{ "type": "Feature", "properties": { "Name": "50", "P.K.": "PK50", "Al.Dist. Izq.": 68, "Al.Dist. Der.": 17, "Ruta": 158 }, "geometry": { "type": "Point", "coordinates": [ -62.5020576, -31.7155877 ] } },
{ "type": "Feature", "properties": { "Name": "50.45", "P.K.": null, "Al.Dist. Izq.": 68, "Al.Dist. Der.": 17, "Ruta": 158 }, "geometry": { "type": "Point", "coordinates": [ -62.5055, -31.718 ] } },
{ "type": "Feature", "properties": { "Name": "50.47", "P.K.": null, "Al.Dist. Izq.": 68, "Al.Dist. Der.": 17, "Ruta": 158 }, "geometry": { "type": "Point", "coordinates": [ -62.5056812, -31.71813 ] } },
{ "type": "Feature", "properties": { "Name": "50.48", "P.K.": null, "Al.Dist. Izq.": 68, "Al.Dist. Der.": 17, "Ruta": 158 }, "geometry": { "type": "Point", "coordinates": [ -62.5057, -31.7182 ] } },
{ "type": "Feature", "properties": { "Name": "50.64", "P.K.": null, "Al.Dist. Izq.": 68, "Al.Dist. Der.": 17, "Ruta": 158 }, "geometry": { "type": "Point", "coordinates": [ -62.5069731, -31.7190213 ] } },
{ "type": "Feature", "properties": { "Name": "50.64", "P.K.": null, "Al.Dist. Izq.": 43, "Al.Dist. Der.": 17, "Ruta": 158 }, "geometry": { "type": "Point", "coordinates": [ -62.5069731, -31.7190213 ] } },
{ "type": "Feature", "properties": { "Name": "50.98", "P.K.": null, "Al.Dist. Izq.": 43, "Al.Dist. Der.": 17, "Ruta": 158 }, "geometry": { "type": "Point", "coordinates": [ -62.5095882, -31.7208517 ] } },
{ "type": "Feature", "properties": { "Name": "50.99", "P.K.": null, "Al.Dist. Izq.": 43, "Al.Dist. Der.": 17, "Ruta": 158 }, "geometry": { "type": "Point", "coordinates": [ -62.5095436, -31.7210211 ] } },
{ "type": "Feature", "properties": { "Name": "51", "P.K.": "PK51", "Al.Dist. Izq.": 43, "Al.Dist. Der.": 17, "Ruta": 158 }, "geometry": { "type": "Point", "coordinates": [ -62.5097129, -31.7209387 ] } },
{ "type": "Feature", "properties": { "Name": "51.06", "P.K.": null, "Al.Dist. Izq.": 43, "Al.Dist. Der.": 17, "Ruta": 158 }, "geometry": { "type": "Point", "coordinates": [ -62.5101836, -31.7213838 ] } },
{ "type": "Feature", "properties": { "Name": "51.23", "P.K.": null, "Al.Dist. Izq.": 43, "Al.Dist. Der.": 17, "Ruta": 158 }, "geometry": { "type": "Point", "coordinates": [ -62.511524, -31.7223552 ] } },
{ "type": "Feature", "properties": { "Name": "51.23", "P.K.": null, "Al.Dist. Izq.": 55, "Al.Dist. Der.": 17, "Ruta": 158 }, "geometry": { "type": "Point", "coordinates": [ -62.511524, -31.7223552 ] } },
{ "type": "Feature", "properties": { "Name": "52", "P.K.": "PK52", "Al.Dist. Izq.": 55, "Al.Dist. Der.": 17, "Ruta": 158 }, "geometry": { "type": "Point", "coordinates": [ -62.5175346, -31.7270861 ] } },
{ "type": "Feature", "properties": { "Name": "52.01", "P.K.": null, "Al.Dist. Izq.": 55, "Al.Dist. Der.": 17, "Ruta": 158 }, "geometry": { "type": "Point", "coordinates": [ -62.5177516, -31.7269173 ] } },
{ "type": "Feature", "properties": { "Name": "52.01", "P.K.": null, "Al.Dist. Izq.": 35, "Al.Dist. Der.": 17, "Ruta": 158 }, "geometry": { "type": "Point", "coordinates": [ -62.5177516, -31.7269173 ] } },
{ "type": "Feature", "properties": { "Name": "52.15", "P.K.": null, "Al.Dist. Izq.": 35, "Al.Dist. Der.": 17, "Ruta": 158 }, "geometry": { "type": "Point", "coordinates": [ -62.5189761, -31.7277291 ] } },
{ "type": "Feature", "properties": { "Name": "52.69", "P.K.": null, "Al.Dist. Izq.": 35, "Al.Dist. Der.": 17, "Ruta": 158 }, "geometry": { "type": "Point", "coordinates": [ -62.5231796, -31.7310428 ] } },
{ "type": "Feature", "properties": { "Name": "53", "P.K.": null, "Al.Dist. Izq.": 35, "Al.Dist. Der.": 17, "Ruta": 158 }, "geometry": { "type": "Point", "coordinates": [ -62.5255279, -31.732983 ] } },
{ "type": "Feature", "properties": { "Name": "53.73", "P.K.": null, "Al.Dist. Izq.": 35, "Al.Dist. Der.": 17, "Ruta": 158 }, "geometry": { "type": "Point", "coordinates": [ -62.5314, -31.7373 ] } },
{ "type": "Feature", "properties": { "Name": "53.74", "P.K.": null, "Al.Dist. Izq.": 35, "Al.Dist. Der.": 17, "Ruta": 158 }, "geometry": { "type": "Point", "coordinates": [ -62.5316, -31.7372 ] } },
{ "type": "Feature", "properties": { "Name": "54", "P.K.": "PK54", "Al.Dist. Izq.": 35, "Al.Dist. Der.": 17, "Ruta": 158 }, "geometry": { "type": "Point", "coordinates": [ -62.533592, -31.7387757 ] } },
{ "type": "Feature", "properties": { "Name": "54.12", "P.K.": null, "Al.Dist. Izq.": 35, "Al.Dist. Der.": 17, "Ruta": 158 }, "geometry": { "type": "Point", "coordinates": [ -62.5346018, -31.7393848 ] } },
{ "type": "Feature", "properties": { "Name": "55.14", "P.K.": null, "Al.Dist. Izq.": 35, "Al.Dist. Der.": 17, "Ruta": 158 }, "geometry": { "type": "Point", "coordinates": [ -62.5425572, -31.7454893 ] } },
{ "type": "Feature", "properties": { "Name": "56", "P.K.": "PK56", "Al.Dist. Izq.": 35, "Al.Dist. Der.": 17, "Ruta": 158 }, "geometry": { "type": "Point", "coordinates": [ -62.5493627, -31.7505255 ] } },
{ "type": "Feature", "properties": { "Name": "56.92", "P.K.": null, "Al.Dist. Izq.": 35, "Al.Dist. Der.": 17, "Ruta": 158 }, "geometry": { "type": "Point", "coordinates": [ -62.5568058, -31.7558835 ] } },
{ "type": "Feature", "properties": { "Name": "57.14", "P.K.": null, "Al.Dist. Izq.": 35, "Al.Dist. Der.": 17, "Ruta": 158 }, "geometry": { "type": "Point", "coordinates": [ -62.5586, -31.7569 ] } },
{ "type": "Feature", "properties": { "Name": "57.6", "P.K.": null, "Al.Dist. Izq.": 35, "Al.Dist. Der.": 17, "Ruta": 158 }, "geometry": { "type": "Point", "coordinates": [ -62.5623474, -31.7594922 ] } },
{ "type": "Feature", "properties": { "Name": "57.6", "P.K.": null, "Al.Dist. Izq.": 30, "Al.Dist. Der.": 20, "Ruta": 158 }, "geometry": { "type": "Point", "coordinates": [ -62.5623474, -31.7594922 ] } },
{ "type": "Feature", "properties": { "Name": "58", "P.K.": "PK58", "Al.Dist. Izq.": 30, "Al.Dist. Der.": 20, "Ruta": 158 }, "geometry": { "type": "Point", "coordinates": [ -62.5654666, -31.7621087 ] } },
{ "type": "Feature", "properties": { "Name": "58.19", "P.K.": null, "Al.Dist. Izq.": 30, "Al.Dist. Der.": 20, "Ruta": 158 }, "geometry": { "type": "Point", "coordinates": [ -62.5670664, -31.7628806 ] } },
{ "type": "Feature", "properties": { "Name": "58.24", "P.K.": null, "Al.Dist. Izq.": 30, "Al.Dist. Der.": 20, "Ruta": 158 }, "geometry": { "type": "Point", "coordinates": [ -62.5673, -31.7634 ] } },
{ "type": "Feature", "properties": { "Name": "58.99", "P.K.": null, "Al.Dist. Izq.": 30, "Al.Dist. Der.": 20, "Ruta": 158 }, "geometry": { "type": "Point", "coordinates": [ -62.5731386, -31.7672927 ] } },
{ "type": "Feature", "properties": { "Name": "59.58", "P.K.": null, "Al.Dist. Izq.": 30, "Al.Dist. Der.": 20, "Ruta": 158 }, "geometry": { "type": "Point", "coordinates": [ -62.5776, -31.7709 ] } },
{ "type": "Feature", "properties": { "Name": "59.59", "P.K.": null, "Al.Dist. Izq.": 30, "Al.Dist. Der.": 20, "Ruta": 158 }, "geometry": { "type": "Point", "coordinates": [ -62.5777378, -31.7708641 ] } },
{ "type": "Feature", "properties": { "Name": "59.6", "P.K.": null, "Al.Dist. Izq.": 30, "Al.Dist. Der.": 20, "Ruta": 158 }, "geometry": { "type": "Point", "coordinates": [ -62.5778, -31.7709 ] } },
{ "type": "Feature", "properties": { "Name": "60.82", "P.K.": null, "Al.Dist. Izq.": 30, "Al.Dist. Der.": 20, "Ruta": 158 }, "geometry": { "type": "Point", "coordinates": [ -62.5872488, -31.7775835 ] } },
{ "type": "Feature", "properties": { "Name": "60.9", "P.K.": null, "Al.Dist. Izq.": 30, "Al.Dist. Der.": 20, "Ruta": 158 }, "geometry": { "type": "Point", "coordinates": [ -62.5876, -31.7782 ] } },
{ "type": "Feature", "properties": { "Name": "60.99", "P.K.": null, "Al.Dist. Izq.": 30, "Al.Dist. Der.": 20, "Ruta": 158 }, "geometry": { "type": "Point", "coordinates": [ -62.5883285, -31.7787724 ] } },
{ "type": "Feature", "properties": { "Name": "61", "P.K.": "PK61", "Al.Dist. Izq.": 30, "Al.Dist. Der.": 20, "Ruta": 158 }, "geometry": { "type": "Point", "coordinates": [ -62.5885611, -31.7785709 ] } },
{ "type": "Feature", "properties": { "Name": "62", "P.K.": "PK62", "Al.Dist. Izq.": 30, "Al.Dist. Der.": 20, "Ruta": 158 }, "geometry": { "type": "Point", "coordinates": [ -62.5976317, -31.7854384 ] } },
{ "type": "Feature", "properties": { "Name": "62.01", "P.K.": null, "Al.Dist. Izq.": 30, "Al.Dist. Der.": 20, "Ruta": 158 }, "geometry": { "type": "Point", "coordinates": [ -62.5976656, -31.7855159 ] } },
{ "type": "Feature", "properties": { "Name": "63", "P.K.": "PK63", "Al.Dist. Izq.": 30, "Al.Dist. Der.": 20, "Ruta": 158 }, "geometry": { "type": "Point", "coordinates": [ -62.6057032, -31.7910368 ] } },
{ "type": "Feature", "properties": { "Name": "63.01", "P.K.": null, "Al.Dist. Izq.": 30, "Al.Dist. Der.": 20, "Ruta": 158 }, "geometry": { "type": "Point", "coordinates": [ -62.6056709, -31.7911965 ] } },
{ "type": "Feature", "properties": { "Name": "63.01", "P.K.": null, "Al.Dist. Izq.": 30, "Al.Dist. Der.": 20, "Ruta": 158 }, "geometry": { "type": "Point", "coordinates": [ -62.6057773, -31.7910869 ] } },
{ "type": "Feature", "properties": { "Name": "63.43", "P.K.": null, "Al.Dist. Izq.": 30, "Al.Dist. Der.": 20, "Ruta": 158 }, "geometry": { "type": "Point", "coordinates": [ -62.6092, -31.7936 ] } },
{ "type": "Feature", "properties": { "Name": "63.6", "P.K.": null, "Al.Dist. Izq.": 30, "Al.Dist. Der.": 20, "Ruta": 158 }, "geometry": { "type": "Point", "coordinates": [ -62.6105785, -31.7946409 ] } },
{ "type": "Feature", "properties": { "Name": "63.6", "P.K.": null, "Al.Dist. Izq.": 23, "Al.Dist. Der.": 15, "Ruta": 158 }, "geometry": { "type": "Point", "coordinates": [ -62.6105785, -31.7946409 ] } },
{ "type": "Feature", "properties": { "Name": "63.72", "P.K.": null, "Al.Dist. Izq.": 23, "Al.Dist. Der.": 15, "Ruta": 158 }, "geometry": { "type": "Point", "coordinates": [ -62.611564, -31.7953464 ] } },
{ "type": "Feature", "properties": { "Name": "63.72", "P.K.": null, "Al.Dist. Izq.": 23, "Al.Dist. Der.": 15, "Ruta": 158 }, "geometry": { "type": "Point", "coordinates": [ -62.6114136, -31.7955007 ] } },
{ "type": "Feature", "properties": { "Name": "63.79", "P.K.": null, "Al.Dist. Izq.": 23, "Al.Dist. Der.": 15, "Ruta": 158 }, "geometry": { "type": "Point", "coordinates": [ -62.61215, -31.79586 ] } },
{ "type": "Feature", "properties": { "Name": "63.84", "P.K.": null, "Al.Dist. Izq.": 23, "Al.Dist. Der.": 15, "Ruta": 158 }, "geometry": { "type": "Point", "coordinates": [ -62.6126269, -31.7961091 ] } },
{ "type": "Feature", "properties": { "Name": "63.84", "P.K.": null, "Al.Dist. Izq.": 23, "Al.Dist. Der.": 15, "Ruta": 158 }, "geometry": { "type": "Point", "coordinates": [ -62.6126269, -31.7961091 ] } },
{ "type": "Feature", "properties": { "Name": "64", "P.K.": "PK64", "Al.Dist. Izq.": 23, "Al.Dist. Der.": 15, "Ruta": 158 }, "geometry": { "type": "Point", "coordinates": [ -62.6134353, -31.7973415 ] } },
{ "type": "Feature", "properties": { "Name": "64.03", "P.K.": null, "Al.Dist. Izq.": 23, "Al.Dist. Der.": 15, "Ruta": 158 }, "geometry": { "type": "Point", "coordinates": [ -62.61371, -31.79747 ] } },
{ "type": "Feature", "properties": { "Name": "64.06", "P.K.": null, "Al.Dist. Izq.": 23, "Al.Dist. Der.": 15, "Ruta": 158 }, "geometry": { "type": "Point", "coordinates": [ -62.6140545, -31.7976621 ] } },
{ "type": "Feature", "properties": { "Name": "64.08", "P.K.": null, "Al.Dist. Izq.": 23, "Al.Dist. Der.": 15, "Ruta": 158 }, "geometry": { "type": "Point", "coordinates": [ -62.6141511, -31.7978402 ] } },
{ "type": "Feature", "properties": { "Name": "64.1", "P.K.": null, "Al.Dist. Izq.": 23, "Al.Dist. Der.": 15, "Ruta": 158 }, "geometry": { "type": "Point", "coordinates": [ -62.6143, -31.7979 ] } },
{ "type": "Feature", "properties": { "Name": "64.1", "P.K.": null, "Al.Dist. Izq.": 23, "Al.Dist. Der.": 15, "Ruta": 158 }, "geometry": { "type": "Point", "coordinates": [ -62.6143, -31.7979 ] } },
{ "type": "Feature", "properties": { "Name": "64.18", "P.K.": null, "Al.Dist. Izq.": 23, "Al.Dist. Der.": 15, "Ruta": 158 }, "geometry": { "type": "Point", "coordinates": [ -62.6149896, -31.7983577 ] } },
{ "type": "Feature", "properties": { "Name": "64.21", "P.K.": null, "Al.Dist. Izq.": 23, "Al.Dist. Der.": 15, "Ruta": 158 }, "geometry": { "type": "Point", "coordinates": [ -62.6151, -31.7986 ] } },
{ "type": "Feature", "properties": { "Name": "64.22", "P.K.": null, "Al.Dist. Izq.": 23, "Al.Dist. Der.": 15, "Ruta": 158 }, "geometry": { "type": "Point", "coordinates": [ -62.6152329, -31.7985739 ] } },
{ "type": "Feature", "properties": { "Name": "64.22", "P.K.": null, "Al.Dist. Izq.": null, "Al.Dist. Der.": null, "Ruta": 158 }, "geometry": { "type": "Point", "coordinates": [ -62.6152329, -31.7985739 ] } },
{ "type": "Feature", "properties": { "Name": "64.33", "P.K.": null, "Al.Dist. Izq.": null, "Al.Dist. Der.": null, "Ruta": 158 }, "geometry": { "type": "Point", "coordinates": [ -62.6162, -31.7992 ] } },
{ "type": "Feature", "properties": { "Name": "64.34", "P.K.": null, "Al.Dist. Izq.": null, "Al.Dist. Der.": null, "Ruta": 158 }, "geometry": { "type": "Point", "coordinates": [ -62.6162, -31.7993 ] } },
{ "type": "Feature", "properties": { "Name": "64.47", "P.K.": null, "Al.Dist. Izq.": null, "Al.Dist. Der.": null, "Ruta": 158 }, "geometry": { "type": "Point", "coordinates": [ -62.6172, -31.8001 ] } },
{ "type": "Feature", "properties": { "Name": "64.58", "P.K.": null, "Al.Dist. Izq.": null, "Al.Dist. Der.": null, "Ruta": 158 }, "geometry": { "type": "Point", "coordinates": [ -62.6181771, -31.8006532 ] } },
{ "type": "Feature", "properties": { "Name": "64.6", "P.K.": null, "Al.Dist. Izq.": null, "Al.Dist. Der.": null, "Ruta": 158 }, "geometry": { "type": "Point", "coordinates": [ -62.6183, -31.8009 ] } },
{ "type": "Feature", "properties": { "Name": "64.74", "P.K.": null, "Al.Dist. Izq.": null, "Al.Dist. Der.": null, "Ruta": 158 }, "geometry": { "type": "Point", "coordinates": [ -62.6194, -31.8017 ] } },
{ "type": "Feature", "properties": { "Name": "64.85", "P.K.": null, "Al.Dist. Izq.": null, "Al.Dist. Der.": null, "Ruta": 158 }, "geometry": { "type": "Point", "coordinates": [ -62.6203, -31.8024 ] } },
{ "type": "Feature", "properties": { "Name": "64.86", "P.K.": null, "Al.Dist. Izq.": null, "Al.Dist. Der.": null, "Ruta": 158 }, "geometry": { "type": "Point", "coordinates": [ -62.6204, -31.8023 ] } },
{ "type": "Feature", "properties": { "Name": "64.99", "P.K.": null, "Al.Dist. Izq.": null, "Al.Dist. Der.": null, "Ruta": 158 }, "geometry": { "type": "Point", "coordinates": [ -62.6215, -31.803 ] } },
{ "type": "Feature", "properties": { "Name": "64.99", "P.K.": null, "Al.Dist. Izq.": null, "Al.Dist. Der.": null, "Ruta": 158 }, "geometry": { "type": "Point", "coordinates": [ -62.6214, -31.8032 ] } },
{ "type": "Feature", "properties": { "Name": "65", "P.K.": null, "Al.Dist. Izq.": null, "Al.Dist. Der.": null, "Ruta": 158 }, "geometry": { "type": "Point", "coordinates": [ -62.6216797, -31.8031923 ] } },
{ "type": "Feature", "properties": { "Name": "65.09", "P.K.": null, "Al.Dist. Izq.": null, "Al.Dist. Der.": null, "Ruta": 158 }, "geometry": { "type": "Point", "coordinates": [ -62.6223898, -31.8036702 ] } },
{ "type": "Feature", "properties": { "Name": "65.09", "P.K.": null, "Al.Dist. Izq.": null, "Al.Dist. Der.": null, "Ruta": 158 }, "geometry": { "type": "Point", "coordinates": [ -62.6223898, -31.8036702 ] } },
{ "type": "Feature", "properties": { "Name": "65.1", "P.K.": null, "Al.Dist. Izq.": null, "Al.Dist. Der.": null, "Ruta": 158 }, "geometry": { "type": "Point", "coordinates": [ -62.6224, -31.8039 ] } },
{ "type": "Feature", "properties": { "Name": "65.16", "P.K.": null, "Al.Dist. Izq.": null, "Al.Dist. Der.": null, "Ruta": 158 }, "geometry": { "type": "Point", "coordinates": [ -62.622924, -31.8041525 ] } },
{ "type": "Feature", "properties": { "Name": "65.16", "P.K.": null, "Al.Dist. Izq.": 11, "Al.Dist. Der.": 19, "Ruta": 158 }, "geometry": { "type": "Point", "coordinates": [ -62.622924, -31.8041525 ] } },
{ "type": "Feature", "properties": { "Name": "65.28", "P.K.": null, "Al.Dist. Izq.": 11, "Al.Dist. Der.": 19, "Ruta": 158 }, "geometry": { "type": "Point", "coordinates": [ -62.6238777, -31.8048075 ] } },
{ "type": "Feature", "properties": { "Name": "65.36", "P.K.": null, "Al.Dist. Izq.": 11, "Al.Dist. Der.": 19, "Ruta": 158 }, "geometry": { "type": "Point", "coordinates": [ -62.6245524, -31.8052764 ] } },
{ "type": "Feature", "properties": { "Name": "65.37", "P.K.": null, "Al.Dist. Izq.": 11, "Al.Dist. Der.": 19, "Ruta": 158 }, "geometry": { "type": "Point", "coordinates": [ -62.6245936, -31.8053174 ] } },
{ "type": "Feature", "properties": { "Name": "65.53", "P.K.": null, "Al.Dist. Izq.": 11, "Al.Dist. Der.": 19, "Ruta": 158 }, "geometry": { "type": "Point", "coordinates": [ -62.6259113, -31.8063102 ] } },
{ "type": "Feature", "properties": { "Name": "65.53", "P.K.": null, "Al.Dist. Izq.": 11, "Al.Dist. Der.": 19, "Ruta": 158 }, "geometry": { "type": "Point", "coordinates": [ -62.6259139, -31.8063127 ] } },
{ "type": "Feature", "properties": { "Name": "65.91", "P.K.": null, "Al.Dist. Izq.": 11, "Al.Dist. Der.": 19, "Ruta": 158 }, "geometry": { "type": "Point", "coordinates": [ -62.6289437, -31.8085243 ] } },
{ "type": "Feature", "properties": { "Name": "65.94", "P.K.": null, "Al.Dist. Izq.": 11, "Al.Dist. Der.": 19, "Ruta": 158 }, "geometry": { "type": "Point", "coordinates": [ -62.6291636, -31.8086768 ] } },
{ "type": "Feature", "properties": { "Name": "66", "P.K.": "PK66", "Al.Dist. Izq.": 11, "Al.Dist. Der.": 19, "Ruta": 158 }, "geometry": { "type": "Point", "coordinates": [ -62.6296398, -31.8091841 ] } },
{ "type": "Feature", "properties": { "Name": "66.13", "P.K.": null, "Al.Dist. Izq.": 11, "Al.Dist. Der.": 19, "Ruta": 158 }, "geometry": { "type": "Point", "coordinates": [ -62.6307318, -31.8097847 ] } },
{ "type": "Feature", "properties": { "Name": "66.72", "P.K.": null, "Al.Dist. Izq.": 11, "Al.Dist. Der.": 19, "Ruta": 158 }, "geometry": { "type": "Point", "coordinates": [ -62.6355, -31.8133 ] } },
{ "type": "Feature", "properties": { "Name": "66.78", "P.K.": null, "Al.Dist. Izq.": 11, "Al.Dist. Der.": 19, "Ruta": 158 }, "geometry": { "type": "Point", "coordinates": [ -62.63596, -31.81364 ] } },
{ "type": "Feature", "properties": { "Name": "67.08", "P.K.": null, "Al.Dist. Izq.": 11, "Al.Dist. Der.": 19, "Ruta": 158 }, "geometry": { "type": "Point", "coordinates": [ -62.63851, -31.81499 ] } },
{ "type": "Feature", "properties": { "Name": "67.16", "P.K.": null, "Al.Dist. Izq.": 11, "Al.Dist. Der.": 19, "Ruta": 158 }, "geometry": { "type": "Point", "coordinates": [ -62.639161, -31.8154289 ] } },
{ "type": "Feature", "properties": { "Name": "67.16", "P.K.": null, "Al.Dist. Izq.": 25, "Al.Dist. Der.": 20, "Ruta": 158 }, "geometry": { "type": "Point", "coordinates": [ -62.639161, -31.8154289 ] } },
{ "type": "Feature", "properties": { "Name": "67.23", "P.K.": null, "Al.Dist. Izq.": 25, "Al.Dist. Der.": 20, "Ruta": 158 }, "geometry": { "type": "Point", "coordinates": [ -62.6396841, -31.8159467 ] } },
{ "type": "Feature", "properties": { "Name": "67.36", "P.K.": null, "Al.Dist. Izq.": 25, "Al.Dist. Der.": 20, "Ruta": 158 }, "geometry": { "type": "Point", "coordinates": [ -62.640737, -31.8167193 ] } },
{ "type": "Feature", "properties": { "Name": "67.48", "P.K.": null, "Al.Dist. Izq.": 25, "Al.Dist. Der.": 20, "Ruta": 158 }, "geometry": { "type": "Point", "coordinates": [ -62.6417, -31.8174 ] } },
{ "type": "Feature", "properties": { "Name": "67.51", "P.K.": null, "Al.Dist. Izq.": 25, "Al.Dist. Der.": 20, "Ruta": 158 }, "geometry": { "type": "Point", "coordinates": [ -62.6420378, -31.817531 ] } },
{ "type": "Feature", "properties": { "Name": "67.51", "P.K.": null, "Al.Dist. Izq.": null, "Al.Dist. Der.": null, "Ruta": 158 }, "geometry": { "type": "Point", "coordinates": [ -62.6420378, -31.817531 ] } },
{ "type": "Feature", "properties": { "Name": "67.53", "P.K.": null, "Al.Dist. Izq.": null, "Al.Dist. Der.": null, "Ruta": 158 }, "geometry": { "type": "Point", "coordinates": [ -62.6421142, -31.8177167 ] } },
{ "type": "Feature", "properties": { "Name": "68", "P.K.": "PK68", "Al.Dist. Izq.": null, "Al.Dist. Der.": null, "Ruta": 158 }, "geometry": { "type": "Point", "coordinates": [ -62.6458243, -31.8204959 ] } },
{ "type": "Feature", "properties": { "Name": "69.28", "P.K.": null, "Al.Dist. Izq.": null, "Al.Dist. Der.": null, "Ruta": 158 }, "geometry": { "type": "Point", "coordinates": [ -62.656185, -31.8279992 ] } },
{ "type": "Feature", "properties": { "Name": "69.7", "P.K.": null, "Al.Dist. Izq.": null, "Al.Dist. Der.": null, "Ruta": 158 }, "geometry": { "type": "Point", "coordinates": [ -62.6596445, -31.8304168 ] } },
{ "type": "Feature", "properties": { "Name": "70.34", "P.K.": null, "Al.Dist. Izq.": null, "Al.Dist. Der.": null, "Ruta": 158 }, "geometry": { "type": "Point", "coordinates": [ -62.6648, -31.8341 ] } },
{ "type": "Feature", "properties": { "Name": "70.35", "P.K.": null, "Al.Dist. Izq.": null, "Al.Dist. Der.": null, "Ruta": 158 }, "geometry": { "type": "Point", "coordinates": [ -62.6648, -31.8343 ] } },
{ "type": "Feature", "properties": { "Name": "71.17", "P.K.": null, "Al.Dist. Izq.": null, "Al.Dist. Der.": null, "Ruta": 158 }, "geometry": { "type": "Point", "coordinates": [ -62.6714638, -31.8390029 ] } },
{ "type": "Feature", "properties": { "Name": "72.15", "P.K.": null, "Al.Dist. Izq.": null, "Al.Dist. Der.": null, "Ruta": 158 }, "geometry": { "type": "Point", "coordinates": [ -62.6792902, -31.8449253 ] } },
{ "type": "Feature", "properties": { "Name": "72.69", "P.K.": null, "Al.Dist. Izq.": null, "Al.Dist. Der.": null, "Ruta": 158 }, "geometry": { "type": "Point", "coordinates": [ -62.683765, -31.8479345 ] } },
{ "type": "Feature", "properties": { "Name": "73.3", "P.K.": null, "Al.Dist. Izq.": null, "Al.Dist. Der.": null, "Ruta": 158 }, "geometry": { "type": "Point", "coordinates": [ -62.6886941, -31.8515389 ] } },
{ "type": "Feature", "properties": { "Name": "74.16", "P.K.": null, "Al.Dist. Izq.": null, "Al.Dist. Der.": null, "Ruta": 158 }, "geometry": { "type": "Point", "coordinates": [ -62.6956113, -31.8565627 ] } },
{ "type": "Feature", "properties": { "Name": "74.32", "P.K.": null, "Al.Dist. Izq.": null, "Al.Dist. Der.": null, "Ruta": 158 }, "geometry": { "type": "Point", "coordinates": [ -62.6969259, -31.857504 ] } },
{ "type": "Feature", "properties": { "Name": "74.53", "P.K.": null, "Al.Dist. Izq.": null, "Al.Dist. Der.": null, "Ruta": 158 }, "geometry": { "type": "Point", "coordinates": [ -62.6985753, -31.8586852 ] } },
{ "type": "Feature", "properties": { "Name": "74.53", "P.K.": null, "Al.Dist. Izq.": null, "Al.Dist. Der.": null, "Ruta": 158 }, "geometry": { "type": "Point", "coordinates": [ -62.6983956, -31.8589318 ] } },
{ "type": "Feature", "properties": { "Name": "74.69", "P.K.": null, "Al.Dist. Izq.": null, "Al.Dist. Der.": null, "Ruta": 158 }, "geometry": { "type": "Point", "coordinates": [ -62.6999453, -31.8596953 ] } },
{ "type": "Feature", "properties": { "Name": "74.77", "P.K.": null, "Al.Dist. Izq.": null, "Al.Dist. Der.": null, "Ruta": 158 }, "geometry": { "type": "Point", "coordinates": [ -62.7006064, -31.8601537 ] } },
{ "type": "Feature", "properties": { "Name": "74.79", "P.K.": null, "Al.Dist. Izq.": null, "Al.Dist. Der.": null, "Ruta": 158 }, "geometry": { "type": "Point", "coordinates": [ -62.7006513, -31.8604601 ] } },
{ "type": "Feature", "properties": { "Name": "74.82", "P.K.": null, "Al.Dist. Izq.": null, "Al.Dist. Der.": null, "Ruta": 158 }, "geometry": { "type": "Point", "coordinates": [ -62.7009756, -31.8604614 ] } },
{ "type": "Feature", "properties": { "Name": "74.87", "P.K.": null, "Al.Dist. Izq.": null, "Al.Dist. Der.": null, "Ruta": 158 }, "geometry": { "type": "Point", "coordinates": [ -62.7014189, -31.8607645 ] } },
{ "type": "Feature", "properties": { "Name": "74.88", "P.K.": null, "Al.Dist. Izq.": null, "Al.Dist. Der.": null, "Ruta": 158 }, "geometry": { "type": "Point", "coordinates": [ -62.7014, -31.861 ] } },
{ "type": "Feature", "properties": { "Name": "74.92", "P.K.": null, "Al.Dist. Izq.": null, "Al.Dist. Der.": null, "Ruta": 158 }, "geometry": { "type": "Point", "coordinates": [ -62.7018112, -31.861066 ] } },
{ "type": "Feature", "properties": { "Name": "74.94", "P.K.": null, "Al.Dist. Izq.": null, "Al.Dist. Der.": null, "Ruta": 158 }, "geometry": { "type": "Point", "coordinates": [ -62.7021, -31.861 ] } },
{ "type": "Feature", "properties": { "Name": "74.96", "P.K.": null, "Al.Dist. Izq.": null, "Al.Dist. Der.": null, "Ruta": 158 }, "geometry": { "type": "Point", "coordinates": [ -62.7021359, -31.8612626 ] } },
{ "type": "Feature", "properties": { "Name": "75.35", "P.K.": null, "Al.Dist. Izq.": null, "Al.Dist. Der.": null, "Ruta": 158 }, "geometry": { "type": "Point", "coordinates": [ -62.7051413, -31.8637041 ] } },
{ "type": "Feature", "properties": { "Name": "75.41", "P.K.": null, "Al.Dist. Izq.": null, "Al.Dist. Der.": null, "Ruta": 158 }, "geometry": { "type": "Point", "coordinates": [ -62.7057289, -31.8639038 ] } },
{ "type": "Feature", "properties": { "Name": "75.41", "P.K.": null, "Al.Dist. Izq.": null, "Al.Dist. Der.": null, "Ruta": 158 }, "geometry": { "type": "Point", "coordinates": [ -62.7057289, -31.8639038 ] } },
{ "type": "Feature", "properties": { "Name": "75.5", "P.K.": null, "Al.Dist. Izq.": null, "Al.Dist. Der.": null, "Ruta": 158 }, "geometry": { "type": "Point", "coordinates": [ -62.7064586, -31.864438 ] } },
{ "type": "Feature", "properties": { "Name": "75.5", "P.K.": null, "Al.Dist. Izq.": null, "Al.Dist. Der.": null, "Ruta": 158 }, "geometry": { "type": "Point", "coordinates": [ -62.7063433, -31.8645686 ] } },
{ "type": "Feature", "properties": { "Name": "75.6", "P.K.": null, "Al.Dist. Izq.": null, "Al.Dist. Der.": null, "Ruta": 158 }, "geometry": { "type": "Point", "coordinates": [ -62.7071657, -31.8651947 ] } },
{ "type": "Feature", "properties": { "Name": "75.62", "P.K.": null, "Al.Dist. Izq.": null, "Al.Dist. Der.": null, "Ruta": 158 }, "geometry": { "type": "Point", "coordinates": [ -62.7074123, -31.8651241 ] } },
{ "type": "Feature", "properties": { "Name": "75.67", "P.K.": null, "Al.Dist. Izq.": null, "Al.Dist. Der.": null, "Ruta": 158 }, "geometry": { "type": "Point", "coordinates": [ -62.7078, -31.86541 ] } },
{ "type": "Feature", "properties": { "Name": "75.9", "P.K.": null, "Al.Dist. Izq.": null, "Al.Dist. Der.": null, "Ruta": 158 }, "geometry": { "type": "Point", "coordinates": [ -62.7079313, -31.8673571 ] } },
{ "type": "Feature", "properties": { "Name": "75.93", "P.K.": null, "Al.Dist. Izq.": null, "Al.Dist. Der.": null, "Ruta": 158 }, "geometry": { "type": "Point", "coordinates": [ -62.70764, -31.86764 ] } },
{ "type": "Feature", "properties": { "Name": "75.99", "P.K.": null, "Al.Dist. Izq.": null, "Al.Dist. Der.": null, "Ruta": 158 }, "geometry": { "type": "Point", "coordinates": [ -62.7075229, -31.8681649 ] } },
{ "type": "Feature", "properties": { "Name": "76", "P.K.": "PK76", "Al.Dist. Izq.": null, "Al.Dist. Der.": null, "Ruta": 158 }, "geometry": { "type": "Point", "coordinates": [ -62.7075171, -31.8682357 ] } },
{ "type": "Feature", "properties": { "Name": "76.01", "P.K.": null, "Al.Dist. Izq.": null, "Al.Dist. Der.": null, "Ruta": 158 }, "geometry": { "type": "Point", "coordinates": [ -62.70762, -31.8683184 ] } },
{ "type": "Feature", "properties": { "Name": "76.03", "P.K.": null, "Al.Dist. Izq.": null, "Al.Dist. Der.": null, "Ruta": 158 }, "geometry": { "type": "Point", "coordinates": [ -62.7075452, -31.868633 ] } },
{ "type": "Feature", "properties": { "Name": "76.04", "P.K.": null, "Al.Dist. Izq.": null, "Al.Dist. Der.": null, "Ruta": 158 }, "geometry": { "type": "Point", "coordinates": [ -62.7076558, -31.8686605 ] } },
{ "type": "Feature", "properties": { "Name": "76.05", "P.K.": null, "Al.Dist. Izq.": null, "Al.Dist. Der.": null, "Ruta": 158 }, "geometry": { "type": "Point", "coordinates": [ -62.7077855, -31.8686496 ] } },
{ "type": "Feature", "properties": { "Name": "76.05", "P.K.": null, "Al.Dist. Izq.": null, "Al.Dist. Der.": null, "Ruta": 158 }, "geometry": { "type": "Point", "coordinates": [ -62.7077169, -31.8688092 ] } },
{ "type": "Feature", "properties": { "Name": "76.06", "P.K.": null, "Al.Dist. Izq.": null, "Al.Dist. Der.": null, "Ruta": 158 }, "geometry": { "type": "Point", "coordinates": [ -62.7078314, -31.8692471 ] } },
{ "type": "Feature", "properties": { "Name": "76.07", "P.K.": null, "Al.Dist. Izq.": null, "Al.Dist. Der.": null, "Ruta": 158 }, "geometry": { "type": "Point", "coordinates": [ -62.708, -31.8689 ] } },
{ "type": "Feature", "properties": { "Name": "76.07", "P.K.": null, "Al.Dist. Izq.": null, "Al.Dist. Der.": null, "Ruta": 158 }, "geometry": { "type": "Point", "coordinates": [ -62.708, -31.8689 ] } },
{ "type": "Feature", "properties": { "Name": "76.08", "P.K.": null, "Al.Dist. Izq.": null, "Al.Dist. Der.": null, "Ruta": 158 }, "geometry": { "type": "Point", "coordinates": [ -62.7081347, -31.8683733 ] } },
{ "type": "Feature", "properties": { "Name": "76.1", "P.K.": null, "Al.Dist. Izq.": null, "Al.Dist. Der.": null, "Ruta": 158 }, "geometry": { "type": "Point", "coordinates": [ -62.7082369, -31.8688124 ] } },
{ "type": "Feature", "properties": { "Name": "76.14", "P.K.": null, "Al.Dist. Izq.": null, "Al.Dist. Der.": null, "Ruta": 158 }, "geometry": { "type": "Point", "coordinates": [ -62.708471, -31.8690914 ] } },
{ "type": "Feature", "properties": { "Name": "76.14", "P.K.": null, "Al.Dist. Izq.": null, "Al.Dist. Der.": null, "Ruta": 158 }, "geometry": { "type": "Point", "coordinates": [ -62.7084692, -31.8690919 ] } },
{ "type": "Feature", "properties": { "Name": "76.14", "P.K.": null, "Al.Dist. Izq.": null, "Al.Dist. Der.": null, "Ruta": 158 }, "geometry": { "type": "Point", "coordinates": [ -62.7083689, -31.8691716 ] } },
{ "type": "Feature", "properties": { "Name": "76.14", "P.K.": null, "Al.Dist. Izq.": null, "Al.Dist. Der.": null, "Ruta": 158 }, "geometry": { "type": "Point", "coordinates": [ -62.7082294, -31.8693011 ] } },
{ "type": "Feature", "properties": { "Name": "76.16", "P.K.": null, "Al.Dist. Izq.": null, "Al.Dist. Der.": null, "Ruta": 158 }, "geometry": { "type": "Point", "coordinates": [ -62.7084482, -31.8692973 ] } },
{ "type": "Feature", "properties": { "Name": "76.21", "P.K.": null, "Al.Dist. Izq.": null, "Al.Dist. Der.": null, "Ruta": 158 }, "geometry": { "type": "Point", "coordinates": [ -62.7088927, -31.8696048 ] } },
{ "type": "Feature", "properties": { "Name": "76.22", "P.K.": null, "Al.Dist. Izq.": null, "Al.Dist. Der.": null, "Ruta": 158 }, "geometry": { "type": "Point", "coordinates": [ -62.709, -31.8697 ] } },
{ "type": "Feature", "properties": { "Name": "76.23", "P.K.": null, "Al.Dist. Izq.": null, "Al.Dist. Der.": null, "Ruta": 158 }, "geometry": { "type": "Point", "coordinates": [ -62.709218, -31.8695054 ] } },
{ "type": "Feature", "properties": { "Name": "76.24", "P.K.": null, "Al.Dist. Izq.": null, "Al.Dist. Der.": null, "Ruta": 158 }, "geometry": { "type": "Point", "coordinates": [ -62.7092094, -31.8697879 ] } },
{ "type": "Feature", "properties": { "Name": "76.25", "P.K.": null, "Al.Dist. Izq.": null, "Al.Dist. Der.": null, "Ruta": 158 }, "geometry": { "type": "Point", "coordinates": [ -62.7092052, -31.8698665 ] } },
{ "type": "Feature", "properties": { "Name": "76.3", "P.K.": null, "Al.Dist. Izq.": null, "Al.Dist. Der.": null, "Ruta": 158 }, "geometry": { "type": "Point", "coordinates": [ -62.7096411, -31.8700607 ] } },
{ "type": "Feature", "properties": { "Name": "76.42", "P.K.": null, "Al.Dist. Izq.": null, "Al.Dist. Der.": null, "Ruta": 158 }, "geometry": { "type": "Point", "coordinates": [ -62.7105711, -31.8708536 ] } },
{ "type": "Feature", "properties": { "Name": "76.77", "P.K.": null, "Al.Dist. Izq.": null, "Al.Dist. Der.": null, "Ruta": 158 }, "geometry": { "type": "Point", "coordinates": [ -62.7135098, -31.8729393 ] } },
{ "type": "Feature", "properties": { "Name": "76.78", "P.K.": null, "Al.Dist. Izq.": null, "Al.Dist. Der.": null, "Ruta": 158 }, "geometry": { "type": "Point", "coordinates": [ -62.7136, -31.873 ] } },
{ "type": "Feature", "properties": { "Name": "76.78", "P.K.": null, "Al.Dist. Izq.": null, "Al.Dist. Der.": null, "Ruta": 158 }, "geometry": { "type": "Point", "coordinates": [ -62.7136503, -31.8729561 ] } },
{ "type": "Feature", "properties": { "Name": "76.98", "P.K.": null, "Al.Dist. Izq.": null, "Al.Dist. Der.": null, "Ruta": 158 }, "geometry": { "type": "Point", "coordinates": [ -62.7153, -31.8741 ] } },
{ "type": "Feature", "properties": { "Name": "77", "P.K.": "PK77", "Al.Dist. Izq.": null, "Al.Dist. Der.": null, "Ruta": 158 }, "geometry": { "type": "Point", "coordinates": [ -62.7153921, -31.8742265 ] } },
{ "type": "Feature", "properties": { "Name": "78", "P.K.": "PK78", "Al.Dist. Izq.": null, "Al.Dist. Der.": null, "Ruta": 158 }, "geometry": { "type": "Point", "coordinates": [ -62.7230652, -31.8800716 ] } },
{ "type": "Feature", "properties": { "Name": "78.05", "P.K.": null, "Al.Dist. Izq.": null, "Al.Dist. Der.": null, "Ruta": 158 }, "geometry": { "type": "Point", "coordinates": [ -62.7237, -31.8801 ] } },
{ "type": "Feature", "properties": { "Name": "78.12", "P.K.": null, "Al.Dist. Izq.": null, "Al.Dist. Der.": null, "Ruta": 158 }, "geometry": { "type": "Point", "coordinates": [ -62.724115, -31.8806038 ] } },
{ "type": "Feature", "properties": { "Name": "78.26", "P.K.": null, "Al.Dist. Izq.": null, "Al.Dist. Der.": null, "Ruta": 158 }, "geometry": { "type": "Point", "coordinates": [ -62.7252048, -31.881528 ] } },
{ "type": "Feature", "properties": { "Name": "78.28", "P.K.": null, "Al.Dist. Izq.": null, "Al.Dist. Der.": null, "Ruta": 158 }, "geometry": { "type": "Point", "coordinates": [ -62.725449, -31.8815714 ] } },
{ "type": "Feature", "properties": { "Name": "78.28", "P.K.": null, "Al.Dist. Izq.": 25, "Al.Dist. Der.": 30, "Ruta": 158 }, "geometry": { "type": "Point", "coordinates": [ -62.725449, -31.8815714 ] } },
{ "type": "Feature", "properties": { "Name": "78.3", "P.K.": null, "Al.Dist. Izq.": 25, "Al.Dist. Der.": 30, "Ruta": 158 }, "geometry": { "type": "Point", "coordinates": [ -62.7255352, -31.8817525 ] } },
{ "type": "Feature", "properties": { "Name": "78.34", "P.K.": null, "Al.Dist. Izq.": 25, "Al.Dist. Der.": 30, "Ruta": 158 }, "geometry": { "type": "Point", "coordinates": [ -62.7259489, -31.8819307 ] } },
{ "type": "Feature", "properties": { "Name": "78.37", "P.K.": null, "Al.Dist. Izq.": 25, "Al.Dist. Der.": 30, "Ruta": 158 }, "geometry": { "type": "Point", "coordinates": [ -62.7261, -31.8822 ] } },
{ "type": "Feature", "properties": { "Name": "78.38", "P.K.": null, "Al.Dist. Izq.": 25, "Al.Dist. Der.": 30, "Ruta": 158 }, "geometry": { "type": "Point", "coordinates": [ -62.7262782, -31.88215 ] } },
{ "type": "Feature", "properties": { "Name": "78.4", "P.K.": null, "Al.Dist. Izq.": 25, "Al.Dist. Der.": 30, "Ruta": 158 }, "geometry": { "type": "Point", "coordinates": [ -62.7264272, -31.8822626 ] } },
{ "type": "Feature", "properties": { "Name": "78.42", "P.K.": null, "Al.Dist. Izq.": 25, "Al.Dist. Der.": 30, "Ruta": 158 }, "geometry": { "type": "Point", "coordinates": [ -62.7265265, -31.8825002 ] } },
{ "type": "Feature", "properties": { "Name": "78.43", "P.K.": null, "Al.Dist. Izq.": 25, "Al.Dist. Der.": 30, "Ruta": 158 }, "geometry": { "type": "Point", "coordinates": [ -62.7266222, -31.882411 ] } },
{ "type": "Feature", "properties": { "Name": "78.45", "P.K.": null, "Al.Dist. Izq.": 25, "Al.Dist. Der.": 30, "Ruta": 158 }, "geometry": { "type": "Point", "coordinates": [ -62.7268292, -31.8825332 ] } },
{ "type": "Feature", "properties": { "Name": "78.46", "P.K.": null, "Al.Dist. Izq.": 25, "Al.Dist. Der.": 30, "Ruta": 158 }, "geometry": { "type": "Point", "coordinates": [ -62.7268678, -31.8825566 ] } },
{ "type": "Feature", "properties": { "Name": "78.46", "P.K.": null, "Al.Dist. Izq.": 25, "Al.Dist. Der.": 30, "Ruta": 158 }, "geometry": { "type": "Point", "coordinates": [ -62.7268678, -31.8825566 ] } },
{ "type": "Feature", "properties": { "Name": "78.49", "P.K.": null, "Al.Dist. Izq.": 25, "Al.Dist. Der.": 30, "Ruta": 158 }, "geometry": { "type": "Point", "coordinates": [ -62.7271833, -31.8827582 ] } },
{ "type": "Feature", "properties": { "Name": "78.5", "P.K.": null, "Al.Dist. Izq.": 25, "Al.Dist. Der.": 30, "Ruta": 158 }, "geometry": { "type": "Point", "coordinates": [ -62.7272844, -31.8828248 ] } },
{ "type": "Feature", "properties": { "Name": "78.55", "P.K.": null, "Al.Dist. Izq.": 25, "Al.Dist. Der.": 30, "Ruta": 158 }, "geometry": { "type": "Point", "coordinates": [ -62.7276851, -31.8830994 ] } },
{ "type": "Feature", "properties": { "Name": "78.62", "P.K.": null, "Al.Dist. Izq.": 25, "Al.Dist. Der.": 30, "Ruta": 158 }, "geometry": { "type": "Point", "coordinates": [ -62.7281548, -31.8835123 ] } },
{ "type": "Feature", "properties": { "Name": "78.63", "P.K.": null, "Al.Dist. Izq.": 25, "Al.Dist. Der.": 30, "Ruta": 158 }, "geometry": { "type": "Point", "coordinates": [ -62.7282488, -31.883542 ] } },
{ "type": "Feature", "properties": { "Name": "78.65", "P.K.": null, "Al.Dist. Izq.": 25, "Al.Dist. Der.": 30, "Ruta": 158 }, "geometry": { "type": "Point", "coordinates": [ -62.7284898, -31.8835199 ] } },
{ "type": "Feature", "properties": { "Name": "78.66", "P.K.": null, "Al.Dist. Izq.": 25, "Al.Dist. Der.": 30, "Ruta": 158 }, "geometry": { "type": "Point", "coordinates": [ -62.7285567, -31.8836741 ] } },
{ "type": "Feature", "properties": { "Name": "78.67", "P.K.": null, "Al.Dist. Izq.": 25, "Al.Dist. Der.": 30, "Ruta": 158 }, "geometry": { "type": "Point", "coordinates": [ -62.7287, -31.8838 ] } },
{ "type": "Feature", "properties": { "Name": "78.68", "P.K.": null, "Al.Dist. Izq.": 25, "Al.Dist. Der.": 30, "Ruta": 158 }, "geometry": { "type": "Point", "coordinates": [ -62.7287879, -31.8837595 ] } },
{ "type": "Feature", "properties": { "Name": "78.71", "P.K.": null, "Al.Dist. Izq.": 25, "Al.Dist. Der.": 30, "Ruta": 158 }, "geometry": { "type": "Point", "coordinates": [ -62.7290709, -31.8839903 ] } },
{ "type": "Feature", "properties": { "Name": "78.73", "P.K.": null, "Al.Dist. Izq.": 25, "Al.Dist. Der.": 30, "Ruta": 158 }, "geometry": { "type": "Point", "coordinates": [ -62.7293319, -31.8837945 ] } },
{ "type": "Feature", "properties": { "Name": "78.74", "P.K.": null, "Al.Dist. Izq.": 25, "Al.Dist. Der.": 30, "Ruta": 158 }, "geometry": { "type": "Point", "coordinates": [ -62.7293536, -31.8839086 ] } },
{ "type": "Feature", "properties": { "Name": "78.75", "P.K.": null, "Al.Dist. Izq.": 25, "Al.Dist. Der.": 30, "Ruta": 158 }, "geometry": { "type": "Point", "coordinates": [ -62.7295106, -31.8840566 ] } },
{ "type": "Feature", "properties": { "Name": "78.8", "P.K.": null, "Al.Dist. Izq.": 25, "Al.Dist. Der.": 30, "Ruta": 158 }, "geometry": { "type": "Point", "coordinates": [ -62.7300148, -31.8840167 ] } },
{ "type": "Feature", "properties": { "Name": "78.81", "P.K.": null, "Al.Dist. Izq.": 25, "Al.Dist. Der.": 30, "Ruta": 158 }, "geometry": { "type": "Point", "coordinates": [ -62.7301382, -31.884019 ] } },
{ "type": "Feature", "properties": { "Name": "78.89", "P.K.": null, "Al.Dist. Izq.": 25, "Al.Dist. Der.": 30, "Ruta": 158 }, "geometry": { "type": "Point", "coordinates": [ -62.7309614, -31.8842342 ] } },
{ "type": "Feature", "properties": { "Name": "78.91", "P.K.": null, "Al.Dist. Izq.": 25, "Al.Dist. Der.": 30, "Ruta": 158 }, "geometry": { "type": "Point", "coordinates": [ -62.731158, -31.8841389 ] } },
{ "type": "Feature", "properties": { "Name": "78.92", "P.K.": null, "Al.Dist. Izq.": 25, "Al.Dist. Der.": 30, "Ruta": 158 }, "geometry": { "type": "Point", "coordinates": [ -62.7312324, -31.8842839 ] } },
{ "type": "Feature", "properties": { "Name": "78.94", "P.K.": null, "Al.Dist. Izq.": 25, "Al.Dist. Der.": 30, "Ruta": 158 }, "geometry": { "type": "Point", "coordinates": [ -62.7314759, -31.8843365 ] } },
{ "type": "Feature", "properties": { "Name": "78.95", "P.K.": null, "Al.Dist. Izq.": 25, "Al.Dist. Der.": 30, "Ruta": 158 }, "geometry": { "type": "Point", "coordinates": [ -62.7316099, -31.8843573 ] } },
{ "type": "Feature", "properties": { "Name": "78.96", "P.K.": null, "Al.Dist. Izq.": 25, "Al.Dist. Der.": 30, "Ruta": 158 }, "geometry": { "type": "Point", "coordinates": [ -62.7316733, -31.8842249 ] } },
{ "type": "Feature", "properties": { "Name": "79", "P.K.": "PK79", "Al.Dist. Izq.": 25, "Al.Dist. Der.": 30, "Ruta": 158 }, "geometry": { "type": "Point", "coordinates": [ -62.7321381, -31.8843221 ] } },
{ "type": "Feature", "properties": { "Name": "79", "P.K.": null, "Al.Dist. Izq.": 25, "Al.Dist. Der.": 30, "Ruta": 158 }, "geometry": { "type": "Point", "coordinates": [ -62.7321264, -31.8843594 ] } },
{ "type": "Feature", "properties": { "Name": "79.05", "P.K.": null, "Al.Dist. Izq.": 25, "Al.Dist. Der.": 30, "Ruta": 158 }, "geometry": { "type": "Point", "coordinates": [ -62.7326496, -31.884481 ] } },
{ "type": "Feature", "properties": { "Name": "79.11", "P.K.": null, "Al.Dist. Izq.": 25, "Al.Dist. Der.": 30, "Ruta": 158 }, "geometry": { "type": "Point", "coordinates": [ -62.73319, -31.88449 ] } },
{ "type": "Feature", "properties": { "Name": "79.13", "P.K.": null, "Al.Dist. Izq.": 25, "Al.Dist. Der.": 30, "Ruta": 158 }, "geometry": { "type": "Point", "coordinates": [ -62.7333699, -31.8846296 ] } },
{ "type": "Feature", "properties": { "Name": "79.2", "P.K.": null, "Al.Dist. Izq.": 25, "Al.Dist. Der.": 30, "Ruta": 158 }, "geometry": { "type": "Point", "coordinates": [ -62.7340193, -31.8849168 ] } },
{ "type": "Feature", "properties": { "Name": "79.24", "P.K.": null, "Al.Dist. Izq.": 25, "Al.Dist. Der.": 30, "Ruta": 158 }, "geometry": { "type": "Point", "coordinates": [ -62.7345373, -31.8849848 ] } },
{ "type": "Feature", "properties": { "Name": "79.24", "P.K.": null, "Al.Dist. Izq.": 25, "Al.Dist. Der.": 30, "Ruta": 158 }, "geometry": { "type": "Point", "coordinates": [ -62.734421, -31.8850888 ] } },
{ "type": "Feature", "properties": { "Name": "79.31", "P.K.": null, "Al.Dist. Izq.": 25, "Al.Dist. Der.": 30, "Ruta": 158 }, "geometry": { "type": "Point", "coordinates": [ -62.73504, -31.88535 ] } },
{ "type": "Feature", "properties": { "Name": "79.34", "P.K.": null, "Al.Dist. Izq.": 25, "Al.Dist. Der.": 30, "Ruta": 158 }, "geometry": { "type": "Point", "coordinates": [ -62.7352505, -31.8856564 ] } },
{ "type": "Feature", "properties": { "Name": "79.35", "P.K.": null, "Al.Dist. Izq.": 25, "Al.Dist. Der.": 30, "Ruta": 158 }, "geometry": { "type": "Point", "coordinates": [ -62.7353863, -31.8855542 ] } },
{ "type": "Feature", "properties": { "Name": "79.39", "P.K.": null, "Al.Dist. Izq.": 25, "Al.Dist. Der.": 30, "Ruta": 158 }, "geometry": { "type": "Point", "coordinates": [ -62.7356518, -31.8859496 ] } },
{ "type": "Feature", "properties": { "Name": "79.45", "P.K.": null, "Al.Dist. Izq.": 25, "Al.Dist. Der.": 30, "Ruta": 158 }, "geometry": { "type": "Point", "coordinates": [ -62.7361225, -31.8862967 ] } },
{ "type": "Feature", "properties": { "Name": "79.48", "P.K.": null, "Al.Dist. Izq.": 25, "Al.Dist. Der.": 30, "Ruta": 158 }, "geometry": { "type": "Point", "coordinates": [ -62.7363877, -31.8863468 ] } },
{ "type": "Feature", "properties": { "Name": "79.54", "P.K.": null, "Al.Dist. Izq.": 25, "Al.Dist. Der.": 30, "Ruta": 158 }, "geometry": { "type": "Point", "coordinates": [ -62.7368638, -31.8867954 ] } },
{ "type": "Feature", "properties": { "Name": "79.71", "P.K.": null, "Al.Dist. Izq.": 25, "Al.Dist. Der.": 30, "Ruta": 158 }, "geometry": { "type": "Point", "coordinates": [ -62.7383393, -31.8877122 ] } },
{ "type": "Feature", "properties": { "Name": "79.77", "P.K.": null, "Al.Dist. Izq.": 25, "Al.Dist. Der.": 30, "Ruta": 158 }, "geometry": { "type": "Point", "coordinates": [ -62.7387665, -31.8880174 ] } },
{ "type": "Feature", "properties": { "Name": "79.78", "P.K.": null, "Al.Dist. Izq.": 25, "Al.Dist. Der.": 30, "Ruta": 158 }, "geometry": { "type": "Point", "coordinates": [ -62.738872, -31.888168 ] } },
{ "type": "Feature", "properties": { "Name": "79.84", "P.K.": null, "Al.Dist. Izq.": 25, "Al.Dist. Der.": 30, "Ruta": 158 }, "geometry": { "type": "Point", "coordinates": [ -62.739343, -31.888488 ] } },
{ "type": "Feature", "properties": { "Name": "80", "P.K.": null, "Al.Dist. Izq.": 25, "Al.Dist. Der.": 30, "Ruta": 158 }, "geometry": { "type": "Point", "coordinates": [ -62.7406607, -31.8893705 ] } },
{ "type": "Feature", "properties": { "Name": "80.05", "P.K.": null, "Al.Dist. Izq.": 25, "Al.Dist. Der.": 30, "Ruta": 158 }, "geometry": { "type": "Point", "coordinates": [ -62.741075, -31.889669 ] } },
{ "type": "Feature", "properties": { "Name": "80.05", "P.K.": null, "Al.Dist. Izq.": 25, "Al.Dist. Der.": 30, "Ruta": 158 }, "geometry": { "type": "Point", "coordinates": [ -62.7411167, -31.8896613 ] } },
{ "type": "Feature", "properties": { "Name": "80.05", "P.K.": null, "Al.Dist. Izq.": 25, "Al.Dist. Der.": 30, "Ruta": 158 }, "geometry": { "type": "Point", "coordinates": [ -62.7411106, -31.8896677 ] } },
{ "type": "Feature", "properties": { "Name": "80.07", "P.K.": null, "Al.Dist. Izq.": 25, "Al.Dist. Der.": 30, "Ruta": 158 }, "geometry": { "type": "Point", "coordinates": [ -62.7411268, -31.8898589 ] } },
{ "type": "Feature", "properties": { "Name": "80.48", "P.K.": null, "Al.Dist. Izq.": 25, "Al.Dist. Der.": 30, "Ruta": 158 }, "geometry": { "type": "Point", "coordinates": [ -62.7444592, -31.892254 ] } },
{ "type": "Feature", "properties": { "Name": "80.61", "P.K.": null, "Al.Dist. Izq.": 25, "Al.Dist. Der.": 30, "Ruta": 158 }, "geometry": { "type": "Point", "coordinates": [ -62.7455129, -31.8930776 ] } },
{ "type": "Feature", "properties": { "Name": "80.8", "P.K.": null, "Al.Dist. Izq.": 25, "Al.Dist. Der.": 30, "Ruta": 158 }, "geometry": { "type": "Point", "coordinates": [ -62.7470951, -31.8940972 ] } },
{ "type": "Feature", "properties": { "Name": "80.9", "P.K.": null, "Al.Dist. Izq.": 25, "Al.Dist. Der.": 30, "Ruta": 158 }, "geometry": { "type": "Point", "coordinates": [ -62.7479175, -31.8945458 ] } },
{ "type": "Feature", "properties": { "Name": "80.93", "P.K.": null, "Al.Dist. Izq.": 25, "Al.Dist. Der.": 30, "Ruta": 158 }, "geometry": { "type": "Point", "coordinates": [ -62.7481828, -31.894728 ] } },
{ "type": "Feature", "properties": { "Name": "81", "P.K.": "PK81", "Al.Dist. Izq.": 25, "Al.Dist. Der.": 30, "Ruta": 158 }, "geometry": { "type": "Point", "coordinates": [ -62.748725, -31.895139 ] } },
{ "type": "Feature", "properties": { "Name": "81.03", "P.K.": null, "Al.Dist. Izq.": 25, "Al.Dist. Der.": 30, "Ruta": 158 }, "geometry": { "type": "Point", "coordinates": [ -62.7489656, -31.8953148 ] } },
{ "type": "Feature", "properties": { "Name": "82", "P.K.": "PK82", "Al.Dist. Izq.": 25, "Al.Dist. Der.": 30, "Ruta": 158 }, "geometry": { "type": "Point", "coordinates": [ -62.7564993, -31.9009996 ] } },
{ "type": "Feature", "properties": { "Name": "82.19", "P.K.": null, "Al.Dist. Izq.": 25, "Al.Dist. Der.": 30, "Ruta": 158 }, "geometry": { "type": "Point", "coordinates": [ -62.7580905, -31.9019368 ] } },
{ "type": "Feature", "properties": { "Name": "82.34", "P.K.": null, "Al.Dist. Izq.": 25, "Al.Dist. Der.": 30, "Ruta": 158 }, "geometry": { "type": "Point", "coordinates": [ -62.7593212, -31.9028168 ] } },
{ "type": "Feature", "properties": { "Name": "82.52", "P.K.": null, "Al.Dist. Izq.": 25, "Al.Dist. Der.": 30, "Ruta": 158 }, "geometry": { "type": "Point", "coordinates": [ -62.7608139, -31.903945 ] } },
{ "type": "Feature", "properties": { "Name": "82.53", "P.K.": null, "Al.Dist. Izq.": 25, "Al.Dist. Der.": 30, "Ruta": 158 }, "geometry": { "type": "Point", "coordinates": [ -62.761, -31.9039 ] } },
{ "type": "Feature", "properties": { "Name": "82.65", "P.K.": null, "Al.Dist. Izq.": 25, "Al.Dist. Der.": 30, "Ruta": 158 }, "geometry": { "type": "Point", "coordinates": [ -62.7618278, -31.9048205 ] } },
{ "type": "Feature", "properties": { "Name": "83", "P.K.": "PK83", "Al.Dist. Izq.": 25, "Al.Dist. Der.": 30, "Ruta": 158 }, "geometry": { "type": "Point", "coordinates": [ -62.7647712, -31.9065876 ] } },
{ "type": "Feature", "properties": { "Name": "83.04", "P.K.": null, "Al.Dist. Izq.": 25, "Al.Dist. Der.": 30, "Ruta": 158 }, "geometry": { "type": "Point", "coordinates": [ -62.7650798, -31.9068468 ] } },
{ "type": "Feature", "properties": { "Name": "83.18", "P.K.": null, "Al.Dist. Izq.": 35, "Al.Dist. Der.": 15, "Ruta": 158 }, "geometry": { "type": "Point", "coordinates": [ -62.766172, -31.9078503 ] } },
{ "type": "Feature", "properties": { "Name": "83.24", "P.K.": null, "Al.Dist. Izq.": 35, "Al.Dist. Der.": 15, "Ruta": 158 }, "geometry": { "type": "Point", "coordinates": [ -62.766762, -31.9080205 ] } },
{ "type": "Feature", "properties": { "Name": "83.34", "P.K.": null, "Al.Dist. Izq.": 35, "Al.Dist. Der.": 15, "Ruta": 158 }, "geometry": { "type": "Point", "coordinates": [ -62.7672841, -31.9087241 ] } },
{ "type": "Feature", "properties": { "Name": "83.44", "P.K.": null, "Al.Dist. Izq.": 35, "Al.Dist. Der.": 15, "Ruta": 158 }, "geometry": { "type": "Point", "coordinates": [ -62.7683381, -31.9090402 ] } },
{ "type": "Feature", "properties": { "Name": "83.51", "P.K.": null, "Al.Dist. Izq.": 35, "Al.Dist. Der.": 15, "Ruta": 158 }, "geometry": { "type": "Point", "coordinates": [ -62.7688381, -31.9095402 ] } },
{ "type": "Feature", "properties": { "Name": "83.56", "P.K.": null, "Al.Dist. Izq.": 35, "Al.Dist. Der.": 15, "Ruta": 158 }, "geometry": { "type": "Point", "coordinates": [ -62.7692206, -31.9098286 ] } },
{ "type": "Feature", "properties": { "Name": "83.77", "P.K.": null, "Al.Dist. Izq.": 35, "Al.Dist. Der.": 15, "Ruta": 158 }, "geometry": { "type": "Point", "coordinates": [ -62.7708263, -31.9109943 ] } },
{ "type": "Feature", "properties": { "Name": "84", "P.K.": "PK84", "Al.Dist. Izq.": 35, "Al.Dist. Der.": 15, "Ruta": 158 }, "geometry": { "type": "Point", "coordinates": [ -62.7726073, -31.9124644 ] } },
{ "type": "Feature", "properties": { "Name": "84.51", "P.K.": null, "Al.Dist. Izq.": 35, "Al.Dist. Der.": 15, "Ruta": 158 }, "geometry": { "type": "Point", "coordinates": [ -62.7756876, -31.9145306 ] } },
{ "type": "Feature", "properties": { "Name": "85", "P.K.": "PK85", "Al.Dist. Izq.": 35, "Al.Dist. Der.": 15, "Ruta": 158 }, "geometry": { "type": "Point", "coordinates": [ -62.7784454, -31.9166758 ] } },
{ "type": "Feature", "properties": { "Name": "85.38", "P.K.": null, "Al.Dist. Izq.": 35, "Al.Dist. Der.": 15, "Ruta": 158 }, "geometry": { "type": "Point", "coordinates": [ -62.7825467, -31.9192552 ] } },
{ "type": "Feature", "properties": { "Name": "85.6", "P.K.": null, "Al.Dist. Izq.": 35, "Al.Dist. Der.": 15, "Ruta": 158 }, "geometry": { "type": "Point", "coordinates": [ -62.7847141, -31.921074 ] } },
{ "type": "Feature", "properties": { "Name": "86", "P.K.": "PK86", "Al.Dist. Izq.": 35, "Al.Dist. Der.": 15, "Ruta": 158 }, "geometry": { "type": "Point", "coordinates": [ -62.7887572, -31.9241647 ] } },
{ "type": "Feature", "properties": { "Name": "86.35", "P.K.": null, "Al.Dist. Izq.": 35, "Al.Dist. Der.": 15, "Ruta": 158 }, "geometry": { "type": "Point", "coordinates": [ -62.7916498, -31.9261112 ] } },
{ "type": "Feature", "properties": { "Name": "86.46", "P.K.": null, "Al.Dist. Izq.": 35, "Al.Dist. Der.": 15, "Ruta": 158 }, "geometry": { "type": "Point", "coordinates": [ -62.7925202, -31.9267088 ] } },
{ "type": "Feature", "properties": { "Name": "87", "P.K.": "PK87", "Al.Dist. Izq.": 35, "Al.Dist. Der.": 15, "Ruta": 158 }, "geometry": { "type": "Point", "coordinates": [ -62.7968684, -31.9298867 ] } },
{ "type": "Feature", "properties": { "Name": "87.19", "P.K.": null, "Al.Dist. Izq.": 35, "Al.Dist. Der.": 15, "Ruta": 158 }, "geometry": { "type": "Point", "coordinates": [ -62.7983787, -31.9309654 ] } },
{ "type": "Feature", "properties": { "Name": "87.21", "P.K.": null, "Al.Dist. Izq.": 35, "Al.Dist. Der.": 15, "Ruta": 158 }, "geometry": { "type": "Point", "coordinates": [ -62.7985577, -31.9311059 ] } },
{ "type": "Feature", "properties": { "Name": "87.54", "P.K.": null, "Al.Dist. Izq.": 35, "Al.Dist. Der.": 15, "Ruta": 158 }, "geometry": { "type": "Point", "coordinates": [ -62.801, -31.9331 ] } },
{ "type": "Feature", "properties": { "Name": "87.56", "P.K.": null, "Al.Dist. Izq.": 35, "Al.Dist. Der.": 15, "Ruta": 158 }, "geometry": { "type": "Point", "coordinates": [ -62.8013, -31.933 ] } },
{ "type": "Feature", "properties": { "Name": "88", "P.K.": "PK88", "Al.Dist. Izq.": 35, "Al.Dist. Der.": 15, "Ruta": 158 }, "geometry": { "type": "Point", "coordinates": [ -62.8045041, -31.9358616 ] } },
{ "type": "Feature", "properties": { "Name": "88.22", "P.K.": null, "Al.Dist. Izq.": 35, "Al.Dist. Der.": 15, "Ruta": 158 }, "geometry": { "type": "Point", "coordinates": [ -62.8063636, -31.9367524 ] } },
{ "type": "Feature", "properties": { "Name": "88.38", "P.K.": null, "Al.Dist. Izq.": 35, "Al.Dist. Der.": 15, "Ruta": 158 }, "geometry": { "type": "Point", "coordinates": [ -62.8075666, -31.937624 ] } },
{ "type": "Feature", "properties": { "Name": "88.72", "P.K.": null, "Al.Dist. Izq.": 35, "Al.Dist. Der.": 15, "Ruta": 158 }, "geometry": { "type": "Point", "coordinates": [ -62.8100231, -31.9394593 ] } },
{ "type": "Feature", "properties": { "Name": "88.82", "P.K.": null, "Al.Dist. Izq.": 35, "Al.Dist. Der.": 15, "Ruta": 158 }, "geometry": { "type": "Point", "coordinates": [ -62.8105485, -31.940272 ] } },
{ "type": "Feature", "properties": { "Name": "88.99", "P.K.": null, "Al.Dist. Izq.": 35, "Al.Dist. Der.": 15, "Ruta": 158 }, "geometry": { "type": "Point", "coordinates": [ -62.811788, -31.9412572 ] } },
{ "type": "Feature", "properties": { "Name": "89", "P.K.": "PK89", "Al.Dist. Izq.": 35, "Al.Dist. Der.": 15, "Ruta": 158 }, "geometry": { "type": "Point", "coordinates": [ -62.8120404, -31.9410438 ] } },
{ "type": "Feature", "properties": { "Name": "89.34", "P.K.": null, "Al.Dist. Izq.": 35, "Al.Dist. Der.": 15, "Ruta": 158 }, "geometry": { "type": "Point", "coordinates": [ -62.8148672, -31.9433248 ] } },
{ "type": "Feature", "properties": { "Name": "89.36", "P.K.": null, "Al.Dist. Izq.": 35, "Al.Dist. Der.": 15, "Ruta": 158 }, "geometry": { "type": "Point", "coordinates": [ -62.8148987, -31.9434969 ] } },
{ "type": "Feature", "properties": { "Name": "89.49", "P.K.": null, "Al.Dist. Izq.": 35, "Al.Dist. Der.": 15, "Ruta": 158 }, "geometry": { "type": "Point", "coordinates": [ -62.8159454, -31.9444494 ] } },
{ "type": "Feature", "properties": { "Name": "89.5", "P.K.": null, "Al.Dist. Izq.": 35, "Al.Dist. Der.": 15, "Ruta": 158 }, "geometry": { "type": "Point", "coordinates": [ -62.8162032, -31.9442379 ] } },
{ "type": "Feature", "properties": { "Name": "89.67", "P.K.": null, "Al.Dist. Izq.": 35, "Al.Dist. Der.": 15, "Ruta": 158 }, "geometry": { "type": "Point", "coordinates": [ -62.8177747, -31.9453609 ] } },
{ "type": "Feature", "properties": { "Name": "89.71", "P.K.": null, "Al.Dist. Izq.": 35, "Al.Dist. Der.": 15, "Ruta": 158 }, "geometry": { "type": "Point", "coordinates": [ -62.8180921, -31.945586 ] } },
{ "type": "Feature", "properties": { "Name": "89.91", "P.K.": null, "Al.Dist. Izq.": 35, "Al.Dist. Der.": 15, "Ruta": 158 }, "geometry": { "type": "Point", "coordinates": [ -62.8195241, -31.9470597 ] } },
{ "type": "Feature", "properties": { "Name": "90", "P.K.": "PK90", "Al.Dist. Izq.": 35, "Al.Dist. Der.": 15, "Ruta": 158 }, "geometry": { "type": "Point", "coordinates": [ -62.8203472, -31.9477536 ] } },
{ "type": "Feature", "properties": { "Name": "90.01", "P.K.": null, "Al.Dist. Izq.": 35, "Al.Dist. Der.": 15, "Ruta": 158 }, "geometry": { "type": "Point", "coordinates": [ -62.8205873, -31.9475958 ] } },
{ "type": "Feature", "properties": { "Name": "90.05", "P.K.": null, "Al.Dist. Izq.": 35, "Al.Dist. Der.": 15, "Ruta": 158 }, "geometry": { "type": "Point", "coordinates": [ -62.8207652, -31.9479077 ] } },
{ "type": "Feature", "properties": { "Name": "90.21", "P.K.": null, "Al.Dist. Izq.": 35, "Al.Dist. Der.": 15, "Ruta": 158 }, "geometry": { "type": "Point", "coordinates": [ -62.822, -31.949 ] } },
{ "type": "Feature", "properties": { "Name": "90.37", "P.K.": null, "Al.Dist. Izq.": 35, "Al.Dist. Der.": 15, "Ruta": 158 }, "geometry": { "type": "Point", "coordinates": [ -62.8232678, -31.9499547 ] } },
{ "type": "Feature", "properties": { "Name": "90.63", "P.K.": null, "Al.Dist. Izq.": 35, "Al.Dist. Der.": 15, "Ruta": 158 }, "geometry": { "type": "Point", "coordinates": [ -62.8252875, -31.9516331 ] } },
{ "type": "Feature", "properties": { "Name": "90.8", "P.K.": null, "Al.Dist. Izq.": 35, "Al.Dist. Der.": 15, "Ruta": 158 }, "geometry": { "type": "Point", "coordinates": [ -62.8267899, -31.9524464 ] } },
{ "type": "Feature", "properties": { "Name": "90.87", "P.K.": null, "Al.Dist. Izq.": 35, "Al.Dist. Der.": 15, "Ruta": 158 }, "geometry": { "type": "Point", "coordinates": [ -62.8275327, -31.9527392 ] } },
{ "type": "Feature", "properties": { "Name": "91", "P.K.": "PK91", "Al.Dist. Izq.": 35, "Al.Dist. Der.": 15, "Ruta": 158 }, "geometry": { "type": "Point", "coordinates": [ -62.8286053, -31.9534657 ] } },
{ "type": "Feature", "properties": { "Name": "91.21", "P.K.": null, "Al.Dist. Izq.": 35, "Al.Dist. Der.": 15, "Ruta": 158 }, "geometry": { "type": "Point", "coordinates": [ -62.83039, -31.9546947 ] } },
{ "type": "Feature", "properties": { "Name": "91.28", "P.K.": null, "Al.Dist. Izq.": 35, "Al.Dist. Der.": 15, "Ruta": 158 }, "geometry": { "type": "Point", "coordinates": [ -62.83094, -31.95508 ] } },
{ "type": "Feature", "properties": { "Name": "91.33", "P.K.": null, "Al.Dist. Izq.": 35, "Al.Dist. Der.": 15, "Ruta": 158 }, "geometry": { "type": "Point", "coordinates": [ -62.8313333, -31.9553656 ] } },
{ "type": "Feature", "properties": { "Name": "91.37", "P.K.": null, "Al.Dist. Izq.": 35, "Al.Dist. Der.": 15, "Ruta": 158 }, "geometry": { "type": "Point", "coordinates": [ -62.8316948, -31.9556727 ] } },
{ "type": "Feature", "properties": { "Name": "91.43", "P.K.": null, "Al.Dist. Izq.": 35, "Al.Dist. Der.": 15, "Ruta": 158 }, "geometry": { "type": "Point", "coordinates": [ -62.83207, -31.95608 ] } },
{ "type": "Feature", "properties": { "Name": "91.44", "P.K.": null, "Al.Dist. Izq.": 35, "Al.Dist. Der.": 15, "Ruta": 158 }, "geometry": { "type": "Point", "coordinates": [ -62.8321054, -31.9562202 ] } },
{ "type": "Feature", "properties": { "Name": "91.57", "P.K.": null, "Al.Dist. Izq.": 35, "Al.Dist. Der.": 15, "Ruta": 158 }, "geometry": { "type": "Point", "coordinates": [ -62.8329087, -31.9573097 ] } },
{ "type": "Feature", "properties": { "Name": "91.58", "P.K.": null, "Al.Dist. Izq.": 35, "Al.Dist. Der.": 15, "Ruta": 158 }, "geometry": { "type": "Point", "coordinates": [ -62.833155, -31.9571436 ] } },
{ "type": "Feature", "properties": { "Name": "91.71", "P.K.": null, "Al.Dist. Izq.": 35, "Al.Dist. Der.": 15, "Ruta": 158 }, "geometry": { "type": "Point", "coordinates": [ -62.8340508, -31.9580823 ] } },
{ "type": "Feature", "properties": { "Name": "91.73", "P.K.": null, "Al.Dist. Izq.": 35, "Al.Dist. Der.": 15, "Ruta": 158 }, "geometry": { "type": "Point", "coordinates": [ -62.8341838, -31.9582213 ] } },
{ "type": "Feature", "properties": { "Name": "91.83", "P.K.": null, "Al.Dist. Izq.": 35, "Al.Dist. Der.": 15, "Ruta": 158 }, "geometry": { "type": "Point", "coordinates": [ -62.83485, -31.95901 ] } },
{ "type": "Feature", "properties": { "Name": "92", "P.K.": "PK92", "Al.Dist. Izq.": 35, "Al.Dist. Der.": 15, "Ruta": 158 }, "geometry": { "type": "Point", "coordinates": [ -62.8360777, -31.9601193 ] } },
{ "type": "Feature", "properties": { "Name": "92.01", "P.K.": null, "Al.Dist. Izq.": 35, "Al.Dist. Der.": 15, "Ruta": 158 }, "geometry": { "type": "Point", "coordinates": [ -62.8360677, -31.9603108 ] } },
{ "type": "Feature", "properties": { "Name": "92.04", "P.K.": null, "Al.Dist. Izq.": 35, "Al.Dist. Der.": 15, "Ruta": 158 }, "geometry": { "type": "Point", "coordinates": [ -62.8365293, -31.9602729 ] } },
{ "type": "Feature", "properties": { "Name": "92.09", "P.K.": null, "Al.Dist. Izq.": 35, "Al.Dist. Der.": 15, "Ruta": 158 }, "geometry": { "type": "Point", "coordinates": [ -62.8368965, -31.9605903 ] } },
{ "type": "Feature", "properties": { "Name": "92.14", "P.K.": null, "Al.Dist. Izq.": 35, "Al.Dist. Der.": 15, "Ruta": 158 }, "geometry": { "type": "Point", "coordinates": [ -62.8374002, -31.9606955 ] } },
{ "type": "Feature", "properties": { "Name": "92.15", "P.K.": null, "Al.Dist. Izq.": 35, "Al.Dist. Der.": 15, "Ruta": 158 }, "geometry": { "type": "Point", "coordinates": [ -62.8375, -31.96069 ] } },
{ "type": "Feature", "properties": { "Name": "92.15", "P.K.": null, "Al.Dist. Izq.": 35, "Al.Dist. Der.": 50, "Ruta": 158 }, "geometry": { "type": "Point", "coordinates": [ -62.8375, -31.96069 ] } },
{ "type": "Feature", "properties": { "Name": "92.19", "P.K.": null, "Al.Dist. Izq.": 35, "Al.Dist. Der.": 50, "Ruta": 158 }, "geometry": { "type": "Point", "coordinates": [ -62.8378433, -31.9610705 ] } },
{ "type": "Feature", "properties": { "Name": "92.19", "P.K.": null, "Al.Dist. Izq.": 35, "Al.Dist. Der.": 50, "Ruta": 158 }, "geometry": { "type": "Point", "coordinates": [ -62.8379511, -31.9609017 ] } },
{ "type": "Feature", "properties": { "Name": "92.48", "P.K.": null, "Al.Dist. Izq.": 35, "Al.Dist. Der.": 50, "Ruta": 158 }, "geometry": { "type": "Point", "coordinates": [ -62.84068, -31.96204 ] } },
{ "type": "Feature", "properties": { "Name": "92.61", "P.K.": null, "Al.Dist. Izq.": 35, "Al.Dist. Der.": 50, "Ruta": 158 }, "geometry": { "type": "Point", "coordinates": [ -62.84176, -31.96257 ] } },
{ "type": "Feature", "properties": { "Name": "92.93", "P.K.": null, "Al.Dist. Izq.": 35, "Al.Dist. Der.": 50, "Ruta": 158 }, "geometry": { "type": "Point", "coordinates": [ -62.8442444, -31.9645297 ] } },
{ "type": "Feature", "properties": { "Name": "92.94", "P.K.": null, "Al.Dist. Izq.": 35, "Al.Dist. Der.": 50, "Ruta": 158 }, "geometry": { "type": "Point", "coordinates": [ -62.8446, -31.9643 ] } },
{ "type": "Feature", "properties": { "Name": "92.96", "P.K.": null, "Al.Dist. Izq.": 35, "Al.Dist. Der.": 50, "Ruta": 158 }, "geometry": { "type": "Point", "coordinates": [ -62.8445988, -31.964582 ] } },
{ "type": "Feature", "properties": { "Name": "92.97", "P.K.": null, "Al.Dist. Izq.": 35, "Al.Dist. Der.": 50, "Ruta": 158 }, "geometry": { "type": "Point", "coordinates": [ -62.8446898, -31.9646434 ] } },
{ "type": "Feature", "properties": { "Name": "92.97", "P.K.": null, "Al.Dist. Izq.": 35, "Al.Dist. Der.": 15, "Ruta": 158 }, "geometry": { "type": "Point", "coordinates": [ -62.8446898, -31.9646434 ] } },
{ "type": "Feature", "properties": { "Name": "93", "P.K.": "PK93", "Al.Dist. Izq.": 35, "Al.Dist. Der.": 15, "Ruta": 158 }, "geometry": { "type": "Point", "coordinates": [ -62.8449619, -31.9647202 ] } },
{ "type": "Feature", "properties": { "Name": "93.07", "P.K.": null, "Al.Dist. Izq.": 35, "Al.Dist. Der.": 15, "Ruta": 158 }, "geometry": { "type": "Point", "coordinates": [ -62.8453518, -31.9654399 ] } },
{ "type": "Feature", "properties": { "Name": "94", "P.K.": "PK94", "Al.Dist. Izq.": 35, "Al.Dist. Der.": 15, "Ruta": 158 }, "geometry": { "type": "Point", "coordinates": [ -62.8528654, -31.9707425 ] } },
{ "type": "Feature", "properties": { "Name": "94.86", "P.K.": null, "Al.Dist. Izq.": 35, "Al.Dist. Der.": 15, "Ruta": 158 }, "geometry": { "type": "Point", "coordinates": [ -62.859865, -31.975608 ] } },
{ "type": "Feature", "properties": { "Name": "95", "P.K.": "PK95", "Al.Dist. Izq.": 35, "Al.Dist. Der.": 15, "Ruta": 158 }, "geometry": { "type": "Point", "coordinates": [ -62.8609922, -31.9764252 ] } },
{ "type": "Feature", "properties": { "Name": "95.76", "P.K.": null, "Al.Dist. Izq.": 35, "Al.Dist. Der.": 15, "Ruta": 158 }, "geometry": { "type": "Point", "coordinates": [ -62.8670435, -31.9808073 ] } },
{ "type": "Feature", "properties": { "Name": "95.88", "P.K.": null, "Al.Dist. Izq.": 35, "Al.Dist. Der.": 15, "Ruta": 158 }, "geometry": { "type": "Point", "coordinates": [ -62.8680648, -31.9814847 ] } },
{ "type": "Feature", "properties": { "Name": "96", "P.K.": "PK96", "Al.Dist. Izq.": 35, "Al.Dist. Der.": 15, "Ruta": 158 }, "geometry": { "type": "Point", "coordinates": [ -62.8688798, -31.9823191 ] } },
{ "type": "Feature", "properties": { "Name": "96.02", "P.K.": null, "Al.Dist. Izq.": 35, "Al.Dist. Der.": 15, "Ruta": 158 }, "geometry": { "type": "Point", "coordinates": [ -62.8692, -31.9822 ] } },
{ "type": "Feature", "properties": { "Name": "96.03", "P.K.": null, "Al.Dist. Izq.": 35, "Al.Dist. Der.": 15, "Ruta": 158 }, "geometry": { "type": "Point", "coordinates": [ -62.8692, -31.9825 ] } },
{ "type": "Feature", "properties": { "Name": "96.19", "P.K.": null, "Al.Dist. Izq.": 35, "Al.Dist. Der.": 15, "Ruta": 158 }, "geometry": { "type": "Point", "coordinates": [ -62.8703865, -31.9834643 ] } },
{ "type": "Feature", "properties": { "Name": "96.28", "P.K.": null, "Al.Dist. Izq.": 35, "Al.Dist. Der.": 15, "Ruta": 158 }, "geometry": { "type": "Point", "coordinates": [ -62.8711355, -31.9840206 ] } },
{ "type": "Feature", "properties": { "Name": "97.51", "P.K.": null, "Al.Dist. Izq.": 35, "Al.Dist. Der.": 15, "Ruta": 158 }, "geometry": { "type": "Point", "coordinates": [ -62.8812531, -31.9910808 ] } },
{ "type": "Feature", "properties": { "Name": "97.52", "P.K.": null, "Al.Dist. Izq.": 35, "Al.Dist. Der.": 15, "Ruta": 158 }, "geometry": { "type": "Point", "coordinates": [ -62.8812887, -31.9912026 ] } },
{ "type": "Feature", "properties": { "Name": "97.58", "P.K.": null, "Al.Dist. Izq.": 35, "Al.Dist. Der.": 15, "Ruta": 158 }, "geometry": { "type": "Point", "coordinates": [ -62.8817876, -31.9914372 ] } },
{ "type": "Feature", "properties": { "Name": "97.66", "P.K.": null, "Al.Dist. Izq.": 35, "Al.Dist. Der.": 15, "Ruta": 158 }, "geometry": { "type": "Point", "coordinates": [ -62.8824653, -31.991947 ] } },
{ "type": "Feature", "properties": { "Name": "97.78", "P.K.": null, "Al.Dist. Izq.": 35, "Al.Dist. Der.": 15, "Ruta": 158 }, "geometry": { "type": "Point", "coordinates": [ -62.8834331, -31.9926432 ] } },
{ "type": "Feature", "properties": { "Name": "97.87", "P.K.": null, "Al.Dist. Izq.": 35, "Al.Dist. Der.": 15, "Ruta": 158 }, "geometry": { "type": "Point", "coordinates": [ -62.8841533, -31.9931724 ] } },
{ "type": "Feature", "properties": { "Name": "98", "P.K.": "PK98", "Al.Dist. Izq.": 35, "Al.Dist. Der.": 15, "Ruta": 158 }, "geometry": { "type": "Point", "coordinates": [ -62.8850894, -31.9940746 ] } },
{ "type": "Feature", "properties": { "Name": "98.18", "P.K.": null, "Al.Dist. Izq.": 35, "Al.Dist. Der.": 15, "Ruta": 158 }, "geometry": { "type": "Point", "coordinates": [ -62.8866096, -31.9949657 ] } },
{ "type": "Feature", "properties": { "Name": "98.25", "P.K.": null, "Al.Dist. Izq.": 35, "Al.Dist. Der.": 15, "Ruta": 158 }, "geometry": { "type": "Point", "coordinates": [ -62.8872263, -31.9953981 ] } },
{ "type": "Feature", "properties": { "Name": "98.3", "P.K.": null, "Al.Dist. Izq.": 35, "Al.Dist. Der.": 15, "Ruta": 158 }, "geometry": { "type": "Point", "coordinates": [ -62.8876624, -31.9957257 ] } },
{ "type": "Feature", "properties": { "Name": "98.43", "P.K.": null, "Al.Dist. Izq.": 35, "Al.Dist. Der.": 15, "Ruta": 158 }, "geometry": { "type": "Point", "coordinates": [ -62.8886799, -31.9966752 ] } },
{ "type": "Feature", "properties": { "Name": "98.46", "P.K.": null, "Al.Dist. Izq.": 35, "Al.Dist. Der.": 15, "Ruta": 158 }, "geometry": { "type": "Point", "coordinates": [ -62.8890121, -31.9967028 ] } },
{ "type": "Feature", "properties": { "Name": "98.5", "P.K.": null, "Al.Dist. Izq.": 35, "Al.Dist. Der.": 15, "Ruta": 158 }, "geometry": { "type": "Point", "coordinates": [ -62.8893181, -31.9969132 ] } },
{ "type": "Feature", "properties": { "Name": "98.54", "P.K.": null, "Al.Dist. Izq.": 35, "Al.Dist. Der.": 15, "Ruta": 158 }, "geometry": { "type": "Point", "coordinates": [ -62.8896363, -31.9971038 ] } },
{ "type": "Feature", "properties": { "Name": "98.61", "P.K.": null, "Al.Dist. Izq.": 35, "Al.Dist. Der.": 15, "Ruta": 158 }, "geometry": { "type": "Point", "coordinates": [ -62.8901909, -31.9975315 ] } },
{ "type": "Feature", "properties": { "Name": "98.65", "P.K.": null, "Al.Dist. Izq.": 35, "Al.Dist. Der.": 15, "Ruta": 158 }, "geometry": { "type": "Point", "coordinates": [ -62.8905361, -31.9977838 ] } },
{ "type": "Feature", "properties": { "Name": "98.7", "P.K.": null, "Al.Dist. Izq.": 35, "Al.Dist. Der.": 15, "Ruta": 158 }, "geometry": { "type": "Point", "coordinates": [ -62.8909518, -31.9980508 ] } },
{ "type": "Feature", "properties": { "Name": "98.71", "P.K.": null, "Al.Dist. Izq.": 35, "Al.Dist. Der.": 15, "Ruta": 158 }, "geometry": { "type": "Point", "coordinates": [ -62.8910031, -31.9981051 ] } },
{ "type": "Feature", "properties": { "Name": "98.88", "P.K.": null, "Al.Dist. Izq.": 35, "Al.Dist. Der.": 15, "Ruta": 158 }, "geometry": { "type": "Point", "coordinates": [ -62.8924354, -31.9991514 ] } },
{ "type": "Feature", "properties": { "Name": "98.88", "P.K.": null, "Al.Dist. Izq.": 35, "Al.Dist. Der.": 15, "Ruta": 158 }, "geometry": { "type": "Point", "coordinates": [ -62.8924476, -31.9991487 ] } },
{ "type": "Feature", "properties": { "Name": "98.91", "P.K.": null, "Al.Dist. Izq.": 35, "Al.Dist. Der.": 15, "Ruta": 158 }, "geometry": { "type": "Point", "coordinates": [ -62.8927514, -31.9993765 ] } },
{ "type": "Feature", "properties": { "Name": "99", "P.K.": "PK99", "Al.Dist. Izq.": 35, "Al.Dist. Der.": 15, "Ruta": 158 }, "geometry": { "type": "Point", "coordinates": [ -62.8934056, -31.9998357 ] } },
{ "type": "Feature", "properties": { "Name": "99.01", "P.K.": null, "Al.Dist. Izq.": 35, "Al.Dist. Der.": 15, "Ruta": 158 }, "geometry": { "type": "Point", "coordinates": [ -62.8935423, -31.9999375 ] } },
{ "type": "Feature", "properties": { "Name": "99.07", "P.K.": null, "Al.Dist. Izq.": 35, "Al.Dist. Der.": 15, "Ruta": 158 }, "geometry": { "type": "Point", "coordinates": [ -62.8939638, -32.0002525 ] } },
{ "type": "Feature", "properties": { "Name": "99.16", "P.K.": null, "Al.Dist. Izq.": 35, "Al.Dist. Der.": 15, "Ruta": 158 }, "geometry": { "type": "Point", "coordinates": [ -62.8947241, -32.0007914 ] } },
{ "type": "Feature", "properties": { "Name": "99.21", "P.K.": null, "Al.Dist. Izq.": 35, "Al.Dist. Der.": 15, "Ruta": 158 }, "geometry": { "type": "Point", "coordinates": [ -62.8951154, -32.0010837 ] } },
{ "type": "Feature", "properties": { "Name": "99.23", "P.K.": null, "Al.Dist. Izq.": 35, "Al.Dist. Der.": 15, "Ruta": 158 }, "geometry": { "type": "Point", "coordinates": [ -62.8952801, -32.0012075 ] } },
{ "type": "Feature", "properties": { "Name": "99.24", "P.K.": null, "Al.Dist. Izq.": 35, "Al.Dist. Der.": 15, "Ruta": 158 }, "geometry": { "type": "Point", "coordinates": [ -62.8953765, -32.0012506 ] } },
{ "type": "Feature", "properties": { "Name": "99.3", "P.K.": null, "Al.Dist. Izq.": 35, "Al.Dist. Der.": 15, "Ruta": 158 }, "geometry": { "type": "Point", "coordinates": [ -62.8958917, -32.0016395 ] } },
{ "type": "Feature", "properties": { "Name": "99.34", "P.K.": null, "Al.Dist. Izq.": 35, "Al.Dist. Der.": 15, "Ruta": 158 }, "geometry": { "type": "Point", "coordinates": [ -62.8961351, -32.0018569 ] } },
{ "type": "Feature", "properties": { "Name": "99.34", "P.K.": null, "Al.Dist. Izq.": 35, "Al.Dist. Der.": 15, "Ruta": 158 }, "geometry": { "type": "Point", "coordinates": [ -62.8961136, -32.0018674 ] } },
{ "type": "Feature", "properties": { "Name": "99.39", "P.K.": null, "Al.Dist. Izq.": 35, "Al.Dist. Der.": 15, "Ruta": 158 }, "geometry": { "type": "Point", "coordinates": [ -62.8966, -32.0021 ] } },
{ "type": "Feature", "properties": { "Name": "99.41", "P.K.": null, "Al.Dist. Izq.": 35, "Al.Dist. Der.": 15, "Ruta": 158 }, "geometry": { "type": "Point", "coordinates": [ -62.8967, -32.0023 ] } },
{ "type": "Feature", "properties": { "Name": "99.57", "P.K.": null, "Al.Dist. Izq.": 35, "Al.Dist. Der.": 15, "Ruta": 158 }, "geometry": { "type": "Point", "coordinates": [ -62.8979469, -32.0032338 ] } },
{ "type": "Feature", "properties": { "Name": "99.6", "P.K.": null, "Al.Dist. Izq.": 35, "Al.Dist. Der.": 15, "Ruta": 158 }, "geometry": { "type": "Point", "coordinates": [ -62.8981585, -32.0034064 ] } },
{ "type": "Feature", "properties": { "Name": "99.61", "P.K.": null, "Al.Dist. Izq.": 35, "Al.Dist. Der.": 15, "Ruta": 158 }, "geometry": { "type": "Point", "coordinates": [ -62.8982439, -32.0033637 ] } },
{ "type": "Feature", "properties": { "Name": "99.88", "P.K.": null, "Al.Dist. Izq.": 35, "Al.Dist. Der.": 15, "Ruta": 158 }, "geometry": { "type": "Point", "coordinates": [ -62.9004127, -32.0049413 ] } },
{ "type": "Feature", "properties": { "Name": "99.92", "P.K.": null, "Al.Dist. Izq.": 35, "Al.Dist. Der.": 15, "Ruta": 158 }, "geometry": { "type": "Point", "coordinates": [ -62.9007902, -32.0052025 ] } },
{ "type": "Feature", "properties": { "Name": "100", "P.K.": "PK100", "Al.Dist. Izq.": 35, "Al.Dist. Der.": 15, "Ruta": 158 }, "geometry": { "type": "Point", "coordinates": [ -62.901291, -32.0058086 ] } },
{ "type": "Feature", "properties": { "Name": "100.17", "P.K.": null, "Al.Dist. Izq.": 35, "Al.Dist. Der.": 15, "Ruta": 158 }, "geometry": { "type": "Point", "coordinates": [ -62.9028112, -32.0066681 ] } },
{ "type": "Feature", "properties": { "Name": "100.22", "P.K.": null, "Al.Dist. Izq.": 35, "Al.Dist. Der.": 15, "Ruta": 158 }, "geometry": { "type": "Point", "coordinates": [ -62.9031343, -32.0070325 ] } },
{ "type": "Feature", "properties": { "Name": "100.23", "P.K.": null, "Al.Dist. Izq.": 35, "Al.Dist. Der.": 15, "Ruta": 158 }, "geometry": { "type": "Point", "coordinates": [ -62.9033335, -32.0069854 ] } },
{ "type": "Feature", "properties": { "Name": "100.23", "P.K.": null, "Al.Dist. Izq.": 35, "Al.Dist. Der.": 15, "Ruta": 158 }, "geometry": { "type": "Point", "coordinates": [ -62.9032413, -32.0071215 ] } },
{ "type": "Feature", "properties": { "Name": "100.33", "P.K.": null, "Al.Dist. Izq.": 35, "Al.Dist. Der.": 15, "Ruta": 158 }, "geometry": { "type": "Point", "coordinates": [ -62.9040375, -32.0075906 ] } },
{ "type": "Feature", "properties": { "Name": "100.41", "P.K.": null, "Al.Dist. Izq.": 35, "Al.Dist. Der.": 15, "Ruta": 158 }, "geometry": { "type": "Point", "coordinates": [ -62.9046805, -32.0080523 ] } },
{ "type": "Feature", "properties": { "Name": "100.49", "P.K.": null, "Al.Dist. Izq.": 35, "Al.Dist. Der.": 15, "Ruta": 158 }, "geometry": { "type": "Point", "coordinates": [ -62.905362, -32.0085769 ] } },
{ "type": "Feature", "properties": { "Name": "100.49", "P.K.": null, "Al.Dist. Izq.": 35, "Al.Dist. Der.": 15, "Ruta": 158 }, "geometry": { "type": "Point", "coordinates": [ -62.9053011, -32.0086654 ] } },
{ "type": "Feature", "properties": { "Name": "100.5", "P.K.": null, "Al.Dist. Izq.": 35, "Al.Dist. Der.": 15, "Ruta": 158 }, "geometry": { "type": "Point", "coordinates": [ -62.9055375, -32.008632 ] } },
{ "type": "Feature", "properties": { "Name": "100.54", "P.K.": null, "Al.Dist. Izq.": 35, "Al.Dist. Der.": 15, "Ruta": 158 }, "geometry": { "type": "Point", "coordinates": [ -62.9059029, -32.0088765 ] } },
{ "type": "Feature", "properties": { "Name": "100.56", "P.K.": null, "Al.Dist. Izq.": 35, "Al.Dist. Der.": 15, "Ruta": 158 }, "geometry": { "type": "Point", "coordinates": [ -62.9059352, -32.0091658 ] } },
{ "type": "Feature", "properties": { "Name": "100.59", "P.K.": null, "Al.Dist. Izq.": 35, "Al.Dist. Der.": 15, "Ruta": 158 }, "geometry": { "type": "Point", "coordinates": [ -62.9061705, -32.0093375 ] } },
{ "type": "Feature", "properties": { "Name": "100.62", "P.K.": null, "Al.Dist. Izq.": 35, "Al.Dist. Der.": 15, "Ruta": 158 }, "geometry": { "type": "Point", "coordinates": [ -62.9064006, -32.0094056 ] } },
{ "type": "Feature", "properties": { "Name": "100.63", "P.K.": null, "Al.Dist. Izq.": 35, "Al.Dist. Der.": 15, "Ruta": 158 }, "geometry": { "type": "Point", "coordinates": [ -62.9064987, -32.0095602 ] } },
{ "type": "Feature", "properties": { "Name": "100.65", "P.K.": null, "Al.Dist. Izq.": 35, "Al.Dist. Der.": 15, "Ruta": 158 }, "geometry": { "type": "Point", "coordinates": [ -62.9067769, -32.0095086 ] } },
{ "type": "Feature", "properties": { "Name": "100.71", "P.K.": null, "Al.Dist. Izq.": 35, "Al.Dist. Der.": 15, "Ruta": 158 }, "geometry": { "type": "Point", "coordinates": [ -62.9072579, -32.0098369 ] } },
{ "type": "Feature", "properties": { "Name": "100.73", "P.K.": null, "Al.Dist. Izq.": 35, "Al.Dist. Der.": 15, "Ruta": 158 }, "geometry": { "type": "Point", "coordinates": [ -62.9074, -32.0099 ] } },
{ "type": "Feature", "properties": { "Name": "100.79", "P.K.": null, "Al.Dist. Izq.": 35, "Al.Dist. Der.": 15, "Ruta": 158 }, "geometry": { "type": "Point", "coordinates": [ -62.9077903, -32.0104659 ] } },
{ "type": "Feature", "properties": { "Name": "100.83", "P.K.": null, "Al.Dist. Izq.": 35, "Al.Dist. Der.": 15, "Ruta": 158 }, "geometry": { "type": "Point", "coordinates": [ -62.908095, -32.0106726 ] } },
{ "type": "Feature", "properties": { "Name": "100.88", "P.K.": null, "Al.Dist. Izq.": 35, "Al.Dist. Der.": 15, "Ruta": 158 }, "geometry": { "type": "Point", "coordinates": [ -62.9085879, -32.010787 ] } },
{ "type": "Feature", "properties": { "Name": "100.88", "P.K.": null, "Al.Dist. Izq.": 35, "Al.Dist. Der.": 15, "Ruta": 158 }, "geometry": { "type": "Point", "coordinates": [ -62.9085396, -32.0108772 ] } },
{ "type": "Feature", "properties": { "Name": "100.89", "P.K.": null, "Al.Dist. Izq.": 35, "Al.Dist. Der.": 15, "Ruta": 158 }, "geometry": { "type": "Point", "coordinates": [ -62.90859, -32.011 ] } },
{ "type": "Feature", "properties": { "Name": "100.91", "P.K.": null, "Al.Dist. Izq.": 35, "Al.Dist. Der.": 15, "Ruta": 158 }, "geometry": { "type": "Point", "coordinates": [ -62.9087353, -32.011114 ] } },
{ "type": "Feature", "properties": { "Name": "100.94", "P.K.": null, "Al.Dist. Izq.": 35, "Al.Dist. Der.": 15, "Ruta": 158 }, "geometry": { "type": "Point", "coordinates": [ -62.9091406, -32.0111803 ] } },
{ "type": "Feature", "properties": { "Name": "100.95", "P.K.": null, "Al.Dist. Izq.": 35, "Al.Dist. Der.": 15, "Ruta": 158 }, "geometry": { "type": "Point", "coordinates": [ -62.90909, -32.0113689 ] } },
{ "type": "Feature", "properties": { "Name": "100.97", "P.K.": null, "Al.Dist. Izq.": 35, "Al.Dist. Der.": 15, "Ruta": 158 }, "geometry": { "type": "Point", "coordinates": [ -62.9093171, -32.0113647 ] } },
{ "type": "Feature", "properties": { "Name": "100.98", "P.K.": null, "Al.Dist. Izq.": 35, "Al.Dist. Der.": 15, "Ruta": 158 }, "geometry": { "type": "Point", "coordinates": [ -62.9093879, -32.0114576 ] } },
{ "type": "Feature", "properties": { "Name": "100.98", "P.K.": null, "Al.Dist. Izq.": 35, "Al.Dist. Der.": 15, "Ruta": 158 }, "geometry": { "type": "Point", "coordinates": [ -62.9093532, -32.0115611 ] } },
{ "type": "Feature", "properties": { "Name": "100.99", "P.K.": null, "Al.Dist. Izq.": 35, "Al.Dist. Der.": 15, "Ruta": 158 }, "geometry": { "type": "Point", "coordinates": [ -62.9094441, -32.0115011 ] } },
{ "type": "Feature", "properties": { "Name": "101", "P.K.": "PK101", "Al.Dist. Izq.": 35, "Al.Dist. Der.": 15, "Ruta": 158 }, "geometry": { "type": "Point", "coordinates": [ -62.9095686, -32.0115497 ] } },
{ "type": "Feature", "properties": { "Name": "101.03", "P.K.": null, "Al.Dist. Izq.": 35, "Al.Dist. Der.": 15, "Ruta": 158 }, "geometry": { "type": "Point", "coordinates": [ -62.9097652, -32.0117269 ] } },
{ "type": "Feature", "properties": { "Name": "101.05", "P.K.": null, "Al.Dist. Izq.": 35, "Al.Dist. Der.": 15, "Ruta": 158 }, "geometry": { "type": "Point", "coordinates": [ -62.9098143, -32.0119616 ] } },
{ "type": "Feature", "properties": { "Name": "101.06", "P.K.": null, "Al.Dist. Izq.": 35, "Al.Dist. Der.": 15, "Ruta": 158 }, "geometry": { "type": "Point", "coordinates": [ -62.9099407, -32.0119592 ] } },
{ "type": "Feature", "properties": { "Name": "101.09", "P.K.": null, "Al.Dist. Izq.": 35, "Al.Dist. Der.": 15, "Ruta": 158 }, "geometry": { "type": "Point", "coordinates": [ -62.9102296, -32.0121888 ] } },
{ "type": "Feature", "properties": { "Name": "101.09", "P.K.": null, "Al.Dist. Izq.": 35, "Al.Dist. Der.": 15, "Ruta": 158 }, "geometry": { "type": "Point", "coordinates": [ -62.9101493, -32.0122668 ] } },
{ "type": "Feature", "properties": { "Name": "101.18", "P.K.": null, "Al.Dist. Izq.": 35, "Al.Dist. Der.": 15, "Ruta": 158 }, "geometry": { "type": "Point", "coordinates": [ -62.9108212, -32.012826 ] } },
{ "type": "Feature", "properties": { "Name": "101.19", "P.K.": null, "Al.Dist. Izq.": 35, "Al.Dist. Der.": 15, "Ruta": 158 }, "geometry": { "type": "Point", "coordinates": [ -62.9109, -32.0129 ] } },
{ "type": "Feature", "properties": { "Name": "101.2", "P.K.": null, "Al.Dist. Izq.": 35, "Al.Dist. Der.": 15, "Ruta": 158 }, "geometry": { "type": "Point", "coordinates": [ -62.9109877, -32.0129405 ] } },
{ "type": "Feature", "properties": { "Name": "101.26", "P.K.": null, "Al.Dist. Izq.": 35, "Al.Dist. Der.": 15, "Ruta": 158 }, "geometry": { "type": "Point", "coordinates": [ -62.91129, -32.01339 ] } },
{ "type": "Feature", "properties": { "Name": "101.3", "P.K.": null, "Al.Dist. Izq.": 35, "Al.Dist. Der.": 15, "Ruta": 158 }, "geometry": { "type": "Point", "coordinates": [ -62.9116617, -32.0136561 ] } },
{ "type": "Feature", "properties": { "Name": "101.42", "P.K.": null, "Al.Dist. Izq.": 35, "Al.Dist. Der.": 15, "Ruta": 158 }, "geometry": { "type": "Point", "coordinates": [ -62.9125743, -32.0143424 ] } },
{ "type": "Feature", "properties": { "Name": "101.47", "P.K.": null, "Al.Dist. Izq.": 35, "Al.Dist. Der.": 15, "Ruta": 158 }, "geometry": { "type": "Point", "coordinates": [ -62.9132352, -32.0142784 ] } },
{ "type": "Feature", "properties": { "Name": "101.47", "P.K.": null, "Al.Dist. Izq.": 35, "Al.Dist. Der.": 15, "Ruta": 158 }, "geometry": { "type": "Point", "coordinates": [ -62.9129706, -32.0146309 ] } },
{ "type": "Feature", "properties": { "Name": "101.48", "P.K.": null, "Al.Dist. Izq.": 35, "Al.Dist. Der.": 15, "Ruta": 158 }, "geometry": { "type": "Point", "coordinates": [ -62.9134207, -32.0141762 ] } },
{ "type": "Feature", "properties": { "Name": "101.56", "P.K.": null, "Al.Dist. Izq.": 35, "Al.Dist. Der.": 15, "Ruta": 158 }, "geometry": { "type": "Point", "coordinates": [ -62.9136422, -32.0151228 ] } },
{ "type": "Feature", "properties": { "Name": "101.58", "P.K.": null, "Al.Dist. Izq.": 35, "Al.Dist. Der.": 15, "Ruta": 158 }, "geometry": { "type": "Point", "coordinates": [ -62.9138373, -32.0151404 ] } },
{ "type": "Feature", "properties": { "Name": "101.6", "P.K.": null, "Al.Dist. Izq.": 35, "Al.Dist. Der.": 15, "Ruta": 158 }, "geometry": { "type": "Point", "coordinates": [ -62.9139513, -32.0153084 ] } },
{ "type": "Feature", "properties": { "Name": "101.67", "P.K.": null, "Al.Dist. Izq.": 35, "Al.Dist. Der.": 15, "Ruta": 158 }, "geometry": { "type": "Point", "coordinates": [ -62.914586, -32.0156981 ] } },
{ "type": "Feature", "properties": { "Name": "101.75", "P.K.": null, "Al.Dist. Izq.": 35, "Al.Dist. Der.": 15, "Ruta": 158 }, "geometry": { "type": "Point", "coordinates": [ -62.9152, -32.0161 ] } },
{ "type": "Feature", "properties": { "Name": "101.75", "P.K.": null, "Al.Dist. Izq.": null, "Al.Dist. Der.": null, "Ruta": 158 }, "geometry": { "type": "Point", "coordinates": [ -62.9152, -32.0161 ] } },
{ "type": "Feature", "properties": { "Name": "102", "P.K.": "PK102", "Al.Dist. Izq.": null, "Al.Dist. Der.": null, "Ruta": 158 }, "geometry": { "type": "Point", "coordinates": [ -62.9172112, -32.0177313 ] } },
{ "type": "Feature", "properties": { "Name": "102.22", "P.K.": null, "Al.Dist. Izq.": null, "Al.Dist. Der.": null, "Ruta": 158 }, "geometry": { "type": "Point", "coordinates": [ -62.919, -32.0189 ] } },
{ "type": "Feature", "properties": { "Name": "102.22", "P.K.": null, "Al.Dist. Izq.": null, "Al.Dist. Der.": null, "Ruta": 158 }, "geometry": { "type": "Point", "coordinates": [ -62.919, -32.0189 ] } },
{ "type": "Feature", "properties": { "Name": "102.86", "P.K.": null, "Al.Dist. Izq.": null, "Al.Dist. Der.": null, "Ruta": 158 }, "geometry": { "type": "Point", "coordinates": [ -62.924194, -32.022667 ] } },
{ "type": "Feature", "properties": { "Name": "102.86", "P.K.": null, "Al.Dist. Izq.": 30, "Al.Dist. Der.": 30, "Ruta": 158 }, "geometry": { "type": "Point", "coordinates": [ -62.924194, -32.022667 ] } },
{ "type": "Feature", "properties": { "Name": "102.87", "P.K.": null, "Al.Dist. Izq.": 30, "Al.Dist. Der.": 30, "Ruta": 158 }, "geometry": { "type": "Point", "coordinates": [ -62.9242, -32.0227 ] } },
{ "type": "Feature", "properties": { "Name": "102.87", "P.K.": null, "Al.Dist. Izq.": 30, "Al.Dist. Der.": 30, "Ruta": 158 }, "geometry": { "type": "Point", "coordinates": [ -62.9242, -32.0227 ] } },
{ "type": "Feature", "properties": { "Name": "102.93", "P.K.": null, "Al.Dist. Izq.": 30, "Al.Dist. Der.": 30, "Ruta": 158 }, "geometry": { "type": "Point", "coordinates": [ -62.92477, -32.02306 ] } },
{ "type": "Feature", "properties": { "Name": "103", "P.K.": "PK103", "Al.Dist. Izq.": 30, "Al.Dist. Der.": 30, "Ruta": 158 }, "geometry": { "type": "Point", "coordinates": [ -62.9254506, -32.0233447 ] } },
{ "type": "Feature", "properties": { "Name": "103.01", "P.K.": null, "Al.Dist. Izq.": 30, "Al.Dist. Der.": 30, "Ruta": 158 }, "geometry": { "type": "Point", "coordinates": [ -62.9254506, -32.0233939 ] } },
{ "type": "Feature", "properties": { "Name": "103.06", "P.K.": null, "Al.Dist. Izq.": 30, "Al.Dist. Der.": 30, "Ruta": 158 }, "geometry": { "type": "Point", "coordinates": [ -62.9259817, -32.0235753 ] } },
{ "type": "Feature", "properties": { "Name": "103.11", "P.K.": null, "Al.Dist. Izq.": 30, "Al.Dist. Der.": 30, "Ruta": 158 }, "geometry": { "type": "Point", "coordinates": [ -62.9264343, -32.0237964 ] } },
{ "type": "Feature", "properties": { "Name": "103.16", "P.K.": null, "Al.Dist. Izq.": 30, "Al.Dist. Der.": 30, "Ruta": 158 }, "geometry": { "type": "Point", "coordinates": [ -62.9267441, -32.0241696 ] } },
{ "type": "Feature", "properties": { "Name": "103.2", "P.K.": null, "Al.Dist. Izq.": 30, "Al.Dist. Der.": 30, "Ruta": 158 }, "geometry": { "type": "Point", "coordinates": [ -62.927187, -32.0242816 ] } },
{ "type": "Feature", "properties": { "Name": "103.21", "P.K.": null, "Al.Dist. Izq.": 30, "Al.Dist. Der.": 30, "Ruta": 158 }, "geometry": { "type": "Point", "coordinates": [ -62.92723, -32.02436 ] } },
{ "type": "Feature", "properties": { "Name": "103.22", "P.K.": null, "Al.Dist. Izq.": 30, "Al.Dist. Der.": 30, "Ruta": 158 }, "geometry": { "type": "Point", "coordinates": [ -62.9273379, -32.0244925 ] } },
{ "type": "Feature", "properties": { "Name": "103.35", "P.K.": null, "Al.Dist. Izq.": 30, "Al.Dist. Der.": 30, "Ruta": 158 }, "geometry": { "type": "Point", "coordinates": [ -62.9284375, -32.0251978 ] } },
{ "type": "Feature", "properties": { "Name": "103.44", "P.K.": null, "Al.Dist. Izq.": 30, "Al.Dist. Der.": 30, "Ruta": 158 }, "geometry": { "type": "Point", "coordinates": [ -62.9291188, -32.0256906 ] } },
{ "type": "Feature", "properties": { "Name": "103.51", "P.K.": null, "Al.Dist. Izq.": 30, "Al.Dist. Der.": 30, "Ruta": 158 }, "geometry": { "type": "Point", "coordinates": [ -62.9297013, -32.0261045 ] } },
{ "type": "Feature", "properties": { "Name": "103.54", "P.K.": null, "Al.Dist. Izq.": 30, "Al.Dist. Der.": 30, "Ruta": 158 }, "geometry": { "type": "Point", "coordinates": [ -62.9299567, -32.0262413 ] } },
{ "type": "Feature", "properties": { "Name": "103.63", "P.K.": null, "Al.Dist. Izq.": 30, "Al.Dist. Der.": 30, "Ruta": 158 }, "geometry": { "type": "Point", "coordinates": [ -62.9306102, -32.026847 ] } },
{ "type": "Feature", "properties": { "Name": "103.64", "P.K.": null, "Al.Dist. Izq.": 30, "Al.Dist. Der.": 30, "Ruta": 158 }, "geometry": { "type": "Point", "coordinates": [ -62.9307359, -32.0268472 ] } },
{ "type": "Feature", "properties": { "Name": "103.68", "P.K.": null, "Al.Dist. Izq.": 30, "Al.Dist. Der.": 30, "Ruta": 158 }, "geometry": { "type": "Point", "coordinates": [ -62.9309994, -32.0271963 ] } },
{ "type": "Feature", "properties": { "Name": "103.69", "P.K.": null, "Al.Dist. Izq.": 30, "Al.Dist. Der.": 30, "Ruta": 158 }, "geometry": { "type": "Point", "coordinates": [ -62.9311595, -32.0271426 ] } },
{ "type": "Feature", "properties": { "Name": "103.74", "P.K.": null, "Al.Dist. Izq.": 30, "Al.Dist. Der.": 30, "Ruta": 158 }, "geometry": { "type": "Point", "coordinates": [ -62.9315637, -32.0273615 ] } },
{ "type": "Feature", "properties": { "Name": "103.77", "P.K.": null, "Al.Dist. Izq.": 30, "Al.Dist. Der.": 30, "Ruta": 158 }, "geometry": { "type": "Point", "coordinates": [ -62.9317199, -32.0276801 ] } },
{ "type": "Feature", "properties": { "Name": "103.83", "P.K.": null, "Al.Dist. Izq.": 30, "Al.Dist. Der.": 30, "Ruta": 158 }, "geometry": { "type": "Point", "coordinates": [ -62.9322306, -32.0280664 ] } },
{ "type": "Feature", "properties": { "Name": "103.89", "P.K.": null, "Al.Dist. Izq.": 30, "Al.Dist. Der.": 30, "Ruta": 158 }, "geometry": { "type": "Point", "coordinates": [ -62.932799, -32.0283303 ] } },
{ "type": "Feature", "properties": { "Name": "103.92", "P.K.": null, "Al.Dist. Izq.": 30, "Al.Dist. Der.": 30, "Ruta": 158 }, "geometry": { "type": "Point", "coordinates": [ -62.9330379, -32.0284939 ] } },
{ "type": "Feature", "properties": { "Name": "104", "P.K.": "PK104", "Al.Dist. Izq.": 30, "Al.Dist. Der.": 30, "Ruta": 158 }, "geometry": { "type": "Point", "coordinates": [ -62.9336002, -32.0291096 ] } },
{ "type": "Feature", "properties": { "Name": "104.01", "P.K.": null, "Al.Dist. Izq.": 30, "Al.Dist. Der.": 30, "Ruta": 158 }, "geometry": { "type": "Point", "coordinates": [ -62.9337159, -32.0289868 ] } },
{ "type": "Feature", "properties": { "Name": "104.13", "P.K.": null, "Al.Dist. Izq.": 30, "Al.Dist. Der.": 30, "Ruta": 158 }, "geometry": { "type": "Point", "coordinates": [ -62.9346285, -32.0296464 ] } },
{ "type": "Feature", "properties": { "Name": "104.17", "P.K.": null, "Al.Dist. Izq.": 30, "Al.Dist. Der.": 30, "Ruta": 158 }, "geometry": { "type": "Point", "coordinates": [ -62.9348936, -32.0298172 ] } },
{ "type": "Feature", "properties": { "Name": "104.21", "P.K.": null, "Al.Dist. Izq.": 30, "Al.Dist. Der.": 30, "Ruta": 158 }, "geometry": { "type": "Point", "coordinates": [ -62.9351746, -32.0300299 ] } },
{ "type": "Feature", "properties": { "Name": "104.32", "P.K.": null, "Al.Dist. Izq.": 30, "Al.Dist. Der.": 30, "Ruta": 158 }, "geometry": { "type": "Point", "coordinates": [ -62.9360456, -32.0306411 ] } },
{ "type": "Feature", "properties": { "Name": "104.49", "P.K.": null, "Al.Dist. Izq.": 30, "Al.Dist. Der.": 30, "Ruta": 158 }, "geometry": { "type": "Point", "coordinates": [ -62.9371957, -32.0315095 ] } },
{ "type": "Feature", "properties": { "Name": "104.6", "P.K.": null, "Al.Dist. Izq.": 30, "Al.Dist. Der.": 30, "Ruta": 158 }, "geometry": { "type": "Point", "coordinates": [ -62.9380263, -32.0320819 ] } },
{ "type": "Feature", "properties": { "Name": "104.69", "P.K.": null, "Al.Dist. Izq.": 30, "Al.Dist. Der.": 30, "Ruta": 158 }, "geometry": { "type": "Point", "coordinates": [ -62.9386809, -32.0325522 ] } },
{ "type": "Feature", "properties": { "Name": "104.74", "P.K.": null, "Al.Dist. Izq.": 30, "Al.Dist. Der.": 30, "Ruta": 158 }, "geometry": { "type": "Point", "coordinates": [ -62.9390981, -32.0328687 ] } },
{ "type": "Feature", "properties": { "Name": "104.86", "P.K.": null, "Al.Dist. Izq.": 30, "Al.Dist. Der.": 30, "Ruta": 158 }, "geometry": { "type": "Point", "coordinates": [ -62.9398865, -32.0334286 ] } },
{ "type": "Feature", "properties": { "Name": "104.93", "P.K.": null, "Al.Dist. Izq.": 30, "Al.Dist. Der.": 30, "Ruta": 158 }, "geometry": { "type": "Point", "coordinates": [ -62.9404749, -32.0338615 ] } },
{ "type": "Feature", "properties": { "Name": "104.97", "P.K.": null, "Al.Dist. Izq.": 30, "Al.Dist. Der.": 30, "Ruta": 158 }, "geometry": { "type": "Point", "coordinates": [ -62.9406583, -32.0339965 ] } },
{ "type": "Feature", "properties": { "Name": "105", "P.K.": "PK105", "Al.Dist. Izq.": 30, "Al.Dist. Der.": 30, "Ruta": 158 }, "geometry": { "type": "Point", "coordinates": [ -62.9411752, -32.03388 ] } },
{ "type": "Feature", "properties": { "Name": "105.16", "P.K.": null, "Al.Dist. Izq.": 30, "Al.Dist. Der.": 30, "Ruta": 158 }, "geometry": { "type": "Point", "coordinates": [ -62.9423388, -32.0352077 ] } },
{ "type": "Feature", "properties": { "Name": "105.22", "P.K.": null, "Al.Dist. Izq.": 30, "Al.Dist. Der.": 30, "Ruta": 158 }, "geometry": { "type": "Point", "coordinates": [ -62.9428562, -32.0355951 ] } },
{ "type": "Feature", "properties": { "Name": "105.3", "P.K.": null, "Al.Dist. Izq.": 30, "Al.Dist. Der.": 30, "Ruta": 158 }, "geometry": { "type": "Point", "coordinates": [ -62.9435807, -32.0361154 ] } },
{ "type": "Feature", "properties": { "Name": "105.35", "P.K.": null, "Al.Dist. Izq.": 30, "Al.Dist. Der.": 30, "Ruta": 158 }, "geometry": { "type": "Point", "coordinates": [ -62.9439746, -32.0364136 ] } },
{ "type": "Feature", "properties": { "Name": "105.36", "P.K.": null, "Al.Dist. Izq.": 30, "Al.Dist. Der.": 30, "Ruta": 158 }, "geometry": { "type": "Point", "coordinates": [ -62.9441, -32.0364 ] } },
{ "type": "Feature", "properties": { "Name": "105.49", "P.K.": null, "Al.Dist. Izq.": 30, "Al.Dist. Der.": 30, "Ruta": 158 }, "geometry": { "type": "Point", "coordinates": [ -62.9451065, -32.0374002 ] } },
{ "type": "Feature", "properties": { "Name": "106", "P.K.": "PK106", "Al.Dist. Izq.": 30, "Al.Dist. Der.": 30, "Ruta": 158 }, "geometry": { "type": "Point", "coordinates": [ -62.9496492, -32.0406803 ] } },
{ "type": "Feature", "properties": { "Name": "106.07", "P.K.": null, "Al.Dist. Izq.": 30, "Al.Dist. Der.": 30, "Ruta": 158 }, "geometry": { "type": "Point", "coordinates": [ -62.9502071, -32.0410454 ] } },
{ "type": "Feature", "properties": { "Name": "106.3", "P.K.": null, "Al.Dist. Izq.": 30, "Al.Dist. Der.": 30, "Ruta": 158 }, "geometry": { "type": "Point", "coordinates": [ -62.9521884, -32.0423371 ] } },
{ "type": "Feature", "properties": { "Name": "106.35", "P.K.": null, "Al.Dist. Izq.": 30, "Al.Dist. Der.": 30, "Ruta": 158 }, "geometry": { "type": "Point", "coordinates": [ -62.9525567, -32.042601 ] } },
{ "type": "Feature", "properties": { "Name": "106.45", "P.K.": null, "Al.Dist. Izq.": 30, "Al.Dist. Der.": 30, "Ruta": 158 }, "geometry": { "type": "Point", "coordinates": [ -62.9533373, -32.0431618 ] } },
{ "type": "Feature", "properties": { "Name": "106.46", "P.K.": null, "Al.Dist. Izq.": 30, "Al.Dist. Der.": 30, "Ruta": 158 }, "geometry": { "type": "Point", "coordinates": [ -62.9533741, -32.0432591 ] } },
{ "type": "Feature", "properties": { "Name": "106.47", "P.K.": null, "Al.Dist. Izq.": 30, "Al.Dist. Der.": 30, "Ruta": 158 }, "geometry": { "type": "Point", "coordinates": [ -62.9534786, -32.0432769 ] } },
{ "type": "Feature", "properties": { "Name": "106.52", "P.K.": null, "Al.Dist. Izq.": 30, "Al.Dist. Der.": 30, "Ruta": 158 }, "geometry": { "type": "Point", "coordinates": [ -62.9539592, -32.0436075 ] } },
{ "type": "Feature", "properties": { "Name": "106.6", "P.K.": null, "Al.Dist. Izq.": 30, "Al.Dist. Der.": 30, "Ruta": 158 }, "geometry": { "type": "Point", "coordinates": [ -62.954516, -32.0441713 ] } },
{ "type": "Feature", "properties": { "Name": "106.69", "P.K.": null, "Al.Dist. Izq.": 30, "Al.Dist. Der.": 30, "Ruta": 158 }, "geometry": { "type": "Point", "coordinates": [ -62.9552459, -32.044711 ] } },
{ "type": "Feature", "properties": { "Name": "107", "P.K.": "PK107", "Al.Dist. Izq.": 30, "Al.Dist. Der.": 30, "Ruta": 158 }, "geometry": { "type": "Point", "coordinates": [ -62.9577709, -32.0463516 ] } },
{ "type": "Feature", "properties": { "Name": "107.21", "P.K.": null, "Al.Dist. Izq.": 30, "Al.Dist. Der.": 30, "Ruta": 158 }, "geometry": { "type": "Point", "coordinates": [ -62.9594199, -32.0475325 ] } },
{ "type": "Feature", "properties": { "Name": "107.24", "P.K.": null, "Al.Dist. Izq.": 30, "Al.Dist. Der.": 30, "Ruta": 158 }, "geometry": { "type": "Point", "coordinates": [ -62.9596772, -32.0477206 ] } },
{ "type": "Feature", "properties": { "Name": "107.49", "P.K.": null, "Al.Dist. Izq.": 30, "Al.Dist. Der.": 30, "Ruta": 158 }, "geometry": { "type": "Point", "coordinates": [ -62.9617132, -32.0492031 ] } },
{ "type": "Feature", "properties": { "Name": "107.54", "P.K.": null, "Al.Dist. Izq.": 30, "Al.Dist. Der.": 30, "Ruta": 158 }, "geometry": { "type": "Point", "coordinates": [ -62.9619381, -32.0495015 ] } },
{ "type": "Feature", "properties": { "Name": "107.64", "P.K.": null, "Al.Dist. Izq.": 30, "Al.Dist. Der.": 30, "Ruta": 158 }, "geometry": { "type": "Point", "coordinates": [ -62.9628, -32.05 ] } },
{ "type": "Feature", "properties": { "Name": "107.65", "P.K.": null, "Al.Dist. Izq.": 30, "Al.Dist. Der.": 30, "Ruta": 158 }, "geometry": { "type": "Point", "coordinates": [ -62.9628961, -32.0500337 ] } },
{ "type": "Feature", "properties": { "Name": "107.79", "P.K.": null, "Al.Dist. Izq.": 30, "Al.Dist. Der.": 30, "Ruta": 158 }, "geometry": { "type": "Point", "coordinates": [ -62.9638592, -32.0510991 ] } },
{ "type": "Feature", "properties": { "Name": "108", "P.K.": "PK108", "Al.Dist. Izq.": 30, "Al.Dist. Der.": 30, "Ruta": 158 }, "geometry": { "type": "Point", "coordinates": [ -62.9654806, -32.0523484 ] } },
{ "type": "Feature", "properties": { "Name": "108.27", "P.K.": null, "Al.Dist. Izq.": 30, "Al.Dist. Der.": 30, "Ruta": 158 }, "geometry": { "type": "Point", "coordinates": [ -62.9678397, -32.0536062 ] } },
{ "type": "Feature", "properties": { "Name": "109", "P.K.": "PK109", "Al.Dist. Izq.": 30, "Al.Dist. Der.": 30, "Ruta": 158 }, "geometry": { "type": "Point", "coordinates": [ -62.9736907, -32.0578411 ] } },
{ "type": "Feature", "properties": { "Name": "109.6", "P.K.": null, "Al.Dist. Izq.": 30, "Al.Dist. Der.": 30, "Ruta": 158 }, "geometry": { "type": "Point", "coordinates": [ -62.9784949, -32.0612995 ] } },
{ "type": "Feature", "properties": { "Name": "109.7", "P.K.": null, "Al.Dist. Izq.": 30, "Al.Dist. Der.": 30, "Ruta": 158 }, "geometry": { "type": "Point", "coordinates": [ -62.9793107, -32.0619419 ] } },
{ "type": "Feature", "properties": { "Name": "109.73", "P.K.": null, "Al.Dist. Izq.": 30, "Al.Dist. Der.": 30, "Ruta": 158 }, "geometry": { "type": "Point", "coordinates": [ -62.9795, -32.0621 ] } },
{ "type": "Feature", "properties": { "Name": "109.78", "P.K.": null, "Al.Dist. Izq.": 30, "Al.Dist. Der.": 30, "Ruta": 158 }, "geometry": { "type": "Point", "coordinates": [ -62.9799281, -32.0623535 ] } },
{ "type": "Feature", "properties": { "Name": "109.86", "P.K.": null, "Al.Dist. Izq.": 30, "Al.Dist. Der.": 30, "Ruta": 158 }, "geometry": { "type": "Point", "coordinates": [ -62.9804959, -32.0628855 ] } },
{ "type": "Feature", "properties": { "Name": "110", "P.K.": "PK110", "Al.Dist. Izq.": 30, "Al.Dist. Der.": 30, "Ruta": 158 }, "geometry": { "type": "Point", "coordinates": [ -62.9816506, -32.0637357 ] } },
{ "type": "Feature", "properties": { "Name": "111", "P.K.": "PK111", "Al.Dist. Izq.": 30, "Al.Dist. Der.": 30, "Ruta": 158 }, "geometry": { "type": "Point", "coordinates": [ -62.9897714, -32.0694492 ] } },
{ "type": "Feature", "properties": { "Name": "111.23", "P.K.": null, "Al.Dist. Izq.": 30, "Al.Dist. Der.": 30, "Ruta": 158 }, "geometry": { "type": "Point", "coordinates": [ -62.99167, -32.0708694 ] } },
{ "type": "Feature", "properties": { "Name": "111.24", "P.K.": null, "Al.Dist. Izq.": 30, "Al.Dist. Der.": 30, "Ruta": 158 }, "geometry": { "type": "Point", "coordinates": [ -62.9917, -32.0709 ] } },
{ "type": "Feature", "properties": { "Name": "111.27", "P.K.": null, "Al.Dist. Izq.": 30, "Al.Dist. Der.": 30, "Ruta": 158 }, "geometry": { "type": "Point", "coordinates": [ -62.9920111, -32.0710465 ] } },
{ "type": "Feature", "properties": { "Name": "111.29", "P.K.": null, "Al.Dist. Izq.": 30, "Al.Dist. Der.": 30, "Ruta": 158 }, "geometry": { "type": "Point", "coordinates": [ -62.9921528, -32.0711407 ] } },
{ "type": "Feature", "properties": { "Name": "111.3", "P.K.": null, "Al.Dist. Izq.": 30, "Al.Dist. Der.": 30, "Ruta": 158 }, "geometry": { "type": "Point", "coordinates": [ -62.9922056, -32.0712124 ] } },
{ "type": "Feature", "properties": { "Name": "111.31", "P.K.": null, "Al.Dist. Izq.": 30, "Al.Dist. Der.": 30, "Ruta": 158 }, "geometry": { "type": "Point", "coordinates": [ -62.9922699, -32.0712485 ] } },
{ "type": "Feature", "properties": { "Name": "111.37", "P.K.": null, "Al.Dist. Izq.": 30, "Al.Dist. Der.": 30, "Ruta": 158 }, "geometry": { "type": "Point", "coordinates": [ -62.9928121, -32.0716408 ] } },
{ "type": "Feature", "properties": { "Name": "111.38", "P.K.": null, "Al.Dist. Izq.": 30, "Al.Dist. Der.": 30, "Ruta": 158 }, "geometry": { "type": "Point", "coordinates": [ -62.9927787, -32.0717636 ] } },
{ "type": "Feature", "properties": { "Name": "111.94", "P.K.": null, "Al.Dist. Izq.": 30, "Al.Dist. Der.": 30, "Ruta": 158 }, "geometry": { "type": "Point", "coordinates": [ -62.9974726, -32.0749048 ] } },
{ "type": "Feature", "properties": { "Name": "112", "P.K.": "PK112", "Al.Dist. Izq.": 30, "Al.Dist. Der.": 30, "Ruta": 158 }, "geometry": { "type": "Point", "coordinates": [ -62.9978267, -32.0753125 ] } },
{ "type": "Feature", "properties": { "Name": "112.58", "P.K.": null, "Al.Dist. Izq.": 30, "Al.Dist. Der.": 30, "Ruta": 158 }, "geometry": { "type": "Point", "coordinates": [ -63.0024874, -32.0786233 ] } },
{ "type": "Feature", "properties": { "Name": "113", "P.K.": "PK113", "Al.Dist. Izq.": 30, "Al.Dist. Der.": 30, "Ruta": 158 }, "geometry": { "type": "Point", "coordinates": [ -63.005932, -32.0810428 ] } },
{ "type": "Feature", "properties": { "Name": "113.21", "P.K.": null, "Al.Dist. Izq.": 30, "Al.Dist. Der.": 30, "Ruta": 158 }, "geometry": { "type": "Point", "coordinates": [ -63.0075889, -32.0822382 ] } },
{ "type": "Feature", "properties": { "Name": "113.57", "P.K.": null, "Al.Dist. Izq.": 30, "Al.Dist. Der.": 30, "Ruta": 158 }, "geometry": { "type": "Point", "coordinates": [ -63.0106637, -32.0843875 ] } },
{ "type": "Feature", "properties": { "Name": "113.75", "P.K.": null, "Al.Dist. Izq.": 30, "Al.Dist. Der.": 30, "Ruta": 158 }, "geometry": { "type": "Point", "coordinates": [ -63.0120572, -32.0854937 ] } },
{ "type": "Feature", "properties": { "Name": "113.8", "P.K.": null, "Al.Dist. Izq.": 30, "Al.Dist. Der.": 30, "Ruta": 158 }, "geometry": { "type": "Point", "coordinates": [ -63.0124896, -32.0858672 ] } },
{ "type": "Feature", "properties": { "Name": "113.89", "P.K.": null, "Al.Dist. Izq.": 30, "Al.Dist. Der.": 30, "Ruta": 158 }, "geometry": { "type": "Point", "coordinates": [ -63.0132524, -32.0863393 ] } },
{ "type": "Feature", "properties": { "Name": "113.92", "P.K.": null, "Al.Dist. Izq.": 30, "Al.Dist. Der.": 30, "Ruta": 158 }, "geometry": { "type": "Point", "coordinates": [ -63.0135109, -32.0865473 ] } },
{ "type": "Feature", "properties": { "Name": "114", "P.K.": "PK114", "Al.Dist. Izq.": 30, "Al.Dist. Der.": 30, "Ruta": 158 }, "geometry": { "type": "Point", "coordinates": [ -63.0141412, -32.0870384 ] } },
{ "type": "Feature", "properties": { "Name": "114.08", "P.K.": null, "Al.Dist. Izq.": 30, "Al.Dist. Der.": 30, "Ruta": 158 }, "geometry": { "type": "Point", "coordinates": [ -63.0146773, -32.0875395 ] } },
{ "type": "Feature", "properties": { "Name": "114.32", "P.K.": null, "Al.Dist. Izq.": 30, "Al.Dist. Der.": 30, "Ruta": 158 }, "geometry": { "type": "Point", "coordinates": [ -63.0166249, -32.0889785 ] } },
{ "type": "Feature", "properties": { "Name": "114.47", "P.K.": null, "Al.Dist. Izq.": 30, "Al.Dist. Der.": 30, "Ruta": 158 }, "geometry": { "type": "Point", "coordinates": [ -63.0178366, -32.0898625 ] } },
{ "type": "Feature", "properties": { "Name": "114.63", "P.K.": null, "Al.Dist. Izq.": 30, "Al.Dist. Der.": 30, "Ruta": 158 }, "geometry": { "type": "Point", "coordinates": [ -63.0190839, -32.0906337 ] } },
{ "type": "Feature", "properties": { "Name": "114.63", "P.K.": null, "Al.Dist. Izq.": 30, "Al.Dist. Der.": 30, "Ruta": 158 }, "geometry": { "type": "Point", "coordinates": [ -63.019163, -32.0905595 ] } },
{ "type": "Feature", "properties": { "Name": "114.69", "P.K.": null, "Al.Dist. Izq.": 30, "Al.Dist. Der.": 30, "Ruta": 158 }, "geometry": { "type": "Point", "coordinates": [ -63.0196414, -32.0910012 ] } },
{ "type": "Feature", "properties": { "Name": "114.71", "P.K.": null, "Al.Dist. Izq.": 30, "Al.Dist. Der.": 30, "Ruta": 158 }, "geometry": { "type": "Point", "coordinates": [ -63.0198111, -32.0910194 ] } },
{ "type": "Feature", "properties": { "Name": "114.74", "P.K.": null, "Al.Dist. Izq.": 30, "Al.Dist. Der.": 30, "Ruta": 158 }, "geometry": { "type": "Point", "coordinates": [ -63.0200698, -32.091272 ] } },
{ "type": "Feature", "properties": { "Name": "114.75", "P.K.": null, "Al.Dist. Izq.": 30, "Al.Dist. Der.": 30, "Ruta": 158 }, "geometry": { "type": "Point", "coordinates": [ -63.0201134, -32.0913066 ] } },
{ "type": "Feature", "properties": { "Name": "114.79", "P.K.": null, "Al.Dist. Izq.": 30, "Al.Dist. Der.": 30, "Ruta": 158 }, "geometry": { "type": "Point", "coordinates": [ -63.0204585, -32.0914912 ] } },
{ "type": "Feature", "properties": { "Name": "114.8", "P.K.": null, "Al.Dist. Izq.": 30, "Al.Dist. Der.": 30, "Ruta": 158 }, "geometry": { "type": "Point", "coordinates": [ -63.0205167, -32.0915782 ] } },
{ "type": "Feature", "properties": { "Name": "114.85", "P.K.": null, "Al.Dist. Izq.": 30, "Al.Dist. Der.": 30, "Ruta": 158 }, "geometry": { "type": "Point", "coordinates": [ -63.0209758, -32.0918588 ] } },
{ "type": "Feature", "properties": { "Name": "114.86", "P.K.": null, "Al.Dist. Izq.": 30, "Al.Dist. Der.": 30, "Ruta": 158 }, "geometry": { "type": "Point", "coordinates": [ -63.0210804, -32.0919286 ] } },
{ "type": "Feature", "properties": { "Name": "114.89", "P.K.": null, "Al.Dist. Izq.": 30, "Al.Dist. Der.": 30, "Ruta": 158 }, "geometry": { "type": "Point", "coordinates": [ -63.0212886, -32.0920939 ] } },
{ "type": "Feature", "properties": { "Name": "114.89", "P.K.": null, "Al.Dist. Izq.": 30, "Al.Dist. Der.": 30, "Ruta": 158 }, "geometry": { "type": "Point", "coordinates": [ -63.0212259, -32.0921525 ] } },
{ "type": "Feature", "properties": { "Name": "114.9", "P.K.": null, "Al.Dist. Izq.": 30, "Al.Dist. Der.": 30, "Ruta": 158 }, "geometry": { "type": "Point", "coordinates": [ -63.0213657, -32.0921473 ] } },
{ "type": "Feature", "properties": { "Name": "114.95", "P.K.": null, "Al.Dist. Izq.": 30, "Al.Dist. Der.": 30, "Ruta": 158 }, "geometry": { "type": "Point", "coordinates": [ -63.0217516, -32.0925067 ] } },
{ "type": "Feature", "properties": { "Name": "114.97", "P.K.": null, "Al.Dist. Izq.": 30, "Al.Dist. Der.": 30, "Ruta": 158 }, "geometry": { "type": "Point", "coordinates": [ -63.0218881, -32.092551 ] } },
{ "type": "Feature", "properties": { "Name": "114.99", "P.K.": null, "Al.Dist. Izq.": 30, "Al.Dist. Der.": 30, "Ruta": 158 }, "geometry": { "type": "Point", "coordinates": [ -63.0221, -32.0927 ] } },
{ "type": "Feature", "properties": { "Name": "115", "P.K.": "PK115", "Al.Dist. Izq.": 30, "Al.Dist. Der.": 30, "Ruta": 158 }, "geometry": { "type": "Point", "coordinates": [ -63.0221466, -32.0927291 ] } },
{ "type": "Feature", "properties": { "Name": "115.06", "P.K.": null, "Al.Dist. Izq.": 30, "Al.Dist. Der.": 30, "Ruta": 158 }, "geometry": { "type": "Point", "coordinates": [ -63.0226626, -32.0930216 ] } },
{ "type": "Feature", "properties": { "Name": "115.09", "P.K.": null, "Al.Dist. Izq.": 30, "Al.Dist. Der.": 30, "Ruta": 158 }, "geometry": { "type": "Point", "coordinates": [ -63.0228624, -32.0932457 ] } },
{ "type": "Feature", "properties": { "Name": "115.09", "P.K.": null, "Al.Dist. Izq.": 30, "Al.Dist. Der.": 30, "Ruta": 158 }, "geometry": { "type": "Point", "coordinates": [ -63.0228138, -32.0932861 ] } },
{ "type": "Feature", "properties": { "Name": "115.1", "P.K.": null, "Al.Dist. Izq.": 30, "Al.Dist. Der.": 30, "Ruta": 158 }, "geometry": { "type": "Point", "coordinates": [ -63.0229637, -32.0933187 ] } },
{ "type": "Feature", "properties": { "Name": "115.16", "P.K.": null, "Al.Dist. Izq.": 30, "Al.Dist. Der.": 30, "Ruta": 158 }, "geometry": { "type": "Point", "coordinates": [ -63.0234471, -32.0936764 ] } },
{ "type": "Feature", "properties": { "Name": "115.16", "P.K.": null, "Al.Dist. Izq.": 30, "Al.Dist. Der.": 30, "Ruta": 158 }, "geometry": { "type": "Point", "coordinates": [ -63.0234056, -32.0937153 ] } },
{ "type": "Feature", "properties": { "Name": "115.16", "P.K.": null, "Al.Dist. Izq.": 30, "Al.Dist. Der.": 30, "Ruta": 158 }, "geometry": { "type": "Point", "coordinates": [ -63.0233442, -32.0938015 ] } },
{ "type": "Feature", "properties": { "Name": "115.17", "P.K.": null, "Al.Dist. Izq.": 30, "Al.Dist. Der.": 30, "Ruta": 158 }, "geometry": { "type": "Point", "coordinates": [ -63.0235353, -32.0937554 ] } },
{ "type": "Feature", "properties": { "Name": "115.24", "P.K.": null, "Al.Dist. Izq.": 30, "Al.Dist. Der.": 30, "Ruta": 158 }, "geometry": { "type": "Point", "coordinates": [ -63.0241264, -32.0941089 ] } },
{ "type": "Feature", "properties": { "Name": "115.31", "P.K.": null, "Al.Dist. Izq.": 30, "Al.Dist. Der.": 30, "Ruta": 158 }, "geometry": { "type": "Point", "coordinates": [ -63.0246504, -32.0944984 ] } },
{ "type": "Feature", "properties": { "Name": "115.38", "P.K.": null, "Al.Dist. Izq.": 30, "Al.Dist. Der.": 30, "Ruta": 158 }, "geometry": { "type": "Point", "coordinates": [ -63.0252606, -32.0949829 ] } },
{ "type": "Feature", "properties": { "Name": "115.39", "P.K.": null, "Al.Dist. Izq.": 30, "Al.Dist. Der.": 30, "Ruta": 158 }, "geometry": { "type": "Point", "coordinates": [ -63.0252966, -32.095062 ] } },
{ "type": "Feature", "properties": { "Name": "115.39", "P.K.": null, "Al.Dist. Izq.": 30, "Al.Dist. Der.": 30, "Ruta": 158 }, "geometry": { "type": "Point", "coordinates": [ -63.0252966, -32.095062 ] } },
{ "type": "Feature", "properties": { "Name": "115.43", "P.K.": null, "Al.Dist. Izq.": 30, "Al.Dist. Der.": 30, "Ruta": 158 }, "geometry": { "type": "Point", "coordinates": [ -63.0255493, -32.0953476 ] } },
{ "type": "Feature", "properties": { "Name": "115.62", "P.K.": null, "Al.Dist. Izq.": 30, "Al.Dist. Der.": 30, "Ruta": 158 }, "geometry": { "type": "Point", "coordinates": [ -63.0270178, -32.0965508 ] } },
{ "type": "Feature", "properties": { "Name": "115.63", "P.K.": null, "Al.Dist. Izq.": 30, "Al.Dist. Der.": 30, "Ruta": 158 }, "geometry": { "type": "Point", "coordinates": [ -63.0270456, -32.0965587 ] } },
{ "type": "Feature", "properties": { "Name": "115.75", "P.K.": null, "Al.Dist. Izq.": 30, "Al.Dist. Der.": 30, "Ruta": 158 }, "geometry": { "type": "Point", "coordinates": [ -63.0279133, -32.0974514 ] } },
{ "type": "Feature", "properties": { "Name": "115.75", "P.K.": null, "Al.Dist. Izq.": 30, "Al.Dist. Der.": 30, "Ruta": 158 }, "geometry": { "type": "Point", "coordinates": [ -63.0279133, -32.0974514 ] } },
{ "type": "Feature", "properties": { "Name": "115.76", "P.K.": null, "Al.Dist. Izq.": 30, "Al.Dist. Der.": 30, "Ruta": 158 }, "geometry": { "type": "Point", "coordinates": [ -63.0279797, -32.097529 ] } },
{ "type": "Feature", "properties": { "Name": "115.76", "P.K.": null, "Al.Dist. Izq.": 30, "Al.Dist. Der.": 30, "Ruta": 158 }, "geometry": { "type": "Point", "coordinates": [ -63.0279797, -32.097529 ] } },
{ "type": "Feature", "properties": { "Name": "115.77", "P.K.": null, "Al.Dist. Izq.": null, "Al.Dist. Der.": null, "Ruta": 158 }, "geometry": { "type": "Point", "coordinates": [ -63.0281, -32.0975 ] } },
{ "type": "Feature", "properties": { "Name": "115.77", "P.K.": null, "Al.Dist. Izq.": null, "Al.Dist. Der.": null, "Ruta": 158 }, "geometry": { "type": "Point", "coordinates": [ -63.0281, -32.0975 ] } },
{ "type": "Feature", "properties": { "Name": "115.91", "P.K.": null, "Al.Dist. Izq.": null, "Al.Dist. Der.": null, "Ruta": 158 }, "geometry": { "type": "Point", "coordinates": [ -63.0291, -32.0985 ] } },
{ "type": "Feature", "properties": { "Name": "115.91", "P.K.": null, "Al.Dist. Izq.": null, "Al.Dist. Der.": null, "Ruta": 158 }, "geometry": { "type": "Point", "coordinates": [ -63.0292, -32.0984 ] } },
{ "type": "Feature", "properties": { "Name": "115.97", "P.K.": null, "Al.Dist. Izq.": null, "Al.Dist. Der.": null, "Ruta": 158 }, "geometry": { "type": "Point", "coordinates": [ -63.0296857, -32.0987783 ] } },
{ "type": "Feature", "properties": { "Name": "116.03", "P.K.": null, "Al.Dist. Izq.": null, "Al.Dist. Der.": null, "Ruta": 158 }, "geometry": { "type": "Point", "coordinates": [ -63.0301, -32.0993 ] } },
{ "type": "Feature", "properties": { "Name": "116.04", "P.K.": null, "Al.Dist. Izq.": null, "Al.Dist. Der.": null, "Ruta": 158 }, "geometry": { "type": "Point", "coordinates": [ -63.0303, -32.0991 ] } },
{ "type": "Feature", "properties": { "Name": "116.09", "P.K.": null, "Al.Dist. Izq.": null, "Al.Dist. Der.": null, "Ruta": 158 }, "geometry": { "type": "Point", "coordinates": [ -63.0305597, -32.0995595 ] } },
{ "type": "Feature", "properties": { "Name": "116.19", "P.K.": null, "Al.Dist. Izq.": null, "Al.Dist. Der.": null, "Ruta": 158 }, "geometry": { "type": "Point", "coordinates": [ -63.0315, -32.1 ] } },
{ "type": "Feature", "properties": { "Name": "116.19", "P.K.": null, "Al.Dist. Izq.": null, "Al.Dist. Der.": null, "Ruta": 158 }, "geometry": { "type": "Point", "coordinates": [ -63.0314, -32.1001 ] } },
{ "type": "Feature", "properties": { "Name": "116.31", "P.K.": null, "Al.Dist. Izq.": null, "Al.Dist. Der.": null, "Ruta": 158 }, "geometry": { "type": "Point", "coordinates": [ -63.0325, -32.1007 ] } },
{ "type": "Feature", "properties": { "Name": "116.31", "P.K.": null, "Al.Dist. Izq.": null, "Al.Dist. Der.": null, "Ruta": 158 }, "geometry": { "type": "Point", "coordinates": [ -63.0324, -32.1008 ] } },
{ "type": "Feature", "properties": { "Name": "116.44", "P.K.": null, "Al.Dist. Izq.": null, "Al.Dist. Der.": null, "Ruta": 158 }, "geometry": { "type": "Point", "coordinates": [ -63.0336, -32.1014 ] } },
{ "type": "Feature", "properties": { "Name": "116.44", "P.K.": null, "Al.Dist. Izq.": null, "Al.Dist. Der.": null, "Ruta": 158 }, "geometry": { "type": "Point", "coordinates": [ -63.0333, -32.1018 ] } },
{ "type": "Feature", "properties": { "Name": "116.45", "P.K.": null, "Al.Dist. Izq.": null, "Al.Dist. Der.": null, "Ruta": 158 }, "geometry": { "type": "Point", "coordinates": [ -63.033611, -32.1015109 ] } },
{ "type": "Feature", "properties": { "Name": "116.45", "P.K.": null, "Al.Dist. Izq.": null, "Al.Dist. Der.": null, "Ruta": 158 }, "geometry": { "type": "Point", "coordinates": [ -63.033611, -32.1015109 ] } },
{ "type": "Feature", "properties": { "Name": "116.46", "P.K.": null, "Al.Dist. Izq.": null, "Al.Dist. Der.": null, "Ruta": 158 }, "geometry": { "type": "Point", "coordinates": [ -63.0335906, -32.1016663 ] } },
{ "type": "Feature", "properties": { "Name": "116.58", "P.K.": null, "Al.Dist. Izq.": null, "Al.Dist. Der.": null, "Ruta": 158 }, "geometry": { "type": "Point", "coordinates": [ -63.0347, -32.1023 ] } },
{ "type": "Feature", "properties": { "Name": "116.59", "P.K.": null, "Al.Dist. Izq.": null, "Al.Dist. Der.": null, "Ruta": 158 }, "geometry": { "type": "Point", "coordinates": [ -63.034722, -32.102307 ] } },
{ "type": "Feature", "properties": { "Name": "116.59", "P.K.": null, "Al.Dist. Izq.": 15, "Al.Dist. Der.": 30, "Ruta": 158 }, "geometry": { "type": "Point", "coordinates": [ -63.034722, -32.102307 ] } },
{ "type": "Feature", "properties": { "Name": "116.77", "P.K.": null, "Al.Dist. Izq.": 15, "Al.Dist. Der.": 30, "Ruta": 158 }, "geometry": { "type": "Point", "coordinates": [ -63.0363888, -32.1031017 ] } },
{ "type": "Feature", "properties": { "Name": "116.95", "P.K.": null, "Al.Dist. Izq.": 15, "Al.Dist. Der.": 30, "Ruta": 158 }, "geometry": { "type": "Point", "coordinates": [ -63.0378201, -32.1041821 ] } },
{ "type": "Feature", "properties": { "Name": "116.96", "P.K.": null, "Al.Dist. Izq.": 15, "Al.Dist. Der.": 30, "Ruta": 158 }, "geometry": { "type": "Point", "coordinates": [ -63.0379731, -32.1041583 ] } },
{ "type": "Feature", "properties": { "Name": "117.01", "P.K.": null, "Al.Dist. Izq.": 15, "Al.Dist. Der.": 30, "Ruta": 158 }, "geometry": { "type": "Point", "coordinates": [ -63.0383889, -32.1045949 ] } },
{ "type": "Feature", "properties": { "Name": "117.02", "P.K.": null, "Al.Dist. Izq.": 15, "Al.Dist. Der.": 30, "Ruta": 158 }, "geometry": { "type": "Point", "coordinates": [ -63.0384732, -32.1046583 ] } },
{ "type": "Feature", "properties": { "Name": "117.07", "P.K.": null, "Al.Dist. Izq.": 15, "Al.Dist. Der.": 30, "Ruta": 158 }, "geometry": { "type": "Point", "coordinates": [ -63.0388745, -32.1049512 ] } },
{ "type": "Feature", "properties": { "Name": "117.08", "P.K.": null, "Al.Dist. Izq.": 15, "Al.Dist. Der.": 30, "Ruta": 158 }, "geometry": { "type": "Point", "coordinates": [ -63.0389463, -32.1050727 ] } },
{ "type": "Feature", "properties": { "Name": "117.15", "P.K.": null, "Al.Dist. Izq.": 15, "Al.Dist. Der.": 30, "Ruta": 158 }, "geometry": { "type": "Point", "coordinates": [ -63.03945, -32.1055165 ] } },
{ "type": "Feature", "properties": { "Name": "117.16", "P.K.": null, "Al.Dist. Izq.": 15, "Al.Dist. Der.": 30, "Ruta": 158 }, "geometry": { "type": "Point", "coordinates": [ -63.0395714, -32.1054268 ] } },
{ "type": "Feature", "properties": { "Name": "117.16", "P.K.": null, "Al.Dist. Izq.": 15, "Al.Dist. Der.": 30, "Ruta": 158 }, "geometry": { "type": "Point", "coordinates": [ -63.0396262, -32.1054203 ] } },
{ "type": "Feature", "properties": { "Name": "117.16", "P.K.": null, "Al.Dist. Izq.": 15, "Al.Dist. Der.": 30, "Ruta": 158 }, "geometry": { "type": "Point", "coordinates": [ -63.0395957, -32.1054632 ] } },
{ "type": "Feature", "properties": { "Name": "117.23", "P.K.": null, "Al.Dist. Izq.": 15, "Al.Dist. Der.": 30, "Ruta": 158 }, "geometry": { "type": "Point", "coordinates": [ -63.0401181, -32.105856 ] } },
{ "type": "Feature", "properties": { "Name": "117.29", "P.K.": null, "Al.Dist. Izq.": 15, "Al.Dist. Der.": 30, "Ruta": 158 }, "geometry": { "type": "Point", "coordinates": [ -63.0406579, -32.1061619 ] } },
{ "type": "Feature", "properties": { "Name": "117.29", "P.K.": null, "Al.Dist. Izq.": 15, "Al.Dist. Der.": 30, "Ruta": 158 }, "geometry": { "type": "Point", "coordinates": [ -63.0406079, -32.1062011 ] } },
{ "type": "Feature", "properties": { "Name": "117.34", "P.K.": null, "Al.Dist. Izq.": 15, "Al.Dist. Der.": 30, "Ruta": 158 }, "geometry": { "type": "Point", "coordinates": [ -63.0410394, -32.10648 ] } },
{ "type": "Feature", "properties": { "Name": "117.34", "P.K.": null, "Al.Dist. Izq.": 15, "Al.Dist. Der.": 30, "Ruta": 158 }, "geometry": { "type": "Point", "coordinates": [ -63.0409341, -32.1066141 ] } },
{ "type": "Feature", "properties": { "Name": "117.55", "P.K.": null, "Al.Dist. Izq.": 15, "Al.Dist. Der.": 30, "Ruta": 158 }, "geometry": { "type": "Point", "coordinates": [ -63.0427302, -32.1077296 ] } },
{ "type": "Feature", "properties": { "Name": "117.76", "P.K.": null, "Al.Dist. Izq.": 15, "Al.Dist. Der.": 30, "Ruta": 158 }, "geometry": { "type": "Point", "coordinates": [ -63.0444534, -32.1089523 ] } },
{ "type": "Feature", "properties": { "Name": "117.88", "P.K.": null, "Al.Dist. Izq.": 15, "Al.Dist. Der.": 30, "Ruta": 158 }, "geometry": { "type": "Point", "coordinates": [ -63.0454107, -32.1095962 ] } },
{ "type": "Feature", "properties": { "Name": "118.19", "P.K.": null, "Al.Dist. Izq.": 15, "Al.Dist. Der.": 30, "Ruta": 158 }, "geometry": { "type": "Point", "coordinates": [ -63.0479252, -32.1115098 ] } },
{ "type": "Feature", "properties": { "Name": "118.22", "P.K.": null, "Al.Dist. Izq.": 15, "Al.Dist. Der.": 30, "Ruta": 158 }, "geometry": { "type": "Point", "coordinates": [ -63.0480779, -32.1116507 ] } },
{ "type": "Feature", "properties": { "Name": "118.23", "P.K.": null, "Al.Dist. Izq.": 15, "Al.Dist. Der.": 30, "Ruta": 158 }, "geometry": { "type": "Point", "coordinates": [ -63.0482292, -32.1117658 ] } },
{ "type": "Feature", "properties": { "Name": "118.25", "P.K.": null, "Al.Dist. Izq.": 15, "Al.Dist. Der.": 30, "Ruta": 158 }, "geometry": { "type": "Point", "coordinates": [ -63.0483721, -32.1118835 ] } },
{ "type": "Feature", "properties": { "Name": "118.45", "P.K.": null, "Al.Dist. Izq.": 15, "Al.Dist. Der.": 30, "Ruta": 158 }, "geometry": { "type": "Point", "coordinates": [ -63.0499591, -32.1131321 ] } },
{ "type": "Feature", "properties": { "Name": "118.6", "P.K.": null, "Al.Dist. Izq.": 15, "Al.Dist. Der.": 30, "Ruta": 158 }, "geometry": { "type": "Point", "coordinates": [ -63.0511896, -32.1140241 ] } },
{ "type": "Feature", "properties": { "Name": "118.64", "P.K.": null, "Al.Dist. Izq.": 15, "Al.Dist. Der.": 30, "Ruta": 158 }, "geometry": { "type": "Point", "coordinates": [ -63.0515594, -32.114301 ] } },
{ "type": "Feature", "properties": { "Name": "119", "P.K.": "PK119", "Al.Dist. Izq.": 15, "Al.Dist. Der.": 30, "Ruta": 158 }, "geometry": { "type": "Point", "coordinates": [ -63.0544898, -32.1162922 ] } },
{ "type": "Feature", "properties": { "Name": "119.08", "P.K.": null, "Al.Dist. Izq.": 15, "Al.Dist. Der.": 30, "Ruta": 158 }, "geometry": { "type": "Point", "coordinates": [ -63.055147, -32.1167586 ] } },
{ "type": "Feature", "properties": { "Name": "119.08", "P.K.": null, "Al.Dist. Izq.": 15, "Al.Dist. Der.": 30, "Ruta": 158 }, "geometry": { "type": "Point", "coordinates": [ -63.0551601, -32.1167643 ] } },
{ "type": "Feature", "properties": { "Name": "119.13", "P.K.": null, "Al.Dist. Izq.": 15, "Al.Dist. Der.": 30, "Ruta": 158 }, "geometry": { "type": "Point", "coordinates": [ -63.0555427, -32.1170481 ] } },
{ "type": "Feature", "properties": { "Name": "119.23", "P.K.": null, "Al.Dist. Izq.": 15, "Al.Dist. Der.": 30, "Ruta": 158 }, "geometry": { "type": "Point", "coordinates": [ -63.0563292, -32.1176313 ] } },
{ "type": "Feature", "properties": { "Name": "119.34", "P.K.": null, "Al.Dist. Izq.": 15, "Al.Dist. Der.": 30, "Ruta": 158 }, "geometry": { "type": "Point", "coordinates": [ -63.0573251, -32.1181845 ] } },
{ "type": "Feature", "properties": { "Name": "119.39", "P.K.": null, "Al.Dist. Izq.": 15, "Al.Dist. Der.": 30, "Ruta": 158 }, "geometry": { "type": "Point", "coordinates": [ -63.0576378, -32.1185529 ] } },
{ "type": "Feature", "properties": { "Name": "119.42", "P.K.": null, "Al.Dist. Izq.": 15, "Al.Dist. Der.": 30, "Ruta": 158 }, "geometry": { "type": "Point", "coordinates": [ -63.0579118, -32.1186755 ] } },
{ "type": "Feature", "properties": { "Name": "119.42", "P.K.": null, "Al.Dist. Izq.": 15, "Al.Dist. Der.": 30, "Ruta": 158 }, "geometry": { "type": "Point", "coordinates": [ -63.0579118, -32.1186755 ] } },
{ "type": "Feature", "properties": { "Name": "119.44", "P.K.": null, "Al.Dist. Izq.": 15, "Al.Dist. Der.": 30, "Ruta": 158 }, "geometry": { "type": "Point", "coordinates": [ -63.0580615, -32.118873 ] } },
{ "type": "Feature", "properties": { "Name": "119.51", "P.K.": null, "Al.Dist. Izq.": 15, "Al.Dist. Der.": 30, "Ruta": 158 }, "geometry": { "type": "Point", "coordinates": [ -63.0586055, -32.119165 ] } },
{ "type": "Feature", "properties": { "Name": "119.55", "P.K.": null, "Al.Dist. Izq.": 15, "Al.Dist. Der.": 30, "Ruta": 158 }, "geometry": { "type": "Point", "coordinates": [ -63.0588784, -32.1193664 ] } },
{ "type": "Feature", "properties": { "Name": "119.57", "P.K.": null, "Al.Dist. Izq.": 15, "Al.Dist. Der.": 30, "Ruta": 158 }, "geometry": { "type": "Point", "coordinates": [ -63.0589696, -32.1195603 ] } },
{ "type": "Feature", "properties": { "Name": "119.57", "P.K.": null, "Al.Dist. Izq.": 15, "Al.Dist. Der.": 35, "Ruta": 158 }, "geometry": { "type": "Point", "coordinates": [ -63.0589696, -32.1195603 ] } },
{ "type": "Feature", "properties": { "Name": "119.58", "P.K.": null, "Al.Dist. Izq.": 15, "Al.Dist. Der.": 35, "Ruta": 158 }, "geometry": { "type": "Point", "coordinates": [ -63.0590024, -32.1197593 ] } },
{ "type": "Feature", "properties": { "Name": "119.59", "P.K.": null, "Al.Dist. Izq.": 15, "Al.Dist. Der.": 35, "Ruta": 158 }, "geometry": { "type": "Point", "coordinates": [ -63.0591996, -32.1195848 ] } },
{ "type": "Feature", "properties": { "Name": "119.62", "P.K.": null, "Al.Dist. Izq.": 15, "Al.Dist. Der.": 35, "Ruta": 158 }, "geometry": { "type": "Point", "coordinates": [ -63.0594558, -32.1198259 ] } },
{ "type": "Feature", "properties": { "Name": "119.77", "P.K.": null, "Al.Dist. Izq.": 15, "Al.Dist. Der.": 35, "Ruta": 158 }, "geometry": { "type": "Point", "coordinates": [ -63.0606286, -32.1207677 ] } },
{ "type": "Feature", "properties": { "Name": "119.84", "P.K.": null, "Al.Dist. Izq.": 15, "Al.Dist. Der.": 35, "Ruta": 158 }, "geometry": { "type": "Point", "coordinates": [ -63.0611338, -32.1211618 ] } },
{ "type": "Feature", "properties": { "Name": "119.89", "P.K.": null, "Al.Dist. Izq.": 15, "Al.Dist. Der.": 35, "Ruta": 158 }, "geometry": { "type": "Point", "coordinates": [ -63.0615362, -32.1214784 ] } },
{ "type": "Feature", "properties": { "Name": "119.94", "P.K.": null, "Al.Dist. Izq.": 15, "Al.Dist. Der.": 35, "Ruta": 158 }, "geometry": { "type": "Point", "coordinates": [ -63.0619744, -32.1217567 ] } },
{ "type": "Feature", "properties": { "Name": "119.99", "P.K.": null, "Al.Dist. Izq.": 15, "Al.Dist. Der.": 35, "Ruta": 158 }, "geometry": { "type": "Point", "coordinates": [ -63.0623465, -32.1220651 ] } },
{ "type": "Feature", "properties": { "Name": "120", "P.K.": "PK120", "Al.Dist. Izq.": 15, "Al.Dist. Der.": 35, "Ruta": 158 }, "geometry": { "type": "Point", "coordinates": [ -63.0624185, -32.1222017 ] } },
{ "type": "Feature", "properties": { "Name": "120.02", "P.K.": null, "Al.Dist. Izq.": 15, "Al.Dist. Der.": 35, "Ruta": 158 }, "geometry": { "type": "Point", "coordinates": [ -63.0626218, -32.1223146 ] } },
{ "type": "Feature", "properties": { "Name": "120.08", "P.K.": null, "Al.Dist. Izq.": 15, "Al.Dist. Der.": 35, "Ruta": 158 }, "geometry": { "type": "Point", "coordinates": [ -63.0632417, -32.1224683 ] } },
{ "type": "Feature", "properties": { "Name": "120.12", "P.K.": null, "Al.Dist. Izq.": 15, "Al.Dist. Der.": 35, "Ruta": 158 }, "geometry": { "type": "Point", "coordinates": [ -63.0634018, -32.1228981 ] } },
{ "type": "Feature", "properties": { "Name": "120.17", "P.K.": null, "Al.Dist. Izq.": 15, "Al.Dist. Der.": 35, "Ruta": 158 }, "geometry": { "type": "Point", "coordinates": [ -63.063895, -32.1230687 ] } },
{ "type": "Feature", "properties": { "Name": "120.31", "P.K.": null, "Al.Dist. Izq.": 15, "Al.Dist. Der.": 35, "Ruta": 158 }, "geometry": { "type": "Point", "coordinates": [ -63.0649476, -32.1239346 ] } },
{ "type": "Feature", "properties": { "Name": "120.64", "P.K.": null, "Al.Dist. Izq.": 15, "Al.Dist. Der.": 35, "Ruta": 158 }, "geometry": { "type": "Point", "coordinates": [ -63.0676959, -32.1258384 ] } },
{ "type": "Feature", "properties": { "Name": "120.68", "P.K.": null, "Al.Dist. Izq.": 15, "Al.Dist. Der.": 35, "Ruta": 158 }, "geometry": { "type": "Point", "coordinates": [ -63.0679672, -32.1260124 ] } },
{ "type": "Feature", "properties": { "Name": "121", "P.K.": "PK121", "Al.Dist. Izq.": 15, "Al.Dist. Der.": 35, "Ruta": 158 }, "geometry": { "type": "Point", "coordinates": [ -63.0705957, -32.1277996 ] } },
{ "type": "Feature", "properties": { "Name": "122", "P.K.": "PK122", "Al.Dist. Izq.": 15, "Al.Dist. Der.": 35, "Ruta": 158 }, "geometry": { "type": "Point", "coordinates": [ -63.0784743, -32.1336393 ] } },
{ "type": "Feature", "properties": { "Name": "122.54", "P.K.": null, "Al.Dist. Izq.": 15, "Al.Dist. Der.": 35, "Ruta": 158 }, "geometry": { "type": "Point", "coordinates": [ -63.0829645, -32.1368037 ] } },
{ "type": "Feature", "properties": { "Name": "122.69", "P.K.": null, "Al.Dist. Izq.": 15, "Al.Dist. Der.": 35, "Ruta": 158 }, "geometry": { "type": "Point", "coordinates": [ -63.0841627, -32.1376555 ] } },
{ "type": "Feature", "properties": { "Name": "122.88", "P.K.": null, "Al.Dist. Izq.": 15, "Al.Dist. Der.": 35, "Ruta": 158 }, "geometry": { "type": "Point", "coordinates": [ -63.0857793, -32.1387958 ] } },
{ "type": "Feature", "properties": { "Name": "122.91", "P.K.": null, "Al.Dist. Izq.": 15, "Al.Dist. Der.": 35, "Ruta": 158 }, "geometry": { "type": "Point", "coordinates": [ -63.0860759, -32.1389846 ] } },
{ "type": "Feature", "properties": { "Name": "122.96", "P.K.": null, "Al.Dist. Izq.": 15, "Al.Dist. Der.": 35, "Ruta": 158 }, "geometry": { "type": "Point", "coordinates": [ -63.0865098, -32.1392491 ] } },
{ "type": "Feature", "properties": { "Name": "123", "P.K.": "PK123", "Al.Dist. Izq.": 15, "Al.Dist. Der.": 35, "Ruta": 158 }, "geometry": { "type": "Point", "coordinates": [ -63.0868961, -32.1393964 ] } },
{ "type": "Feature", "properties": { "Name": "123.15", "P.K.": null, "Al.Dist. Izq.": 15, "Al.Dist. Der.": 35, "Ruta": 158 }, "geometry": { "type": "Point", "coordinates": [ -63.0879536, -32.1402821 ] } },
{ "type": "Feature", "properties": { "Name": "123.29", "P.K.": null, "Al.Dist. Izq.": 15, "Al.Dist. Der.": 35, "Ruta": 158 }, "geometry": { "type": "Point", "coordinates": [ -63.0891177, -32.1411124 ] } },
{ "type": "Feature", "properties": { "Name": "123.82", "P.K.": null, "Al.Dist. Izq.": 15, "Al.Dist. Der.": 35, "Ruta": 158 }, "geometry": { "type": "Point", "coordinates": [ -63.0932439, -32.1440414 ] } },
{ "type": "Feature", "properties": { "Name": "124", "P.K.": "PK124", "Al.Dist. Izq.": 15, "Al.Dist. Der.": 35, "Ruta": 158 }, "geometry": { "type": "Point", "coordinates": [ -63.0946294, -32.1450713 ] } },
{ "type": "Feature", "properties": { "Name": "125", "P.K.": "PK125", "Al.Dist. Izq.": 15, "Al.Dist. Der.": 35, "Ruta": 158 }, "geometry": { "type": "Point", "coordinates": [ -63.1027694, -32.1507987 ] } },
{ "type": "Feature", "properties": { "Name": "125.61", "P.K.": null, "Al.Dist. Izq.": 15, "Al.Dist. Der.": 35, "Ruta": 158 }, "geometry": { "type": "Point", "coordinates": [ -63.1076, -32.1543 ] } },
{ "type": "Feature", "properties": { "Name": "125.83", "P.K.": null, "Al.Dist. Izq.": 15, "Al.Dist. Der.": 35, "Ruta": 158 }, "geometry": { "type": "Point", "coordinates": [ -63.1093042, -32.155612 ] } },
{ "type": "Feature", "properties": { "Name": "125.84", "P.K.": null, "Al.Dist. Izq.": 15, "Al.Dist. Der.": 35, "Ruta": 158 }, "geometry": { "type": "Point", "coordinates": [ -63.1093499, -32.1555723 ] } },
{ "type": "Feature", "properties": { "Name": "125.87", "P.K.": null, "Al.Dist. Izq.": 15, "Al.Dist. Der.": 35, "Ruta": 158 }, "geometry": { "type": "Point", "coordinates": [ -63.109586, -32.1558188 ] } },
{ "type": "Feature", "properties": { "Name": "125.88", "P.K.": null, "Al.Dist. Izq.": 15, "Al.Dist. Der.": 35, "Ruta": 158 }, "geometry": { "type": "Point", "coordinates": [ -63.109651, -32.1558558 ] } },
{ "type": "Feature", "properties": { "Name": "126", "P.K.": "PK126", "Al.Dist. Izq.": 15, "Al.Dist. Der.": 35, "Ruta": 158 }, "geometry": { "type": "Point", "coordinates": [ -63.110617, -32.1565673 ] } },
{ "type": "Feature", "properties": { "Name": "126.59", "P.K.": null, "Al.Dist. Izq.": 15, "Al.Dist. Der.": 35, "Ruta": 158 }, "geometry": { "type": "Point", "coordinates": [ -63.115288, -32.159945 ] } },
{ "type": "Feature", "properties": { "Name": "127", "P.K.": "PK127", "Al.Dist. Izq.": 15, "Al.Dist. Der.": 35, "Ruta": 158 }, "geometry": { "type": "Point", "coordinates": [ -63.1186092, -32.1621976 ] } },
{ "type": "Feature", "properties": { "Name": "128", "P.K.": "PK128", "Al.Dist. Izq.": 15, "Al.Dist. Der.": 35, "Ruta": 158 }, "geometry": { "type": "Point", "coordinates": [ -63.1265412, -32.1681151 ] } },
{ "type": "Feature", "properties": { "Name": "128.6", "P.K.": null, "Al.Dist. Izq.": 15, "Al.Dist. Der.": 35, "Ruta": 158 }, "geometry": { "type": "Point", "coordinates": [ -63.1318401, -32.171824 ] } },
{ "type": "Feature", "properties": { "Name": "128.63", "P.K.": null, "Al.Dist. Izq.": 15, "Al.Dist. Der.": 35, "Ruta": 158 }, "geometry": { "type": "Point", "coordinates": [ -63.1321623, -32.1720125 ] } },
{ "type": "Feature", "properties": { "Name": "128.77", "P.K.": null, "Al.Dist. Izq.": 15, "Al.Dist. Der.": 35, "Ruta": 158 }, "geometry": { "type": "Point", "coordinates": [ -63.1333, -32.173 ] } },
{ "type": "Feature", "properties": { "Name": "128.9", "P.K.": null, "Al.Dist. Izq.": 15, "Al.Dist. Der.": 35, "Ruta": 158 }, "geometry": { "type": "Point", "coordinates": [ -63.1344473, -32.1738306 ] } },
{ "type": "Feature", "properties": { "Name": "128.98", "P.K.": null, "Al.Dist. Izq.": 15, "Al.Dist. Der.": 35, "Ruta": 158 }, "geometry": { "type": "Point", "coordinates": [ -63.1352561, -32.174266 ] } },
{ "type": "Feature", "properties": { "Name": "129", "P.K.": "PK129", "Al.Dist. Izq.": 15, "Al.Dist. Der.": 35, "Ruta": 158 }, "geometry": { "type": "Point", "coordinates": [ -63.1354345, -32.1743956 ] } },
{ "type": "Feature", "properties": { "Name": "129.17", "P.K.": null, "Al.Dist. Izq.": 15, "Al.Dist. Der.": 35, "Ruta": 158 }, "geometry": { "type": "Point", "coordinates": [ -63.1367128, -32.1754567 ] } },
{ "type": "Feature", "properties": { "Name": "129.83", "P.K.": null, "Al.Dist. Izq.": 15, "Al.Dist. Der.": 35, "Ruta": 158 }, "geometry": { "type": "Point", "coordinates": [ -63.142, -32.1793 ] } },
{ "type": "Feature", "properties": { "Name": "129.84", "P.K.": null, "Al.Dist. Izq.": 15, "Al.Dist. Der.": 35, "Ruta": 158 }, "geometry": { "type": "Point", "coordinates": [ -63.1421644, -32.1792582 ] } },
{ "type": "Feature", "properties": { "Name": "130", "P.K.": "PK130", "Al.Dist. Izq.": 15, "Al.Dist. Der.": 35, "Ruta": 158 }, "geometry": { "type": "Point", "coordinates": [ -63.1434314, -32.1801245 ] } },
{ "type": "Feature", "properties": { "Name": "130.07", "P.K.": null, "Al.Dist. Izq.": 15, "Al.Dist. Der.": 35, "Ruta": 158 }, "geometry": { "type": "Point", "coordinates": [ -63.14394, -32.18057 ] } },
{ "type": "Feature", "properties": { "Name": "130.34", "P.K.": null, "Al.Dist. Izq.": 15, "Al.Dist. Der.": 35, "Ruta": 158 }, "geometry": { "type": "Point", "coordinates": [ -63.146, -32.18226 ] } },
{ "type": "Feature", "properties": { "Name": "130.57", "P.K.": null, "Al.Dist. Izq.": 15, "Al.Dist. Der.": 35, "Ruta": 158 }, "geometry": { "type": "Point", "coordinates": [ -63.1473038, -32.1839241 ] } },
{ "type": "Feature", "properties": { "Name": "130.71", "P.K.": null, "Al.Dist. Izq.": 15, "Al.Dist. Der.": 35, "Ruta": 158 }, "geometry": { "type": "Point", "coordinates": [ -63.1482196, -32.1849869 ] } },
{ "type": "Feature", "properties": { "Name": "130.71", "P.K.": null, "Al.Dist. Izq.": 15, "Al.Dist. Der.": 35, "Ruta": 158 }, "geometry": { "type": "Point", "coordinates": [ -63.1480974, -32.1850265 ] } },
{ "type": "Feature", "properties": { "Name": "130.88", "P.K.": null, "Al.Dist. Izq.": 15, "Al.Dist. Der.": 35, "Ruta": 158 }, "geometry": { "type": "Point", "coordinates": [ -63.1492142, -32.1861769 ] } },
{ "type": "Feature", "properties": { "Name": "131", "P.K.": "PK131", "Al.Dist. Izq.": 15, "Al.Dist. Der.": 35, "Ruta": 158 }, "geometry": { "type": "Point", "coordinates": [ -63.1499107, -32.1871415 ] } },
{ "type": "Feature", "properties": { "Name": "131.03", "P.K.": null, "Al.Dist. Izq.": 15, "Al.Dist. Der.": 35, "Ruta": 158 }, "geometry": { "type": "Point", "coordinates": [ -63.1499974, -32.1874333 ] } },
{ "type": "Feature", "properties": { "Name": "131.35", "P.K.": null, "Al.Dist. Izq.": 15, "Al.Dist. Der.": 35, "Ruta": 158 }, "geometry": { "type": "Point", "coordinates": [ -63.1519694, -32.1897617 ] } },
{ "type": "Feature", "properties": { "Name": "131.43", "P.K.": null, "Al.Dist. Izq.": 15, "Al.Dist. Der.": 35, "Ruta": 158 }, "geometry": { "type": "Point", "coordinates": [ -63.1524181, -32.1903136 ] } },
{ "type": "Feature", "properties": { "Name": "131.48", "P.K.": null, "Al.Dist. Izq.": 15, "Al.Dist. Der.": 35, "Ruta": 158 }, "geometry": { "type": "Point", "coordinates": [ -63.1526, -32.1908 ] } },
{ "type": "Feature", "properties": { "Name": "131.55", "P.K.": null, "Al.Dist. Izq.": 15, "Al.Dist. Der.": 35, "Ruta": 158 }, "geometry": { "type": "Point", "coordinates": [ -63.153019, -32.1913169 ] } },
{ "type": "Feature", "properties": { "Name": "131.56", "P.K.": null, "Al.Dist. Izq.": 15, "Al.Dist. Der.": 35, "Ruta": 158 }, "geometry": { "type": "Point", "coordinates": [ -63.1532127, -32.1912723 ] } },
{ "type": "Feature", "properties": { "Name": "131.64", "P.K.": null, "Al.Dist. Izq.": 15, "Al.Dist. Der.": 35, "Ruta": 158 }, "geometry": { "type": "Point", "coordinates": [ -63.1535836, -32.191974 ] } },
{ "type": "Feature", "properties": { "Name": "131.83", "P.K.": null, "Al.Dist. Izq.": 15, "Al.Dist. Der.": 35, "Ruta": 158 }, "geometry": { "type": "Point", "coordinates": [ -63.1546511, -32.1933782 ] } },
{ "type": "Feature", "properties": { "Name": "131.85", "P.K.": null, "Al.Dist. Izq.": 15, "Al.Dist. Der.": 35, "Ruta": 158 }, "geometry": { "type": "Point", "coordinates": [ -63.1548335, -32.1935452 ] } },
{ "type": "Feature", "properties": { "Name": "131.86", "P.K.": null, "Al.Dist. Izq.": 15, "Al.Dist. Der.": 35, "Ruta": 158 }, "geometry": { "type": "Point", "coordinates": [ -63.1548765, -32.1936707 ] } },
{ "type": "Feature", "properties": { "Name": "131.87", "P.K.": null, "Al.Dist. Izq.": 15, "Al.Dist. Der.": 35, "Ruta": 158 }, "geometry": { "type": "Point", "coordinates": [ -63.1549193, -32.1936721 ] } },
{ "type": "Feature", "properties": { "Name": "131.9", "P.K.": null, "Al.Dist. Izq.": 15, "Al.Dist. Der.": 35, "Ruta": 158 }, "geometry": { "type": "Point", "coordinates": [ -63.1550618, -32.1940046 ] } },
{ "type": "Feature", "properties": { "Name": "132", "P.K.": "PK132", "Al.Dist. Izq.": 15, "Al.Dist. Der.": 35, "Ruta": 158 }, "geometry": { "type": "Point", "coordinates": [ -63.1555824, -32.1947012 ] } },
{ "type": "Feature", "properties": { "Name": "132.01", "P.K.": null, "Al.Dist. Izq.": 15, "Al.Dist. Der.": 35, "Ruta": 158 }, "geometry": { "type": "Point", "coordinates": [ -63.1556757, -32.1948379 ] } },
{ "type": "Feature", "properties": { "Name": "132.06", "P.K.": null, "Al.Dist. Izq.": 15, "Al.Dist. Der.": 35, "Ruta": 158 }, "geometry": { "type": "Point", "coordinates": [ -63.1559141, -32.195177 ] } },
{ "type": "Feature", "properties": { "Name": "132.08", "P.K.": null, "Al.Dist. Izq.": 15, "Al.Dist. Der.": 35, "Ruta": 158 }, "geometry": { "type": "Point", "coordinates": [ -63.1560901, -32.1953852 ] } },
{ "type": "Feature", "properties": { "Name": "132.13", "P.K.": null, "Al.Dist. Izq.": 15, "Al.Dist. Der.": 35, "Ruta": 158 }, "geometry": { "type": "Point", "coordinates": [ -63.1564371, -32.1957223 ] } },
{ "type": "Feature", "properties": { "Name": "132.14", "P.K.": null, "Al.Dist. Izq.": 15, "Al.Dist. Der.": 35, "Ruta": 158 }, "geometry": { "type": "Point", "coordinates": [ -63.1565246, -32.1956755 ] } },
{ "type": "Feature", "properties": { "Name": "132.16", "P.K.": null, "Al.Dist. Izq.": 15, "Al.Dist. Der.": 35, "Ruta": 158 }, "geometry": { "type": "Point", "coordinates": [ -63.1565427, -32.195958 ] } },
{ "type": "Feature", "properties": { "Name": "132.17", "P.K.": null, "Al.Dist. Izq.": 15, "Al.Dist. Der.": 35, "Ruta": 158 }, "geometry": { "type": "Point", "coordinates": [ -63.1566131, -32.1960335 ] } },
{ "type": "Feature", "properties": { "Name": "132.18", "P.K.": null, "Al.Dist. Izq.": 15, "Al.Dist. Der.": 35, "Ruta": 158 }, "geometry": { "type": "Point", "coordinates": [ -63.1567784, -32.1960301 ] } },
{ "type": "Feature", "properties": { "Name": "132.23", "P.K.": null, "Al.Dist. Izq.": 15, "Al.Dist. Der.": 35, "Ruta": 158 }, "geometry": { "type": "Point", "coordinates": [ -63.1571201, -32.196397 ] } },
{ "type": "Feature", "properties": { "Name": "132.23", "P.K.": null, "Al.Dist. Izq.": 15, "Al.Dist. Der.": 35, "Ruta": 158 }, "geometry": { "type": "Point", "coordinates": [ -63.1569617, -32.1964583 ] } },
{ "type": "Feature", "properties": { "Name": "132.31", "P.K.": null, "Al.Dist. Izq.": 15, "Al.Dist. Der.": 35, "Ruta": 158 }, "geometry": { "type": "Point", "coordinates": [ -63.1574868, -32.1970272 ] } },
{ "type": "Feature", "properties": { "Name": "132.33", "P.K.": null, "Al.Dist. Izq.": 15, "Al.Dist. Der.": 35, "Ruta": 158 }, "geometry": { "type": "Point", "coordinates": [ -63.1576612, -32.1971577 ] } },
{ "type": "Feature", "properties": { "Name": "132.41", "P.K.": null, "Al.Dist. Izq.": 15, "Al.Dist. Der.": 35, "Ruta": 158 }, "geometry": { "type": "Point", "coordinates": [ -63.1581375, -32.1977648 ] } },
{ "type": "Feature", "properties": { "Name": "132.49", "P.K.": null, "Al.Dist. Izq.": 15, "Al.Dist. Der.": 35, "Ruta": 158 }, "geometry": { "type": "Point", "coordinates": [ -63.1585262, -32.198402 ] } },
{ "type": "Feature", "properties": { "Name": "132.49", "P.K.": null, "Al.Dist. Izq.": 15, "Al.Dist. Der.": 35, "Ruta": 158 }, "geometry": { "type": "Point", "coordinates": [ -63.1585262, -32.198402 ] } },
{ "type": "Feature", "properties": { "Name": "132.52", "P.K.": null, "Al.Dist. Izq.": 15, "Al.Dist. Der.": 35, "Ruta": 158 }, "geometry": { "type": "Point", "coordinates": [ -63.15868, -32.19854 ] } },
{ "type": "Feature", "properties": { "Name": "132.53", "P.K.": null, "Al.Dist. Izq.": 15, "Al.Dist. Der.": 35, "Ruta": 158 }, "geometry": { "type": "Point", "coordinates": [ -63.1586747, -32.1985941 ] } },
{ "type": "Feature", "properties": { "Name": "132.54", "P.K.": null, "Al.Dist. Izq.": 15, "Al.Dist. Der.": 35, "Ruta": 158 }, "geometry": { "type": "Point", "coordinates": [ -63.1587341, -32.1986872 ] } },
{ "type": "Feature", "properties": { "Name": "132.57", "P.K.": null, "Al.Dist. Izq.": 15, "Al.Dist. Der.": 35, "Ruta": 158 }, "geometry": { "type": "Point", "coordinates": [ -63.1589292, -32.198955 ] } },
{ "type": "Feature", "properties": { "Name": "132.62", "P.K.": null, "Al.Dist. Izq.": 15, "Al.Dist. Der.": 35, "Ruta": 158 }, "geometry": { "type": "Point", "coordinates": [ -63.1592187, -32.1992933 ] } },
{ "type": "Feature", "properties": { "Name": "132.62", "P.K.": null, "Al.Dist. Izq.": 15, "Al.Dist. Der.": 35, "Ruta": 158 }, "geometry": { "type": "Point", "coordinates": [ -63.1592494, -32.1993048 ] } },
{ "type": "Feature", "properties": { "Name": "132.63", "P.K.": null, "Al.Dist. Izq.": 15, "Al.Dist. Der.": 35, "Ruta": 158 }, "geometry": { "type": "Point", "coordinates": [ -63.1593151, -32.1993596 ] } },
{ "type": "Feature", "properties": { "Name": "132.73", "P.K.": null, "Al.Dist. Izq.": 15, "Al.Dist. Der.": 35, "Ruta": 158 }, "geometry": { "type": "Point", "coordinates": [ -63.1597709, -32.2001692 ] } },
{ "type": "Feature", "properties": { "Name": "132.76", "P.K.": null, "Al.Dist. Izq.": 15, "Al.Dist. Der.": 35, "Ruta": 158 }, "geometry": { "type": "Point", "coordinates": [ -63.15982, -32.20046 ] } },
{ "type": "Feature", "properties": { "Name": "132.83", "P.K.": null, "Al.Dist. Izq.": 15, "Al.Dist. Der.": 35, "Ruta": 158 }, "geometry": { "type": "Point", "coordinates": [ -63.1601895, -32.201017 ] } },
{ "type": "Feature", "properties": { "Name": "132.83", "P.K.": null, "Al.Dist. Izq.": 15, "Al.Dist. Der.": 35, "Ruta": 158 }, "geometry": { "type": "Point", "coordinates": [ -63.1601895, -32.201017 ] } },
{ "type": "Feature", "properties": { "Name": "132.84", "P.K.": null, "Al.Dist. Izq.": 15, "Al.Dist. Der.": 35, "Ruta": 158 }, "geometry": { "type": "Point", "coordinates": [ -63.1604, -32.201 ] } },
{ "type": "Feature", "properties": { "Name": "132.84", "P.K.": null, "Al.Dist. Izq.": 15, "Al.Dist. Der.": 35, "Ruta": 158 }, "geometry": { "type": "Point", "coordinates": [ -63.1604, -32.201 ] } },
{ "type": "Feature", "properties": { "Name": "132.86", "P.K.": null, "Al.Dist. Izq.": 15, "Al.Dist. Der.": 35, "Ruta": 158 }, "geometry": { "type": "Point", "coordinates": [ -63.1604114, -32.2011368 ] } },
{ "type": "Feature", "properties": { "Name": "132.89", "P.K.": null, "Al.Dist. Izq.": 15, "Al.Dist. Der.": 35, "Ruta": 158 }, "geometry": { "type": "Point", "coordinates": [ -63.1606471, -32.2014329 ] } },
{ "type": "Feature", "properties": { "Name": "133", "P.K.": "PK133", "Al.Dist. Izq.": 15, "Al.Dist. Der.": 35, "Ruta": 158 }, "geometry": { "type": "Point", "coordinates": [ -63.1612848, -32.2022427 ] } },
{ "type": "Feature", "properties": { "Name": "133.1", "P.K.": null, "Al.Dist. Izq.": 15, "Al.Dist. Der.": 35, "Ruta": 158 }, "geometry": { "type": "Point", "coordinates": [ -63.1618, -32.203 ] } },
{ "type": "Feature", "properties": { "Name": "133.24", "P.K.": null, "Al.Dist. Izq.": 15, "Al.Dist. Der.": 35, "Ruta": 158 }, "geometry": { "type": "Point", "coordinates": [ -63.1627, -32.204 ] } },
{ "type": "Feature", "properties": { "Name": "133.29", "P.K.": null, "Al.Dist. Izq.": 15, "Al.Dist. Der.": 35, "Ruta": 158 }, "geometry": { "type": "Point", "coordinates": [ -63.163024, -32.2044106 ] } },
{ "type": "Feature", "properties": { "Name": "133.32", "P.K.": null, "Al.Dist. Izq.": 15, "Al.Dist. Der.": 35, "Ruta": 158 }, "geometry": { "type": "Point", "coordinates": [ -63.1631851, -32.2046244 ] } },
{ "type": "Feature", "properties": { "Name": "133.36", "P.K.": null, "Al.Dist. Izq.": 15, "Al.Dist. Der.": 35, "Ruta": 158 }, "geometry": { "type": "Point", "coordinates": [ -63.16329, -32.20494 ] } },
{ "type": "Feature", "properties": { "Name": "133.37", "P.K.": null, "Al.Dist. Izq.": 15, "Al.Dist. Der.": 35, "Ruta": 158 }, "geometry": { "type": "Point", "coordinates": [ -63.1635, -32.2049 ] } },
{ "type": "Feature", "properties": { "Name": "133.37", "P.K.": null, "Al.Dist. Izq.": 15, "Al.Dist. Der.": 35, "Ruta": 158 }, "geometry": { "type": "Point", "coordinates": [ -63.1635, -32.2049 ] } },
{ "type": "Feature", "properties": { "Name": "133.38", "P.K.": null, "Al.Dist. Izq.": 15, "Al.Dist. Der.": 35, "Ruta": 158 }, "geometry": { "type": "Point", "coordinates": [ -63.1635299, -32.2050373 ] } },
{ "type": "Feature", "properties": { "Name": "133.4", "P.K.": null, "Al.Dist. Izq.": 15, "Al.Dist. Der.": 35, "Ruta": 158 }, "geometry": { "type": "Point", "coordinates": [ -63.1635631, -32.205292 ] } },
{ "type": "Feature", "properties": { "Name": "133.4", "P.K.": null, "Al.Dist. Izq.": 15, "Al.Dist. Der.": 35, "Ruta": 158 }, "geometry": { "type": "Point", "coordinates": [ -63.1635631, -32.205292 ] } },
{ "type": "Feature", "properties": { "Name": "133.6", "P.K.": null, "Al.Dist. Izq.": 15, "Al.Dist. Der.": 35, "Ruta": 158 }, "geometry": { "type": "Point", "coordinates": [ -63.1649969, -32.2065497 ] } },
{ "type": "Feature", "properties": { "Name": "133.74", "P.K.": null, "Al.Dist. Izq.": 15, "Al.Dist. Der.": 35, "Ruta": 158 }, "geometry": { "type": "Point", "coordinates": [ -63.1657873, -32.2077176 ] } },
{ "type": "Feature", "properties": { "Name": "133.81", "P.K.": null, "Al.Dist. Izq.": 15, "Al.Dist. Der.": 35, "Ruta": 158 }, "geometry": { "type": "Point", "coordinates": [ -63.1662712, -32.2081025 ] } },
{ "type": "Feature", "properties": { "Name": "133.83", "P.K.": null, "Al.Dist. Izq.": 15, "Al.Dist. Der.": 35, "Ruta": 158 }, "geometry": { "type": "Point", "coordinates": [ -63.1663999, -32.208244 ] } },
{ "type": "Feature", "properties": { "Name": "133.85", "P.K.": null, "Al.Dist. Izq.": 15, "Al.Dist. Der.": 35, "Ruta": 158 }, "geometry": { "type": "Point", "coordinates": [ -63.1664981, -32.2084241 ] } },
{ "type": "Feature", "properties": { "Name": "133.86", "P.K.": null, "Al.Dist. Izq.": 15, "Al.Dist. Der.": 35, "Ruta": 158 }, "geometry": { "type": "Point", "coordinates": [ -63.1665827, -32.2085313 ] } },
{ "type": "Feature", "properties": { "Name": "133.86", "P.K.": null, "Al.Dist. Izq.": 15, "Al.Dist. Der.": 35, "Ruta": 158 }, "geometry": { "type": "Point", "coordinates": [ -63.1665376, -32.2085593 ] } },
{ "type": "Feature", "properties": { "Name": "133.92", "P.K.": null, "Al.Dist. Izq.": 15, "Al.Dist. Der.": 35, "Ruta": 158 }, "geometry": { "type": "Point", "coordinates": [ -63.1669428, -32.2089471 ] } },
{ "type": "Feature", "properties": { "Name": "133.92", "P.K.": null, "Al.Dist. Izq.": 15, "Al.Dist. Der.": 35, "Ruta": 158 }, "geometry": { "type": "Point", "coordinates": [ -63.1668127, -32.2090199 ] } },
{ "type": "Feature", "properties": { "Name": "133.92", "P.K.": null, "Al.Dist. Izq.": 15, "Al.Dist. Der.": 35, "Ruta": 158 }, "geometry": { "type": "Point", "coordinates": [ -63.1668346, -32.2090309 ] } },
{ "type": "Feature", "properties": { "Name": "133.92", "P.K.": null, "Al.Dist. Izq.": 15, "Al.Dist. Der.": 35, "Ruta": 158 }, "geometry": { "type": "Point", "coordinates": [ -63.166967, -32.2089789 ] } },
{ "type": "Feature", "properties": { "Name": "133.98", "P.K.": null, "Al.Dist. Izq.": 15, "Al.Dist. Der.": 35, "Ruta": 158 }, "geometry": { "type": "Point", "coordinates": [ -63.1672996, -32.2093987 ] } },
{ "type": "Feature", "properties": { "Name": "133.98", "P.K.": null, "Al.Dist. Izq.": 15, "Al.Dist. Der.": 35, "Ruta": 158 }, "geometry": { "type": "Point", "coordinates": [ -63.1671952, -32.2094728 ] } },
{ "type": "Feature", "properties": { "Name": "134", "P.K.": "PK134", "Al.Dist. Izq.": 15, "Al.Dist. Der.": 35, "Ruta": 158 }, "geometry": { "type": "Point", "coordinates": [ -63.1672901, -32.2096256 ] } },
{ "type": "Feature", "properties": { "Name": "134.03", "P.K.": null, "Al.Dist. Izq.": 15, "Al.Dist. Der.": 35, "Ruta": 158 }, "geometry": { "type": "Point", "coordinates": [ -63.167493, -32.2099163 ] } },
{ "type": "Feature", "properties": { "Name": "134.04", "P.K.": null, "Al.Dist. Izq.": 15, "Al.Dist. Der.": 35, "Ruta": 158 }, "geometry": { "type": "Point", "coordinates": [ -63.1676466, -32.2098438 ] } },
{ "type": "Feature", "properties": { "Name": "135", "P.K.": "PK135", "Al.Dist. Izq.": 15, "Al.Dist. Der.": 35, "Ruta": 158 }, "geometry": { "type": "Point", "coordinates": [ -63.1731819, -32.2169273 ] } },
{ "type": "Feature", "properties": { "Name": "135.03", "P.K.": null, "Al.Dist. Izq.": 15, "Al.Dist. Der.": 35, "Ruta": 158 }, "geometry": { "type": "Point", "coordinates": [ -63.1733872, -32.2171657 ] } },
{ "type": "Feature", "properties": { "Name": "135.06", "P.K.": null, "Al.Dist. Izq.": 15, "Al.Dist. Der.": 35, "Ruta": 158 }, "geometry": { "type": "Point", "coordinates": [ -63.1734748, -32.2174628 ] } },
{ "type": "Feature", "properties": { "Name": "135.12", "P.K.": null, "Al.Dist. Izq.": 15, "Al.Dist. Der.": 35, "Ruta": 158 }, "geometry": { "type": "Point", "coordinates": [ -63.1737987, -32.2178894 ] } },
{ "type": "Feature", "properties": { "Name": "135.14", "P.K.": null, "Al.Dist. Izq.": 15, "Al.Dist. Der.": 35, "Ruta": 158 }, "geometry": { "type": "Point", "coordinates": [ -63.1739973, -32.2179796 ] } },
{ "type": "Feature", "properties": { "Name": "135.18", "P.K.": null, "Al.Dist. Izq.": 15, "Al.Dist. Der.": 35, "Ruta": 158 }, "geometry": { "type": "Point", "coordinates": [ -63.1742242, -32.2182576 ] } },
{ "type": "Feature", "properties": { "Name": "135.2", "P.K.": null, "Al.Dist. Izq.": 15, "Al.Dist. Der.": 35, "Ruta": 158 }, "geometry": { "type": "Point", "coordinates": [ -63.1743614, -32.2184132 ] } },
{ "type": "Feature", "properties": { "Name": "135.22", "P.K.": null, "Al.Dist. Izq.": 15, "Al.Dist. Der.": 35, "Ruta": 158 }, "geometry": { "type": "Point", "coordinates": [ -63.1744495, -32.2185553 ] } },
{ "type": "Feature", "properties": { "Name": "135.23", "P.K.": null, "Al.Dist. Izq.": 15, "Al.Dist. Der.": 35, "Ruta": 158 }, "geometry": { "type": "Point", "coordinates": [ -63.1745525, -32.2186588 ] } },
{ "type": "Feature", "properties": { "Name": "135.28", "P.K.": null, "Al.Dist. Izq.": 15, "Al.Dist. Der.": 35, "Ruta": 158 }, "geometry": { "type": "Point", "coordinates": [ -63.1748495, -32.2190419 ] } },
{ "type": "Feature", "properties": { "Name": "135.42", "P.K.": null, "Al.Dist. Izq.": 15, "Al.Dist. Der.": 35, "Ruta": 158 }, "geometry": { "type": "Point", "coordinates": [ -63.1756625, -32.2200542 ] } },
{ "type": "Feature", "properties": { "Name": "135.44", "P.K.": null, "Al.Dist. Izq.": 15, "Al.Dist. Der.": 35, "Ruta": 158 }, "geometry": { "type": "Point", "coordinates": [ -63.175796, -32.2201544 ] } },
{ "type": "Feature", "properties": { "Name": "135.55", "P.K.": null, "Al.Dist. Izq.": 15, "Al.Dist. Der.": 35, "Ruta": 158 }, "geometry": { "type": "Point", "coordinates": [ -63.1763548, -32.2210311 ] } },
{ "type": "Feature", "properties": { "Name": "135.58", "P.K.": null, "Al.Dist. Izq.": 15, "Al.Dist. Der.": 35, "Ruta": 158 }, "geometry": { "type": "Point", "coordinates": [ -63.1765, -32.2212 ] } },
{ "type": "Feature", "properties": { "Name": "135.62", "P.K.": null, "Al.Dist. Izq.": 15, "Al.Dist. Der.": 35, "Ruta": 158 }, "geometry": { "type": "Point", "coordinates": [ -63.1767927, -32.2215022 ] } },
{ "type": "Feature", "properties": { "Name": "135.67", "P.K.": null, "Al.Dist. Izq.": 15, "Al.Dist. Der.": 35, "Ruta": 158 }, "geometry": { "type": "Point", "coordinates": [ -63.1770554, -32.2218827 ] } },
{ "type": "Feature", "properties": { "Name": "135.71", "P.K.": null, "Al.Dist. Izq.": 15, "Al.Dist. Der.": 35, "Ruta": 158 }, "geometry": { "type": "Point", "coordinates": [ -63.1773209, -32.2221937 ] } },
{ "type": "Feature", "properties": { "Name": "135.75", "P.K.": null, "Al.Dist. Izq.": 15, "Al.Dist. Der.": 35, "Ruta": 158 }, "geometry": { "type": "Point", "coordinates": [ -63.177543, -32.2225293 ] } },
{ "type": "Feature", "properties": { "Name": "135.77", "P.K.": null, "Al.Dist. Izq.": 15, "Al.Dist. Der.": 35, "Ruta": 158 }, "geometry": { "type": "Point", "coordinates": [ -63.1777433, -32.2225434 ] } },
{ "type": "Feature", "properties": { "Name": "135.8", "P.K.": null, "Al.Dist. Izq.": 15, "Al.Dist. Der.": 35, "Ruta": 158 }, "geometry": { "type": "Point", "coordinates": [ -63.177791, -32.2228377 ] } },
{ "type": "Feature", "properties": { "Name": "135.81", "P.K.": null, "Al.Dist. Izq.": 15, "Al.Dist. Der.": 35, "Ruta": 158 }, "geometry": { "type": "Point", "coordinates": [ -63.1779619, -32.2228175 ] } },
{ "type": "Feature", "properties": { "Name": "135.85", "P.K.": null, "Al.Dist. Izq.": 15, "Al.Dist. Der.": 35, "Ruta": 158 }, "geometry": { "type": "Point", "coordinates": [ -63.1781127, -32.2232911 ] } },
{ "type": "Feature", "properties": { "Name": "136", "P.K.": "PK136", "Al.Dist. Izq.": 15, "Al.Dist. Der.": 35, "Ruta": 158 }, "geometry": { "type": "Point", "coordinates": [ -63.1790032, -32.2243858 ] } },
{ "type": "Feature", "properties": { "Name": "137", "P.K.": "PK137", "Al.Dist. Izq.": 15, "Al.Dist. Der.": 35, "Ruta": 158 }, "geometry": { "type": "Point", "coordinates": [ -63.1849756, -32.2317752 ] } },
{ "type": "Feature", "properties": { "Name": "137.07", "P.K.": null, "Al.Dist. Izq.": 15, "Al.Dist. Der.": 35, "Ruta": 158 }, "geometry": { "type": "Point", "coordinates": [ -63.1853718, -32.2323216 ] } },
{ "type": "Feature", "properties": { "Name": "137.18", "P.K.": null, "Al.Dist. Izq.": 15, "Al.Dist. Der.": 35, "Ruta": 158 }, "geometry": { "type": "Point", "coordinates": [ -63.185994, -32.233199 ] } },
{ "type": "Feature", "properties": { "Name": "137.2", "P.K.": null, "Al.Dist. Izq.": 15, "Al.Dist. Der.": 35, "Ruta": 158 }, "geometry": { "type": "Point", "coordinates": [ -63.1861644, -32.233259 ] } },
{ "type": "Feature", "properties": { "Name": "137.35", "P.K.": null, "Al.Dist. Izq.": 15, "Al.Dist. Der.": 35, "Ruta": 158 }, "geometry": { "type": "Point", "coordinates": [ -63.1869869, -32.2342953 ] } },
{ "type": "Feature", "properties": { "Name": "137.5", "P.K.": null, "Al.Dist. Izq.": 15, "Al.Dist. Der.": 35, "Ruta": 158 }, "geometry": { "type": "Point", "coordinates": [ -63.1877536, -32.2355413 ] } },
{ "type": "Feature", "properties": { "Name": "137.51", "P.K.": null, "Al.Dist. Izq.": 15, "Al.Dist. Der.": 35, "Ruta": 158 }, "geometry": { "type": "Point", "coordinates": [ -63.1879293, -32.2355423 ] } },
{ "type": "Feature", "properties": { "Name": "137.55", "P.K.": null, "Al.Dist. Izq.": 15, "Al.Dist. Der.": 35, "Ruta": 158 }, "geometry": { "type": "Point", "coordinates": [ -63.1881698, -32.2358237 ] } },
{ "type": "Feature", "properties": { "Name": "138", "P.K.": "PK138", "Al.Dist. Izq.": 15, "Al.Dist. Der.": 35, "Ruta": 158 }, "geometry": { "type": "Point", "coordinates": [ -63.1907, -32.239198 ] } },
{ "type": "Feature", "properties": { "Name": "138.02", "P.K.": null, "Al.Dist. Izq.": 15, "Al.Dist. Der.": 35, "Ruta": 158 }, "geometry": { "type": "Point", "coordinates": [ -63.1908, -32.2393 ] } },
{ "type": "Feature", "properties": { "Name": "139", "P.K.": "PK139", "Al.Dist. Izq.": 15, "Al.Dist. Der.": 35, "Ruta": 158 }, "geometry": { "type": "Point", "coordinates": [ -63.1966955, -32.2467016 ] } },
{ "type": "Feature", "properties": { "Name": "139.2", "P.K.": null, "Al.Dist. Izq.": 15, "Al.Dist. Der.": 35, "Ruta": 158 }, "geometry": { "type": "Point", "coordinates": [ -63.197891, -32.248164 ] } },
{ "type": "Feature", "properties": { "Name": "140", "P.K.": "PK140", "Al.Dist. Izq.": 15, "Al.Dist. Der.": 35, "Ruta": 158 }, "geometry": { "type": "Point", "coordinates": [ -63.2024889, -32.2542322 ] } },
{ "type": "Feature", "properties": { "Name": "140.01", "P.K.": null, "Al.Dist. Izq.": 15, "Al.Dist. Der.": 35, "Ruta": 158 }, "geometry": { "type": "Point", "coordinates": [ -63.2025656, -32.254181 ] } },
{ "type": "Feature", "properties": { "Name": "140.26", "P.K.": null, "Al.Dist. Izq.": 15, "Al.Dist. Der.": 35, "Ruta": 158 }, "geometry": { "type": "Point", "coordinates": [ -63.2041, -32.2561 ] } },
{ "type": "Feature", "properties": { "Name": "140.36", "P.K.": null, "Al.Dist. Izq.": 15, "Al.Dist. Der.": 35, "Ruta": 158 }, "geometry": { "type": "Point", "coordinates": [ -63.2045744, -32.2568719 ] } },
{ "type": "Feature", "properties": { "Name": "140.4", "P.K.": null, "Al.Dist. Izq.": 15, "Al.Dist. Der.": 35, "Ruta": 158 }, "geometry": { "type": "Point", "coordinates": [ -63.2049277, -32.2571764 ] } },
{ "type": "Feature", "properties": { "Name": "141", "P.K.": "PK141", "Al.Dist. Izq.": 15, "Al.Dist. Der.": 35, "Ruta": 158 }, "geometry": { "type": "Point", "coordinates": [ -63.2084431, -32.261603 ] } },
{ "type": "Feature", "properties": { "Name": "141.94", "P.K.": null, "Al.Dist. Izq.": 15, "Al.Dist. Der.": 35, "Ruta": 158 }, "geometry": { "type": "Point", "coordinates": [ -63.2138545, -32.2686745 ] } },
{ "type": "Feature", "properties": { "Name": "141.98", "P.K.": null, "Al.Dist. Izq.": 15, "Al.Dist. Der.": 35, "Ruta": 158 }, "geometry": { "type": "Point", "coordinates": [ -63.214143, -32.2689446 ] } },
{ "type": "Feature", "properties": { "Name": "142", "P.K.": "PK142", "Al.Dist. Izq.": 15, "Al.Dist. Der.": 35, "Ruta": 158 }, "geometry": { "type": "Point", "coordinates": [ -63.2142079, -32.2690742 ] } },
{ "type": "Feature", "properties": { "Name": "142.88", "P.K.": null, "Al.Dist. Izq.": 15, "Al.Dist. Der.": 35, "Ruta": 158 }, "geometry": { "type": "Point", "coordinates": [ -63.2196428, -32.2759447 ] } },
{ "type": "Feature", "properties": { "Name": "142.99", "P.K.": null, "Al.Dist. Izq.": 15, "Al.Dist. Der.": 35, "Ruta": 158 }, "geometry": { "type": "Point", "coordinates": [ -63.2204, -32.2768 ] } },
{ "type": "Feature", "properties": { "Name": "143", "P.K.": "PK143", "Al.Dist. Izq.": 15, "Al.Dist. Der.": 35, "Ruta": 158 }, "geometry": { "type": "Point", "coordinates": [ -63.2203766, -32.2768345 ] } },
{ "type": "Feature", "properties": { "Name": "143.03", "P.K.": null, "Al.Dist. Izq.": 15, "Al.Dist. Der.": 35, "Ruta": 158 }, "geometry": { "type": "Point", "coordinates": [ -63.2205542, -32.2770562 ] } },
{ "type": "Feature", "properties": { "Name": "143.04", "P.K.": null, "Al.Dist. Izq.": 15, "Al.Dist. Der.": 35, "Ruta": 158 }, "geometry": { "type": "Point", "coordinates": [ -63.2206474, -32.2771737 ] } },
{ "type": "Feature", "properties": { "Name": "143.07", "P.K.": null, "Al.Dist. Izq.": 15, "Al.Dist. Der.": 35, "Ruta": 158 }, "geometry": { "type": "Point", "coordinates": [ -63.2208, -32.2774 ] } },
{ "type": "Feature", "properties": { "Name": "143.22", "P.K.": null, "Al.Dist. Izq.": 15, "Al.Dist. Der.": 35, "Ruta": 158 }, "geometry": { "type": "Point", "coordinates": [ -63.2216473, -32.2785489 ] } },
{ "type": "Feature", "properties": { "Name": "143.54", "P.K.": null, "Al.Dist. Izq.": 15, "Al.Dist. Der.": 35, "Ruta": 158 }, "geometry": { "type": "Point", "coordinates": [ -63.2234715, -32.2809308 ] } },
{ "type": "Feature", "properties": { "Name": "143.55", "P.K.": null, "Al.Dist. Izq.": 15, "Al.Dist. Der.": 35, "Ruta": 158 }, "geometry": { "type": "Point", "coordinates": [ -63.2235634, -32.2808764 ] } },
{ "type": "Feature", "properties": { "Name": "143.58", "P.K.": null, "Al.Dist. Izq.": 15, "Al.Dist. Der.": 35, "Ruta": 158 }, "geometry": { "type": "Point", "coordinates": [ -63.2237527, -32.2811282 ] } },
{ "type": "Feature", "properties": { "Name": "143.97", "P.K.": null, "Al.Dist. Izq.": 15, "Al.Dist. Der.": 35, "Ruta": 158 }, "geometry": { "type": "Point", "coordinates": [ -63.2259994, -32.2839862 ] } },
{ "type": "Feature", "properties": { "Name": "144", "P.K.": "PK144", "Al.Dist. Izq.": 15, "Al.Dist. Der.": 35, "Ruta": 158 }, "geometry": { "type": "Point", "coordinates": [ -63.225567, -32.2847568 ] } },
{ "type": "Feature", "properties": { "Name": "144.28", "P.K.": null, "Al.Dist. Izq.": 15, "Al.Dist. Der.": 35, "Ruta": 158 }, "geometry": { "type": "Point", "coordinates": [ -63.227768, -32.2861846 ] } },
{ "type": "Feature", "properties": { "Name": "144.32", "P.K.": null, "Al.Dist. Izq.": 15, "Al.Dist. Der.": 35, "Ruta": 158 }, "geometry": { "type": "Point", "coordinates": [ -63.2279813, -32.286517 ] } },
{ "type": "Feature", "properties": { "Name": "144.5", "P.K.": null, "Al.Dist. Izq.": 15, "Al.Dist. Der.": 35, "Ruta": 158 }, "geometry": { "type": "Point", "coordinates": [ -63.2290614, -32.2878223 ] } },
{ "type": "Feature", "properties": { "Name": "144.5", "P.K.": null, "Al.Dist. Izq.": 15, "Al.Dist. Der.": 35, "Ruta": 158 }, "geometry": { "type": "Point", "coordinates": [ -63.2289405, -32.2879092 ] } },
{ "type": "Feature", "properties": { "Name": "144.89", "P.K.": null, "Al.Dist. Izq.": 15, "Al.Dist. Der.": 35, "Ruta": 158 }, "geometry": { "type": "Point", "coordinates": [ -63.2311507, -32.2906562 ] } },
{ "type": "Feature", "properties": { "Name": "144.9", "P.K.": null, "Al.Dist. Izq.": 15, "Al.Dist. Der.": 35, "Ruta": 158 }, "geometry": { "type": "Point", "coordinates": [ -63.2312307, -32.2906241 ] } },
{ "type": "Feature", "properties": { "Name": "145", "P.K.": "PK145", "Al.Dist. Izq.": 15, "Al.Dist. Der.": 35, "Ruta": 158 }, "geometry": { "type": "Point", "coordinates": [ -63.2318343, -32.2914277 ] } },
{ "type": "Feature", "properties": { "Name": "145.04", "P.K.": null, "Al.Dist. Izq.": 15, "Al.Dist. Der.": 35, "Ruta": 158 }, "geometry": { "type": "Point", "coordinates": [ -63.23202, -32.2917 ] } },
{ "type": "Feature", "properties": { "Name": "145.7", "P.K.": null, "Al.Dist. Izq.": 15, "Al.Dist. Der.": 35, "Ruta": 158 }, "geometry": { "type": "Point", "coordinates": [ -63.234, -32.29734 ] } },
{ "type": "Feature", "properties": { "Name": "145.78", "P.K.": null, "Al.Dist. Izq.": 15, "Al.Dist. Der.": 35, "Ruta": 158 }, "geometry": { "type": "Point", "coordinates": [ -63.2338282, -32.2980468 ] } },
{ "type": "Feature", "properties": { "Name": "145.79", "P.K.": null, "Al.Dist. Izq.": 15, "Al.Dist. Der.": 35, "Ruta": 158 }, "geometry": { "type": "Point", "coordinates": [ -63.2339946, -32.2981905 ] } },
{ "type": "Feature", "properties": { "Name": "145.82", "P.K.": null, "Al.Dist. Izq.": 15, "Al.Dist. Der.": 35, "Ruta": 158 }, "geometry": { "type": "Point", "coordinates": [ -63.2340003, -32.2984248 ] } },
{ "type": "Feature", "properties": { "Name": "145.82", "P.K.": null, "Al.Dist. Izq.": 15, "Al.Dist. Der.": 35, "Ruta": 158 }, "geometry": { "type": "Point", "coordinates": [ -63.2338889, -32.2984512 ] } },
{ "type": "Feature", "properties": { "Name": "145.89", "P.K.": null, "Al.Dist. Izq.": 15, "Al.Dist. Der.": 35, "Ruta": 158 }, "geometry": { "type": "Point", "coordinates": [ -63.2338798, -32.2990399 ] } },
{ "type": "Feature", "properties": { "Name": "145.95", "P.K.": null, "Al.Dist. Izq.": 15, "Al.Dist. Der.": 35, "Ruta": 158 }, "geometry": { "type": "Point", "coordinates": [ -63.2338466, -32.2995741 ] } },
{ "type": "Feature", "properties": { "Name": "145.95", "P.K.": null, "Al.Dist. Izq.": 15, "Al.Dist. Der.": 35, "Ruta": 158 }, "geometry": { "type": "Point", "coordinates": [ -63.2339783, -32.2996013 ] } },
{ "type": "Feature", "properties": { "Name": "146", "P.K.": "PK146", "Al.Dist. Izq.": 15, "Al.Dist. Der.": 35, "Ruta": 158 }, "geometry": { "type": "Point", "coordinates": [ -63.2338581, -32.3000439 ] } },
{ "type": "Feature", "properties": { "Name": "146.01", "P.K.": null, "Al.Dist. Izq.": 15, "Al.Dist. Der.": 35, "Ruta": 158 }, "geometry": { "type": "Point", "coordinates": [ -63.2340153, -32.3001258 ] } },
{ "type": "Feature", "properties": { "Name": "146.02", "P.K.": null, "Al.Dist. Izq.": 15, "Al.Dist. Der.": 35, "Ruta": 158 }, "geometry": { "type": "Point", "coordinates": [ -63.2339986, -32.3002462 ] } },
{ "type": "Feature", "properties": { "Name": "146.03", "P.K.": null, "Al.Dist. Izq.": 15, "Al.Dist. Der.": 35, "Ruta": 158 }, "geometry": { "type": "Point", "coordinates": [ -63.234026, -32.300297 ] } },
{ "type": "Feature", "properties": { "Name": "146.07", "P.K.": null, "Al.Dist. Izq.": 15, "Al.Dist. Der.": 35, "Ruta": 158 }, "geometry": { "type": "Point", "coordinates": [ -63.2340243, -32.3006759 ] } },
{ "type": "Feature", "properties": { "Name": "146.13", "P.K.": null, "Al.Dist. Izq.": 15, "Al.Dist. Der.": 35, "Ruta": 158 }, "geometry": { "type": "Point", "coordinates": [ -63.2339466, -32.3012319 ] } },
{ "type": "Feature", "properties": { "Name": "146.13", "P.K.": null, "Al.Dist. Izq.": 15, "Al.Dist. Der.": 35, "Ruta": 158 }, "geometry": { "type": "Point", "coordinates": [ -63.2341313, -32.3012359 ] } },
{ "type": "Feature", "properties": { "Name": "146.16", "P.K.": null, "Al.Dist. Izq.": 15, "Al.Dist. Der.": 35, "Ruta": 158 }, "geometry": { "type": "Point", "coordinates": [ -63.2341, -32.3015 ] } },
{ "type": "Feature", "properties": { "Name": "146.21", "P.K.": null, "Al.Dist. Izq.": 15, "Al.Dist. Der.": 35, "Ruta": 158 }, "geometry": { "type": "Point", "coordinates": [ -63.2339799, -32.3019696 ] } },
{ "type": "Feature", "properties": { "Name": "146.21", "P.K.": null, "Al.Dist. Izq.": null, "Al.Dist. Der.": null, "Ruta": 158 }, "geometry": { "type": "Point", "coordinates": [ -63.2339799, -32.3019696 ] } },
{ "type": "Feature", "properties": { "Name": "146.35", "P.K.": null, "Al.Dist. Izq.": null, "Al.Dist. Der.": null, "Ruta": 158 }, "geometry": { "type": "Point", "coordinates": [ -63.2339, -32.3032 ] } },
{ "type": "Feature", "properties": { "Name": "146.42", "P.K.": null, "Al.Dist. Izq.": null, "Al.Dist. Der.": null, "Ruta": 158 }, "geometry": { "type": "Point", "coordinates": [ -63.2339469, -32.3038455 ] } },
{ "type": "Feature", "properties": { "Name": "146.46", "P.K.": null, "Al.Dist. Izq.": null, "Al.Dist. Der.": null, "Ruta": 158 }, "geometry": { "type": "Point", "coordinates": [ -63.2339, -32.3042 ] } },
{ "type": "Feature", "properties": { "Name": "146.52", "P.K.": null, "Al.Dist. Izq.": null, "Al.Dist. Der.": null, "Ruta": 158 }, "geometry": { "type": "Point", "coordinates": [ -63.2338658, -32.3047377 ] } },
{ "type": "Feature", "properties": { "Name": "146.69", "P.K.": null, "Al.Dist. Izq.": null, "Al.Dist. Der.": null, "Ruta": 158 }, "geometry": { "type": "Point", "coordinates": [ -63.233779, -32.3062124 ] } },
{ "type": "Feature", "properties": { "Name": "146.69", "P.K.": null, "Al.Dist. Izq.": null, "Al.Dist. Der.": null, "Ruta": 158 }, "geometry": { "type": "Point", "coordinates": [ -63.2339845, -32.3062167 ] } },
{ "type": "Feature", "properties": { "Name": "146.74", "P.K.": null, "Al.Dist. Izq.": null, "Al.Dist. Der.": null, "Ruta": 158 }, "geometry": { "type": "Point", "coordinates": [ -63.2337725, -32.3066667 ] } },
{ "type": "Feature", "properties": { "Name": "146.74", "P.K.": null, "Al.Dist. Izq.": null, "Al.Dist. Der.": null, "Ruta": 158 }, "geometry": { "type": "Point", "coordinates": [ -63.2339633, -32.3066859 ] } },
{ "type": "Feature", "properties": { "Name": "146.78", "P.K.": null, "Al.Dist. Izq.": null, "Al.Dist. Der.": null, "Ruta": 158 }, "geometry": { "type": "Point", "coordinates": [ -63.2339, -32.3071 ] } },
{ "type": "Feature", "properties": { "Name": "146.82", "P.K.": null, "Al.Dist. Izq.": null, "Al.Dist. Der.": null, "Ruta": 158 }, "geometry": { "type": "Point", "coordinates": [ -63.2339156, -32.3074022 ] } },
{ "type": "Feature", "properties": { "Name": "146.82", "P.K.": null, "Al.Dist. Izq.": null, "Al.Dist. Der.": null, "Ruta": 158 }, "geometry": { "type": "Point", "coordinates": [ -63.233761, -32.3074268 ] } },
{ "type": "Feature", "properties": { "Name": "146.82", "P.K.": null, "Al.Dist. Izq.": null, "Al.Dist. Der.": null, "Ruta": 158 }, "geometry": { "type": "Point", "coordinates": [ -63.233766, -32.3074105 ] } },
{ "type": "Feature", "properties": { "Name": "146.84", "P.K.": null, "Al.Dist. Izq.": null, "Al.Dist. Der.": null, "Ruta": 158 }, "geometry": { "type": "Point", "coordinates": [ -63.2338533, -32.3076506 ] } },
{ "type": "Feature", "properties": { "Name": "146.84", "P.K.": null, "Al.Dist. Izq.": 15, "Al.Dist. Der.": 35, "Ruta": 158 }, "geometry": { "type": "Point", "coordinates": [ -63.2338533, -32.3076506 ] } },
{ "type": "Feature", "properties": { "Name": "146.87", "P.K.": null, "Al.Dist. Izq.": 15, "Al.Dist. Der.": 35, "Ruta": 158 }, "geometry": { "type": "Point", "coordinates": [ -63.2339157, -32.3078719 ] } },
{ "type": "Feature", "properties": { "Name": "146.87", "P.K.": null, "Al.Dist. Izq.": 15, "Al.Dist. Der.": 35, "Ruta": 158 }, "geometry": { "type": "Point", "coordinates": [ -63.2337757, -32.307882 ] } },
{ "type": "Feature", "properties": { "Name": "146.92", "P.K.": null, "Al.Dist. Izq.": 15, "Al.Dist. Der.": 35, "Ruta": 158 }, "geometry": { "type": "Point", "coordinates": [ -63.2339093, -32.3083078 ] } },
{ "type": "Feature", "properties": { "Name": "146.92", "P.K.": null, "Al.Dist. Izq.": 15, "Al.Dist. Der.": 35, "Ruta": 158 }, "geometry": { "type": "Point", "coordinates": [ -63.2337509, -32.3083174 ] } },
{ "type": "Feature", "properties": { "Name": "146.98", "P.K.": null, "Al.Dist. Izq.": 15, "Al.Dist. Der.": 35, "Ruta": 158 }, "geometry": { "type": "Point", "coordinates": [ -63.2337319, -32.3088424 ] } },
{ "type": "Feature", "properties": { "Name": "147", "P.K.": "PK147", "Al.Dist. Izq.": 15, "Al.Dist. Der.": 35, "Ruta": 158 }, "geometry": { "type": "Point", "coordinates": [ -63.2338782, -32.3090239 ] } },
{ "type": "Feature", "properties": { "Name": "147.08", "P.K.": null, "Al.Dist. Izq.": 15, "Al.Dist. Der.": 35, "Ruta": 158 }, "geometry": { "type": "Point", "coordinates": [ -63.2338431, -32.309743 ] } },
{ "type": "Feature", "properties": { "Name": "148", "P.K.": "PK148", "Al.Dist. Izq.": 15, "Al.Dist. Der.": 35, "Ruta": 158 }, "geometry": { "type": "Point", "coordinates": [ -63.2335794, -32.3179576 ] } },
{ "type": "Feature", "properties": { "Name": "148.39", "P.K.": null, "Al.Dist. Izq.": 15, "Al.Dist. Der.": 35, "Ruta": 158 }, "geometry": { "type": "Point", "coordinates": [ -63.2335144, -32.3214698 ] } },
{ "type": "Feature", "properties": { "Name": "148.53", "P.K.": null, "Al.Dist. Izq.": 15, "Al.Dist. Der.": 35, "Ruta": 158 }, "geometry": { "type": "Point", "coordinates": [ -63.2335759, -32.3226438 ] } },
{ "type": "Feature", "properties": { "Name": "148.57", "P.K.": null, "Al.Dist. Izq.": 15, "Al.Dist. Der.": 35, "Ruta": 158 }, "geometry": { "type": "Point", "coordinates": [ -63.2335643, -32.3230703 ] } },
{ "type": "Feature", "properties": { "Name": "148.68", "P.K.": null, "Al.Dist. Izq.": 15, "Al.Dist. Der.": 35, "Ruta": 158 }, "geometry": { "type": "Point", "coordinates": [ -63.2335459, -32.3239938 ] } },
{ "type": "Feature", "properties": { "Name": "148.68", "P.K.": null, "Al.Dist. Izq.": 15, "Al.Dist. Der.": 35, "Ruta": 158 }, "geometry": { "type": "Point", "coordinates": [ -63.2335478, -32.3240476 ] } },
{ "type": "Feature", "properties": { "Name": "148.84", "P.K.": null, "Al.Dist. Izq.": 15, "Al.Dist. Der.": 35, "Ruta": 158 }, "geometry": { "type": "Point", "coordinates": [ -63.2335445, -32.3254198 ] } },
{ "type": "Feature", "properties": { "Name": "148.86", "P.K.": null, "Al.Dist. Izq.": 15, "Al.Dist. Der.": 35, "Ruta": 158 }, "geometry": { "type": "Point", "coordinates": [ -63.2335376, -32.3256114 ] } },
{ "type": "Feature", "properties": { "Name": "148.86", "P.K.": null, "Al.Dist. Izq.": 15, "Al.Dist. Der.": 35, "Ruta": 158 }, "geometry": { "type": "Point", "coordinates": [ -63.2335376, -32.3256114 ] } },
{ "type": "Feature", "properties": { "Name": "148.9", "P.K.": null, "Al.Dist. Izq.": 15, "Al.Dist. Der.": 35, "Ruta": 158 }, "geometry": { "type": "Point", "coordinates": [ -63.2335365, -32.3260061 ] } },
{ "type": "Feature", "properties": { "Name": "148.9", "P.K.": null, "Al.Dist. Izq.": 15, "Al.Dist. Der.": 35, "Ruta": 158 }, "geometry": { "type": "Point", "coordinates": [ -63.2335365, -32.3260061 ] } },
{ "type": "Feature", "properties": { "Name": "148.91", "P.K.": null, "Al.Dist. Izq.": 15, "Al.Dist. Der.": 35, "Ruta": 158 }, "geometry": { "type": "Point", "coordinates": [ -63.2335405, -32.3260774 ] } },
{ "type": "Feature", "properties": { "Name": "149", "P.K.": "PK149", "Al.Dist. Izq.": 15, "Al.Dist. Der.": 35, "Ruta": 158 }, "geometry": { "type": "Point", "coordinates": [ -63.2335081, -32.3269268 ] } },
{ "type": "Feature", "properties": { "Name": "149.06", "P.K.": null, "Al.Dist. Izq.": 15, "Al.Dist. Der.": 35, "Ruta": 158 }, "geometry": { "type": "Point", "coordinates": [ -63.2333556, -32.3274457 ] } },
{ "type": "Feature", "properties": { "Name": "149.07", "P.K.": null, "Al.Dist. Izq.": 15, "Al.Dist. Der.": 35, "Ruta": 158 }, "geometry": { "type": "Point", "coordinates": [ -63.2334095, -32.3275295 ] } },
{ "type": "Feature", "properties": { "Name": "149.08", "P.K.": null, "Al.Dist. Izq.": 15, "Al.Dist. Der.": 35, "Ruta": 158 }, "geometry": { "type": "Point", "coordinates": [ -63.2333154, -32.3276607 ] } },
{ "type": "Feature", "properties": { "Name": "149.09", "P.K.": null, "Al.Dist. Izq.": 15, "Al.Dist. Der.": 35, "Ruta": 158 }, "geometry": { "type": "Point", "coordinates": [ -63.2332777, -32.3277016 ] } },
{ "type": "Feature", "properties": { "Name": "149.1", "P.K.": null, "Al.Dist. Izq.": 15, "Al.Dist. Der.": 35, "Ruta": 158 }, "geometry": { "type": "Point", "coordinates": [ -63.2333585, -32.3278108 ] } },
{ "type": "Feature", "properties": { "Name": "149.11", "P.K.": null, "Al.Dist. Izq.": 15, "Al.Dist. Der.": 35, "Ruta": 158 }, "geometry": { "type": "Point", "coordinates": [ -63.2334141, -32.3278584 ] } },
{ "type": "Feature", "properties": { "Name": "149.27", "P.K.": null, "Al.Dist. Izq.": 15, "Al.Dist. Der.": 35, "Ruta": 158 }, "geometry": { "type": "Point", "coordinates": [ -63.2333001, -32.3294242 ] } },
{ "type": "Feature", "properties": { "Name": "149.29", "P.K.": null, "Al.Dist. Izq.": 15, "Al.Dist. Der.": 35, "Ruta": 158 }, "geometry": { "type": "Point", "coordinates": [ -63.2333743, -32.3296282 ] } },
{ "type": "Feature", "properties": { "Name": "149.32", "P.K.": null, "Al.Dist. Izq.": 15, "Al.Dist. Der.": 35, "Ruta": 158 }, "geometry": { "type": "Point", "coordinates": [ -63.2333102, -32.3299089 ] } },
{ "type": "Feature", "properties": { "Name": "149.41", "P.K.": null, "Al.Dist. Izq.": 15, "Al.Dist. Der.": 35, "Ruta": 158 }, "geometry": { "type": "Point", "coordinates": [ -63.2332562, -32.3306852 ] } },
{ "type": "Feature", "properties": { "Name": "149.46", "P.K.": null, "Al.Dist. Izq.": 15, "Al.Dist. Der.": 35, "Ruta": 158 }, "geometry": { "type": "Point", "coordinates": [ -63.2333871, -32.3312033 ] } },
{ "type": "Feature", "properties": { "Name": "149.58", "P.K.": null, "Al.Dist. Izq.": 15, "Al.Dist. Der.": 35, "Ruta": 158 }, "geometry": { "type": "Point", "coordinates": [ -63.23321, -32.3323144 ] } },
{ "type": "Feature", "properties": { "Name": "149.64", "P.K.": null, "Al.Dist. Izq.": 15, "Al.Dist. Der.": 35, "Ruta": 158 }, "geometry": { "type": "Point", "coordinates": [ -63.2330805, -32.3328351 ] } },
{ "type": "Feature", "properties": { "Name": "149.84", "P.K.": null, "Al.Dist. Izq.": 15, "Al.Dist. Der.": 35, "Ruta": 158 }, "geometry": { "type": "Point", "coordinates": [ -63.2332874, -32.3347585 ] } },
{ "type": "Feature", "properties": { "Name": "150.42", "P.K.": null, "Al.Dist. Izq.": 15, "Al.Dist. Der.": 35, "Ruta": 158 }, "geometry": { "type": "Point", "coordinates": [ -63.2331745, -32.3401423 ] } },
{ "type": "Feature", "properties": { "Name": "150.56", "P.K.": null, "Al.Dist. Izq.": 15, "Al.Dist. Der.": 35, "Ruta": 158 }, "geometry": { "type": "Point", "coordinates": [ -63.2332777, -32.3414324 ] } },
{ "type": "Feature", "properties": { "Name": "150.86", "P.K.": null, "Al.Dist. Izq.": 15, "Al.Dist. Der.": 35, "Ruta": 158 }, "geometry": { "type": "Point", "coordinates": [ -63.23285, -32.34424 ] } },
{ "type": "Feature", "properties": { "Name": "151", "P.K.": "PK151", "Al.Dist. Izq.": 15, "Al.Dist. Der.": 35, "Ruta": 158 }, "geometry": { "type": "Point", "coordinates": [ -63.2323174, -32.3454713 ] } },
{ "type": "Feature", "properties": { "Name": "151.03", "P.K.": null, "Al.Dist. Izq.": 15, "Al.Dist. Der.": 35, "Ruta": 158 }, "geometry": { "type": "Point", "coordinates": [ -63.2319964, -32.3456371 ] } },
{ "type": "Feature", "properties": { "Name": "151.03", "P.K.": null, "Al.Dist. Izq.": 15, "Al.Dist. Der.": 35, "Ruta": 158 }, "geometry": { "type": "Point", "coordinates": [ -63.2321679, -32.3457306 ] } },
{ "type": "Feature", "properties": { "Name": "151.04", "P.K.": null, "Al.Dist. Izq.": 15, "Al.Dist. Der.": 35, "Ruta": 158 }, "geometry": { "type": "Point", "coordinates": [ -63.2321, -32.3458 ] } },
{ "type": "Feature", "properties": { "Name": "151.07", "P.K.": null, "Al.Dist. Izq.": 15, "Al.Dist. Der.": 35, "Ruta": 158 }, "geometry": { "type": "Point", "coordinates": [ -63.231791, -32.3459143 ] } },
{ "type": "Feature", "properties": { "Name": "151.33", "P.K.": null, "Al.Dist. Izq.": 15, "Al.Dist. Der.": 35, "Ruta": 158 }, "geometry": { "type": "Point", "coordinates": [ -63.2307, -32.3482 ] } },
{ "type": "Feature", "properties": { "Name": "151.4", "P.K.": null, "Al.Dist. Izq.": 15, "Al.Dist. Der.": 35, "Ruta": 158 }, "geometry": { "type": "Point", "coordinates": [ -63.23072, -32.34897 ] } },
{ "type": "Feature", "properties": { "Name": "151.41", "P.K.": null, "Al.Dist. Izq.": 15, "Al.Dist. Der.": 35, "Ruta": 158 }, "geometry": { "type": "Point", "coordinates": [ -63.2308144, -32.3490521 ] } },
{ "type": "Feature", "properties": { "Name": "151.42", "P.K.": null, "Al.Dist. Izq.": 15, "Al.Dist. Der.": 35, "Ruta": 158 }, "geometry": { "type": "Point", "coordinates": [ -63.230827, -32.349113 ] } },
{ "type": "Feature", "properties": { "Name": "151.49", "P.K.": null, "Al.Dist. Izq.": 15, "Al.Dist. Der.": 35, "Ruta": 158 }, "geometry": { "type": "Point", "coordinates": [ -63.2308379, -32.3498 ] } },
{ "type": "Feature", "properties": { "Name": "151.57", "P.K.": null, "Al.Dist. Izq.": 15, "Al.Dist. Der.": 35, "Ruta": 158 }, "geometry": { "type": "Point", "coordinates": [ -63.231076, -32.3504044 ] } },
{ "type": "Feature", "properties": { "Name": "151.59", "P.K.": null, "Al.Dist. Izq.": 15, "Al.Dist. Der.": 35, "Ruta": 158 }, "geometry": { "type": "Point", "coordinates": [ -63.2311344, -32.3506476 ] } },
{ "type": "Feature", "properties": { "Name": "151.6", "P.K.": null, "Al.Dist. Izq.": 15, "Al.Dist. Der.": 35, "Ruta": 158 }, "geometry": { "type": "Point", "coordinates": [ -63.2310464, -32.3506919 ] } },
{ "type": "Feature", "properties": { "Name": "151.64", "P.K.": null, "Al.Dist. Izq.": 15, "Al.Dist. Der.": 35, "Ruta": 158 }, "geometry": { "type": "Point", "coordinates": [ -63.2312685, -32.3511512 ] } },
{ "type": "Feature", "properties": { "Name": "151.74", "P.K.": null, "Al.Dist. Izq.": 15, "Al.Dist. Der.": 35, "Ruta": 158 }, "geometry": { "type": "Point", "coordinates": [ -63.2313743, -32.3520146 ] } },
{ "type": "Feature", "properties": { "Name": "151.75", "P.K.": null, "Al.Dist. Izq.": 15, "Al.Dist. Der.": 35, "Ruta": 158 }, "geometry": { "type": "Point", "coordinates": [ -63.2314618, -32.3520894 ] } },
{ "type": "Feature", "properties": { "Name": "151.79", "P.K.": null, "Al.Dist. Izq.": 15, "Al.Dist. Der.": 35, "Ruta": 158 }, "geometry": { "type": "Point", "coordinates": [ -63.23152, -32.35253 ] } },
{ "type": "Feature", "properties": { "Name": "151.81", "P.K.": null, "Al.Dist. Izq.": 15, "Al.Dist. Der.": 35, "Ruta": 158 }, "geometry": { "type": "Point", "coordinates": [ -63.2315513, -32.3526414 ] } },
{ "type": "Feature", "properties": { "Name": "151.81", "P.K.": null, "Al.Dist. Izq.": 15, "Al.Dist. Der.": 35, "Ruta": 158 }, "geometry": { "type": "Point", "coordinates": [ -63.2316625, -32.3526468 ] } },
{ "type": "Feature", "properties": { "Name": "151.85", "P.K.": null, "Al.Dist. Izq.": 15, "Al.Dist. Der.": 35, "Ruta": 158 }, "geometry": { "type": "Point", "coordinates": [ -63.2317468, -32.3529902 ] } },
{ "type": "Feature", "properties": { "Name": "151.85", "P.K.": null, "Al.Dist. Izq.": 15, "Al.Dist. Der.": 35, "Ruta": 158 }, "geometry": { "type": "Point", "coordinates": [ -63.2317468, -32.3529902 ] } },
{ "type": "Feature", "properties": { "Name": "152", "P.K.": "PK152", "Al.Dist. Izq.": 15, "Al.Dist. Der.": 35, "Ruta": 158 }, "geometry": { "type": "Point", "coordinates": [ -63.2322088, -32.3544164 ] } },
{ "type": "Feature", "properties": { "Name": "152.04", "P.K.": null, "Al.Dist. Izq.": 15, "Al.Dist. Der.": 35, "Ruta": 158 }, "geometry": { "type": "Point", "coordinates": [ -63.2323597, -32.3547163 ] } },
{ "type": "Feature", "properties": { "Name": "152.05", "P.K.": null, "Al.Dist. Izq.": 15, "Al.Dist. Der.": 35, "Ruta": 158 }, "geometry": { "type": "Point", "coordinates": [ -63.2325, -32.3548 ] } },
{ "type": "Feature", "properties": { "Name": "152.13", "P.K.": null, "Al.Dist. Izq.": 15, "Al.Dist. Der.": 35, "Ruta": 158 }, "geometry": { "type": "Point", "coordinates": [ -63.2331741, -32.3554168 ] } },
{ "type": "Feature", "properties": { "Name": "152.15", "P.K.": null, "Al.Dist. Izq.": 15, "Al.Dist. Der.": 35, "Ruta": 158 }, "geometry": { "type": "Point", "coordinates": [ -63.2333773, -32.3555325 ] } },
{ "type": "Feature", "properties": { "Name": "152.18", "P.K.": null, "Al.Dist. Izq.": 15, "Al.Dist. Der.": 35, "Ruta": 158 }, "geometry": { "type": "Point", "coordinates": [ -63.2335964, -32.3557823 ] } },
{ "type": "Feature", "properties": { "Name": "152.19", "P.K.": null, "Al.Dist. Izq.": 15, "Al.Dist. Der.": null, "Ruta": 158 }, "geometry": { "type": "Point", "coordinates": [ -63.2334925, -32.3560521 ] } },
{ "type": "Feature", "properties": { "Name": "152.23", "P.K.": null, "Al.Dist. Izq.": 15, "Al.Dist. Der.": null, "Ruta": 158 }, "geometry": { "type": "Point", "coordinates": [ -63.2339035, -32.3564663 ] } },
{ "type": "Feature", "properties": { "Name": "152.27", "P.K.": null, "Al.Dist. Izq.": 15, "Al.Dist. Der.": null, "Ruta": 158 }, "geometry": { "type": "Point", "coordinates": [ -63.2344573, -32.356363 ] } },
{ "type": "Feature", "properties": { "Name": "152.41", "P.K.": null, "Al.Dist. Izq.": 15, "Al.Dist. Der.": null, "Ruta": 158 }, "geometry": { "type": "Point", "coordinates": [ -63.2360139, -32.3568872 ] } },
{ "type": "Feature", "properties": { "Name": "152.42", "P.K.": null, "Al.Dist. Izq.": 15, "Al.Dist. Der.": null, "Ruta": 158 }, "geometry": { "type": "Point", "coordinates": [ -63.2360501, -32.3569943 ] } },
{ "type": "Feature", "properties": { "Name": "152.43", "P.K.": null, "Al.Dist. Izq.": 15, "Al.Dist. Der.": null, "Ruta": 158 }, "geometry": { "type": "Point", "coordinates": [ -63.2362627, -32.3580476 ] } },
{ "type": "Feature", "properties": { "Name": "152.48", "P.K.": null, "Al.Dist. Izq.": 15, "Al.Dist. Der.": null, "Ruta": 158 }, "geometry": { "type": "Point", "coordinates": [ -63.23668, -32.35686 ] } },
{ "type": "Feature", "properties": { "Name": "152.51", "P.K.": null, "Al.Dist. Izq.": 15, "Al.Dist. Der.": null, "Ruta": 158 }, "geometry": { "type": "Point", "coordinates": [ -63.23713, -32.35694 ] } },
{ "type": "Feature", "properties": { "Name": "152.53", "P.K.": null, "Al.Dist. Izq.": 15, "Al.Dist. Der.": null, "Ruta": 158 }, "geometry": { "type": "Point", "coordinates": [ -63.2373264, -32.3569776 ] } },
{ "type": "Feature", "properties": { "Name": "152.56", "P.K.": null, "Al.Dist. Izq.": 15, "Al.Dist. Der.": null, "Ruta": 158 }, "geometry": { "type": "Point", "coordinates": [ -63.237615, -32.3571022 ] } },
{ "type": "Feature", "properties": { "Name": "152.57", "P.K.": null, "Al.Dist. Izq.": 15, "Al.Dist. Der.": null, "Ruta": 158 }, "geometry": { "type": "Point", "coordinates": [ -63.237712, -32.357213 ] } },
{ "type": "Feature", "properties": { "Name": "152.6", "P.K.": null, "Al.Dist. Izq.": 15, "Al.Dist. Der.": null, "Ruta": 158 }, "geometry": { "type": "Point", "coordinates": [ -63.2378391, -32.357548 ] } },
{ "type": "Feature", "properties": { "Name": "152.65", "P.K.": null, "Al.Dist. Izq.": 15, "Al.Dist. Der.": null, "Ruta": 158 }, "geometry": { "type": "Point", "coordinates": [ -63.238144, -32.357892 ] } },
{ "type": "Feature", "properties": { "Name": "152.66", "P.K.": null, "Al.Dist. Izq.": 15, "Al.Dist. Der.": null, "Ruta": 158 }, "geometry": { "type": "Point", "coordinates": [ -63.2381471, -32.3580055 ] } },
{ "type": "Feature", "properties": { "Name": "152.73", "P.K.": null, "Al.Dist. Izq.": 15, "Al.Dist. Der.": null, "Ruta": 158 }, "geometry": { "type": "Point", "coordinates": [ -63.23759, -32.35849 ] } },
{ "type": "Feature", "properties": { "Name": "152.74", "P.K.": null, "Al.Dist. Izq.": 15, "Al.Dist. Der.": null, "Ruta": 158 }, "geometry": { "type": "Point", "coordinates": [ -63.2374465, -32.3585443 ] } },
{ "type": "Feature", "properties": { "Name": "152.75", "P.K.": null, "Al.Dist. Izq.": 15, "Al.Dist. Der.": null, "Ruta": 158 }, "geometry": { "type": "Point", "coordinates": [ -63.2370755, -32.3585221 ] } },
{ "type": "Feature", "properties": { "Name": "152.76", "P.K.": null, "Al.Dist. Izq.": 15, "Al.Dist. Der.": null, "Ruta": 158 }, "geometry": { "type": "Point", "coordinates": [ -63.2367196, -32.3584441 ] } },
{ "type": "Feature", "properties": { "Name": "152.76", "P.K.": null, "Al.Dist. Izq.": 15, "Al.Dist. Der.": null, "Ruta": 158 }, "geometry": { "type": "Point", "coordinates": [ -63.2372091, -32.3585991 ] } },
{ "type": "Feature", "properties": { "Name": "152.76", "P.K.": null, "Al.Dist. Izq.": 15, "Al.Dist. Der.": null, "Ruta": 158 }, "geometry": { "type": "Point", "coordinates": [ -63.2374304, -32.3587845 ] } },
{ "type": "Feature", "properties": { "Name": "152.77", "P.K.": null, "Al.Dist. Izq.": 15, "Al.Dist. Der.": null, "Ruta": 158 }, "geometry": { "type": "Point", "coordinates": [ -63.23742, -32.35884 ] } },
{ "type": "Feature", "properties": { "Name": "152.8", "P.K.": null, "Al.Dist. Izq.": 15, "Al.Dist. Der.": null, "Ruta": 158 }, "geometry": { "type": "Point", "coordinates": [ -63.2375796, -32.3591596 ] } },
{ "type": "Feature", "properties": { "Name": "152.82", "P.K.": null, "Al.Dist. Izq.": 15, "Al.Dist. Der.": null, "Ruta": 158 }, "geometry": { "type": "Point", "coordinates": [ -63.2375186, -32.3594229 ] } },
{ "type": "Feature", "properties": { "Name": "152.83", "P.K.": null, "Al.Dist. Izq.": 15, "Al.Dist. Der.": null, "Ruta": 158 }, "geometry": { "type": "Point", "coordinates": [ -63.2375119, -32.3594566 ] } },
{ "type": "Feature", "properties": { "Name": "152.84", "P.K.": null, "Al.Dist. Izq.": 15, "Al.Dist. Der.": null, "Ruta": 158 }, "geometry": { "type": "Point", "coordinates": [ -63.2376651, -32.3595373 ] } },
{ "type": "Feature", "properties": { "Name": "152.91", "P.K.": null, "Al.Dist. Izq.": 15, "Al.Dist. Der.": null, "Ruta": 158 }, "geometry": { "type": "Point", "coordinates": [ -63.23738, -32.36022 ] } },
{ "type": "Feature", "properties": { "Name": "152.95", "P.K.": null, "Al.Dist. Izq.": 15, "Al.Dist. Der.": null, "Ruta": 158 }, "geometry": { "type": "Point", "coordinates": [ -63.2370228, -32.3606056 ] } },
{ "type": "Feature", "properties": { "Name": "153", "P.K.": "PK153", "Al.Dist. Izq.": 15, "Al.Dist. Der.": null, "Ruta": 158 }, "geometry": { "type": "Point", "coordinates": [ -63.2367371, -32.3610176 ] } },
{ "type": "Feature", "properties": { "Name": "153.02", "P.K.": null, "Al.Dist. Izq.": 15, "Al.Dist. Der.": null, "Ruta": 158 }, "geometry": { "type": "Point", "coordinates": [ -63.2366756, -32.3611433 ] } },
{ "type": "Feature", "properties": { "Name": "153.09", "P.K.": null, "Al.Dist. Izq.": 15, "Al.Dist. Der.": null, "Ruta": 158 }, "geometry": { "type": "Point", "coordinates": [ -63.2365237, -32.3616846 ] } },
{ "type": "Feature", "properties": { "Name": "153.3", "P.K.": null, "Al.Dist. Izq.": 15, "Al.Dist. Der.": null, "Ruta": 158 }, "geometry": { "type": "Point", "coordinates": [ -63.2355506, -32.3631641 ] } },
{ "type": "Feature", "properties": { "Name": "153.31", "P.K.": null, "Al.Dist. Izq.": 15, "Al.Dist. Der.": null, "Ruta": 158 }, "geometry": { "type": "Point", "coordinates": [ -63.2354279, -32.363114 ] } },
{ "type": "Feature", "properties": { "Name": "153.32", "P.K.": null, "Al.Dist. Izq.": 15, "Al.Dist. Der.": null, "Ruta": 158 }, "geometry": { "type": "Point", "coordinates": [ -63.2354069, -32.3632111 ] } },
{ "type": "Feature", "properties": { "Name": "153.39", "P.K.": null, "Al.Dist. Izq.": 15, "Al.Dist. Der.": null, "Ruta": 158 }, "geometry": { "type": "Point", "coordinates": [ -63.2351, -32.3637 ] } },
{ "type": "Feature", "properties": { "Name": "153.45", "P.K.": null, "Al.Dist. Izq.": 15, "Al.Dist. Der.": null, "Ruta": 158 }, "geometry": { "type": "Point", "coordinates": [ -63.23497, -32.36417 ] } },
{ "type": "Feature", "properties": { "Name": "153.47", "P.K.": null, "Al.Dist. Izq.": 15, "Al.Dist. Der.": null, "Ruta": 158 }, "geometry": { "type": "Point", "coordinates": [ -63.2349538, -32.364418 ] } },
{ "type": "Feature", "properties": { "Name": "153.55", "P.K.": null, "Al.Dist. Izq.": 15, "Al.Dist. Der.": null, "Ruta": 158 }, "geometry": { "type": "Point", "coordinates": [ -63.23502, -32.36499 ] } },
{ "type": "Feature", "properties": { "Name": "154", "P.K.": "PK154", "Al.Dist. Izq.": 15, "Al.Dist. Der.": null, "Ruta": 158 }, "geometry": { "type": "Point", "coordinates": [ -63.2357648, -32.3684551 ] } },
{ "type": "Feature", "properties": { "Name": "154.09", "P.K.": null, "Al.Dist. Izq.": 15, "Al.Dist. Der.": null, "Ruta": 158 }, "geometry": { "type": "Point", "coordinates": [ -63.2360628, -32.3692505 ] } },
{ "type": "Feature", "properties": { "Name": "154.18", "P.K.": null, "Al.Dist. Izq.": 15, "Al.Dist. Der.": null, "Ruta": 158 }, "geometry": { "type": "Point", "coordinates": [ -63.2361369, -32.3699812 ] } },
{ "type": "Feature", "properties": { "Name": "154.79", "P.K.": null, "Al.Dist. Izq.": 15, "Al.Dist. Der.": null, "Ruta": 158 }, "geometry": { "type": "Point", "coordinates": [ -63.2375756, -32.3752475 ] } },
{ "type": "Feature", "properties": { "Name": "154.96", "P.K.": null, "Al.Dist. Izq.": 15, "Al.Dist. Der.": null, "Ruta": 158 }, "geometry": { "type": "Point", "coordinates": [ -63.2379417, -32.3766203 ] } },
{ "type": "Feature", "properties": { "Name": "154.99", "P.K.": null, "Al.Dist. Izq.": 15, "Al.Dist. Der.": null, "Ruta": 158 }, "geometry": { "type": "Point", "coordinates": [ -63.2380215, -32.3769408 ] } },
{ "type": "Feature", "properties": { "Name": "155", "P.K.": "PK155", "Al.Dist. Izq.": 15, "Al.Dist. Der.": null, "Ruta": 158 }, "geometry": { "type": "Point", "coordinates": [ -63.2382113, -32.3769352 ] } },
{ "type": "Feature", "properties": { "Name": "155.13", "P.K.": null, "Al.Dist. Izq.": 15, "Al.Dist. Der.": null, "Ruta": 158 }, "geometry": { "type": "Point", "coordinates": [ -63.2384783, -32.3780929 ] } },
{ "type": "Feature", "properties": { "Name": "155.18", "P.K.": null, "Al.Dist. Izq.": 15, "Al.Dist. Der.": null, "Ruta": 158 }, "geometry": { "type": "Point", "coordinates": [ -63.2386424, -32.3785336 ] } },
{ "type": "Feature", "properties": { "Name": "155.23", "P.K.": null, "Al.Dist. Izq.": 15, "Al.Dist. Der.": null, "Ruta": 158 }, "geometry": { "type": "Point", "coordinates": [ -63.2387034, -32.3789513 ] } },
{ "type": "Feature", "properties": { "Name": "156.01", "P.K.": null, "Al.Dist. Izq.": 15, "Al.Dist. Der.": null, "Ruta": 158 }, "geometry": { "type": "Point", "coordinates": [ -63.2405697, -32.385962 ] } },
{ "type": "Feature", "properties": { "Name": "156.05", "P.K.": null, "Al.Dist. Izq.": 15, "Al.Dist. Der.": null, "Ruta": 158 }, "geometry": { "type": "Point", "coordinates": [ -63.2406509, -32.386254 ] } },
{ "type": "Feature", "properties": { "Name": "156.2", "P.K.": null, "Al.Dist. Izq.": 15, "Al.Dist. Der.": null, "Ruta": 158 }, "geometry": { "type": "Point", "coordinates": [ -63.2411476, -32.3875911 ] } },
{ "type": "Feature", "properties": { "Name": "156.26", "P.K.": null, "Al.Dist. Izq.": 15, "Al.Dist. Der.": null, "Ruta": 158 }, "geometry": { "type": "Point", "coordinates": [ -63.2410289, -32.3881675 ] } },
{ "type": "Feature", "properties": { "Name": "156.3", "P.K.": null, "Al.Dist. Izq.": 15, "Al.Dist. Der.": null, "Ruta": 158 }, "geometry": { "type": "Point", "coordinates": [ -63.2411674, -32.3885333 ] } },
{ "type": "Feature", "properties": { "Name": "156.32", "P.K.": null, "Al.Dist. Izq.": 15, "Al.Dist. Der.": null, "Ruta": 158 }, "geometry": { "type": "Point", "coordinates": [ -63.2413485, -32.3885921 ] } },
{ "type": "Feature", "properties": { "Name": "156.4", "P.K.": null, "Al.Dist. Izq.": 15, "Al.Dist. Der.": null, "Ruta": 158 }, "geometry": { "type": "Point", "coordinates": [ -63.2418011, -32.3892278 ] } },
{ "type": "Feature", "properties": { "Name": "156.5", "P.K.": null, "Al.Dist. Izq.": 15, "Al.Dist. Der.": null, "Ruta": 158 }, "geometry": { "type": "Point", "coordinates": [ -63.2422, -32.3901 ] } },
{ "type": "Feature", "properties": { "Name": "156.52", "P.K.": null, "Al.Dist. Izq.": 15, "Al.Dist. Der.": null, "Ruta": 158 }, "geometry": { "type": "Point", "coordinates": [ -63.2424716, -32.3901371 ] } },
{ "type": "Feature", "properties": { "Name": "156.61", "P.K.": null, "Al.Dist. Izq.": 15, "Al.Dist. Der.": null, "Ruta": 158 }, "geometry": { "type": "Point", "coordinates": [ -63.2423394, -32.3908455 ] } },
{ "type": "Feature", "properties": { "Name": "156.65", "P.K.": null, "Al.Dist. Izq.": 15, "Al.Dist. Der.": null, "Ruta": 158 }, "geometry": { "type": "Point", "coordinates": [ -63.2422114, -32.391324 ] } },
{ "type": "Feature", "properties": { "Name": "156.84", "P.K.": null, "Al.Dist. Izq.": 15, "Al.Dist. Der.": null, "Ruta": 158 }, "geometry": { "type": "Point", "coordinates": [ -63.2428483, -32.392893 ] } },
{ "type": "Feature", "properties": { "Name": "157", "P.K.": "PK157", "Al.Dist. Izq.": 15, "Al.Dist. Der.": null, "Ruta": 158 }, "geometry": { "type": "Point", "coordinates": [ -63.2432319, -32.394297 ] } },
{ "type": "Feature", "properties": { "Name": "157.51", "P.K.": null, "Al.Dist. Izq.": 15, "Al.Dist. Der.": null, "Ruta": 158 }, "geometry": { "type": "Point", "coordinates": [ -63.2444627, -32.3988262 ] } },
{ "type": "Feature", "properties": { "Name": "157.72", "P.K.": null, "Al.Dist. Izq.": null, "Al.Dist. Der.": null, "Ruta": 158 }, "geometry": { "type": "Point", "coordinates": [ -63.2449019, -32.4007063 ] } },
{ "type": "Feature", "properties": { "Name": "157.74", "P.K.": null, "Al.Dist. Izq.": null, "Al.Dist. Der.": null, "Ruta": 158 }, "geometry": { "type": "Point", "coordinates": [ -63.2448823, -32.4009013 ] } },
{ "type": "Feature", "properties": { "Name": "157.77", "P.K.": null, "Al.Dist. Izq.": null, "Al.Dist. Der.": null, "Ruta": 158 }, "geometry": { "type": "Point", "coordinates": [ -63.2450556, -32.4011439 ] } },
{ "type": "Feature", "properties": { "Name": "157.79", "P.K.": null, "Al.Dist. Izq.": null, "Al.Dist. Der.": null, "Ruta": 158 }, "geometry": { "type": "Point", "coordinates": [ -63.2450596, -32.4013144 ] } },
{ "type": "Feature", "properties": { "Name": "157.79", "P.K.": null, "Al.Dist. Izq.": null, "Al.Dist. Der.": null, "Ruta": 158 }, "geometry": { "type": "Point", "coordinates": [ -63.2450596, -32.4013144 ] } },
{ "type": "Feature", "properties": { "Name": "158.49", "P.K.": null, "Al.Dist. Izq.": null, "Al.Dist. Der.": null, "Ruta": 158 }, "geometry": { "type": "Point", "coordinates": [ -63.250608, -32.405125 ] } },
{ "type": "Feature", "properties": { "Name": "158.49", "P.K.": null, "Al.Dist. Izq.": null, "Al.Dist. Der.": null, "Ruta": 158 }, "geometry": { "type": "Point", "coordinates": [ -63.250608, -32.405125 ] } },
{ "type": "Feature", "properties": { "Name": "158.54", "P.K.": null, "Al.Dist. Izq.": null, "Al.Dist. Der.": null, "Ruta": 158 }, "geometry": { "type": "Point", "coordinates": [ -63.2510088, -32.4055503 ] } },
{ "type": "Feature", "properties": { "Name": "158.55", "P.K.": null, "Al.Dist. Izq.": null, "Al.Dist. Der.": null, "Ruta": 158 }, "geometry": { "type": "Point", "coordinates": [ -63.2511603, -32.4053971 ] } },
{ "type": "Feature", "properties": { "Name": "158.55", "P.K.": null, "Al.Dist. Izq.": null, "Al.Dist. Der.": null, "Ruta": 158 }, "geometry": { "type": "Point", "coordinates": [ -63.2510758, -32.4054948 ] } },
{ "type": "Feature", "properties": { "Name": "158.58", "P.K.": null, "Al.Dist. Izq.": null, "Al.Dist. Der.": null, "Ruta": 158 }, "geometry": { "type": "Point", "coordinates": [ -63.2514815, -32.4055916 ] } },
{ "type": "Feature", "properties": { "Name": "158.64", "P.K.": null, "Al.Dist. Izq.": null, "Al.Dist. Der.": null, "Ruta": 158 }, "geometry": { "type": "Point", "coordinates": [ -63.2517745, -32.4060983 ] } },
{ "type": "Feature", "properties": { "Name": "158.64", "P.K.": null, "Al.Dist. Izq.": null, "Al.Dist. Der.": null, "Ruta": 158 }, "geometry": { "type": "Point", "coordinates": [ -63.2519207, -32.4060332 ] } },
{ "type": "Feature", "properties": { "Name": "158.65", "P.K.": null, "Al.Dist. Izq.": null, "Al.Dist. Der.": null, "Ruta": 158 }, "geometry": { "type": "Point", "coordinates": [ -63.2521034, -32.4059344 ] } },
{ "type": "Feature", "properties": { "Name": "158.81", "P.K.": null, "Al.Dist. Izq.": null, "Al.Dist. Der.": null, "Ruta": 158 }, "geometry": { "type": "Point", "coordinates": [ -63.2533664, -32.4069585 ] } },
{ "type": "Feature", "properties": { "Name": "158.94", "P.K.": null, "Al.Dist. Izq.": null, "Al.Dist. Der.": null, "Ruta": 158 }, "geometry": { "type": "Point", "coordinates": [ -63.254377, -32.4076257 ] } },
{ "type": "Feature", "properties": { "Name": "159", "P.K.": "PK159", "Al.Dist. Izq.": null, "Al.Dist. Der.": null, "Ruta": 158 }, "geometry": { "type": "Point", "coordinates": [ -63.2549815, -32.4079056 ] } },
{ "type": "Feature", "properties": { "Name": "159.13", "P.K.": null, "Al.Dist. Izq.": null, "Al.Dist. Der.": null, "Ruta": 158 }, "geometry": { "type": "Point", "coordinates": [ -63.2560225, -32.408622 ] } },
{ "type": "Feature", "properties": { "Name": "159.21", "P.K.": null, "Al.Dist. Izq.": null, "Al.Dist. Der.": null, "Ruta": 158 }, "geometry": { "type": "Point", "coordinates": [ -63.2566867, -32.4091162 ] } },
{ "type": "Feature", "properties": { "Name": "159.31", "P.K.": null, "Al.Dist. Izq.": null, "Al.Dist. Der.": null, "Ruta": 158 }, "geometry": { "type": "Point", "coordinates": [ -63.2576241, -32.409519 ] } },
{ "type": "Feature", "properties": { "Name": "159.35", "P.K.": null, "Al.Dist. Izq.": null, "Al.Dist. Der.": null, "Ruta": 158 }, "geometry": { "type": "Point", "coordinates": [ -63.2580455, -32.4096716 ] } },
{ "type": "Feature", "properties": { "Name": "159.5", "P.K.": null, "Al.Dist. Izq.": null, "Al.Dist. Der.": null, "Ruta": 158 }, "geometry": { "type": "Point", "coordinates": [ -63.2596133, -32.409853 ] } },
{ "type": "Feature", "properties": { "Name": "159.63", "P.K.": null, "Al.Dist. Izq.": null, "Al.Dist. Der.": null, "Ruta": 158 }, "geometry": { "type": "Point", "coordinates": [ -63.260998, -32.409929 ] } },
{ "type": "Feature", "properties": { "Name": "159.63", "P.K.": null, "Al.Dist. Izq.": null, "Al.Dist. Der.": null, "Ruta": 158 }, "geometry": { "type": "Point", "coordinates": [ -63.260998, -32.409929 ] } },
{ "type": "Feature", "properties": { "Name": "159.91", "P.K.": null, "Al.Dist. Izq.": null, "Al.Dist. Der.": null, "Ruta": 158 }, "geometry": { "type": "Point", "coordinates": [ -63.2641412, -32.4101766 ] } },
{ "type": "Feature", "properties": { "Name": "159.92", "P.K.": null, "Al.Dist. Izq.": null, "Al.Dist. Der.": null, "Ruta": 158 }, "geometry": { "type": "Point", "coordinates": [ -63.264175, -32.410101 ] } },
{ "type": "Feature", "properties": { "Name": "160.04", "P.K.": null, "Al.Dist. Izq.": null, "Al.Dist. Der.": null, "Ruta": 158 }, "geometry": { "type": "Point", "coordinates": [ -63.2654414, -32.4102895 ] } },
{ "type": "Feature", "properties": { "Name": "160.15", "P.K.": null, "Al.Dist. Izq.": null, "Al.Dist. Der.": null, "Ruta": 158 }, "geometry": { "type": "Point", "coordinates": [ -63.2666863, -32.4103427 ] } },
{ "type": "Feature", "properties": { "Name": "160.27", "P.K.": null, "Al.Dist. Izq.": null, "Al.Dist. Der.": null, "Ruta": 158 }, "geometry": { "type": "Point", "coordinates": [ -63.2678839, -32.4104276 ] } },
{ "type": "Feature", "properties": { "Name": "160.34", "P.K.": null, "Al.Dist. Izq.": null, "Al.Dist. Der.": null, "Ruta": 158 }, "geometry": { "type": "Point", "coordinates": [ -63.268654, -32.4104234 ] } },
{ "type": "Feature", "properties": { "Name": "160.38", "P.K.": null, "Al.Dist. Izq.": null, "Al.Dist. Der.": null, "Ruta": 158 }, "geometry": { "type": "Point", "coordinates": [ -63.2691244, -32.4104763 ] } },
{ "type": "Feature", "properties": { "Name": "160.45", "P.K.": null, "Al.Dist. Izq.": null, "Al.Dist. Der.": null, "Ruta": 158 }, "geometry": { "type": "Point", "coordinates": [ -63.2698137, -32.410555 ] } },
{ "type": "Feature", "properties": { "Name": "160.6", "P.K.": null, "Al.Dist. Izq.": null, "Al.Dist. Der.": null, "Ruta": 158 }, "geometry": { "type": "Point", "coordinates": [ -63.271353, -32.4106385 ] } },
{ "type": "Feature", "properties": { "Name": "160.61", "P.K.": null, "Al.Dist. Izq.": null, "Al.Dist. Der.": null, "Ruta": 158 }, "geometry": { "type": "Point", "coordinates": [ -63.2715076, -32.4106102 ] } },
{ "type": "Feature", "properties": { "Name": "160.65", "P.K.": null, "Al.Dist. Izq.": null, "Al.Dist. Der.": null, "Ruta": 158 }, "geometry": { "type": "Point", "coordinates": [ -63.271936, -32.4106105 ] } },
{ "type": "Feature", "properties": { "Name": "160.71", "P.K.": null, "Al.Dist. Izq.": null, "Al.Dist. Der.": null, "Ruta": 158 }, "geometry": { "type": "Point", "coordinates": [ -63.2725228, -32.4106739 ] } },
{ "type": "Feature", "properties": { "Name": "160.72", "P.K.": null, "Al.Dist. Izq.": null, "Al.Dist. Der.": null, "Ruta": 158 }, "geometry": { "type": "Point", "coordinates": [ -63.2726297, -32.4107429 ] } },
{ "type": "Feature", "properties": { "Name": "160.74", "P.K.": null, "Al.Dist. Izq.": null, "Al.Dist. Der.": null, "Ruta": 158 }, "geometry": { "type": "Point", "coordinates": [ -63.2729046, -32.4105658 ] } },
{ "type": "Feature", "properties": { "Name": "160.75", "P.K.": null, "Al.Dist. Izq.": null, "Al.Dist. Der.": null, "Ruta": 158 }, "geometry": { "type": "Point", "coordinates": [ -63.272954, -32.410642 ] } },
{ "type": "Feature", "properties": { "Name": "160.75", "P.K.": null, "Al.Dist. Izq.": null, "Al.Dist. Der.": null, "Ruta": 158 }, "geometry": { "type": "Point", "coordinates": [ -63.272954, -32.410642 ] } },
{ "type": "Feature", "properties": { "Name": "160.76", "P.K.": null, "Al.Dist. Izq.": null, "Al.Dist. Der.": null, "Ruta": 158 }, "geometry": { "type": "Point", "coordinates": [ -63.2730719, -32.4105827 ] } },
{ "type": "Feature", "properties": { "Name": "160.78", "P.K.": null, "Al.Dist. Izq.": null, "Al.Dist. Der.": null, "Ruta": 158 }, "geometry": { "type": "Point", "coordinates": [ -63.2733586, -32.410711 ] } },
{ "type": "Feature", "properties": { "Name": "160.79", "P.K.": null, "Al.Dist. Izq.": null, "Al.Dist. Der.": null, "Ruta": 158 }, "geometry": { "type": "Point", "coordinates": [ -63.2734682, -32.410737 ] } },
{ "type": "Feature", "properties": { "Name": "160.82", "P.K.": null, "Al.Dist. Izq.": null, "Al.Dist. Der.": null, "Ruta": 158 }, "geometry": { "type": "Point", "coordinates": [ -63.2737002, -32.4107809 ] } },
{ "type": "Feature", "properties": { "Name": "160.84", "P.K.": null, "Al.Dist. Izq.": null, "Al.Dist. Der.": null, "Ruta": 158 }, "geometry": { "type": "Point", "coordinates": [ -63.2739416, -32.4105782 ] } },
{ "type": "Feature", "properties": { "Name": "160.96", "P.K.": null, "Al.Dist. Izq.": null, "Al.Dist. Der.": null, "Ruta": 158 }, "geometry": { "type": "Point", "coordinates": [ -63.2752164, -32.4108955 ] } },
{ "type": "Feature", "properties": { "Name": "161.01", "P.K.": null, "Al.Dist. Izq.": null, "Al.Dist. Der.": null, "Ruta": 158 }, "geometry": { "type": "Point", "coordinates": [ -63.2757612, -32.4107178 ] } },
{ "type": "Feature", "properties": { "Name": "161.02", "P.K.": null, "Al.Dist. Izq.": null, "Al.Dist. Der.": null, "Ruta": 158 }, "geometry": { "type": "Point", "coordinates": [ -63.2758608, -32.410949 ] } },
{ "type": "Feature", "properties": { "Name": "161.03", "P.K.": null, "Al.Dist. Izq.": null, "Al.Dist. Der.": null, "Ruta": 158 }, "geometry": { "type": "Point", "coordinates": [ -63.2759959, -32.4105856 ] } },
{ "type": "Feature", "properties": { "Name": "161.03", "P.K.": null, "Al.Dist. Izq.": null, "Al.Dist. Der.": null, "Ruta": 158 }, "geometry": { "type": "Point", "coordinates": [ -63.2759959, -32.4105856 ] } },
{ "type": "Feature", "properties": { "Name": "161.09", "P.K.": null, "Al.Dist. Izq.": null, "Al.Dist. Der.": null, "Ruta": 158 }, "geometry": { "type": "Point", "coordinates": [ -63.2766118, -32.4107523 ] } },
{ "type": "Feature", "properties": { "Name": "161.16", "P.K.": null, "Al.Dist. Izq.": null, "Al.Dist. Der.": null, "Ruta": 158 }, "geometry": { "type": "Point", "coordinates": [ -63.2773571, -32.410977 ] } },
{ "type": "Feature", "properties": { "Name": "161.19", "P.K.": null, "Al.Dist. Izq.": null, "Al.Dist. Der.": null, "Ruta": 158 }, "geometry": { "type": "Point", "coordinates": [ -63.2777118, -32.411041 ] } },
{ "type": "Feature", "properties": { "Name": "161.22", "P.K.": null, "Al.Dist. Izq.": null, "Al.Dist. Der.": null, "Ruta": 158 }, "geometry": { "type": "Point", "coordinates": [ -63.2779921, -32.4108395 ] } },
{ "type": "Feature", "properties": { "Name": "161.29", "P.K.": null, "Al.Dist. Izq.": null, "Al.Dist. Der.": null, "Ruta": 158 }, "geometry": { "type": "Point", "coordinates": [ -63.2788783, -32.4109051 ] } },
{ "type": "Feature", "properties": { "Name": "161.3", "P.K.": null, "Al.Dist. Izq.": null, "Al.Dist. Der.": null, "Ruta": 158 }, "geometry": { "type": "Point", "coordinates": [ -63.2789275, -32.4109649 ] } },
{ "type": "Feature", "properties": { "Name": "161.37", "P.K.": null, "Al.Dist. Izq.": null, "Al.Dist. Der.": null, "Ruta": 158 }, "geometry": { "type": "Point", "coordinates": [ -63.2796263, -32.4111641 ] } },
{ "type": "Feature", "properties": { "Name": "161.39", "P.K.": null, "Al.Dist. Izq.": null, "Al.Dist. Der.": null, "Ruta": 158 }, "geometry": { "type": "Point", "coordinates": [ -63.279865, -32.4112001 ] } },
{ "type": "Feature", "properties": { "Name": "161.41", "P.K.": null, "Al.Dist. Izq.": null, "Al.Dist. Der.": null, "Ruta": 158 }, "geometry": { "type": "Point", "coordinates": [ -63.2800839, -32.4110419 ] } },
{ "type": "Feature", "properties": { "Name": "161.42", "P.K.": null, "Al.Dist. Izq.": null, "Al.Dist. Der.": null, "Ruta": 158 }, "geometry": { "type": "Point", "coordinates": [ -63.2802163, -32.4110659 ] } },
{ "type": "Feature", "properties": { "Name": "161.46", "P.K.": null, "Al.Dist. Izq.": null, "Al.Dist. Der.": null, "Ruta": 158 }, "geometry": { "type": "Point", "coordinates": [ -63.2806143, -32.4110733 ] } },
{ "type": "Feature", "properties": { "Name": "161.52", "P.K.": null, "Al.Dist. Izq.": null, "Al.Dist. Der.": null, "Ruta": 158 }, "geometry": { "type": "Point", "coordinates": [ -63.28124, -32.4112 ] } },
{ "type": "Feature", "properties": { "Name": "161.6", "P.K.": null, "Al.Dist. Izq.": null, "Al.Dist. Der.": null, "Ruta": 158 }, "geometry": { "type": "Point", "coordinates": [ -63.2821361, -32.4112281 ] } },
{ "type": "Feature", "properties": { "Name": "161.75", "P.K.": null, "Al.Dist. Izq.": null, "Al.Dist. Der.": null, "Ruta": 158 }, "geometry": { "type": "Point", "coordinates": [ -63.2836476, -32.4114936 ] } },
{ "type": "Feature", "properties": { "Name": "161.76", "P.K.": null, "Al.Dist. Izq.": null, "Al.Dist. Der.": null, "Ruta": 158 }, "geometry": { "type": "Point", "coordinates": [ -63.283728, -32.4115474 ] } },
{ "type": "Feature", "properties": { "Name": "161.78", "P.K.": null, "Al.Dist. Izq.": null, "Al.Dist. Der.": null, "Ruta": 158 }, "geometry": { "type": "Point", "coordinates": [ -63.28401, -32.41145 ] } },
{ "type": "Feature", "properties": { "Name": "161.89", "P.K.": null, "Al.Dist. Izq.": null, "Al.Dist. Der.": null, "Ruta": 158 }, "geometry": { "type": "Point", "coordinates": [ -63.2851315, -32.4118117 ] } },
{ "type": "Feature", "properties": { "Name": "161.9", "P.K.": null, "Al.Dist. Izq.": null, "Al.Dist. Der.": null, "Ruta": 158 }, "geometry": { "type": "Point", "coordinates": [ -63.2852737, -32.4117778 ] } },
{ "type": "Feature", "properties": { "Name": "161.96", "P.K.": null, "Al.Dist. Izq.": null, "Al.Dist. Der.": null, "Ruta": 158 }, "geometry": { "type": "Point", "coordinates": [ -63.2858305, -32.4120336 ] } },
{ "type": "Feature", "properties": { "Name": "162", "P.K.": "PK162", "Al.Dist. Izq.": null, "Al.Dist. Der.": null, "Ruta": 158 }, "geometry": { "type": "Point", "coordinates": [ -63.2862359, -32.4119428 ] } },
{ "type": "Feature", "properties": { "Name": "162.02", "P.K.": null, "Al.Dist. Izq.": null, "Al.Dist. Der.": null, "Ruta": 158 }, "geometry": { "type": "Point", "coordinates": [ -63.2864937, -32.4121067 ] } },
{ "type": "Feature", "properties": { "Name": "162.03", "P.K.": null, "Al.Dist. Izq.": null, "Al.Dist. Der.": null, "Ruta": 158 }, "geometry": { "type": "Point", "coordinates": [ -63.2865407, -32.4119937 ] } },
{ "type": "Feature", "properties": { "Name": "162.08", "P.K.": null, "Al.Dist. Izq.": null, "Al.Dist. Der.": null, "Ruta": 158 }, "geometry": { "type": "Point", "coordinates": [ -63.2871395, -32.4122088 ] } },
{ "type": "Feature", "properties": { "Name": "162.28", "P.K.": null, "Al.Dist. Izq.": null, "Al.Dist. Der.": null, "Ruta": 158 }, "geometry": { "type": "Point", "coordinates": [ -63.2892239, -32.4125445 ] } },
{ "type": "Feature", "properties": { "Name": "162.37", "P.K.": null, "Al.Dist. Izq.": null, "Al.Dist. Der.": null, "Ruta": 158 }, "geometry": { "type": "Point", "coordinates": [ -63.2900778, -32.4126796 ] } },
{ "type": "Feature", "properties": { "Name": "162.41", "P.K.": null, "Al.Dist. Izq.": null, "Al.Dist. Der.": null, "Ruta": 158 }, "geometry": { "type": "Point", "coordinates": [ -63.2905284, -32.4126258 ] } },
{ "type": "Feature", "properties": { "Name": "162.46", "P.K.": null, "Al.Dist. Izq.": null, "Al.Dist. Der.": null, "Ruta": 158 }, "geometry": { "type": "Point", "coordinates": [ -63.2910163, -32.4128898 ] } },
{ "type": "Feature", "properties": { "Name": "162.5", "P.K.": null, "Al.Dist. Izq.": null, "Al.Dist. Der.": null, "Ruta": 158 }, "geometry": { "type": "Point", "coordinates": [ -63.29151, -32.41291 ] } },
{ "type": "Feature", "properties": { "Name": "162.51", "P.K.": null, "Al.Dist. Izq.": null, "Al.Dist. Der.": null, "Ruta": 158 }, "geometry": { "type": "Point", "coordinates": [ -63.291602, -32.4130158 ] } },
{ "type": "Feature", "properties": { "Name": "162.53", "P.K.": null, "Al.Dist. Izq.": null, "Al.Dist. Der.": null, "Ruta": 158 }, "geometry": { "type": "Point", "coordinates": [ -63.2917448, -32.4130232 ] } },
{ "type": "Feature", "properties": { "Name": "162.64", "P.K.": null, "Al.Dist. Izq.": null, "Al.Dist. Der.": null, "Ruta": 158 }, "geometry": { "type": "Point", "coordinates": [ -63.2928526, -32.4132493 ] } },
{ "type": "Feature", "properties": { "Name": "162.69", "P.K.": null, "Al.Dist. Izq.": null, "Al.Dist. Der.": null, "Ruta": 158 }, "geometry": { "type": "Point", "coordinates": [ -63.2933746, -32.4134777 ] } },
{ "type": "Feature", "properties": { "Name": "162.73", "P.K.": null, "Al.Dist. Izq.": null, "Al.Dist. Der.": null, "Ruta": 158 }, "geometry": { "type": "Point", "coordinates": [ -63.2938862, -32.4133172 ] } },
{ "type": "Feature", "properties": { "Name": "162.8", "P.K.": null, "Al.Dist. Izq.": null, "Al.Dist. Der.": null, "Ruta": 158 }, "geometry": { "type": "Point", "coordinates": [ -63.2943596, -32.4139963 ] } },
{ "type": "Feature", "properties": { "Name": "162.85", "P.K.": null, "Al.Dist. Izq.": null, "Al.Dist. Der.": null, "Ruta": 158 }, "geometry": { "type": "Point", "coordinates": [ -63.29483, -32.4142 ] } },
{ "type": "Feature", "properties": { "Name": "163.09", "P.K.": null, "Al.Dist. Izq.": null, "Al.Dist. Der.": null, "Ruta": 158 }, "geometry": { "type": "Point", "coordinates": [ -63.2967431, -32.4155156 ] } },
{ "type": "Feature", "properties": { "Name": "163.11", "P.K.": null, "Al.Dist. Izq.": null, "Al.Dist. Der.": null, "Ruta": 158 }, "geometry": { "type": "Point", "coordinates": [ -63.2967341, -32.4159894 ] } },
{ "type": "Feature", "properties": { "Name": "163.12", "P.K.": null, "Al.Dist. Izq.": null, "Al.Dist. Der.": null, "Ruta": 158 }, "geometry": { "type": "Point", "coordinates": [ -63.296957, -32.4157593 ] } },
{ "type": "Feature", "properties": { "Name": "163.26", "P.K.": null, "Al.Dist. Izq.": null, "Al.Dist. Der.": null, "Ruta": 158 }, "geometry": { "type": "Point", "coordinates": [ -63.2981442, -32.4164816 ] } },
{ "type": "Feature", "properties": { "Name": "163.39", "P.K.": null, "Al.Dist. Izq.": null, "Al.Dist. Der.": null, "Ruta": 158 }, "geometry": { "type": "Point", "coordinates": [ -63.2992443, -32.4173216 ] } },
{ "type": "Feature", "properties": { "Name": "163.59", "P.K.": null, "Al.Dist. Izq.": null, "Al.Dist. Der.": null, "Ruta": 158 }, "geometry": { "type": "Point", "coordinates": [ -63.3010413, -32.4181155 ] } },
{ "type": "Feature", "properties": { "Name": "163.59", "P.K.": null, "Al.Dist. Izq.": null, "Al.Dist. Der.": null, "Ruta": 158 }, "geometry": { "type": "Point", "coordinates": [ -63.3010252, -32.4182783 ] } },
{ "type": "Feature", "properties": { "Name": "163.69", "P.K.": null, "Al.Dist. Izq.": null, "Al.Dist. Der.": null, "Ruta": 158 }, "geometry": { "type": "Point", "coordinates": [ -63.301729, -32.41891 ] } },
{ "type": "Feature", "properties": { "Name": "163.7", "P.K.": null, "Al.Dist. Izq.": null, "Al.Dist. Der.": null, "Ruta": 158 }, "geometry": { "type": "Point", "coordinates": [ -63.3018323, -32.4188896 ] } },
{ "type": "Feature", "properties": { "Name": "163.77", "P.K.": null, "Al.Dist. Izq.": null, "Al.Dist. Der.": null, "Ruta": 158 }, "geometry": { "type": "Point", "coordinates": [ -63.3023995, -32.4193244 ] } },
{ "type": "Feature", "properties": { "Name": "163.77", "P.K.": null, "Al.Dist. Izq.": 25, "Al.Dist. Der.": 35, "Ruta": 158 }, "geometry": { "type": "Point", "coordinates": [ -63.3023995, -32.4193244 ] } },
{ "type": "Feature", "properties": { "Name": "164.14", "P.K.": null, "Al.Dist. Izq.": 25, "Al.Dist. Der.": 35, "Ruta": 158 }, "geometry": { "type": "Point", "coordinates": [ -63.3054214, -32.4214837 ] } },
{ "type": "Feature", "properties": { "Name": "164.22", "P.K.": null, "Al.Dist. Izq.": 25, "Al.Dist. Der.": 35, "Ruta": 158 }, "geometry": { "type": "Point", "coordinates": [ -63.30616, -32.42187 ] } },
{ "type": "Feature", "properties": { "Name": "164.31", "P.K.": null, "Al.Dist. Izq.": 25, "Al.Dist. Der.": 35, "Ruta": 158 }, "geometry": { "type": "Point", "coordinates": [ -63.306848, -32.4224649 ] } },
{ "type": "Feature", "properties": { "Name": "164.4", "P.K.": null, "Al.Dist. Izq.": 25, "Al.Dist. Der.": 35, "Ruta": 158 }, "geometry": { "type": "Point", "coordinates": [ -63.3076, -32.42297 ] } },
{ "type": "Feature", "properties": { "Name": "164.5", "P.K.": null, "Al.Dist. Izq.": 25, "Al.Dist. Der.": 35, "Ruta": 158 }, "geometry": { "type": "Point", "coordinates": [ -63.30836, -32.42354 ] } },
{ "type": "Feature", "properties": { "Name": "164.62", "P.K.": null, "Al.Dist. Izq.": 25, "Al.Dist. Der.": 35, "Ruta": 158 }, "geometry": { "type": "Point", "coordinates": [ -63.3092818, -32.4242935 ] } },
{ "type": "Feature", "properties": { "Name": "164.64", "P.K.": null, "Al.Dist. Izq.": 25, "Al.Dist. Der.": 35, "Ruta": 158 }, "geometry": { "type": "Point", "coordinates": [ -63.30955, -32.42437 ] } },
{ "type": "Feature", "properties": { "Name": "164.78", "P.K.": null, "Al.Dist. Izq.": 25, "Al.Dist. Der.": 35, "Ruta": 158 }, "geometry": { "type": "Point", "coordinates": [ -63.3106245, -32.4252863 ] } },
{ "type": "Feature", "properties": { "Name": "164.84", "P.K.": null, "Al.Dist. Izq.": 25, "Al.Dist. Der.": 35, "Ruta": 158 }, "geometry": { "type": "Point", "coordinates": [ -63.3111167, -32.4256024 ] } },
{ "type": "Feature", "properties": { "Name": "164.86", "P.K.": null, "Al.Dist. Izq.": 25, "Al.Dist. Der.": 35, "Ruta": 158 }, "geometry": { "type": "Point", "coordinates": [ -63.3114433, -32.4255345 ] } },
{ "type": "Feature", "properties": { "Name": "164.87", "P.K.": null, "Al.Dist. Izq.": 25, "Al.Dist. Der.": 35, "Ruta": 158 }, "geometry": { "type": "Point", "coordinates": [ -63.3114175, -32.4257481 ] } },
{ "type": "Feature", "properties": { "Name": "164.89", "P.K.": null, "Al.Dist. Izq.": 25, "Al.Dist. Der.": 35, "Ruta": 158 }, "geometry": { "type": "Point", "coordinates": [ -63.3116917, -32.425651 ] } },
{ "type": "Feature", "properties": { "Name": "164.89", "P.K.": null, "Al.Dist. Izq.": 25, "Al.Dist. Der.": 35, "Ruta": 158 }, "geometry": { "type": "Point", "coordinates": [ -63.3116917, -32.425651 ] } },
{ "type": "Feature", "properties": { "Name": "164.92", "P.K.": null, "Al.Dist. Izq.": 25, "Al.Dist. Der.": 35, "Ruta": 158 }, "geometry": { "type": "Point", "coordinates": [ -63.3119167, -32.425833 ] } },
{ "type": "Feature", "properties": { "Name": "164.95", "P.K.": null, "Al.Dist. Izq.": 25, "Al.Dist. Der.": 35, "Ruta": 158 }, "geometry": { "type": "Point", "coordinates": [ -63.3122323, -32.426014 ] } },
{ "type": "Feature", "properties": { "Name": "165", "P.K.": "PK165", "Al.Dist. Izq.": 25, "Al.Dist. Der.": 35, "Ruta": 158 }, "geometry": { "type": "Point", "coordinates": [ -63.3126238, -32.4262386 ] } },
{ "type": "Feature", "properties": { "Name": "165.01", "P.K.": null, "Al.Dist. Izq.": 25, "Al.Dist. Der.": 35, "Ruta": 158 }, "geometry": { "type": "Point", "coordinates": [ -63.3123432, -32.426564 ] } },
{ "type": "Feature", "properties": { "Name": "165.05", "P.K.": null, "Al.Dist. Izq.": 25, "Al.Dist. Der.": 35, "Ruta": 158 }, "geometry": { "type": "Point", "coordinates": [ -63.31303, -32.42681 ] } },
{ "type": "Feature", "properties": { "Name": "165.09", "P.K.": null, "Al.Dist. Izq.": 25, "Al.Dist. Der.": 35, "Ruta": 158 }, "geometry": { "type": "Point", "coordinates": [ -63.3134191, -32.4271846 ] } },
{ "type": "Feature", "properties": { "Name": "165.1", "P.K.": null, "Al.Dist. Izq.": 25, "Al.Dist. Der.": 35, "Ruta": 158 }, "geometry": { "type": "Point", "coordinates": [ -63.3133557, -32.427587 ] } },
{ "type": "Feature", "properties": { "Name": "165.13", "P.K.": null, "Al.Dist. Izq.": 25, "Al.Dist. Der.": 35, "Ruta": 158 }, "geometry": { "type": "Point", "coordinates": [ -63.3140869, -32.4272291 ] } },
{ "type": "Feature", "properties": { "Name": "165.19", "P.K.": null, "Al.Dist. Izq.": 25, "Al.Dist. Der.": 35, "Ruta": 158 }, "geometry": { "type": "Point", "coordinates": [ -63.3144993, -32.4277421 ] } },
{ "type": "Feature", "properties": { "Name": "165.43", "P.K.": null, "Al.Dist. Izq.": 25, "Al.Dist. Der.": 35, "Ruta": 158 }, "geometry": { "type": "Point", "coordinates": [ -63.3171986, -32.4296956 ] } },
{ "type": "Feature", "properties": { "Name": "165.54", "P.K.": null, "Al.Dist. Izq.": 25, "Al.Dist. Der.": 35, "Ruta": 158 }, "geometry": { "type": "Point", "coordinates": [ -63.31836, -32.4305446 ] } },
{ "type": "Feature", "properties": { "Name": "165.57", "P.K.": null, "Al.Dist. Izq.": 25, "Al.Dist. Der.": 35, "Ruta": 158 }, "geometry": { "type": "Point", "coordinates": [ -63.3186812, -32.4307484 ] } },
{ "type": "Feature", "properties": { "Name": "166.01", "P.K.": null, "Al.Dist. Izq.": 25, "Al.Dist. Der.": 35, "Ruta": 158 }, "geometry": { "type": "Point", "coordinates": [ -63.3235984, -32.4341447 ] } },
{ "type": "Feature", "properties": { "Name": "166.11", "P.K.": null, "Al.Dist. Izq.": 25, "Al.Dist. Der.": 35, "Ruta": 158 }, "geometry": { "type": "Point", "coordinates": [ -63.3248432, -32.4348088 ] } },
{ "type": "Feature", "properties": { "Name": "166.13", "P.K.": null, "Al.Dist. Izq.": 25, "Al.Dist. Der.": 35, "Ruta": 158 }, "geometry": { "type": "Point", "coordinates": [ -63.3249732, -32.4349388 ] } },
{ "type": "Feature", "properties": { "Name": "167.35", "P.K.": null, "Al.Dist. Izq.": 25, "Al.Dist. Der.": 35, "Ruta": 158 }, "geometry": { "type": "Point", "coordinates": [ -63.3386365, -32.444266 ] } },
{ "type": "Feature", "properties": { "Name": "167.48", "P.K.": null, "Al.Dist. Izq.": 25, "Al.Dist. Der.": 35, "Ruta": 158 }, "geometry": { "type": "Point", "coordinates": [ -63.3400625, -32.4451894 ] } },
{ "type": "Feature", "properties": { "Name": "167.55", "P.K.": null, "Al.Dist. Izq.": 25, "Al.Dist. Der.": 35, "Ruta": 158 }, "geometry": { "type": "Point", "coordinates": [ -63.3406971, -32.4460945 ] } },
{ "type": "Feature", "properties": { "Name": "167.56", "P.K.": null, "Al.Dist. Izq.": 25, "Al.Dist. Der.": 35, "Ruta": 158 }, "geometry": { "type": "Point", "coordinates": [ -63.3410556, -32.445766 ] } },
{ "type": "Feature", "properties": { "Name": "167.67", "P.K.": null, "Al.Dist. Izq.": 25, "Al.Dist. Der.": 35, "Ruta": 158 }, "geometry": { "type": "Point", "coordinates": [ -63.3422438, -32.4466986 ] } },
{ "type": "Feature", "properties": { "Name": "167.75", "P.K.": null, "Al.Dist. Izq.": 25, "Al.Dist. Der.": 35, "Ruta": 158 }, "geometry": { "type": "Point", "coordinates": [ -63.34313, -32.44735 ] } },
{ "type": "Feature", "properties": { "Name": "167.78", "P.K.": null, "Al.Dist. Izq.": 25, "Al.Dist. Der.": 35, "Ruta": 158 }, "geometry": { "type": "Point", "coordinates": [ -63.3434005, -32.4473912 ] } },
{ "type": "Feature", "properties": { "Name": "167.81", "P.K.": null, "Al.Dist. Izq.": 25, "Al.Dist. Der.": 35, "Ruta": 158 }, "geometry": { "type": "Point", "coordinates": [ -63.3437807, -32.447735 ] } },
{ "type": "Feature", "properties": { "Name": "167.82", "P.K.": null, "Al.Dist. Izq.": 25, "Al.Dist. Der.": 35, "Ruta": 158 }, "geometry": { "type": "Point", "coordinates": [ -63.3438655, -32.4478439 ] } },
{ "type": "Feature", "properties": { "Name": "167.82", "P.K.": null, "Al.Dist. Izq.": 25, "Al.Dist. Der.": 35, "Ruta": 158 }, "geometry": { "type": "Point", "coordinates": [ -63.3438655, -32.4478439 ] } },
{ "type": "Feature", "properties": { "Name": "167.84", "P.K.": null, "Al.Dist. Izq.": 25, "Al.Dist. Der.": 35, "Ruta": 158 }, "geometry": { "type": "Point", "coordinates": [ -63.3441314, -32.447782 ] } },
{ "type": "Feature", "properties": { "Name": "167.86", "P.K.": null, "Al.Dist. Izq.": 25, "Al.Dist. Der.": 35, "Ruta": 158 }, "geometry": { "type": "Point", "coordinates": [ -63.3444, -32.44803 ] } },
{ "type": "Feature", "properties": { "Name": "167.9", "P.K.": null, "Al.Dist. Izq.": 25, "Al.Dist. Der.": 35, "Ruta": 158 }, "geometry": { "type": "Point", "coordinates": [ -63.344862, -32.448441 ] } },
{ "type": "Feature", "properties": { "Name": "167.96", "P.K.": null, "Al.Dist. Izq.": 25, "Al.Dist. Der.": 35, "Ruta": 158 }, "geometry": { "type": "Point", "coordinates": [ -63.34549, -32.44878 ] } },
{ "type": "Feature", "properties": { "Name": "167.98", "P.K.": null, "Al.Dist. Izq.": 25, "Al.Dist. Der.": 35, "Ruta": 158 }, "geometry": { "type": "Point", "coordinates": [ -63.3454946, -32.4491276 ] } },
{ "type": "Feature", "properties": { "Name": "168", "P.K.": "PK168", "Al.Dist. Izq.": 25, "Al.Dist. Der.": 35, "Ruta": 158 }, "geometry": { "type": "Point", "coordinates": [ -63.3459915, -32.4490504 ] } },
{ "type": "Feature", "properties": { "Name": "168.37", "P.K.": null, "Al.Dist. Izq.": 25, "Al.Dist. Der.": 35, "Ruta": 158 }, "geometry": { "type": "Point", "coordinates": [ -63.34681, -32.45007 ] } },
{ "type": "Feature", "properties": { "Name": "168.51", "P.K.": null, "Al.Dist. Izq.": 25, "Al.Dist. Der.": 35, "Ruta": 158 }, "geometry": { "type": "Point", "coordinates": [ -63.3473614, -32.4502981 ] } },
{ "type": "Feature", "properties": { "Name": "169.09", "P.K.": null, "Al.Dist. Izq.": 25, "Al.Dist. Der.": 35, "Ruta": 158 }, "geometry": { "type": "Point", "coordinates": [ -63.34909, -32.45157 ] } },
{ "type": "Feature", "properties": { "Name": "169.39", "P.K.": null, "Al.Dist. Izq.": 25, "Al.Dist. Der.": 35, "Ruta": 158 }, "geometry": { "type": "Point", "coordinates": [ -63.35004, -32.45214 ] } },
{ "type": "Feature", "properties": { "Name": "169.44", "P.K.": null, "Al.Dist. Izq.": 25, "Al.Dist. Der.": 35, "Ruta": 158 }, "geometry": { "type": "Point", "coordinates": [ -63.3501771, -32.4524115 ] } },
{ "type": "Feature", "properties": { "Name": "169.49", "P.K.": null, "Al.Dist. Izq.": 25, "Al.Dist. Der.": 35, "Ruta": 158 }, "geometry": { "type": "Point", "coordinates": [ -63.350342, -32.4524666 ] } },
{ "type": "Feature", "properties": { "Name": "169.71", "P.K.": null, "Al.Dist. Izq.": 25, "Al.Dist. Der.": 35, "Ruta": 158 }, "geometry": { "type": "Point", "coordinates": [ -63.3509029, -32.4530345 ] } },
{ "type": "Feature", "properties": { "Name": "169.71", "P.K.": null, "Al.Dist. Izq.": 25, "Al.Dist. Der.": 35, "Ruta": 158 }, "geometry": { "type": "Point", "coordinates": [ -63.3511079, -32.4528049 ] } },
{ "type": "Feature", "properties": { "Name": "169.97", "P.K.": null, "Al.Dist. Izq.": 25, "Al.Dist. Der.": 35, "Ruta": 158 }, "geometry": { "type": "Point", "coordinates": [ -63.351888, -32.453406 ] } },
{ "type": "Feature", "properties": { "Name": "170", "P.K.": "PK170", "Al.Dist. Izq.": 25, "Al.Dist. Der.": 35, "Ruta": 158 }, "geometry": { "type": "Point", "coordinates": [ -63.3519557, -32.4535369 ] } },
{ "type": "Feature", "properties": { "Name": "170.05", "P.K.": null, "Al.Dist. Izq.": 25, "Al.Dist. Der.": 35, "Ruta": 158 }, "geometry": { "type": "Point", "coordinates": [ -63.352296, -32.4537941 ] } },
{ "type": "Feature", "properties": { "Name": "170.3", "P.K.": null, "Al.Dist. Izq.": 25, "Al.Dist. Der.": 35, "Ruta": 158 }, "geometry": { "type": "Point", "coordinates": [ -63.3545715, -32.4553628 ] } },
{ "type": "Feature", "properties": { "Name": "170.85", "P.K.": null, "Al.Dist. Izq.": 25, "Al.Dist. Der.": 35, "Ruta": 158 }, "geometry": { "type": "Point", "coordinates": [ -63.3592557, -32.4586111 ] } },
{ "type": "Feature", "properties": { "Name": "171.78", "P.K.": null, "Al.Dist. Izq.": 25, "Al.Dist. Der.": 35, "Ruta": 158 }, "geometry": { "type": "Point", "coordinates": [ -63.3673469, -32.4641063 ] } },
{ "type": "Feature", "properties": { "Name": "171.84", "P.K.": null, "Al.Dist. Izq.": 25, "Al.Dist. Der.": 35, "Ruta": 158 }, "geometry": { "type": "Point", "coordinates": [ -63.3679524, -32.4644353 ] } },
{ "type": "Feature", "properties": { "Name": "172.89", "P.K.": null, "Al.Dist. Izq.": 25, "Al.Dist. Der.": 35, "Ruta": 158 }, "geometry": { "type": "Point", "coordinates": [ -63.3770273, -32.4706627 ] } },
{ "type": "Feature", "properties": { "Name": "173.06", "P.K.": null, "Al.Dist. Izq.": 25, "Al.Dist. Der.": 35, "Ruta": 158 }, "geometry": { "type": "Point", "coordinates": [ -63.3786786, -32.4714725 ] } },
{ "type": "Feature", "properties": { "Name": "173.88", "P.K.": null, "Al.Dist. Izq.": 25, "Al.Dist. Der.": 35, "Ruta": 158 }, "geometry": { "type": "Point", "coordinates": [ -63.3855915, -32.4765129 ] } },
{ "type": "Feature", "properties": { "Name": "174", "P.K.": "PK174", "Al.Dist. Izq.": 25, "Al.Dist. Der.": 35, "Ruta": 158 }, "geometry": { "type": "Point", "coordinates": [ -63.386628, -32.4774121 ] } },
{ "type": "Feature", "properties": { "Name": "174.04", "P.K.": null, "Al.Dist. Izq.": 25, "Al.Dist. Der.": 35, "Ruta": 158 }, "geometry": { "type": "Point", "coordinates": [ -63.3869307, -32.4776361 ] } },
{ "type": "Feature", "properties": { "Name": "174.07", "P.K.": null, "Al.Dist. Izq.": 25, "Al.Dist. Der.": 35, "Ruta": 158 }, "geometry": { "type": "Point", "coordinates": [ -63.3873679, -32.4776197 ] } },
{ "type": "Feature", "properties": { "Name": "174.09", "P.K.": null, "Al.Dist. Izq.": 25, "Al.Dist. Der.": 35, "Ruta": 158 }, "geometry": { "type": "Point", "coordinates": [ -63.3873709, -32.4779 ] } },
{ "type": "Feature", "properties": { "Name": "174.3", "P.K.": null, "Al.Dist. Izq.": 25, "Al.Dist. Der.": 35, "Ruta": 158 }, "geometry": { "type": "Point", "coordinates": [ -63.3892921, -32.479046 ] } },
{ "type": "Feature", "properties": { "Name": "174.32", "P.K.": null, "Al.Dist. Izq.": 25, "Al.Dist. Der.": 35, "Ruta": 158 }, "geometry": { "type": "Point", "coordinates": [ -63.389355, -32.479169 ] } },
{ "type": "Feature", "properties": { "Name": "174.35", "P.K.": null, "Al.Dist. Izq.": 25, "Al.Dist. Der.": 35, "Ruta": 158 }, "geometry": { "type": "Point", "coordinates": [ -63.3896119, -32.4793676 ] } },
{ "type": "Feature", "properties": { "Name": "174.36", "P.K.": null, "Al.Dist. Izq.": 25, "Al.Dist. Der.": 35, "Ruta": 158 }, "geometry": { "type": "Point", "coordinates": [ -63.3897417, -32.47933 ] } },
{ "type": "Feature", "properties": { "Name": "174.36", "P.K.": null, "Al.Dist. Izq.": 25, "Al.Dist. Der.": 35, "Ruta": 158 }, "geometry": { "type": "Point", "coordinates": [ -63.3897417, -32.47933 ] } },
{ "type": "Feature", "properties": { "Name": "174.44", "P.K.": null, "Al.Dist. Izq.": 25, "Al.Dist. Der.": 35, "Ruta": 158 }, "geometry": { "type": "Point", "coordinates": [ -63.3903569, -32.4800119 ] } },
{ "type": "Feature", "properties": { "Name": "174.61", "P.K.": null, "Al.Dist. Izq.": 25, "Al.Dist. Der.": 35, "Ruta": 158 }, "geometry": { "type": "Point", "coordinates": [ -63.3918043, -32.4809718 ] } },
{ "type": "Feature", "properties": { "Name": "174.96", "P.K.": null, "Al.Dist. Izq.": 25, "Al.Dist. Der.": 35, "Ruta": 158 }, "geometry": { "type": "Point", "coordinates": [ -63.3950008, -32.4829578 ] } },
{ "type": "Feature", "properties": { "Name": "175", "P.K.": "PK175", "Al.Dist. Izq.": 25, "Al.Dist. Der.": 35, "Ruta": 158 }, "geometry": { "type": "Point", "coordinates": [ -63.3952673, -32.4831487 ] } },
{ "type": "Feature", "properties": { "Name": "175.22", "P.K.": null, "Al.Dist. Izq.": 25, "Al.Dist. Der.": 35, "Ruta": 158 }, "geometry": { "type": "Point", "coordinates": [ -63.39711, -32.4845 ] } },
{ "type": "Feature", "properties": { "Name": "175.33", "P.K.": null, "Al.Dist. Izq.": 25, "Al.Dist. Der.": 35, "Ruta": 158 }, "geometry": { "type": "Point", "coordinates": [ -63.3979072, -32.4851069 ] } },
{ "type": "Feature", "properties": { "Name": "175.35", "P.K.": null, "Al.Dist. Izq.": 25, "Al.Dist. Der.": 35, "Ruta": 158 }, "geometry": { "type": "Point", "coordinates": [ -63.39802, -32.4853 ] } },
{ "type": "Feature", "properties": { "Name": "175.41", "P.K.": null, "Al.Dist. Izq.": 25, "Al.Dist. Der.": 35, "Ruta": 158 }, "geometry": { "type": "Point", "coordinates": [ -63.39839, -32.48575 ] } },
{ "type": "Feature", "properties": { "Name": "175.44", "P.K.": null, "Al.Dist. Izq.": 25, "Al.Dist. Der.": 35, "Ruta": 158 }, "geometry": { "type": "Point", "coordinates": [ -63.3985489, -32.485941 ] } },
{ "type": "Feature", "properties": { "Name": "175.44", "P.K.": null, "Al.Dist. Izq.": 25, "Al.Dist. Der.": 35, "Ruta": 158 }, "geometry": { "type": "Point", "coordinates": [ -63.3985489, -32.485941 ] } },
{ "type": "Feature", "properties": { "Name": "175.49", "P.K.": null, "Al.Dist. Izq.": null, "Al.Dist. Der.": null, "Ruta": 158 }, "geometry": { "type": "Point", "coordinates": [ -63.3987891, -32.4863861 ] } },
{ "type": "Feature", "properties": { "Name": "175.56", "P.K.": null, "Al.Dist. Izq.": null, "Al.Dist. Der.": null, "Ruta": 158 }, "geometry": { "type": "Point", "coordinates": [ -63.39927, -32.48675 ] } },
{ "type": "Feature", "properties": { "Name": "175.62", "P.K.": null, "Al.Dist. Izq.": null, "Al.Dist. Der.": null, "Ruta": 158 }, "geometry": { "type": "Point", "coordinates": [ -63.3997517, -32.4871183 ] } },
{ "type": "Feature", "properties": { "Name": "175.62", "P.K.": null, "Al.Dist. Izq.": null, "Al.Dist. Der.": null, "Ruta": 158 }, "geometry": { "type": "Point", "coordinates": [ -63.3997517, -32.4871183 ] } },
{ "type": "Feature", "properties": { "Name": "175.68", "P.K.": null, "Al.Dist. Izq.": null, "Al.Dist. Der.": null, "Ruta": 158 }, "geometry": { "type": "Point", "coordinates": [ -63.4003099, -32.4875046 ] } },
{ "type": "Feature", "properties": { "Name": "175.8", "P.K.": null, "Al.Dist. Izq.": null, "Al.Dist. Der.": null, "Ruta": 158 }, "geometry": { "type": "Point", "coordinates": [ -63.4012447, -32.4881644 ] } },
{ "type": "Feature", "properties": { "Name": "175.92", "P.K.": null, "Al.Dist. Izq.": null, "Al.Dist. Der.": null, "Ruta": 158 }, "geometry": { "type": "Point", "coordinates": [ -63.4022408, -32.4888601 ] } },
{ "type": "Feature", "properties": { "Name": "176", "P.K.": "PK176", "Al.Dist. Izq.": null, "Al.Dist. Der.": null, "Ruta": 158 }, "geometry": { "type": "Point", "coordinates": [ -63.4029663, -32.4893205 ] } },
{ "type": "Feature", "properties": { "Name": "176.01", "P.K.": null, "Al.Dist. Izq.": null, "Al.Dist. Der.": null, "Ruta": 158 }, "geometry": { "type": "Point", "coordinates": [ -63.4031011, -32.4894368 ] } },
{ "type": "Feature", "properties": { "Name": "176.07", "P.K.": null, "Al.Dist. Izq.": null, "Al.Dist. Der.": null, "Ruta": 158 }, "geometry": { "type": "Point", "coordinates": [ -63.4040831, -32.4900776 ] } },
{ "type": "Feature", "properties": { "Name": "176.13", "P.K.": null, "Al.Dist. Izq.": null, "Al.Dist. Der.": null, "Ruta": 158 }, "geometry": { "type": "Point", "coordinates": [ -63.4050842, -32.4907682 ] } },
{ "type": "Feature", "properties": { "Name": "176.16", "P.K.": null, "Al.Dist. Izq.": null, "Al.Dist. Der.": null, "Ruta": 158 }, "geometry": { "type": "Point", "coordinates": [ -63.4055934, -32.4910334 ] } },
{ "type": "Feature", "properties": { "Name": "176.16", "P.K.": null, "Al.Dist. Izq.": 25, "Al.Dist. Der.": 35, "Ruta": 158 }, "geometry": { "type": "Point", "coordinates": [ -63.4055934, -32.4910334 ] } },
{ "type": "Feature", "properties": { "Name": "176.17", "P.K.": null, "Al.Dist. Izq.": 25, "Al.Dist. Der.": 35, "Ruta": 158 }, "geometry": { "type": "Point", "coordinates": [ -63.4058936, -32.4910224 ] } },
{ "type": "Feature", "properties": { "Name": "176.18", "P.K.": null, "Al.Dist. Izq.": 25, "Al.Dist. Der.": 35, "Ruta": 158 }, "geometry": { "type": "Point", "coordinates": [ -63.4057491, -32.4913264 ] } },
{ "type": "Feature", "properties": { "Name": "176.19", "P.K.": null, "Al.Dist. Izq.": 25, "Al.Dist. Der.": 35, "Ruta": 158 }, "geometry": { "type": "Point", "coordinates": [ -63.4060327, -32.4914362 ] } },
{ "type": "Feature", "properties": { "Name": "176.19", "P.K.": null, "Al.Dist. Izq.": 25, "Al.Dist. Der.": 35, "Ruta": 158 }, "geometry": { "type": "Point", "coordinates": [ -63.4060327, -32.4914362 ] } },
{ "type": "Feature", "properties": { "Name": "176.2", "P.K.": null, "Al.Dist. Izq.": 25, "Al.Dist. Der.": 35, "Ruta": 158 }, "geometry": { "type": "Point", "coordinates": [ -63.4061327, -32.4915459 ] } },
{ "type": "Feature", "properties": { "Name": "176.26", "P.K.": null, "Al.Dist. Izq.": 25, "Al.Dist. Der.": 35, "Ruta": 158 }, "geometry": { "type": "Point", "coordinates": [ -63.40739, -32.49192 ] } },
{ "type": "Feature", "properties": { "Name": "176.28", "P.K.": null, "Al.Dist. Izq.": 25, "Al.Dist. Der.": 35, "Ruta": 158 }, "geometry": { "type": "Point", "coordinates": [ -63.40781, -32.49207 ] } },
{ "type": "Feature", "properties": { "Name": "176.29", "P.K.": null, "Al.Dist. Izq.": 25, "Al.Dist. Der.": 35, "Ruta": 158 }, "geometry": { "type": "Point", "coordinates": [ -63.4079408, -32.4920119 ] } },
{ "type": "Feature", "properties": { "Name": "176.31", "P.K.": null, "Al.Dist. Izq.": 25, "Al.Dist. Der.": 35, "Ruta": 158 }, "geometry": { "type": "Point", "coordinates": [ -63.4083971, -32.4923049 ] } },
{ "type": "Feature", "properties": { "Name": "176.38", "P.K.": null, "Al.Dist. Izq.": 25, "Al.Dist. Der.": 35, "Ruta": 158 }, "geometry": { "type": "Point", "coordinates": [ -63.40962, -32.49294 ] } },
{ "type": "Feature", "properties": { "Name": "176.43", "P.K.": null, "Al.Dist. Izq.": 25, "Al.Dist. Der.": 35, "Ruta": 158 }, "geometry": { "type": "Point", "coordinates": [ -63.4104134, -32.4934515 ] } },
{ "type": "Feature", "properties": { "Name": "176.7", "P.K.": null, "Al.Dist. Izq.": 25, "Al.Dist. Der.": 35, "Ruta": 158 }, "geometry": { "type": "Point", "coordinates": [ -63.4149246, -32.4963468 ] } },
{ "type": "Feature", "properties": { "Name": "176.82", "P.K.": null, "Al.Dist. Izq.": 25, "Al.Dist. Der.": 35, "Ruta": 158 }, "geometry": { "type": "Point", "coordinates": [ -63.416768, -32.497832 ] } },
{ "type": "Feature", "properties": { "Name": "176.83", "P.K.": null, "Al.Dist. Izq.": 25, "Al.Dist. Der.": 35, "Ruta": 158 }, "geometry": { "type": "Point", "coordinates": [ -63.4169678, -32.4980627 ] } },
{ "type": "Feature", "properties": { "Name": "176.93", "P.K.": null, "Al.Dist. Izq.": 25, "Al.Dist. Der.": 35, "Ruta": 158 }, "geometry": { "type": "Point", "coordinates": [ -63.418637, -32.499099 ] } },
{ "type": "Feature", "properties": { "Name": "177", "P.K.": "PK177", "Al.Dist. Izq.": 25, "Al.Dist. Der.": 35, "Ruta": 158 }, "geometry": { "type": "Point", "coordinates": [ -63.4197516, -32.4999677 ] } },
{ "type": "Feature", "properties": { "Name": "177.29", "P.K.": null, "Al.Dist. Izq.": 25, "Al.Dist. Der.": 35, "Ruta": 158 }, "geometry": { "type": "Point", "coordinates": [ -63.420974, -32.500737 ] } },
{ "type": "Feature", "properties": { "Name": "179", "P.K.": "PK179", "Al.Dist. Izq.": 25, "Al.Dist. Der.": 35, "Ruta": 158 }, "geometry": { "type": "Point", "coordinates": [ -63.4282941, -32.5055536 ] } },
{ "type": "Feature", "properties": { "Name": "179.02", "P.K.": null, "Al.Dist. Izq.": 25, "Al.Dist. Der.": 35, "Ruta": 158 }, "geometry": { "type": "Point", "coordinates": [ -63.4282612, -32.5058879 ] } },
{ "type": "Feature", "properties": { "Name": "180.14", "P.K.": null, "Al.Dist. Izq.": 25, "Al.Dist. Der.": 35, "Ruta": 158 }, "geometry": { "type": "Point", "coordinates": [ -63.4384409, -32.5128407 ] } },
{ "type": "Feature", "properties": { "Name": "180.66", "P.K.": null, "Al.Dist. Izq.": 25, "Al.Dist. Der.": 35, "Ruta": 158 }, "geometry": { "type": "Point", "coordinates": [ -63.4433989, -32.5158741 ] } },
{ "type": "Feature", "properties": { "Name": "180.68", "P.K.": null, "Al.Dist. Izq.": 25, "Al.Dist. Der.": 35, "Ruta": 158 }, "geometry": { "type": "Point", "coordinates": [ -63.4433905, -32.5161209 ] } },
{ "type": "Feature", "properties": { "Name": "181.4", "P.K.": null, "Al.Dist. Izq.": 25, "Al.Dist. Der.": 35, "Ruta": 158 }, "geometry": { "type": "Point", "coordinates": [ -63.4499357, -32.5205498 ] } },
{ "type": "Feature", "properties": { "Name": "182.19", "P.K.": null, "Al.Dist. Izq.": 25, "Al.Dist. Der.": 35, "Ruta": 158 }, "geometry": { "type": "Point", "coordinates": [ -63.45704, -32.5255787 ] } },
{ "type": "Feature", "properties": { "Name": "182.32", "P.K.": null, "Al.Dist. Izq.": 25, "Al.Dist. Der.": 35, "Ruta": 158 }, "geometry": { "type": "Point", "coordinates": [ -63.4581796, -32.5263109 ] } },
{ "type": "Feature", "properties": { "Name": "182.58", "P.K.": null, "Al.Dist. Izq.": 25, "Al.Dist. Der.": 35, "Ruta": 158 }, "geometry": { "type": "Point", "coordinates": [ -63.4605285, -32.52804 ] } },
{ "type": "Feature", "properties": { "Name": "183", "P.K.": "PK183", "Al.Dist. Izq.": 25, "Al.Dist. Der.": 35, "Ruta": 158 }, "geometry": { "type": "Point", "coordinates": [ -63.4644958, -32.5304668 ] } },
{ "type": "Feature", "properties": { "Name": "183.35", "P.K.": null, "Al.Dist. Izq.": 25, "Al.Dist. Der.": 35, "Ruta": 158 }, "geometry": { "type": "Point", "coordinates": [ -63.468156, -32.5331191 ] } },
{ "type": "Feature", "properties": { "Name": "183.5", "P.K.": null, "Al.Dist. Izq.": 25, "Al.Dist. Der.": 35, "Ruta": 158 }, "geometry": { "type": "Point", "coordinates": [ -63.4698562, -32.5341829 ] } },
{ "type": "Feature", "properties": { "Name": "183.5", "P.K.": null, "Al.Dist. Izq.": 25, "Al.Dist. Der.": 35, "Ruta": 158 }, "geometry": { "type": "Point", "coordinates": [ -63.4698562, -32.5341829 ] } },
{ "type": "Feature", "properties": { "Name": "183.68", "P.K.": null, "Al.Dist. Izq.": 25, "Al.Dist. Der.": 35, "Ruta": 158 }, "geometry": { "type": "Point", "coordinates": [ -63.47153, -32.53562 ] } },
{ "type": "Feature", "properties": { "Name": "183.72", "P.K.": null, "Al.Dist. Izq.": 25, "Al.Dist. Der.": 35, "Ruta": 158 }, "geometry": { "type": "Point", "coordinates": [ -63.4719477, -32.5359327 ] } },
{ "type": "Feature", "properties": { "Name": "183.79", "P.K.": null, "Al.Dist. Izq.": 25, "Al.Dist. Der.": 35, "Ruta": 158 }, "geometry": { "type": "Point", "coordinates": [ -63.47253, -32.53662 ] } },
{ "type": "Feature", "properties": { "Name": "183.83", "P.K.": null, "Al.Dist. Izq.": 25, "Al.Dist. Der.": 35, "Ruta": 158 }, "geometry": { "type": "Point", "coordinates": [ -63.4730316, -32.5369039 ] } },
{ "type": "Feature", "properties": { "Name": "183.93", "P.K.": null, "Al.Dist. Izq.": 25, "Al.Dist. Der.": 35, "Ruta": 158 }, "geometry": { "type": "Point", "coordinates": [ -63.4739734, -32.5376747 ] } },
{ "type": "Feature", "properties": { "Name": "183.96", "P.K.": null, "Al.Dist. Izq.": 25, "Al.Dist. Der.": 35, "Ruta": 158 }, "geometry": { "type": "Point", "coordinates": [ -63.47417, -32.53802 ] } },
{ "type": "Feature", "properties": { "Name": "183.99", "P.K.": null, "Al.Dist. Izq.": 25, "Al.Dist. Der.": 35, "Ruta": 158 }, "geometry": { "type": "Point", "coordinates": [ -63.4744639, -32.5383042 ] } },
{ "type": "Feature", "properties": { "Name": "184.01", "P.K.": null, "Al.Dist. Izq.": 25, "Al.Dist. Der.": 35, "Ruta": 158 }, "geometry": { "type": "Point", "coordinates": [ -63.4746953, -32.5385396 ] } },
{ "type": "Feature", "properties": { "Name": "184.1", "P.K.": null, "Al.Dist. Izq.": null, "Al.Dist. Der.": null, "Ruta": 158 }, "geometry": { "type": "Point", "coordinates": [ -63.4756803, -32.5391869 ] } },
{ "type": "Feature", "properties": { "Name": "184.2", "P.K.": null, "Al.Dist. Izq.": null, "Al.Dist. Der.": null, "Ruta": 158 }, "geometry": { "type": "Point", "coordinates": [ -63.4766285, -32.5399008 ] } },
{ "type": "Feature", "properties": { "Name": "184.28", "P.K.": null, "Al.Dist. Izq.": null, "Al.Dist. Der.": null, "Ruta": 158 }, "geometry": { "type": "Point", "coordinates": [ -63.4776175, -32.5404712 ] } },
{ "type": "Feature", "properties": { "Name": "184.37", "P.K.": null, "Al.Dist. Izq.": null, "Al.Dist. Der.": null, "Ruta": 158 }, "geometry": { "type": "Point", "coordinates": [ -63.4785362, -32.5411806 ] } },
{ "type": "Feature", "properties": { "Name": "184.55", "P.K.": null, "Al.Dist. Izq.": null, "Al.Dist. Der.": null, "Ruta": 158 }, "geometry": { "type": "Point", "coordinates": [ -63.480569, -32.5423827 ] } },
{ "type": "Feature", "properties": { "Name": "184.59", "P.K.": null, "Al.Dist. Izq.": null, "Al.Dist. Der.": null, "Ruta": 158 }, "geometry": { "type": "Point", "coordinates": [ -63.4809767, -32.5426278 ] } },
{ "type": "Feature", "properties": { "Name": "184.59", "P.K.": null, "Al.Dist. Izq.": 25, "Al.Dist. Der.": 35, "Ruta": 158 }, "geometry": { "type": "Point", "coordinates": [ -63.4809767, -32.5426278 ] } },
{ "type": "Feature", "properties": { "Name": "184.61", "P.K.": null, "Al.Dist. Izq.": 25, "Al.Dist. Der.": 35, "Ruta": 158 }, "geometry": { "type": "Point", "coordinates": [ -63.48118, -32.54285 ] } },
{ "type": "Feature", "properties": { "Name": "184.78", "P.K.": null, "Al.Dist. Izq.": 25, "Al.Dist. Der.": 35, "Ruta": 158 }, "geometry": { "type": "Point", "coordinates": [ -63.48318, -32.54379 ] } },
{ "type": "Feature", "properties": { "Name": "184.8", "P.K.": null, "Al.Dist. Izq.": 25, "Al.Dist. Der.": 35, "Ruta": 158 }, "geometry": { "type": "Point", "coordinates": [ -63.48348, -32.54387 ] } },
{ "type": "Feature", "properties": { "Name": "184.87", "P.K.": null, "Al.Dist. Izq.": 25, "Al.Dist. Der.": 35, "Ruta": 158 }, "geometry": { "type": "Point", "coordinates": [ -63.4842872, -32.5442489 ] } },
{ "type": "Feature", "properties": { "Name": "184.92", "P.K.": null, "Al.Dist. Izq.": 25, "Al.Dist. Der.": 35, "Ruta": 158 }, "geometry": { "type": "Point", "coordinates": [ -63.4848122, -32.5446559 ] } },
{ "type": "Feature", "properties": { "Name": "184.95", "P.K.": null, "Al.Dist. Izq.": 25, "Al.Dist. Der.": 35, "Ruta": 158 }, "geometry": { "type": "Point", "coordinates": [ -63.48516, -32.54469 ] } },
{ "type": "Feature", "properties": { "Name": "185", "P.K.": "PK185", "Al.Dist. Izq.": 25, "Al.Dist. Der.": 35, "Ruta": 158 }, "geometry": { "type": "Point", "coordinates": [ -63.4856709, -32.545155 ] } },
{ "type": "Feature", "properties": { "Name": "185.08", "P.K.": null, "Al.Dist. Izq.": 25, "Al.Dist. Der.": 35, "Ruta": 158 }, "geometry": { "type": "Point", "coordinates": [ -63.4860658, -32.5454111 ] } },
{ "type": "Feature", "properties": { "Name": "185.26", "P.K.": null, "Al.Dist. Izq.": 25, "Al.Dist. Der.": 35, "Ruta": 158 }, "geometry": { "type": "Point", "coordinates": [ -63.4868155, -32.5459557 ] } },
{ "type": "Feature", "properties": { "Name": "186.56", "P.K.": null, "Al.Dist. Izq.": 25, "Al.Dist. Der.": 35, "Ruta": 158 }, "geometry": { "type": "Point", "coordinates": [ -63.4921316, -32.5495057 ] } },
{ "type": "Feature", "properties": { "Name": "186.82", "P.K.": null, "Al.Dist. Izq.": 25, "Al.Dist. Der.": 35, "Ruta": 158 }, "geometry": { "type": "Point", "coordinates": [ -63.4931117, -32.5502636 ] } },
{ "type": "Feature", "properties": { "Name": "187", "P.K.": "PK187", "Al.Dist. Izq.": 25, "Al.Dist. Der.": 35, "Ruta": 158 }, "geometry": { "type": "Point", "coordinates": [ -63.4939824, -32.5506542 ] } },
{ "type": "Feature", "properties": { "Name": "187.76", "P.K.": null, "Al.Dist. Izq.": 25, "Al.Dist. Der.": 35, "Ruta": 158 }, "geometry": { "type": "Point", "coordinates": [ -63.5002893, -32.5550784 ] } },
{ "type": "Feature", "properties": { "Name": "188.54", "P.K.": null, "Al.Dist. Izq.": 25, "Al.Dist. Der.": 35, "Ruta": 158 }, "geometry": { "type": "Point", "coordinates": [ -63.5069032, -32.5595902 ] } },
{ "type": "Feature", "properties": { "Name": "188.67", "P.K.": null, "Al.Dist. Izq.": 25, "Al.Dist. Der.": 35, "Ruta": 158 }, "geometry": { "type": "Point", "coordinates": [ -63.5078075, -32.5604834 ] } },
{ "type": "Feature", "properties": { "Name": "189", "P.K.": "PK189", "Al.Dist. Izq.": 25, "Al.Dist. Der.": 35, "Ruta": 158 }, "geometry": { "type": "Point", "coordinates": [ -63.5108303, -32.5620975 ] } },
{ "type": "Feature", "properties": { "Name": "189.49", "P.K.": null, "Al.Dist. Izq.": 25, "Al.Dist. Der.": 35, "Ruta": 158 }, "geometry": { "type": "Point", "coordinates": [ -63.5146947, -32.5650433 ] } },
{ "type": "Feature", "properties": { "Name": "189.81", "P.K.": null, "Al.Dist. Izq.": 25, "Al.Dist. Der.": 35, "Ruta": 158 }, "geometry": { "type": "Point", "coordinates": [ -63.517224, -32.5667779 ] } },
{ "type": "Feature", "properties": { "Name": "189.9", "P.K.": null, "Al.Dist. Izq.": 25, "Al.Dist. Der.": 35, "Ruta": 158 }, "geometry": { "type": "Point", "coordinates": [ -63.5179093, -32.5671981 ] } },
{ "type": "Feature", "properties": { "Name": "189.95", "P.K.": null, "Al.Dist. Izq.": 25, "Al.Dist. Der.": 35, "Ruta": 158 }, "geometry": { "type": "Point", "coordinates": [ -63.5184528, -32.5674148 ] } },
{ "type": "Feature", "properties": { "Name": "189.96", "P.K.": null, "Al.Dist. Izq.": 25, "Al.Dist. Der.": 35, "Ruta": 158 }, "geometry": { "type": "Point", "coordinates": [ -63.518447, -32.56753 ] } },
{ "type": "Feature", "properties": { "Name": "190", "P.K.": "PK190", "Al.Dist. Izq.": 25, "Al.Dist. Der.": 35, "Ruta": 158 }, "geometry": { "type": "Point", "coordinates": [ -63.5187415, -32.5677767 ] } },
{ "type": "Feature", "properties": { "Name": "191", "P.K.": "PK191", "Al.Dist. Izq.": 25, "Al.Dist. Der.": 35, "Ruta": 158 }, "geometry": { "type": "Point", "coordinates": [ -63.5272639, -32.5733983 ] } },
{ "type": "Feature", "properties": { "Name": "191.23", "P.K.": null, "Al.Dist. Izq.": 25, "Al.Dist. Der.": 35, "Ruta": 158 }, "geometry": { "type": "Point", "coordinates": [ -63.5292296, -32.5748474 ] } },
{ "type": "Feature", "properties": { "Name": "191.83", "P.K.": null, "Al.Dist. Izq.": 25, "Al.Dist. Der.": 35, "Ruta": 158 }, "geometry": { "type": "Point", "coordinates": [ -63.5344277, -32.5782863 ] } },
{ "type": "Feature", "properties": { "Name": "192", "P.K.": "PK192", "Al.Dist. Izq.": 25, "Al.Dist. Der.": 35, "Ruta": 158 }, "geometry": { "type": "Point", "coordinates": [ -63.5357303, -32.5793441 ] } },
{ "type": "Feature", "properties": { "Name": "192.59", "P.K.": null, "Al.Dist. Izq.": 25, "Al.Dist. Der.": 35, "Ruta": 158 }, "geometry": { "type": "Point", "coordinates": [ -63.5406149, -32.5826134 ] } },
{ "type": "Feature", "properties": { "Name": "193.32", "P.K.": null, "Al.Dist. Izq.": 25, "Al.Dist. Der.": 35, "Ruta": 158 }, "geometry": { "type": "Point", "coordinates": [ -63.546504, -32.5867209 ] } },
{ "type": "Feature", "properties": { "Name": "193.33", "P.K.": null, "Al.Dist. Izq.": 25, "Al.Dist. Der.": 35, "Ruta": 158 }, "geometry": { "type": "Point", "coordinates": [ -63.5466117, -32.5867975 ] } },
{ "type": "Feature", "properties": { "Name": "193.39", "P.K.": null, "Al.Dist. Izq.": 25, "Al.Dist. Der.": 35, "Ruta": 158 }, "geometry": { "type": "Point", "coordinates": [ -63.5471096, -32.5870758 ] } },
{ "type": "Feature", "properties": { "Name": "193.73", "P.K.": null, "Al.Dist. Izq.": 25, "Al.Dist. Der.": 35, "Ruta": 158 }, "geometry": { "type": "Point", "coordinates": [ -63.5499707, -32.5890067 ] } },
{ "type": "Feature", "properties": { "Name": "194.34", "P.K.": null, "Al.Dist. Izq.": 25, "Al.Dist. Der.": 35, "Ruta": 158 }, "geometry": { "type": "Point", "coordinates": [ -63.5549769, -32.5924277 ] } },
{ "type": "Feature", "properties": { "Name": "194.35", "P.K.": null, "Al.Dist. Izq.": 25, "Al.Dist. Der.": 35, "Ruta": 158 }, "geometry": { "type": "Point", "coordinates": [ -63.5551233, -32.5923088 ] } },
{ "type": "Feature", "properties": { "Name": "194.83", "P.K.": null, "Al.Dist. Izq.": 25, "Al.Dist. Der.": 35, "Ruta": 158 }, "geometry": { "type": "Point", "coordinates": [ -63.5588714, -32.5951098 ] } },
{ "type": "Feature", "properties": { "Name": "195.15", "P.K.": null, "Al.Dist. Izq.": 25, "Al.Dist. Der.": 35, "Ruta": 158 }, "geometry": { "type": "Point", "coordinates": [ -63.5615264, -32.597075 ] } },
{ "type": "Feature", "properties": { "Name": "195.34", "P.K.": null, "Al.Dist. Izq.": 25, "Al.Dist. Der.": 35, "Ruta": 158 }, "geometry": { "type": "Point", "coordinates": [ -63.562999, -32.5980243 ] } },
{ "type": "Feature", "properties": { "Name": "195.42", "P.K.": null, "Al.Dist. Izq.": 25, "Al.Dist. Der.": 35, "Ruta": 158 }, "geometry": { "type": "Point", "coordinates": [ -63.5637061, -32.598481 ] } },
{ "type": "Feature", "properties": { "Name": "195.65", "P.K.": null, "Al.Dist. Izq.": 25, "Al.Dist. Der.": 35, "Ruta": 158 }, "geometry": { "type": "Point", "coordinates": [ -63.5656757, -32.5997368 ] } },
{ "type": "Feature", "properties": { "Name": "195.69", "P.K.": null, "Al.Dist. Izq.": 25, "Al.Dist. Der.": 35, "Ruta": 158 }, "geometry": { "type": "Point", "coordinates": [ -63.5659001, -32.5999933 ] } },
{ "type": "Feature", "properties": { "Name": "195.79", "P.K.": null, "Al.Dist. Izq.": 25, "Al.Dist. Der.": 35, "Ruta": 158 }, "geometry": { "type": "Point", "coordinates": [ -63.5667634, -32.6005752 ] } },
{ "type": "Feature", "properties": { "Name": "195.79", "P.K.": null, "Al.Dist. Izq.": 25, "Al.Dist. Der.": 35, "Ruta": 158 }, "geometry": { "type": "Point", "coordinates": [ -63.5667634, -32.6005752 ] } },
{ "type": "Feature", "properties": { "Name": "195.8", "P.K.": null, "Al.Dist. Izq.": 25, "Al.Dist. Der.": 35, "Ruta": 158 }, "geometry": { "type": "Point", "coordinates": [ -63.5668466, -32.6006263 ] } },
{ "type": "Feature", "properties": { "Name": "195.86", "P.K.": null, "Al.Dist. Izq.": 25, "Al.Dist. Der.": 35, "Ruta": 158 }, "geometry": { "type": "Point", "coordinates": [ -63.5674316, -32.6008686 ] } },
{ "type": "Feature", "properties": { "Name": "195.91", "P.K.": null, "Al.Dist. Izq.": 25, "Al.Dist. Der.": 35, "Ruta": 158 }, "geometry": { "type": "Point", "coordinates": [ -63.5677934, -32.6012669 ] } },
{ "type": "Feature", "properties": { "Name": "195.91", "P.K.": null, "Al.Dist. Izq.": 25, "Al.Dist. Der.": 35, "Ruta": 158 }, "geometry": { "type": "Point", "coordinates": [ -63.5677934, -32.6012669 ] } },
{ "type": "Feature", "properties": { "Name": "196.04", "P.K.": null, "Al.Dist. Izq.": 25, "Al.Dist. Der.": 35, "Ruta": 158 }, "geometry": { "type": "Point", "coordinates": [ -63.5686883, -32.6019773 ] } },
{ "type": "Feature", "properties": { "Name": "196.05", "P.K.": null, "Al.Dist. Izq.": 25, "Al.Dist. Der.": 35, "Ruta": 158 }, "geometry": { "type": "Point", "coordinates": [ -63.5688757, -32.6018408 ] } },
{ "type": "Feature", "properties": { "Name": "196.14", "P.K.": null, "Al.Dist. Izq.": 25, "Al.Dist. Der.": 35, "Ruta": 158 }, "geometry": { "type": "Point", "coordinates": [ -63.5696114, -32.6024038 ] } },
{ "type": "Feature", "properties": { "Name": "196.16", "P.K.": null, "Al.Dist. Izq.": 25, "Al.Dist. Der.": 35, "Ruta": 158 }, "geometry": { "type": "Point", "coordinates": [ -63.5697414, -32.6025338 ] } },
{ "type": "Feature", "properties": { "Name": "196.4", "P.K.": null, "Al.Dist. Izq.": 25, "Al.Dist. Der.": 35, "Ruta": 158 }, "geometry": { "type": "Point", "coordinates": [ -63.5717011, -32.604034 ] } },
{ "type": "Feature", "properties": { "Name": "196.43", "P.K.": null, "Al.Dist. Izq.": 25, "Al.Dist. Der.": 35, "Ruta": 158 }, "geometry": { "type": "Point", "coordinates": [ -63.5720055, -32.6040044 ] } },
{ "type": "Feature", "properties": { "Name": "196.58", "P.K.": null, "Al.Dist. Izq.": 25, "Al.Dist. Der.": 35, "Ruta": 158 }, "geometry": { "type": "Point", "coordinates": [ -63.5731786, -32.6049729 ] } },
{ "type": "Feature", "properties": { "Name": "196.69", "P.K.": null, "Al.Dist. Izq.": 25, "Al.Dist. Der.": 35, "Ruta": 158 }, "geometry": { "type": "Point", "coordinates": [ -63.5740745, -32.6054366 ] } },
{ "type": "Feature", "properties": { "Name": "196.75", "P.K.": null, "Al.Dist. Izq.": 25, "Al.Dist. Der.": 35, "Ruta": 158 }, "geometry": { "type": "Point", "coordinates": [ -63.57456, -32.60584 ] } },
{ "type": "Feature", "properties": { "Name": "196.76", "P.K.": null, "Al.Dist. Izq.": 25, "Al.Dist. Der.": 35, "Ruta": 158 }, "geometry": { "type": "Point", "coordinates": [ -63.5746381, -32.6059828 ] } },
{ "type": "Feature", "properties": { "Name": "196.92", "P.K.": null, "Al.Dist. Izq.": 25, "Al.Dist. Der.": 35, "Ruta": 158 }, "geometry": { "type": "Point", "coordinates": [ -63.5759197, -32.6068234 ] } },
{ "type": "Feature", "properties": { "Name": "197", "P.K.": "PK197", "Al.Dist. Izq.": 25, "Al.Dist. Der.": 35, "Ruta": 158 }, "geometry": { "type": "Point", "coordinates": [ -63.5762232, -32.6076128 ] } },
{ "type": "Feature", "properties": { "Name": "197.03", "P.K.": null, "Al.Dist. Izq.": 25, "Al.Dist. Der.": 35, "Ruta": 158 }, "geometry": { "type": "Point", "coordinates": [ -63.5763346, -32.6079279 ] } },
{ "type": "Feature", "properties": { "Name": "197.04", "P.K.": null, "Al.Dist. Izq.": 25, "Al.Dist. Der.": 35, "Ruta": 158 }, "geometry": { "type": "Point", "coordinates": [ -63.5763178, -32.6082745 ] } },
{ "type": "Feature", "properties": { "Name": "197.05", "P.K.": null, "Al.Dist. Izq.": 25, "Al.Dist. Der.": 35, "Ruta": 158 }, "geometry": { "type": "Point", "coordinates": [ -63.5763433, -32.6086411 ] } },
{ "type": "Feature", "properties": { "Name": "197.06", "P.K.": null, "Al.Dist. Izq.": 25, "Al.Dist. Der.": 35, "Ruta": 158 }, "geometry": { "type": "Point", "coordinates": [ -63.5766561, -32.6081516 ] } },
{ "type": "Feature", "properties": { "Name": "197.07", "P.K.": null, "Al.Dist. Izq.": 25, "Al.Dist. Der.": 35, "Ruta": 158 }, "geometry": { "type": "Point", "coordinates": [ -63.5768147, -32.6079234 ] } },
{ "type": "Feature", "properties": { "Name": "197.07", "P.K.": null, "Al.Dist. Izq.": null, "Al.Dist. Der.": null, "Ruta": 158 }, "geometry": { "type": "Point", "coordinates": [ -63.5768147, -32.6079234 ] } },
{ "type": "Feature", "properties": { "Name": "197.1", "P.K.": null, "Al.Dist. Izq.": null, "Al.Dist. Der.": null, "Ruta": 158 }, "geometry": { "type": "Point", "coordinates": [ -63.5770175, -32.6081251 ] } },
{ "type": "Feature", "properties": { "Name": "197.13", "P.K.": null, "Al.Dist. Izq.": null, "Al.Dist. Der.": null, "Ruta": 158 }, "geometry": { "type": "Point", "coordinates": [ -63.5771228, -32.608401 ] } },
{ "type": "Feature", "properties": { "Name": "197.21", "P.K.": null, "Al.Dist. Izq.": null, "Al.Dist. Der.": null, "Ruta": 158 }, "geometry": { "type": "Point", "coordinates": [ -63.57806, -32.60868 ] } },
{ "type": "Feature", "properties": { "Name": "197.24", "P.K.": null, "Al.Dist. Izq.": null, "Al.Dist. Der.": null, "Ruta": 158 }, "geometry": { "type": "Point", "coordinates": [ -63.5782275, -32.6090229 ] } },
{ "type": "Feature", "properties": { "Name": "197.27", "P.K.": null, "Al.Dist. Izq.": null, "Al.Dist. Der.": null, "Ruta": 158 }, "geometry": { "type": "Point", "coordinates": [ -63.5786108, -32.6089841 ] } },
{ "type": "Feature", "properties": { "Name": "197.4", "P.K.": null, "Al.Dist. Izq.": null, "Al.Dist. Der.": null, "Ruta": 158 }, "geometry": { "type": "Point", "coordinates": [ -63.5795056, -32.6098437 ] } },
{ "type": "Feature", "properties": { "Name": "197.53", "P.K.": null, "Al.Dist. Izq.": null, "Al.Dist. Der.": null, "Ruta": 158 }, "geometry": { "type": "Point", "coordinates": [ -63.580671, -32.610696 ] } },
{ "type": "Feature", "properties": { "Name": "197.67", "P.K.": null, "Al.Dist. Izq.": null, "Al.Dist. Der.": null, "Ruta": 158 }, "geometry": { "type": "Point", "coordinates": [ -63.5818351, -32.6114133 ] } },
{ "type": "Feature", "properties": { "Name": "197.83", "P.K.": null, "Al.Dist. Izq.": null, "Al.Dist. Der.": null, "Ruta": 158 }, "geometry": { "type": "Point", "coordinates": [ -63.5832097, -32.6123993 ] } },
{ "type": "Feature", "properties": { "Name": "197.85", "P.K.": null, "Al.Dist. Izq.": null, "Al.Dist. Der.": null, "Ruta": 158 }, "geometry": { "type": "Point", "coordinates": [ -63.5835581, -32.6123824 ] } },
{ "type": "Feature", "properties": { "Name": "197.85", "P.K.": null, "Al.Dist. Izq.": 35, "Al.Dist. Der.": 25, "Ruta": 158 }, "geometry": { "type": "Point", "coordinates": [ -63.5835581, -32.6123824 ] } },
{ "type": "Feature", "properties": { "Name": "197.92", "P.K.": null, "Al.Dist. Izq.": 35, "Al.Dist. Der.": 25, "Ruta": 158 }, "geometry": { "type": "Point", "coordinates": [ -63.5840496, -32.612852 ] } },
{ "type": "Feature", "properties": { "Name": "198", "P.K.": "PK198", "Al.Dist. Izq.": 35, "Al.Dist. Der.": 25, "Ruta": 158 }, "geometry": { "type": "Point", "coordinates": [ -63.5847732, -32.6133075 ] } },
{ "type": "Feature", "properties": { "Name": "198.04", "P.K.": null, "Al.Dist. Izq.": 35, "Al.Dist. Der.": 25, "Ruta": 158 }, "geometry": { "type": "Point", "coordinates": [ -63.5851007, -32.6134233 ] } },
{ "type": "Feature", "properties": { "Name": "198.14", "P.K.": null, "Al.Dist. Izq.": 35, "Al.Dist. Der.": 25, "Ruta": 158 }, "geometry": { "type": "Point", "coordinates": [ -63.5859878, -32.6141649 ] } },
{ "type": "Feature", "properties": { "Name": "198.15", "P.K.": null, "Al.Dist. Izq.": 35, "Al.Dist. Der.": 25, "Ruta": 158 }, "geometry": { "type": "Point", "coordinates": [ -63.5860549, -32.6142101 ] } },
{ "type": "Feature", "properties": { "Name": "198.2", "P.K.": null, "Al.Dist. Izq.": 35, "Al.Dist. Der.": 25, "Ruta": 158 }, "geometry": { "type": "Point", "coordinates": [ -63.5865176, -32.614401 ] } },
{ "type": "Feature", "properties": { "Name": "198.63", "P.K.": null, "Al.Dist. Izq.": 35, "Al.Dist. Der.": 25, "Ruta": 158 }, "geometry": { "type": "Point", "coordinates": [ -63.590276, -32.6169683 ] } },
{ "type": "Feature", "properties": { "Name": "198.68", "P.K.": null, "Al.Dist. Izq.": 35, "Al.Dist. Der.": 25, "Ruta": 158 }, "geometry": { "type": "Point", "coordinates": [ -63.5905134, -32.6173922 ] } },
{ "type": "Feature", "properties": { "Name": "198.74", "P.K.": null, "Al.Dist. Izq.": 35, "Al.Dist. Der.": 25, "Ruta": 158 }, "geometry": { "type": "Point", "coordinates": [ -63.5912054, -32.6175955 ] } },
{ "type": "Feature", "properties": { "Name": "198.85", "P.K.": null, "Al.Dist. Izq.": 35, "Al.Dist. Der.": 25, "Ruta": 158 }, "geometry": { "type": "Point", "coordinates": [ -63.59202, -32.61825 ] } },
{ "type": "Feature", "properties": { "Name": "198.87", "P.K.": null, "Al.Dist. Izq.": 35, "Al.Dist. Der.": 25, "Ruta": 158 }, "geometry": { "type": "Point", "coordinates": [ -63.5923229, -32.6181829 ] } },
{ "type": "Feature", "properties": { "Name": "198.95", "P.K.": null, "Al.Dist. Izq.": 35, "Al.Dist. Der.": 25, "Ruta": 158 }, "geometry": { "type": "Point", "coordinates": [ -63.5931403, -32.618687 ] } },
{ "type": "Feature", "properties": { "Name": "198.96", "P.K.": null, "Al.Dist. Izq.": 35, "Al.Dist. Der.": 25, "Ruta": 158 }, "geometry": { "type": "Point", "coordinates": [ -63.5931892, -32.618872 ] } },
{ "type": "Feature", "properties": { "Name": "199", "P.K.": "PK199", "Al.Dist. Izq.": 35, "Al.Dist. Der.": 25, "Ruta": 158 }, "geometry": { "type": "Point", "coordinates": [ -63.5936379, -32.6187351 ] } },
{ "type": "Feature", "properties": { "Name": "199.09", "P.K.": null, "Al.Dist. Izq.": 35, "Al.Dist. Der.": 25, "Ruta": 158 }, "geometry": { "type": "Point", "coordinates": [ -63.59436, -32.61923 ] } },
{ "type": "Feature", "properties": { "Name": "199.1", "P.K.": null, "Al.Dist. Izq.": 35, "Al.Dist. Der.": 25, "Ruta": 158 }, "geometry": { "type": "Point", "coordinates": [ -63.5944546, -32.6193857 ] } },
{ "type": "Feature", "properties": { "Name": "199.1", "P.K.": null, "Al.Dist. Izq.": 35, "Al.Dist. Der.": 15, "Ruta": 158 }, "geometry": { "type": "Point", "coordinates": [ -63.5944546, -32.6193857 ] } },
{ "type": "Feature", "properties": { "Name": "199.39", "P.K.": null, "Al.Dist. Izq.": 35, "Al.Dist. Der.": 15, "Ruta": 158 }, "geometry": { "type": "Point", "coordinates": [ -63.5967643, -32.6208665 ] } },
{ "type": "Feature", "properties": { "Name": "199.47", "P.K.": null, "Al.Dist. Izq.": 35, "Al.Dist. Der.": 15, "Ruta": 158 }, "geometry": { "type": "Point", "coordinates": [ -63.5974281, -32.6213296 ] } },
{ "type": "Feature", "properties": { "Name": "199.52", "P.K.": null, "Al.Dist. Izq.": 35, "Al.Dist. Der.": 15, "Ruta": 158 }, "geometry": { "type": "Point", "coordinates": [ -63.5978717, -32.6216292 ] } },
{ "type": "Feature", "properties": { "Name": "199.55", "P.K.": null, "Al.Dist. Izq.": 35, "Al.Dist. Der.": 15, "Ruta": 158 }, "geometry": { "type": "Point", "coordinates": [ -63.5981087, -32.6218199 ] } },
{ "type": "Feature", "properties": { "Name": "199.83", "P.K.": null, "Al.Dist. Izq.": 35, "Al.Dist. Der.": 15, "Ruta": 158 }, "geometry": { "type": "Point", "coordinates": [ -63.6004371, -32.623356 ] } },
{ "type": "Feature", "properties": { "Name": "200.59", "P.K.": null, "Al.Dist. Izq.": 35, "Al.Dist. Der.": 15, "Ruta": 158 }, "geometry": { "type": "Point", "coordinates": [ -63.606549, -32.6277156 ] } },
{ "type": "Feature", "properties": { "Name": "201.55", "P.K.": null, "Al.Dist. Izq.": 35, "Al.Dist. Der.": 15, "Ruta": 158 }, "geometry": { "type": "Point", "coordinates": [ -63.6144805, -32.6329255 ] } },
{ "type": "Feature", "properties": { "Name": "201.56", "P.K.": null, "Al.Dist. Izq.": 35, "Al.Dist. Der.": 15, "Ruta": 158 }, "geometry": { "type": "Point", "coordinates": [ -63.614547, -32.63306 ] } },
{ "type": "Feature", "properties": { "Name": "201.59", "P.K.": null, "Al.Dist. Izq.": 35, "Al.Dist. Der.": 15, "Ruta": 158 }, "geometry": { "type": "Point", "coordinates": [ -63.6146989, -32.6332269 ] } },
{ "type": "Feature", "properties": { "Name": "202.15", "P.K.": null, "Al.Dist. Izq.": 35, "Al.Dist. Der.": 15, "Ruta": 158 }, "geometry": { "type": "Point", "coordinates": [ -63.6192472, -32.636381 ] } },
{ "type": "Feature", "properties": { "Name": "202.86", "P.K.": null, "Al.Dist. Izq.": 35, "Al.Dist. Der.": 15, "Ruta": 158 }, "geometry": { "type": "Point", "coordinates": [ -63.6251508, -32.6403387 ] } },
{ "type": "Feature", "properties": { "Name": "202.87", "P.K.": null, "Al.Dist. Izq.": 35, "Al.Dist. Der.": 15, "Ruta": 158 }, "geometry": { "type": "Point", "coordinates": [ -63.6252346, -32.6402735 ] } },
{ "type": "Feature", "properties": { "Name": "203", "P.K.": "PK203", "Al.Dist. Izq.": 35, "Al.Dist. Der.": 15, "Ruta": 158 }, "geometry": { "type": "Point", "coordinates": [ -63.6263338, -32.6409552 ] } },
{ "type": "Feature", "properties": { "Name": "203.48", "P.K.": null, "Al.Dist. Izq.": 35, "Al.Dist. Der.": 15, "Ruta": 158 }, "geometry": { "type": "Point", "coordinates": [ -63.630262, -32.6438604 ] } },
{ "type": "Feature", "properties": { "Name": "203.49", "P.K.": null, "Al.Dist. Izq.": 35, "Al.Dist. Der.": 15, "Ruta": 158 }, "geometry": { "type": "Point", "coordinates": [ -63.6303891, -32.6438136 ] } },
{ "type": "Feature", "properties": { "Name": "203.72", "P.K.": null, "Al.Dist. Izq.": 35, "Al.Dist. Der.": 15, "Ruta": 158 }, "geometry": { "type": "Point", "coordinates": [ -63.6321651, -32.6451768 ] } },
{ "type": "Feature", "properties": { "Name": "204", "P.K.": "PK204", "Al.Dist. Izq.": 35, "Al.Dist. Der.": 15, "Ruta": 158 }, "geometry": { "type": "Point", "coordinates": [ -63.6345325, -32.6466522 ] } },
{ "type": "Feature", "properties": { "Name": "204.24", "P.K.": null, "Al.Dist. Izq.": 35, "Al.Dist. Der.": 15, "Ruta": 158 }, "geometry": { "type": "Point", "coordinates": [ -63.6364908, -32.6479649 ] } },
{ "type": "Feature", "properties": { "Name": "204.69", "P.K.": null, "Al.Dist. Izq.": 35, "Al.Dist. Der.": 15, "Ruta": 158 }, "geometry": { "type": "Point", "coordinates": [ -63.6401986, -32.6506154 ] } },
{ "type": "Feature", "properties": { "Name": "205.84", "P.K.": null, "Al.Dist. Izq.": 35, "Al.Dist. Der.": 15, "Ruta": 158 }, "geometry": { "type": "Point", "coordinates": [ -63.6498821, -32.6572003 ] } },
{ "type": "Feature", "properties": { "Name": "206", "P.K.": "PK206", "Al.Dist. Izq.": 35, "Al.Dist. Der.": 15, "Ruta": 158 }, "geometry": { "type": "Point", "coordinates": [ -63.6511947, -32.6580581 ] } },
{ "type": "Feature", "properties": { "Name": "206.02", "P.K.": null, "Al.Dist. Izq.": 35, "Al.Dist. Der.": 15, "Ruta": 158 }, "geometry": { "type": "Point", "coordinates": [ -63.6514783, -32.6580516 ] } },
{ "type": "Feature", "properties": { "Name": "206.09", "P.K.": null, "Al.Dist. Izq.": 35, "Al.Dist. Der.": 15, "Ruta": 158 }, "geometry": { "type": "Point", "coordinates": [ -63.6518944, -32.6586523 ] } },
{ "type": "Feature", "properties": { "Name": "206.33", "P.K.": null, "Al.Dist. Izq.": 35, "Al.Dist. Der.": 15, "Ruta": 158 }, "geometry": { "type": "Point", "coordinates": [ -63.6538974, -32.659934 ] } },
{ "type": "Feature", "properties": { "Name": "207", "P.K.": "PK207", "Al.Dist. Izq.": 35, "Al.Dist. Der.": 15, "Ruta": 158 }, "geometry": { "type": "Point", "coordinates": [ -63.6595658, -32.6636129 ] } },
{ "type": "Feature", "properties": { "Name": "207.08", "P.K.": null, "Al.Dist. Izq.": 35, "Al.Dist. Der.": 15, "Ruta": 158 }, "geometry": { "type": "Point", "coordinates": [ -63.6601566, -32.664206 ] } },
{ "type": "Feature", "properties": { "Name": "207.15", "P.K.": null, "Al.Dist. Izq.": 35, "Al.Dist. Der.": 15, "Ruta": 158 }, "geometry": { "type": "Point", "coordinates": [ -63.6607635, -32.6646048 ] } },
{ "type": "Feature", "properties": { "Name": "207.89", "P.K.": null, "Al.Dist. Izq.": 35, "Al.Dist. Der.": 15, "Ruta": 158 }, "geometry": { "type": "Point", "coordinates": [ -63.6666818, -32.6687812 ] } },
{ "type": "Feature", "properties": { "Name": "208", "P.K.": "PK208", "Al.Dist. Izq.": 35, "Al.Dist. Der.": 15, "Ruta": 158 }, "geometry": { "type": "Point", "coordinates": [ -63.6677778, -32.6692415 ] } },
{ "type": "Feature", "properties": { "Name": "208.12", "P.K.": null, "Al.Dist. Izq.": 35, "Al.Dist. Der.": 15, "Ruta": 158 }, "geometry": { "type": "Point", "coordinates": [ -63.6687765, -32.6699012 ] } },
{ "type": "Feature", "properties": { "Name": "208.92", "P.K.": null, "Al.Dist. Izq.": 35, "Al.Dist. Der.": 15, "Ruta": 158 }, "geometry": { "type": "Point", "coordinates": [ -63.675358, -32.6745635 ] } },
{ "type": "Feature", "properties": { "Name": "209.1", "P.K.": null, "Al.Dist. Izq.": 35, "Al.Dist. Der.": 15, "Ruta": 158 }, "geometry": { "type": "Point", "coordinates": [ -63.6769271, -32.6755521 ] } },
{ "type": "Feature", "properties": { "Name": "209.12", "P.K.": null, "Al.Dist. Izq.": 35, "Al.Dist. Der.": 15, "Ruta": 158 }, "geometry": { "type": "Point", "coordinates": [ -63.6770837, -32.6756472 ] } },
{ "type": "Feature", "properties": { "Name": "209.14", "P.K.": null, "Al.Dist. Izq.": 35, "Al.Dist. Der.": 15, "Ruta": 158 }, "geometry": { "type": "Point", "coordinates": [ -63.6773494, -32.6757619 ] } },
{ "type": "Feature", "properties": { "Name": "209.25", "P.K.": null, "Al.Dist. Izq.": 35, "Al.Dist. Der.": 15, "Ruta": 158 }, "geometry": { "type": "Point", "coordinates": [ -63.6781666, -32.6764868 ] } },
{ "type": "Feature", "properties": { "Name": "209.39", "P.K.": null, "Al.Dist. Izq.": 35, "Al.Dist. Der.": 15, "Ruta": 158 }, "geometry": { "type": "Point", "coordinates": [ -63.6792888, -32.6772541 ] } },
{ "type": "Feature", "properties": { "Name": "210", "P.K.": "PK210", "Al.Dist. Izq.": 35, "Al.Dist. Der.": 15, "Ruta": 158 }, "geometry": { "type": "Point", "coordinates": [ -63.6844048, -32.6806996 ] } },
{ "type": "Feature", "properties": { "Name": "210.01", "P.K.": null, "Al.Dist. Izq.": 35, "Al.Dist. Der.": 15, "Ruta": 158 }, "geometry": { "type": "Point", "coordinates": [ -63.6844772, -32.680741 ] } },
{ "type": "Feature", "properties": { "Name": "210.3", "P.K.": null, "Al.Dist. Izq.": 35, "Al.Dist. Der.": 15, "Ruta": 158 }, "geometry": { "type": "Point", "coordinates": [ -63.6869003, -32.682432 ] } },
{ "type": "Feature", "properties": { "Name": "210.92", "P.K.": null, "Al.Dist. Izq.": 35, "Al.Dist. Der.": 15, "Ruta": 158 }, "geometry": { "type": "Point", "coordinates": [ -63.6919485, -32.685897 ] } },
{ "type": "Feature", "properties": { "Name": "211.06", "P.K.": null, "Al.Dist. Izq.": 35, "Al.Dist. Der.": 15, "Ruta": 158 }, "geometry": { "type": "Point", "coordinates": [ -63.6929932, -32.6865773 ] } },
{ "type": "Feature", "properties": { "Name": "211.18", "P.K.": null, "Al.Dist. Izq.": 35, "Al.Dist. Der.": 15, "Ruta": 158 }, "geometry": { "type": "Point", "coordinates": [ -63.6940074, -32.6872751 ] } },
{ "type": "Feature", "properties": { "Name": "211.48", "P.K.": null, "Al.Dist. Izq.": 35, "Al.Dist. Der.": 15, "Ruta": 158 }, "geometry": { "type": "Point", "coordinates": [ -63.6964764, -32.6890249 ] } },
{ "type": "Feature", "properties": { "Name": "211.72", "P.K.": null, "Al.Dist. Izq.": 35, "Al.Dist. Der.": 15, "Ruta": 158 }, "geometry": { "type": "Point", "coordinates": [ -63.6984156, -32.6902732 ] } },
{ "type": "Feature", "properties": { "Name": "211.73", "P.K.": null, "Al.Dist. Izq.": 35, "Al.Dist. Der.": 15, "Ruta": 158 }, "geometry": { "type": "Point", "coordinates": [ -63.6985501, -32.6901592 ] } },
{ "type": "Feature", "properties": { "Name": "212", "P.K.": "PK212", "Al.Dist. Izq.": 35, "Al.Dist. Der.": 15, "Ruta": 158 }, "geometry": { "type": "Point", "coordinates": [ -63.7008018, -32.6917386 ] } },
{ "type": "Feature", "properties": { "Name": "212.12", "P.K.": null, "Al.Dist. Izq.": 35, "Al.Dist. Der.": 15, "Ruta": 158 }, "geometry": { "type": "Point", "coordinates": [ -63.7017979, -32.6924055 ] } },
{ "type": "Feature", "properties": { "Name": "212.13", "P.K.": null, "Al.Dist. Izq.": 35, "Al.Dist. Der.": 15, "Ruta": 158 }, "geometry": { "type": "Point", "coordinates": [ -63.7019086, -32.6924883 ] } },
{ "type": "Feature", "properties": { "Name": "212.13", "P.K.": null, "Al.Dist. Izq.": 35, "Al.Dist. Der.": 15, "Ruta": 158 }, "geometry": { "type": "Point", "coordinates": [ -63.7019086, -32.6924883 ] } },
{ "type": "Feature", "properties": { "Name": "212.14", "P.K.": null, "Al.Dist. Izq.": 35, "Al.Dist. Der.": 15, "Ruta": 158 }, "geometry": { "type": "Point", "coordinates": [ -63.7019481, -32.692515 ] } },
{ "type": "Feature", "properties": { "Name": "212.59", "P.K.": null, "Al.Dist. Izq.": null, "Al.Dist. Der.": null, "Ruta": 158 }, "geometry": { "type": "Point", "coordinates": [ -63.7058004, -32.6952254 ] } },
{ "type": "Feature", "properties": { "Name": "212.67", "P.K.": null, "Al.Dist. Izq.": null, "Al.Dist. Der.": null, "Ruta": 158 }, "geometry": { "type": "Point", "coordinates": [ -63.7065256, -32.6957034 ] } },
{ "type": "Feature", "properties": { "Name": "212.69", "P.K.": null, "Al.Dist. Izq.": null, "Al.Dist. Der.": null, "Ruta": 158 }, "geometry": { "type": "Point", "coordinates": [ -63.7066794, -32.6957521 ] } },
{ "type": "Feature", "properties": { "Name": "212.83", "P.K.": null, "Al.Dist. Izq.": null, "Al.Dist. Der.": null, "Ruta": 158 }, "geometry": { "type": "Point", "coordinates": [ -63.7079818, -32.6966207 ] } },
{ "type": "Feature", "properties": { "Name": "212.87", "P.K.": null, "Al.Dist. Izq.": null, "Al.Dist. Der.": null, "Ruta": 158 }, "geometry": { "type": "Point", "coordinates": [ -63.7083, -32.69686 ] } },
{ "type": "Feature", "properties": { "Name": "212.93", "P.K.": null, "Al.Dist. Izq.": null, "Al.Dist. Der.": null, "Ruta": 158 }, "geometry": { "type": "Point", "coordinates": [ -63.70851, -32.69738 ] } },
{ "type": "Feature", "properties": { "Name": "212.95", "P.K.": null, "Al.Dist. Izq.": null, "Al.Dist. Der.": null, "Ruta": 158 }, "geometry": { "type": "Point", "coordinates": [ -63.70861, -32.69751 ] } },
{ "type": "Feature", "properties": { "Name": "212.98", "P.K.": null, "Al.Dist. Izq.": null, "Al.Dist. Der.": null, "Ruta": 158 }, "geometry": { "type": "Point", "coordinates": [ -63.7086292, -32.6977524 ] } },
{ "type": "Feature", "properties": { "Name": "212.99", "P.K.": null, "Al.Dist. Izq.": null, "Al.Dist. Der.": null, "Ruta": 158 }, "geometry": { "type": "Point", "coordinates": [ -63.708773, -32.6978641 ] } },
{ "type": "Feature", "properties": { "Name": "213", "P.K.": "PK213", "Al.Dist. Izq.": null, "Al.Dist. Der.": null, "Ruta": 158 }, "geometry": { "type": "Point", "coordinates": [ -63.7088966, -32.6978659 ] } },
{ "type": "Feature", "properties": { "Name": "213.04", "P.K.": null, "Al.Dist. Izq.": null, "Al.Dist. Der.": null, "Ruta": 158 }, "geometry": { "type": "Point", "coordinates": [ -63.70906, -32.69826 ] } },
{ "type": "Feature", "properties": { "Name": "213.15", "P.K.": null, "Al.Dist. Izq.": null, "Al.Dist. Der.": null, "Ruta": 158 }, "geometry": { "type": "Point", "coordinates": [ -63.7099817, -32.6989419 ] } },
{ "type": "Feature", "properties": { "Name": "213.26", "P.K.": null, "Al.Dist. Izq.": null, "Al.Dist. Der.": null, "Ruta": 158 }, "geometry": { "type": "Point", "coordinates": [ -63.7108339, -32.6995194 ] } },
{ "type": "Feature", "properties": { "Name": "213.34", "P.K.": null, "Al.Dist. Izq.": null, "Al.Dist. Der.": null, "Ruta": 158 }, "geometry": { "type": "Point", "coordinates": [ -63.7114532, -32.700007 ] } },
{ "type": "Feature", "properties": { "Name": "213.42", "P.K.": null, "Al.Dist. Izq.": null, "Al.Dist. Der.": null, "Ruta": 158 }, "geometry": { "type": "Point", "coordinates": [ -63.7121704, -32.7004556 ] } },
{ "type": "Feature", "properties": { "Name": "213.5", "P.K.": null, "Al.Dist. Izq.": null, "Al.Dist. Der.": null, "Ruta": 158 }, "geometry": { "type": "Point", "coordinates": [ -63.71296, -32.70086 ] } },
{ "type": "Feature", "properties": { "Name": "213.56", "P.K.": null, "Al.Dist. Izq.": null, "Al.Dist. Der.": null, "Ruta": 158 }, "geometry": { "type": "Point", "coordinates": [ -63.7132721, -32.7013271 ] } },
{ "type": "Feature", "properties": { "Name": "213.57", "P.K.": null, "Al.Dist. Izq.": null, "Al.Dist. Der.": null, "Ruta": 158 }, "geometry": { "type": "Point", "coordinates": [ -63.7135084, -32.7013068 ] } },
{ "type": "Feature", "properties": { "Name": "213.59", "P.K.": null, "Al.Dist. Izq.": null, "Al.Dist. Der.": null, "Ruta": 158 }, "geometry": { "type": "Point", "coordinates": [ -63.71344, -32.70154 ] } },
{ "type": "Feature", "properties": { "Name": "213.7", "P.K.": null, "Al.Dist. Izq.": null, "Al.Dist. Der.": null, "Ruta": 158 }, "geometry": { "type": "Point", "coordinates": [ -63.7137049, -32.702483 ] } },
{ "type": "Feature", "properties": { "Name": "213.73", "P.K.": null, "Al.Dist. Izq.": null, "Al.Dist. Der.": null, "Ruta": 158 }, "geometry": { "type": "Point", "coordinates": [ -63.7138226, -32.7027067 ] } },
{ "type": "Feature", "properties": { "Name": "213.76", "P.K.": null, "Al.Dist. Izq.": null, "Al.Dist. Der.": null, "Ruta": 158 }, "geometry": { "type": "Point", "coordinates": [ -63.71385, -32.703 ] } },
{ "type": "Feature", "properties": { "Name": "213.77", "P.K.": null, "Al.Dist. Izq.": null, "Al.Dist. Der.": null, "Ruta": 158 }, "geometry": { "type": "Point", "coordinates": [ -63.7139108, -32.7031347 ] } },
{ "type": "Feature", "properties": { "Name": "213.77", "P.K.": null, "Al.Dist. Izq.": 35, "Al.Dist. Der.": 15, "Ruta": 158 }, "geometry": { "type": "Point", "coordinates": [ -63.7139108, -32.7031347 ] } },
{ "type": "Feature", "properties": { "Name": "213.79", "P.K.": null, "Al.Dist. Izq.": 35, "Al.Dist. Der.": 15, "Ruta": 158 }, "geometry": { "type": "Point", "coordinates": [ -63.7139838, -32.7032458 ] } },
{ "type": "Feature", "properties": { "Name": "213.8", "P.K.": null, "Al.Dist. Izq.": 35, "Al.Dist. Der.": 15, "Ruta": 158 }, "geometry": { "type": "Point", "coordinates": [ -63.7138977, -32.7034704 ] } },
{ "type": "Feature", "properties": { "Name": "213.96", "P.K.": null, "Al.Dist. Izq.": 35, "Al.Dist. Der.": 15, "Ruta": 158 }, "geometry": { "type": "Point", "coordinates": [ -63.7152267, -32.7042852 ] } },
{ "type": "Feature", "properties": { "Name": "214", "P.K.": "PK214", "Al.Dist. Izq.": 35, "Al.Dist. Der.": 15, "Ruta": 158 }, "geometry": { "type": "Point", "coordinates": [ -63.7157196, -32.7043202 ] } },
{ "type": "Feature", "properties": { "Name": "214.06", "P.K.": null, "Al.Dist. Izq.": 35, "Al.Dist. Der.": 15, "Ruta": 158 }, "geometry": { "type": "Point", "coordinates": [ -63.716427, -32.705144 ] } },
{ "type": "Feature", "properties": { "Name": "214.2", "P.K.": null, "Al.Dist. Izq.": 35, "Al.Dist. Der.": 15, "Ruta": 158 }, "geometry": { "type": "Point", "coordinates": [ -63.71785, -32.70543 ] } },
{ "type": "Feature", "properties": { "Name": "214.21", "P.K.": null, "Al.Dist. Izq.": 35, "Al.Dist. Der.": 15, "Ruta": 158 }, "geometry": { "type": "Point", "coordinates": [ -63.71803, -32.70541 ] } },
{ "type": "Feature", "properties": { "Name": "214.48", "P.K.": null, "Al.Dist. Izq.": 35, "Al.Dist. Der.": 15, "Ruta": 158 }, "geometry": { "type": "Point", "coordinates": [ -63.7203786, -32.7052504 ] } },
{ "type": "Feature", "properties": { "Name": "214.57", "P.K.": null, "Al.Dist. Izq.": 35, "Al.Dist. Der.": 15, "Ruta": 158 }, "geometry": { "type": "Point", "coordinates": [ -63.7210009, -32.7056786 ] } },
{ "type": "Feature", "properties": { "Name": "214.61", "P.K.": null, "Al.Dist. Izq.": 35, "Al.Dist. Der.": 15, "Ruta": 158 }, "geometry": { "type": "Point", "coordinates": [ -63.7214652, -32.7058163 ] } },
{ "type": "Feature", "properties": { "Name": "214.65", "P.K.": null, "Al.Dist. Izq.": 35, "Al.Dist. Der.": 15, "Ruta": 158 }, "geometry": { "type": "Point", "coordinates": [ -63.72173, -32.70611 ] } },
{ "type": "Feature", "properties": { "Name": "214.97", "P.K.": null, "Al.Dist. Izq.": 35, "Al.Dist. Der.": 15, "Ruta": 158 }, "geometry": { "type": "Point", "coordinates": [ -63.7243207, -32.7079604 ] } },
{ "type": "Feature", "properties": { "Name": "215", "P.K.": "PK215", "Al.Dist. Izq.": 35, "Al.Dist. Der.": 15, "Ruta": 158 }, "geometry": { "type": "Point", "coordinates": [ -63.7246477, -32.7080098 ] } },
{ "type": "Feature", "properties": { "Name": "215.14", "P.K.": null, "Al.Dist. Izq.": 35, "Al.Dist. Der.": 15, "Ruta": 158 }, "geometry": { "type": "Point", "coordinates": [ -63.7257722, -32.7088355 ] } },
{ "type": "Feature", "properties": { "Name": "215.19", "P.K.": null, "Al.Dist. Izq.": 35, "Al.Dist. Der.": 15, "Ruta": 158 }, "geometry": { "type": "Point", "coordinates": [ -63.7261963, -32.7091924 ] } },
{ "type": "Feature", "properties": { "Name": "215.25", "P.K.": null, "Al.Dist. Izq.": 35, "Al.Dist. Der.": 15, "Ruta": 158 }, "geometry": { "type": "Point", "coordinates": [ -63.7267847, -32.7094197 ] } },
{ "type": "Feature", "properties": { "Name": "215.3", "P.K.": null, "Al.Dist. Izq.": 35, "Al.Dist. Der.": 15, "Ruta": 158 }, "geometry": { "type": "Point", "coordinates": [ -63.7271669, -32.7096827 ] } },
{ "type": "Feature", "properties": { "Name": "215.55", "P.K.": null, "Al.Dist. Izq.": 35, "Al.Dist. Der.": 15, "Ruta": 158 }, "geometry": { "type": "Point", "coordinates": [ -63.7291189, -32.7112063 ] } },
{ "type": "Feature", "properties": { "Name": "216", "P.K.": "PK216", "Al.Dist. Izq.": 35, "Al.Dist. Der.": 15, "Ruta": 158 }, "geometry": { "type": "Point", "coordinates": [ -63.7328913, -32.7136511 ] } },
{ "type": "Feature", "properties": { "Name": "216.4", "P.K.": null, "Al.Dist. Izq.": 35, "Al.Dist. Der.": 15, "Ruta": 158 }, "geometry": { "type": "Point", "coordinates": [ -63.7361423, -32.7159582 ] } },
{ "type": "Feature", "properties": { "Name": "216.43", "P.K.": null, "Al.Dist. Izq.": 35, "Al.Dist. Der.": 15, "Ruta": 158 }, "geometry": { "type": "Point", "coordinates": [ -63.7364011, -32.7161407 ] } },
{ "type": "Feature", "properties": { "Name": "216.49", "P.K.": null, "Al.Dist. Izq.": 35, "Al.Dist. Der.": 15, "Ruta": 158 }, "geometry": { "type": "Point", "coordinates": [ -63.7369017, -32.716468 ] } },
{ "type": "Feature", "properties": { "Name": "217.78", "P.K.": null, "Al.Dist. Izq.": 35, "Al.Dist. Der.": 15, "Ruta": 158 }, "geometry": { "type": "Point", "coordinates": [ -63.747487, -32.7236476 ] } },
{ "type": "Feature", "properties": { "Name": "217.81", "P.K.": null, "Al.Dist. Izq.": 35, "Al.Dist. Der.": 15, "Ruta": 158 }, "geometry": { "type": "Point", "coordinates": [ -63.7477039, -32.7238039 ] } },
{ "type": "Feature", "properties": { "Name": "217.87", "P.K.": null, "Al.Dist. Izq.": 35, "Al.Dist. Der.": 15, "Ruta": 158 }, "geometry": { "type": "Point", "coordinates": [ -63.7482179, -32.7242436 ] } },
{ "type": "Feature", "properties": { "Name": "218", "P.K.": "PK218", "Al.Dist. Izq.": 35, "Al.Dist. Der.": 15, "Ruta": 158 }, "geometry": { "type": "Point", "coordinates": [ -63.749303, -32.7248277 ] } },
{ "type": "Feature", "properties": { "Name": "219.15", "P.K.": null, "Al.Dist. Izq.": 35, "Al.Dist. Der.": 15, "Ruta": 158 }, "geometry": { "type": "Point", "coordinates": [ -63.7590939, -32.7314708 ] } },
{ "type": "Feature", "properties": { "Name": "219.41", "P.K.": null, "Al.Dist. Izq.": 35, "Al.Dist. Der.": 15, "Ruta": 158 }, "geometry": { "type": "Point", "coordinates": [ -63.7612101, -32.7329138 ] } },
{ "type": "Feature", "properties": { "Name": "219.42", "P.K.": null, "Al.Dist. Izq.": 35, "Al.Dist. Der.": 15, "Ruta": 158 }, "geometry": { "type": "Point", "coordinates": [ -63.7612929, -32.7329702 ] } },
{ "type": "Feature", "properties": { "Name": "219.56", "P.K.": null, "Al.Dist. Izq.": 35, "Al.Dist. Der.": 15, "Ruta": 158 }, "geometry": { "type": "Point", "coordinates": [ -63.7623401, -32.7339331 ] } },
{ "type": "Feature", "properties": { "Name": "220", "P.K.": "PK220", "Al.Dist. Izq.": 35, "Al.Dist. Der.": 15, "Ruta": 158 }, "geometry": { "type": "Point", "coordinates": [ -63.7662052, -32.7363144 ] } },
{ "type": "Feature", "properties": { "Name": "220.34", "P.K.": null, "Al.Dist. Izq.": 35, "Al.Dist. Der.": 15, "Ruta": 158 }, "geometry": { "type": "Point", "coordinates": [ -63.7689973, -32.7382398 ] } },
{ "type": "Feature", "properties": { "Name": "220.36", "P.K.": null, "Al.Dist. Izq.": 35, "Al.Dist. Der.": 15, "Ruta": 158 }, "geometry": { "type": "Point", "coordinates": [ -63.7691605, -32.7383296 ] } },
{ "type": "Feature", "properties": { "Name": "220.39", "P.K.": null, "Al.Dist. Izq.": 35, "Al.Dist. Der.": 15, "Ruta": 158 }, "geometry": { "type": "Point", "coordinates": [ -63.7694469, -32.738477 ] } },
{ "type": "Feature", "properties": { "Name": "220.39", "P.K.": null, "Al.Dist. Izq.": 35, "Al.Dist. Der.": 15, "Ruta": 158 }, "geometry": { "type": "Point", "coordinates": [ -63.7694469, -32.738477 ] } },
{ "type": "Feature", "properties": { "Name": "220.41", "P.K.": null, "Al.Dist. Izq.": 35, "Al.Dist. Der.": 15, "Ruta": 158 }, "geometry": { "type": "Point", "coordinates": [ -63.7695931, -32.7387596 ] } },
{ "type": "Feature", "properties": { "Name": "220.44", "P.K.": null, "Al.Dist. Izq.": 35, "Al.Dist. Der.": 15, "Ruta": 158 }, "geometry": { "type": "Point", "coordinates": [ -63.7697882, -32.7388766 ] } },
{ "type": "Feature", "properties": { "Name": "220.53", "P.K.": null, "Al.Dist. Izq.": 35, "Al.Dist. Der.": 15, "Ruta": 158 }, "geometry": { "type": "Point", "coordinates": [ -63.7706513, -32.7393451 ] } },
{ "type": "Feature", "properties": { "Name": "220.53", "P.K.": null, "Al.Dist. Izq.": 35, "Al.Dist. Der.": 15, "Ruta": 158 }, "geometry": { "type": "Point", "coordinates": [ -63.7706513, -32.7393451 ] } },
{ "type": "Feature", "properties": { "Name": "220.54", "P.K.": null, "Al.Dist. Izq.": 35, "Al.Dist. Der.": 15, "Ruta": 158 }, "geometry": { "type": "Point", "coordinates": [ -63.7706355, -32.7394858 ] } },
{ "type": "Feature", "properties": { "Name": "220.59", "P.K.": null, "Al.Dist. Izq.": 35, "Al.Dist. Der.": 15, "Ruta": 158 }, "geometry": { "type": "Point", "coordinates": [ -63.7711229, -32.7396612 ] } },
{ "type": "Feature", "properties": { "Name": "220.6", "P.K.": null, "Al.Dist. Izq.": 35, "Al.Dist. Der.": 15, "Ruta": 158 }, "geometry": { "type": "Point", "coordinates": [ -63.7711333, -32.739792 ] } },
{ "type": "Feature", "properties": { "Name": "220.62", "P.K.": null, "Al.Dist. Izq.": 35, "Al.Dist. Der.": 15, "Ruta": 158 }, "geometry": { "type": "Point", "coordinates": [ -63.7713966, -32.7398528 ] } },
{ "type": "Feature", "properties": { "Name": "220.68", "P.K.": null, "Al.Dist. Izq.": 35, "Al.Dist. Der.": 15, "Ruta": 158 }, "geometry": { "type": "Point", "coordinates": [ -63.771888, -32.7401873 ] } },
{ "type": "Feature", "properties": { "Name": "220.73", "P.K.": null, "Al.Dist. Izq.": 35, "Al.Dist. Der.": 15, "Ruta": 158 }, "geometry": { "type": "Point", "coordinates": [ -63.7722961, -32.7404466 ] } },
{ "type": "Feature", "properties": { "Name": "220.8", "P.K.": null, "Al.Dist. Izq.": 35, "Al.Dist. Der.": 15, "Ruta": 158 }, "geometry": { "type": "Point", "coordinates": [ -63.7728493, -32.740831 ] } },
{ "type": "Feature", "properties": { "Name": "220.82", "P.K.": null, "Al.Dist. Izq.": 35, "Al.Dist. Der.": 15, "Ruta": 158 }, "geometry": { "type": "Point", "coordinates": [ -63.773, -32.74104 ] } },
{ "type": "Feature", "properties": { "Name": "220.97", "P.K.": null, "Al.Dist. Izq.": 35, "Al.Dist. Der.": 15, "Ruta": 158 }, "geometry": { "type": "Point", "coordinates": [ -63.7742806, -32.7417647 ] } },
{ "type": "Feature", "properties": { "Name": "221", "P.K.": "PK221", "Al.Dist. Izq.": 35, "Al.Dist. Der.": 15, "Ruta": 158 }, "geometry": { "type": "Point", "coordinates": [ -63.7745169, -32.74201 ] } },
{ "type": "Feature", "properties": { "Name": "221.04", "P.K.": null, "Al.Dist. Izq.": 35, "Al.Dist. Der.": 15, "Ruta": 158 }, "geometry": { "type": "Point", "coordinates": [ -63.7747191, -32.7422579 ] } },
{ "type": "Feature", "properties": { "Name": "221.05", "P.K.": null, "Al.Dist. Izq.": 35, "Al.Dist. Der.": 15, "Ruta": 158 }, "geometry": { "type": "Point", "coordinates": [ -63.7748351, -32.7423871 ] } },
{ "type": "Feature", "properties": { "Name": "221.09", "P.K.": null, "Al.Dist. Izq.": 35, "Al.Dist. Der.": 15, "Ruta": 158 }, "geometry": { "type": "Point", "coordinates": [ -63.7750175, -32.742688 ] } },
{ "type": "Feature", "properties": { "Name": "221.1", "P.K.": null, "Al.Dist. Izq.": 35, "Al.Dist. Der.": 15, "Ruta": 158 }, "geometry": { "type": "Point", "coordinates": [ -63.7750172, -32.7427973 ] } },
{ "type": "Feature", "properties": { "Name": "221.11", "P.K.": null, "Al.Dist. Izq.": 35, "Al.Dist. Der.": 15, "Ruta": 158 }, "geometry": { "type": "Point", "coordinates": [ -63.77507, -32.74292 ] } },
{ "type": "Feature", "properties": { "Name": "221.12", "P.K.": null, "Al.Dist. Izq.": 35, "Al.Dist. Der.": 15, "Ruta": 158 }, "geometry": { "type": "Point", "coordinates": [ -63.77513, -32.74298 ] } },
{ "type": "Feature", "properties": { "Name": "221.27", "P.K.": null, "Al.Dist. Izq.": 35, "Al.Dist. Der.": 15, "Ruta": 158 }, "geometry": { "type": "Point", "coordinates": [ -63.775941, -32.744036 ] } },
{ "type": "Feature", "properties": { "Name": "221.38", "P.K.": null, "Al.Dist. Izq.": 35, "Al.Dist. Der.": 15, "Ruta": 158 }, "geometry": { "type": "Point", "coordinates": [ -63.77681, -32.74468 ] } },
{ "type": "Feature", "properties": { "Name": "221.49", "P.K.": null, "Al.Dist. Izq.": 35, "Al.Dist. Der.": 15, "Ruta": 158 }, "geometry": { "type": "Point", "coordinates": [ -63.7777463, -32.7452728 ] } },
{ "type": "Feature", "properties": { "Name": "221.61", "P.K.": null, "Al.Dist. Izq.": null, "Al.Dist. Der.": null, "Ruta": 158 }, "geometry": { "type": "Point", "coordinates": [ -63.7787518, -32.7460779 ] } },
{ "type": "Feature", "properties": { "Name": "222", "P.K.": "PK222", "Al.Dist. Izq.": null, "Al.Dist. Der.": null, "Ruta": 158 }, "geometry": { "type": "Point", "coordinates": [ -63.7819455, -32.7480883 ] } },
{ "type": "Feature", "properties": { "Name": "222.05", "P.K.": null, "Al.Dist. Izq.": null, "Al.Dist. Der.": null, "Ruta": 158 }, "geometry": { "type": "Point", "coordinates": [ -63.782297, -32.7485123 ] } },
{ "type": "Feature", "properties": { "Name": "222.16", "P.K.": null, "Al.Dist. Izq.": null, "Al.Dist. Der.": null, "Ruta": 158 }, "geometry": { "type": "Point", "coordinates": [ -63.783204, -32.7490607 ] } },
{ "type": "Feature", "properties": { "Name": "222.16", "P.K.": null, "Al.Dist. Izq.": null, "Al.Dist. Der.": null, "Ruta": 158 }, "geometry": { "type": "Point", "coordinates": [ -63.7833012, -32.7489773 ] } },
{ "type": "Feature", "properties": { "Name": "222.3", "P.K.": null, "Al.Dist. Izq.": null, "Al.Dist. Der.": null, "Ruta": 158 }, "geometry": { "type": "Point", "coordinates": [ -63.7843516, -32.7498523 ] } },
{ "type": "Feature", "properties": { "Name": "222.42", "P.K.": null, "Al.Dist. Izq.": null, "Al.Dist. Der.": null, "Ruta": 158 }, "geometry": { "type": "Point", "coordinates": [ -63.785344, -32.7505397 ] } },
{ "type": "Feature", "properties": { "Name": "222.74", "P.K.": null, "Al.Dist. Izq.": null, "Al.Dist. Der.": null, "Ruta": 158 }, "geometry": { "type": "Point", "coordinates": [ -63.788097, -32.75233 ] } },
{ "type": "Feature", "properties": { "Name": "222.78", "P.K.": null, "Al.Dist. Izq.": null, "Al.Dist. Der.": null, "Ruta": 158 }, "geometry": { "type": "Point", "coordinates": [ -63.788392, -32.7525 ] } },
{ "type": "Feature", "properties": { "Name": "222.86", "P.K.": null, "Al.Dist. Izq.": null, "Al.Dist. Der.": null, "Ruta": 158 }, "geometry": { "type": "Point", "coordinates": [ -63.789064, -32.752957 ] } },
{ "type": "Feature", "properties": { "Name": "222.87", "P.K.": null, "Al.Dist. Izq.": null, "Al.Dist. Der.": null, "Ruta": 158 }, "geometry": { "type": "Point", "coordinates": [ -63.789181, -32.753051 ] } },
{ "type": "Feature", "properties": { "Name": "222.87", "P.K.": null, "Al.Dist. Izq.": null, "Al.Dist. Der.": null, "Ruta": 158 }, "geometry": { "type": "Point", "coordinates": [ -63.789181, -32.753051 ] } },
{ "type": "Feature", "properties": { "Name": "222.9", "P.K.": null, "Al.Dist. Izq.": null, "Al.Dist. Der.": null, "Ruta": 158 }, "geometry": { "type": "Point", "coordinates": [ -63.789409, -32.753162 ] } },
{ "type": "Feature", "properties": { "Name": "223.03", "P.K.": null, "Al.Dist. Izq.": null, "Al.Dist. Der.": null, "Ruta": 158 }, "geometry": { "type": "Point", "coordinates": [ -63.7904295, -32.7540339 ] } },
{ "type": "Feature", "properties": { "Name": "223.16", "P.K.": null, "Al.Dist. Izq.": null, "Al.Dist. Der.": null, "Ruta": 158 }, "geometry": { "type": "Point", "coordinates": [ -63.7915111, -32.7547831 ] } },
{ "type": "Feature", "properties": { "Name": "223.36", "P.K.": null, "Al.Dist. Izq.": null, "Al.Dist. Der.": null, "Ruta": 158 }, "geometry": { "type": "Point", "coordinates": [ -63.7933571, -32.7556586 ] } },
{ "type": "Feature", "properties": { "Name": "223.41", "P.K.": null, "Al.Dist. Izq.": null, "Al.Dist. Der.": null, "Ruta": 158 }, "geometry": { "type": "Point", "coordinates": [ -63.7935754, -32.756147 ] } },
{ "type": "Feature", "properties": { "Name": "223.52", "P.K.": null, "Al.Dist. Izq.": null, "Al.Dist. Der.": null, "Ruta": 158 }, "geometry": { "type": "Point", "coordinates": [ -63.7944857, -32.7567758 ] } },
{ "type": "Feature", "properties": { "Name": "223.65", "P.K.": null, "Al.Dist. Izq.": null, "Al.Dist. Der.": null, "Ruta": 158 }, "geometry": { "type": "Point", "coordinates": [ -63.7955941, -32.7575108 ] } },
{ "type": "Feature", "properties": { "Name": "223.77", "P.K.": null, "Al.Dist. Izq.": null, "Al.Dist. Der.": null, "Ruta": 158 }, "geometry": { "type": "Point", "coordinates": [ -63.7965211, -32.7582239 ] } },
{ "type": "Feature", "properties": { "Name": "223.89", "P.K.": null, "Al.Dist. Izq.": null, "Al.Dist. Der.": null, "Ruta": 158 }, "geometry": { "type": "Point", "coordinates": [ -63.7976349, -32.7587923 ] } },
{ "type": "Feature", "properties": { "Name": "223.94", "P.K.": null, "Al.Dist. Izq.": null, "Al.Dist. Der.": null, "Ruta": 158 }, "geometry": { "type": "Point", "coordinates": [ -63.7979812, -32.7591244 ] } },
{ "type": "Feature", "properties": { "Name": "223.99", "P.K.": null, "Al.Dist. Izq.": null, "Al.Dist. Der.": null, "Ruta": 158 }, "geometry": { "type": "Point", "coordinates": [ -63.7984721, -32.7594117 ] } },
{ "type": "Feature", "properties": { "Name": "224", "P.K.": "PK224", "Al.Dist. Izq.": null, "Al.Dist. Der.": null, "Ruta": 158 }, "geometry": { "type": "Point", "coordinates": [ -63.7985816, -32.7593628 ] } },
{ "type": "Feature", "properties": { "Name": "224.35", "P.K.": null, "Al.Dist. Izq.": null, "Al.Dist. Der.": null, "Ruta": 158 }, "geometry": { "type": "Point", "coordinates": [ -63.800008, -32.7604485 ] } },
{ "type": "Feature", "properties": { "Name": "224.37", "P.K.": null, "Al.Dist. Izq.": null, "Al.Dist. Der.": null, "Ruta": 158 }, "geometry": { "type": "Point", "coordinates": [ -63.7974102, -32.7644416 ] } },
{ "type": "Feature", "properties": { "Name": "224.4", "P.K.": null, "Al.Dist. Izq.": null, "Al.Dist. Der.": null, "Ruta": 158 }, "geometry": { "type": "Point", "coordinates": [ -63.8002437, -32.7607691 ] } },
{ "type": "Feature", "properties": { "Name": "224.62", "P.K.": null, "Al.Dist. Izq.": null, "Al.Dist. Der.": null, "Ruta": 158 }, "geometry": { "type": "Point", "coordinates": [ -63.8012287, -32.7612938 ] } },
{ "type": "Feature", "properties": { "Name": "224.85", "P.K.": null, "Al.Dist. Izq.": null, "Al.Dist. Der.": null, "Ruta": 158 }, "geometry": { "type": "Point", "coordinates": [ -63.8023187, -32.7618306 ] } },
{ "type": "Feature", "properties": { "Name": "224.87", "P.K.": null, "Al.Dist. Izq.": null, "Al.Dist. Der.": null, "Ruta": 158 }, "geometry": { "type": "Point", "coordinates": [ -63.8022728, -32.7619478 ] } },
{ "type": "Feature", "properties": { "Name": "224.88", "P.K.": null, "Al.Dist. Izq.": null, "Al.Dist. Der.": null, "Ruta": 158 }, "geometry": { "type": "Point", "coordinates": [ -63.802325, -32.762055 ] } },
{ "type": "Feature", "properties": { "Name": "225", "P.K.": "PK225", "Al.Dist. Izq.": null, "Al.Dist. Der.": null, "Ruta": 158 }, "geometry": { "type": "Point", "coordinates": [ -63.802873, -32.762342 ] } },
{ "type": "Feature", "properties": { "Name": "225.13", "P.K.": null, "Al.Dist. Izq.": null, "Al.Dist. Der.": null, "Ruta": 158 }, "geometry": { "type": "Point", "coordinates": [ -63.8040105, -32.7631822 ] } },
{ "type": "Feature", "properties": { "Name": "225.13", "P.K.": null, "Al.Dist. Izq.": null, "Al.Dist. Der.": null, "Ruta": 158 }, "geometry": { "type": "Point", "coordinates": [ -63.8040853, -32.7631145 ] } },
{ "type": "Feature", "properties": { "Name": "225.2", "P.K.": null, "Al.Dist. Izq.": null, "Al.Dist. Der.": null, "Ruta": 158 }, "geometry": { "type": "Point", "coordinates": [ -63.8045798, -32.7635648 ] } },
{ "type": "Feature", "properties": { "Name": "225.47", "P.K.": null, "Al.Dist. Izq.": null, "Al.Dist. Der.": null, "Ruta": 158 }, "geometry": { "type": "Point", "coordinates": [ -63.8069281, -32.7651383 ] } },
{ "type": "Feature", "properties": { "Name": "225.73", "P.K.": null, "Al.Dist. Izq.": null, "Al.Dist. Der.": null, "Ruta": 158 }, "geometry": { "type": "Point", "coordinates": [ -63.8091765, -32.7666562 ] } },
{ "type": "Feature", "properties": { "Name": "225.75", "P.K.": null, "Al.Dist. Izq.": null, "Al.Dist. Der.": null, "Ruta": 158 }, "geometry": { "type": "Point", "coordinates": [ -63.809301, -32.7668605 ] } },
{ "type": "Feature", "properties": { "Name": "225.85", "P.K.": null, "Al.Dist. Izq.": null, "Al.Dist. Der.": null, "Ruta": 158 }, "geometry": { "type": "Point", "coordinates": [ -63.8100567, -32.7674297 ] } },
{ "type": "Feature", "properties": { "Name": "225.85", "P.K.": null, "Al.Dist. Izq.": null, "Al.Dist. Der.": null, "Ruta": 158 }, "geometry": { "type": "Point", "coordinates": [ -63.8100567, -32.7674297 ] } },
{ "type": "Feature", "properties": { "Name": "225.91", "P.K.": null, "Al.Dist. Izq.": null, "Al.Dist. Der.": null, "Ruta": 158 }, "geometry": { "type": "Point", "coordinates": [ -63.8106595, -32.767825 ] } },
{ "type": "Feature", "properties": { "Name": "225.91", "P.K.": null, "Al.Dist. Izq.": null, "Al.Dist. Der.": null, "Ruta": 158 }, "geometry": { "type": "Point", "coordinates": [ -63.8106595, -32.767825 ] } },
{ "type": "Feature", "properties": { "Name": "225.93", "P.K.": null, "Al.Dist. Izq.": null, "Al.Dist. Der.": null, "Ruta": 158 }, "geometry": { "type": "Point", "coordinates": [ -63.81079, -32.76795 ] } },
{ "type": "Feature", "properties": { "Name": "226", "P.K.": "PK226", "Al.Dist. Izq.": null, "Al.Dist. Der.": null, "Ruta": 158 }, "geometry": { "type": "Point", "coordinates": [ -63.811391, -32.768406 ] } },
{ "type": "Feature", "properties": { "Name": "226.03", "P.K.": null, "Al.Dist. Izq.": null, "Al.Dist. Der.": null, "Ruta": 158 }, "geometry": { "type": "Point", "coordinates": [ -63.8116747, -32.7684222 ] } },
{ "type": "Feature", "properties": { "Name": "226.11", "P.K.": null, "Al.Dist. Izq.": null, "Al.Dist. Der.": null, "Ruta": 158 }, "geometry": { "type": "Point", "coordinates": [ -63.81254, -32.76868 ] } },
{ "type": "Feature", "properties": { "Name": "226.17", "P.K.": null, "Al.Dist. Izq.": null, "Al.Dist. Der.": null, "Ruta": 158 }, "geometry": { "type": "Point", "coordinates": [ -63.81322, -32.76883 ] } },
{ "type": "Feature", "properties": { "Name": "226.26", "P.K.": null, "Al.Dist. Izq.": null, "Al.Dist. Der.": null, "Ruta": 158 }, "geometry": { "type": "Point", "coordinates": [ -63.8141389, -32.7690748 ] } },
{ "type": "Feature", "properties": { "Name": "226.32", "P.K.": null, "Al.Dist. Izq.": null, "Al.Dist. Der.": null, "Ruta": 158 }, "geometry": { "type": "Point", "coordinates": [ -63.8147387, -32.7693088 ] } },
{ "type": "Feature", "properties": { "Name": "226.36", "P.K.": null, "Al.Dist. Izq.": null, "Al.Dist. Der.": null, "Ruta": 158 }, "geometry": { "type": "Point", "coordinates": [ -63.81507, -32.76956 ] } },
{ "type": "Feature", "properties": { "Name": "226.48", "P.K.": null, "Al.Dist. Izq.": null, "Al.Dist. Der.": null, "Ruta": 158 }, "geometry": { "type": "Point", "coordinates": [ -63.8160715, -32.7702303 ] } },
{ "type": "Feature", "properties": { "Name": "226.55", "P.K.": null, "Al.Dist. Izq.": null, "Al.Dist. Der.": null, "Ruta": 158 }, "geometry": { "type": "Point", "coordinates": [ -63.8167635, -32.7706605 ] } },
{ "type": "Feature", "properties": { "Name": "226.55", "P.K.": null, "Al.Dist. Izq.": null, "Al.Dist. Der.": null, "Ruta": 158 }, "geometry": { "type": "Point", "coordinates": [ -63.8167635, -32.7706605 ] } },
{ "type": "Feature", "properties": { "Name": "226.68", "P.K.": null, "Al.Dist. Izq.": null, "Al.Dist. Der.": null, "Ruta": 158 }, "geometry": { "type": "Point", "coordinates": [ -63.817773, -32.771546 ] } },
{ "type": "Feature", "properties": { "Name": "226.69", "P.K.": null, "Al.Dist. Izq.": null, "Al.Dist. Der.": null, "Ruta": 158 }, "geometry": { "type": "Point", "coordinates": [ -63.8179158, -32.7714105 ] } },
{ "type": "Feature", "properties": { "Name": "226.71", "P.K.": null, "Al.Dist. Izq.": null, "Al.Dist. Der.": null, "Ruta": 158 }, "geometry": { "type": "Point", "coordinates": [ -63.8180605, -32.7715823 ] } },
{ "type": "Feature", "properties": { "Name": "226.71", "P.K.": null, "Al.Dist. Izq.": 40, "Al.Dist. Der.": 10, "Ruta": 158 }, "geometry": { "type": "Point", "coordinates": [ -63.8180605, -32.7715823 ] } },
{ "type": "Feature", "properties": { "Name": "226.72", "P.K.": null, "Al.Dist. Izq.": 40, "Al.Dist. Der.": 10, "Ruta": 158 }, "geometry": { "type": "Point", "coordinates": [ -63.8181739, -32.7716015 ] } },
{ "type": "Feature", "properties": { "Name": "226.88", "P.K.": null, "Al.Dist. Izq.": 40, "Al.Dist. Der.": 10, "Ruta": 158 }, "geometry": { "type": "Point", "coordinates": [ -63.8195499, -32.7725467 ] } },
{ "type": "Feature", "properties": { "Name": "227", "P.K.": "PK227", "Al.Dist. Izq.": 40, "Al.Dist. Der.": 10, "Ruta": 158 }, "geometry": { "type": "Point", "coordinates": [ -63.8205288, -32.7732665 ] } },
{ "type": "Feature", "properties": { "Name": "227.02", "P.K.": null, "Al.Dist. Izq.": 40, "Al.Dist. Der.": 10, "Ruta": 158 }, "geometry": { "type": "Point", "coordinates": [ -63.8207516, -32.7734071 ] } },
{ "type": "Feature", "properties": { "Name": "227.04", "P.K.": null, "Al.Dist. Izq.": 40, "Al.Dist. Der.": 10, "Ruta": 158 }, "geometry": { "type": "Point", "coordinates": [ -63.820887, -32.773535 ] } },
{ "type": "Feature", "properties": { "Name": "227.1", "P.K.": null, "Al.Dist. Izq.": 40, "Al.Dist. Der.": 10, "Ruta": 158 }, "geometry": { "type": "Point", "coordinates": [ -63.8214311, -32.7738622 ] } },
{ "type": "Feature", "properties": { "Name": "227.1", "P.K.": null, "Al.Dist. Izq.": 40, "Al.Dist. Der.": 10, "Ruta": 158 }, "geometry": { "type": "Point", "coordinates": [ -63.8214311, -32.7738622 ] } },
{ "type": "Feature", "properties": { "Name": "228.46", "P.K.": null, "Al.Dist. Izq.": 40, "Al.Dist. Der.": 10, "Ruta": 158 }, "geometry": { "type": "Point", "coordinates": [ -63.8331192, -32.7822516 ] } },
{ "type": "Feature", "properties": { "Name": "228.53", "P.K.": null, "Al.Dist. Izq.": 40, "Al.Dist. Der.": 10, "Ruta": 158 }, "geometry": { "type": "Point", "coordinates": [ -63.8339737, -32.7823419 ] } },
{ "type": "Feature", "properties": { "Name": "228.96", "P.K.": null, "Al.Dist. Izq.": 40, "Al.Dist. Der.": 10, "Ruta": 158 }, "geometry": { "type": "Point", "coordinates": [ -63.8376189, -32.785052 ] } },
{ "type": "Feature", "properties": { "Name": "229", "P.K.": "PK229", "Al.Dist. Izq.": 40, "Al.Dist. Der.": 10, "Ruta": 158 }, "geometry": { "type": "Point", "coordinates": [ -63.8380494, -32.785128 ] } },
{ "type": "Feature", "properties": { "Name": "229.52", "P.K.": null, "Al.Dist. Izq.": 40, "Al.Dist. Der.": 10, "Ruta": 158 }, "geometry": { "type": "Point", "coordinates": [ -63.8425959, -32.7882167 ] } },
{ "type": "Feature", "properties": { "Name": "229.58", "P.K.": null, "Al.Dist. Izq.": 40, "Al.Dist. Der.": 10, "Ruta": 158 }, "geometry": { "type": "Point", "coordinates": [ -63.8432851, -32.788382 ] } },
{ "type": "Feature", "properties": { "Name": "229.62", "P.K.": null, "Al.Dist. Izq.": 40, "Al.Dist. Der.": 10, "Ruta": 158 }, "geometry": { "type": "Point", "coordinates": [ -63.8434663, -32.7888048 ] } },
{ "type": "Feature", "properties": { "Name": "230", "P.K.": "PK230", "Al.Dist. Izq.": 40, "Al.Dist. Der.": 10, "Ruta": 158 }, "geometry": { "type": "Point", "coordinates": [ -63.846759, -32.7910663 ] } },
{ "type": "Feature", "properties": { "Name": "230.6", "P.K.": null, "Al.Dist. Izq.": 40, "Al.Dist. Der.": 10, "Ruta": 158 }, "geometry": { "type": "Point", "coordinates": [ -63.8515252, -32.7940175 ] } },
{ "type": "Feature", "properties": { "Name": "230.69", "P.K.": null, "Al.Dist. Izq.": 40, "Al.Dist. Der.": 10, "Ruta": 158 }, "geometry": { "type": "Point", "coordinates": [ -63.8521166, -32.7948059 ] } },
{ "type": "Feature", "properties": { "Name": "230.71", "P.K.": null, "Al.Dist. Izq.": 40, "Al.Dist. Der.": 10, "Ruta": 158 }, "geometry": { "type": "Point", "coordinates": [ -63.8523748, -32.7948535 ] } },
{ "type": "Feature", "properties": { "Name": "230.71", "P.K.": null, "Al.Dist. Izq.": 40, "Al.Dist. Der.": 10, "Ruta": 158 }, "geometry": { "type": "Point", "coordinates": [ -63.8523748, -32.7948535 ] } },
{ "type": "Feature", "properties": { "Name": "230.74", "P.K.": null, "Al.Dist. Izq.": 40, "Al.Dist. Der.": 10, "Ruta": 158 }, "geometry": { "type": "Point", "coordinates": [ -63.8526091, -32.7949882 ] } },
{ "type": "Feature", "properties": { "Name": "230.74", "P.K.": null, "Al.Dist. Izq.": 40, "Al.Dist. Der.": 10, "Ruta": 158 }, "geometry": { "type": "Point", "coordinates": [ -63.8524827, -32.7951074 ] } },
{ "type": "Feature", "properties": { "Name": "230.81", "P.K.": null, "Al.Dist. Izq.": 40, "Al.Dist. Der.": 10, "Ruta": 158 }, "geometry": { "type": "Point", "coordinates": [ -63.8530708, -32.7954383 ] } },
{ "type": "Feature", "properties": { "Name": "230.86", "P.K.": null, "Al.Dist. Izq.": 40, "Al.Dist. Der.": 10, "Ruta": 158 }, "geometry": { "type": "Point", "coordinates": [ -63.853444, -32.7957218 ] } },
{ "type": "Feature", "properties": { "Name": "230.94", "P.K.": null, "Al.Dist. Izq.": 40, "Al.Dist. Der.": 10, "Ruta": 158 }, "geometry": { "type": "Point", "coordinates": [ -63.8540615, -32.7960155 ] } },
{ "type": "Feature", "properties": { "Name": "231", "P.K.": "PK231", "Al.Dist. Izq.": 40, "Al.Dist. Der.": 10, "Ruta": 158 }, "geometry": { "type": "Point", "coordinates": [ -63.8546466, -32.7963309 ] } },
{ "type": "Feature", "properties": { "Name": "231.03", "P.K.": null, "Al.Dist. Izq.": 40, "Al.Dist. Der.": 10, "Ruta": 158 }, "geometry": { "type": "Point", "coordinates": [ -63.8549395, -32.7966498 ] } },
{ "type": "Feature", "properties": { "Name": "231.04", "P.K.": null, "Al.Dist. Izq.": 40, "Al.Dist. Der.": 10, "Ruta": 158 }, "geometry": { "type": "Point", "coordinates": [ -63.854999, -32.796669 ] } },
{ "type": "Feature", "properties": { "Name": "231.05", "P.K.": null, "Al.Dist. Izq.": 40, "Al.Dist. Der.": 10, "Ruta": 158 }, "geometry": { "type": "Point", "coordinates": [ -63.8550581, -32.7966888 ] } },
{ "type": "Feature", "properties": { "Name": "231.08", "P.K.": null, "Al.Dist. Izq.": 40, "Al.Dist. Der.": 10, "Ruta": 158 }, "geometry": { "type": "Point", "coordinates": [ -63.8553491, -32.7969282 ] } },
{ "type": "Feature", "properties": { "Name": "231.09", "P.K.": null, "Al.Dist. Izq.": 40, "Al.Dist. Der.": 10, "Ruta": 158 }, "geometry": { "type": "Point", "coordinates": [ -63.8554295, -32.7969829 ] } },
{ "type": "Feature", "properties": { "Name": "231.11", "P.K.": null, "Al.Dist. Izq.": 40, "Al.Dist. Der.": 10, "Ruta": 158 }, "geometry": { "type": "Point", "coordinates": [ -63.8557332, -32.7971087 ] } },
{ "type": "Feature", "properties": { "Name": "231.14", "P.K.": null, "Al.Dist. Izq.": null, "Al.Dist. Der.": null, "Ruta": 158 }, "geometry": { "type": "Point", "coordinates": [ -63.8560276, -32.797193 ] } },
{ "type": "Feature", "properties": { "Name": "231.25", "P.K.": null, "Al.Dist. Izq.": null, "Al.Dist. Der.": null, "Ruta": 158 }, "geometry": { "type": "Point", "coordinates": [ -63.8568306, -32.7981972 ] } },
{ "type": "Feature", "properties": { "Name": "231.26", "P.K.": null, "Al.Dist. Izq.": null, "Al.Dist. Der.": null, "Ruta": 158 }, "geometry": { "type": "Point", "coordinates": [ -63.8569235, -32.7983423 ] } },
{ "type": "Feature", "properties": { "Name": "231.51", "P.K.": null, "Al.Dist. Izq.": null, "Al.Dist. Der.": null, "Ruta": 158 }, "geometry": { "type": "Point", "coordinates": [ -63.8593589, -32.7998312 ] } },
{ "type": "Feature", "properties": { "Name": "231.86", "P.K.": null, "Al.Dist. Izq.": null, "Al.Dist. Der.": null, "Ruta": 158 }, "geometry": { "type": "Point", "coordinates": [ -63.8629363, -32.8020006 ] } },
{ "type": "Feature", "properties": { "Name": "231.87", "P.K.": null, "Al.Dist. Izq.": null, "Al.Dist. Der.": null, "Ruta": 158 }, "geometry": { "type": "Point", "coordinates": [ -63.86297, -32.80209 ] } },
{ "type": "Feature", "properties": { "Name": "231.97", "P.K.": null, "Al.Dist. Izq.": null, "Al.Dist. Der.": null, "Ruta": 158 }, "geometry": { "type": "Point", "coordinates": [ -63.8645886, -32.8022754 ] } },
{ "type": "Feature", "properties": { "Name": "232", "P.K.": "PK232", "Al.Dist. Izq.": null, "Al.Dist. Der.": null, "Ruta": 158 }, "geometry": { "type": "Point", "coordinates": [ -63.8639193, -32.8031566 ] } },
{ "type": "Feature", "properties": { "Name": "232.03", "P.K.": null, "Al.Dist. Izq.": null, "Al.Dist. Der.": null, "Ruta": 158 }, "geometry": { "type": "Point", "coordinates": [ -63.86414, -32.80339 ] } },
{ "type": "Feature", "properties": { "Name": "232.05", "P.K.": null, "Al.Dist. Izq.": null, "Al.Dist. Der.": null, "Ruta": 158 }, "geometry": { "type": "Point", "coordinates": [ -63.86425, -32.80354 ] } },
{ "type": "Feature", "properties": { "Name": "232.18", "P.K.": null, "Al.Dist. Izq.": null, "Al.Dist. Der.": null, "Ruta": 158 }, "geometry": { "type": "Point", "coordinates": [ -63.8650703, -32.8044538 ] } },
{ "type": "Feature", "properties": { "Name": "232.2", "P.K.": null, "Al.Dist. Izq.": null, "Al.Dist. Der.": null, "Ruta": 158 }, "geometry": { "type": "Point", "coordinates": [ -63.86528, -32.80448 ] } },
{ "type": "Feature", "properties": { "Name": "232.78", "P.K.": null, "Al.Dist. Izq.": null, "Al.Dist. Der.": null, "Ruta": 158 }, "geometry": { "type": "Point", "coordinates": [ -63.8697384, -32.8076125 ] } },
{ "type": "Feature", "properties": { "Name": "232.78", "P.K.": null, "Al.Dist. Izq.": null, "Al.Dist. Der.": null, "Ruta": 158 }, "geometry": { "type": "Point", "coordinates": [ -63.8698393, -32.807444 ] } },
{ "type": "Feature", "properties": { "Name": "233", "P.K.": "PK233", "Al.Dist. Izq.": null, "Al.Dist. Der.": null, "Ruta": 158 }, "geometry": { "type": "Point", "coordinates": [ -63.8715495, -32.8086577 ] } },
{ "type": "Feature", "properties": { "Name": "233.21", "P.K.": null, "Al.Dist. Izq.": null, "Al.Dist. Der.": null, "Ruta": 158 }, "geometry": { "type": "Point", "coordinates": [ -63.8733533, -32.8100664 ] } },
{ "type": "Feature", "properties": { "Name": "233.31", "P.K.": null, "Al.Dist. Izq.": null, "Al.Dist. Der.": null, "Ruta": 158 }, "geometry": { "type": "Point", "coordinates": [ -63.874272, -32.8107475 ] } },
{ "type": "Feature", "properties": { "Name": "233.44", "P.K.": null, "Al.Dist. Izq.": null, "Al.Dist. Der.": null, "Ruta": 158 }, "geometry": { "type": "Point", "coordinates": [ -63.8755662, -32.8114128 ] } },
{ "type": "Feature", "properties": { "Name": "233.96", "P.K.": null, "Al.Dist. Izq.": null, "Al.Dist. Der.": null, "Ruta": 158 }, "geometry": { "type": "Point", "coordinates": [ -63.8803676, -32.8146913 ] } },
{ "type": "Feature", "properties": { "Name": "234", "P.K.": null, "Al.Dist. Izq.": null, "Al.Dist. Der.": null, "Ruta": 158 }, "geometry": { "type": "Point", "coordinates": [ -63.8806499, -32.814902 ] } },
{ "type": "Feature", "properties": { "Name": "234.05", "P.K.": null, "Al.Dist. Izq.": null, "Al.Dist. Der.": null, "Ruta": 158 }, "geometry": { "type": "Point", "coordinates": [ -63.88117, -32.81531 ] } },
{ "type": "Feature", "properties": { "Name": "234.1", "P.K.": null, "Al.Dist. Izq.": null, "Al.Dist. Der.": null, "Ruta": 158 }, "geometry": { "type": "Point", "coordinates": [ -63.881641, -32.8155025 ] } },
{ "type": "Feature", "properties": { "Name": "234.16", "P.K.": null, "Al.Dist. Izq.": null, "Al.Dist. Der.": null, "Ruta": 158 }, "geometry": { "type": "Point", "coordinates": [ -63.8823, -32.81582 ] } },
{ "type": "Feature", "properties": { "Name": "234.21", "P.K.": null, "Al.Dist. Izq.": null, "Al.Dist. Der.": null, "Ruta": 158 }, "geometry": { "type": "Point", "coordinates": [ -63.88291, -32.81602 ] } },
{ "type": "Feature", "properties": { "Name": "234.29", "P.K.": null, "Al.Dist. Izq.": null, "Al.Dist. Der.": null, "Ruta": 158 }, "geometry": { "type": "Point", "coordinates": [ -63.8835987, -32.8163137 ] } },
{ "type": "Feature", "properties": { "Name": "234.3", "P.K.": null, "Al.Dist. Izq.": null, "Al.Dist. Der.": null, "Ruta": 158 }, "geometry": { "type": "Point", "coordinates": [ -63.8838547, -32.8163116 ] } },
{ "type": "Feature", "properties": { "Name": "234.3", "P.K.": null, "Al.Dist. Izq.": 35, "Al.Dist. Der.": 15, "Ruta": 158 }, "geometry": { "type": "Point", "coordinates": [ -63.8838547, -32.8163116 ] } },
{ "type": "Feature", "properties": { "Name": "234.38", "P.K.": null, "Al.Dist. Izq.": 35, "Al.Dist. Der.": 15, "Ruta": 158 }, "geometry": { "type": "Point", "coordinates": [ -63.88453, -32.81672 ] } },
{ "type": "Feature", "properties": { "Name": "234.39", "P.K.": null, "Al.Dist. Izq.": 35, "Al.Dist. Der.": 15, "Ruta": 158 }, "geometry": { "type": "Point", "coordinates": [ -63.8846879, -32.8168121 ] } },
{ "type": "Feature", "properties": { "Name": "234.5", "P.K.": null, "Al.Dist. Izq.": 35, "Al.Dist. Der.": 15, "Ruta": 158 }, "geometry": { "type": "Point", "coordinates": [ -63.8856924, -32.8175073 ] } },
{ "type": "Feature", "properties": { "Name": "234.61", "P.K.": null, "Al.Dist. Izq.": 35, "Al.Dist. Der.": 15, "Ruta": 158 }, "geometry": { "type": "Point", "coordinates": [ -63.8866978, -32.8181829 ] } },
{ "type": "Feature", "properties": { "Name": "234.64", "P.K.": null, "Al.Dist. Izq.": 35, "Al.Dist. Der.": 15, "Ruta": 158 }, "geometry": { "type": "Point", "coordinates": [ -63.886936, -32.818423 ] } },
{ "type": "Feature", "properties": { "Name": "234.66", "P.K.": null, "Al.Dist. Izq.": 35, "Al.Dist. Der.": 15, "Ruta": 158 }, "geometry": { "type": "Point", "coordinates": [ -63.8871004, -32.8184561 ] } },
{ "type": "Feature", "properties": { "Name": "234.69", "P.K.": null, "Al.Dist. Izq.": 35, "Al.Dist. Der.": 15, "Ruta": 158 }, "geometry": { "type": "Point", "coordinates": [ -63.8875, -32.8187272 ] } },
{ "type": "Feature", "properties": { "Name": "234.72", "P.K.": null, "Al.Dist. Izq.": 35, "Al.Dist. Der.": 15, "Ruta": 158 }, "geometry": { "type": "Point", "coordinates": [ -63.887726, -32.818903 ] } },
{ "type": "Feature", "properties": { "Name": "234.86", "P.K.": null, "Al.Dist. Izq.": 35, "Al.Dist. Der.": 15, "Ruta": 158 }, "geometry": { "type": "Point", "coordinates": [ -63.8887804, -32.8202869 ] } },
{ "type": "Feature", "properties": { "Name": "235", "P.K.": "PK235", "Al.Dist. Izq.": 35, "Al.Dist. Der.": 15, "Ruta": 158 }, "geometry": { "type": "Point", "coordinates": [ -63.8902604, -32.8206044 ] } },
{ "type": "Feature", "properties": { "Name": "235", "P.K.": null, "Al.Dist. Izq.": 35, "Al.Dist. Der.": 15, "Ruta": 158 }, "geometry": { "type": "Point", "coordinates": [ -63.8902604, -32.8206044 ] } },
{ "type": "Feature", "properties": { "Name": "235.04", "P.K.": null, "Al.Dist. Izq.": 35, "Al.Dist. Der.": 15, "Ruta": 158 }, "geometry": { "type": "Point", "coordinates": [ -63.8901715, -32.8212133 ] } },
{ "type": "Feature", "properties": { "Name": "235.11", "P.K.": null, "Al.Dist. Izq.": 35, "Al.Dist. Der.": 15, "Ruta": 158 }, "geometry": { "type": "Point", "coordinates": [ -63.8910713, -32.8209484 ] } },
{ "type": "Feature", "properties": { "Name": "235.17", "P.K.": null, "Al.Dist. Izq.": 35, "Al.Dist. Der.": 15, "Ruta": 158 }, "geometry": { "type": "Point", "coordinates": [ -63.8913784, -32.8214105 ] } },
{ "type": "Feature", "properties": { "Name": "235.2", "P.K.": null, "Al.Dist. Izq.": 35, "Al.Dist. Der.": 15, "Ruta": 158 }, "geometry": { "type": "Point", "coordinates": [ -63.8915869, -32.8215004 ] } },
{ "type": "Feature", "properties": { "Name": "235.28", "P.K.": null, "Al.Dist. Izq.": 35, "Al.Dist. Der.": 15, "Ruta": 158 }, "geometry": { "type": "Point", "coordinates": [ -63.8921426, -32.8219487 ] } },
{ "type": "Feature", "properties": { "Name": "235.37", "P.K.": null, "Al.Dist. Izq.": 35, "Al.Dist. Der.": 15, "Ruta": 158 }, "geometry": { "type": "Point", "coordinates": [ -63.8927025, -32.8223175 ] } },
{ "type": "Feature", "properties": { "Name": "235.89", "P.K.": null, "Al.Dist. Izq.": 35, "Al.Dist. Der.": 15, "Ruta": 158 }, "geometry": { "type": "Point", "coordinates": [ -63.896371, -32.8246909 ] } },
{ "type": "Feature", "properties": { "Name": "236", "P.K.": "PK236", "Al.Dist. Izq.": 35, "Al.Dist. Der.": 15, "Ruta": 158 }, "geometry": { "type": "Point", "coordinates": [ -63.8971251, -32.8251569 ] } },
{ "type": "Feature", "properties": { "Name": "236.03", "P.K.": null, "Al.Dist. Izq.": 35, "Al.Dist. Der.": 15, "Ruta": 158 }, "geometry": { "type": "Point", "coordinates": [ -63.8972853, -32.8255071 ] } },
{ "type": "Feature", "properties": { "Name": "236.04", "P.K.": null, "Al.Dist. Izq.": 35, "Al.Dist. Der.": 15, "Ruta": 158 }, "geometry": { "type": "Point", "coordinates": [ -63.8972679, -32.8256872 ] } },
{ "type": "Feature", "properties": { "Name": "236.08", "P.K.": null, "Al.Dist. Izq.": 35, "Al.Dist. Der.": 15, "Ruta": 158 }, "geometry": { "type": "Point", "coordinates": [ -63.8977943, -32.8258179 ] } },
{ "type": "Feature", "properties": { "Name": "236.15", "P.K.": null, "Al.Dist. Izq.": 35, "Al.Dist. Der.": 15, "Ruta": 158 }, "geometry": { "type": "Point", "coordinates": [ -63.8983458, -32.8262718 ] } },
{ "type": "Feature", "properties": { "Name": "236.23", "P.K.": null, "Al.Dist. Izq.": 35, "Al.Dist. Der.": 15, "Ruta": 158 }, "geometry": { "type": "Point", "coordinates": [ -63.8990647, -32.8267964 ] } },
{ "type": "Feature", "properties": { "Name": "237", "P.K.": "PK237", "Al.Dist. Izq.": 35, "Al.Dist. Der.": 15, "Ruta": 158 }, "geometry": { "type": "Point", "coordinates": [ -63.90602, -32.8312375 ] } },
{ "type": "Feature", "properties": { "Name": "237.23", "P.K.": null, "Al.Dist. Izq.": 35, "Al.Dist. Der.": 15, "Ruta": 158 }, "geometry": { "type": "Point", "coordinates": [ -63.9080601, -32.832576 ] } },
{ "type": "Feature", "properties": { "Name": "237.31", "P.K.": null, "Al.Dist. Izq.": 35, "Al.Dist. Der.": 15, "Ruta": 158 }, "geometry": { "type": "Point", "coordinates": [ -63.9085949, -32.8331251 ] } },
{ "type": "Feature", "properties": { "Name": "238", "P.K.": "PK238", "Al.Dist. Izq.": 35, "Al.Dist. Der.": 15, "Ruta": 158 }, "geometry": { "type": "Point", "coordinates": [ -63.9145326, -32.8371544 ] } },
{ "type": "Feature", "properties": { "Name": "238.22", "P.K.": null, "Al.Dist. Izq.": 35, "Al.Dist. Der.": 15, "Ruta": 158 }, "geometry": { "type": "Point", "coordinates": [ -63.9164839, -32.8384561 ] } },
{ "type": "Feature", "properties": { "Name": "238.52", "P.K.": null, "Al.Dist. Izq.": 35, "Al.Dist. Der.": 15, "Ruta": 158 }, "geometry": { "type": "Point", "coordinates": [ -63.9189905, -32.8404212 ] } },
{ "type": "Feature", "properties": { "Name": "238.53", "P.K.": null, "Al.Dist. Izq.": 35, "Al.Dist. Der.": 15, "Ruta": 158 }, "geometry": { "type": "Point", "coordinates": [ -63.9192023, -32.8403376 ] } },
{ "type": "Feature", "properties": { "Name": "238.66", "P.K.": null, "Al.Dist. Izq.": 35, "Al.Dist. Der.": 15, "Ruta": 158 }, "geometry": { "type": "Point", "coordinates": [ -63.9203564, -32.8408883 ] } },
{ "type": "Feature", "properties": { "Name": "238.7", "P.K.": null, "Al.Dist. Izq.": 35, "Al.Dist. Der.": 15, "Ruta": 158 }, "geometry": { "type": "Point", "coordinates": [ -63.9208361, -32.8410982 ] } },
{ "type": "Feature", "properties": { "Name": "238.79", "P.K.": null, "Al.Dist. Izq.": 35, "Al.Dist. Der.": 15, "Ruta": 158 }, "geometry": { "type": "Point", "coordinates": [ -63.9214762, -32.8417753 ] } },
{ "type": "Feature", "properties": { "Name": "239", "P.K.": "PK239", "Al.Dist. Izq.": 35, "Al.Dist. Der.": 15, "Ruta": 158 }, "geometry": { "type": "Point", "coordinates": [ -63.9233537, -32.842966 ] } },
{ "type": "Feature", "properties": { "Name": "239.11", "P.K.": null, "Al.Dist. Izq.": 35, "Al.Dist. Der.": 15, "Ruta": 158 }, "geometry": { "type": "Point", "coordinates": [ -63.9241708, -32.8438381 ] } },
{ "type": "Feature", "properties": { "Name": "239.8", "P.K.": null, "Al.Dist. Izq.": 35, "Al.Dist. Der.": 15, "Ruta": 158 }, "geometry": { "type": "Point", "coordinates": [ -63.9301577, -32.8476085 ] } },
{ "type": "Feature", "properties": { "Name": "240", "P.K.": "PK240", "Al.Dist. Izq.": 35, "Al.Dist. Der.": 15, "Ruta": 158 }, "geometry": { "type": "Point", "coordinates": [ -63.9317903, -32.8488835 ] } },
{ "type": "Feature", "properties": { "Name": "241", "P.K.": "PK241", "Al.Dist. Izq.": 35, "Al.Dist. Der.": 15, "Ruta": 158 }, "geometry": { "type": "Point", "coordinates": [ -63.9393729, -32.8537714 ] } },
{ "type": "Feature", "properties": { "Name": "241.11", "P.K.": null, "Al.Dist. Izq.": 35, "Al.Dist. Der.": 15, "Ruta": 158 }, "geometry": { "type": "Point", "coordinates": [ -63.9403167, -32.8543823 ] } },
{ "type": "Feature", "properties": { "Name": "241.14", "P.K.": null, "Al.Dist. Izq.": 35, "Al.Dist. Der.": 15, "Ruta": 158 }, "geometry": { "type": "Point", "coordinates": [ -63.940317, -32.8549878 ] } },
{ "type": "Feature", "properties": { "Name": "241.15", "P.K.": null, "Al.Dist. Izq.": 35, "Al.Dist. Der.": 15, "Ruta": 158 }, "geometry": { "type": "Point", "coordinates": [ -63.9405387, -32.8547727 ] } },
{ "type": "Feature", "properties": { "Name": "241.21", "P.K.": null, "Al.Dist. Izq.": 35, "Al.Dist. Der.": 15, "Ruta": 158 }, "geometry": { "type": "Point", "coordinates": [ -63.9410607, -32.8550371 ] } },
{ "type": "Feature", "properties": { "Name": "242", "P.K.": "PK242", "Al.Dist. Izq.": 35, "Al.Dist. Der.": 15, "Ruta": 158 }, "geometry": { "type": "Point", "coordinates": [ -63.9475932, -32.8594524 ] } },
{ "type": "Feature", "properties": { "Name": "242.41", "P.K.": null, "Al.Dist. Izq.": 35, "Al.Dist. Der.": 15, "Ruta": 158 }, "geometry": { "type": "Point", "coordinates": [ -63.9508517, -32.8619744 ] } },
{ "type": "Feature", "properties": { "Name": "242.52", "P.K.": null, "Al.Dist. Izq.": 35, "Al.Dist. Der.": 15, "Ruta": 158 }, "geometry": { "type": "Point", "coordinates": [ -63.9522123, -32.8618786 ] } },
{ "type": "Feature", "properties": { "Name": "243", "P.K.": "PK243", "Al.Dist. Izq.": 35, "Al.Dist. Der.": 15, "Ruta": 158 }, "geometry": { "type": "Point", "coordinates": [ -63.955991, -32.8650401 ] } },
{ "type": "Feature", "properties": { "Name": "243.8", "P.K.": null, "Al.Dist. Izq.": 35, "Al.Dist. Der.": 15, "Ruta": 158 }, "geometry": { "type": "Point", "coordinates": [ -63.9625854, -32.8694608 ] } },
{ "type": "Feature", "properties": { "Name": "243.87", "P.K.": null, "Al.Dist. Izq.": 35, "Al.Dist. Der.": 15, "Ruta": 158 }, "geometry": { "type": "Point", "coordinates": [ -63.963131, -32.869887 ] } },
{ "type": "Feature", "properties": { "Name": "243.95", "P.K.": null, "Al.Dist. Izq.": 35, "Al.Dist. Der.": 15, "Ruta": 158 }, "geometry": { "type": "Point", "coordinates": [ -63.9638001, -32.8703887 ] } },
{ "type": "Feature", "properties": { "Name": "244", "P.K.": "PK244", "Al.Dist. Izq.": 35, "Al.Dist. Der.": 15, "Ruta": 158 }, "geometry": { "type": "Point", "coordinates": [ -63.9641853, -32.8706731 ] } },
{ "type": "Feature", "properties": { "Name": "245", "P.K.": "PK245", "Al.Dist. Izq.": 35, "Al.Dist. Der.": 15, "Ruta": 158 }, "geometry": { "type": "Point", "coordinates": [ -63.9727513, -32.8763271 ] } },
{ "type": "Feature", "properties": { "Name": "245.02", "P.K.": null, "Al.Dist. Izq.": 35, "Al.Dist. Der.": 15, "Ruta": 158 }, "geometry": { "type": "Point", "coordinates": [ -63.9729314, -32.8764524 ] } },
{ "type": "Feature", "properties": { "Name": "245.07", "P.K.": null, "Al.Dist. Izq.": 35, "Al.Dist. Der.": 15, "Ruta": 158 }, "geometry": { "type": "Point", "coordinates": [ -63.9733692, -32.8766619 ] } },
{ "type": "Feature", "properties": { "Name": "245.08", "P.K.": null, "Al.Dist. Izq.": 35, "Al.Dist. Der.": 15, "Ruta": 158 }, "geometry": { "type": "Point", "coordinates": [ -63.9735553, -32.8766045 ] } },
{ "type": "Feature", "properties": { "Name": "245.12", "P.K.": null, "Al.Dist. Izq.": 35, "Al.Dist. Der.": 15, "Ruta": 158 }, "geometry": { "type": "Point", "coordinates": [ -63.9736455, -32.8770772 ] } },
{ "type": "Feature", "properties": { "Name": "246", "P.K.": "PK246", "Al.Dist. Izq.": 35, "Al.Dist. Der.": 15, "Ruta": 158 }, "geometry": { "type": "Point", "coordinates": [ -63.9809843, -32.8820064 ] } },
{ "type": "Feature", "properties": { "Name": "246.24", "P.K.": null, "Al.Dist. Izq.": 35, "Al.Dist. Der.": 15, "Ruta": 158 }, "geometry": { "type": "Point", "coordinates": [ -63.9829839, -32.8831943 ] } },
{ "type": "Feature", "properties": { "Name": "246.25", "P.K.": null, "Al.Dist. Izq.": 35, "Al.Dist. Der.": 15, "Ruta": 158 }, "geometry": { "type": "Point", "coordinates": [ -63.9828529, -32.8837371 ] } },
{ "type": "Feature", "properties": { "Name": "246.35", "P.K.": null, "Al.Dist. Izq.": 35, "Al.Dist. Der.": 15, "Ruta": 158 }, "geometry": { "type": "Point", "coordinates": [ -63.983796, -32.8839891 ] } },
{ "type": "Feature", "properties": { "Name": "246.54", "P.K.": null, "Al.Dist. Izq.": 35, "Al.Dist. Der.": 15, "Ruta": 158 }, "geometry": { "type": "Point", "coordinates": [ -63.9855086, -32.88511 ] } },
{ "type": "Feature", "properties": { "Name": "247", "P.K.": "PK247", "Al.Dist. Izq.": 35, "Al.Dist. Der.": 15, "Ruta": 158 }, "geometry": { "type": "Point", "coordinates": [ -63.9894046, -32.8876189 ] } },
{ "type": "Feature", "properties": { "Name": "247.58", "P.K.": null, "Al.Dist. Izq.": 35, "Al.Dist. Der.": 15, "Ruta": 158 }, "geometry": { "type": "Point", "coordinates": [ -63.9938348, -32.8907603 ] } },
{ "type": "Feature", "properties": { "Name": "247.63", "P.K.": null, "Al.Dist. Izq.": 35, "Al.Dist. Der.": 15, "Ruta": 158 }, "geometry": { "type": "Point", "coordinates": [ -63.9944289, -32.8907377 ] } },
{ "type": "Feature", "properties": { "Name": "247.69", "P.K.": null, "Al.Dist. Izq.": 35, "Al.Dist. Der.": 15, "Ruta": 158 }, "geometry": { "type": "Point", "coordinates": [ -63.994673, -32.8912659 ] } },
{ "type": "Feature", "properties": { "Name": "248", "P.K.": "PK248", "Al.Dist. Izq.": 35, "Al.Dist. Der.": 15, "Ruta": 158 }, "geometry": { "type": "Point", "coordinates": [ -63.9968946, -32.8932797 ] } },
{ "type": "Feature", "properties": { "Name": "249", "P.K.": "PK249", "Al.Dist. Izq.": 35, "Al.Dist. Der.": 15, "Ruta": 158 }, "geometry": { "type": "Point", "coordinates": [ -64.0061143, -32.8987738 ] } },
{ "type": "Feature", "properties": { "Name": "249.14", "P.K.": null, "Al.Dist. Izq.": 35, "Al.Dist. Der.": 15, "Ruta": 158 }, "geometry": { "type": "Point", "coordinates": [ -64.0071651, -32.899571 ] } },
{ "type": "Feature", "properties": { "Name": "250", "P.K.": "PK250", "Al.Dist. Izq.": 35, "Al.Dist. Der.": 15, "Ruta": 158 }, "geometry": { "type": "Point", "coordinates": [ -64.0144509, -32.9045634 ] } },
{ "type": "Feature", "properties": { "Name": "250.02", "P.K.": null, "Al.Dist. Izq.": 35, "Al.Dist. Der.": 15, "Ruta": 158 }, "geometry": { "type": "Point", "coordinates": [ -64.0146038, -32.9046641 ] } },
{ "type": "Feature", "properties": { "Name": "250.02", "P.K.": null, "Al.Dist. Izq.": 35, "Al.Dist. Der.": 15, "Ruta": 158 }, "geometry": { "type": "Point", "coordinates": [ -64.0146551, -32.9045862 ] } },
{ "type": "Feature", "properties": { "Name": "250.08", "P.K.": null, "Al.Dist. Izq.": 35, "Al.Dist. Der.": 15, "Ruta": 158 }, "geometry": { "type": "Point", "coordinates": [ -64.0150441, -32.9049639 ] } },
{ "type": "Feature", "properties": { "Name": "250.19", "P.K.": null, "Al.Dist. Izq.": 35, "Al.Dist. Der.": 15, "Ruta": 158 }, "geometry": { "type": "Point", "coordinates": [ -64.0159017, -32.9055441 ] } },
{ "type": "Feature", "properties": { "Name": "250.19", "P.K.": null, "Al.Dist. Izq.": 35, "Al.Dist. Der.": 15, "Ruta": 158 }, "geometry": { "type": "Point", "coordinates": [ -64.0159946, -32.9054965 ] } },
{ "type": "Feature", "properties": { "Name": "250.25", "P.K.": null, "Al.Dist. Izq.": 35, "Al.Dist. Der.": 15, "Ruta": 158 }, "geometry": { "type": "Point", "coordinates": [ -64.016409, -32.9057892 ] } },
{ "type": "Feature", "properties": { "Name": "250.29", "P.K.": null, "Al.Dist. Izq.": 35, "Al.Dist. Der.": 15, "Ruta": 158 }, "geometry": { "type": "Point", "coordinates": [ -64.016653, -32.9060665 ] } },
{ "type": "Feature", "properties": { "Name": "250.29", "P.K.": null, "Al.Dist. Izq.": 35, "Al.Dist. Der.": 15, "Ruta": 158 }, "geometry": { "type": "Point", "coordinates": [ -64.0167518, -32.9060383 ] } },
{ "type": "Feature", "properties": { "Name": "250.39", "P.K.": null, "Al.Dist. Izq.": 35, "Al.Dist. Der.": 15, "Ruta": 158 }, "geometry": { "type": "Point", "coordinates": [ -64.0174825, -32.9064724 ] } },
{ "type": "Feature", "properties": { "Name": "250.4", "P.K.": null, "Al.Dist. Izq.": 35, "Al.Dist. Der.": 15, "Ruta": 158 }, "geometry": { "type": "Point", "coordinates": [ -64.0175234, -32.9066146 ] } },
{ "type": "Feature", "properties": { "Name": "250.4", "P.K.": null, "Al.Dist. Izq.": 35, "Al.Dist. Der.": 15, "Ruta": 158 }, "geometry": { "type": "Point", "coordinates": [ -64.0175999, -32.9066043 ] } },
{ "type": "Feature", "properties": { "Name": "250.45", "P.K.": null, "Al.Dist. Izq.": 35, "Al.Dist. Der.": 15, "Ruta": 158 }, "geometry": { "type": "Point", "coordinates": [ -64.017967, -32.9069422 ] } },
{ "type": "Feature", "properties": { "Name": "250.59", "P.K.": null, "Al.Dist. Izq.": 35, "Al.Dist. Der.": 15, "Ruta": 158 }, "geometry": { "type": "Point", "coordinates": [ -64.0190191, -32.9075969 ] } },
{ "type": "Feature", "properties": { "Name": "250.59", "P.K.": null, "Al.Dist. Izq.": 35, "Al.Dist. Der.": 15, "Ruta": 158 }, "geometry": { "type": "Point", "coordinates": [ -64.0190462, -32.90762 ] } },
{ "type": "Feature", "properties": { "Name": "250.66", "P.K.": null, "Al.Dist. Izq.": 35, "Al.Dist. Der.": 15, "Ruta": 158 }, "geometry": { "type": "Point", "coordinates": [ -64.01962, -32.90794 ] } },
{ "type": "Feature", "properties": { "Name": "250.69", "P.K.": null, "Al.Dist. Izq.": 35, "Al.Dist. Der.": 15, "Ruta": 158 }, "geometry": { "type": "Point", "coordinates": [ -64.0198965, -32.9080239 ] } },
{ "type": "Feature", "properties": { "Name": "250.75", "P.K.": null, "Al.Dist. Izq.": 35, "Al.Dist. Der.": 15, "Ruta": 158 }, "geometry": { "type": "Point", "coordinates": [ -64.020218, -32.9084568 ] } },
{ "type": "Feature", "properties": { "Name": "250.81", "P.K.": null, "Al.Dist. Izq.": 35, "Al.Dist. Der.": 15, "Ruta": 158 }, "geometry": { "type": "Point", "coordinates": [ -64.0207421, -32.9087707 ] } },
{ "type": "Feature", "properties": { "Name": "250.82", "P.K.": null, "Al.Dist. Izq.": 35, "Al.Dist. Der.": 15, "Ruta": 158 }, "geometry": { "type": "Point", "coordinates": [ -64.02077, -32.908793 ] } },
{ "type": "Feature", "properties": { "Name": "250.84", "P.K.": null, "Al.Dist. Izq.": 35, "Al.Dist. Der.": 15, "Ruta": 158 }, "geometry": { "type": "Point", "coordinates": [ -64.0207565, -32.9090764 ] } },
{ "type": "Feature", "properties": { "Name": "250.85", "P.K.": null, "Al.Dist. Izq.": 35, "Al.Dist. Der.": 15, "Ruta": 158 }, "geometry": { "type": "Point", "coordinates": [ -64.020799, -32.90912 ] } },
{ "type": "Feature", "properties": { "Name": "250.87", "P.K.": null, "Al.Dist. Izq.": 35, "Al.Dist. Der.": 15, "Ruta": 158 }, "geometry": { "type": "Point", "coordinates": [ -64.0209787, -32.9092513 ] } },
{ "type": "Feature", "properties": { "Name": "250.89", "P.K.": null, "Al.Dist. Izq.": null, "Al.Dist. Der.": null, "Ruta": 158 }, "geometry": { "type": "Point", "coordinates": [ -64.02108, -32.90942 ] } },
{ "type": "Feature", "properties": { "Name": "250.9", "P.K.": null, "Al.Dist. Izq.": null, "Al.Dist. Der.": null, "Ruta": 158 }, "geometry": { "type": "Point", "coordinates": [ -64.0211379, -32.9095318 ] } },
{ "type": "Feature", "properties": { "Name": "250.91", "P.K.": null, "Al.Dist. Izq.": null, "Al.Dist. Der.": null, "Ruta": 158 }, "geometry": { "type": "Point", "coordinates": [ -64.02117, -32.90958 ] } },
{ "type": "Feature", "properties": { "Name": "251", "P.K.": "PK251", "Al.Dist. Izq.": null, "Al.Dist. Der.": null, "Ruta": 158 }, "geometry": { "type": "Point", "coordinates": [ -64.0216976, -32.9100832 ] } },
{ "type": "Feature", "properties": { "Name": "251.08", "P.K.": null, "Al.Dist. Izq.": null, "Al.Dist. Der.": null, "Ruta": 158 }, "geometry": { "type": "Point", "coordinates": [ -64.02237, -32.91071 ] } },
{ "type": "Feature", "properties": { "Name": "251.15", "P.K.": null, "Al.Dist. Izq.": null, "Al.Dist. Der.": null, "Ruta": 158 }, "geometry": { "type": "Point", "coordinates": [ -64.0228855, -32.9112187 ] } },
{ "type": "Feature", "properties": { "Name": "251.32", "P.K.": null, "Al.Dist. Izq.": null, "Al.Dist. Der.": null, "Ruta": 158 }, "geometry": { "type": "Point", "coordinates": [ -64.0245355, -32.9121317 ] } },
{ "type": "Feature", "properties": { "Name": "251.56", "P.K.": null, "Al.Dist. Izq.": null, "Al.Dist. Der.": null, "Ruta": 158 }, "geometry": { "type": "Point", "coordinates": [ -64.0266288, -32.913644 ] } },
{ "type": "Feature", "properties": { "Name": "251.66", "P.K.": null, "Al.Dist. Izq.": null, "Al.Dist. Der.": null, "Ruta": 158 }, "geometry": { "type": "Point", "coordinates": [ -64.0275703, -32.914272 ] } },
{ "type": "Feature", "properties": { "Name": "251.68", "P.K.": null, "Al.Dist. Izq.": null, "Al.Dist. Der.": null, "Ruta": 158 }, "geometry": { "type": "Point", "coordinates": [ -64.02772, -32.91429 ] } },
{ "type": "Feature", "properties": { "Name": "251.73", "P.K.": null, "Al.Dist. Izq.": null, "Al.Dist. Der.": null, "Ruta": 158 }, "geometry": { "type": "Point", "coordinates": [ -64.0282114, -32.9146201 ] } },
{ "type": "Feature", "properties": { "Name": "251.77", "P.K.": null, "Al.Dist. Izq.": null, "Al.Dist. Der.": null, "Ruta": 158 }, "geometry": { "type": "Point", "coordinates": [ -64.0287, -32.91472 ] } },
{ "type": "Feature", "properties": { "Name": "251.81", "P.K.": null, "Al.Dist. Izq.": null, "Al.Dist. Der.": null, "Ruta": 158 }, "geometry": { "type": "Point", "coordinates": [ -64.0291, -32.91483 ] } },
{ "type": "Feature", "properties": { "Name": "251.95", "P.K.": null, "Al.Dist. Izq.": null, "Al.Dist. Der.": null, "Ruta": 158 }, "geometry": { "type": "Point", "coordinates": [ -64.0306, -32.91544 ] } },
{ "type": "Feature", "properties": { "Name": "252", "P.K.": "PK252", "Al.Dist. Izq.": null, "Al.Dist. Der.": null, "Ruta": 158 }, "geometry": { "type": "Point", "coordinates": [ -64.031033, -32.9156193 ] } },
{ "type": "Feature", "properties": { "Name": "252.08", "P.K.": null, "Al.Dist. Izq.": null, "Al.Dist. Der.": null, "Ruta": 158 }, "geometry": { "type": "Point", "coordinates": [ -64.0317009, -32.9160767 ] } },
{ "type": "Feature", "properties": { "Name": "252.13", "P.K.": null, "Al.Dist. Izq.": null, "Al.Dist. Der.": null, "Ruta": 158 }, "geometry": { "type": "Point", "coordinates": [ -64.0321753, -32.9164227 ] } },
{ "type": "Feature", "properties": { "Name": "252.13", "P.K.": null, "Al.Dist. Izq.": 45, "Al.Dist. Der.": 15, "Ruta": 158 }, "geometry": { "type": "Point", "coordinates": [ -64.0321753, -32.9164227 ] } },
{ "type": "Feature", "properties": { "Name": "252.18", "P.K.": null, "Al.Dist. Izq.": 45, "Al.Dist. Der.": 15, "Ruta": 158 }, "geometry": { "type": "Point", "coordinates": [ -64.0324744, -32.9167243 ] } },
{ "type": "Feature", "properties": { "Name": "252.18", "P.K.": null, "Al.Dist. Izq.": 45, "Al.Dist. Der.": 15, "Ruta": 158 }, "geometry": { "type": "Point", "coordinates": [ -64.0325259, -32.9166856 ] } },
{ "type": "Feature", "properties": { "Name": "252.19", "P.K.": null, "Al.Dist. Izq.": 45, "Al.Dist. Der.": 15, "Ruta": 158 }, "geometry": { "type": "Point", "coordinates": [ -64.0326189, -32.9168194 ] } },
{ "type": "Feature", "properties": { "Name": "252.28", "P.K.": null, "Al.Dist. Izq.": 45, "Al.Dist. Der.": 15, "Ruta": 158 }, "geometry": { "type": "Point", "coordinates": [ -64.0333619, -32.917312 ] } },
{ "type": "Feature", "properties": { "Name": "252.28", "P.K.": null, "Al.Dist. Izq.": 45, "Al.Dist. Der.": 15, "Ruta": 158 }, "geometry": { "type": "Point", "coordinates": [ -64.0334209, -32.9172467 ] } },
{ "type": "Feature", "properties": { "Name": "252.3", "P.K.": null, "Al.Dist. Izq.": 45, "Al.Dist. Der.": 15, "Ruta": 158 }, "geometry": { "type": "Point", "coordinates": [ -64.0335972, -32.9173987 ] } },
{ "type": "Feature", "properties": { "Name": "252.33", "P.K.": null, "Al.Dist. Izq.": 45, "Al.Dist. Der.": 15, "Ruta": 158 }, "geometry": { "type": "Point", "coordinates": [ -64.0338031, -32.9174898 ] } },
{ "type": "Feature", "properties": { "Name": "252.33", "P.K.": null, "Al.Dist. Izq.": 45, "Al.Dist. Der.": 15, "Ruta": 158 }, "geometry": { "type": "Point", "coordinates": [ -64.0337581, -32.9175409 ] } },
{ "type": "Feature", "properties": { "Name": "252.4", "P.K.": null, "Al.Dist. Izq.": 45, "Al.Dist. Der.": 15, "Ruta": 158 }, "geometry": { "type": "Point", "coordinates": [ -64.0343657, -32.9180465 ] } },
{ "type": "Feature", "properties": { "Name": "252.41", "P.K.": null, "Al.Dist. Izq.": 45, "Al.Dist. Der.": 15, "Ruta": 158 }, "geometry": { "type": "Point", "coordinates": [ -64.0344705, -32.9180214 ] } },
{ "type": "Feature", "properties": { "Name": "252.46", "P.K.": null, "Al.Dist. Izq.": 45, "Al.Dist. Der.": 15, "Ruta": 158 }, "geometry": { "type": "Point", "coordinates": [ -64.0348847, -32.9183274 ] } },
{ "type": "Feature", "properties": { "Name": "252.46", "P.K.": null, "Al.Dist. Izq.": 45, "Al.Dist. Der.": 15, "Ruta": 158 }, "geometry": { "type": "Point", "coordinates": [ -64.0349437, -32.9182421 ] } },
{ "type": "Feature", "properties": { "Name": "252.52", "P.K.": null, "Al.Dist. Izq.": 45, "Al.Dist. Der.": 15, "Ruta": 158 }, "geometry": { "type": "Point", "coordinates": [ -64.0352485, -32.9185759 ] } },
{ "type": "Feature", "properties": { "Name": "252.52", "P.K.": null, "Al.Dist. Izq.": 45, "Al.Dist. Der.": 15, "Ruta": 158 }, "geometry": { "type": "Point", "coordinates": [ -64.0352737, -32.9185586 ] } },
{ "type": "Feature", "properties": { "Name": "252.66", "P.K.": null, "Al.Dist. Izq.": 45, "Al.Dist. Der.": 15, "Ruta": 158 }, "geometry": { "type": "Point", "coordinates": [ -64.0364941, -32.919367 ] } },
{ "type": "Feature", "properties": { "Name": "252.78", "P.K.": null, "Al.Dist. Izq.": 45, "Al.Dist. Der.": 15, "Ruta": 158 }, "geometry": { "type": "Point", "coordinates": [ -64.0374561, -32.919998 ] } },
{ "type": "Feature", "properties": { "Name": "252.79", "P.K.": null, "Al.Dist. Izq.": 45, "Al.Dist. Der.": 15, "Ruta": 158 }, "geometry": { "type": "Point", "coordinates": [ -64.0375317, -32.9200943 ] } },
{ "type": "Feature", "properties": { "Name": "252.79", "P.K.": null, "Al.Dist. Izq.": 45, "Al.Dist. Der.": 15, "Ruta": 158 }, "geometry": { "type": "Point", "coordinates": [ -64.0375526, -32.9200807 ] } },
{ "type": "Feature", "properties": { "Name": "252.85", "P.K.": null, "Al.Dist. Izq.": 45, "Al.Dist. Der.": 15, "Ruta": 158 }, "geometry": { "type": "Point", "coordinates": [ -64.0381184, -32.9203789 ] } },
{ "type": "Feature", "properties": { "Name": "252.92", "P.K.": null, "Al.Dist. Izq.": 45, "Al.Dist. Der.": 15, "Ruta": 158 }, "geometry": { "type": "Point", "coordinates": [ -64.038567, -32.9208646 ] } },
{ "type": "Feature", "properties": { "Name": "253", "P.K.": "PK253", "Al.Dist. Izq.": 45, "Al.Dist. Der.": 15, "Ruta": 158 }, "geometry": { "type": "Point", "coordinates": [ -64.0393349, -32.9212799 ] } },
{ "type": "Feature", "properties": { "Name": "253.09", "P.K.": null, "Al.Dist. Izq.": 45, "Al.Dist. Der.": 15, "Ruta": 158 }, "geometry": { "type": "Point", "coordinates": [ -64.0399581, -32.9217652 ] } },
{ "type": "Feature", "properties": { "Name": "253.41", "P.K.": null, "Al.Dist. Izq.": 45, "Al.Dist. Der.": 15, "Ruta": 158 }, "geometry": { "type": "Point", "coordinates": [ -64.0421823, -32.9237935 ] } },
{ "type": "Feature", "properties": { "Name": "253.61", "P.K.": null, "Al.Dist. Izq.": 45, "Al.Dist. Der.": 15, "Ruta": 158 }, "geometry": { "type": "Point", "coordinates": [ -64.044026, -32.924388 ] } },
{ "type": "Feature", "properties": { "Name": "254", "P.K.": "PK254", "Al.Dist. Izq.": 45, "Al.Dist. Der.": 15, "Ruta": 158 }, "geometry": { "type": "Point", "coordinates": [ -64.0468946, -32.9265177 ] } },
{ "type": "Feature", "properties": { "Name": "254.84", "P.K.": null, "Al.Dist. Izq.": 45, "Al.Dist. Der.": 15, "Ruta": 158 }, "geometry": { "type": "Point", "coordinates": [ -64.0543314, -32.9317536 ] } },
{ "type": "Feature", "properties": { "Name": "255", "P.K.": "PK255", "Al.Dist. Izq.": 45, "Al.Dist. Der.": 15, "Ruta": 158 }, "geometry": { "type": "Point", "coordinates": [ -64.0561003, -32.9322391 ] } },
{ "type": "Feature", "properties": { "Name": "256", "P.K.": "PK256", "Al.Dist. Izq.": 45, "Al.Dist. Der.": 15, "Ruta": 158 }, "geometry": { "type": "Point", "coordinates": [ -64.0640601, -32.9379952 ] } },
{ "type": "Feature", "properties": { "Name": "256.66", "P.K.": null, "Al.Dist. Izq.": 45, "Al.Dist. Der.": 15, "Ruta": 158 }, "geometry": { "type": "Point", "coordinates": [ -64.0699106, -32.9417964 ] } },
{ "type": "Feature", "properties": { "Name": "256.81", "P.K.": null, "Al.Dist. Izq.": 45, "Al.Dist. Der.": 15, "Ruta": 158 }, "geometry": { "type": "Point", "coordinates": [ -64.0712581, -32.9424694 ] } },
{ "type": "Feature", "properties": { "Name": "256.9", "P.K.": null, "Al.Dist. Izq.": 45, "Al.Dist. Der.": 15, "Ruta": 158 }, "geometry": { "type": "Point", "coordinates": [ -64.0718677, -32.9433537 ] } },
{ "type": "Feature", "properties": { "Name": "256.95", "P.K.": null, "Al.Dist. Izq.": 45, "Al.Dist. Der.": 15, "Ruta": 158 }, "geometry": { "type": "Point", "coordinates": [ -64.0723562, -32.9435954 ] } },
{ "type": "Feature", "properties": { "Name": "257", "P.K.": "PK257", "Al.Dist. Izq.": 45, "Al.Dist. Der.": 15, "Ruta": 158 }, "geometry": { "type": "Point", "coordinates": [ -64.0728685, -32.9436948 ] } },
{ "type": "Feature", "properties": { "Name": "258", "P.K.": "PK258", "Al.Dist. Izq.": 45, "Al.Dist. Der.": 15, "Ruta": 158 }, "geometry": { "type": "Point", "coordinates": [ -64.0807448, -32.9495427 ] } },
{ "type": "Feature", "properties": { "Name": "259", "P.K.": "PK259", "Al.Dist. Izq.": 45, "Al.Dist. Der.": 15, "Ruta": 158 }, "geometry": { "type": "Point", "coordinates": [ -64.08965, -32.9550578 ] } },
{ "type": "Feature", "properties": { "Name": "259.2", "P.K.": null, "Al.Dist. Izq.": 45, "Al.Dist. Der.": 15, "Ruta": 158 }, "geometry": { "type": "Point", "coordinates": [ -64.0912307, -32.9562254 ] } },
{ "type": "Feature", "properties": { "Name": "260", "P.K.": "PK260", "Al.Dist. Izq.": 45, "Al.Dist. Der.": 15, "Ruta": 158 }, "geometry": { "type": "Point", "coordinates": [ -64.0976454, -32.9607366 ] } },
{ "type": "Feature", "properties": { "Name": "260.81", "P.K.": null, "Al.Dist. Izq.": 45, "Al.Dist. Der.": 15, "Ruta": 158 }, "geometry": { "type": "Point", "coordinates": [ -64.104995, -32.96553 ] } },
{ "type": "Feature", "properties": { "Name": "261", "P.K.": "PK261", "Al.Dist. Izq.": 45, "Al.Dist. Der.": 15, "Ruta": 158 }, "geometry": { "type": "Point", "coordinates": [ -64.1066971, -32.9665215 ] } },
{ "type": "Feature", "properties": { "Name": "261.37", "P.K.": null, "Al.Dist. Izq.": 45, "Al.Dist. Der.": 15, "Ruta": 158 }, "geometry": { "type": "Point", "coordinates": [ -64.109747, -32.968739 ] } },
{ "type": "Feature", "properties": { "Name": "261.6", "P.K.": null, "Al.Dist. Izq.": 45, "Al.Dist. Der.": 15, "Ruta": 158 }, "geometry": { "type": "Point", "coordinates": [ -64.1117307, -32.9700553 ] } },
{ "type": "Feature", "properties": { "Name": "261.74", "P.K.": null, "Al.Dist. Izq.": 45, "Al.Dist. Der.": 15, "Ruta": 158 }, "geometry": { "type": "Point", "coordinates": [ -64.1129923, -32.9707245 ] } },
{ "type": "Feature", "properties": { "Name": "261.9", "P.K.": null, "Al.Dist. Izq.": 45, "Al.Dist. Der.": 15, "Ruta": 158 }, "geometry": { "type": "Point", "coordinates": [ -64.1142536, -32.9718136 ] } },
{ "type": "Feature", "properties": { "Name": "262", "P.K.": "PK262", "Al.Dist. Izq.": 45, "Al.Dist. Der.": 15, "Ruta": 158 }, "geometry": { "type": "Point", "coordinates": [ -64.1150858, -32.972341 ] } },
{ "type": "Feature", "properties": { "Name": "263", "P.K.": "PK263", "Al.Dist. Izq.": 45, "Al.Dist. Der.": 15, "Ruta": 158 }, "geometry": { "type": "Point", "coordinates": [ -64.123698, -32.9780099 ] } },
{ "type": "Feature", "properties": { "Name": "264", "P.K.": "PK264", "Al.Dist. Izq.": 45, "Al.Dist. Der.": 15, "Ruta": 158 }, "geometry": { "type": "Point", "coordinates": [ -64.1319874, -32.9837128 ] } },
{ "type": "Feature", "properties": { "Name": "264.4", "P.K.": null, "Al.Dist. Izq.": 45, "Al.Dist. Der.": 15, "Ruta": 158 }, "geometry": { "type": "Point", "coordinates": [ -64.135383, -32.9859224 ] } },
{ "type": "Feature", "properties": { "Name": "264.8", "P.K.": null, "Al.Dist. Izq.": 45, "Al.Dist. Der.": 15, "Ruta": 158 }, "geometry": { "type": "Point", "coordinates": [ -64.1385983, -32.9881227 ] } },
{ "type": "Feature", "properties": { "Name": "264.8", "P.K.": null, "Al.Dist. Izq.": 45, "Al.Dist. Der.": 15, "Ruta": 158 }, "geometry": { "type": "Point", "coordinates": [ -64.1386026, -32.9881188 ] } },
{ "type": "Feature", "properties": { "Name": "264.85", "P.K.": null, "Al.Dist. Izq.": 45, "Al.Dist. Der.": 15, "Ruta": 158 }, "geometry": { "type": "Point", "coordinates": [ -64.1390298, -32.9883938 ] } },
{ "type": "Feature", "properties": { "Name": "264.9", "P.K.": null, "Al.Dist. Izq.": 45, "Al.Dist. Der.": 15, "Ruta": 158 }, "geometry": { "type": "Point", "coordinates": [ -64.1394382, -32.9886729 ] } },
{ "type": "Feature", "properties": { "Name": "264.9", "P.K.": null, "Al.Dist. Izq.": 45, "Al.Dist. Der.": 15, "Ruta": 158 }, "geometry": { "type": "Point", "coordinates": [ -64.1394312, -32.9886787 ] } },
{ "type": "Feature", "properties": { "Name": "264.93", "P.K.": null, "Al.Dist. Izq.": 45, "Al.Dist. Der.": 15, "Ruta": 158 }, "geometry": { "type": "Point", "coordinates": [ -64.1397121, -32.9888664 ] } },
{ "type": "Feature", "properties": { "Name": "264.98", "P.K.": null, "Al.Dist. Izq.": 45, "Al.Dist. Der.": 15, "Ruta": 158 }, "geometry": { "type": "Point", "coordinates": [ -64.1400886, -32.9891219 ] } },
{ "type": "Feature", "properties": { "Name": "265", "P.K.": "PK265", "Al.Dist. Izq.": 45, "Al.Dist. Der.": 15, "Ruta": 158 }, "geometry": { "type": "Point", "coordinates": [ -64.1402717, -32.9892484 ] } },
{ "type": "Feature", "properties": { "Name": "265.07", "P.K.": null, "Al.Dist. Izq.": 45, "Al.Dist. Der.": 15, "Ruta": 158 }, "geometry": { "type": "Point", "coordinates": [ -64.140845, -32.9896942 ] } },
{ "type": "Feature", "properties": { "Name": "265.09", "P.K.": null, "Al.Dist. Izq.": 45, "Al.Dist. Der.": 15, "Ruta": 158 }, "geometry": { "type": "Point", "coordinates": [ -64.1410599, -32.9897552 ] } },
{ "type": "Feature", "properties": { "Name": "265.11", "P.K.": null, "Al.Dist. Izq.": 45, "Al.Dist. Der.": 15, "Ruta": 158 }, "geometry": { "type": "Point", "coordinates": [ -64.1412444, -32.9898411 ] } },
{ "type": "Feature", "properties": { "Name": "265.14", "P.K.": null, "Al.Dist. Izq.": 45, "Al.Dist. Der.": 15, "Ruta": 158 }, "geometry": { "type": "Point", "coordinates": [ -64.1413986, -32.9900896 ] } },
{ "type": "Feature", "properties": { "Name": "265.23", "P.K.": null, "Al.Dist. Izq.": 45, "Al.Dist. Der.": 15, "Ruta": 158 }, "geometry": { "type": "Point", "coordinates": [ -64.1421271, -32.9905663 ] } },
{ "type": "Feature", "properties": { "Name": "265.35", "P.K.": null, "Al.Dist. Izq.": 45, "Al.Dist. Der.": 15, "Ruta": 158 }, "geometry": { "type": "Point", "coordinates": [ -64.1433, -32.9912 ] } },
{ "type": "Feature", "properties": { "Name": "265.55", "P.K.": null, "Al.Dist. Izq.": 45, "Al.Dist. Der.": 15, "Ruta": 158 }, "geometry": { "type": "Point", "coordinates": [ -64.1449639, -32.9923882 ] } },
{ "type": "Feature", "properties": { "Name": "265.56", "P.K.": null, "Al.Dist. Izq.": 45, "Al.Dist. Der.": 15, "Ruta": 158 }, "geometry": { "type": "Point", "coordinates": [ -64.1451144, -32.9923953 ] } },
{ "type": "Feature", "properties": { "Name": "266", "P.K.": null, "Al.Dist. Izq.": 45, "Al.Dist. Der.": 15, "Ruta": 158 }, "geometry": { "type": "Point", "coordinates": [ -64.14859, -32.995003 ] } },
{ "type": "Feature", "properties": { "Name": "266.67", "P.K.": null, "Al.Dist. Izq.": 45, "Al.Dist. Der.": 15, "Ruta": 158 }, "geometry": { "type": "Point", "coordinates": [ -64.1544498, -32.9987689 ] } },
{ "type": "Feature", "properties": { "Name": "266.67", "P.K.": null, "Al.Dist. Izq.": 45, "Al.Dist. Der.": 15, "Ruta": 158 }, "geometry": { "type": "Point", "coordinates": [ -64.1543469, -32.9989467 ] } },
{ "type": "Feature", "properties": { "Name": "266.77", "P.K.": null, "Al.Dist. Izq.": 45, "Al.Dist. Der.": 15, "Ruta": 158 }, "geometry": { "type": "Point", "coordinates": [ -64.155285, -32.9994691 ] } },
{ "type": "Feature", "properties": { "Name": "266.78", "P.K.": null, "Al.Dist. Izq.": 45, "Al.Dist. Der.": 15, "Ruta": 158 }, "geometry": { "type": "Point", "coordinates": [ -64.1553782, -32.9993634 ] } },
{ "type": "Feature", "properties": { "Name": "266.78", "P.K.": null, "Al.Dist. Izq.": 45, "Al.Dist. Der.": 15, "Ruta": 158 }, "geometry": { "type": "Point", "coordinates": [ -64.1553749, -32.999513 ] } },
{ "type": "Feature", "properties": { "Name": "266.92", "P.K.": null, "Al.Dist. Izq.": 45, "Al.Dist. Der.": 15, "Ruta": 158 }, "geometry": { "type": "Point", "coordinates": [ -64.1565114, -33.0002799 ] } },
{ "type": "Feature", "properties": { "Name": "266.96", "P.K.": null, "Al.Dist. Izq.": 45, "Al.Dist. Der.": 15, "Ruta": 158 }, "geometry": { "type": "Point", "coordinates": [ -64.1569477, -33.0002896 ] } },
{ "type": "Feature", "properties": { "Name": "266.97", "P.K.": null, "Al.Dist. Izq.": 45, "Al.Dist. Der.": 15, "Ruta": 158 }, "geometry": { "type": "Point", "coordinates": [ -64.1569912, -33.000438 ] } },
{ "type": "Feature", "properties": { "Name": "267", "P.K.": "PK267", "Al.Dist. Izq.": 45, "Al.Dist. Der.": 15, "Ruta": 158 }, "geometry": { "type": "Point", "coordinates": [ -64.1572324, -33.0006421 ] } },
{ "type": "Feature", "properties": { "Name": "267.02", "P.K.": null, "Al.Dist. Izq.": 45, "Al.Dist. Der.": 15, "Ruta": 158 }, "geometry": { "type": "Point", "coordinates": [ -64.1573713, -33.0007359 ] } },
{ "type": "Feature", "properties": { "Name": "267.02", "P.K.": null, "Al.Dist. Izq.": 45, "Al.Dist. Der.": 15, "Ruta": 158 }, "geometry": { "type": "Point", "coordinates": [ -64.1574043, -33.0007697 ] } },
{ "type": "Feature", "properties": { "Name": "267.03", "P.K.": null, "Al.Dist. Izq.": 45, "Al.Dist. Der.": 15, "Ruta": 158 }, "geometry": { "type": "Point", "coordinates": [ -64.1574553, -33.0009313 ] } },
{ "type": "Feature", "properties": { "Name": "267.1", "P.K.": null, "Al.Dist. Izq.": 45, "Al.Dist. Der.": 15, "Ruta": 158 }, "geometry": { "type": "Point", "coordinates": [ -64.1581902, -33.0011908 ] } },
{ "type": "Feature", "properties": { "Name": "267.11", "P.K.": null, "Al.Dist. Izq.": 45, "Al.Dist. Der.": 15, "Ruta": 158 }, "geometry": { "type": "Point", "coordinates": [ -64.1582016, -33.0013205 ] } },
{ "type": "Feature", "properties": { "Name": "267.11", "P.K.": null, "Al.Dist. Izq.": 45, "Al.Dist. Der.": 15, "Ruta": 158 }, "geometry": { "type": "Point", "coordinates": [ -64.1582016, -33.0013205 ] } },
{ "type": "Feature", "properties": { "Name": "267.12", "P.K.": null, "Al.Dist. Izq.": 45, "Al.Dist. Der.": 15, "Ruta": 158 }, "geometry": { "type": "Point", "coordinates": [ -64.1583364, -33.0012909 ] } },
{ "type": "Feature", "properties": { "Name": "267.13", "P.K.": null, "Al.Dist. Izq.": 45, "Al.Dist. Der.": 15, "Ruta": 158 }, "geometry": { "type": "Point", "coordinates": [ -64.1583615, -33.0014408 ] } },
{ "type": "Feature", "properties": { "Name": "267.13", "P.K.": null, "Al.Dist. Izq.": 45, "Al.Dist. Der.": 15, "Ruta": 158 }, "geometry": { "type": "Point", "coordinates": [ -64.1583615, -33.0014408 ] } },
{ "type": "Feature", "properties": { "Name": "267.13", "P.K.": null, "Al.Dist. Izq.": 45, "Al.Dist. Der.": 15, "Ruta": 158 }, "geometry": { "type": "Point", "coordinates": [ -64.1584561, -33.001407 ] } },
{ "type": "Feature", "properties": { "Name": "267.28", "P.K.": null, "Al.Dist. Izq.": 45, "Al.Dist. Der.": 15, "Ruta": 158 }, "geometry": { "type": "Point", "coordinates": [ -64.1596411, -33.00226 ] } },
{ "type": "Feature", "properties": { "Name": "267.33", "P.K.": null, "Al.Dist. Izq.": 45, "Al.Dist. Der.": 15, "Ruta": 158 }, "geometry": { "type": "Point", "coordinates": [ -64.1601707, -33.0026611 ] } },
{ "type": "Feature", "properties": { "Name": "267.35", "P.K.": null, "Al.Dist. Izq.": 45, "Al.Dist. Der.": 15, "Ruta": 158 }, "geometry": { "type": "Point", "coordinates": [ -64.1601744, -33.0029777 ] } },
{ "type": "Feature", "properties": { "Name": "267.36", "P.K.": null, "Al.Dist. Izq.": 45, "Al.Dist. Der.": 15, "Ruta": 158 }, "geometry": { "type": "Point", "coordinates": [ -64.1604121, -33.0027151 ] } },
{ "type": "Feature", "properties": { "Name": "267.37", "P.K.": null, "Al.Dist. Izq.": 45, "Al.Dist. Der.": 15, "Ruta": 158 }, "geometry": { "type": "Point", "coordinates": [ -64.1605086, -33.002791 ] } },
{ "type": "Feature", "properties": { "Name": "267.38", "P.K.": null, "Al.Dist. Izq.": 45, "Al.Dist. Der.": 15, "Ruta": 158 }, "geometry": { "type": "Point", "coordinates": [ -64.160575, -33.0029426 ] } },
{ "type": "Feature", "properties": { "Name": "267.38", "P.K.": null, "Al.Dist. Izq.": 45, "Al.Dist. Der.": 15, "Ruta": 158 }, "geometry": { "type": "Point", "coordinates": [ -64.1604593, -33.0031009 ] } },
{ "type": "Feature", "properties": { "Name": "267.53", "P.K.": null, "Al.Dist. Izq.": 45, "Al.Dist. Der.": 15, "Ruta": 158 }, "geometry": { "type": "Point", "coordinates": [ -64.1619168, -33.0038491 ] } },
{ "type": "Feature", "properties": { "Name": "267.55", "P.K.": null, "Al.Dist. Izq.": 45, "Al.Dist. Der.": 15, "Ruta": 158 }, "geometry": { "type": "Point", "coordinates": [ -64.1622058, -33.0038283 ] } },
{ "type": "Feature", "properties": { "Name": "267.55", "P.K.": null, "Al.Dist. Izq.": 45, "Al.Dist. Der.": 15, "Ruta": 158 }, "geometry": { "type": "Point", "coordinates": [ -64.161952, -33.0041522 ] } },
{ "type": "Feature", "properties": { "Name": "267.6", "P.K.": null, "Al.Dist. Izq.": 45, "Al.Dist. Der.": 15, "Ruta": 158 }, "geometry": { "type": "Point", "coordinates": [ -64.1624194, -33.0043355 ] } },
{ "type": "Feature", "properties": { "Name": "267.61", "P.K.": null, "Al.Dist. Izq.": 45, "Al.Dist. Der.": 15, "Ruta": 158 }, "geometry": { "type": "Point", "coordinates": [ -64.1626015, -33.0042404 ] } },
{ "type": "Feature", "properties": { "Name": "267.65", "P.K.": null, "Al.Dist. Izq.": 45, "Al.Dist. Der.": 15, "Ruta": 158 }, "geometry": { "type": "Point", "coordinates": [ -64.1629474, -33.004466 ] } },
{ "type": "Feature", "properties": { "Name": "267.7", "P.K.": null, "Al.Dist. Izq.": 45, "Al.Dist. Der.": 15, "Ruta": 158 }, "geometry": { "type": "Point", "coordinates": [ -64.1633839, -33.004877 ] } },
{ "type": "Feature", "properties": { "Name": "267.71", "P.K.": null, "Al.Dist. Izq.": 45, "Al.Dist. Der.": 15, "Ruta": 158 }, "geometry": { "type": "Point", "coordinates": [ -64.1634949, -33.0048638 ] } },
{ "type": "Feature", "properties": { "Name": "267.72", "P.K.": null, "Al.Dist. Izq.": 45, "Al.Dist. Der.": 15, "Ruta": 158 }, "geometry": { "type": "Point", "coordinates": [ -64.1636274, -33.0049566 ] } },
{ "type": "Feature", "properties": { "Name": "267.79", "P.K.": null, "Al.Dist. Izq.": 45, "Al.Dist. Der.": 15, "Ruta": 158 }, "geometry": { "type": "Point", "coordinates": [ -64.1640897, -33.0054121 ] } },
{ "type": "Feature", "properties": { "Name": "267.79", "P.K.": null, "Al.Dist. Izq.": 45, "Al.Dist. Der.": 15, "Ruta": 158 }, "geometry": { "type": "Point", "coordinates": [ -64.1642081, -33.0052645 ] } },
{ "type": "Feature", "properties": { "Name": "267.8", "P.K.": null, "Al.Dist. Izq.": 45, "Al.Dist. Der.": 15, "Ruta": 158 }, "geometry": { "type": "Point", "coordinates": [ -64.1642347, -33.0053505 ] } },
{ "type": "Feature", "properties": { "Name": "267.82", "P.K.": null, "Al.Dist. Izq.": 45, "Al.Dist. Der.": 15, "Ruta": 158 }, "geometry": { "type": "Point", "coordinates": [ -64.16441, -33.00551 ] } },
{ "type": "Feature", "properties": { "Name": "267.88", "P.K.": null, "Al.Dist. Izq.": 45, "Al.Dist. Der.": 15, "Ruta": 158 }, "geometry": { "type": "Point", "coordinates": [ -64.1649162, -33.0058049 ] } },
{ "type": "Feature", "properties": { "Name": "267.89", "P.K.": null, "Al.Dist. Izq.": 45, "Al.Dist. Der.": 15, "Ruta": 158 }, "geometry": { "type": "Point", "coordinates": [ -64.1650251, -33.0059182 ] } },
{ "type": "Feature", "properties": { "Name": "267.93", "P.K.": null, "Al.Dist. Izq.": 45, "Al.Dist. Der.": 15, "Ruta": 158 }, "geometry": { "type": "Point", "coordinates": [ -64.1653386, -33.00623 ] } },
{ "type": "Feature", "properties": { "Name": "267.97", "P.K.": null, "Al.Dist. Izq.": 45, "Al.Dist. Der.": 15, "Ruta": 158 }, "geometry": { "type": "Point", "coordinates": [ -64.1655, -33.00661 ] } },
{ "type": "Feature", "properties": { "Name": "268", "P.K.": "PK268", "Al.Dist. Izq.": 45, "Al.Dist. Der.": 15, "Ruta": 158 }, "geometry": { "type": "Point", "coordinates": [ -64.165581, -33.0068582 ] } },
{ "type": "Feature", "properties": { "Name": "268.07", "P.K.": null, "Al.Dist. Izq.": 45, "Al.Dist. Der.": 15, "Ruta": 158 }, "geometry": { "type": "Point", "coordinates": [ -64.1658737, -33.0073744 ] } },
{ "type": "Feature", "properties": { "Name": "268.1", "P.K.": null, "Al.Dist. Izq.": 45, "Al.Dist. Der.": 15, "Ruta": 158 }, "geometry": { "type": "Point", "coordinates": [ -64.1660916, -33.0075942 ] } },
{ "type": "Feature", "properties": { "Name": "268.15", "P.K.": null, "Al.Dist. Izq.": 45, "Al.Dist. Der.": 15, "Ruta": 158 }, "geometry": { "type": "Point", "coordinates": [ -64.1666, -33.00776 ] } },
{ "type": "Feature", "properties": { "Name": "268.4", "P.K.": null, "Al.Dist. Izq.": 45, "Al.Dist. Der.": 15, "Ruta": 158 }, "geometry": { "type": "Point", "coordinates": [ -64.1684832, -33.0091344 ] } },
{ "type": "Feature", "properties": { "Name": "268.57", "P.K.": null, "Al.Dist. Izq.": 45, "Al.Dist. Der.": 15, "Ruta": 158 }, "geometry": { "type": "Point", "coordinates": [ -64.1697237, -33.0099984 ] } },
{ "type": "Feature", "properties": { "Name": "268.68", "P.K.": null, "Al.Dist. Izq.": 45, "Al.Dist. Der.": 15, "Ruta": 158 }, "geometry": { "type": "Point", "coordinates": [ -64.1706759, -33.0106352 ] } },
{ "type": "Feature", "properties": { "Name": "268.71", "P.K.": null, "Al.Dist. Izq.": 45, "Al.Dist. Der.": 15, "Ruta": 158 }, "geometry": { "type": "Point", "coordinates": [ -64.1709173, -33.0106153 ] } },
{ "type": "Feature", "properties": { "Name": "268.76", "P.K.": null, "Al.Dist. Izq.": 45, "Al.Dist. Der.": 15, "Ruta": 158 }, "geometry": { "type": "Point", "coordinates": [ -64.17133, -33.01097 ] } },
{ "type": "Feature", "properties": { "Name": "268.79", "P.K.": null, "Al.Dist. Izq.": 45, "Al.Dist. Der.": 15, "Ruta": 158 }, "geometry": { "type": "Point", "coordinates": [ -64.1715184, -33.0111866 ] } },
{ "type": "Feature", "properties": { "Name": "268.8", "P.K.": null, "Al.Dist. Izq.": 45, "Al.Dist. Der.": 15, "Ruta": 158 }, "geometry": { "type": "Point", "coordinates": [ -64.1716827, -33.0111871 ] } },
{ "type": "Feature", "properties": { "Name": "268.89", "P.K.": null, "Al.Dist. Izq.": 45, "Al.Dist. Der.": 15, "Ruta": 158 }, "geometry": { "type": "Point", "coordinates": [ -64.17246, -33.01139 ] } },
{ "type": "Feature", "properties": { "Name": "268.91", "P.K.": null, "Al.Dist. Izq.": 45, "Al.Dist. Der.": 15, "Ruta": 158 }, "geometry": { "type": "Point", "coordinates": [ -64.17266, -33.01142 ] } },
{ "type": "Feature", "properties": { "Name": "268.95", "P.K.": null, "Al.Dist. Izq.": 45, "Al.Dist. Der.": 15, "Ruta": 158 }, "geometry": { "type": "Point", "coordinates": [ -64.1729819, -33.0116232 ] } },
{ "type": "Feature", "properties": { "Name": "269", "P.K.": "PK269", "Al.Dist. Izq.": 45, "Al.Dist. Der.": 15, "Ruta": 158 }, "geometry": { "type": "Point", "coordinates": [ -64.1734862, -33.0115779 ] } },
{ "type": "Feature", "properties": { "Name": "269.05", "P.K.": null, "Al.Dist. Izq.": 45, "Al.Dist. Der.": 15, "Ruta": 158 }, "geometry": { "type": "Point", "coordinates": [ -64.1739, -33.0119 ] } },
{ "type": "Feature", "properties": { "Name": "269.17", "P.K.": null, "Al.Dist. Izq.": 45, "Al.Dist. Der.": 15, "Ruta": 158 }, "geometry": { "type": "Point", "coordinates": [ -64.1749347, -33.012537 ] } },
{ "type": "Feature", "properties": { "Name": "269.22", "P.K.": null, "Al.Dist. Izq.": 45, "Al.Dist. Der.": 15, "Ruta": 158 }, "geometry": { "type": "Point", "coordinates": [ -64.1753231, -33.0129179 ] } },
{ "type": "Feature", "properties": { "Name": "269.26", "P.K.": null, "Al.Dist. Izq.": 45, "Al.Dist. Der.": 15, "Ruta": 158 }, "geometry": { "type": "Point", "coordinates": [ -64.1756259, -33.0131566 ] } },
{ "type": "Feature", "properties": { "Name": "269.31", "P.K.": null, "Al.Dist. Izq.": 45, "Al.Dist. Der.": 15, "Ruta": 158 }, "geometry": { "type": "Point", "coordinates": [ -64.1760423, -33.0134034 ] } },
{ "type": "Feature", "properties": { "Name": "269.31", "P.K.": null, "Al.Dist. Izq.": 45, "Al.Dist. Der.": 15, "Ruta": 158 }, "geometry": { "type": "Point", "coordinates": [ -64.1760118, -33.0133725 ] } },
{ "type": "Feature", "properties": { "Name": "269.35", "P.K.": null, "Al.Dist. Izq.": 45, "Al.Dist. Der.": 15, "Ruta": 158 }, "geometry": { "type": "Point", "coordinates": [ -64.1764131, -33.013508 ] } },
{ "type": "Feature", "properties": { "Name": "269.36", "P.K.": null, "Al.Dist. Izq.": 45, "Al.Dist. Der.": 15, "Ruta": 158 }, "geometry": { "type": "Point", "coordinates": [ -64.1764741, -33.0136781 ] } },
{ "type": "Feature", "properties": { "Name": "269.36", "P.K.": null, "Al.Dist. Izq.": 45, "Al.Dist. Der.": 15, "Ruta": 158 }, "geometry": { "type": "Point", "coordinates": [ -64.1765213, -33.0136242 ] } },
{ "type": "Feature", "properties": { "Name": "269.41", "P.K.": null, "Al.Dist. Izq.": 45, "Al.Dist. Der.": 15, "Ruta": 158 }, "geometry": { "type": "Point", "coordinates": [ -64.1769375, -33.0138808 ] } },
{ "type": "Feature", "properties": { "Name": "269.41", "P.K.": null, "Al.Dist. Izq.": 45, "Al.Dist. Der.": 15, "Ruta": 158 }, "geometry": { "type": "Point", "coordinates": [ -64.1768453, -33.0139668 ] } },
{ "type": "Feature", "properties": { "Name": "269.45", "P.K.": null, "Al.Dist. Izq.": 45, "Al.Dist. Der.": 15, "Ruta": 158 }, "geometry": { "type": "Point", "coordinates": [ -64.1773003, -33.0140905 ] } },
{ "type": "Feature", "properties": { "Name": "269.51", "P.K.": null, "Al.Dist. Izq.": 45, "Al.Dist. Der.": 15, "Ruta": 158 }, "geometry": { "type": "Point", "coordinates": [ -64.1776727, -33.0145373 ] } },
{ "type": "Feature", "properties": { "Name": "269.51", "P.K.": null, "Al.Dist. Izq.": 45, "Al.Dist. Der.": 15, "Ruta": 158 }, "geometry": { "type": "Point", "coordinates": [ -64.1777931, -33.0144091 ] } },
{ "type": "Feature", "properties": { "Name": "269.52", "P.K.": null, "Al.Dist. Izq.": 45, "Al.Dist. Der.": 15, "Ruta": 158 }, "geometry": { "type": "Point", "coordinates": [ -64.1777901, -33.0146104 ] } },
{ "type": "Feature", "properties": { "Name": "269.52", "P.K.": null, "Al.Dist. Izq.": 45, "Al.Dist. Der.": 15, "Ruta": 158 }, "geometry": { "type": "Point", "coordinates": [ -64.177895, -33.0144892 ] } },
{ "type": "Feature", "properties": { "Name": "269.58", "P.K.": null, "Al.Dist. Izq.": 45, "Al.Dist. Der.": 15, "Ruta": 158 }, "geometry": { "type": "Point", "coordinates": [ -64.1783246, -33.0149493 ] } },
{ "type": "Feature", "properties": { "Name": "269.88", "P.K.": null, "Al.Dist. Izq.": 45, "Al.Dist. Der.": 15, "Ruta": 158 }, "geometry": { "type": "Point", "coordinates": [ -64.1808763, -33.0167186 ] } },
{ "type": "Feature", "properties": { "Name": "269.95", "P.K.": null, "Al.Dist. Izq.": 45, "Al.Dist. Der.": 15, "Ruta": 158 }, "geometry": { "type": "Point", "coordinates": [ -64.1815501, -33.0169865 ] } },
{ "type": "Feature", "properties": { "Name": "269.95", "P.K.": null, "Al.Dist. Izq.": 45, "Al.Dist. Der.": 15, "Ruta": 158 }, "geometry": { "type": "Point", "coordinates": [ -64.1815501, -33.0169865 ] } },
{ "type": "Feature", "properties": { "Name": "270", "P.K.": null, "Al.Dist. Izq.": 45, "Al.Dist. Der.": 15, "Ruta": 158 }, "geometry": { "type": "Point", "coordinates": [ -64.1819693, -33.0172058 ] } },
{ "type": "Feature", "properties": { "Name": "270.38", "P.K.": null, "Al.Dist. Izq.": 45, "Al.Dist. Der.": 15, "Ruta": 158 }, "geometry": { "type": "Point", "coordinates": [ -64.1850394, -33.0195597 ] } },
{ "type": "Feature", "properties": { "Name": "270.48", "P.K.": null, "Al.Dist. Izq.": 45, "Al.Dist. Der.": 15, "Ruta": 158 }, "geometry": { "type": "Point", "coordinates": [ -64.18588, -33.0200269 ] } },
{ "type": "Feature", "properties": { "Name": "270.64", "P.K.": null, "Al.Dist. Izq.": 45, "Al.Dist. Der.": 15, "Ruta": 158 }, "geometry": { "type": "Point", "coordinates": [ -64.1873579, -33.0208433 ] } },
{ "type": "Feature", "properties": { "Name": "270.66", "P.K.": null, "Al.Dist. Izq.": 45, "Al.Dist. Der.": 15, "Ruta": 158 }, "geometry": { "type": "Point", "coordinates": [ -64.1874822, -33.0210001 ] } },
{ "type": "Feature", "properties": { "Name": "270.78", "P.K.": null, "Al.Dist. Izq.": 45, "Al.Dist. Der.": 15, "Ruta": 158 }, "geometry": { "type": "Point", "coordinates": [ -64.1885096, -33.0216119 ] } },
{ "type": "Feature", "properties": { "Name": "270.79", "P.K.": null, "Al.Dist. Izq.": 45, "Al.Dist. Der.": 15, "Ruta": 158 }, "geometry": { "type": "Point", "coordinates": [ -64.188538, -33.021743 ] } },
{ "type": "Feature", "properties": { "Name": "270.84", "P.K.": null, "Al.Dist. Izq.": 45, "Al.Dist. Der.": 15, "Ruta": 158 }, "geometry": { "type": "Point", "coordinates": [ -64.1889551, -33.0220768 ] } },
{ "type": "Feature", "properties": { "Name": "271.17", "P.K.": null, "Al.Dist. Izq.": 45, "Al.Dist. Der.": 15, "Ruta": 158 }, "geometry": { "type": "Point", "coordinates": [ -64.1916222, -33.023998 ] } },
{ "type": "Feature", "properties": { "Name": "271.39", "P.K.": null, "Al.Dist. Izq.": 45, "Al.Dist. Der.": 15, "Ruta": 158 }, "geometry": { "type": "Point", "coordinates": [ -64.1935561, -33.0251606 ] } },
{ "type": "Feature", "properties": { "Name": "271.49", "P.K.": null, "Al.Dist. Izq.": 45, "Al.Dist. Der.": 15, "Ruta": 158 }, "geometry": { "type": "Point", "coordinates": [ -64.1943651, -33.0257071 ] } },
{ "type": "Feature", "properties": { "Name": "271.87", "P.K.": null, "Al.Dist. Izq.": 45, "Al.Dist. Der.": 15, "Ruta": 158 }, "geometry": { "type": "Point", "coordinates": [ -64.1976116, -33.0279742 ] } },
{ "type": "Feature", "properties": { "Name": "273.03", "P.K.": null, "Al.Dist. Izq.": 45, "Al.Dist. Der.": 15, "Ruta": 158 }, "geometry": { "type": "Point", "coordinates": [ -64.2074406, -33.0342202 ] } },
{ "type": "Feature", "properties": { "Name": "274", "P.K.": "PK274", "Al.Dist. Izq.": 45, "Al.Dist. Der.": 15, "Ruta": 158 }, "geometry": { "type": "Point", "coordinates": [ -64.2154963, -33.0400709 ] } },
{ "type": "Feature", "properties": { "Name": "275.19", "P.K.": null, "Al.Dist. Izq.": 45, "Al.Dist. Der.": 15, "Ruta": 158 }, "geometry": { "type": "Point", "coordinates": [ -64.2255311, -33.046406 ] } },
{ "type": "Feature", "properties": { "Name": "275.51", "P.K.": null, "Al.Dist. Izq.": 45, "Al.Dist. Der.": 15, "Ruta": 158 }, "geometry": { "type": "Point", "coordinates": [ -64.2280094, -33.0482553 ] } },
{ "type": "Feature", "properties": { "Name": "276.36", "P.K.": null, "Al.Dist. Izq.": 45, "Al.Dist. Der.": 15, "Ruta": 158 }, "geometry": { "type": "Point", "coordinates": [ -64.2351595, -33.0531175 ] } },
{ "type": "Feature", "properties": { "Name": "276.63", "P.K.": null, "Al.Dist. Izq.": 45, "Al.Dist. Der.": 15, "Ruta": 158 }, "geometry": { "type": "Point", "coordinates": [ -64.2372889, -33.0545518 ] } },
{ "type": "Feature", "properties": { "Name": "277.03", "P.K.": null, "Al.Dist. Izq.": 45, "Al.Dist. Der.": 15, "Ruta": 158 }, "geometry": { "type": "Point", "coordinates": [ -64.2407167, -33.056803 ] } },
{ "type": "Feature", "properties": { "Name": "277.11", "P.K.": null, "Al.Dist. Izq.": 45, "Al.Dist. Der.": 15, "Ruta": 158 }, "geometry": { "type": "Point", "coordinates": [ -64.2414112, -33.0571574 ] } },
{ "type": "Feature", "properties": { "Name": "277.49", "P.K.": null, "Al.Dist. Izq.": 45, "Al.Dist. Der.": 15, "Ruta": 158 }, "geometry": { "type": "Point", "coordinates": [ -64.2443732, -33.05964 ] } },
{ "type": "Feature", "properties": { "Name": "277.72", "P.K.": null, "Al.Dist. Izq.": 45, "Al.Dist. Der.": 15, "Ruta": 158 }, "geometry": { "type": "Point", "coordinates": [ -64.2463578, -33.0606277 ] } },
{ "type": "Feature", "properties": { "Name": "278", "P.K.": "PK278", "Al.Dist. Izq.": 45, "Al.Dist. Der.": 15, "Ruta": 158 }, "geometry": { "type": "Point", "coordinates": [ -64.2487763, -33.0621388 ] } },
{ "type": "Feature", "properties": { "Name": "278.13", "P.K.": null, "Al.Dist. Izq.": 45, "Al.Dist. Der.": 15, "Ruta": 158 }, "geometry": { "type": "Point", "coordinates": [ -64.2497967, -33.0629219 ] } },
{ "type": "Feature", "properties": { "Name": "278.14", "P.K.": null, "Al.Dist. Izq.": 45, "Al.Dist. Der.": 15, "Ruta": 158 }, "geometry": { "type": "Point", "coordinates": [ -64.2499348, -33.0628772 ] } },
{ "type": "Feature", "properties": { "Name": "278.17", "P.K.": null, "Al.Dist. Izq.": 45, "Al.Dist. Der.": 15, "Ruta": 158 }, "geometry": { "type": "Point", "coordinates": [ -64.2501336, -33.0630557 ] } },
{ "type": "Feature", "properties": { "Name": "278.53", "P.K.": null, "Al.Dist. Izq.": 45, "Al.Dist. Der.": 15, "Ruta": 158 }, "geometry": { "type": "Point", "coordinates": [ -64.2531444, -33.0651861 ] } },
{ "type": "Feature", "properties": { "Name": "279.01", "P.K.": null, "Al.Dist. Izq.": 45, "Al.Dist. Der.": 15, "Ruta": 158 }, "geometry": { "type": "Point", "coordinates": [ -64.2570363, -33.0678126 ] } },
{ "type": "Feature", "properties": { "Name": "279.44", "P.K.": null, "Al.Dist. Izq.": 45, "Al.Dist. Der.": 15, "Ruta": 158 }, "geometry": { "type": "Point", "coordinates": [ -64.2607213, -33.070125 ] } },
{ "type": "Feature", "properties": { "Name": "279.53", "P.K.": null, "Al.Dist. Izq.": 45, "Al.Dist. Der.": 15, "Ruta": 158 }, "geometry": { "type": "Point", "coordinates": [ -64.2614985, -33.0706956 ] } },
{ "type": "Feature", "properties": { "Name": "279.53", "P.K.": null, "Al.Dist. Izq.": 15, "Al.Dist. Der.": 15, "Ruta": 158 }, "geometry": { "type": "Point", "coordinates": [ -64.2614985, -33.0706956 ] } },
{ "type": "Feature", "properties": { "Name": "280.16", "P.K.": null, "Al.Dist. Izq.": 15, "Al.Dist. Der.": 15, "Ruta": 158 }, "geometry": { "type": "Point", "coordinates": [ -64.2665907, -33.0742112 ] } },
{ "type": "Feature", "properties": { "Name": "280.34", "P.K.": null, "Al.Dist. Izq.": 15, "Al.Dist. Der.": 15, "Ruta": 158 }, "geometry": { "type": "Point", "coordinates": [ -64.2681966, -33.0751607 ] } },
{ "type": "Feature", "properties": { "Name": "280.5", "P.K.": null, "Al.Dist. Izq.": 15, "Al.Dist. Der.": 15, "Ruta": 158 }, "geometry": { "type": "Point", "coordinates": [ -64.2695289, -33.0760369 ] } },
{ "type": "Feature", "properties": { "Name": "280.55", "P.K.": null, "Al.Dist. Izq.": 15, "Al.Dist. Der.": 15, "Ruta": 158 }, "geometry": { "type": "Point", "coordinates": [ -64.269863, -33.0764908 ] } },
{ "type": "Feature", "properties": { "Name": "280.65", "P.K.": null, "Al.Dist. Izq.": 15, "Al.Dist. Der.": 15, "Ruta": 158 }, "geometry": { "type": "Point", "coordinates": [ -64.2707568, -33.0768616 ] } },
{ "type": "Feature", "properties": { "Name": "280.74", "P.K.": null, "Al.Dist. Izq.": 15, "Al.Dist. Der.": 15, "Ruta": 158 }, "geometry": { "type": "Point", "coordinates": [ -64.2715149, -33.0773921 ] } },
{ "type": "Feature", "properties": { "Name": "280.74", "P.K.": null, "Al.Dist. Izq.": 15, "Al.Dist. Der.": 15, "Ruta": 158 }, "geometry": { "type": "Point", "coordinates": [ -64.2714371, -33.0774511 ] } },
{ "type": "Feature", "properties": { "Name": "280.78", "P.K.": null, "Al.Dist. Izq.": 15, "Al.Dist. Der.": 15, "Ruta": 158 }, "geometry": { "type": "Point", "coordinates": [ -64.2719098, -33.0776379 ] } },
{ "type": "Feature", "properties": { "Name": "280.89", "P.K.": null, "Al.Dist. Izq.": 15, "Al.Dist. Der.": 15, "Ruta": 158 }, "geometry": { "type": "Point", "coordinates": [ -64.2727765, -33.078188 ] } },
{ "type": "Feature", "properties": { "Name": "280.91", "P.K.": null, "Al.Dist. Izq.": 15, "Al.Dist. Der.": 15, "Ruta": 158 }, "geometry": { "type": "Point", "coordinates": [ -64.2728328, -33.078454 ] } },
{ "type": "Feature", "properties": { "Name": "280.94", "P.K.": null, "Al.Dist. Izq.": 15, "Al.Dist. Der.": 15, "Ruta": 158 }, "geometry": { "type": "Point", "coordinates": [ -64.2731701, -33.0785473 ] } },
{ "type": "Feature", "properties": { "Name": "281.04", "P.K.": null, "Al.Dist. Izq.": 15, "Al.Dist. Der.": 15, "Ruta": 158 }, "geometry": { "type": "Point", "coordinates": [ -64.274014, -33.0791681 ] } },
{ "type": "Feature", "properties": { "Name": "281.11", "P.K.": null, "Al.Dist. Izq.": 15, "Al.Dist. Der.": 15, "Ruta": 158 }, "geometry": { "type": "Point", "coordinates": [ -64.2745471, -33.0795879 ] } },
{ "type": "Feature", "properties": { "Name": "281.12", "P.K.": null, "Al.Dist. Izq.": 15, "Al.Dist. Der.": 15, "Ruta": 158 }, "geometry": { "type": "Point", "coordinates": [ -64.2746792, -33.0795174 ] } },
{ "type": "Feature", "properties": { "Name": "281.19", "P.K.": null, "Al.Dist. Izq.": 15, "Al.Dist. Der.": 15, "Ruta": 158 }, "geometry": { "type": "Point", "coordinates": [ -64.2752622, -33.0800045 ] } },
{ "type": "Feature", "properties": { "Name": "281.36", "P.K.": null, "Al.Dist. Izq.": 15, "Al.Dist. Der.": 15, "Ruta": 158 }, "geometry": { "type": "Point", "coordinates": [ -64.2765366, -33.0809009 ] } },
{ "type": "Feature", "properties": { "Name": "281.47", "P.K.": null, "Al.Dist. Izq.": 15, "Al.Dist. Der.": 15, "Ruta": 158 }, "geometry": { "type": "Point", "coordinates": [ -64.2774875, -33.0815647 ] } },
{ "type": "Feature", "properties": { "Name": "281.85", "P.K.": null, "Al.Dist. Izq.": 15, "Al.Dist. Der.": 15, "Ruta": 158 }, "geometry": { "type": "Point", "coordinates": [ -64.2807876, -33.0835894 ] } },
{ "type": "Feature", "properties": { "Name": "281.93", "P.K.": null, "Al.Dist. Izq.": 15, "Al.Dist. Der.": 15, "Ruta": 158 }, "geometry": { "type": "Point", "coordinates": [ -64.2813993, -33.0840389 ] } },
{ "type": "Feature", "properties": { "Name": "281.97", "P.K.": null, "Al.Dist. Izq.": 15, "Al.Dist. Der.": 15, "Ruta": 158 }, "geometry": { "type": "Point", "coordinates": [ -64.2817046, -33.0842394 ] } },
{ "type": "Feature", "properties": { "Name": "282", "P.K.": "PK282", "Al.Dist. Izq.": 15, "Al.Dist. Der.": 15, "Ruta": 158 }, "geometry": { "type": "Point", "coordinates": [ -64.2819862, -33.0845007 ] } },
{ "type": "Feature", "properties": { "Name": "282.03", "P.K.": null, "Al.Dist. Izq.": 15, "Al.Dist. Der.": 15, "Ruta": 158 }, "geometry": { "type": "Point", "coordinates": [ -64.2821776, -33.0846552 ] } },
{ "type": "Feature", "properties": { "Name": "282.18", "P.K.": null, "Al.Dist. Izq.": 15, "Al.Dist. Der.": 15, "Ruta": 158 }, "geometry": { "type": "Point", "coordinates": [ -64.2834865, -33.0854739 ] } },
{ "type": "Feature", "properties": { "Name": "282.25", "P.K.": null, "Al.Dist. Izq.": 15, "Al.Dist. Der.": 15, "Ruta": 158 }, "geometry": { "type": "Point", "coordinates": [ -64.2840126, -33.0859884 ] } },
{ "type": "Feature", "properties": { "Name": "282.36", "P.K.": null, "Al.Dist. Izq.": 15, "Al.Dist. Der.": 15, "Ruta": 158 }, "geometry": { "type": "Point", "coordinates": [ -64.2848639, -33.0865957 ] } },
{ "type": "Feature", "properties": { "Name": "282.46", "P.K.": null, "Al.Dist. Izq.": 15, "Al.Dist. Der.": 15, "Ruta": 158 }, "geometry": { "type": "Point", "coordinates": [ -64.2857047, -33.0871943 ] } },
{ "type": "Feature", "properties": { "Name": "282.56", "P.K.": null, "Al.Dist. Izq.": 15, "Al.Dist. Der.": 15, "Ruta": 158 }, "geometry": { "type": "Point", "coordinates": [ -64.2866013, -33.0877736 ] } },
{ "type": "Feature", "properties": { "Name": "282.72", "P.K.": null, "Al.Dist. Izq.": 15, "Al.Dist. Der.": 15, "Ruta": 158 }, "geometry": { "type": "Point", "coordinates": [ -64.28795, -33.08851 ] } },
{ "type": "Feature", "properties": { "Name": "282.79", "P.K.": null, "Al.Dist. Izq.": 15, "Al.Dist. Der.": 15, "Ruta": 158 }, "geometry": { "type": "Point", "coordinates": [ -64.28852, -33.08912 ] } },
{ "type": "Feature", "properties": { "Name": "282.81", "P.K.": null, "Al.Dist. Izq.": 15, "Al.Dist. Der.": 15, "Ruta": 158 }, "geometry": { "type": "Point", "coordinates": [ -64.28857, -33.08921 ] } },
{ "type": "Feature", "properties": { "Name": "282.9", "P.K.": null, "Al.Dist. Izq.": 15, "Al.Dist. Der.": 15, "Ruta": 158 }, "geometry": { "type": "Point", "coordinates": [ -64.28917, -33.08991 ] } },
{ "type": "Feature", "properties": { "Name": "283.1", "P.K.": null, "Al.Dist. Izq.": 15, "Al.Dist. Der.": 15, "Ruta": 158 }, "geometry": { "type": "Point", "coordinates": [ -64.2908583, -33.0910157 ] } },
{ "type": "Feature", "properties": { "Name": "283.2", "P.K.": null, "Al.Dist. Izq.": 15, "Al.Dist. Der.": 15, "Ruta": 158 }, "geometry": { "type": "Point", "coordinates": [ -64.2917139, -33.0915893 ] } },
{ "type": "Feature", "properties": { "Name": "283.25", "P.K.": null, "Al.Dist. Izq.": 15, "Al.Dist. Der.": 15, "Ruta": 158 }, "geometry": { "type": "Point", "coordinates": [ -64.2921166, -33.0918311 ] } },
{ "type": "Feature", "properties": { "Name": "283.34", "P.K.": null, "Al.Dist. Izq.": null, "Al.Dist. Der.": null, "Ruta": 158 }, "geometry": { "type": "Point", "coordinates": [ -64.2928274, -33.0923325 ] } },
{ "type": "Feature", "properties": { "Name": "283.42", "P.K.": null, "Al.Dist. Izq.": null, "Al.Dist. Der.": null, "Ruta": 158 }, "geometry": { "type": "Point", "coordinates": [ -64.2935241, -33.09274 ] } },
{ "type": "Feature", "properties": { "Name": "283.51", "P.K.": null, "Al.Dist. Izq.": null, "Al.Dist. Der.": null, "Ruta": 158 }, "geometry": { "type": "Point", "coordinates": [ -64.2943535, -33.0932359 ] } },
{ "type": "Feature", "properties": { "Name": "283.54", "P.K.": null, "Al.Dist. Izq.": null, "Al.Dist. Der.": null, "Ruta": 158 }, "geometry": { "type": "Point", "coordinates": [ -64.2946114, -33.0934387 ] } },
{ "type": "Feature", "properties": { "Name": "283.55", "P.K.": null, "Al.Dist. Izq.": null, "Al.Dist. Der.": null, "Ruta": 158 }, "geometry": { "type": "Point", "coordinates": [ -64.2947465, -33.0934715 ] } },
{ "type": "Feature", "properties": { "Name": "283.6", "P.K.": null, "Al.Dist. Izq.": null, "Al.Dist. Der.": null, "Ruta": 158 }, "geometry": { "type": "Point", "coordinates": [ -64.2951468, -33.0931008 ] } },
{ "type": "Feature", "properties": { "Name": "283.61", "P.K.": null, "Al.Dist. Izq.": null, "Al.Dist. Der.": null, "Ruta": 158 }, "geometry": { "type": "Point", "coordinates": [ -64.2950469, -33.092953 ] } },
{ "type": "Feature", "properties": { "Name": "283.61", "P.K.": null, "Al.Dist. Izq.": null, "Al.Dist. Der.": null, "Ruta": 158 }, "geometry": { "type": "Point", "coordinates": [ -64.2952715, -33.0931027 ] } },
{ "type": "Feature", "properties": { "Name": "283.65", "P.K.": null, "Al.Dist. Izq.": null, "Al.Dist. Der.": null, "Ruta": 158 }, "geometry": { "type": "Point", "coordinates": [ -64.29541, -33.09272 ] } },
{ "type": "Feature", "properties": { "Name": "283.66", "P.K.": null, "Al.Dist. Izq.": null, "Al.Dist. Der.": null, "Ruta": 158 }, "geometry": { "type": "Point", "coordinates": [ -64.2955967, -33.0928196 ] } },
{ "type": "Feature", "properties": { "Name": "283.66", "P.K.": null, "Al.Dist. Izq.": null, "Al.Dist. Der.": null, "Ruta": 158 }, "geometry": { "type": "Point", "coordinates": [ -64.2955967, -33.0928196 ] } },
{ "type": "Feature", "properties": { "Name": "283.71", "P.K.": null, "Al.Dist. Izq.": null, "Al.Dist. Der.": null, "Ruta": 158 }, "geometry": { "type": "Point", "coordinates": [ -64.2959297, -33.0923238 ] } },
{ "type": "Feature", "properties": { "Name": "283.73", "P.K.": null, "Al.Dist. Izq.": null, "Al.Dist. Der.": null, "Ruta": 158 }, "geometry": { "type": "Point", "coordinates": [ -64.29612, -33.09248 ] } },
{ "type": "Feature", "properties": { "Name": "283.76", "P.K.": null, "Al.Dist. Izq.": null, "Al.Dist. Der.": null, "Ruta": 158 }, "geometry": { "type": "Point", "coordinates": [ -64.2964215, -33.0923019 ] } },
{ "type": "Feature", "properties": { "Name": "283.78", "P.K.": null, "Al.Dist. Izq.": null, "Al.Dist. Der.": null, "Ruta": 158 }, "geometry": { "type": "Point", "coordinates": [ -64.2966703, -33.0922969 ] } },
{ "type": "Feature", "properties": { "Name": "283.83", "P.K.": null, "Al.Dist. Izq.": null, "Al.Dist. Der.": null, "Ruta": 158 }, "geometry": { "type": "Point", "coordinates": [ -64.2971745, -33.0922935 ] } },
{ "type": "Feature", "properties": { "Name": "283.9", "P.K.": null, "Al.Dist. Izq.": null, "Al.Dist. Der.": null, "Ruta": 158 }, "geometry": { "type": "Point", "coordinates": [ -64.2979112, -33.092341 ] } },
{ "type": "Feature", "properties": { "Name": "283.9", "P.K.": null, "Al.Dist. Izq.": null, "Al.Dist. Der.": null, "Ruta": 158 }, "geometry": { "type": "Point", "coordinates": [ -64.2979112, -33.092341 ] } },
{ "type": "Feature", "properties": { "Name": "283.94", "P.K.": null, "Al.Dist. Izq.": null, "Al.Dist. Der.": null, "Ruta": 158 }, "geometry": { "type": "Point", "coordinates": [ -64.2983916, -33.0924519 ] } },
{ "type": "Feature", "properties": { "Name": "283.96", "P.K.": null, "Al.Dist. Izq.": null, "Al.Dist. Der.": null, "Ruta": 158 }, "geometry": { "type": "Point", "coordinates": [ -64.2986213, -33.0923283 ] } },
{ "type": "Feature", "properties": { "Name": "283.97", "P.K.": null, "Al.Dist. Izq.": null, "Al.Dist. Der.": null, "Ruta": 158 }, "geometry": { "type": "Point", "coordinates": [ -64.2987094, -33.092532 ] } },
{ "type": "Feature", "properties": { "Name": "284", "P.K.": null, "Al.Dist. Izq.": null, "Al.Dist. Der.": null, "Ruta": 158 }, "geometry": { "type": "Point", "coordinates": [ -64.2989803, -33.0925073 ] } },
{ "type": "Feature", "properties": { "Name": "284.01", "P.K.": null, "Al.Dist. Izq.": null, "Al.Dist. Der.": null, "Ruta": 158 }, "geometry": { "type": "Point", "coordinates": [ -64.2990813, -33.0923025 ] } },
{ "type": "Feature", "properties": { "Name": "284.06", "P.K.": null, "Al.Dist. Izq.": null, "Al.Dist. Der.": null, "Ruta": 158 }, "geometry": { "type": "Point", "coordinates": [ -64.2996395, -33.0922699 ] } },
{ "type": "Feature", "properties": { "Name": "284.07", "P.K.": null, "Al.Dist. Izq.": null, "Al.Dist. Der.": null, "Ruta": 158 }, "geometry": { "type": "Point", "coordinates": [ -64.299763, -33.092421 ] } },
{ "type": "Feature", "properties": { "Name": "284.18", "P.K.": null, "Al.Dist. Izq.": null, "Al.Dist. Der.": null, "Ruta": 158 }, "geometry": { "type": "Point", "coordinates": [ -64.3009065, -33.0922648 ] } },
{ "type": "Feature", "properties": { "Name": "284.22", "P.K.": null, "Al.Dist. Izq.": null, "Al.Dist. Der.": null, "Ruta": 158 }, "geometry": { "type": "Point", "coordinates": [ -64.3013957, -33.09243 ] } },
{ "type": "Feature", "properties": { "Name": "284.25", "P.K.": null, "Al.Dist. Izq.": null, "Al.Dist. Der.": null, "Ruta": 158 }, "geometry": { "type": "Point", "coordinates": [ -64.3017601, -33.092312 ] } },
{ "type": "Feature", "properties": { "Name": "284.27", "P.K.": null, "Al.Dist. Izq.": null, "Al.Dist. Der.": null, "Ruta": 158 }, "geometry": { "type": "Point", "coordinates": [ -64.3020458, -33.0923059 ] } },
{ "type": "Feature", "properties": { "Name": "284.3", "P.K.": null, "Al.Dist. Izq.": null, "Al.Dist. Der.": null, "Ruta": 158 }, "geometry": { "type": "Point", "coordinates": [ -64.3023321, -33.0923901 ] } },
{ "type": "Feature", "properties": { "Name": "284.35", "P.K.": null, "Al.Dist. Izq.": null, "Al.Dist. Der.": null, "Ruta": 158 }, "geometry": { "type": "Point", "coordinates": [ -64.3028742, -33.0924665 ] } },
{ "type": "Feature", "properties": { "Name": "284.36", "P.K.": null, "Al.Dist. Izq.": null, "Al.Dist. Der.": null, "Ruta": 158 }, "geometry": { "type": "Point", "coordinates": [ -64.3029668, -33.0923449 ] } },
{ "type": "Feature", "properties": { "Name": "284.38", "P.K.": null, "Al.Dist. Izq.": null, "Al.Dist. Der.": null, "Ruta": 158 }, "geometry": { "type": "Point", "coordinates": [ -64.3032246, -33.0923272 ] } },
{ "type": "Feature", "properties": { "Name": "284.4", "P.K.": null, "Al.Dist. Izq.": null, "Al.Dist. Der.": null, "Ruta": 158 }, "geometry": { "type": "Point", "coordinates": [ -64.3033845, -33.0924567 ] } },
{ "type": "Feature", "properties": { "Name": "284.48", "P.K.": null, "Al.Dist. Izq.": null, "Al.Dist. Der.": null, "Ruta": 158 }, "geometry": { "type": "Point", "coordinates": [ -64.3043186, -33.0924887 ] } },
{ "type": "Feature", "properties": { "Name": "284.51", "P.K.": null, "Al.Dist. Izq.": null, "Al.Dist. Der.": null, "Ruta": 158 }, "geometry": { "type": "Point", "coordinates": [ -64.3046073, -33.0925179 ] } },
{ "type": "Feature", "properties": { "Name": "284.54", "P.K.": null, "Al.Dist. Izq.": null, "Al.Dist. Der.": null, "Ruta": 158 }, "geometry": { "type": "Point", "coordinates": [ -64.3049483, -33.0925168 ] } },
{ "type": "Feature", "properties": { "Name": "284.56", "P.K.": null, "Al.Dist. Izq.": null, "Al.Dist. Der.": null, "Ruta": 158 }, "geometry": { "type": "Point", "coordinates": [ -64.3051508, -33.0922758 ] } },
{ "type": "Feature", "properties": { "Name": "284.57", "P.K.": null, "Al.Dist. Izq.": null, "Al.Dist. Der.": null, "Ruta": 158 }, "geometry": { "type": "Point", "coordinates": [ -64.305257, -33.0924778 ] } },
{ "type": "Feature", "properties": { "Name": "284.6", "P.K.": null, "Al.Dist. Izq.": null, "Al.Dist. Der.": null, "Ruta": 158 }, "geometry": { "type": "Point", "coordinates": [ -64.3056004, -33.0924969 ] } },
{ "type": "Feature", "properties": { "Name": "284.63", "P.K.": null, "Al.Dist. Izq.": null, "Al.Dist. Der.": null, "Ruta": 158 }, "geometry": { "type": "Point", "coordinates": [ -64.3059088, -33.0924609 ] } },
{ "type": "Feature", "properties": { "Name": "284.65", "P.K.": null, "Al.Dist. Izq.": null, "Al.Dist. Der.": null, "Ruta": 158 }, "geometry": { "type": "Point", "coordinates": [ -64.3061331, -33.0922932 ] } },
{ "type": "Feature", "properties": { "Name": "284.69", "P.K.": null, "Al.Dist. Izq.": null, "Al.Dist. Der.": null, "Ruta": 158 }, "geometry": { "type": "Point", "coordinates": [ -64.3065321, -33.0924887 ] } },
{ "type": "Feature", "properties": { "Name": "284.72", "P.K.": null, "Al.Dist. Izq.": null, "Al.Dist. Der.": null, "Ruta": 158 }, "geometry": { "type": "Point", "coordinates": [ -64.3068127, -33.0924758 ] } },
{ "type": "Feature", "properties": { "Name": "284.74", "P.K.": null, "Al.Dist. Izq.": null, "Al.Dist. Der.": null, "Ruta": 158 }, "geometry": { "type": "Point", "coordinates": [ -64.3070692, -33.0925019 ] } },
{ "type": "Feature", "properties": { "Name": "284.75", "P.K.": null, "Al.Dist. Izq.": null, "Al.Dist. Der.": null, "Ruta": 158 }, "geometry": { "type": "Point", "coordinates": [ -64.307187, -33.092447 ] } },
{ "type": "Feature", "properties": { "Name": "284.77", "P.K.": null, "Al.Dist. Izq.": null, "Al.Dist. Der.": null, "Ruta": 158 }, "geometry": { "type": "Point", "coordinates": [ -64.3073505, -33.092507 ] } },
{ "type": "Feature", "properties": { "Name": "284.86", "P.K.": null, "Al.Dist. Izq.": null, "Al.Dist. Der.": null, "Ruta": 158 }, "geometry": { "type": "Point", "coordinates": [ -64.3083714, -33.0923132 ] } },
{ "type": "Feature", "properties": { "Name": "284.93", "P.K.": null, "Al.Dist. Izq.": null, "Al.Dist. Der.": null, "Ruta": 158 }, "geometry": { "type": "Point", "coordinates": [ -64.3090474, -33.0922794 ] } },
{ "type": "Feature", "properties": { "Name": "284.95", "P.K.": null, "Al.Dist. Izq.": null, "Al.Dist. Der.": null, "Ruta": 158 }, "geometry": { "type": "Point", "coordinates": [ -64.3092613, -33.0922868 ] } },
{ "type": "Feature", "properties": { "Name": "285", "P.K.": "PK285", "Al.Dist. Izq.": null, "Al.Dist. Der.": null, "Ruta": 158 }, "geometry": { "type": "Point", "coordinates": [ -64.3098289, -33.0923946 ] } },
{ "type": "Feature", "properties": { "Name": "285.03", "P.K.": null, "Al.Dist. Izq.": null, "Al.Dist. Der.": null, "Ruta": 158 }, "geometry": { "type": "Point", "coordinates": [ -64.3101333, -33.0923427 ] } },
{ "type": "Feature", "properties": { "Name": "285.05", "P.K.": null, "Al.Dist. Izq.": null, "Al.Dist. Der.": null, "Ruta": 158 }, "geometry": { "type": "Point", "coordinates": [ -64.3104075, -33.0924471 ] } },
{ "type": "Feature", "properties": { "Name": "285.07", "P.K.": null, "Al.Dist. Izq.": null, "Al.Dist. Der.": null, "Ruta": 158 }, "geometry": { "type": "Point", "coordinates": [ -64.3106168, -33.0922988 ] } },
{ "type": "Feature", "properties": { "Name": "285.11", "P.K.": null, "Al.Dist. Izq.": null, "Al.Dist. Der.": null, "Ruta": 158 }, "geometry": { "type": "Point", "coordinates": [ -64.3110389, -33.0924769 ] } },
{ "type": "Feature", "properties": { "Name": "285.14", "P.K.": null, "Al.Dist. Izq.": null, "Al.Dist. Der.": null, "Ruta": 158 }, "geometry": { "type": "Point", "coordinates": [ -64.3113376, -33.0923587 ] } },
{ "type": "Feature", "properties": { "Name": "285.16", "P.K.": null, "Al.Dist. Izq.": null, "Al.Dist. Der.": null, "Ruta": 158 }, "geometry": { "type": "Point", "coordinates": [ -64.3115241, -33.0924464 ] } },
{ "type": "Feature", "properties": { "Name": "285.17", "P.K.": null, "Al.Dist. Izq.": null, "Al.Dist. Der.": null, "Ruta": 158 }, "geometry": { "type": "Point", "coordinates": [ -64.3117041, -33.0924941 ] } },
{ "type": "Feature", "properties": { "Name": "285.32", "P.K.": null, "Al.Dist. Izq.": null, "Al.Dist. Der.": null, "Ruta": 158 }, "geometry": { "type": "Point", "coordinates": [ -64.3132504, -33.0922505 ] } },
{ "type": "Feature", "properties": { "Name": "285.38", "P.K.": null, "Al.Dist. Izq.": null, "Al.Dist. Der.": null, "Ruta": 158 }, "geometry": { "type": "Point", "coordinates": [ -64.3138968, -33.0923165 ] } },
{ "type": "Feature", "properties": { "Name": "285.45", "P.K.": null, "Al.Dist. Izq.": null, "Al.Dist. Der.": null, "Ruta": 158 }, "geometry": { "type": "Point", "coordinates": [ -64.3146548, -33.0922853 ] } },
{ "type": "Feature", "properties": { "Name": "285.52", "P.K.": null, "Al.Dist. Izq.": null, "Al.Dist. Der.": null, "Ruta": 158 }, "geometry": { "type": "Point", "coordinates": [ -64.3153026, -33.0925101 ] } },
{ "type": "Feature", "properties": { "Name": "285.53", "P.K.": null, "Al.Dist. Izq.": null, "Al.Dist. Der.": null, "Ruta": 158 }, "geometry": { "type": "Point", "coordinates": [ -64.3154008, -33.0922221 ] } },
{ "type": "Feature", "properties": { "Name": "285.55", "P.K.": null, "Al.Dist. Izq.": null, "Al.Dist. Der.": null, "Ruta": 158 }, "geometry": { "type": "Point", "coordinates": [ -64.315673, -33.0923655 ] } },
{ "type": "Feature", "properties": { "Name": "285.58", "P.K.": null, "Al.Dist. Izq.": null, "Al.Dist. Der.": null, "Ruta": 158 }, "geometry": { "type": "Point", "coordinates": [ -64.3159862, -33.0922682 ] } },
{ "type": "Feature", "properties": { "Name": "285.59", "P.K.": null, "Al.Dist. Izq.": null, "Al.Dist. Der.": null, "Ruta": 158 }, "geometry": { "type": "Point", "coordinates": [ -64.3160774, -33.0925219 ] } },
{ "type": "Feature", "properties": { "Name": "285.65", "P.K.": null, "Al.Dist. Izq.": null, "Al.Dist. Der.": null, "Ruta": 158 }, "geometry": { "type": "Point", "coordinates": [ -64.3167346, -33.092087 ] } },
{ "type": "Feature", "properties": { "Name": "285.66", "P.K.": null, "Al.Dist. Izq.": null, "Al.Dist. Der.": null, "Ruta": 158 }, "geometry": { "type": "Point", "coordinates": [ -64.3167584, -33.0923702 ] } },
{ "type": "Feature", "properties": { "Name": "285.67", "P.K.": null, "Al.Dist. Izq.": null, "Al.Dist. Der.": null, "Ruta": 158 }, "geometry": { "type": "Point", "coordinates": [ -64.3169016, -33.0923815 ] } },
{ "type": "Feature", "properties": { "Name": "285.73", "P.K.": null, "Al.Dist. Izq.": null, "Al.Dist. Der.": null, "Ruta": 158 }, "geometry": { "type": "Point", "coordinates": [ -64.317507, -33.0924814 ] } },
{ "type": "Feature", "properties": { "Name": "285.75", "P.K.": null, "Al.Dist. Izq.": null, "Al.Dist. Der.": null, "Ruta": 158 }, "geometry": { "type": "Point", "coordinates": [ -64.3178182, -33.0924058 ] } },
{ "type": "Feature", "properties": { "Name": "285.76", "P.K.": null, "Al.Dist. Izq.": null, "Al.Dist. Der.": null, "Ruta": 158 }, "geometry": { "type": "Point", "coordinates": [ -64.3179161, -33.092487 ] } },
{ "type": "Feature", "properties": { "Name": "285.84", "P.K.": null, "Al.Dist. Izq.": null, "Al.Dist. Der.": null, "Ruta": 158 }, "geometry": { "type": "Point", "coordinates": [ -64.3187506, -33.0924612 ] } },
{ "type": "Feature", "properties": { "Name": "285.85", "P.K.": null, "Al.Dist. Izq.": null, "Al.Dist. Der.": null, "Ruta": 158 }, "geometry": { "type": "Point", "coordinates": [ -64.3188769, -33.0923947 ] } },
{ "type": "Feature", "properties": { "Name": "285.86", "P.K.": null, "Al.Dist. Izq.": null, "Al.Dist. Der.": null, "Ruta": 158 }, "geometry": { "type": "Point", "coordinates": [ -64.3189759, -33.0924809 ] } },
{ "type": "Feature", "properties": { "Name": "285.86", "P.K.": null, "Al.Dist. Izq.": null, "Al.Dist. Der.": null, "Ruta": 158 }, "geometry": { "type": "Point", "coordinates": [ -64.3189202, -33.0923376 ] } },
{ "type": "Feature", "properties": { "Name": "285.91", "P.K.": null, "Al.Dist. Izq.": null, "Al.Dist. Der.": null, "Ruta": 158 }, "geometry": { "type": "Point", "coordinates": [ -64.3194344, -33.0923812 ] } },
{ "type": "Feature", "properties": { "Name": "285.93", "P.K.": null, "Al.Dist. Izq.": null, "Al.Dist. Der.": null, "Ruta": 158 }, "geometry": { "type": "Point", "coordinates": [ -64.3196445, -33.092441 ] } },
{ "type": "Feature", "properties": { "Name": "285.94", "P.K.": null, "Al.Dist. Izq.": null, "Al.Dist. Der.": null, "Ruta": 158 }, "geometry": { "type": "Point", "coordinates": [ -64.3197598, -33.092298 ] } },
{ "type": "Feature", "properties": { "Name": "285.95", "P.K.": null, "Al.Dist. Izq.": null, "Al.Dist. Der.": null, "Ruta": 158 }, "geometry": { "type": "Point", "coordinates": [ -64.3199331, -33.0923174 ] } },
{ "type": "Feature", "properties": { "Name": "285.97", "P.K.": null, "Al.Dist. Izq.": null, "Al.Dist. Der.": null, "Ruta": 158 }, "geometry": { "type": "Point", "coordinates": [ -64.320098, -33.092381 ] } },
{ "type": "Feature", "properties": { "Name": "285.97", "P.K.": null, "Al.Dist. Izq.": null, "Al.Dist. Der.": null, "Ruta": 158 }, "geometry": { "type": "Point", "coordinates": [ -64.3201068, -33.0923092 ] } },
{ "type": "Feature", "properties": { "Name": "286", "P.K.": "PK286", "Al.Dist. Izq.": null, "Al.Dist. Der.": null, "Ruta": 158 }, "geometry": { "type": "Point", "coordinates": [ -64.320514, -33.092527 ] } },
{ "type": "Feature", "properties": { "Name": "286.01", "P.K.": null, "Al.Dist. Izq.": null, "Al.Dist. Der.": null, "Ruta": 158 }, "geometry": { "type": "Point", "coordinates": [ -64.3205433, -33.0924424 ] } },
{ "type": "Feature", "properties": { "Name": "286.02", "P.K.": null, "Al.Dist. Izq.": null, "Al.Dist. Der.": null, "Ruta": 158 }, "geometry": { "type": "Point", "coordinates": [ -64.3206181, -33.0923688 ] } },
{ "type": "Feature", "properties": { "Name": "286.05", "P.K.": null, "Al.Dist. Izq.": null, "Al.Dist. Der.": null, "Ruta": 158 }, "geometry": { "type": "Point", "coordinates": [ -64.3209708, -33.0924491 ] } },
{ "type": "Feature", "properties": { "Name": "286.16", "P.K.": null, "Al.Dist. Izq.": null, "Al.Dist. Der.": null, "Ruta": 158 }, "geometry": { "type": "Point", "coordinates": [ -64.32211, -33.09241 ] } },
{ "type": "Feature", "properties": { "Name": "286.17", "P.K.": null, "Al.Dist. Izq.": null, "Al.Dist. Der.": null, "Ruta": 158 }, "geometry": { "type": "Point", "coordinates": [ -64.3223119, -33.0924348 ] } },
{ "type": "Feature", "properties": { "Name": "286.2", "P.K.": null, "Al.Dist. Izq.": null, "Al.Dist. Der.": null, "Ruta": 158 }, "geometry": { "type": "Point", "coordinates": [ -64.3225801, -33.0924308 ] } },
{ "type": "Feature", "properties": { "Name": "286.21", "P.K.": null, "Al.Dist. Izq.": null, "Al.Dist. Der.": null, "Ruta": 158 }, "geometry": { "type": "Point", "coordinates": [ -64.3228259, -33.0924106 ] } },
{ "type": "Feature", "properties": { "Name": "286.22", "P.K.": null, "Al.Dist. Izq.": null, "Al.Dist. Der.": null, "Ruta": 158 }, "geometry": { "type": "Point", "coordinates": [ -64.3228393, -33.0925345 ] } },
{ "type": "Feature", "properties": { "Name": "286.23", "P.K.": null, "Al.Dist. Izq.": null, "Al.Dist. Der.": null, "Ruta": 158 }, "geometry": { "type": "Point", "coordinates": [ -64.3227638, -33.0926837 ] } },
{ "type": "Feature", "properties": { "Name": "286.25", "P.K.": null, "Al.Dist. Izq.": null, "Al.Dist. Der.": null, "Ruta": 158 }, "geometry": { "type": "Point", "coordinates": [ -64.3230186, -33.0927938 ] } },
{ "type": "Feature", "properties": { "Name": "286.28", "P.K.": null, "Al.Dist. Izq.": null, "Al.Dist. Der.": null, "Ruta": 158 }, "geometry": { "type": "Point", "coordinates": [ -64.32327, -33.09297 ] } },
{ "type": "Feature", "properties": { "Name": "286.29", "P.K.": null, "Al.Dist. Izq.": null, "Al.Dist. Der.": null, "Ruta": 158 }, "geometry": { "type": "Point", "coordinates": [ -64.3233457, -33.0929962 ] } }
]
}
