{
"type": "FeatureCollection",
"name": "MOJONES RN 038",
"features": [
{ "type": "Feature", "properties": { "Name": "0", "P.K.": null, "Al.Dist. Izq.": 50, "Al.Dist. Der.": 50, "Ruta": 38 }, "geometry": { "type": "Point", "coordinates": [ -64.4235159, -31.4548844 ] } },
{ "type": "Feature", "properties": { "Name": "0.01", "P.K.": null, "Al.Dist. Izq.": 50, "Al.Dist. Der.": 50, "Ruta": 38 }, "geometry": { "type": "Point", "coordinates": [ -64.4237396, -31.4550765 ] } },
{ "type": "Feature", "properties": { "Name": "0.07", "P.K.": null, "Al.Dist. Izq.": 50, "Al.Dist. Der.": 50, "Ruta": 38 }, "geometry": { "type": "Point", "coordinates": [ -64.4243572, -31.4547127 ] } },
{ "type": "Feature", "properties": { "Name": "0.11", "P.K.": null, "Al.Dist. Izq.": 50, "Al.Dist. Der.": 50, "Ruta": 38 }, "geometry": { "type": "Point", "coordinates": [ -64.4248386, -31.4550101 ] } },
{ "type": "Feature", "properties": { "Name": "0.28", "P.K.": null, "Al.Dist. Izq.": 50, "Al.Dist. Der.": 50, "Ruta": 38 }, "geometry": { "type": "Point", "coordinates": [ -64.426348, -31.454058 ] } },
{ "type": "Feature", "properties": { "Name": "0.28", "P.K.": null, "Al.Dist. Izq.": 50, "Al.Dist. Der.": 50, "Ruta": 38 }, "geometry": { "type": "Point", "coordinates": [ -64.4264403, -31.4541501 ] } },
{ "type": "Feature", "properties": { "Name": "0.32", "P.K.": null, "Al.Dist. Izq.": 50, "Al.Dist. Der.": 50, "Ruta": 38 }, "geometry": { "type": "Point", "coordinates": [ -64.4270142, -31.4541678 ] } },
{ "type": "Feature", "properties": { "Name": "0.41", "P.K.": null, "Al.Dist. Izq.": 50, "Al.Dist. Der.": 50, "Ruta": 38 }, "geometry": { "type": "Point", "coordinates": [ -64.4274444, -31.4533335 ] } },
{ "type": "Feature", "properties": { "Name": "0.42", "P.K.": null, "Al.Dist. Izq.": 50, "Al.Dist. Der.": 50, "Ruta": 38 }, "geometry": { "type": "Point", "coordinates": [ -64.4274913, -31.4533095 ] } },
{ "type": "Feature", "properties": { "Name": "0.54", "P.K.": null, "Al.Dist. Izq.": 50, "Al.Dist. Der.": 50, "Ruta": 38 }, "geometry": { "type": "Point", "coordinates": [ -64.4284493, -31.4525581 ] } },
{ "type": "Feature", "properties": { "Name": "0.64", "P.K.": null, "Al.Dist. Izq.": 50, "Al.Dist. Der.": 50, "Ruta": 38 }, "geometry": { "type": "Point", "coordinates": [ -64.4290098, -31.4518482 ] } },
{ "type": "Feature", "properties": { "Name": "0.72", "P.K.": null, "Al.Dist. Izq.": 50, "Al.Dist. Der.": 50, "Ruta": 38 }, "geometry": { "type": "Point", "coordinates": [ -64.4294427, -31.451213 ] } },
{ "type": "Feature", "properties": { "Name": "0.75", "P.K.": null, "Al.Dist. Izq.": 50, "Al.Dist. Der.": 50, "Ruta": 38 }, "geometry": { "type": "Point", "coordinates": [ -64.4297156, -31.4510153 ] } },
{ "type": "Feature", "properties": { "Name": "0.81", "P.K.": null, "Al.Dist. Izq.": 50, "Al.Dist. Der.": 50, "Ruta": 38 }, "geometry": { "type": "Point", "coordinates": [ -64.4299, -31.4505125 ] } },
{ "type": "Feature", "properties": { "Name": "0.85", "P.K.": null, "Al.Dist. Izq.": 50, "Al.Dist. Der.": 50, "Ruta": 38 }, "geometry": { "type": "Point", "coordinates": [ -64.4303808, -31.4502891 ] } },
{ "type": "Feature", "properties": { "Name": "0.94", "P.K.": null, "Al.Dist. Izq.": 50, "Al.Dist. Der.": 50, "Ruta": 38 }, "geometry": { "type": "Point", "coordinates": [ -64.430823, -31.4495947 ] } },
{ "type": "Feature", "properties": { "Name": "1", "P.K.": "PK1", "Al.Dist. Izq.": 50, "Al.Dist. Der.": 50, "Ruta": 38 }, "geometry": { "type": "Point", "coordinates": [ -64.4307455, -31.4489593 ] } },
{ "type": "Feature", "properties": { "Name": "1.04", "P.K.": null, "Al.Dist. Izq.": 50, "Al.Dist. Der.": 50, "Ruta": 38 }, "geometry": { "type": "Point", "coordinates": [ -64.4309332, -31.4486155 ] } },
{ "type": "Feature", "properties": { "Name": "1.44", "P.K.": null, "Al.Dist. Izq.": 50, "Al.Dist. Der.": 50, "Ruta": 38 }, "geometry": { "type": "Point", "coordinates": [ -64.4332344, -31.4457103 ] } },
{ "type": "Feature", "properties": { "Name": "1.44", "P.K.": null, "Al.Dist. Izq.": 50, "Al.Dist. Der.": 50, "Ruta": 38 }, "geometry": { "type": "Point", "coordinates": [ -64.4335803, -31.4460751 ] } },
{ "type": "Feature", "properties": { "Name": "1.99", "P.K.": null, "Al.Dist. Izq.": 50, "Al.Dist. Der.": 50, "Ruta": 38 }, "geometry": { "type": "Point", "coordinates": [ -64.4375178, -31.4424804 ] } },
{ "type": "Feature", "properties": { "Name": "2", "P.K.": "PK2", "Al.Dist. Izq.": 50, "Al.Dist. Der.": 50, "Ruta": 38 }, "geometry": { "type": "Point", "coordinates": [ -64.4378219, -31.4427227 ] } },
{ "type": "Feature", "properties": { "Name": "2.15", "P.K.": null, "Al.Dist. Izq.": 50, "Al.Dist. Der.": 50, "Ruta": 38 }, "geometry": { "type": "Point", "coordinates": [ -64.438813, -31.4415856 ] } },
{ "type": "Feature", "properties": { "Name": "2.33", "P.K.": null, "Al.Dist. Izq.": 50, "Al.Dist. Der.": 50, "Ruta": 38 }, "geometry": { "type": "Point", "coordinates": [ -64.4401112, -31.4404488 ] } },
{ "type": "Feature", "properties": { "Name": "2.4", "P.K.": null, "Al.Dist. Izq.": 50, "Al.Dist. Der.": 50, "Ruta": 38 }, "geometry": { "type": "Point", "coordinates": [ -64.4404883, -31.4399297 ] } },
{ "type": "Feature", "properties": { "Name": "2.61", "P.K.": null, "Al.Dist. Izq.": 50, "Al.Dist. Der.": 50, "Ruta": 38 }, "geometry": { "type": "Point", "coordinates": [ -64.4418503, -31.4383871 ] } },
{ "type": "Feature", "properties": { "Name": "2.61", "P.K.": null, "Al.Dist. Izq.": 50, "Al.Dist. Der.": 50, "Ruta": 38 }, "geometry": { "type": "Point", "coordinates": [ -64.4419803, -31.4385171 ] } },
{ "type": "Feature", "properties": { "Name": "2.84", "P.K.": null, "Al.Dist. Izq.": 50, "Al.Dist. Der.": 50, "Ruta": 38 }, "geometry": { "type": "Point", "coordinates": [ -64.4434418, -31.4367917 ] } },
{ "type": "Feature", "properties": { "Name": "2.96", "P.K.": null, "Al.Dist. Izq.": 50, "Al.Dist. Der.": 50, "Ruta": 38 }, "geometry": { "type": "Point", "coordinates": [ -64.444633, -31.4362768 ] } },
{ "type": "Feature", "properties": { "Name": "3", "P.K.": "PK3", "Al.Dist. Izq.": 50, "Al.Dist. Der.": 50, "Ruta": 38 }, "geometry": { "type": "Point", "coordinates": [ -64.4445542, -31.4357106 ] } },
{ "type": "Feature", "properties": { "Name": "3.04", "P.K.": null, "Al.Dist. Izq.": 50, "Al.Dist. Der.": 50, "Ruta": 38 }, "geometry": { "type": "Point", "coordinates": [ -64.4447701, -31.4354 ] } },
{ "type": "Feature", "properties": { "Name": "3.04", "P.K.": null, "Al.Dist. Izq.": 50, "Al.Dist. Der.": 50, "Ruta": 38 }, "geometry": { "type": "Point", "coordinates": [ -64.4452154, -31.4357398 ] } },
{ "type": "Feature", "properties": { "Name": "3.13", "P.K.": null, "Al.Dist. Izq.": 50, "Al.Dist. Der.": 50, "Ruta": 38 }, "geometry": { "type": "Point", "coordinates": [ -64.4454893, -31.434853 ] } },
{ "type": "Feature", "properties": { "Name": "3.22", "P.K.": null, "Al.Dist. Izq.": 50, "Al.Dist. Der.": 50, "Ruta": 38 }, "geometry": { "type": "Point", "coordinates": [ -64.4462092, -31.4343398 ] } },
{ "type": "Feature", "properties": { "Name": "3.23", "P.K.": null, "Al.Dist. Izq.": 50, "Al.Dist. Der.": 50, "Ruta": 38 }, "geometry": { "type": "Point", "coordinates": [ -64.4458946, -31.4340749 ] } },
{ "type": "Feature", "properties": { "Name": "3.76", "P.K.": null, "Al.Dist. Izq.": 50, "Al.Dist. Der.": 50, "Ruta": 38 }, "geometry": { "type": "Point", "coordinates": [ -64.4480799, -31.429636 ] } },
{ "type": "Feature", "properties": { "Name": "3.94", "P.K.": null, "Al.Dist. Izq.": 50, "Al.Dist. Der.": 50, "Ruta": 38 }, "geometry": { "type": "Point", "coordinates": [ -64.4484394, -31.4280755 ] } },
{ "type": "Feature", "properties": { "Name": "4.01", "P.K.": null, "Al.Dist. Izq.": 50, "Al.Dist. Der.": 50, "Ruta": 38 }, "geometry": { "type": "Point", "coordinates": [ -64.4486199, -31.4273636 ] } },
{ "type": "Feature", "properties": { "Name": "4.11", "P.K.": null, "Al.Dist. Izq.": 50, "Al.Dist. Der.": 50, "Ruta": 38 }, "geometry": { "type": "Point", "coordinates": [ -64.4491103, -31.4264937 ] } },
{ "type": "Feature", "properties": { "Name": "4.25", "P.K.": null, "Al.Dist. Izq.": 50, "Al.Dist. Der.": 50, "Ruta": 38 }, "geometry": { "type": "Point", "coordinates": [ -64.4488483, -31.4252017 ] } },
{ "type": "Feature", "properties": { "Name": "4.38", "P.K.": null, "Al.Dist. Izq.": 50, "Al.Dist. Der.": 50, "Ruta": 38 }, "geometry": { "type": "Point", "coordinates": [ -64.4487535, -31.4240136 ] } },
{ "type": "Feature", "properties": { "Name": "4.43", "P.K.": null, "Al.Dist. Izq.": 50, "Al.Dist. Der.": 50, "Ruta": 38 }, "geometry": { "type": "Point", "coordinates": [ -64.4489859, -31.4235606 ] } },
{ "type": "Feature", "properties": { "Name": "4.45", "P.K.": null, "Al.Dist. Izq.": 50, "Al.Dist. Der.": 50, "Ruta": 38 }, "geometry": { "type": "Point", "coordinates": [ -64.4487794, -31.4234459 ] } },
{ "type": "Feature", "properties": { "Name": "4.54", "P.K.": null, "Al.Dist. Izq.": 50, "Al.Dist. Der.": 50, "Ruta": 38 }, "geometry": { "type": "Point", "coordinates": [ -64.4488431, -31.4226391 ] } },
{ "type": "Feature", "properties": { "Name": "4.57", "P.K.": null, "Al.Dist. Izq.": 50, "Al.Dist. Der.": 50, "Ruta": 38 }, "geometry": { "type": "Point", "coordinates": [ -64.4491297, -31.4223315 ] } },
{ "type": "Feature", "properties": { "Name": "4.57", "P.K.": null, "Al.Dist. Izq.": 50, "Al.Dist. Der.": 50, "Ruta": 38 }, "geometry": { "type": "Point", "coordinates": [ -64.4488863, -31.4223352 ] } },
{ "type": "Feature", "properties": { "Name": "4.64", "P.K.": null, "Al.Dist. Izq.": 50, "Al.Dist. Der.": 50, "Ruta": 38 }, "geometry": { "type": "Point", "coordinates": [ -64.4485403, -31.421668 ] } },
{ "type": "Feature", "properties": { "Name": "4.76", "P.K.": null, "Al.Dist. Izq.": 50, "Al.Dist. Der.": 50, "Ruta": 38 }, "geometry": { "type": "Point", "coordinates": [ -64.4487049, -31.4206483 ] } },
{ "type": "Feature", "properties": { "Name": "4.89", "P.K.": null, "Al.Dist. Izq.": 50, "Al.Dist. Der.": 50, "Ruta": 38 }, "geometry": { "type": "Point", "coordinates": [ -64.4487204, -31.4194578 ] } },
{ "type": "Feature", "properties": { "Name": "4.95", "P.K.": null, "Al.Dist. Izq.": 50, "Al.Dist. Der.": 50, "Ruta": 38 }, "geometry": { "type": "Point", "coordinates": [ -64.4488889, -31.4189291 ] } },
{ "type": "Feature", "properties": { "Name": "4.97", "P.K.": null, "Al.Dist. Izq.": 50, "Al.Dist. Der.": 50, "Ruta": 38 }, "geometry": { "type": "Point", "coordinates": [ -64.4488424, -31.4187142 ] } },
{ "type": "Feature", "properties": { "Name": "5", "P.K.": "PK5", "Al.Dist. Izq.": 50, "Al.Dist. Der.": 50, "Ruta": 38 }, "geometry": { "type": "Point", "coordinates": [ -64.4488655, -31.4184664 ] } },
{ "type": "Feature", "properties": { "Name": "5.04", "P.K.": null, "Al.Dist. Izq.": 50, "Al.Dist. Der.": 50, "Ruta": 38 }, "geometry": { "type": "Point", "coordinates": [ -64.4492199, -31.4181422 ] } },
{ "type": "Feature", "properties": { "Name": "5.04", "P.K.": null, "Al.Dist. Izq.": 50, "Al.Dist. Der.": 50, "Ruta": 38 }, "geometry": { "type": "Point", "coordinates": [ -64.4494858, -31.4181617 ] } },
{ "type": "Feature", "properties": { "Name": "5.09", "P.K.": null, "Al.Dist. Izq.": 50, "Al.Dist. Der.": 50, "Ruta": 38 }, "geometry": { "type": "Point", "coordinates": [ -64.4491411, -31.4176392 ] } },
{ "type": "Feature", "properties": { "Name": "5.1", "P.K.": null, "Al.Dist. Izq.": 50, "Al.Dist. Der.": 50, "Ruta": 38 }, "geometry": { "type": "Point", "coordinates": [ -64.4495968, -31.4177179 ] } },
{ "type": "Feature", "properties": { "Name": "5.13", "P.K.": null, "Al.Dist. Izq.": 50, "Al.Dist. Der.": 50, "Ruta": 38 }, "geometry": { "type": "Point", "coordinates": [ -64.4494476, -31.4174235 ] } },
{ "type": "Feature", "properties": { "Name": "5.16", "P.K.": null, "Al.Dist. Izq.": 50, "Al.Dist. Der.": 50, "Ruta": 38 }, "geometry": { "type": "Point", "coordinates": [ -64.4497725, -31.4171408 ] } },
{ "type": "Feature", "properties": { "Name": "5.17", "P.K.": null, "Al.Dist. Izq.": 50, "Al.Dist. Der.": 50, "Ruta": 38 }, "geometry": { "type": "Point", "coordinates": [ -64.4494221, -31.4169969 ] } },
{ "type": "Feature", "properties": { "Name": "5.18", "P.K.": null, "Al.Dist. Izq.": 50, "Al.Dist. Der.": 50, "Ruta": 38 }, "geometry": { "type": "Point", "coordinates": [ -64.4492921, -31.4168669 ] } },
{ "type": "Feature", "properties": { "Name": "5.21", "P.K.": null, "Al.Dist. Izq.": 50, "Al.Dist. Der.": 50, "Ruta": 38 }, "geometry": { "type": "Point", "coordinates": [ -64.4496035, -31.4166524 ] } },
{ "type": "Feature", "properties": { "Name": "5.24", "P.K.": null, "Al.Dist. Izq.": 50, "Al.Dist. Der.": 50, "Ruta": 38 }, "geometry": { "type": "Point", "coordinates": [ -64.4500568, -31.4164633 ] } },
{ "type": "Feature", "properties": { "Name": "5.25", "P.K.": null, "Al.Dist. Izq.": 50, "Al.Dist. Der.": 50, "Ruta": 38 }, "geometry": { "type": "Point", "coordinates": [ -64.4497316, -31.4162635 ] } },
{ "type": "Feature", "properties": { "Name": "5.28", "P.K.": null, "Al.Dist. Izq.": 50, "Al.Dist. Der.": 50, "Ruta": 38 }, "geometry": { "type": "Point", "coordinates": [ -64.449825, -31.4159164 ] } },
{ "type": "Feature", "properties": { "Name": "5.37", "P.K.": null, "Al.Dist. Izq.": 50, "Al.Dist. Der.": 50, "Ruta": 38 }, "geometry": { "type": "Point", "coordinates": [ -64.4501346, -31.4151516 ] } },
{ "type": "Feature", "properties": { "Name": "5.39", "P.K.": null, "Al.Dist. Izq.": 50, "Al.Dist. Der.": 50, "Ruta": 38 }, "geometry": { "type": "Point", "coordinates": [ -64.4503, -31.415 ] } },
{ "type": "Feature", "properties": { "Name": "5.71", "P.K.": null, "Al.Dist. Izq.": 50, "Al.Dist. Der.": 50, "Ruta": 38 }, "geometry": { "type": "Point", "coordinates": [ -64.4520845, -31.4126212 ] } },
{ "type": "Feature", "properties": { "Name": "5.75", "P.K.": null, "Al.Dist. Izq.": 50, "Al.Dist. Der.": 50, "Ruta": 38 }, "geometry": { "type": "Point", "coordinates": [ -64.452653, -31.412523 ] } },
{ "type": "Feature", "properties": { "Name": "5.86", "P.K.": null, "Al.Dist. Izq.": 50, "Al.Dist. Der.": 50, "Ruta": 38 }, "geometry": { "type": "Point", "coordinates": [ -64.4532531, -31.4115597 ] } },
{ "type": "Feature", "properties": { "Name": "5.9", "P.K.": null, "Al.Dist. Izq.": 50, "Al.Dist. Der.": 50, "Ruta": 38 }, "geometry": { "type": "Point", "coordinates": [ -64.4535693, -31.411316 ] } },
{ "type": "Feature", "properties": { "Name": "6", "P.K.": "PK6", "Al.Dist. Izq.": 50, "Al.Dist. Der.": 50, "Ruta": 38 }, "geometry": { "type": "Point", "coordinates": [ -64.4543672, -31.4107161 ] } },
{ "type": "Feature", "properties": { "Name": "6.03", "P.K.": null, "Al.Dist. Izq.": 50, "Al.Dist. Der.": 50, "Ruta": 38 }, "geometry": { "type": "Point", "coordinates": [ -64.4546081, -31.4105381 ] } },
{ "type": "Feature", "properties": { "Name": "6.16", "P.K.": null, "Al.Dist. Izq.": 50, "Al.Dist. Der.": 50, "Ruta": 38 }, "geometry": { "type": "Point", "coordinates": [ -64.4556595, -31.4097779 ] } },
{ "type": "Feature", "properties": { "Name": "6.54", "P.K.": null, "Al.Dist. Izq.": 50, "Al.Dist. Der.": 50, "Ruta": 38 }, "geometry": { "type": "Point", "coordinates": [ -64.4583511, -31.4073534 ] } },
{ "type": "Feature", "properties": { "Name": "6.56", "P.K.": null, "Al.Dist. Izq.": 50, "Al.Dist. Der.": 50, "Ruta": 38 }, "geometry": { "type": "Point", "coordinates": [ -64.4584979, -31.4072693 ] } },
{ "type": "Feature", "properties": { "Name": "6.62", "P.K.": null, "Al.Dist. Izq.": 50, "Al.Dist. Der.": 50, "Ruta": 38 }, "geometry": { "type": "Point", "coordinates": [ -64.4590214, -31.4069008 ] } },
{ "type": "Feature", "properties": { "Name": "6.63", "P.K.": null, "Al.Dist. Izq.": 50, "Al.Dist. Der.": 50, "Ruta": 38 }, "geometry": { "type": "Point", "coordinates": [ -64.4588289, -31.4067165 ] } },
{ "type": "Feature", "properties": { "Name": "6.66", "P.K.": null, "Al.Dist. Izq.": 50, "Al.Dist. Der.": 50, "Ruta": 38 }, "geometry": { "type": "Point", "coordinates": [ -64.4591918, -31.4065528 ] } },
{ "type": "Feature", "properties": { "Name": "6.82", "P.K.": null, "Al.Dist. Izq.": 50, "Al.Dist. Der.": 50, "Ruta": 38 }, "geometry": { "type": "Point", "coordinates": [ -64.4603705, -31.4056345 ] } },
{ "type": "Feature", "properties": { "Name": "6.84", "P.K.": null, "Al.Dist. Izq.": 50, "Al.Dist. Der.": 50, "Ruta": 38 }, "geometry": { "type": "Point", "coordinates": [ -64.4602034, -31.4053168 ] } },
{ "type": "Feature", "properties": { "Name": "6.88", "P.K.": null, "Al.Dist. Izq.": 50, "Al.Dist. Der.": 50, "Ruta": 38 }, "geometry": { "type": "Point", "coordinates": [ -64.4604547, -31.4050065 ] } },
{ "type": "Feature", "properties": { "Name": "6.98", "P.K.": null, "Al.Dist. Izq.": 50, "Al.Dist. Der.": 50, "Ruta": 38 }, "geometry": { "type": "Point", "coordinates": [ -64.4611125, -31.4043903 ] } },
{ "type": "Feature", "properties": { "Name": "7", "P.K.": "PK7", "Al.Dist. Izq.": 50, "Al.Dist. Der.": 50, "Ruta": 38 }, "geometry": { "type": "Point", "coordinates": [ -64.4611763, -31.404163 ] } },
{ "type": "Feature", "properties": { "Name": "7", "P.K.": null, "Al.Dist. Izq.": 50, "Al.Dist. Der.": 50, "Ruta": 38 }, "geometry": { "type": "Point", "coordinates": [ -64.4610463, -31.404063 ] } },
{ "type": "Feature", "properties": { "Name": "7.03", "P.K.": null, "Al.Dist. Izq.": 50, "Al.Dist. Der.": 50, "Ruta": 38 }, "geometry": { "type": "Point", "coordinates": [ -64.4617462, -31.4041888 ] } },
{ "type": "Feature", "properties": { "Name": "7.05", "P.K.": null, "Al.Dist. Izq.": 50, "Al.Dist. Der.": 50, "Ruta": 38 }, "geometry": { "type": "Point", "coordinates": [ -64.4616084, -31.4038929 ] } },
{ "type": "Feature", "properties": { "Name": "7.11", "P.K.": null, "Al.Dist. Izq.": 50, "Al.Dist. Der.": 50, "Ruta": 38 }, "geometry": { "type": "Point", "coordinates": [ -64.4619911, -31.4034849 ] } },
{ "type": "Feature", "properties": { "Name": "7.11", "P.K.": null, "Al.Dist. Izq.": 50, "Al.Dist. Der.": 50, "Ruta": 38 }, "geometry": { "type": "Point", "coordinates": [ -64.4619908, -31.4034845 ] } },
{ "type": "Feature", "properties": { "Name": "7.16", "P.K.": null, "Al.Dist. Izq.": 50, "Al.Dist. Der.": 50, "Ruta": 38 }, "geometry": { "type": "Point", "coordinates": [ -64.4625585, -31.4032622 ] } },
{ "type": "Feature", "properties": { "Name": "7.19", "P.K.": null, "Al.Dist. Izq.": 50, "Al.Dist. Der.": 50, "Ruta": 38 }, "geometry": { "type": "Point", "coordinates": [ -64.4626337, -31.4029237 ] } },
{ "type": "Feature", "properties": { "Name": "7.21", "P.K.": null, "Al.Dist. Izq.": 50, "Al.Dist. Der.": 50, "Ruta": 38 }, "geometry": { "type": "Point", "coordinates": [ -64.462975, -31.4030176 ] } },
{ "type": "Feature", "properties": { "Name": "7.21", "P.K.": null, "Al.Dist. Izq.": 50, "Al.Dist. Der.": 50, "Ruta": 38 }, "geometry": { "type": "Point", "coordinates": [ -64.4632211, -31.4032385 ] } },
{ "type": "Feature", "properties": { "Name": "7.24", "P.K.": null, "Al.Dist. Izq.": 50, "Al.Dist. Der.": 50, "Ruta": 38 }, "geometry": { "type": "Point", "coordinates": [ -64.4632663, -31.4029286 ] } },
{ "type": "Feature", "properties": { "Name": "7.29", "P.K.": null, "Al.Dist. Izq.": 50, "Al.Dist. Der.": 50, "Ruta": 38 }, "geometry": { "type": "Point", "coordinates": [ -64.4633589, -31.4022996 ] } },
{ "type": "Feature", "properties": { "Name": "7.35", "P.K.": null, "Al.Dist. Izq.": 50, "Al.Dist. Der.": 50, "Ruta": 38 }, "geometry": { "type": "Point", "coordinates": [ -64.4640814, -31.4022501 ] } },
{ "type": "Feature", "properties": { "Name": "7.35", "P.K.": null, "Al.Dist. Izq.": 50, "Al.Dist. Der.": 50, "Ruta": 38 }, "geometry": { "type": "Point", "coordinates": [ -64.4642561, -31.4023428 ] } },
{ "type": "Feature", "properties": { "Name": "7.39", "P.K.": null, "Al.Dist. Izq.": 50, "Al.Dist. Der.": 50, "Ruta": 38 }, "geometry": { "type": "Point", "coordinates": [ -64.4642, -31.4018 ] } },
{ "type": "Feature", "properties": { "Name": "7.43", "P.K.": null, "Al.Dist. Izq.": 50, "Al.Dist. Der.": 50, "Ruta": 38 }, "geometry": { "type": "Point", "coordinates": [ -64.464594, -31.4015478 ] } },
{ "type": "Feature", "properties": { "Name": "7.45", "P.K.": null, "Al.Dist. Izq.": 50, "Al.Dist. Der.": 50, "Ruta": 38 }, "geometry": { "type": "Point", "coordinates": [ -64.464744, -31.4014445 ] } },
{ "type": "Feature", "properties": { "Name": "7.5", "P.K.": null, "Al.Dist. Izq.": 50, "Al.Dist. Der.": 50, "Ruta": 38 }, "geometry": { "type": "Point", "coordinates": [ -64.465116, -31.4010673 ] } },
{ "type": "Feature", "properties": { "Name": "7.53", "P.K.": null, "Al.Dist. Izq.": 50, "Al.Dist. Der.": 50, "Ruta": 38 }, "geometry": { "type": "Point", "coordinates": [ -64.4654065, -31.4008386 ] } },
{ "type": "Feature", "properties": { "Name": "7.54", "P.K.": null, "Al.Dist. Izq.": 50, "Al.Dist. Der.": 50, "Ruta": 38 }, "geometry": { "type": "Point", "coordinates": [ -64.4652765, -31.4007086 ] } },
{ "type": "Feature", "properties": { "Name": "7.57", "P.K.": null, "Al.Dist. Izq.": 50, "Al.Dist. Der.": 50, "Ruta": 38 }, "geometry": { "type": "Point", "coordinates": [ -64.4657085, -31.4007056 ] } },
{ "type": "Feature", "properties": { "Name": "7.58", "P.K.": null, "Al.Dist. Izq.": 50, "Al.Dist. Der.": 50, "Ruta": 38 }, "geometry": { "type": "Point", "coordinates": [ -64.4655861, -31.4004564 ] } },
{ "type": "Feature", "properties": { "Name": "7.58", "P.K.": null, "Al.Dist. Izq.": 50, "Al.Dist. Der.": 50, "Ruta": 38 }, "geometry": { "type": "Point", "coordinates": [ -64.4657161, -31.4005864 ] } },
{ "type": "Feature", "properties": { "Name": "7.67", "P.K.": null, "Al.Dist. Izq.": 50, "Al.Dist. Der.": 50, "Ruta": 38 }, "geometry": { "type": "Point", "coordinates": [ -64.4666582, -31.4003084 ] } },
{ "type": "Feature", "properties": { "Name": "7.67", "P.K.": null, "Al.Dist. Izq.": 50, "Al.Dist. Der.": 50, "Ruta": 38 }, "geometry": { "type": "Point", "coordinates": [ -64.4666582, -31.4003084 ] } },
{ "type": "Feature", "properties": { "Name": "7.68", "P.K.": null, "Al.Dist. Izq.": null, "Al.Dist. Der.": null, "Ruta": 38 }, "geometry": { "type": "Point", "coordinates": [ -64.466713, -31.4004938 ] } },
{ "type": "Feature", "properties": { "Name": "7.69", "P.K.": null, "Al.Dist. Izq.": null, "Al.Dist. Der.": null, "Ruta": 38 }, "geometry": { "type": "Point", "coordinates": [ -64.4668556, -31.40032 ] } },
{ "type": "Feature", "properties": { "Name": "7.72", "P.K.": null, "Al.Dist. Izq.": null, "Al.Dist. Der.": null, "Ruta": 38 }, "geometry": { "type": "Point", "coordinates": [ -64.4672033, -31.4003116 ] } },
{ "type": "Feature", "properties": { "Name": "7.73", "P.K.": null, "Al.Dist. Izq.": null, "Al.Dist. Der.": null, "Ruta": 38 }, "geometry": { "type": "Point", "coordinates": [ -64.467241, -31.400406 ] } },
{ "type": "Feature", "properties": { "Name": "7.74", "P.K.": null, "Al.Dist. Izq.": null, "Al.Dist. Der.": null, "Ruta": 38 }, "geometry": { "type": "Point", "coordinates": [ -64.4673, -31.4004 ] } },
{ "type": "Feature", "properties": { "Name": "7.79", "P.K.": null, "Al.Dist. Izq.": null, "Al.Dist. Der.": null, "Ruta": 38 }, "geometry": { "type": "Point", "coordinates": [ -64.4677569, -31.4006955 ] } },
{ "type": "Feature", "properties": { "Name": "7.8", "P.K.": null, "Al.Dist. Izq.": null, "Al.Dist. Der.": null, "Ruta": 38 }, "geometry": { "type": "Point", "coordinates": [ -64.467771, -31.400877 ] } },
{ "type": "Feature", "properties": { "Name": "7.87", "P.K.": null, "Al.Dist. Izq.": null, "Al.Dist. Der.": null, "Ruta": 38 }, "geometry": { "type": "Point", "coordinates": [ -64.4684011, -31.4012093 ] } },
{ "type": "Feature", "properties": { "Name": "7.9", "P.K.": null, "Al.Dist. Izq.": null, "Al.Dist. Der.": null, "Ruta": 38 }, "geometry": { "type": "Point", "coordinates": [ -64.4685, -31.4015 ] } },
{ "type": "Feature", "properties": { "Name": "8", "P.K.": "PK8", "Al.Dist. Izq.": null, "Al.Dist. Der.": null, "Ruta": 38 }, "geometry": { "type": "Point", "coordinates": [ -64.4692905, -31.4020983 ] } },
{ "type": "Feature", "properties": { "Name": "8.03", "P.K.": null, "Al.Dist. Izq.": null, "Al.Dist. Der.": null, "Ruta": 38 }, "geometry": { "type": "Point", "coordinates": [ -64.4697, -31.4021 ] } },
{ "type": "Feature", "properties": { "Name": "8.61", "P.K.": null, "Al.Dist. Izq.": null, "Al.Dist. Der.": null, "Ruta": 38 }, "geometry": { "type": "Point", "coordinates": [ -64.4743674, -31.4052398 ] } },
{ "type": "Feature", "properties": { "Name": "9", "P.K.": "PK9", "Al.Dist. Izq.": null, "Al.Dist. Der.": null, "Ruta": 38 }, "geometry": { "type": "Point", "coordinates": [ -64.477527, -31.4072344 ] } },
{ "type": "Feature", "properties": { "Name": "9.23", "P.K.": null, "Al.Dist. Izq.": null, "Al.Dist. Der.": null, "Ruta": 38 }, "geometry": { "type": "Point", "coordinates": [ -64.4795166, -31.4087639 ] } },
{ "type": "Feature", "properties": { "Name": "9.34", "P.K.": null, "Al.Dist. Izq.": null, "Al.Dist. Der.": null, "Ruta": 38 }, "geometry": { "type": "Point", "coordinates": [ -64.4805, -31.4094 ] } },
{ "type": "Feature", "properties": { "Name": "9.82", "P.K.": null, "Al.Dist. Izq.": null, "Al.Dist. Der.": null, "Ruta": 38 }, "geometry": { "type": "Point", "coordinates": [ -64.4847991, -31.4123879 ] } },
{ "type": "Feature", "properties": { "Name": "10", "P.K.": "PK10", "Al.Dist. Izq.": null, "Al.Dist. Der.": null, "Ruta": 38 }, "geometry": { "type": "Point", "coordinates": [ -64.4862026, -31.4137247 ] } },
{ "type": "Feature", "properties": { "Name": "10.27", "P.K.": null, "Al.Dist. Izq.": null, "Al.Dist. Der.": null, "Ruta": 38 }, "geometry": { "type": "Point", "coordinates": [ -64.4884516, -31.4149033 ] } },
{ "type": "Feature", "properties": { "Name": "10.4", "P.K.": null, "Al.Dist. Izq.": null, "Al.Dist. Der.": null, "Ruta": 38 }, "geometry": { "type": "Point", "coordinates": [ -64.4894, -31.4158 ] } },
{ "type": "Feature", "properties": { "Name": "10.63", "P.K.": null, "Al.Dist. Izq.": null, "Al.Dist. Der.": null, "Ruta": 38 }, "geometry": { "type": "Point", "coordinates": [ -64.4915552, -31.4163837 ] } },
{ "type": "Feature", "properties": { "Name": "10.87", "P.K.": null, "Al.Dist. Izq.": null, "Al.Dist. Der.": null, "Ruta": 38 }, "geometry": { "type": "Point", "coordinates": [ -64.4939802, -31.4159126 ] } },
{ "type": "Feature", "properties": { "Name": "10.89", "P.K.": null, "Al.Dist. Izq.": null, "Al.Dist. Der.": null, "Ruta": 38 }, "geometry": { "type": "Point", "coordinates": [ -64.4666582, -31.4003084 ] } },
{ "type": "Feature", "properties": { "Name": "10.89", "P.K.": null, "Al.Dist. Izq.": null, "Al.Dist. Der.": null, "Ruta": 38 }, "geometry": { "type": "Point", "coordinates": [ -64.4666582, -31.4003084 ] } },
{ "type": "Feature", "properties": { "Name": "11", "P.K.": "PK11", "Al.Dist. Izq.": null, "Al.Dist. Der.": null, "Ruta": 38 }, "geometry": { "type": "Point", "coordinates": [ -64.4951546, -31.4158802 ] } },
{ "type": "Feature", "properties": { "Name": "11.12", "P.K.": null, "Al.Dist. Izq.": null, "Al.Dist. Der.": null, "Ruta": 38 }, "geometry": { "type": "Point", "coordinates": [ -64.4964281, -31.4156961 ] } },
{ "type": "Feature", "properties": { "Name": "11.19", "P.K.": null, "Al.Dist. Izq.": null, "Al.Dist. Der.": null, "Ruta": 38 }, "geometry": { "type": "Point", "coordinates": [ -64.4971708, -31.4155502 ] } },
{ "type": "Feature", "properties": { "Name": "11.6", "P.K.": null, "Al.Dist. Izq.": null, "Al.Dist. Der.": null, "Ruta": 38 }, "geometry": { "type": "Point", "coordinates": [ -64.5015651, -31.4153435 ] } },
{ "type": "Feature", "properties": { "Name": "11.73", "P.K.": null, "Al.Dist. Izq.": null, "Al.Dist. Der.": null, "Ruta": 38 }, "geometry": { "type": "Point", "coordinates": [ -64.5030163, -31.4152584 ] } },
{ "type": "Feature", "properties": { "Name": "11.78", "P.K.": null, "Al.Dist. Izq.": null, "Al.Dist. Der.": null, "Ruta": 38 }, "geometry": { "type": "Point", "coordinates": [ -64.503267, -31.414933 ] } },
{ "type": "Feature", "properties": { "Name": "11.78", "P.K.": null, "Al.Dist. Izq.": null, "Al.Dist. Der.": null, "Ruta": 38 }, "geometry": { "type": "Point", "coordinates": [ -64.503267, -31.414933 ] } },
{ "type": "Feature", "properties": { "Name": "11.79", "P.K.": null, "Al.Dist. Izq.": null, "Al.Dist. Der.": null, "Ruta": 38 }, "geometry": { "type": "Point", "coordinates": [ -64.5035464, -31.4149356 ] } },
{ "type": "Feature", "properties": { "Name": "11.79", "P.K.": null, "Al.Dist. Izq.": null, "Al.Dist. Der.": null, "Ruta": 38 }, "geometry": { "type": "Point", "coordinates": [ -64.5035464, -31.4149356 ] } },
{ "type": "Feature", "properties": { "Name": "11.88", "P.K.": null, "Al.Dist. Izq.": null, "Al.Dist. Der.": null, "Ruta": 38 }, "geometry": { "type": "Point", "coordinates": [ -64.5034716, -31.414034 ] } },
{ "type": "Feature", "properties": { "Name": "11.93", "P.K.": null, "Al.Dist. Izq.": null, "Al.Dist. Der.": null, "Ruta": 38 }, "geometry": { "type": "Point", "coordinates": [ -64.5033672, -31.4135334 ] } },
{ "type": "Feature", "properties": { "Name": "12.26", "P.K.": null, "Al.Dist. Izq.": null, "Al.Dist. Der.": null, "Ruta": 38 }, "geometry": { "type": "Point", "coordinates": [ -64.5026182, -31.4105304 ] } },
{ "type": "Feature", "properties": { "Name": "12.31", "P.K.": null, "Al.Dist. Izq.": null, "Al.Dist. Der.": null, "Ruta": 38 }, "geometry": { "type": "Point", "coordinates": [ -64.5027089, -31.4101302 ] } },
{ "type": "Feature", "properties": { "Name": "12.57", "P.K.": null, "Al.Dist. Izq.": null, "Al.Dist. Der.": null, "Ruta": 38 }, "geometry": { "type": "Point", "coordinates": [ -64.5019599, -31.4078296 ] } },
{ "type": "Feature", "properties": { "Name": "12.58", "P.K.": null, "Al.Dist. Izq.": null, "Al.Dist. Der.": null, "Ruta": 38 }, "geometry": { "type": "Point", "coordinates": [ -64.5019478, -31.4077828 ] } },
{ "type": "Feature", "properties": { "Name": "12.61", "P.K.": null, "Al.Dist. Izq.": null, "Al.Dist. Der.": null, "Ruta": 38 }, "geometry": { "type": "Point", "coordinates": [ -64.5018116, -31.4074978 ] } },
{ "type": "Feature", "properties": { "Name": "12.63", "P.K.": null, "Al.Dist. Izq.": null, "Al.Dist. Der.": null, "Ruta": 38 }, "geometry": { "type": "Point", "coordinates": [ -64.5018881, -31.4072945 ] } },
{ "type": "Feature", "properties": { "Name": "12.64", "P.K.": null, "Al.Dist. Izq.": null, "Al.Dist. Der.": null, "Ruta": 38 }, "geometry": { "type": "Point", "coordinates": [ -64.501681, -31.4072748 ] } },
{ "type": "Feature", "properties": { "Name": "12.64", "P.K.": null, "Al.Dist. Izq.": null, "Al.Dist. Der.": null, "Ruta": 38 }, "geometry": { "type": "Point", "coordinates": [ -64.501681, -31.4072748 ] } },
{ "type": "Feature", "properties": { "Name": "12.65", "P.K.": null, "Al.Dist. Izq.": null, "Al.Dist. Der.": null, "Ruta": 38 }, "geometry": { "type": "Point", "coordinates": [ -64.501634, -31.4071876 ] } },
{ "type": "Feature", "properties": { "Name": "12.67", "P.K.": null, "Al.Dist. Izq.": null, "Al.Dist. Der.": null, "Ruta": 38 }, "geometry": { "type": "Point", "coordinates": [ -64.5015, -31.4069 ] } },
{ "type": "Feature", "properties": { "Name": "12.7", "P.K.": null, "Al.Dist. Izq.": null, "Al.Dist. Der.": null, "Ruta": 38 }, "geometry": { "type": "Point", "coordinates": [ -64.5012809, -31.4067213 ] } },
{ "type": "Feature", "properties": { "Name": "12.7", "P.K.": null, "Al.Dist. Izq.": null, "Al.Dist. Der.": null, "Ruta": 38 }, "geometry": { "type": "Point", "coordinates": [ -64.5012809, -31.4067213 ] } },
{ "type": "Feature", "properties": { "Name": "12.97", "P.K.": null, "Al.Dist. Izq.": null, "Al.Dist. Der.": null, "Ruta": 38 }, "geometry": { "type": "Point", "coordinates": [ -64.4995818, -31.4047907 ] } },
{ "type": "Feature", "properties": { "Name": "13", "P.K.": "PK13", "Al.Dist. Izq.": null, "Al.Dist. Der.": null, "Ruta": 38 }, "geometry": { "type": "Point", "coordinates": [ -64.4993575, -31.4045958 ] } },
{ "type": "Feature", "properties": { "Name": "13.02", "P.K.": null, "Al.Dist. Izq.": null, "Al.Dist. Der.": null, "Ruta": 38 }, "geometry": { "type": "Point", "coordinates": [ -64.4992, -31.4045 ] } },
{ "type": "Feature", "properties": { "Name": "13.04", "P.K.": null, "Al.Dist. Izq.": null, "Al.Dist. Der.": null, "Ruta": 38 }, "geometry": { "type": "Point", "coordinates": [ -64.4990806, -31.4043333 ] } },
{ "type": "Feature", "properties": { "Name": "13.23", "P.K.": null, "Al.Dist. Izq.": null, "Al.Dist. Der.": null, "Ruta": 38 }, "geometry": { "type": "Point", "coordinates": [ -64.4984674, -31.4028749 ] } },
{ "type": "Feature", "properties": { "Name": "13.27", "P.K.": null, "Al.Dist. Izq.": null, "Al.Dist. Der.": null, "Ruta": 38 }, "geometry": { "type": "Point", "coordinates": [ -64.4985728, -31.4025139 ] } },
{ "type": "Feature", "properties": { "Name": "13.29", "P.K.": null, "Al.Dist. Izq.": null, "Al.Dist. Der.": null, "Ruta": 38 }, "geometry": { "type": "Point", "coordinates": [ -64.4985875, -31.4023166 ] } },
{ "type": "Feature", "properties": { "Name": "13.32", "P.K.": null, "Al.Dist. Izq.": null, "Al.Dist. Der.": null, "Ruta": 38 }, "geometry": { "type": "Point", "coordinates": [ -64.4984575, -31.4021866 ] } },
{ "type": "Feature", "properties": { "Name": "13.53", "P.K.": null, "Al.Dist. Izq.": null, "Al.Dist. Der.": null, "Ruta": 38 }, "geometry": { "type": "Point", "coordinates": [ -64.4990064, -31.4004317 ] } },
{ "type": "Feature", "properties": { "Name": "13.54", "P.K.": null, "Al.Dist. Izq.": null, "Al.Dist. Der.": null, "Ruta": 38 }, "geometry": { "type": "Point", "coordinates": [ -64.4990309, -31.4003754 ] } },
{ "type": "Feature", "properties": { "Name": "13.59", "P.K.": null, "Al.Dist. Izq.": null, "Al.Dist. Der.": null, "Ruta": 38 }, "geometry": { "type": "Point", "coordinates": [ -64.4990872, -31.3998952 ] } },
{ "type": "Feature", "properties": { "Name": "13.62", "P.K.": null, "Al.Dist. Izq.": null, "Al.Dist. Der.": null, "Ruta": 38 }, "geometry": { "type": "Point", "coordinates": [ -64.4991077, -31.3996181 ] } },
{ "type": "Feature", "properties": { "Name": "13.69", "P.K.": null, "Al.Dist. Izq.": null, "Al.Dist. Der.": null, "Ruta": 38 }, "geometry": { "type": "Point", "coordinates": [ -64.4992745, -31.399001 ] } },
{ "type": "Feature", "properties": { "Name": "13.79", "P.K.": null, "Al.Dist. Izq.": null, "Al.Dist. Der.": null, "Ruta": 38 }, "geometry": { "type": "Point", "coordinates": [ -64.4998736, -31.3983802 ] } },
{ "type": "Feature", "properties": { "Name": "13.79", "P.K.": null, "Al.Dist. Izq.": null, "Al.Dist. Der.": null, "Ruta": 38 }, "geometry": { "type": "Point", "coordinates": [ -64.4998736, -31.3983802 ] } },
{ "type": "Feature", "properties": { "Name": "13.82", "P.K.": null, "Al.Dist. Izq.": null, "Al.Dist. Der.": null, "Ruta": 38 }, "geometry": { "type": "Point", "coordinates": [ -64.5003277, -31.3985948 ] } },
{ "type": "Feature", "properties": { "Name": "13.85", "P.K.": null, "Al.Dist. Izq.": null, "Al.Dist. Der.": null, "Ruta": 38 }, "geometry": { "type": "Point", "coordinates": [ -64.5005267, -31.3982418 ] } },
{ "type": "Feature", "properties": { "Name": "13.96", "P.K.": null, "Al.Dist. Izq.": null, "Al.Dist. Der.": null, "Ruta": 38 }, "geometry": { "type": "Point", "coordinates": [ -64.5014945, -31.3977554 ] } },
{ "type": "Feature", "properties": { "Name": "14", "P.K.": "PK14", "Al.Dist. Izq.": null, "Al.Dist. Der.": null, "Ruta": 38 }, "geometry": { "type": "Point", "coordinates": [ -64.5016457, -31.3974563 ] } },
{ "type": "Feature", "properties": { "Name": "14.02", "P.K.": null, "Al.Dist. Izq.": null, "Al.Dist. Der.": null, "Ruta": 38 }, "geometry": { "type": "Point", "coordinates": [ -64.5017, -31.3973 ] } },
{ "type": "Feature", "properties": { "Name": "14.03", "P.K.": null, "Al.Dist. Izq.": null, "Al.Dist. Der.": null, "Ruta": 38 }, "geometry": { "type": "Point", "coordinates": [ -64.5015656, -31.3971616 ] } },
{ "type": "Feature", "properties": { "Name": "14.04", "P.K.": null, "Al.Dist. Izq.": null, "Al.Dist. Der.": null, "Ruta": 38 }, "geometry": { "type": "Point", "coordinates": [ -64.5017986, -31.3970866 ] } },
{ "type": "Feature", "properties": { "Name": "14.05", "P.K.": null, "Al.Dist. Izq.": null, "Al.Dist. Der.": null, "Ruta": 38 }, "geometry": { "type": "Point", "coordinates": [ -64.5017265, -31.3970027 ] } },
{ "type": "Feature", "properties": { "Name": "14.06", "P.K.": null, "Al.Dist. Izq.": null, "Al.Dist. Der.": null, "Ruta": 38 }, "geometry": { "type": "Point", "coordinates": [ -64.5018117, -31.3968167 ] } },
{ "type": "Feature", "properties": { "Name": "14.08", "P.K.": null, "Al.Dist. Izq.": null, "Al.Dist. Der.": null, "Ruta": 38 }, "geometry": { "type": "Point", "coordinates": [ -64.5018804, -31.3966524 ] } },
{ "type": "Feature", "properties": { "Name": "14.1", "P.K.": null, "Al.Dist. Izq.": null, "Al.Dist. Der.": null, "Ruta": 38 }, "geometry": { "type": "Point", "coordinates": [ -64.5019879, -31.3965435 ] } },
{ "type": "Feature", "properties": { "Name": "14.12", "P.K.": null, "Al.Dist. Izq.": null, "Al.Dist. Der.": null, "Ruta": 38 }, "geometry": { "type": "Point", "coordinates": [ -64.5019956, -31.3963514 ] } },
{ "type": "Feature", "properties": { "Name": "14.12", "P.K.": null, "Al.Dist. Izq.": null, "Al.Dist. Der.": null, "Ruta": 38 }, "geometry": { "type": "Point", "coordinates": [ -64.5019956, -31.3963514 ] } },
{ "type": "Feature", "properties": { "Name": "14.17", "P.K.": null, "Al.Dist. Izq.": null, "Al.Dist. Der.": null, "Ruta": 38 }, "geometry": { "type": "Point", "coordinates": [ -64.5023736, -31.3959587 ] } },
{ "type": "Feature", "properties": { "Name": "14.2", "P.K.": null, "Al.Dist. Izq.": null, "Al.Dist. Der.": null, "Ruta": 38 }, "geometry": { "type": "Point", "coordinates": [ -64.5025808, -31.3956594 ] } },
{ "type": "Feature", "properties": { "Name": "14.23", "P.K.": null, "Al.Dist. Izq.": null, "Al.Dist. Der.": null, "Ruta": 38 }, "geometry": { "type": "Point", "coordinates": [ -64.5027645, -31.3954376 ] } },
{ "type": "Feature", "properties": { "Name": "14.24", "P.K.": null, "Al.Dist. Izq.": null, "Al.Dist. Der.": null, "Ruta": 38 }, "geometry": { "type": "Point", "coordinates": [ -64.5027994, -31.3953034 ] } },
{ "type": "Feature", "properties": { "Name": "14.26", "P.K.": null, "Al.Dist. Izq.": null, "Al.Dist. Der.": null, "Ruta": 38 }, "geometry": { "type": "Point", "coordinates": [ -64.5029925, -31.3953035 ] } },
{ "type": "Feature", "properties": { "Name": "14.45", "P.K.": null, "Al.Dist. Izq.": null, "Al.Dist. Der.": null, "Ruta": 38 }, "geometry": { "type": "Point", "coordinates": [ -64.5044198, -31.3938567 ] } },
{ "type": "Feature", "properties": { "Name": "14.5", "P.K.": null, "Al.Dist. Izq.": null, "Al.Dist. Der.": null, "Ruta": 38 }, "geometry": { "type": "Point", "coordinates": [ -64.5048127, -31.3935061 ] } },
{ "type": "Feature", "properties": { "Name": "14.51", "P.K.": null, "Al.Dist. Izq.": null, "Al.Dist. Der.": null, "Ruta": 38 }, "geometry": { "type": "Point", "coordinates": [ -64.5050404, -31.3934843 ] } },
{ "type": "Feature", "properties": { "Name": "14.53", "P.K.": null, "Al.Dist. Izq.": null, "Al.Dist. Der.": null, "Ruta": 38 }, "geometry": { "type": "Point", "coordinates": [ -64.5052322, -31.393349 ] } },
{ "type": "Feature", "properties": { "Name": "14.58", "P.K.": null, "Al.Dist. Izq.": null, "Al.Dist. Der.": null, "Ruta": 38 }, "geometry": { "type": "Point", "coordinates": [ -64.5054667, -31.3929081 ] } },
{ "type": "Feature", "properties": { "Name": "14.67", "P.K.": null, "Al.Dist. Izq.": null, "Al.Dist. Der.": null, "Ruta": 38 }, "geometry": { "type": "Point", "coordinates": [ -64.5059627, -31.3921753 ] } },
{ "type": "Feature", "properties": { "Name": "14.76", "P.K.": null, "Al.Dist. Izq.": null, "Al.Dist. Der.": null, "Ruta": 38 }, "geometry": { "type": "Point", "coordinates": [ -64.5065481, -31.3914433 ] } },
{ "type": "Feature", "properties": { "Name": "14.91", "P.K.": null, "Al.Dist. Izq.": null, "Al.Dist. Der.": null, "Ruta": 38 }, "geometry": { "type": "Point", "coordinates": [ -64.5067691, -31.3901358 ] } },
{ "type": "Feature", "properties": { "Name": "15", "P.K.": "PK15", "Al.Dist. Izq.": null, "Al.Dist. Der.": null, "Ruta": 38 }, "geometry": { "type": "Point", "coordinates": [ -64.5069196, -31.3893108 ] } },
{ "type": "Feature", "properties": { "Name": "15.14", "P.K.": null, "Al.Dist. Izq.": null, "Al.Dist. Der.": null, "Ruta": 38 }, "geometry": { "type": "Point", "coordinates": [ -64.507526, -31.3882853 ] } },
{ "type": "Feature", "properties": { "Name": "15.39", "P.K.": null, "Al.Dist. Izq.": null, "Al.Dist. Der.": null, "Ruta": 38 }, "geometry": { "type": "Point", "coordinates": [ -64.5098572, -31.387741 ] } },
{ "type": "Feature", "properties": { "Name": "15.57", "P.K.": null, "Al.Dist. Izq.": null, "Al.Dist. Der.": null, "Ruta": 38 }, "geometry": { "type": "Point", "coordinates": [ -64.5103292, -31.3863928 ] } },
{ "type": "Feature", "properties": { "Name": "15.59", "P.K.": null, "Al.Dist. Izq.": null, "Al.Dist. Der.": null, "Ruta": 38 }, "geometry": { "type": "Point", "coordinates": [ -64.5102653, -31.3863475 ] } },
{ "type": "Feature", "properties": { "Name": "15.76", "P.K.": null, "Al.Dist. Izq.": null, "Al.Dist. Der.": null, "Ruta": 38 }, "geometry": { "type": "Point", "coordinates": [ -64.5107, -31.385 ] } },
{ "type": "Feature", "properties": { "Name": "15.79", "P.K.": null, "Al.Dist. Izq.": null, "Al.Dist. Der.": null, "Ruta": 38 }, "geometry": { "type": "Point", "coordinates": [ -64.5105827, -31.3846608 ] } },
{ "type": "Feature", "properties": { "Name": "15.97", "P.K.": null, "Al.Dist. Izq.": null, "Al.Dist. Der.": null, "Ruta": 38 }, "geometry": { "type": "Point", "coordinates": [ -64.5113389, -31.3832829 ] } },
{ "type": "Feature", "properties": { "Name": "15.99", "P.K.": null, "Al.Dist. Izq.": null, "Al.Dist. Der.": null, "Ruta": 38 }, "geometry": { "type": "Point", "coordinates": [ -64.5115514, -31.3832065 ] } },
{ "type": "Feature", "properties": { "Name": "16", "P.K.": "PK16", "Al.Dist. Izq.": null, "Al.Dist. Der.": null, "Ruta": 38 }, "geometry": { "type": "Point", "coordinates": [ -64.5116993, -31.3832972 ] } },
{ "type": "Feature", "properties": { "Name": "16.01", "P.K.": null, "Al.Dist. Izq.": null, "Al.Dist. Der.": null, "Ruta": 38 }, "geometry": { "type": "Point", "coordinates": [ -64.511815, -31.3832769 ] } },
{ "type": "Feature", "properties": { "Name": "16.04", "P.K.": null, "Al.Dist. Izq.": null, "Al.Dist. Der.": null, "Ruta": 38 }, "geometry": { "type": "Point", "coordinates": [ -64.5120698, -31.3831652 ] } },
{ "type": "Feature", "properties": { "Name": "16.04", "P.K.": null, "Al.Dist. Izq.": null, "Al.Dist. Der.": null, "Ruta": 38 }, "geometry": { "type": "Point", "coordinates": [ -64.5120698, -31.3831652 ] } },
{ "type": "Feature", "properties": { "Name": "16.13", "P.K.": null, "Al.Dist. Izq.": null, "Al.Dist. Der.": null, "Ruta": 38 }, "geometry": { "type": "Point", "coordinates": [ -64.5129854, -31.3831427 ] } },
{ "type": "Feature", "properties": { "Name": "16.17", "P.K.": null, "Al.Dist. Izq.": null, "Al.Dist. Der.": null, "Ruta": 38 }, "geometry": { "type": "Point", "coordinates": [ -64.5133444, -31.3829135 ] } },
{ "type": "Feature", "properties": { "Name": "16.27", "P.K.": null, "Al.Dist. Izq.": null, "Al.Dist. Der.": null, "Ruta": 38 }, "geometry": { "type": "Point", "coordinates": [ -64.5145, -31.383 ] } },
{ "type": "Feature", "properties": { "Name": "16.29", "P.K.": null, "Al.Dist. Izq.": null, "Al.Dist. Der.": null, "Ruta": 38 }, "geometry": { "type": "Point", "coordinates": [ -64.5146578, -31.3826672 ] } },
{ "type": "Feature", "properties": { "Name": "16.46", "P.K.": null, "Al.Dist. Izq.": null, "Al.Dist. Der.": null, "Ruta": 38 }, "geometry": { "type": "Point", "coordinates": [ -64.5150618, -31.3812653 ] } },
{ "type": "Feature", "properties": { "Name": "16.47", "P.K.": null, "Al.Dist. Izq.": null, "Al.Dist. Der.": null, "Ruta": 38 }, "geometry": { "type": "Point", "coordinates": [ -64.5153696, -31.3812003 ] } },
{ "type": "Feature", "properties": { "Name": "16.57", "P.K.": null, "Al.Dist. Izq.": null, "Al.Dist. Der.": null, "Ruta": 38 }, "geometry": { "type": "Point", "coordinates": [ -64.515442, -31.3803316 ] } },
{ "type": "Feature", "properties": { "Name": "16.74", "P.K.": null, "Al.Dist. Izq.": null, "Al.Dist. Der.": null, "Ruta": 38 }, "geometry": { "type": "Point", "coordinates": [ -64.5163, -31.379 ] } },
{ "type": "Feature", "properties": { "Name": "16.78", "P.K.": null, "Al.Dist. Izq.": null, "Al.Dist. Der.": null, "Ruta": 38 }, "geometry": { "type": "Point", "coordinates": [ -64.5162007, -31.3785964 ] } },
{ "type": "Feature", "properties": { "Name": "16.93", "P.K.": null, "Al.Dist. Izq.": null, "Al.Dist. Der.": null, "Ruta": 38 }, "geometry": { "type": "Point", "coordinates": [ -64.5166708, -31.3774257 ] } },
{ "type": "Feature", "properties": { "Name": "16.95", "P.K.": null, "Al.Dist. Izq.": null, "Al.Dist. Der.": null, "Ruta": 38 }, "geometry": { "type": "Point", "coordinates": [ -64.5168515, -31.3773229 ] } },
{ "type": "Feature", "properties": { "Name": "17", "P.K.": "PK17", "Al.Dist. Izq.": null, "Al.Dist. Der.": null, "Ruta": 38 }, "geometry": { "type": "Point", "coordinates": [ -64.5168565, -31.3768377 ] } },
{ "type": "Feature", "properties": { "Name": "17.21", "P.K.": null, "Al.Dist. Izq.": null, "Al.Dist. Der.": null, "Ruta": 38 }, "geometry": { "type": "Point", "coordinates": [ -64.5166302, -31.3748626 ] } },
{ "type": "Feature", "properties": { "Name": "17.35", "P.K.": null, "Al.Dist. Izq.": null, "Al.Dist. Der.": null, "Ruta": 38 }, "geometry": { "type": "Point", "coordinates": [ -64.5162768, -31.3736977 ] } },
{ "type": "Feature", "properties": { "Name": "17.5", "P.K.": null, "Al.Dist. Izq.": null, "Al.Dist. Der.": null, "Ruta": 38 }, "geometry": { "type": "Point", "coordinates": [ -64.5153638, -31.3723992 ] } },
{ "type": "Feature", "properties": { "Name": "17.5", "P.K.": null, "Al.Dist. Izq.": null, "Al.Dist. Der.": null, "Ruta": 38 }, "geometry": { "type": "Point", "coordinates": [ -64.5153665, -31.3724186 ] } },
{ "type": "Feature", "properties": { "Name": "17.51", "P.K.": null, "Al.Dist. Izq.": null, "Al.Dist. Der.": null, "Ruta": 38 }, "geometry": { "type": "Point", "coordinates": [ -64.515323, -31.3723619 ] } },
{ "type": "Feature", "properties": { "Name": "17.52", "P.K.": null, "Al.Dist. Izq.": null, "Al.Dist. Der.": null, "Ruta": 38 }, "geometry": { "type": "Point", "coordinates": [ -64.5153381, -31.3722814 ] } },
{ "type": "Feature", "properties": { "Name": "17.6", "P.K.": null, "Al.Dist. Izq.": null, "Al.Dist. Der.": null, "Ruta": 38 }, "geometry": { "type": "Point", "coordinates": [ -64.5148, -31.3717 ] } },
{ "type": "Feature", "properties": { "Name": "17.66", "P.K.": null, "Al.Dist. Izq.": null, "Al.Dist. Der.": null, "Ruta": 38 }, "geometry": { "type": "Point", "coordinates": [ -64.5142777, -31.3712996 ] } },
{ "type": "Feature", "properties": { "Name": "17.83", "P.K.": null, "Al.Dist. Izq.": null, "Al.Dist. Der.": null, "Ruta": 38 }, "geometry": { "type": "Point", "coordinates": [ -64.5128677, -31.370506 ] } },
{ "type": "Feature", "properties": { "Name": "17.92", "P.K.": null, "Al.Dist. Izq.": null, "Al.Dist. Der.": null, "Ruta": 38 }, "geometry": { "type": "Point", "coordinates": [ -64.5119, -31.3701 ] } },
{ "type": "Feature", "properties": { "Name": "17.97", "P.K.": null, "Al.Dist. Izq.": null, "Al.Dist. Der.": null, "Ruta": 38 }, "geometry": { "type": "Point", "coordinates": [ -64.5114887, -31.3696349 ] } },
{ "type": "Feature", "properties": { "Name": "17.99", "P.K.": null, "Al.Dist. Izq.": null, "Al.Dist. Der.": null, "Ruta": 38 }, "geometry": { "type": "Point", "coordinates": [ -64.5111992, -31.3699465 ] } },
{ "type": "Feature", "properties": { "Name": "18", "P.K.": "PK18", "Al.Dist. Izq.": null, "Al.Dist. Der.": null, "Ruta": 38 }, "geometry": { "type": "Point", "coordinates": [ -64.5111365, -31.3697579 ] } },
{ "type": "Feature", "properties": { "Name": "18.08", "P.K.": null, "Al.Dist. Izq.": null, "Al.Dist. Der.": null, "Ruta": 38 }, "geometry": { "type": "Point", "coordinates": [ -64.5102378, -31.3696639 ] } },
{ "type": "Feature", "properties": { "Name": "18.1", "P.K.": null, "Al.Dist. Izq.": null, "Al.Dist. Der.": null, "Ruta": 38 }, "geometry": { "type": "Point", "coordinates": [ -64.5099864, -31.3694824 ] } },
{ "type": "Feature", "properties": { "Name": "18.15", "P.K.": null, "Al.Dist. Izq.": null, "Al.Dist. Der.": null, "Ruta": 38 }, "geometry": { "type": "Point", "coordinates": [ -64.5095053, -31.3692977 ] } },
{ "type": "Feature", "properties": { "Name": "18.17", "P.K.": null, "Al.Dist. Izq.": null, "Al.Dist. Der.": null, "Ruta": 38 }, "geometry": { "type": "Point", "coordinates": [ -64.5093004, -31.3693515 ] } },
{ "type": "Feature", "properties": { "Name": "18.18", "P.K.": null, "Al.Dist. Izq.": null, "Al.Dist. Der.": null, "Ruta": 38 }, "geometry": { "type": "Point", "coordinates": [ -64.5091892, -31.3693824 ] } },
{ "type": "Feature", "properties": { "Name": "18.19", "P.K.": null, "Al.Dist. Izq.": null, "Al.Dist. Der.": null, "Ruta": 38 }, "geometry": { "type": "Point", "coordinates": [ -64.5090592, -31.3693822 ] } },
{ "type": "Feature", "properties": { "Name": "18.2", "P.K.": null, "Al.Dist. Izq.": null, "Al.Dist. Der.": null, "Ruta": 38 }, "geometry": { "type": "Point", "coordinates": [ -64.5090034, -31.3693825 ] } },
{ "type": "Feature", "properties": { "Name": "18.22", "P.K.": null, "Al.Dist. Izq.": null, "Al.Dist. Der.": null, "Ruta": 38 }, "geometry": { "type": "Point", "coordinates": [ -64.5088032, -31.3691612 ] } },
{ "type": "Feature", "properties": { "Name": "18.26", "P.K.": null, "Al.Dist. Izq.": null, "Al.Dist. Der.": null, "Ruta": 38 }, "geometry": { "type": "Point", "coordinates": [ -64.508422, -31.3690275 ] } },
{ "type": "Feature", "properties": { "Name": "18.3", "P.K.": null, "Al.Dist. Izq.": null, "Al.Dist. Der.": null, "Ruta": 38 }, "geometry": { "type": "Point", "coordinates": [ -64.5079998, -31.3690562 ] } },
{ "type": "Feature", "properties": { "Name": "18.34", "P.K.": null, "Al.Dist. Izq.": null, "Al.Dist. Der.": null, "Ruta": 38 }, "geometry": { "type": "Point", "coordinates": [ -64.5073873, -31.3689199 ] } },
{ "type": "Feature", "properties": { "Name": "18.39", "P.K.": null, "Al.Dist. Izq.": null, "Al.Dist. Der.": null, "Ruta": 38 }, "geometry": { "type": "Point", "coordinates": [ -64.5070453, -31.3685591 ] } },
{ "type": "Feature", "properties": { "Name": "18.45", "P.K.": null, "Al.Dist. Izq.": null, "Al.Dist. Der.": null, "Ruta": 38 }, "geometry": { "type": "Point", "coordinates": [ -64.5068378, -31.3680785 ] } },
{ "type": "Feature", "properties": { "Name": "18.46", "P.K.": null, "Al.Dist. Izq.": null, "Al.Dist. Der.": null, "Ruta": 38 }, "geometry": { "type": "Point", "coordinates": [ -64.5065951, -31.3681443 ] } },
{ "type": "Feature", "properties": { "Name": "18.47", "P.K.": null, "Al.Dist. Izq.": null, "Al.Dist. Der.": null, "Ruta": 38 }, "geometry": { "type": "Point", "coordinates": [ -64.5066147, -31.3680146 ] } },
{ "type": "Feature", "properties": { "Name": "18.52", "P.K.": null, "Al.Dist. Izq.": null, "Al.Dist. Der.": null, "Ruta": 38 }, "geometry": { "type": "Point", "coordinates": [ -64.5061273, -31.3676021 ] } },
{ "type": "Feature", "properties": { "Name": "18.55", "P.K.": null, "Al.Dist. Izq.": null, "Al.Dist. Der.": null, "Ruta": 38 }, "geometry": { "type": "Point", "coordinates": [ -64.5060063, -31.3673044 ] } },
{ "type": "Feature", "properties": { "Name": "18.56", "P.K.": null, "Al.Dist. Izq.": null, "Al.Dist. Der.": null, "Ruta": 38 }, "geometry": { "type": "Point", "coordinates": [ -64.5059461, -31.3673089 ] } },
{ "type": "Feature", "properties": { "Name": "18.61", "P.K.": null, "Al.Dist. Izq.": null, "Al.Dist. Der.": null, "Ruta": 38 }, "geometry": { "type": "Point", "coordinates": [ -64.5057391, -31.3669031 ] } },
{ "type": "Feature", "properties": { "Name": "18.73", "P.K.": null, "Al.Dist. Izq.": null, "Al.Dist. Der.": null, "Ruta": 38 }, "geometry": { "type": "Point", "coordinates": [ -64.506016, -31.365868 ] } },
{ "type": "Feature", "properties": { "Name": "18.82", "P.K.": null, "Al.Dist. Izq.": null, "Al.Dist. Der.": null, "Ruta": 38 }, "geometry": { "type": "Point", "coordinates": [ -64.5066896, -31.3652836 ] } },
{ "type": "Feature", "properties": { "Name": "18.85", "P.K.": null, "Al.Dist. Izq.": null, "Al.Dist. Der.": null, "Ruta": 38 }, "geometry": { "type": "Point", "coordinates": [ -64.5069199, -31.3651399 ] } },
{ "type": "Feature", "properties": { "Name": "18.89", "P.K.": null, "Al.Dist. Izq.": null, "Al.Dist. Der.": null, "Ruta": 38 }, "geometry": { "type": "Point", "coordinates": [ -64.5073488, -31.3649392 ] } },
{ "type": "Feature", "properties": { "Name": "19", "P.K.": "PK19", "Al.Dist. Izq.": null, "Al.Dist. Der.": null, "Ruta": 38 }, "geometry": { "type": "Point", "coordinates": [ -64.5082422, -31.364242 ] } },
{ "type": "Feature", "properties": { "Name": "19.04", "P.K.": null, "Al.Dist. Izq.": null, "Al.Dist. Der.": null, "Ruta": 38 }, "geometry": { "type": "Point", "coordinates": [ -64.5085195, -31.3639626 ] } },
{ "type": "Feature", "properties": { "Name": "19.09", "P.K.": null, "Al.Dist. Izq.": null, "Al.Dist. Der.": null, "Ruta": 38 }, "geometry": { "type": "Point", "coordinates": [ -64.5087697, -31.3633975 ] } },
{ "type": "Feature", "properties": { "Name": "19.1", "P.K.": null, "Al.Dist. Izq.": null, "Al.Dist. Der.": null, "Ruta": 38 }, "geometry": { "type": "Point", "coordinates": [ -64.508706, -31.3633732 ] } },
{ "type": "Feature", "properties": { "Name": "19.24", "P.K.": null, "Al.Dist. Izq.": null, "Al.Dist. Der.": null, "Ruta": 38 }, "geometry": { "type": "Point", "coordinates": [ -64.5088412, -31.3621821 ] } },
{ "type": "Feature", "properties": { "Name": "19.26", "P.K.": null, "Al.Dist. Izq.": null, "Al.Dist. Der.": null, "Ruta": 38 }, "geometry": { "type": "Point", "coordinates": [ -64.5086939, -31.3619383 ] } },
{ "type": "Feature", "properties": { "Name": "19.31", "P.K.": null, "Al.Dist. Izq.": null, "Al.Dist. Der.": null, "Ruta": 38 }, "geometry": { "type": "Point", "coordinates": [ -64.5085874, -31.3614774 ] } },
{ "type": "Feature", "properties": { "Name": "19.35", "P.K.": null, "Al.Dist. Izq.": null, "Al.Dist. Der.": null, "Ruta": 38 }, "geometry": { "type": "Point", "coordinates": [ -64.5085383, -31.3610671 ] } },
{ "type": "Feature", "properties": { "Name": "19.48", "P.K.": null, "Al.Dist. Izq.": null, "Al.Dist. Der.": null, "Ruta": 38 }, "geometry": { "type": "Point", "coordinates": [ -64.5079926, -31.3599198 ] } },
{ "type": "Feature", "properties": { "Name": "19.5", "P.K.": null, "Al.Dist. Izq.": null, "Al.Dist. Der.": null, "Ruta": 38 }, "geometry": { "type": "Point", "coordinates": [ -64.5078626, -31.3597898 ] } },
{ "type": "Feature", "properties": { "Name": "19.58", "P.K.": null, "Al.Dist. Izq.": null, "Al.Dist. Der.": null, "Ruta": 38 }, "geometry": { "type": "Point", "coordinates": [ -64.5078383, -31.3589425 ] } },
{ "type": "Feature", "properties": { "Name": "19.64", "P.K.": null, "Al.Dist. Izq.": null, "Al.Dist. Der.": null, "Ruta": 38 }, "geometry": { "type": "Point", "coordinates": [ -64.5080319, -31.3583467 ] } },
{ "type": "Feature", "properties": { "Name": "19.78", "P.K.": null, "Al.Dist. Izq.": null, "Al.Dist. Der.": null, "Ruta": 38 }, "geometry": { "type": "Point", "coordinates": [ -64.5079027, -31.3570847 ] } },
{ "type": "Feature", "properties": { "Name": "19.79", "P.K.": null, "Al.Dist. Izq.": null, "Al.Dist. Der.": null, "Ruta": 38 }, "geometry": { "type": "Point", "coordinates": [ -64.5078228, -31.3570191 ] } },
{ "type": "Feature", "properties": { "Name": "19.8", "P.K.": null, "Al.Dist. Izq.": null, "Al.Dist. Der.": null, "Ruta": 38 }, "geometry": { "type": "Point", "coordinates": [ -64.508, -31.3568 ] } },
{ "type": "Feature", "properties": { "Name": "19.82", "P.K.": null, "Al.Dist. Izq.": null, "Al.Dist. Der.": null, "Ruta": 38 }, "geometry": { "type": "Point", "coordinates": [ -64.5076806, -31.3567779 ] } },
{ "type": "Feature", "properties": { "Name": "19.9", "P.K.": null, "Al.Dist. Izq.": null, "Al.Dist. Der.": null, "Ruta": 38 }, "geometry": { "type": "Point", "coordinates": [ -64.5069937, -31.356267 ] } },
{ "type": "Feature", "properties": { "Name": "20", "P.K.": "PK20", "Al.Dist. Izq.": null, "Al.Dist. Der.": null, "Ruta": 38 }, "geometry": { "type": "Point", "coordinates": [ -64.5061411, -31.3557103 ] } },
{ "type": "Feature", "properties": { "Name": "20.01", "P.K.": null, "Al.Dist. Izq.": null, "Al.Dist. Der.": null, "Ruta": 38 }, "geometry": { "type": "Point", "coordinates": [ -64.5059706, -31.3556493 ] } },
{ "type": "Feature", "properties": { "Name": "20.09", "P.K.": null, "Al.Dist. Izq.": null, "Al.Dist. Der.": null, "Ruta": 38 }, "geometry": { "type": "Point", "coordinates": [ -64.5053623, -31.3552861 ] } },
{ "type": "Feature", "properties": { "Name": "20.1", "P.K.": null, "Al.Dist. Izq.": null, "Al.Dist. Der.": null, "Ruta": 38 }, "geometry": { "type": "Point", "coordinates": [ -64.5053113, -31.3551953 ] } },
{ "type": "Feature", "properties": { "Name": "20.4", "P.K.": null, "Al.Dist. Izq.": null, "Al.Dist. Der.": null, "Ruta": 38 }, "geometry": { "type": "Point", "coordinates": [ -64.5027199, -31.3539682 ] } },
{ "type": "Feature", "properties": { "Name": "20.46", "P.K.": null, "Al.Dist. Izq.": null, "Al.Dist. Der.": null, "Ruta": 38 }, "geometry": { "type": "Point", "coordinates": [ -64.5022921, -31.3535393 ] } },
{ "type": "Feature", "properties": { "Name": "20.47", "P.K.": null, "Al.Dist. Izq.": null, "Al.Dist. Der.": null, "Ruta": 38 }, "geometry": { "type": "Point", "coordinates": [ -64.5023, -31.3534 ] } },
{ "type": "Feature", "properties": { "Name": "20.67", "P.K.": null, "Al.Dist. Izq.": null, "Al.Dist. Der.": null, "Ruta": 38 }, "geometry": { "type": "Point", "coordinates": [ -64.5005133, -31.352752 ] } },
{ "type": "Feature", "properties": { "Name": "20.7", "P.K.": null, "Al.Dist. Izq.": null, "Al.Dist. Der.": null, "Ruta": 38 }, "geometry": { "type": "Point", "coordinates": [ -64.5003381, -31.3525386 ] } },
{ "type": "Feature", "properties": { "Name": "20.78", "P.K.": null, "Al.Dist. Izq.": null, "Al.Dist. Der.": null, "Ruta": 38 }, "geometry": { "type": "Point", "coordinates": [ -64.4995, -31.3524 ] } },
{ "type": "Feature", "properties": { "Name": "20.78", "P.K.": null, "Al.Dist. Izq.": null, "Al.Dist. Der.": null, "Ruta": 38 }, "geometry": { "type": "Point", "coordinates": [ -64.4995, -31.3524 ] } },
{ "type": "Feature", "properties": { "Name": "20.8", "P.K.": null, "Al.Dist. Izq.": null, "Al.Dist. Der.": null, "Ruta": 38 }, "geometry": { "type": "Point", "coordinates": [ -64.4994627, -31.3522984 ] } },
{ "type": "Feature", "properties": { "Name": "20.82", "P.K.": null, "Al.Dist. Izq.": null, "Al.Dist. Der.": null, "Ruta": 38 }, "geometry": { "type": "Point", "coordinates": [ -64.4993229, -31.3520109 ] } },
{ "type": "Feature", "properties": { "Name": "20.87", "P.K.": null, "Al.Dist. Izq.": null, "Al.Dist. Der.": null, "Ruta": 38 }, "geometry": { "type": "Point", "coordinates": [ -64.4988, -31.3518 ] } },
{ "type": "Feature", "properties": { "Name": "20.89", "P.K.": null, "Al.Dist. Izq.": null, "Al.Dist. Der.": null, "Ruta": 38 }, "geometry": { "type": "Point", "coordinates": [ -64.4986901, -31.3517159 ] } },
{ "type": "Feature", "properties": { "Name": "21", "P.K.": "PK21", "Al.Dist. Izq.": null, "Al.Dist. Der.": null, "Ruta": 38 }, "geometry": { "type": "Point", "coordinates": [ -64.4977507, -31.3513888 ] } },
{ "type": "Feature", "properties": { "Name": "21.04", "P.K.": null, "Al.Dist. Izq.": null, "Al.Dist. Der.": null, "Ruta": 38 }, "geometry": { "type": "Point", "coordinates": [ -64.4973953, -31.3512439 ] } },
{ "type": "Feature", "properties": { "Name": "21.08", "P.K.": null, "Al.Dist. Izq.": null, "Al.Dist. Der.": null, "Ruta": 38 }, "geometry": { "type": "Point", "coordinates": [ -64.4970072, -31.3509759 ] } },
{ "type": "Feature", "properties": { "Name": "21.1", "P.K.": null, "Al.Dist. Izq.": null, "Al.Dist. Der.": null, "Ruta": 38 }, "geometry": { "type": "Point", "coordinates": [ -64.4967705, -31.3509627 ] } },
{ "type": "Feature", "properties": { "Name": "21.11", "P.K.": null, "Al.Dist. Izq.": null, "Al.Dist. Der.": null, "Ruta": 38 }, "geometry": { "type": "Point", "coordinates": [ -64.4966, -31.3509 ] } },
{ "type": "Feature", "properties": { "Name": "21.13", "P.K.": null, "Al.Dist. Izq.": null, "Al.Dist. Der.": null, "Ruta": 38 }, "geometry": { "type": "Point", "coordinates": [ -64.4965181, -31.3507821 ] } },
{ "type": "Feature", "properties": { "Name": "21.18", "P.K.": null, "Al.Dist. Izq.": null, "Al.Dist. Der.": null, "Ruta": 38 }, "geometry": { "type": "Point", "coordinates": [ -64.495994, -31.3505212 ] } },
{ "type": "Feature", "properties": { "Name": "21.19", "P.K.": null, "Al.Dist. Izq.": null, "Al.Dist. Der.": null, "Ruta": 38 }, "geometry": { "type": "Point", "coordinates": [ -64.4957482, -31.3508353 ] } },
{ "type": "Feature", "properties": { "Name": "21.28", "P.K.": null, "Al.Dist. Izq.": null, "Al.Dist. Der.": null, "Ruta": 38 }, "geometry": { "type": "Point", "coordinates": [ -64.4948225, -31.3505152 ] } },
{ "type": "Feature", "properties": { "Name": "21.35", "P.K.": null, "Al.Dist. Izq.": null, "Al.Dist. Der.": null, "Ruta": 38 }, "geometry": { "type": "Point", "coordinates": [ -64.4941577, -31.3503952 ] } },
{ "type": "Feature", "properties": { "Name": "21.41", "P.K.": null, "Al.Dist. Izq.": null, "Al.Dist. Der.": null, "Ruta": 38 }, "geometry": { "type": "Point", "coordinates": [ -64.4934871, -31.3501687 ] } },
{ "type": "Feature", "properties": { "Name": "21.44", "P.K.": null, "Al.Dist. Izq.": null, "Al.Dist. Der.": null, "Ruta": 38 }, "geometry": { "type": "Point", "coordinates": [ -64.493124, -31.3501965 ] } },
{ "type": "Feature", "properties": { "Name": "21.45", "P.K.": null, "Al.Dist. Izq.": null, "Al.Dist. Der.": null, "Ruta": 38 }, "geometry": { "type": "Point", "coordinates": [ -64.4930191, -31.3501229 ] } },
{ "type": "Feature", "properties": { "Name": "21.46", "P.K.": null, "Al.Dist. Izq.": null, "Al.Dist. Der.": null, "Ruta": 38 }, "geometry": { "type": "Point", "coordinates": [ -64.4929374, -31.3502269 ] } },
{ "type": "Feature", "properties": { "Name": "21.47", "P.K.": null, "Al.Dist. Izq.": null, "Al.Dist. Der.": null, "Ruta": 38 }, "geometry": { "type": "Point", "coordinates": [ -64.4927942, -31.3501982 ] } },
{ "type": "Feature", "properties": { "Name": "21.5", "P.K.": null, "Al.Dist. Izq.": null, "Al.Dist. Der.": null, "Ruta": 38 }, "geometry": { "type": "Point", "coordinates": [ -64.4924883, -31.3502039 ] } },
{ "type": "Feature", "properties": { "Name": "21.52", "P.K.": null, "Al.Dist. Izq.": null, "Al.Dist. Der.": null, "Ruta": 38 }, "geometry": { "type": "Point", "coordinates": [ -64.4923328, -31.3500553 ] } },
{ "type": "Feature", "properties": { "Name": "21.54", "P.K.": null, "Al.Dist. Izq.": null, "Al.Dist. Der.": null, "Ruta": 38 }, "geometry": { "type": "Point", "coordinates": [ -64.4921229, -31.3499122 ] } },
{ "type": "Feature", "properties": { "Name": "21.54", "P.K.": null, "Al.Dist. Izq.": null, "Al.Dist. Der.": null, "Ruta": 38 }, "geometry": { "type": "Point", "coordinates": [ -64.4920313, -31.3500814 ] } },
{ "type": "Feature", "properties": { "Name": "21.68", "P.K.": null, "Al.Dist. Izq.": null, "Al.Dist. Der.": null, "Ruta": 38 }, "geometry": { "type": "Point", "coordinates": [ -64.4905614, -31.3502317 ] } },
{ "type": "Feature", "properties": { "Name": "21.71", "P.K.": null, "Al.Dist. Izq.": null, "Al.Dist. Der.": null, "Ruta": 38 }, "geometry": { "type": "Point", "coordinates": [ -64.4902608, -31.3503619 ] } },
{ "type": "Feature", "properties": { "Name": "21.8", "P.K.": null, "Al.Dist. Izq.": null, "Al.Dist. Der.": null, "Ruta": 38 }, "geometry": { "type": "Point", "coordinates": [ -64.4893539, -31.3504708 ] } },
{ "type": "Feature", "properties": { "Name": "21.85", "P.K.": null, "Al.Dist. Izq.": null, "Al.Dist. Der.": null, "Ruta": 38 }, "geometry": { "type": "Point", "coordinates": [ -64.4887, -31.3505 ] } },
{ "type": "Feature", "properties": { "Name": "21.88", "P.K.": null, "Al.Dist. Izq.": null, "Al.Dist. Der.": null, "Ruta": 38 }, "geometry": { "type": "Point", "coordinates": [ -64.4884888, -31.3504957 ] } },
{ "type": "Feature", "properties": { "Name": "21.96", "P.K.": null, "Al.Dist. Izq.": null, "Al.Dist. Der.": null, "Ruta": 38 }, "geometry": { "type": "Point", "coordinates": [ -64.4877405, -31.3500164 ] } },
{ "type": "Feature", "properties": { "Name": "22", "P.K.": "PK22", "Al.Dist. Izq.": null, "Al.Dist. Der.": null, "Ruta": 38 }, "geometry": { "type": "Point", "coordinates": [ -64.4874042, -31.349741 ] } },
{ "type": "Feature", "properties": { "Name": "22.04", "P.K.": null, "Al.Dist. Izq.": null, "Al.Dist. Der.": null, "Ruta": 38 }, "geometry": { "type": "Point", "coordinates": [ -64.4870293, -31.3495664 ] } },
{ "type": "Feature", "properties": { "Name": "22.18", "P.K.": null, "Al.Dist. Izq.": null, "Al.Dist. Der.": null, "Ruta": 38 }, "geometry": { "type": "Point", "coordinates": [ -64.4862173, -31.3487545 ] } },
{ "type": "Feature", "properties": { "Name": "22.24", "P.K.": null, "Al.Dist. Izq.": null, "Al.Dist. Der.": null, "Ruta": 38 }, "geometry": { "type": "Point", "coordinates": [ -64.4857054, -31.3483803 ] } },
{ "type": "Feature", "properties": { "Name": "22.33", "P.K.": null, "Al.Dist. Izq.": null, "Al.Dist. Der.": null, "Ruta": 38 }, "geometry": { "type": "Point", "coordinates": [ -64.4849952, -31.3480626 ] } },
{ "type": "Feature", "properties": { "Name": "22.36", "P.K.": null, "Al.Dist. Izq.": null, "Al.Dist. Der.": null, "Ruta": 38 }, "geometry": { "type": "Point", "coordinates": [ -64.4848316, -31.347765 ] } },
{ "type": "Feature", "properties": { "Name": "22.37", "P.K.": null, "Al.Dist. Izq.": null, "Al.Dist. Der.": null, "Ruta": 38 }, "geometry": { "type": "Point", "coordinates": [ -64.4846848, -31.3477326 ] } },
{ "type": "Feature", "properties": { "Name": "22.38", "P.K.": null, "Al.Dist. Izq.": null, "Al.Dist. Der.": null, "Ruta": 38 }, "geometry": { "type": "Point", "coordinates": [ -64.4845551, -31.3477929 ] } },
{ "type": "Feature", "properties": { "Name": "22.43", "P.K.": null, "Al.Dist. Izq.": null, "Al.Dist. Der.": null, "Ruta": 38 }, "geometry": { "type": "Point", "coordinates": [ -64.4842147, -31.3475163 ] } },
{ "type": "Feature", "properties": { "Name": "22.44", "P.K.": null, "Al.Dist. Izq.": null, "Al.Dist. Der.": null, "Ruta": 38 }, "geometry": { "type": "Point", "coordinates": [ -64.4842, -31.3474646 ] } },
{ "type": "Feature", "properties": { "Name": "22.52", "P.K.": null, "Al.Dist. Izq.": null, "Al.Dist. Der.": null, "Ruta": 38 }, "geometry": { "type": "Point", "coordinates": [ -64.4836045, -31.3470308 ] } },
{ "type": "Feature", "properties": { "Name": "22.57", "P.K.": null, "Al.Dist. Izq.": null, "Al.Dist. Der.": null, "Ruta": 38 }, "geometry": { "type": "Point", "coordinates": [ -64.483116, -31.3469028 ] } },
{ "type": "Feature", "properties": { "Name": "22.58", "P.K.": null, "Al.Dist. Izq.": null, "Al.Dist. Der.": null, "Ruta": 38 }, "geometry": { "type": "Point", "coordinates": [ -64.4829945, -31.346955 ] } },
{ "type": "Feature", "properties": { "Name": "22.62", "P.K.": null, "Al.Dist. Izq.": null, "Al.Dist. Der.": null, "Ruta": 38 }, "geometry": { "type": "Point", "coordinates": [ -64.4826996, -31.3466881 ] } },
{ "type": "Feature", "properties": { "Name": "22.65", "P.K.": null, "Al.Dist. Izq.": null, "Al.Dist. Der.": null, "Ruta": 38 }, "geometry": { "type": "Point", "coordinates": [ -64.4823216, -31.3467167 ] } },
{ "type": "Feature", "properties": { "Name": "22.73", "P.K.": null, "Al.Dist. Izq.": null, "Al.Dist. Der.": null, "Ruta": 38 }, "geometry": { "type": "Point", "coordinates": [ -64.4816998, -31.3465475 ] } },
{ "type": "Feature", "properties": { "Name": "22.73", "P.K.": null, "Al.Dist. Izq.": null, "Al.Dist. Der.": null, "Ruta": 38 }, "geometry": { "type": "Point", "coordinates": [ -64.4816679, -31.3464789 ] } },
{ "type": "Feature", "properties": { "Name": "22.75", "P.K.": null, "Al.Dist. Izq.": null, "Al.Dist. Der.": null, "Ruta": 38 }, "geometry": { "type": "Point", "coordinates": [ -64.4815379, -31.3463489 ] } },
{ "type": "Feature", "properties": { "Name": "22.81", "P.K.": null, "Al.Dist. Izq.": null, "Al.Dist. Der.": null, "Ruta": 38 }, "geometry": { "type": "Point", "coordinates": [ -64.4809, -31.3463 ] } },
{ "type": "Feature", "properties": { "Name": "22.82", "P.K.": null, "Al.Dist. Izq.": null, "Al.Dist. Der.": null, "Ruta": 38 }, "geometry": { "type": "Point", "coordinates": [ -64.4808499, -31.3461028 ] } },
{ "type": "Feature", "properties": { "Name": "22.87", "P.K.": null, "Al.Dist. Izq.": null, "Al.Dist. Der.": null, "Ruta": 38 }, "geometry": { "type": "Point", "coordinates": [ -64.4804717, -31.3459559 ] } },
{ "type": "Feature", "properties": { "Name": "22.88", "P.K.": null, "Al.Dist. Izq.": null, "Al.Dist. Der.": null, "Ruta": 38 }, "geometry": { "type": "Point", "coordinates": [ -64.4803738, -31.3459413 ] } },
{ "type": "Feature", "properties": { "Name": "22.9", "P.K.": null, "Al.Dist. Izq.": null, "Al.Dist. Der.": null, "Ruta": 38 }, "geometry": { "type": "Point", "coordinates": [ -64.4800745, -31.3459615 ] } },
{ "type": "Feature", "properties": { "Name": "22.97", "P.K.": null, "Al.Dist. Izq.": null, "Al.Dist. Der.": null, "Ruta": 38 }, "geometry": { "type": "Point", "coordinates": [ -64.4795403, -31.3456839 ] } },
{ "type": "Feature", "properties": { "Name": "23", "P.K.": "PK23", "Al.Dist. Izq.": null, "Al.Dist. Der.": null, "Ruta": 38 }, "geometry": { "type": "Point", "coordinates": [ -64.4792453, -31.3456578 ] } },
{ "type": "Feature", "properties": { "Name": "23.03", "P.K.": null, "Al.Dist. Izq.": null, "Al.Dist. Der.": null, "Ruta": 38 }, "geometry": { "type": "Point", "coordinates": [ -64.4790454, -31.3454313 ] } },
{ "type": "Feature", "properties": { "Name": "23.11", "P.K.": null, "Al.Dist. Izq.": null, "Al.Dist. Der.": null, "Ruta": 38 }, "geometry": { "type": "Point", "coordinates": [ -64.4783061, -31.3451851 ] } },
{ "type": "Feature", "properties": { "Name": "23.21", "P.K.": null, "Al.Dist. Izq.": null, "Al.Dist. Der.": null, "Ruta": 38 }, "geometry": { "type": "Point", "coordinates": [ -64.4773388, -31.3455123 ] } },
{ "type": "Feature", "properties": { "Name": "23.27", "P.K.": null, "Al.Dist. Izq.": null, "Al.Dist. Der.": null, "Ruta": 38 }, "geometry": { "type": "Point", "coordinates": [ -64.4766, -31.3456 ] } },
{ "type": "Feature", "properties": { "Name": "23.31", "P.K.": null, "Al.Dist. Izq.": null, "Al.Dist. Der.": null, "Ruta": 38 }, "geometry": { "type": "Point", "coordinates": [ -64.4763482, -31.3454494 ] } },
{ "type": "Feature", "properties": { "Name": "23.33", "P.K.": null, "Al.Dist. Izq.": null, "Al.Dist. Der.": null, "Ruta": 38 }, "geometry": { "type": "Point", "coordinates": [ -64.4762113, -31.3454176 ] } },
{ "type": "Feature", "properties": { "Name": "23.35", "P.K.": null, "Al.Dist. Izq.": null, "Al.Dist. Der.": null, "Ruta": 38 }, "geometry": { "type": "Point", "coordinates": [ -64.475976, -31.3453483 ] } },
{ "type": "Feature", "properties": { "Name": "23.37", "P.K.": null, "Al.Dist. Izq.": null, "Al.Dist. Der.": null, "Ruta": 38 }, "geometry": { "type": "Point", "coordinates": [ -64.4757336, -31.3451831 ] } },
{ "type": "Feature", "properties": { "Name": "23.46", "P.K.": null, "Al.Dist. Izq.": null, "Al.Dist. Der.": null, "Ruta": 38 }, "geometry": { "type": "Point", "coordinates": [ -64.475521, -31.3443962 ] } },
{ "type": "Feature", "properties": { "Name": "23.48", "P.K.": null, "Al.Dist. Izq.": null, "Al.Dist. Der.": null, "Ruta": 38 }, "geometry": { "type": "Point", "coordinates": [ -64.4753792, -31.3443051 ] } },
{ "type": "Feature", "properties": { "Name": "23.52", "P.K.": null, "Al.Dist. Izq.": null, "Al.Dist. Der.": null, "Ruta": 38 }, "geometry": { "type": "Point", "coordinates": [ -64.475343, -31.3439509 ] } },
{ "type": "Feature", "properties": { "Name": "23.65", "P.K.": null, "Al.Dist. Izq.": null, "Al.Dist. Der.": null, "Ruta": 38 }, "geometry": { "type": "Point", "coordinates": [ -64.4749024, -31.3428631 ] } },
{ "type": "Feature", "properties": { "Name": "23.71", "P.K.": null, "Al.Dist. Izq.": null, "Al.Dist. Der.": null, "Ruta": 38 }, "geometry": { "type": "Point", "coordinates": [ -64.4747841, -31.3424487 ] } },
{ "type": "Feature", "properties": { "Name": "23.8", "P.K.": null, "Al.Dist. Izq.": null, "Al.Dist. Der.": null, "Ruta": 38 }, "geometry": { "type": "Point", "coordinates": [ -64.4741739, -31.3418265 ] } },
{ "type": "Feature", "properties": { "Name": "23.82", "P.K.": null, "Al.Dist. Izq.": null, "Al.Dist. Der.": null, "Ruta": 38 }, "geometry": { "type": "Point", "coordinates": [ -64.4739792, -31.341777 ] } },
{ "type": "Feature", "properties": { "Name": "23.84", "P.K.": null, "Al.Dist. Izq.": null, "Al.Dist. Der.": null, "Ruta": 38 }, "geometry": { "type": "Point", "coordinates": [ -64.47375, -31.3416412 ] } },
{ "type": "Feature", "properties": { "Name": "23.87", "P.K.": null, "Al.Dist. Izq.": null, "Al.Dist. Der.": null, "Ruta": 38 }, "geometry": { "type": "Point", "coordinates": [ -64.4735188, -31.3415141 ] } },
{ "type": "Feature", "properties": { "Name": "23.95", "P.K.": null, "Al.Dist. Izq.": null, "Al.Dist. Der.": null, "Ruta": 38 }, "geometry": { "type": "Point", "coordinates": [ -64.4729388, -31.3411245 ] } },
{ "type": "Feature", "properties": { "Name": "23.96", "P.K.": null, "Al.Dist. Izq.": null, "Al.Dist. Der.": null, "Ruta": 38 }, "geometry": { "type": "Point", "coordinates": [ -64.4728314, -31.3410433 ] } },
{ "type": "Feature", "properties": { "Name": "23.99", "P.K.": null, "Al.Dist. Izq.": null, "Al.Dist. Der.": null, "Ruta": 38 }, "geometry": { "type": "Point", "coordinates": [ -64.4725942, -31.3408343 ] } },
{ "type": "Feature", "properties": { "Name": "24", "P.K.": "PK24", "Al.Dist. Izq.": null, "Al.Dist. Der.": null, "Ruta": 38 }, "geometry": { "type": "Point", "coordinates": [ -64.4726215, -31.3407303 ] } },
{ "type": "Feature", "properties": { "Name": "24.11", "P.K.": null, "Al.Dist. Izq.": null, "Al.Dist. Der.": null, "Ruta": 38 }, "geometry": { "type": "Point", "coordinates": [ -64.4719413, -31.3400468 ] } },
{ "type": "Feature", "properties": { "Name": "24.23", "P.K.": null, "Al.Dist. Izq.": null, "Al.Dist. Der.": null, "Ruta": 38 }, "geometry": { "type": "Point", "coordinates": [ -64.4713723, -31.3390434 ] } },
{ "type": "Feature", "properties": { "Name": "24.27", "P.K.": null, "Al.Dist. Izq.": null, "Al.Dist. Der.": null, "Ruta": 38 }, "geometry": { "type": "Point", "coordinates": [ -64.4711198, -31.3387644 ] } },
{ "type": "Feature", "properties": { "Name": "24.27", "P.K.": null, "Al.Dist. Izq.": null, "Al.Dist. Der.": null, "Ruta": 38 }, "geometry": { "type": "Point", "coordinates": [ -64.4711555, -31.3387649 ] } },
{ "type": "Feature", "properties": { "Name": "24.28", "P.K.": null, "Al.Dist. Izq.": null, "Al.Dist. Der.": null, "Ruta": 38 }, "geometry": { "type": "Point", "coordinates": [ -64.4710255, -31.3386349 ] } },
{ "type": "Feature", "properties": { "Name": "24.32", "P.K.": null, "Al.Dist. Izq.": null, "Al.Dist. Der.": null, "Ruta": 38 }, "geometry": { "type": "Point", "coordinates": [ -64.471032, -31.3383129 ] } },
{ "type": "Feature", "properties": { "Name": "24.36", "P.K.": null, "Al.Dist. Izq.": null, "Al.Dist. Der.": null, "Ruta": 38 }, "geometry": { "type": "Point", "coordinates": [ -64.4708955, -31.3379624 ] } },
{ "type": "Feature", "properties": { "Name": "24.4", "P.K.": null, "Al.Dist. Izq.": null, "Al.Dist. Der.": null, "Ruta": 38 }, "geometry": { "type": "Point", "coordinates": [ -64.4706092, -31.3376669 ] } },
{ "type": "Feature", "properties": { "Name": "24.5", "P.K.": null, "Al.Dist. Izq.": null, "Al.Dist. Der.": null, "Ruta": 38 }, "geometry": { "type": "Point", "coordinates": [ -64.4702496, -31.336795 ] } },
{ "type": "Feature", "properties": { "Name": "24.56", "P.K.": null, "Al.Dist. Izq.": null, "Al.Dist. Der.": null, "Ruta": 38 }, "geometry": { "type": "Point", "coordinates": [ -64.4699847, -31.3362294 ] } },
{ "type": "Feature", "properties": { "Name": "24.57", "P.K.": null, "Al.Dist. Izq.": null, "Al.Dist. Der.": null, "Ruta": 38 }, "geometry": { "type": "Point", "coordinates": [ -64.4700312, -31.3361165 ] } },
{ "type": "Feature", "properties": { "Name": "24.62", "P.K.": null, "Al.Dist. Izq.": null, "Al.Dist. Der.": null, "Ruta": 38 }, "geometry": { "type": "Point", "coordinates": [ -64.4696965, -31.3357795 ] } },
{ "type": "Feature", "properties": { "Name": "24.63", "P.K.": null, "Al.Dist. Izq.": null, "Al.Dist. Der.": null, "Ruta": 38 }, "geometry": { "type": "Point", "coordinates": [ -64.4696932, -31.3356743 ] } },
{ "type": "Feature", "properties": { "Name": "24.73", "P.K.": null, "Al.Dist. Izq.": null, "Al.Dist. Der.": null, "Ruta": 38 }, "geometry": { "type": "Point", "coordinates": [ -64.4691762, -31.3348722 ] } },
{ "type": "Feature", "properties": { "Name": "24.88", "P.K.": null, "Al.Dist. Izq.": null, "Al.Dist. Der.": null, "Ruta": 38 }, "geometry": { "type": "Point", "coordinates": [ -64.4683981, -31.3336342 ] } },
{ "type": "Feature", "properties": { "Name": "24.96", "P.K.": null, "Al.Dist. Izq.": null, "Al.Dist. Der.": null, "Ruta": 38 }, "geometry": { "type": "Point", "coordinates": [ -64.4678579, -31.3331224 ] } },
{ "type": "Feature", "properties": { "Name": "24.97", "P.K.": null, "Al.Dist. Izq.": null, "Al.Dist. Der.": null, "Ruta": 38 }, "geometry": { "type": "Point", "coordinates": [ -64.4678904, -31.3329406 ] } },
{ "type": "Feature", "properties": { "Name": "24.98", "P.K.": null, "Al.Dist. Izq.": null, "Al.Dist. Der.": null, "Ruta": 38 }, "geometry": { "type": "Point", "coordinates": [ -64.4677158, -31.3329397 ] } },
{ "type": "Feature", "properties": { "Name": "25", "P.K.": "PK25", "Al.Dist. Izq.": null, "Al.Dist. Der.": null, "Ruta": 38 }, "geometry": { "type": "Point", "coordinates": [ -64.4676202, -31.3327822 ] } },
{ "type": "Feature", "properties": { "Name": "25.1", "P.K.": null, "Al.Dist. Izq.": null, "Al.Dist. Der.": null, "Ruta": 38 }, "geometry": { "type": "Point", "coordinates": [ -64.4670969, -31.3320513 ] } },
{ "type": "Feature", "properties": { "Name": "25.19", "P.K.": null, "Al.Dist. Izq.": null, "Al.Dist. Der.": null, "Ruta": 38 }, "geometry": { "type": "Point", "coordinates": [ -64.4666573, -31.3313331 ] } },
{ "type": "Feature", "properties": { "Name": "25.19", "P.K.": null, "Al.Dist. Izq.": null, "Al.Dist. Der.": null, "Ruta": 38 }, "geometry": { "type": "Point", "coordinates": [ -64.4665986, -31.3313901 ] } },
{ "type": "Feature", "properties": { "Name": "25.19", "P.K.": null, "Al.Dist. Izq.": null, "Al.Dist. Der.": null, "Ruta": 38 }, "geometry": { "type": "Point", "coordinates": [ -64.4665711, -31.3313635 ] } },
{ "type": "Feature", "properties": { "Name": "25.32", "P.K.": null, "Al.Dist. Izq.": null, "Al.Dist. Der.": null, "Ruta": 38 }, "geometry": { "type": "Point", "coordinates": [ -64.4658212, -31.3303314 ] } },
{ "type": "Feature", "properties": { "Name": "25.42", "P.K.": null, "Al.Dist. Izq.": null, "Al.Dist. Der.": null, "Ruta": 38 }, "geometry": { "type": "Point", "coordinates": [ -64.4652876, -31.3296163 ] } },
{ "type": "Feature", "properties": { "Name": "25.56", "P.K.": null, "Al.Dist. Izq.": null, "Al.Dist. Der.": null, "Ruta": 38 }, "geometry": { "type": "Point", "coordinates": [ -64.4645044, -31.328531 ] } },
{ "type": "Feature", "properties": { "Name": "25.59", "P.K.": null, "Al.Dist. Izq.": null, "Al.Dist. Der.": null, "Ruta": 38 }, "geometry": { "type": "Point", "coordinates": [ -64.4643043, -31.3283272 ] } },
{ "type": "Feature", "properties": { "Name": "25.66", "P.K.": null, "Al.Dist. Izq.": null, "Al.Dist. Der.": null, "Ruta": 38 }, "geometry": { "type": "Point", "coordinates": [ -64.4641679, -31.3276782 ] } },
{ "type": "Feature", "properties": { "Name": "25.72", "P.K.": null, "Al.Dist. Izq.": null, "Al.Dist. Der.": null, "Ruta": 38 }, "geometry": { "type": "Point", "coordinates": [ -64.4640003, -31.3271291 ] } },
{ "type": "Feature", "properties": { "Name": "25.82", "P.K.": null, "Al.Dist. Izq.": null, "Al.Dist. Der.": null, "Ruta": 38 }, "geometry": { "type": "Point", "coordinates": [ -64.4640147, -31.326268 ] } },
{ "type": "Feature", "properties": { "Name": "26", "P.K.": "PK26", "Al.Dist. Izq.": null, "Al.Dist. Der.": null, "Ruta": 38 }, "geometry": { "type": "Point", "coordinates": [ -64.4636677, -31.3246974 ] } },
{ "type": "Feature", "properties": { "Name": "26.01", "P.K.": null, "Al.Dist. Izq.": null, "Al.Dist. Der.": null, "Ruta": 38 }, "geometry": { "type": "Point", "coordinates": [ -64.4637441, -31.3245942 ] } },
{ "type": "Feature", "properties": { "Name": "26.06", "P.K.": null, "Al.Dist. Izq.": null, "Al.Dist. Der.": null, "Ruta": 38 }, "geometry": { "type": "Point", "coordinates": [ -64.4637025, -31.3240873 ] } },
{ "type": "Feature", "properties": { "Name": "26.14", "P.K.": null, "Al.Dist. Izq.": null, "Al.Dist. Der.": null, "Ruta": 38 }, "geometry": { "type": "Point", "coordinates": [ -64.4636, -31.3233 ] } },
{ "type": "Feature", "properties": { "Name": "26.16", "P.K.": null, "Al.Dist. Izq.": null, "Al.Dist. Der.": null, "Ruta": 38 }, "geometry": { "type": "Point", "coordinates": [ -64.4633739, -31.3231947 ] } },
{ "type": "Feature", "properties": { "Name": "26.17", "P.K.": null, "Al.Dist. Izq.": null, "Al.Dist. Der.": null, "Ruta": 38 }, "geometry": { "type": "Point", "coordinates": [ -64.4634347, -31.3230619 ] } },
{ "type": "Feature", "properties": { "Name": "26.19", "P.K.": null, "Al.Dist. Izq.": null, "Al.Dist. Der.": null, "Ruta": 38 }, "geometry": { "type": "Point", "coordinates": [ -64.46342, -31.3228767 ] } },
{ "type": "Feature", "properties": { "Name": "26.2", "P.K.": null, "Al.Dist. Izq.": null, "Al.Dist. Der.": null, "Ruta": 38 }, "geometry": { "type": "Point", "coordinates": [ -64.4635322, -31.3226865 ] } },
{ "type": "Feature", "properties": { "Name": "26.25", "P.K.": null, "Al.Dist. Izq.": null, "Al.Dist. Der.": null, "Ruta": 38 }, "geometry": { "type": "Point", "coordinates": [ -64.4634913, -31.3222692 ] } },
{ "type": "Feature", "properties": { "Name": "26.49", "P.K.": null, "Al.Dist. Izq.": null, "Al.Dist. Der.": null, "Ruta": 38 }, "geometry": { "type": "Point", "coordinates": [ -64.4629958, -31.3198819 ] } },
{ "type": "Feature", "properties": { "Name": "26.49", "P.K.": null, "Al.Dist. Izq.": null, "Al.Dist. Der.": null, "Ruta": 38 }, "geometry": { "type": "Point", "coordinates": [ -64.4628787, -31.3199065 ] } },
{ "type": "Feature", "properties": { "Name": "26.51", "P.K.": null, "Al.Dist. Izq.": null, "Al.Dist. Der.": null, "Ruta": 38 }, "geometry": { "type": "Point", "coordinates": [ -64.4629156, -31.319708 ] } },
{ "type": "Feature", "properties": { "Name": "26.57", "P.K.": null, "Al.Dist. Izq.": null, "Al.Dist. Der.": null, "Ruta": 38 }, "geometry": { "type": "Point", "coordinates": [ -64.4628452, -31.3191131 ] } },
{ "type": "Feature", "properties": { "Name": "26.57", "P.K.": null, "Al.Dist. Izq.": null, "Al.Dist. Der.": null, "Ruta": 38 }, "geometry": { "type": "Point", "coordinates": [ -64.4627422, -31.3191114 ] } },
{ "type": "Feature", "properties": { "Name": "26.62", "P.K.": null, "Al.Dist. Izq.": null, "Al.Dist. Der.": null, "Ruta": 38 }, "geometry": { "type": "Point", "coordinates": [ -64.4627222, -31.318638 ] } },
{ "type": "Feature", "properties": { "Name": "26.62", "P.K.": null, "Al.Dist. Izq.": null, "Al.Dist. Der.": null, "Ruta": 38 }, "geometry": { "type": "Point", "coordinates": [ -64.4626036, -31.3186704 ] } },
{ "type": "Feature", "properties": { "Name": "26.65", "P.K.": null, "Al.Dist. Izq.": null, "Al.Dist. Der.": null, "Ruta": 38 }, "geometry": { "type": "Point", "coordinates": [ -64.4626732, -31.3184578 ] } },
{ "type": "Feature", "properties": { "Name": "26.68", "P.K.": null, "Al.Dist. Izq.": null, "Al.Dist. Der.": null, "Ruta": 38 }, "geometry": { "type": "Point", "coordinates": [ -64.4625056, -31.31819 ] } },
{ "type": "Feature", "properties": { "Name": "26.69", "P.K.": null, "Al.Dist. Izq.": null, "Al.Dist. Der.": null, "Ruta": 38 }, "geometry": { "type": "Point", "coordinates": [ -64.4624211, -31.3179784 ] } },
{ "type": "Feature", "properties": { "Name": "26.7", "P.K.": null, "Al.Dist. Izq.": null, "Al.Dist. Der.": null, "Ruta": 38 }, "geometry": { "type": "Point", "coordinates": [ -64.4623678, -31.3178889 ] } },
{ "type": "Feature", "properties": { "Name": "26.71", "P.K.": null, "Al.Dist. Izq.": null, "Al.Dist. Der.": null, "Ruta": 38 }, "geometry": { "type": "Point", "coordinates": [ -64.4623815, -31.3178331 ] } },
{ "type": "Feature", "properties": { "Name": "26.72", "P.K.": null, "Al.Dist. Izq.": null, "Al.Dist. Der.": null, "Ruta": 38 }, "geometry": { "type": "Point", "coordinates": [ -64.4623807, -31.3177306 ] } },
{ "type": "Feature", "properties": { "Name": "26.76", "P.K.": null, "Al.Dist. Izq.": null, "Al.Dist. Der.": null, "Ruta": 38 }, "geometry": { "type": "Point", "coordinates": [ -64.4622516, -31.3173735 ] } },
{ "type": "Feature", "properties": { "Name": "26.79", "P.K.": null, "Al.Dist. Izq.": null, "Al.Dist. Der.": null, "Ruta": 38 }, "geometry": { "type": "Point", "coordinates": [ -64.4622183, -31.3171191 ] } },
{ "type": "Feature", "properties": { "Name": "26.83", "P.K.": null, "Al.Dist. Izq.": null, "Al.Dist. Der.": null, "Ruta": 38 }, "geometry": { "type": "Point", "coordinates": [ -64.4622001, -31.3166442 ] } },
{ "type": "Feature", "properties": { "Name": "26.83", "P.K.": null, "Al.Dist. Izq.": null, "Al.Dist. Der.": null, "Ruta": 38 }, "geometry": { "type": "Point", "coordinates": [ -64.4620623, -31.3166399 ] } },
{ "type": "Feature", "properties": { "Name": "26.83", "P.K.": null, "Al.Dist. Izq.": null, "Al.Dist. Der.": null, "Ruta": 38 }, "geometry": { "type": "Point", "coordinates": [ -64.4621334, -31.316645 ] } },
{ "type": "Feature", "properties": { "Name": "26.83", "P.K.": null, "Al.Dist. Izq.": null, "Al.Dist. Der.": null, "Ruta": 38 }, "geometry": { "type": "Point", "coordinates": [ -64.4622291, -31.3166169 ] } },
{ "type": "Feature", "properties": { "Name": "26.85", "P.K.": null, "Al.Dist. Izq.": null, "Al.Dist. Der.": null, "Ruta": 38 }, "geometry": { "type": "Point", "coordinates": [ -64.4622362, -31.3164609 ] } },
{ "type": "Feature", "properties": { "Name": "26.86", "P.K.": null, "Al.Dist. Izq.": null, "Al.Dist. Der.": null, "Ruta": 38 }, "geometry": { "type": "Point", "coordinates": [ -64.4618, -31.3164 ] } },
{ "type": "Feature", "properties": { "Name": "26.86", "P.K.": null, "Al.Dist. Izq.": null, "Al.Dist. Der.": null, "Ruta": 38 }, "geometry": { "type": "Point", "coordinates": [ -64.4620097, -31.3164342 ] } },
{ "type": "Feature", "properties": { "Name": "26.87", "P.K.": null, "Al.Dist. Izq.": null, "Al.Dist. Der.": null, "Ruta": 38 }, "geometry": { "type": "Point", "coordinates": [ -64.462, -31.3164 ] } },
{ "type": "Feature", "properties": { "Name": "26.87", "P.K.": null, "Al.Dist. Izq.": null, "Al.Dist. Der.": null, "Ruta": 38 }, "geometry": { "type": "Point", "coordinates": [ -64.4621279, -31.3163261 ] } },
{ "type": "Feature", "properties": { "Name": "26.9", "P.K.": null, "Al.Dist. Izq.": null, "Al.Dist. Der.": null, "Ruta": 38 }, "geometry": { "type": "Point", "coordinates": [ -64.4620717, -31.3160321 ] } },
{ "type": "Feature", "properties": { "Name": "26.91", "P.K.": null, "Al.Dist. Izq.": null, "Al.Dist. Der.": null, "Ruta": 38 }, "geometry": { "type": "Point", "coordinates": [ -64.4619035, -31.3159256 ] } },
{ "type": "Feature", "properties": { "Name": "26.96", "P.K.": null, "Al.Dist. Izq.": null, "Al.Dist. Der.": null, "Ruta": 38 }, "geometry": { "type": "Point", "coordinates": [ -64.4619101, -31.3154581 ] } },
{ "type": "Feature", "properties": { "Name": "26.97", "P.K.": null, "Al.Dist. Izq.": null, "Al.Dist. Der.": null, "Ruta": 38 }, "geometry": { "type": "Point", "coordinates": [ -64.4617, -31.3154 ] } },
{ "type": "Feature", "properties": { "Name": "26.98", "P.K.": null, "Al.Dist. Izq.": null, "Al.Dist. Der.": null, "Ruta": 38 }, "geometry": { "type": "Point", "coordinates": [ -64.4618323, -31.3152547 ] } },
{ "type": "Feature", "properties": { "Name": "26.99", "P.K.": null, "Al.Dist. Izq.": null, "Al.Dist. Der.": null, "Ruta": 38 }, "geometry": { "type": "Point", "coordinates": [ -64.4618129, -31.315196 ] } },
{ "type": "Feature", "properties": { "Name": "26.99", "P.K.": null, "Al.Dist. Izq.": null, "Al.Dist. Der.": null, "Ruta": 38 }, "geometry": { "type": "Point", "coordinates": [ -64.4617204, -31.3151991 ] } },
{ "type": "Feature", "properties": { "Name": "27", "P.K.": "PK27", "Al.Dist. Izq.": null, "Al.Dist. Der.": null, "Ruta": 38 }, "geometry": { "type": "Point", "coordinates": [ -64.4616704, -31.3150808 ] } },
{ "type": "Feature", "properties": { "Name": "27.02", "P.K.": null, "Al.Dist. Izq.": null, "Al.Dist. Der.": null, "Ruta": 38 }, "geometry": { "type": "Point", "coordinates": [ -64.4616865, -31.3148915 ] } },
{ "type": "Feature", "properties": { "Name": "27.03", "P.K.": null, "Al.Dist. Izq.": null, "Al.Dist. Der.": null, "Ruta": 38 }, "geometry": { "type": "Point", "coordinates": [ -64.4617174, -31.3148093 ] } },
{ "type": "Feature", "properties": { "Name": "27.05", "P.K.": null, "Al.Dist. Izq.": null, "Al.Dist. Der.": null, "Ruta": 38 }, "geometry": { "type": "Point", "coordinates": [ -64.4616, -31.3147 ] } },
{ "type": "Feature", "properties": { "Name": "27.08", "P.K.": null, "Al.Dist. Izq.": null, "Al.Dist. Der.": null, "Ruta": 38 }, "geometry": { "type": "Point", "coordinates": [ -64.4617492, -31.3144054 ] } },
{ "type": "Feature", "properties": { "Name": "27.09", "P.K.": null, "Al.Dist. Izq.": null, "Al.Dist. Der.": null, "Ruta": 38 }, "geometry": { "type": "Point", "coordinates": [ -64.4617, -31.3143 ] } },
{ "type": "Feature", "properties": { "Name": "27.09", "P.K.": null, "Al.Dist. Izq.": null, "Al.Dist. Der.": null, "Ruta": 38 }, "geometry": { "type": "Point", "coordinates": [ -64.4617, -31.3143 ] } },
{ "type": "Feature", "properties": { "Name": "27.11", "P.K.": null, "Al.Dist. Izq.": null, "Al.Dist. Der.": null, "Ruta": 38 }, "geometry": { "type": "Point", "coordinates": [ -64.461595, -31.3140897 ] } },
{ "type": "Feature", "properties": { "Name": "27.22", "P.K.": null, "Al.Dist. Izq.": null, "Al.Dist. Der.": null, "Ruta": 38 }, "geometry": { "type": "Point", "coordinates": [ -64.4621, -31.3132 ] } },
{ "type": "Feature", "properties": { "Name": "27.23", "P.K.": null, "Al.Dist. Izq.": null, "Al.Dist. Der.": null, "Ruta": 38 }, "geometry": { "type": "Point", "coordinates": [ -64.4626, -31.3132 ] } },
{ "type": "Feature", "properties": { "Name": "27.24", "P.K.": null, "Al.Dist. Izq.": null, "Al.Dist. Der.": null, "Ruta": 38 }, "geometry": { "type": "Point", "coordinates": [ -64.4620328, -31.3129848 ] } },
{ "type": "Feature", "properties": { "Name": "27.26", "P.K.": null, "Al.Dist. Izq.": null, "Al.Dist. Der.": null, "Ruta": 38 }, "geometry": { "type": "Point", "coordinates": [ -64.4621, -31.3128 ] } },
{ "type": "Feature", "properties": { "Name": "27.48", "P.K.": null, "Al.Dist. Izq.": null, "Al.Dist. Der.": null, "Ruta": 38 }, "geometry": { "type": "Point", "coordinates": [ -64.4628, -31.3109 ] } },
{ "type": "Feature", "properties": { "Name": "27.5", "P.K.": null, "Al.Dist. Izq.": null, "Al.Dist. Der.": null, "Ruta": 38 }, "geometry": { "type": "Point", "coordinates": [ -64.4633, -31.3108 ] } },
{ "type": "Feature", "properties": { "Name": "27.53", "P.K.": null, "Al.Dist. Izq.": null, "Al.Dist. Der.": null, "Ruta": 38 }, "geometry": { "type": "Point", "coordinates": [ -64.4630226, -31.3104663 ] } },
{ "type": "Feature", "properties": { "Name": "27.54", "P.K.": null, "Al.Dist. Izq.": null, "Al.Dist. Der.": null, "Ruta": 38 }, "geometry": { "type": "Point", "coordinates": [ -64.4630617, -31.3104287 ] } },
{ "type": "Feature", "properties": { "Name": "27.56", "P.K.": null, "Al.Dist. Izq.": null, "Al.Dist. Der.": null, "Ruta": 38 }, "geometry": { "type": "Point", "coordinates": [ -64.4631141, -31.3102535 ] } },
{ "type": "Feature", "properties": { "Name": "27.59", "P.K.": null, "Al.Dist. Izq.": null, "Al.Dist. Der.": null, "Ruta": 38 }, "geometry": { "type": "Point", "coordinates": [ -64.4631922, -31.3099905 ] } },
{ "type": "Feature", "properties": { "Name": "27.64", "P.K.": null, "Al.Dist. Izq.": null, "Al.Dist. Der.": null, "Ruta": 38 }, "geometry": { "type": "Point", "coordinates": [ -64.4634561, -31.3096101 ] } },
{ "type": "Feature", "properties": { "Name": "27.66", "P.K.": null, "Al.Dist. Izq.": null, "Al.Dist. Der.": null, "Ruta": 38 }, "geometry": { "type": "Point", "coordinates": [ -64.4634, -31.3094 ] } },
{ "type": "Feature", "properties": { "Name": "27.67", "P.K.": null, "Al.Dist. Izq.": null, "Al.Dist. Der.": null, "Ruta": 38 }, "geometry": { "type": "Point", "coordinates": [ -64.4635325, -31.3093494 ] } },
{ "type": "Feature", "properties": { "Name": "27.76", "P.K.": null, "Al.Dist. Izq.": null, "Al.Dist. Der.": null, "Ruta": 38 }, "geometry": { "type": "Point", "coordinates": [ -64.4638011, -31.3085671 ] } },
{ "type": "Feature", "properties": { "Name": "27.77", "P.K.": null, "Al.Dist. Izq.": null, "Al.Dist. Der.": null, "Ruta": 38 }, "geometry": { "type": "Point", "coordinates": [ -64.4639, -31.3085 ] } },
{ "type": "Feature", "properties": { "Name": "27.79", "P.K.": null, "Al.Dist. Izq.": null, "Al.Dist. Der.": null, "Ruta": 38 }, "geometry": { "type": "Point", "coordinates": [ -64.4638792, -31.3082869 ] } },
{ "type": "Feature", "properties": { "Name": "27.81", "P.K.": null, "Al.Dist. Izq.": null, "Al.Dist. Der.": null, "Ruta": 38 }, "geometry": { "type": "Point", "coordinates": [ -64.4639143, -31.3081156 ] } },
{ "type": "Feature", "properties": { "Name": "27.88", "P.K.": null, "Al.Dist. Izq.": null, "Al.Dist. Der.": null, "Ruta": 38 }, "geometry": { "type": "Point", "coordinates": [ -64.4642353, -31.3075172 ] } },
{ "type": "Feature", "properties": { "Name": "27.89", "P.K.": null, "Al.Dist. Izq.": null, "Al.Dist. Der.": null, "Ruta": 38 }, "geometry": { "type": "Point", "coordinates": [ -64.4643543, -31.3075061 ] } },
{ "type": "Feature", "properties": { "Name": "27.9", "P.K.": null, "Al.Dist. Izq.": null, "Al.Dist. Der.": null, "Ruta": 38 }, "geometry": { "type": "Point", "coordinates": [ -64.4643938, -31.3073964 ] } },
{ "type": "Feature", "properties": { "Name": "27.93", "P.K.": null, "Al.Dist. Izq.": null, "Al.Dist. Der.": null, "Ruta": 38 }, "geometry": { "type": "Point", "coordinates": [ -64.4645166, -31.3071408 ] } },
{ "type": "Feature", "properties": { "Name": "27.95", "P.K.": null, "Al.Dist. Izq.": null, "Al.Dist. Der.": null, "Ruta": 38 }, "geometry": { "type": "Point", "coordinates": [ -64.464653, -31.3069807 ] } },
{ "type": "Feature", "properties": { "Name": "27.97", "P.K.": null, "Al.Dist. Izq.": null, "Al.Dist. Der.": null, "Ruta": 38 }, "geometry": { "type": "Point", "coordinates": [ -64.4647978, -31.3068414 ] } },
{ "type": "Feature", "properties": { "Name": "27.99", "P.K.": null, "Al.Dist. Izq.": null, "Al.Dist. Der.": null, "Ruta": 38 }, "geometry": { "type": "Point", "coordinates": [ -64.4649903, -31.30673 ] } },
{ "type": "Feature", "properties": { "Name": "28", "P.K.": "PK28", "Al.Dist. Izq.": null, "Al.Dist. Der.": null, "Ruta": 38 }, "geometry": { "type": "Point", "coordinates": [ -64.4649903, -31.3066395 ] } },
{ "type": "Feature", "properties": { "Name": "28.09", "P.K.": null, "Al.Dist. Izq.": null, "Al.Dist. Der.": null, "Ruta": 38 }, "geometry": { "type": "Point", "coordinates": [ -64.4653548, -31.3059852 ] } },
{ "type": "Feature", "properties": { "Name": "28.1", "P.K.": null, "Al.Dist. Izq.": null, "Al.Dist. Der.": null, "Ruta": 38 }, "geometry": { "type": "Point", "coordinates": [ -64.4655036, -31.305997 ] } },
{ "type": "Feature", "properties": { "Name": "28.14", "P.K.": null, "Al.Dist. Izq.": null, "Al.Dist. Der.": null, "Ruta": 38 }, "geometry": { "type": "Point", "coordinates": [ -64.4656, -31.3056 ] } },
{ "type": "Feature", "properties": { "Name": "28.19", "P.K.": null, "Al.Dist. Izq.": null, "Al.Dist. Der.": null, "Ruta": 38 }, "geometry": { "type": "Point", "coordinates": [ -64.4657222, -31.3052826 ] } },
{ "type": "Feature", "properties": { "Name": "28.2", "P.K.": null, "Al.Dist. Izq.": null, "Al.Dist. Der.": null, "Ruta": 38 }, "geometry": { "type": "Point", "coordinates": [ -64.4658208, -31.3051794 ] } },
{ "type": "Feature", "properties": { "Name": "28.23", "P.K.": null, "Al.Dist. Izq.": null, "Al.Dist. Der.": null, "Ruta": 38 }, "geometry": { "type": "Point", "coordinates": [ -64.4659049, -31.3049643 ] } },
{ "type": "Feature", "properties": { "Name": "28.3", "P.K.": null, "Al.Dist. Izq.": null, "Al.Dist. Der.": null, "Ruta": 38 }, "geometry": { "type": "Point", "coordinates": [ -64.4660611, -31.3044438 ] } },
{ "type": "Feature", "properties": { "Name": "28.4", "P.K.": null, "Al.Dist. Izq.": null, "Al.Dist. Der.": null, "Ruta": 38 }, "geometry": { "type": "Point", "coordinates": [ -64.4663018, -31.3036613 ] } },
{ "type": "Feature", "properties": { "Name": "28.42", "P.K.": null, "Al.Dist. Izq.": null, "Al.Dist. Der.": null, "Ruta": 38 }, "geometry": { "type": "Point", "coordinates": [ -64.4662818, -31.3034601 ] } },
{ "type": "Feature", "properties": { "Name": "28.43", "P.K.": null, "Al.Dist. Izq.": null, "Al.Dist. Der.": null, "Ruta": 38 }, "geometry": { "type": "Point", "coordinates": [ -64.4664048, -31.3033526 ] } },
{ "type": "Feature", "properties": { "Name": "28.59", "P.K.": null, "Al.Dist. Izq.": null, "Al.Dist. Der.": null, "Ruta": 38 }, "geometry": { "type": "Point", "coordinates": [ -64.4658, -31.3021 ] } },
{ "type": "Feature", "properties": { "Name": "28.6", "P.K.": null, "Al.Dist. Izq.": null, "Al.Dist. Der.": null, "Ruta": 38 }, "geometry": { "type": "Point", "coordinates": [ -64.465646, -31.3020018 ] } },
{ "type": "Feature", "properties": { "Name": "28.62", "P.K.": null, "Al.Dist. Izq.": null, "Al.Dist. Der.": null, "Ruta": 38 }, "geometry": { "type": "Point", "coordinates": [ -64.4656739, -31.3019412 ] } },
{ "type": "Feature", "properties": { "Name": "28.63", "P.K.": null, "Al.Dist. Izq.": null, "Al.Dist. Der.": null, "Ruta": 38 }, "geometry": { "type": "Point", "coordinates": [ -64.4656505, -31.3018472 ] } },
{ "type": "Feature", "properties": { "Name": "28.75", "P.K.": null, "Al.Dist. Izq.": null, "Al.Dist. Der.": null, "Ruta": 38 }, "geometry": { "type": "Point", "coordinates": [ -64.4655638, -31.3008725 ] } },
{ "type": "Feature", "properties": { "Name": "28.92", "P.K.": null, "Al.Dist. Izq.": null, "Al.Dist. Der.": null, "Ruta": 38 }, "geometry": { "type": "Point", "coordinates": [ -64.4653766, -31.2993996 ] } },
{ "type": "Feature", "properties": { "Name": "28.93", "P.K.": null, "Al.Dist. Izq.": null, "Al.Dist. Der.": null, "Ruta": 38 }, "geometry": { "type": "Point", "coordinates": [ -64.465341, -31.2993271 ] } },
{ "type": "Feature", "properties": { "Name": "29", "P.K.": "PK29", "Al.Dist. Izq.": null, "Al.Dist. Der.": null, "Ruta": 38 }, "geometry": { "type": "Point", "coordinates": [ -64.4648759, -31.2989033 ] } },
{ "type": "Feature", "properties": { "Name": "29.03", "P.K.": null, "Al.Dist. Izq.": null, "Al.Dist. Der.": null, "Ruta": 38 }, "geometry": { "type": "Point", "coordinates": [ -64.4647241, -31.2986057 ] } },
{ "type": "Feature", "properties": { "Name": "29.11", "P.K.": null, "Al.Dist. Izq.": null, "Al.Dist. Der.": null, "Ruta": 38 }, "geometry": { "type": "Point", "coordinates": [ -64.4642366, -31.2979901 ] } },
{ "type": "Feature", "properties": { "Name": "29.17", "P.K.": null, "Al.Dist. Izq.": null, "Al.Dist. Der.": null, "Ruta": 38 }, "geometry": { "type": "Point", "coordinates": [ -64.4639617, -31.2975291 ] } },
{ "type": "Feature", "properties": { "Name": "29.17", "P.K.": null, "Al.Dist. Izq.": null, "Al.Dist. Der.": null, "Ruta": 38 }, "geometry": { "type": "Point", "coordinates": [ -64.4639687, -31.2975309 ] } },
{ "type": "Feature", "properties": { "Name": "29.18", "P.K.": null, "Al.Dist. Izq.": null, "Al.Dist. Der.": null, "Ruta": 38 }, "geometry": { "type": "Point", "coordinates": [ -64.4639161, -31.2974394 ] } },
{ "type": "Feature", "properties": { "Name": "29.21", "P.K.": null, "Al.Dist. Izq.": null, "Al.Dist. Der.": null, "Ruta": 38 }, "geometry": { "type": "Point", "coordinates": [ -64.4637957, -31.2972421 ] } },
{ "type": "Feature", "properties": { "Name": "29.22", "P.K.": null, "Al.Dist. Izq.": null, "Al.Dist. Der.": null, "Ruta": 38 }, "geometry": { "type": "Point", "coordinates": [ -64.4638591, -31.2971363 ] } },
{ "type": "Feature", "properties": { "Name": "29.23", "P.K.": null, "Al.Dist. Izq.": null, "Al.Dist. Der.": null, "Ruta": 38 }, "geometry": { "type": "Point", "coordinates": [ -64.463678, -31.2970796 ] } },
{ "type": "Feature", "properties": { "Name": "29.27", "P.K.": null, "Al.Dist. Izq.": null, "Al.Dist. Der.": null, "Ruta": 38 }, "geometry": { "type": "Point", "coordinates": [ -64.4636174, -31.2966805 ] } },
{ "type": "Feature", "properties": { "Name": "29.27", "P.K.": null, "Al.Dist. Izq.": null, "Al.Dist. Der.": null, "Ruta": 38 }, "geometry": { "type": "Point", "coordinates": [ -64.4636174, -31.2966805 ] } },
{ "type": "Feature", "properties": { "Name": "29.3", "P.K.": null, "Al.Dist. Izq.": null, "Al.Dist. Der.": null, "Ruta": 38 }, "geometry": { "type": "Point", "coordinates": [ -64.4634, -31.2965 ] } },
{ "type": "Feature", "properties": { "Name": "29.38", "P.K.": null, "Al.Dist. Izq.": null, "Al.Dist. Der.": null, "Ruta": 38 }, "geometry": { "type": "Point", "coordinates": [ -64.4629478, -31.2958448 ] } },
{ "type": "Feature", "properties": { "Name": "29.43", "P.K.": null, "Al.Dist. Izq.": null, "Al.Dist. Der.": null, "Ruta": 38 }, "geometry": { "type": "Point", "coordinates": [ -64.4629, -31.2954 ] } },
{ "type": "Feature", "properties": { "Name": "29.47", "P.K.": null, "Al.Dist. Izq.": null, "Al.Dist. Der.": null, "Ruta": 38 }, "geometry": { "type": "Point", "coordinates": [ -64.4627651, -31.2950805 ] } },
{ "type": "Feature", "properties": { "Name": "29.99", "P.K.": null, "Al.Dist. Izq.": null, "Al.Dist. Der.": null, "Ruta": 38 }, "geometry": { "type": "Point", "coordinates": [ -64.4623943, -31.2904847 ] } },
{ "type": "Feature", "properties": { "Name": "29.99", "P.K.": null, "Al.Dist. Izq.": null, "Al.Dist. Der.": null, "Ruta": 38 }, "geometry": { "type": "Point", "coordinates": [ -64.4621924, -31.2905437 ] } },
{ "type": "Feature", "properties": { "Name": "30", "P.K.": "PK30", "Al.Dist. Izq.": null, "Al.Dist. Der.": null, "Ruta": 38 }, "geometry": { "type": "Point", "coordinates": [ -64.4621973, -31.2904085 ] } },
{ "type": "Feature", "properties": { "Name": "30.03", "P.K.": null, "Al.Dist. Izq.": null, "Al.Dist. Der.": null, "Ruta": 38 }, "geometry": { "type": "Point", "coordinates": [ -64.4623044, -31.2901128 ] } },
{ "type": "Feature", "properties": { "Name": "30.03", "P.K.": null, "Al.Dist. Izq.": null, "Al.Dist. Der.": null, "Ruta": 38 }, "geometry": { "type": "Point", "coordinates": [ -64.4621421, -31.2901675 ] } },
{ "type": "Feature", "properties": { "Name": "30.13", "P.K.": null, "Al.Dist. Izq.": null, "Al.Dist. Der.": null, "Ruta": 38 }, "geometry": { "type": "Point", "coordinates": [ -64.462, -31.2893 ] } },
{ "type": "Feature", "properties": { "Name": "30.24", "P.K.": null, "Al.Dist. Izq.": null, "Al.Dist. Der.": null, "Ruta": 38 }, "geometry": { "type": "Point", "coordinates": [ -64.4621, -31.2883 ] } },
{ "type": "Feature", "properties": { "Name": "30.29", "P.K.": null, "Al.Dist. Izq.": null, "Al.Dist. Der.": null, "Ruta": 38 }, "geometry": { "type": "Point", "coordinates": [ -64.4618525, -31.2878049 ] } },
{ "type": "Feature", "properties": { "Name": "30.31", "P.K.": null, "Al.Dist. Izq.": null, "Al.Dist. Der.": null, "Ruta": 38 }, "geometry": { "type": "Point", "coordinates": [ -64.4617442, -31.2876517 ] } },
{ "type": "Feature", "properties": { "Name": "30.35", "P.K.": null, "Al.Dist. Izq.": null, "Al.Dist. Der.": null, "Ruta": 38 }, "geometry": { "type": "Point", "coordinates": [ -64.4619, -31.2873 ] } },
{ "type": "Feature", "properties": { "Name": "30.37", "P.K.": null, "Al.Dist. Izq.": null, "Al.Dist. Der.": null, "Ruta": 38 }, "geometry": { "type": "Point", "coordinates": [ -64.4616302, -31.2871657 ] } },
{ "type": "Feature", "properties": { "Name": "30.48", "P.K.": null, "Al.Dist. Izq.": null, "Al.Dist. Der.": null, "Ruta": 38 }, "geometry": { "type": "Point", "coordinates": [ -64.4611873, -31.2861638 ] } },
{ "type": "Feature", "properties": { "Name": "30.54", "P.K.": null, "Al.Dist. Izq.": null, "Al.Dist. Der.": null, "Ruta": 38 }, "geometry": { "type": "Point", "coordinates": [ -64.4612346, -31.2857689 ] } },
{ "type": "Feature", "properties": { "Name": "30.56", "P.K.": null, "Al.Dist. Izq.": null, "Al.Dist. Der.": null, "Ruta": 38 }, "geometry": { "type": "Point", "coordinates": [ -64.4612436, -31.2856022 ] } },
{ "type": "Feature", "properties": { "Name": "30.68", "P.K.": null, "Al.Dist. Izq.": null, "Al.Dist. Der.": null, "Ruta": 38 }, "geometry": { "type": "Point", "coordinates": [ -64.4612252, -31.2845392 ] } },
{ "type": "Feature", "properties": { "Name": "30.7", "P.K.": null, "Al.Dist. Izq.": null, "Al.Dist. Der.": null, "Ruta": 38 }, "geometry": { "type": "Point", "coordinates": [ -64.461168, -31.2843277 ] } },
{ "type": "Feature", "properties": { "Name": "30.76", "P.K.": null, "Al.Dist. Izq.": null, "Al.Dist. Der.": null, "Ruta": 38 }, "geometry": { "type": "Point", "coordinates": [ -64.4614019, -31.2838062 ] } },
{ "type": "Feature", "properties": { "Name": "30.84", "P.K.": null, "Al.Dist. Izq.": null, "Al.Dist. Der.": null, "Ruta": 38 }, "geometry": { "type": "Point", "coordinates": [ -64.4615977, -31.2830667 ] } },
{ "type": "Feature", "properties": { "Name": "30.88", "P.K.": null, "Al.Dist. Izq.": null, "Al.Dist. Der.": null, "Ruta": 38 }, "geometry": { "type": "Point", "coordinates": [ -64.4616878, -31.2827108 ] } },
{ "type": "Feature", "properties": { "Name": "30.92", "P.K.": null, "Al.Dist. Izq.": null, "Al.Dist. Der.": null, "Ruta": 38 }, "geometry": { "type": "Point", "coordinates": [ -64.462, -31.2825 ] } },
{ "type": "Feature", "properties": { "Name": "30.94", "P.K.": null, "Al.Dist. Izq.": null, "Al.Dist. Der.": null, "Ruta": 38 }, "geometry": { "type": "Point", "coordinates": [ -64.4619869, -31.282317 ] } },
{ "type": "Feature", "properties": { "Name": "31", "P.K.": "PK31", "Al.Dist. Izq.": null, "Al.Dist. Der.": null, "Ruta": 38 }, "geometry": { "type": "Point", "coordinates": [ -64.4624137, -31.2818237 ] } },
{ "type": "Feature", "properties": { "Name": "31.04", "P.K.": null, "Al.Dist. Izq.": null, "Al.Dist. Der.": null, "Ruta": 38 }, "geometry": { "type": "Point", "coordinates": [ -64.4626533, -31.2815637 ] } },
{ "type": "Feature", "properties": { "Name": "31.11", "P.K.": null, "Al.Dist. Izq.": null, "Al.Dist. Der.": null, "Ruta": 38 }, "geometry": { "type": "Point", "coordinates": [ -64.4629464, -31.2809024 ] } },
{ "type": "Feature", "properties": { "Name": "31.14", "P.K.": null, "Al.Dist. Izq.": null, "Al.Dist. Der.": null, "Ruta": 38 }, "geometry": { "type": "Point", "coordinates": [ -64.4632, -31.2805 ] } },
{ "type": "Feature", "properties": { "Name": "31.17", "P.K.": null, "Al.Dist. Izq.": null, "Al.Dist. Der.": null, "Ruta": 38 }, "geometry": { "type": "Point", "coordinates": [ -64.463092, -31.2802581 ] } },
{ "type": "Feature", "properties": { "Name": "31.18", "P.K.": null, "Al.Dist. Izq.": null, "Al.Dist. Der.": null, "Ruta": 38 }, "geometry": { "type": "Point", "coordinates": [ -64.4629662, -31.2802303 ] } },
{ "type": "Feature", "properties": { "Name": "31.19", "P.K.": null, "Al.Dist. Izq.": null, "Al.Dist. Der.": null, "Ruta": 38 }, "geometry": { "type": "Point", "coordinates": [ -64.4628633, -31.2800432 ] } },
{ "type": "Feature", "properties": { "Name": "31.2", "P.K.": null, "Al.Dist. Izq.": null, "Al.Dist. Der.": null, "Ruta": 38 }, "geometry": { "type": "Point", "coordinates": [ -64.4629488, -31.2799337 ] } },
{ "type": "Feature", "properties": { "Name": "31.24", "P.K.": null, "Al.Dist. Izq.": null, "Al.Dist. Der.": null, "Ruta": 38 }, "geometry": { "type": "Point", "coordinates": [ -64.4631, -31.2795 ] } },
{ "type": "Feature", "properties": { "Name": "31.26", "P.K.": null, "Al.Dist. Izq.": null, "Al.Dist. Der.": null, "Ruta": 38 }, "geometry": { "type": "Point", "coordinates": [ -64.4630004, -31.2794056 ] } },
{ "type": "Feature", "properties": { "Name": "31.26", "P.K.": null, "Al.Dist. Izq.": null, "Al.Dist. Der.": null, "Ruta": 38 }, "geometry": { "type": "Point", "coordinates": [ -64.4630004, -31.2794056 ] } },
{ "type": "Feature", "properties": { "Name": "31.27", "P.K.": null, "Al.Dist. Izq.": null, "Al.Dist. Der.": null, "Ruta": 38 }, "geometry": { "type": "Point", "coordinates": [ -64.463098, -31.2793354 ] } },
{ "type": "Feature", "properties": { "Name": "31.27", "P.K.": null, "Al.Dist. Izq.": null, "Al.Dist. Der.": null, "Ruta": 38 }, "geometry": { "type": "Point", "coordinates": [ -64.463098, -31.2793354 ] } },
{ "type": "Feature", "properties": { "Name": "31.29", "P.K.": null, "Al.Dist. Izq.": null, "Al.Dist. Der.": null, "Ruta": 38 }, "geometry": { "type": "Point", "coordinates": [ -64.4631536, -31.279016 ] } },
{ "type": "Feature", "properties": { "Name": "31.48", "P.K.": null, "Al.Dist. Izq.": null, "Al.Dist. Der.": null, "Ruta": 38 }, "geometry": { "type": "Point", "coordinates": [ -64.4634088, -31.2771866 ] } },
{ "type": "Feature", "properties": { "Name": "31.5", "P.K.": null, "Al.Dist. Izq.": null, "Al.Dist. Der.": null, "Ruta": 38 }, "geometry": { "type": "Point", "coordinates": [ -64.4634557, -31.2768834 ] } },
{ "type": "Feature", "properties": { "Name": "31.59", "P.K.": null, "Al.Dist. Izq.": null, "Al.Dist. Der.": null, "Ruta": 38 }, "geometry": { "type": "Point", "coordinates": [ -64.4635097, -31.2760092 ] } },
{ "type": "Feature", "properties": { "Name": "31.62", "P.K.": null, "Al.Dist. Izq.": null, "Al.Dist. Der.": null, "Ruta": 38 }, "geometry": { "type": "Point", "coordinates": [ -64.4636412, -31.2757401 ] } },
{ "type": "Feature", "properties": { "Name": "31.8", "P.K.": null, "Al.Dist. Izq.": null, "Al.Dist. Der.": null, "Ruta": 38 }, "geometry": { "type": "Point", "coordinates": [ -64.4634863, -31.2738766 ] } },
{ "type": "Feature", "properties": { "Name": "31.81", "P.K.": null, "Al.Dist. Izq.": null, "Al.Dist. Der.": null, "Ruta": 38 }, "geometry": { "type": "Point", "coordinates": [ -64.4637461, -31.2738107 ] } },
{ "type": "Feature", "properties": { "Name": "31.86", "P.K.": null, "Al.Dist. Izq.": null, "Al.Dist. Der.": null, "Ruta": 38 }, "geometry": { "type": "Point", "coordinates": [ -64.4639, -31.2733 ] } },
{ "type": "Feature", "properties": { "Name": "31.87", "P.K.": null, "Al.Dist. Izq.": null, "Al.Dist. Der.": null, "Ruta": 38 }, "geometry": { "type": "Point", "coordinates": [ -64.4638745, -31.273184 ] } },
{ "type": "Feature", "properties": { "Name": "31.88", "P.K.": null, "Al.Dist. Izq.": null, "Al.Dist. Der.": null, "Ruta": 38 }, "geometry": { "type": "Point", "coordinates": [ -64.4638785, -31.2730502 ] } },
{ "type": "Feature", "properties": { "Name": "31.9", "P.K.": null, "Al.Dist. Izq.": null, "Al.Dist. Der.": null, "Ruta": 38 }, "geometry": { "type": "Point", "coordinates": [ -64.4639885, -31.2728579 ] } },
{ "type": "Feature", "properties": { "Name": "31.91", "P.K.": null, "Al.Dist. Izq.": null, "Al.Dist. Der.": null, "Ruta": 38 }, "geometry": { "type": "Point", "coordinates": [ -64.463902, -31.2727092 ] } },
{ "type": "Feature", "properties": { "Name": "31.93", "P.K.": null, "Al.Dist. Izq.": null, "Al.Dist. Der.": null, "Ruta": 38 }, "geometry": { "type": "Point", "coordinates": [ -64.464015, -31.2725917 ] } },
{ "type": "Feature", "properties": { "Name": "31.97", "P.K.": null, "Al.Dist. Izq.": null, "Al.Dist. Der.": null, "Ruta": 38 }, "geometry": { "type": "Point", "coordinates": [ -64.4640485, -31.2720873 ] } },
{ "type": "Feature", "properties": { "Name": "32", "P.K.": "PK32", "Al.Dist. Izq.": null, "Al.Dist. Der.": null, "Ruta": 38 }, "geometry": { "type": "Point", "coordinates": [ -64.4640566, -31.2718397 ] } },
{ "type": "Feature", "properties": { "Name": "32.05", "P.K.": null, "Al.Dist. Izq.": null, "Al.Dist. Der.": null, "Ruta": 38 }, "geometry": { "type": "Point", "coordinates": [ -64.4638876, -31.2714537 ] } },
{ "type": "Feature", "properties": { "Name": "32.06", "P.K.": null, "Al.Dist. Izq.": null, "Al.Dist. Der.": null, "Ruta": 38 }, "geometry": { "type": "Point", "coordinates": [ -64.4640227, -31.2714067 ] } },
{ "type": "Feature", "properties": { "Name": "32.09", "P.K.": null, "Al.Dist. Izq.": null, "Al.Dist. Der.": null, "Ruta": 38 }, "geometry": { "type": "Point", "coordinates": [ -64.4639644, -31.2711984 ] } },
{ "type": "Feature", "properties": { "Name": "32.09", "P.K.": null, "Al.Dist. Izq.": null, "Al.Dist. Der.": null, "Ruta": 38 }, "geometry": { "type": "Point", "coordinates": [ -64.4640458, -31.2712033 ] } },
{ "type": "Feature", "properties": { "Name": "32.27", "P.K.": null, "Al.Dist. Izq.": null, "Al.Dist. Der.": null, "Ruta": 38 }, "geometry": { "type": "Point", "coordinates": [ -64.4641102, -31.2699235 ] } },
{ "type": "Feature", "properties": { "Name": "32.29", "P.K.": null, "Al.Dist. Izq.": null, "Al.Dist. Der.": null, "Ruta": 38 }, "geometry": { "type": "Point", "coordinates": [ -64.4641327, -31.2697888 ] } },
{ "type": "Feature", "properties": { "Name": "32.41", "P.K.": null, "Al.Dist. Izq.": null, "Al.Dist. Der.": null, "Ruta": 38 }, "geometry": { "type": "Point", "coordinates": [ -64.4644002, -31.2689952 ] } },
{ "type": "Feature", "properties": { "Name": "32.41", "P.K.": null, "Al.Dist. Izq.": null, "Al.Dist. Der.": null, "Ruta": 38 }, "geometry": { "type": "Point", "coordinates": [ -64.4643174, -31.2689617 ] } },
{ "type": "Feature", "properties": { "Name": "32.44", "P.K.": null, "Al.Dist. Izq.": null, "Al.Dist. Der.": null, "Ruta": 38 }, "geometry": { "type": "Point", "coordinates": [ -64.4643426, -31.2687408 ] } },
{ "type": "Feature", "properties": { "Name": "32.47", "P.K.": null, "Al.Dist. Izq.": null, "Al.Dist. Der.": null, "Ruta": 38 }, "geometry": { "type": "Point", "coordinates": [ -64.4644495, -31.2685445 ] } },
{ "type": "Feature", "properties": { "Name": "33", "P.K.": "PK33", "Al.Dist. Izq.": null, "Al.Dist. Der.": null, "Ruta": 38 }, "geometry": { "type": "Point", "coordinates": [ -64.4649665, -31.2648206 ] } },
{ "type": "Feature", "properties": { "Name": "33.01", "P.K.": null, "Al.Dist. Izq.": null, "Al.Dist. Der.": null, "Ruta": 38 }, "geometry": { "type": "Point", "coordinates": [ -64.4651616, -31.2646862 ] } },
{ "type": "Feature", "properties": { "Name": "33.07", "P.K.": null, "Al.Dist. Izq.": null, "Al.Dist. Der.": null, "Ruta": 38 }, "geometry": { "type": "Point", "coordinates": [ -64.4651928, -31.2640973 ] } },
{ "type": "Feature", "properties": { "Name": "33.1", "P.K.": null, "Al.Dist. Izq.": null, "Al.Dist. Der.": null, "Ruta": 38 }, "geometry": { "type": "Point", "coordinates": [ -64.4652391, -31.2638308 ] } },
{ "type": "Feature", "properties": { "Name": "33.12", "P.K.": null, "Al.Dist. Izq.": null, "Al.Dist. Der.": null, "Ruta": 38 }, "geometry": { "type": "Point", "coordinates": [ -64.4651808, -31.2636668 ] } },
{ "type": "Feature", "properties": { "Name": "33.14", "P.K.": null, "Al.Dist. Izq.": null, "Al.Dist. Der.": null, "Ruta": 38 }, "geometry": { "type": "Point", "coordinates": [ -64.4652357, -31.2634702 ] } },
{ "type": "Feature", "properties": { "Name": "33.2", "P.K.": null, "Al.Dist. Izq.": null, "Al.Dist. Der.": null, "Ruta": 38 }, "geometry": { "type": "Point", "coordinates": [ -64.4655147, -31.2628667 ] } },
{ "type": "Feature", "properties": { "Name": "33.2", "P.K.": null, "Al.Dist. Izq.": null, "Al.Dist. Der.": null, "Ruta": 38 }, "geometry": { "type": "Point", "coordinates": [ -64.465332, -31.2628466 ] } },
{ "type": "Feature", "properties": { "Name": "33.35", "P.K.": null, "Al.Dist. Izq.": null, "Al.Dist. Der.": null, "Ruta": 38 }, "geometry": { "type": "Point", "coordinates": [ -64.4656719, -31.2612984 ] } },
{ "type": "Feature", "properties": { "Name": "33.35", "P.K.": null, "Al.Dist. Izq.": null, "Al.Dist. Der.": null, "Ruta": 38 }, "geometry": { "type": "Point", "coordinates": [ -64.4658111, -31.2613222 ] } },
{ "type": "Feature", "properties": { "Name": "33.36", "P.K.": null, "Al.Dist. Izq.": null, "Al.Dist. Der.": null, "Ruta": 38 }, "geometry": { "type": "Point", "coordinates": [ -64.4657282, -31.2612388 ] } },
{ "type": "Feature", "properties": { "Name": "33.4", "P.K.": null, "Al.Dist. Izq.": null, "Al.Dist. Der.": null, "Ruta": 38 }, "geometry": { "type": "Point", "coordinates": [ -64.4658992, -31.2609193 ] } },
{ "type": "Feature", "properties": { "Name": "33.46", "P.K.": null, "Al.Dist. Izq.": null, "Al.Dist. Der.": null, "Ruta": 38 }, "geometry": { "type": "Point", "coordinates": [ -64.466, -31.2602 ] } },
{ "type": "Feature", "properties": { "Name": "33.51", "P.K.": null, "Al.Dist. Izq.": null, "Al.Dist. Der.": null, "Ruta": 38 }, "geometry": { "type": "Point", "coordinates": [ -64.466027, -31.2597575 ] } },
{ "type": "Feature", "properties": { "Name": "33.6", "P.K.": null, "Al.Dist. Izq.": null, "Al.Dist. Der.": null, "Ruta": 38 }, "geometry": { "type": "Point", "coordinates": [ -64.4657474, -31.2588861 ] } },
{ "type": "Feature", "properties": { "Name": "33.62", "P.K.": null, "Al.Dist. Izq.": null, "Al.Dist. Der.": null, "Ruta": 38 }, "geometry": { "type": "Point", "coordinates": [ -64.4657078, -31.2586322 ] } },
{ "type": "Feature", "properties": { "Name": "33.63", "P.K.": null, "Al.Dist. Izq.": null, "Al.Dist. Der.": null, "Ruta": 38 }, "geometry": { "type": "Point", "coordinates": [ -64.4658061, -31.2585977 ] } },
{ "type": "Feature", "properties": { "Name": "33.66", "P.K.": null, "Al.Dist. Izq.": null, "Al.Dist. Der.": null, "Ruta": 38 }, "geometry": { "type": "Point", "coordinates": [ -64.4658096, -31.2583242 ] } },
{ "type": "Feature", "properties": { "Name": "33.67", "P.K.": null, "Al.Dist. Izq.": null, "Al.Dist. Der.": null, "Ruta": 38 }, "geometry": { "type": "Point", "coordinates": [ -64.4656796, -31.2581942 ] } },
{ "type": "Feature", "properties": { "Name": "33.75", "P.K.": null, "Al.Dist. Izq.": null, "Al.Dist. Der.": null, "Ruta": 38 }, "geometry": { "type": "Point", "coordinates": [ -64.4661017, -31.257461 ] } },
{ "type": "Feature", "properties": { "Name": "33.77", "P.K.": null, "Al.Dist. Izq.": null, "Al.Dist. Der.": null, "Ruta": 38 }, "geometry": { "type": "Point", "coordinates": [ -64.4661336, -31.2571553 ] } },
{ "type": "Feature", "properties": { "Name": "33.87", "P.K.": null, "Al.Dist. Izq.": null, "Al.Dist. Der.": null, "Ruta": 38 }, "geometry": { "type": "Point", "coordinates": [ -64.4669544, -31.2564135 ] } },
{ "type": "Feature", "properties": { "Name": "33.89", "P.K.": null, "Al.Dist. Izq.": null, "Al.Dist. Der.": null, "Ruta": 38 }, "geometry": { "type": "Point", "coordinates": [ -64.4668199, -31.2561513 ] } },
{ "type": "Feature", "properties": { "Name": "33.9", "P.K.": null, "Al.Dist. Izq.": null, "Al.Dist. Der.": null, "Ruta": 38 }, "geometry": { "type": "Point", "coordinates": [ -64.4668243, -31.2560361 ] } },
{ "type": "Feature", "properties": { "Name": "34", "P.K.": "PK34", "Al.Dist. Izq.": null, "Al.Dist. Der.": null, "Ruta": 38 }, "geometry": { "type": "Point", "coordinates": [ -64.4666195, -31.2551106 ] } },
{ "type": "Feature", "properties": { "Name": "34.11", "P.K.": null, "Al.Dist. Izq.": null, "Al.Dist. Der.": null, "Ruta": 38 }, "geometry": { "type": "Point", "coordinates": [ -64.466316, -31.2543009 ] } },
{ "type": "Feature", "properties": { "Name": "34.12", "P.K.": null, "Al.Dist. Izq.": null, "Al.Dist. Der.": null, "Ruta": 38 }, "geometry": { "type": "Point", "coordinates": [ -64.4663173, -31.2541799 ] } },
{ "type": "Feature", "properties": { "Name": "34.13", "P.K.": null, "Al.Dist. Izq.": null, "Al.Dist. Der.": null, "Ruta": 38 }, "geometry": { "type": "Point", "coordinates": [ -64.4664511, -31.2540811 ] } },
{ "type": "Feature", "properties": { "Name": "34.24", "P.K.": null, "Al.Dist. Izq.": null, "Al.Dist. Der.": null, "Ruta": 38 }, "geometry": { "type": "Point", "coordinates": [ -64.466764, -31.253156 ] } },
{ "type": "Feature", "properties": { "Name": "34.52", "P.K.": null, "Al.Dist. Izq.": null, "Al.Dist. Der.": null, "Ruta": 38 }, "geometry": { "type": "Point", "coordinates": [ -64.4677878, -31.2510175 ] } },
{ "type": "Feature", "properties": { "Name": "34.57", "P.K.": null, "Al.Dist. Izq.": null, "Al.Dist. Der.": null, "Ruta": 38 }, "geometry": { "type": "Point", "coordinates": [ -64.467782, -31.250635 ] } },
{ "type": "Feature", "properties": { "Name": "34.66", "P.K.": null, "Al.Dist. Izq.": null, "Al.Dist. Der.": null, "Ruta": 38 }, "geometry": { "type": "Point", "coordinates": [ -64.4674697, -31.2498837 ] } },
{ "type": "Feature", "properties": { "Name": "34.7", "P.K.": null, "Al.Dist. Izq.": null, "Al.Dist. Der.": null, "Ruta": 38 }, "geometry": { "type": "Point", "coordinates": [ -64.467642, -31.2495191 ] } },
{ "type": "Feature", "properties": { "Name": "34.83", "P.K.": null, "Al.Dist. Izq.": null, "Al.Dist. Der.": null, "Ruta": 38 }, "geometry": { "type": "Point", "coordinates": [ -64.4672571, -31.2484606 ] } },
{ "type": "Feature", "properties": { "Name": "35.98", "P.K.": null, "Al.Dist. Izq.": null, "Al.Dist. Der.": null, "Ruta": 38 }, "geometry": { "type": "Point", "coordinates": [ -64.4647, -31.239 ] } },
{ "type": "Feature", "properties": { "Name": "36", "P.K.": "PK36", "Al.Dist. Izq.": null, "Al.Dist. Der.": null, "Ruta": 38 }, "geometry": { "type": "Point", "coordinates": [ -64.464712, -31.2388211 ] } },
{ "type": "Feature", "properties": { "Name": "36.13", "P.K.": null, "Al.Dist. Izq.": null, "Al.Dist. Der.": null, "Ruta": 38 }, "geometry": { "type": "Point", "coordinates": [ -64.4643027, -31.2377469 ] } },
{ "type": "Feature", "properties": { "Name": "36.21", "P.K.": null, "Al.Dist. Izq.": null, "Al.Dist. Der.": null, "Ruta": 38 }, "geometry": { "type": "Point", "coordinates": [ -64.4640757, -31.2368898 ] } },
{ "type": "Feature", "properties": { "Name": "36.34", "P.K.": null, "Al.Dist. Izq.": null, "Al.Dist. Der.": null, "Ruta": 38 }, "geometry": { "type": "Point", "coordinates": [ -64.4637622, -31.2357735 ] } },
{ "type": "Feature", "properties": { "Name": "36.47", "P.K.": null, "Al.Dist. Izq.": null, "Al.Dist. Der.": null, "Ruta": 38 }, "geometry": { "type": "Point", "coordinates": [ -64.464134, -31.2345353 ] } },
{ "type": "Feature", "properties": { "Name": "36.54", "P.K.": null, "Al.Dist. Izq.": null, "Al.Dist. Der.": null, "Ruta": 38 }, "geometry": { "type": "Point", "coordinates": [ -64.4643684, -31.2340076 ] } },
{ "type": "Feature", "properties": { "Name": "36.55", "P.K.": null, "Al.Dist. Izq.": null, "Al.Dist. Der.": null, "Ruta": 38 }, "geometry": { "type": "Point", "coordinates": [ -64.4645031, -31.2338579 ] } },
{ "type": "Feature", "properties": { "Name": "36.55", "P.K.": null, "Al.Dist. Izq.": null, "Al.Dist. Der.": null, "Ruta": 38 }, "geometry": { "type": "Point", "coordinates": [ -64.4645031, -31.2338579 ] } },
{ "type": "Feature", "properties": { "Name": "36.6", "P.K.": null, "Al.Dist. Izq.": null, "Al.Dist. Der.": null, "Ruta": 38 }, "geometry": { "type": "Point", "coordinates": [ -64.4642688, -31.2334302 ] } },
{ "type": "Feature", "properties": { "Name": "36.6", "P.K.": null, "Al.Dist. Izq.": null, "Al.Dist. Der.": null, "Ruta": 38 }, "geometry": { "type": "Point", "coordinates": [ -64.4642688, -31.2334302 ] } },
{ "type": "Feature", "properties": { "Name": "36.61", "P.K.": null, "Al.Dist. Izq.": null, "Al.Dist. Der.": null, "Ruta": 38 }, "geometry": { "type": "Point", "coordinates": [ -64.464246, -31.233413 ] } },
{ "type": "Feature", "properties": { "Name": "36.63", "P.K.": null, "Al.Dist. Izq.": null, "Al.Dist. Der.": null, "Ruta": 38 }, "geometry": { "type": "Point", "coordinates": [ -64.4641853, -31.2331859 ] } },
{ "type": "Feature", "properties": { "Name": "36.7", "P.K.": null, "Al.Dist. Izq.": null, "Al.Dist. Der.": null, "Ruta": 38 }, "geometry": { "type": "Point", "coordinates": [ -64.463494, -31.2327077 ] } },
{ "type": "Feature", "properties": { "Name": "36.79", "P.K.": null, "Al.Dist. Izq.": null, "Al.Dist. Der.": null, "Ruta": 38 }, "geometry": { "type": "Point", "coordinates": [ -64.4629002, -31.2320994 ] } },
{ "type": "Feature", "properties": { "Name": "36.82", "P.K.": null, "Al.Dist. Izq.": null, "Al.Dist. Der.": null, "Ruta": 38 }, "geometry": { "type": "Point", "coordinates": [ -64.4627077, -31.2318775 ] } },
{ "type": "Feature", "properties": { "Name": "36.85", "P.K.": null, "Al.Dist. Izq.": null, "Al.Dist. Der.": null, "Ruta": 38 }, "geometry": { "type": "Point", "coordinates": [ -64.4624321, -31.2317104 ] } },
{ "type": "Feature", "properties": { "Name": "36.9", "P.K.": null, "Al.Dist. Izq.": null, "Al.Dist. Der.": null, "Ruta": 38 }, "geometry": { "type": "Point", "coordinates": [ -64.4621053, -31.231274 ] } },
{ "type": "Feature", "properties": { "Name": "36.9", "P.K.": null, "Al.Dist. Izq.": null, "Al.Dist. Der.": null, "Ruta": 38 }, "geometry": { "type": "Point", "coordinates": [ -64.4621053, -31.231274 ] } },
{ "type": "Feature", "properties": { "Name": "36.91", "P.K.": null, "Al.Dist. Izq.": null, "Al.Dist. Der.": null, "Ruta": 38 }, "geometry": { "type": "Point", "coordinates": [ -64.4619, -31.2313 ] } },
{ "type": "Feature", "properties": { "Name": "36.92", "P.K.": null, "Al.Dist. Izq.": null, "Al.Dist. Der.": null, "Ruta": 38 }, "geometry": { "type": "Point", "coordinates": [ -64.4618897, -31.2311456 ] } },
{ "type": "Feature", "properties": { "Name": "36.93", "P.K.": null, "Al.Dist. Izq.": null, "Al.Dist. Der.": null, "Ruta": 38 }, "geometry": { "type": "Point", "coordinates": [ -64.4618914, -31.2311146 ] } },
{ "type": "Feature", "properties": { "Name": "36.94", "P.K.": null, "Al.Dist. Izq.": null, "Al.Dist. Der.": null, "Ruta": 38 }, "geometry": { "type": "Point", "coordinates": [ -64.4619416, -31.2309704 ] } },
{ "type": "Feature", "properties": { "Name": "36.98", "P.K.": null, "Al.Dist. Izq.": null, "Al.Dist. Der.": null, "Ruta": 38 }, "geometry": { "type": "Point", "coordinates": [ -64.4619, -31.2306 ] } },
{ "type": "Feature", "properties": { "Name": "36.99", "P.K.": null, "Al.Dist. Izq.": null, "Al.Dist. Der.": null, "Ruta": 38 }, "geometry": { "type": "Point", "coordinates": [ -64.4619162, -31.230383 ] } },
{ "type": "Feature", "properties": { "Name": "37", "P.K.": "PK37", "Al.Dist. Izq.": null, "Al.Dist. Der.": null, "Ruta": 38 }, "geometry": { "type": "Point", "coordinates": [ -64.4618082, -31.2302867 ] } },
{ "type": "Feature", "properties": { "Name": "37.15", "P.K.": null, "Al.Dist. Izq.": null, "Al.Dist. Der.": null, "Ruta": 38 }, "geometry": { "type": "Point", "coordinates": [ -64.461941, -31.2299915 ] } },
{ "type": "Feature", "properties": { "Name": "37.16", "P.K.": null, "Al.Dist. Izq.": null, "Al.Dist. Der.": null, "Ruta": 38 }, "geometry": { "type": "Point", "coordinates": [ -64.4618, -31.2297 ] } },
{ "type": "Feature", "properties": { "Name": "37.2", "P.K.": null, "Al.Dist. Izq.": null, "Al.Dist. Der.": null, "Ruta": 38 }, "geometry": { "type": "Point", "coordinates": [ -64.4621348, -31.2292531 ] } },
{ "type": "Feature", "properties": { "Name": "37.21", "P.K.": null, "Al.Dist. Izq.": null, "Al.Dist. Der.": null, "Ruta": 38 }, "geometry": { "type": "Point", "coordinates": [ -64.4621039, -31.2292299 ] } },
{ "type": "Feature", "properties": { "Name": "37.29", "P.K.": null, "Al.Dist. Izq.": null, "Al.Dist. Der.": null, "Ruta": 38 }, "geometry": { "type": "Point", "coordinates": [ -64.4620375, -31.2284277 ] } },
{ "type": "Feature", "properties": { "Name": "37.36", "P.K.": null, "Al.Dist. Izq.": null, "Al.Dist. Der.": null, "Ruta": 38 }, "geometry": { "type": "Point", "coordinates": [ -64.4618592, -31.2275929 ] } },
{ "type": "Feature", "properties": { "Name": "37.37", "P.K.": null, "Al.Dist. Izq.": null, "Al.Dist. Der.": null, "Ruta": 38 }, "geometry": { "type": "Point", "coordinates": [ -64.4621026, -31.2274676 ] } },
{ "type": "Feature", "properties": { "Name": "37.4", "P.K.": null, "Al.Dist. Izq.": null, "Al.Dist. Der.": null, "Ruta": 38 }, "geometry": { "type": "Point", "coordinates": [ -64.4619463, -31.2271207 ] } },
{ "type": "Feature", "properties": { "Name": "37.43", "P.K.": null, "Al.Dist. Izq.": null, "Al.Dist. Der.": null, "Ruta": 38 }, "geometry": { "type": "Point", "coordinates": [ -64.4618907, -31.2268291 ] } },
{ "type": "Feature", "properties": { "Name": "37.55", "P.K.": null, "Al.Dist. Izq.": null, "Al.Dist. Der.": null, "Ruta": 38 }, "geometry": { "type": "Point", "coordinates": [ -64.4614277, -31.225555 ] } },
{ "type": "Feature", "properties": { "Name": "37.59", "P.K.": null, "Al.Dist. Izq.": null, "Al.Dist. Der.": null, "Ruta": 38 }, "geometry": { "type": "Point", "coordinates": [ -64.4612563, -31.2252657 ] } },
{ "type": "Feature", "properties": { "Name": "37.61", "P.K.": null, "Al.Dist. Izq.": null, "Al.Dist. Der.": null, "Ruta": 38 }, "geometry": { "type": "Point", "coordinates": [ -64.4610961, -31.2250725 ] } },
{ "type": "Feature", "properties": { "Name": "37.67", "P.K.": null, "Al.Dist. Izq.": null, "Al.Dist. Der.": null, "Ruta": 38 }, "geometry": { "type": "Point", "coordinates": [ -64.4607166, -31.2244446 ] } },
{ "type": "Feature", "properties": { "Name": "37.72", "P.K.": null, "Al.Dist. Izq.": null, "Al.Dist. Der.": null, "Ruta": 38 }, "geometry": { "type": "Point", "coordinates": [ -64.4604978, -31.2239477 ] } },
{ "type": "Feature", "properties": { "Name": "37.75", "P.K.": null, "Al.Dist. Izq.": null, "Al.Dist. Der.": null, "Ruta": 38 }, "geometry": { "type": "Point", "coordinates": [ -64.4604357, -31.2236807 ] } },
{ "type": "Feature", "properties": { "Name": "37.77", "P.K.": null, "Al.Dist. Izq.": null, "Al.Dist. Der.": null, "Ruta": 38 }, "geometry": { "type": "Point", "coordinates": [ -64.460385, -31.2234113 ] } },
{ "type": "Feature", "properties": { "Name": "37.79", "P.K.": null, "Al.Dist. Izq.": null, "Al.Dist. Der.": null, "Ruta": 38 }, "geometry": { "type": "Point", "coordinates": [ -64.4603984, -31.2232186 ] } },
{ "type": "Feature", "properties": { "Name": "37.79", "P.K.": null, "Al.Dist. Izq.": null, "Al.Dist. Der.": null, "Ruta": 38 }, "geometry": { "type": "Point", "coordinates": [ -64.4603984, -31.2232186 ] } },
{ "type": "Feature", "properties": { "Name": "37.82", "P.K.": null, "Al.Dist. Izq.": null, "Al.Dist. Der.": null, "Ruta": 38 }, "geometry": { "type": "Point", "coordinates": [ -64.4604165, -31.2229313 ] } },
{ "type": "Feature", "properties": { "Name": "37.87", "P.K.": null, "Al.Dist. Izq.": null, "Al.Dist. Der.": null, "Ruta": 38 }, "geometry": { "type": "Point", "coordinates": [ -64.4605127, -31.2224301 ] } },
{ "type": "Feature", "properties": { "Name": "37.87", "P.K.": null, "Al.Dist. Izq.": null, "Al.Dist. Der.": null, "Ruta": 38 }, "geometry": { "type": "Point", "coordinates": [ -64.4607326, -31.2223662 ] } },
{ "type": "Feature", "properties": { "Name": "37.92", "P.K.": null, "Al.Dist. Izq.": null, "Al.Dist. Der.": null, "Ruta": 38 }, "geometry": { "type": "Point", "coordinates": [ -64.4607322, -31.2218166 ] } },
{ "type": "Feature", "properties": { "Name": "37.93", "P.K.": null, "Al.Dist. Izq.": null, "Al.Dist. Der.": null, "Ruta": 38 }, "geometry": { "type": "Point", "coordinates": [ -64.4606022, -31.2216866 ] } },
{ "type": "Feature", "properties": { "Name": "37.97", "P.K.": null, "Al.Dist. Izq.": null, "Al.Dist. Der.": null, "Ruta": 38 }, "geometry": { "type": "Point", "coordinates": [ -64.4609052, -31.221296 ] } },
{ "type": "Feature", "properties": { "Name": "38", "P.K.": "PK38", "Al.Dist. Izq.": null, "Al.Dist. Der.": null, "Ruta": 38 }, "geometry": { "type": "Point", "coordinates": [ -64.4609917, -31.2210357 ] } },
{ "type": "Feature", "properties": { "Name": "38.07", "P.K.": null, "Al.Dist. Izq.": null, "Al.Dist. Der.": null, "Ruta": 38 }, "geometry": { "type": "Point", "coordinates": [ -64.4611698, -31.2204506 ] } },
{ "type": "Feature", "properties": { "Name": "38.13", "P.K.": null, "Al.Dist. Izq.": null, "Al.Dist. Der.": null, "Ruta": 38 }, "geometry": { "type": "Point", "coordinates": [ -64.4613254, -31.2198766 ] } },
{ "type": "Feature", "properties": { "Name": "38.14", "P.K.": null, "Al.Dist. Izq.": null, "Al.Dist. Der.": null, "Ruta": 38 }, "geometry": { "type": "Point", "coordinates": [ -64.4613954, -31.219821 ] } },
{ "type": "Feature", "properties": { "Name": "38.38", "P.K.": null, "Al.Dist. Izq.": null, "Al.Dist. Der.": null, "Ruta": 38 }, "geometry": { "type": "Point", "coordinates": [ -64.4619484, -31.2177394 ] } },
{ "type": "Feature", "properties": { "Name": "38.62", "P.K.": null, "Al.Dist. Izq.": null, "Al.Dist. Der.": null, "Ruta": 38 }, "geometry": { "type": "Point", "coordinates": [ -64.4627728, -31.2156213 ] } },
{ "type": "Feature", "properties": { "Name": "38.77", "P.K.": null, "Al.Dist. Izq.": null, "Al.Dist. Der.": null, "Ruta": 38 }, "geometry": { "type": "Point", "coordinates": [ -64.4629984, -31.2142214 ] } },
{ "type": "Feature", "properties": { "Name": "38.84", "P.K.": null, "Al.Dist. Izq.": null, "Al.Dist. Der.": null, "Ruta": 38 }, "geometry": { "type": "Point", "coordinates": [ -64.4628618, -31.213633 ] } },
{ "type": "Feature", "properties": { "Name": "38.97", "P.K.": null, "Al.Dist. Izq.": null, "Al.Dist. Der.": null, "Ruta": 38 }, "geometry": { "type": "Point", "coordinates": [ -64.4629746, -31.2124324 ] } },
{ "type": "Feature", "properties": { "Name": "39", "P.K.": "PK39", "Al.Dist. Izq.": null, "Al.Dist. Der.": null, "Ruta": 38 }, "geometry": { "type": "Point", "coordinates": [ -64.4628765, -31.2121701 ] } },
{ "type": "Feature", "properties": { "Name": "39.18", "P.K.": null, "Al.Dist. Izq.": null, "Al.Dist. Der.": null, "Ruta": 38 }, "geometry": { "type": "Point", "coordinates": [ -64.4629022, -31.2105932 ] } },
{ "type": "Feature", "properties": { "Name": "39.32", "P.K.": null, "Al.Dist. Izq.": null, "Al.Dist. Der.": null, "Ruta": 38 }, "geometry": { "type": "Point", "coordinates": [ -64.4630269, -31.2094178 ] } },
{ "type": "Feature", "properties": { "Name": "39.47", "P.K.": null, "Al.Dist. Izq.": null, "Al.Dist. Der.": null, "Ruta": 38 }, "geometry": { "type": "Point", "coordinates": [ -64.463208, -31.2082384 ] } },
{ "type": "Feature", "properties": { "Name": "39.48", "P.K.": null, "Al.Dist. Izq.": null, "Al.Dist. Der.": null, "Ruta": 38 }, "geometry": { "type": "Point", "coordinates": [ -64.4633, -31.2081 ] } },
{ "type": "Feature", "properties": { "Name": "39.54", "P.K.": null, "Al.Dist. Izq.": null, "Al.Dist. Der.": null, "Ruta": 38 }, "geometry": { "type": "Point", "coordinates": [ -64.4634735, -31.2076362 ] } },
{ "type": "Feature", "properties": { "Name": "39.91", "P.K.": null, "Al.Dist. Izq.": null, "Al.Dist. Der.": null, "Ruta": 38 }, "geometry": { "type": "Point", "coordinates": [ -64.4637686, -31.2044921 ] } },
{ "type": "Feature", "properties": { "Name": "39.92", "P.K.": null, "Al.Dist. Izq.": null, "Al.Dist. Der.": null, "Ruta": 38 }, "geometry": { "type": "Point", "coordinates": [ -64.4638628, -31.2044978 ] } },
{ "type": "Feature", "properties": { "Name": "39.97", "P.K.": null, "Al.Dist. Izq.": null, "Al.Dist. Der.": null, "Ruta": 38 }, "geometry": { "type": "Point", "coordinates": [ -64.4638329, -31.204127 ] } },
{ "type": "Feature", "properties": { "Name": "39.99", "P.K.": null, "Al.Dist. Izq.": null, "Al.Dist. Der.": null, "Ruta": 38 }, "geometry": { "type": "Point", "coordinates": [ -64.463892, -31.2038988 ] } },
{ "type": "Feature", "properties": { "Name": "40", "P.K.": "PK40", "Al.Dist. Izq.": null, "Al.Dist. Der.": null, "Ruta": 38 }, "geometry": { "type": "Point", "coordinates": [ -64.4640116, -31.2038024 ] } },
{ "type": "Feature", "properties": { "Name": "40.03", "P.K.": null, "Al.Dist. Izq.": null, "Al.Dist. Der.": null, "Ruta": 38 }, "geometry": { "type": "Point", "coordinates": [ -64.463968, -31.2035815 ] } },
{ "type": "Feature", "properties": { "Name": "40.06", "P.K.": null, "Al.Dist. Izq.": null, "Al.Dist. Der.": null, "Ruta": 38 }, "geometry": { "type": "Point", "coordinates": [ -64.4640282, -31.2032751 ] } },
{ "type": "Feature", "properties": { "Name": "40.06", "P.K.": null, "Al.Dist. Izq.": null, "Al.Dist. Der.": null, "Ruta": 38 }, "geometry": { "type": "Point", "coordinates": [ -64.4640871, -31.2032831 ] } },
{ "type": "Feature", "properties": { "Name": "40.14", "P.K.": null, "Al.Dist. Izq.": null, "Al.Dist. Der.": null, "Ruta": 38 }, "geometry": { "type": "Point", "coordinates": [ -64.4641355, -31.2025996 ] } },
{ "type": "Feature", "properties": { "Name": "40.16", "P.K.": null, "Al.Dist. Izq.": null, "Al.Dist. Der.": null, "Ruta": 38 }, "geometry": { "type": "Point", "coordinates": [ -64.4642094, -31.2024296 ] } },
{ "type": "Feature", "properties": { "Name": "40.18", "P.K.": null, "Al.Dist. Izq.": null, "Al.Dist. Der.": null, "Ruta": 38 }, "geometry": { "type": "Point", "coordinates": [ -64.4642607, -31.2022037 ] } },
{ "type": "Feature", "properties": { "Name": "40.2", "P.K.": null, "Al.Dist. Izq.": null, "Al.Dist. Der.": null, "Ruta": 38 }, "geometry": { "type": "Point", "coordinates": [ -64.4643449, -31.202095 ] } },
{ "type": "Feature", "properties": { "Name": "40.22", "P.K.": null, "Al.Dist. Izq.": null, "Al.Dist. Der.": null, "Ruta": 38 }, "geometry": { "type": "Point", "coordinates": [ -64.4643838, -31.2018684 ] } },
{ "type": "Feature", "properties": { "Name": "40.24", "P.K.": null, "Al.Dist. Izq.": null, "Al.Dist. Der.": null, "Ruta": 38 }, "geometry": { "type": "Point", "coordinates": [ -64.4646, -31.2017 ] } },
{ "type": "Feature", "properties": { "Name": "40.26", "P.K.": null, "Al.Dist. Izq.": null, "Al.Dist. Der.": null, "Ruta": 38 }, "geometry": { "type": "Point", "coordinates": [ -64.4647047, -31.2016634 ] } },
{ "type": "Feature", "properties": { "Name": "40.27", "P.K.": null, "Al.Dist. Izq.": null, "Al.Dist. Der.": null, "Ruta": 38 }, "geometry": { "type": "Point", "coordinates": [ -64.4648676, -31.2015945 ] } },
{ "type": "Feature", "properties": { "Name": "40.28", "P.K.": null, "Al.Dist. Izq.": null, "Al.Dist. Der.": null, "Ruta": 38 }, "geometry": { "type": "Point", "coordinates": [ -64.4649018, -31.2015868 ] } },
{ "type": "Feature", "properties": { "Name": "40.3", "P.K.": null, "Al.Dist. Izq.": null, "Al.Dist. Der.": null, "Ruta": 38 }, "geometry": { "type": "Point", "coordinates": [ -64.4651828, -31.2016616 ] } },
{ "type": "Feature", "properties": { "Name": "40.35", "P.K.": null, "Al.Dist. Izq.": null, "Al.Dist. Der.": null, "Ruta": 38 }, "geometry": { "type": "Point", "coordinates": [ -64.46539, -31.2011366 ] } },
{ "type": "Feature", "properties": { "Name": "40.39", "P.K.": null, "Al.Dist. Izq.": null, "Al.Dist. Der.": null, "Ruta": 38 }, "geometry": { "type": "Point", "coordinates": [ -64.4653253, -31.2008108 ] } },
{ "type": "Feature", "properties": { "Name": "40.4", "P.K.": null, "Al.Dist. Izq.": null, "Al.Dist. Der.": null, "Ruta": 38 }, "geometry": { "type": "Point", "coordinates": [ -64.4651837, -31.200679 ] } },
{ "type": "Feature", "properties": { "Name": "40.41", "P.K.": null, "Al.Dist. Izq.": null, "Al.Dist. Der.": null, "Ruta": 38 }, "geometry": { "type": "Point", "coordinates": [ -64.4651401, -31.2005745 ] } },
{ "type": "Feature", "properties": { "Name": "40.51", "P.K.": null, "Al.Dist. Izq.": null, "Al.Dist. Der.": null, "Ruta": 38 }, "geometry": { "type": "Point", "coordinates": [ -64.464994, -31.199772 ] } },
{ "type": "Feature", "properties": { "Name": "40.53", "P.K.": null, "Al.Dist. Izq.": null, "Al.Dist. Der.": null, "Ruta": 38 }, "geometry": { "type": "Point", "coordinates": [ -64.4649029, -31.1995242 ] } },
{ "type": "Feature", "properties": { "Name": "40.59", "P.K.": null, "Al.Dist. Izq.": null, "Al.Dist. Der.": null, "Ruta": 38 }, "geometry": { "type": "Point", "coordinates": [ -64.4650406, -31.1990493 ] } },
{ "type": "Feature", "properties": { "Name": "40.62", "P.K.": null, "Al.Dist. Izq.": null, "Al.Dist. Der.": null, "Ruta": 38 }, "geometry": { "type": "Point", "coordinates": [ -64.4651181, -31.1987327 ] } },
{ "type": "Feature", "properties": { "Name": "40.72", "P.K.": null, "Al.Dist. Izq.": null, "Al.Dist. Der.": null, "Ruta": 38 }, "geometry": { "type": "Point", "coordinates": [ -64.4658077, -31.1980427 ] } },
{ "type": "Feature", "properties": { "Name": "40.74", "P.K.": null, "Al.Dist. Izq.": null, "Al.Dist. Der.": null, "Ruta": 38 }, "geometry": { "type": "Point", "coordinates": [ -64.4660917, -31.1979874 ] } },
{ "type": "Feature", "properties": { "Name": "40.77", "P.K.": null, "Al.Dist. Izq.": null, "Al.Dist. Der.": null, "Ruta": 38 }, "geometry": { "type": "Point", "coordinates": [ -64.4661252, -31.197671 ] } },
{ "type": "Feature", "properties": { "Name": "40.77", "P.K.": null, "Al.Dist. Izq.": null, "Al.Dist. Der.": null, "Ruta": 38 }, "geometry": { "type": "Point", "coordinates": [ -64.4662607, -31.1977772 ] } },
{ "type": "Feature", "properties": { "Name": "40.84", "P.K.": null, "Al.Dist. Izq.": null, "Al.Dist. Der.": null, "Ruta": 38 }, "geometry": { "type": "Point", "coordinates": [ -64.4665, -31.1972 ] } },
{ "type": "Feature", "properties": { "Name": "40.87", "P.K.": null, "Al.Dist. Izq.": null, "Al.Dist. Der.": null, "Ruta": 38 }, "geometry": { "type": "Point", "coordinates": [ -64.4668796, -31.1970929 ] } },
{ "type": "Feature", "properties": { "Name": "40.91", "P.K.": null, "Al.Dist. Izq.": null, "Al.Dist. Der.": null, "Ruta": 38 }, "geometry": { "type": "Point", "coordinates": [ -64.4672528, -31.1969813 ] } },
{ "type": "Feature", "properties": { "Name": "40.94", "P.K.": null, "Al.Dist. Izq.": null, "Al.Dist. Der.": null, "Ruta": 38 }, "geometry": { "type": "Point", "coordinates": [ -64.467532, -31.196796 ] } },
{ "type": "Feature", "properties": { "Name": "40.99", "P.K.": null, "Al.Dist. Izq.": null, "Al.Dist. Der.": null, "Ruta": 38 }, "geometry": { "type": "Point", "coordinates": [ -64.4680376, -31.1968236 ] } },
{ "type": "Feature", "properties": { "Name": "41", "P.K.": "PK41", "Al.Dist. Izq.": null, "Al.Dist. Der.": null, "Ruta": 38 }, "geometry": { "type": "Point", "coordinates": [ -64.4681563, -31.1967539 ] } },
{ "type": "Feature", "properties": { "Name": "41.02", "P.K.": null, "Al.Dist. Izq.": null, "Al.Dist. Der.": null, "Ruta": 38 }, "geometry": { "type": "Point", "coordinates": [ -64.4683484, -31.196747 ] } },
{ "type": "Feature", "properties": { "Name": "41.18", "P.K.": null, "Al.Dist. Izq.": null, "Al.Dist. Der.": null, "Ruta": 38 }, "geometry": { "type": "Point", "coordinates": [ -64.4698438, -31.1961952 ] } },
{ "type": "Feature", "properties": { "Name": "41.24", "P.K.": null, "Al.Dist. Izq.": null, "Al.Dist. Der.": null, "Ruta": 38 }, "geometry": { "type": "Point", "coordinates": [ -64.4704523, -31.1959047 ] } },
{ "type": "Feature", "properties": { "Name": "41.29", "P.K.": null, "Al.Dist. Izq.": null, "Al.Dist. Der.": null, "Ruta": 38 }, "geometry": { "type": "Point", "coordinates": [ -64.4709904, -31.1959055 ] } },
{ "type": "Feature", "properties": { "Name": "41.35", "P.K.": null, "Al.Dist. Izq.": null, "Al.Dist. Der.": null, "Ruta": 38 }, "geometry": { "type": "Point", "coordinates": [ -64.4715976, -31.1958508 ] } },
{ "type": "Feature", "properties": { "Name": "41.36", "P.K.": null, "Al.Dist. Izq.": null, "Al.Dist. Der.": null, "Ruta": 38 }, "geometry": { "type": "Point", "coordinates": [ -64.4717263, -31.1958396 ] } },
{ "type": "Feature", "properties": { "Name": "41.37", "P.K.": null, "Al.Dist. Izq.": null, "Al.Dist. Der.": null, "Ruta": 38 }, "geometry": { "type": "Point", "coordinates": [ -64.4718196, -31.1957409 ] } },
{ "type": "Feature", "properties": { "Name": "41.37", "P.K.": null, "Al.Dist. Izq.": null, "Al.Dist. Der.": null, "Ruta": 38 }, "geometry": { "type": "Point", "coordinates": [ -64.4718082, -31.1957556 ] } },
{ "type": "Feature", "properties": { "Name": "41.39", "P.K.": null, "Al.Dist. Izq.": null, "Al.Dist. Der.": null, "Ruta": 38 }, "geometry": { "type": "Point", "coordinates": [ -64.4719637, -31.1958006 ] } },
{ "type": "Feature", "properties": { "Name": "41.4", "P.K.": null, "Al.Dist. Izq.": null, "Al.Dist. Der.": null, "Ruta": 38 }, "geometry": { "type": "Point", "coordinates": [ -64.4720576, -31.1957569 ] } },
{ "type": "Feature", "properties": { "Name": "41.43", "P.K.": null, "Al.Dist. Izq.": null, "Al.Dist. Der.": null, "Ruta": 38 }, "geometry": { "type": "Point", "coordinates": [ -64.4724244, -31.1956669 ] } },
{ "type": "Feature", "properties": { "Name": "41.48", "P.K.": null, "Al.Dist. Izq.": null, "Al.Dist. Der.": null, "Ruta": 38 }, "geometry": { "type": "Point", "coordinates": [ -64.4729122, -31.1959804 ] } },
{ "type": "Feature", "properties": { "Name": "41.5", "P.K.": null, "Al.Dist. Izq.": null, "Al.Dist. Der.": null, "Ruta": 38 }, "geometry": { "type": "Point", "coordinates": [ -64.4732941, -31.1958493 ] } },
{ "type": "Feature", "properties": { "Name": "41.52", "P.K.": null, "Al.Dist. Izq.": null, "Al.Dist. Der.": null, "Ruta": 38 }, "geometry": { "type": "Point", "coordinates": [ -64.47351, -31.1959339 ] } },
{ "type": "Feature", "properties": { "Name": "41.55", "P.K.": null, "Al.Dist. Izq.": null, "Al.Dist. Der.": null, "Ruta": 38 }, "geometry": { "type": "Point", "coordinates": [ -64.473742, -31.1958106 ] } },
{ "type": "Feature", "properties": { "Name": "41.56", "P.K.": null, "Al.Dist. Izq.": null, "Al.Dist. Der.": null, "Ruta": 38 }, "geometry": { "type": "Point", "coordinates": [ -64.4738778, -31.1958095 ] } },
{ "type": "Feature", "properties": { "Name": "41.58", "P.K.": null, "Al.Dist. Izq.": null, "Al.Dist. Der.": null, "Ruta": 38 }, "geometry": { "type": "Point", "coordinates": [ -64.4739643, -31.1956377 ] } },
{ "type": "Feature", "properties": { "Name": "41.66", "P.K.": null, "Al.Dist. Izq.": null, "Al.Dist. Der.": null, "Ruta": 38 }, "geometry": { "type": "Point", "coordinates": [ -64.4746389, -31.1951484 ] } },
{ "type": "Feature", "properties": { "Name": "41.75", "P.K.": null, "Al.Dist. Izq.": null, "Al.Dist. Der.": null, "Ruta": 38 }, "geometry": { "type": "Point", "coordinates": [ -64.4753792, -31.1947016 ] } },
{ "type": "Feature", "properties": { "Name": "41.76", "P.K.": null, "Al.Dist. Izq.": null, "Al.Dist. Der.": null, "Ruta": 38 }, "geometry": { "type": "Point", "coordinates": [ -64.4752136, -31.1944632 ] } },
{ "type": "Feature", "properties": { "Name": "41.79", "P.K.": null, "Al.Dist. Izq.": null, "Al.Dist. Der.": null, "Ruta": 38 }, "geometry": { "type": "Point", "coordinates": [ -64.4756846, -31.1943597 ] } },
{ "type": "Feature", "properties": { "Name": "41.81", "P.K.": null, "Al.Dist. Izq.": null, "Al.Dist. Der.": null, "Ruta": 38 }, "geometry": { "type": "Point", "coordinates": [ -64.47558, -31.1941813 ] } },
{ "type": "Feature", "properties": { "Name": "41.82", "P.K.": null, "Al.Dist. Izq.": null, "Al.Dist. Der.": null, "Ruta": 38 }, "geometry": { "type": "Point", "coordinates": [ -64.4755951, -31.1940276 ] } },
{ "type": "Feature", "properties": { "Name": "41.84", "P.K.": null, "Al.Dist. Izq.": null, "Al.Dist. Der.": null, "Ruta": 38 }, "geometry": { "type": "Point", "coordinates": [ -64.4757356, -31.1938673 ] } },
{ "type": "Feature", "properties": { "Name": "41.85", "P.K.": null, "Al.Dist. Izq.": null, "Al.Dist. Der.": null, "Ruta": 38 }, "geometry": { "type": "Point", "coordinates": [ -64.475685, -31.1937746 ] } },
{ "type": "Feature", "properties": { "Name": "41.88", "P.K.": null, "Al.Dist. Izq.": null, "Al.Dist. Der.": null, "Ruta": 38 }, "geometry": { "type": "Point", "coordinates": [ -64.4758472, -31.1935971 ] } },
{ "type": "Feature", "properties": { "Name": "41.93", "P.K.": null, "Al.Dist. Izq.": null, "Al.Dist. Der.": null, "Ruta": 38 }, "geometry": { "type": "Point", "coordinates": [ -64.4760186, -31.1931531 ] } },
{ "type": "Feature", "properties": { "Name": "41.96", "P.K.": null, "Al.Dist. Izq.": null, "Al.Dist. Der.": null, "Ruta": 38 }, "geometry": { "type": "Point", "coordinates": [ -64.4759284, -31.1928669 ] } },
{ "type": "Feature", "properties": { "Name": "41.97", "P.K.": null, "Al.Dist. Izq.": null, "Al.Dist. Der.": null, "Ruta": 38 }, "geometry": { "type": "Point", "coordinates": [ -64.4762184, -31.1928563 ] } },
{ "type": "Feature", "properties": { "Name": "42", "P.K.": "PK42", "Al.Dist. Izq.": null, "Al.Dist. Der.": null, "Ruta": 38 }, "geometry": { "type": "Point", "coordinates": [ -64.4762817, -31.1925999 ] } },
{ "type": "Feature", "properties": { "Name": "42.03", "P.K.": null, "Al.Dist. Izq.": null, "Al.Dist. Der.": null, "Ruta": 38 }, "geometry": { "type": "Point", "coordinates": [ -64.476147, -31.1922807 ] } },
{ "type": "Feature", "properties": { "Name": "42.05", "P.K.": null, "Al.Dist. Izq.": null, "Al.Dist. Der.": null, "Ruta": 38 }, "geometry": { "type": "Point", "coordinates": [ -64.4761151, -31.1920935 ] } },
{ "type": "Feature", "properties": { "Name": "42.1", "P.K.": null, "Al.Dist. Izq.": null, "Al.Dist. Der.": null, "Ruta": 38 }, "geometry": { "type": "Point", "coordinates": [ -64.4764605, -31.1917887 ] } },
{ "type": "Feature", "properties": { "Name": "42.18", "P.K.": null, "Al.Dist. Izq.": null, "Al.Dist. Der.": null, "Ruta": 38 }, "geometry": { "type": "Point", "coordinates": [ -64.4769, -31.1912 ] } },
{ "type": "Feature", "properties": { "Name": "42.19", "P.K.": null, "Al.Dist. Izq.": null, "Al.Dist. Der.": null, "Ruta": 38 }, "geometry": { "type": "Point", "coordinates": [ -64.4768772, -31.1910307 ] } },
{ "type": "Feature", "properties": { "Name": "42.23", "P.K.": null, "Al.Dist. Izq.": null, "Al.Dist. Der.": null, "Ruta": 38 }, "geometry": { "type": "Point", "coordinates": [ -64.4769999, -31.1908119 ] } },
{ "type": "Feature", "properties": { "Name": "42.24", "P.K.": null, "Al.Dist. Izq.": null, "Al.Dist. Der.": null, "Ruta": 38 }, "geometry": { "type": "Point", "coordinates": [ -64.4769603, -31.1906777 ] } },
{ "type": "Feature", "properties": { "Name": "42.25", "P.K.": null, "Al.Dist. Izq.": null, "Al.Dist. Der.": null, "Ruta": 38 }, "geometry": { "type": "Point", "coordinates": [ -64.4768571, -31.1906063 ] } },
{ "type": "Feature", "properties": { "Name": "42.29", "P.K.": null, "Al.Dist. Izq.": null, "Al.Dist. Der.": null, "Ruta": 38 }, "geometry": { "type": "Point", "coordinates": [ -64.477251, -31.1903768 ] } },
{ "type": "Feature", "properties": { "Name": "42.39", "P.K.": null, "Al.Dist. Izq.": null, "Al.Dist. Der.": null, "Ruta": 38 }, "geometry": { "type": "Point", "coordinates": [ -64.4778679, -31.1897315 ] } },
{ "type": "Feature", "properties": { "Name": "42.43", "P.K.": null, "Al.Dist. Izq.": null, "Al.Dist. Der.": null, "Ruta": 38 }, "geometry": { "type": "Point", "coordinates": [ -64.4781714, -31.1894943 ] } },
{ "type": "Feature", "properties": { "Name": "42.43", "P.K.": null, "Al.Dist. Izq.": null, "Al.Dist. Der.": null, "Ruta": 38 }, "geometry": { "type": "Point", "coordinates": [ -64.4781905, -31.1895149 ] } },
{ "type": "Feature", "properties": { "Name": "42.44", "P.K.": null, "Al.Dist. Izq.": null, "Al.Dist. Der.": null, "Ruta": 38 }, "geometry": { "type": "Point", "coordinates": [ -64.4781566, -31.1893718 ] } },
{ "type": "Feature", "properties": { "Name": "42.45", "P.K.": null, "Al.Dist. Izq.": null, "Al.Dist. Der.": null, "Ruta": 38 }, "geometry": { "type": "Point", "coordinates": [ -64.4782498, -31.1892993 ] } },
{ "type": "Feature", "properties": { "Name": "42.48", "P.K.": null, "Al.Dist. Izq.": null, "Al.Dist. Der.": null, "Ruta": 38 }, "geometry": { "type": "Point", "coordinates": [ -64.4785489, -31.1891409 ] } },
{ "type": "Feature", "properties": { "Name": "42.49", "P.K.": null, "Al.Dist. Izq.": null, "Al.Dist. Der.": null, "Ruta": 38 }, "geometry": { "type": "Point", "coordinates": [ -64.4784721, -31.1890225 ] } },
{ "type": "Feature", "properties": { "Name": "42.66", "P.K.": null, "Al.Dist. Izq.": null, "Al.Dist. Der.": null, "Ruta": 38 }, "geometry": { "type": "Point", "coordinates": [ -64.4796391, -31.1881159 ] } },
{ "type": "Feature", "properties": { "Name": "42.73", "P.K.": null, "Al.Dist. Izq.": null, "Al.Dist. Der.": null, "Ruta": 38 }, "geometry": { "type": "Point", "coordinates": [ -64.4802906, -31.1878247 ] } },
{ "type": "Feature", "properties": { "Name": "42.8", "P.K.": null, "Al.Dist. Izq.": null, "Al.Dist. Der.": null, "Ruta": 38 }, "geometry": { "type": "Point", "coordinates": [ -64.4806859, -31.187304 ] } },
{ "type": "Feature", "properties": { "Name": "42.97", "P.K.": null, "Al.Dist. Izq.": null, "Al.Dist. Der.": null, "Ruta": 38 }, "geometry": { "type": "Point", "coordinates": [ -64.4820156, -31.1863941 ] } },
{ "type": "Feature", "properties": { "Name": "43", "P.K.": "PK43", "Al.Dist. Izq.": null, "Al.Dist. Der.": null, "Ruta": 38 }, "geometry": { "type": "Point", "coordinates": [ -64.4820885, -31.1861345 ] } },
{ "type": "Feature", "properties": { "Name": "43.03", "P.K.": null, "Al.Dist. Izq.": null, "Al.Dist. Der.": null, "Ruta": 38 }, "geometry": { "type": "Point", "coordinates": [ -64.4822651, -31.1859065 ] } },
{ "type": "Feature", "properties": { "Name": "43.09", "P.K.": null, "Al.Dist. Izq.": null, "Al.Dist. Der.": null, "Ruta": 38 }, "geometry": { "type": "Point", "coordinates": [ -64.4827388, -31.1855669 ] } },
{ "type": "Feature", "properties": { "Name": "43.13", "P.K.": null, "Al.Dist. Izq.": null, "Al.Dist. Der.": null, "Ruta": 38 }, "geometry": { "type": "Point", "coordinates": [ -64.4828394, -31.1852164 ] } },
{ "type": "Feature", "properties": { "Name": "43.15", "P.K.": null, "Al.Dist. Izq.": null, "Al.Dist. Der.": null, "Ruta": 38 }, "geometry": { "type": "Point", "coordinates": [ -64.4834815, -31.1851653 ] } },
{ "type": "Feature", "properties": { "Name": "43.27", "P.K.": null, "Al.Dist. Izq.": null, "Al.Dist. Der.": null, "Ruta": 38 }, "geometry": { "type": "Point", "coordinates": [ -64.4829534, -31.1840346 ] } },
{ "type": "Feature", "properties": { "Name": "43.34", "P.K.": null, "Al.Dist. Izq.": null, "Al.Dist. Der.": null, "Ruta": 38 }, "geometry": { "type": "Point", "coordinates": [ -64.4824823, -31.1836451 ] } },
{ "type": "Feature", "properties": { "Name": "43.37", "P.K.": null, "Al.Dist. Izq.": null, "Al.Dist. Der.": null, "Ruta": 38 }, "geometry": { "type": "Point", "coordinates": [ -64.4821892, -31.1834764 ] } },
{ "type": "Feature", "properties": { "Name": "43.37", "P.K.": null, "Al.Dist. Izq.": null, "Al.Dist. Der.": null, "Ruta": 38 }, "geometry": { "type": "Point", "coordinates": [ -64.4822406, -31.1834216 ] } },
{ "type": "Feature", "properties": { "Name": "43.42", "P.K.": null, "Al.Dist. Izq.": null, "Al.Dist. Der.": null, "Ruta": 38 }, "geometry": { "type": "Point", "coordinates": [ -64.4818721, -31.1830958 ] } },
{ "type": "Feature", "properties": { "Name": "43.44", "P.K.": null, "Al.Dist. Izq.": null, "Al.Dist. Der.": null, "Ruta": 38 }, "geometry": { "type": "Point", "coordinates": [ -64.4816284, -31.1830978 ] } },
{ "type": "Feature", "properties": { "Name": "43.55", "P.K.": null, "Al.Dist. Izq.": null, "Al.Dist. Der.": null, "Ruta": 38 }, "geometry": { "type": "Point", "coordinates": [ -64.480867, -31.1824008 ] } },
{ "type": "Feature", "properties": { "Name": "43.59", "P.K.": null, "Al.Dist. Izq.": null, "Al.Dist. Der.": null, "Ruta": 38 }, "geometry": { "type": "Point", "coordinates": [ -64.4806387, -31.1821298 ] } },
{ "type": "Feature", "properties": { "Name": "43.61", "P.K.": null, "Al.Dist. Izq.": null, "Al.Dist. Der.": null, "Ruta": 38 }, "geometry": { "type": "Point", "coordinates": [ -64.4804362, -31.1820609 ] } },
{ "type": "Feature", "properties": { "Name": "43.63", "P.K.": null, "Al.Dist. Izq.": null, "Al.Dist. Der.": null, "Ruta": 38 }, "geometry": { "type": "Point", "coordinates": [ -64.4803651, -31.1819275 ] } },
{ "type": "Feature", "properties": { "Name": "43.66", "P.K.": null, "Al.Dist. Izq.": null, "Al.Dist. Der.": null, "Ruta": 38 }, "geometry": { "type": "Point", "coordinates": [ -64.4801964, -31.1816427 ] } },
{ "type": "Feature", "properties": { "Name": "43.84", "P.K.": null, "Al.Dist. Izq.": null, "Al.Dist. Der.": null, "Ruta": 38 }, "geometry": { "type": "Point", "coordinates": [ -64.4797049, -31.1802251 ] } },
{ "type": "Feature", "properties": { "Name": "43.98", "P.K.": null, "Al.Dist. Izq.": null, "Al.Dist. Der.": null, "Ruta": 38 }, "geometry": { "type": "Point", "coordinates": [ -64.4795031, -31.1790714 ] } },
{ "type": "Feature", "properties": { "Name": "44", "P.K.": "PK44", "Al.Dist. Izq.": null, "Al.Dist. Der.": null, "Ruta": 38 }, "geometry": { "type": "Point", "coordinates": [ -64.4796814, -31.1788887 ] } },
{ "type": "Feature", "properties": { "Name": "44.01", "P.K.": null, "Al.Dist. Izq.": null, "Al.Dist. Der.": null, "Ruta": 38 }, "geometry": { "type": "Point", "coordinates": [ -64.4795052, -31.1787875 ] } },
{ "type": "Feature", "properties": { "Name": "44.05", "P.K.": null, "Al.Dist. Izq.": null, "Al.Dist. Der.": null, "Ruta": 38 }, "geometry": { "type": "Point", "coordinates": [ -64.4794303, -31.1784192 ] } },
{ "type": "Feature", "properties": { "Name": "44.08", "P.K.": null, "Al.Dist. Izq.": null, "Al.Dist. Der.": null, "Ruta": 38 }, "geometry": { "type": "Point", "coordinates": [ -64.4793344, -31.1781383 ] } },
{ "type": "Feature", "properties": { "Name": "44.1", "P.K.": null, "Al.Dist. Izq.": null, "Al.Dist. Der.": null, "Ruta": 38 }, "geometry": { "type": "Point", "coordinates": [ -64.4792677, -31.178046 ] } },
{ "type": "Feature", "properties": { "Name": "44.14", "P.K.": null, "Al.Dist. Izq.": null, "Al.Dist. Der.": null, "Ruta": 38 }, "geometry": { "type": "Point", "coordinates": [ -64.4791691, -31.1776008 ] } },
{ "type": "Feature", "properties": { "Name": "44.16", "P.K.": null, "Al.Dist. Izq.": null, "Al.Dist. Der.": null, "Ruta": 38 }, "geometry": { "type": "Point", "coordinates": [ -64.4791296, -31.1774536 ] } },
{ "type": "Feature", "properties": { "Name": "44.18", "P.K.": null, "Al.Dist. Izq.": null, "Al.Dist. Der.": null, "Ruta": 38 }, "geometry": { "type": "Point", "coordinates": [ -64.4789857, -31.1774614 ] } },
{ "type": "Feature", "properties": { "Name": "44.41", "P.K.": null, "Al.Dist. Izq.": null, "Al.Dist. Der.": null, "Ruta": 38 }, "geometry": { "type": "Point", "coordinates": [ -64.4777653, -31.1757521 ] } },
{ "type": "Feature", "properties": { "Name": "44.56", "P.K.": null, "Al.Dist. Izq.": null, "Al.Dist. Der.": null, "Ruta": 38 }, "geometry": { "type": "Point", "coordinates": [ -64.4780067, -31.1745647 ] } },
{ "type": "Feature", "properties": { "Name": "44.6", "P.K.": null, "Al.Dist. Izq.": null, "Al.Dist. Der.": null, "Ruta": 38 }, "geometry": { "type": "Point", "coordinates": [ -64.4778614, -31.1741115 ] } },
{ "type": "Feature", "properties": { "Name": "44.84", "P.K.": null, "Al.Dist. Izq.": null, "Al.Dist. Der.": null, "Ruta": 38 }, "geometry": { "type": "Point", "coordinates": [ -64.4771807, -31.1721276 ] } },
{ "type": "Feature", "properties": { "Name": "44.9", "P.K.": null, "Al.Dist. Izq.": null, "Al.Dist. Der.": null, "Ruta": 38 }, "geometry": { "type": "Point", "coordinates": [ -64.4769884, -31.1716772 ] } },
{ "type": "Feature", "properties": { "Name": "44.91", "P.K.": null, "Al.Dist. Izq.": null, "Al.Dist. Der.": null, "Ruta": 38 }, "geometry": { "type": "Point", "coordinates": [ -64.4769754, -31.1715354 ] } },
{ "type": "Feature", "properties": { "Name": "45", "P.K.": "PK45", "Al.Dist. Izq.": null, "Al.Dist. Der.": null, "Ruta": 38 }, "geometry": { "type": "Point", "coordinates": [ -64.4767164, -31.1707417 ] } },
{ "type": "Feature", "properties": { "Name": "45.21", "P.K.": null, "Al.Dist. Izq.": null, "Al.Dist. Der.": null, "Ruta": 38 }, "geometry": { "type": "Point", "coordinates": [ -64.4762276, -31.1689797 ] } },
{ "type": "Feature", "properties": { "Name": "45.38", "P.K.": null, "Al.Dist. Izq.": null, "Al.Dist. Der.": null, "Ruta": 38 }, "geometry": { "type": "Point", "coordinates": [ -64.4757, -31.1674 ] } },
{ "type": "Feature", "properties": { "Name": "45.41", "P.K.": null, "Al.Dist. Izq.": null, "Al.Dist. Der.": null, "Ruta": 38 }, "geometry": { "type": "Point", "coordinates": [ -64.4757671, -31.1672125 ] } },
{ "type": "Feature", "properties": { "Name": "45.44", "P.K.": null, "Al.Dist. Izq.": null, "Al.Dist. Der.": null, "Ruta": 38 }, "geometry": { "type": "Point", "coordinates": [ -64.4756222, -31.1669659 ] } },
{ "type": "Feature", "properties": { "Name": "45.7", "P.K.": null, "Al.Dist. Izq.": null, "Al.Dist. Der.": null, "Ruta": 38 }, "geometry": { "type": "Point", "coordinates": [ -64.475003, -31.1646308 ] } },
{ "type": "Feature", "properties": { "Name": "45.75", "P.K.": null, "Al.Dist. Izq.": null, "Al.Dist. Der.": null, "Ruta": 38 }, "geometry": { "type": "Point", "coordinates": [ -64.4748, -31.1643 ] } },
{ "type": "Feature", "properties": { "Name": "46", "P.K.": "PK46", "Al.Dist. Izq.": null, "Al.Dist. Der.": null, "Ruta": 38 }, "geometry": { "type": "Point", "coordinates": [ -64.4741444, -31.1620355 ] } },
{ "type": "Feature", "properties": { "Name": "46.08", "P.K.": null, "Al.Dist. Izq.": null, "Al.Dist. Der.": null, "Ruta": 38 }, "geometry": { "type": "Point", "coordinates": [ -64.4738634, -31.1613971 ] } },
{ "type": "Feature", "properties": { "Name": "46.13", "P.K.": null, "Al.Dist. Izq.": null, "Al.Dist. Der.": null, "Ruta": 38 }, "geometry": { "type": "Point", "coordinates": [ -64.4738684, -31.1608647 ] } },
{ "type": "Feature", "properties": { "Name": "46.14", "P.K.": null, "Al.Dist. Izq.": null, "Al.Dist. Der.": null, "Ruta": 38 }, "geometry": { "type": "Point", "coordinates": [ -64.4736717, -31.160836 ] } },
{ "type": "Feature", "properties": { "Name": "46.16", "P.K.": null, "Al.Dist. Izq.": null, "Al.Dist. Der.": null, "Ruta": 38 }, "geometry": { "type": "Point", "coordinates": [ -64.4737115, -31.1606145 ] } },
{ "type": "Feature", "properties": { "Name": "46.29", "P.K.": null, "Al.Dist. Izq.": null, "Al.Dist. Der.": null, "Ruta": 38 }, "geometry": { "type": "Point", "coordinates": [ -64.4735382, -31.1596052 ] } },
{ "type": "Feature", "properties": { "Name": "46.34", "P.K.": null, "Al.Dist. Izq.": null, "Al.Dist. Der.": null, "Ruta": 38 }, "geometry": { "type": "Point", "coordinates": [ -64.4733585, -31.1591536 ] } },
{ "type": "Feature", "properties": { "Name": "46.36", "P.K.": null, "Al.Dist. Izq.": null, "Al.Dist. Der.": null, "Ruta": 38 }, "geometry": { "type": "Point", "coordinates": [ -64.4730996, -31.1589992 ] } },
{ "type": "Feature", "properties": { "Name": "46.36", "P.K.": null, "Al.Dist. Izq.": null, "Al.Dist. Der.": null, "Ruta": 38 }, "geometry": { "type": "Point", "coordinates": [ -64.4731248, -31.1590503 ] } },
{ "type": "Feature", "properties": { "Name": "46.36", "P.K.": null, "Al.Dist. Izq.": null, "Al.Dist. Der.": null, "Ruta": 38 }, "geometry": { "type": "Point", "coordinates": [ -64.4731375, -31.1590252 ] } },
{ "type": "Feature", "properties": { "Name": "46.4", "P.K.": null, "Al.Dist. Izq.": null, "Al.Dist. Der.": null, "Ruta": 38 }, "geometry": { "type": "Point", "coordinates": [ -64.472997, -31.1586489 ] } },
{ "type": "Feature", "properties": { "Name": "46.4", "P.K.": null, "Al.Dist. Izq.": null, "Al.Dist. Der.": 15, "Ruta": 38 }, "geometry": { "type": "Point", "coordinates": [ -64.472997, -31.1586489 ] } },
{ "type": "Feature", "properties": { "Name": "46.46", "P.K.": null, "Al.Dist. Izq.": null, "Al.Dist. Der.": 15, "Ruta": 38 }, "geometry": { "type": "Point", "coordinates": [ -64.4729417, -31.1581236 ] } },
{ "type": "Feature", "properties": { "Name": "46.48", "P.K.": null, "Al.Dist. Izq.": null, "Al.Dist. Der.": 15, "Ruta": 38 }, "geometry": { "type": "Point", "coordinates": [ -64.4728252, -31.1579735 ] } },
{ "type": "Feature", "properties": { "Name": "46.54", "P.K.": null, "Al.Dist. Izq.": null, "Al.Dist. Der.": 15, "Ruta": 38 }, "geometry": { "type": "Point", "coordinates": [ -64.4727748, -31.157404 ] } },
{ "type": "Feature", "properties": { "Name": "46.58", "P.K.": null, "Al.Dist. Izq.": null, "Al.Dist. Der.": 15, "Ruta": 38 }, "geometry": { "type": "Point", "coordinates": [ -64.4728941, -31.1570368 ] } },
{ "type": "Feature", "properties": { "Name": "46.62", "P.K.": null, "Al.Dist. Izq.": null, "Al.Dist. Der.": 15, "Ruta": 38 }, "geometry": { "type": "Point", "coordinates": [ -64.4727764, -31.1566999 ] } },
{ "type": "Feature", "properties": { "Name": "46.65", "P.K.": null, "Al.Dist. Izq.": null, "Al.Dist. Der.": 15, "Ruta": 38 }, "geometry": { "type": "Point", "coordinates": [ -64.4728378, -31.1563843 ] } },
{ "type": "Feature", "properties": { "Name": "46.68", "P.K.": null, "Al.Dist. Izq.": null, "Al.Dist. Der.": 15, "Ruta": 38 }, "geometry": { "type": "Point", "coordinates": [ -64.4728602, -31.1561158 ] } },
{ "type": "Feature", "properties": { "Name": "46.71", "P.K.": null, "Al.Dist. Izq.": null, "Al.Dist. Der.": 15, "Ruta": 38 }, "geometry": { "type": "Point", "coordinates": [ -64.472868, -31.1558719 ] } },
{ "type": "Feature", "properties": { "Name": "46.73", "P.K.": null, "Al.Dist. Izq.": null, "Al.Dist. Der.": 15, "Ruta": 38 }, "geometry": { "type": "Point", "coordinates": [ -64.4729166, -31.1556994 ] } },
{ "type": "Feature", "properties": { "Name": "46.76", "P.K.": null, "Al.Dist. Izq.": null, "Al.Dist. Der.": 15, "Ruta": 38 }, "geometry": { "type": "Point", "coordinates": [ -64.472895, -31.1555183 ] } },
{ "type": "Feature", "properties": { "Name": "46.8", "P.K.": null, "Al.Dist. Izq.": null, "Al.Dist. Der.": 15, "Ruta": 38 }, "geometry": { "type": "Point", "coordinates": [ -64.4728401, -31.1551572 ] } },
{ "type": "Feature", "properties": { "Name": "46.82", "P.K.": null, "Al.Dist. Izq.": null, "Al.Dist. Der.": 15, "Ruta": 38 }, "geometry": { "type": "Point", "coordinates": [ -64.4729, -31.155 ] } },
{ "type": "Feature", "properties": { "Name": "46.83", "P.K.": null, "Al.Dist. Izq.": null, "Al.Dist. Der.": 15, "Ruta": 38 }, "geometry": { "type": "Point", "coordinates": [ -64.4726584, -31.1549615 ] } },
{ "type": "Feature", "properties": { "Name": "46.86", "P.K.": null, "Al.Dist. Izq.": null, "Al.Dist. Der.": 15, "Ruta": 38 }, "geometry": { "type": "Point", "coordinates": [ -64.4727449, -31.1546034 ] } },
{ "type": "Feature", "properties": { "Name": "46.92", "P.K.": null, "Al.Dist. Izq.": null, "Al.Dist. Der.": 15, "Ruta": 38 }, "geometry": { "type": "Point", "coordinates": [ -64.4728512, -31.1541019 ] } },
{ "type": "Feature", "properties": { "Name": "46.92", "P.K.": null, "Al.Dist. Izq.": null, "Al.Dist. Der.": 15, "Ruta": 38 }, "geometry": { "type": "Point", "coordinates": [ -64.4728512, -31.1541019 ] } },
{ "type": "Feature", "properties": { "Name": "46.93", "P.K.": null, "Al.Dist. Izq.": null, "Al.Dist. Der.": 15, "Ruta": 38 }, "geometry": { "type": "Point", "coordinates": [ -64.4728609, -31.1540548 ] } },
{ "type": "Feature", "properties": { "Name": "46.93", "P.K.": null, "Al.Dist. Izq.": null, "Al.Dist. Der.": 15, "Ruta": 38 }, "geometry": { "type": "Point", "coordinates": [ -64.4728609, -31.1540548 ] } },
{ "type": "Feature", "properties": { "Name": "46.95", "P.K.": null, "Al.Dist. Izq.": null, "Al.Dist. Der.": 15, "Ruta": 38 }, "geometry": { "type": "Point", "coordinates": [ -64.4728, -31.1539 ] } },
{ "type": "Feature", "properties": { "Name": "46.99", "P.K.": null, "Al.Dist. Izq.": null, "Al.Dist. Der.": 15, "Ruta": 38 }, "geometry": { "type": "Point", "coordinates": [ -64.4729729, -31.1534522 ] } },
{ "type": "Feature", "properties": { "Name": "47", "P.K.": "PK47", "Al.Dist. Izq.": null, "Al.Dist. Der.": 15, "Ruta": 38 }, "geometry": { "type": "Point", "coordinates": [ -64.4730064, -31.1533714 ] } },
{ "type": "Feature", "properties": { "Name": "47.02", "P.K.": null, "Al.Dist. Izq.": null, "Al.Dist. Der.": 15, "Ruta": 38 }, "geometry": { "type": "Point", "coordinates": [ -64.4732031, -31.1532987 ] } },
{ "type": "Feature", "properties": { "Name": "47.04", "P.K.": null, "Al.Dist. Izq.": null, "Al.Dist. Der.": 15, "Ruta": 38 }, "geometry": { "type": "Point", "coordinates": [ -64.4733471, -31.1532156 ] } },
{ "type": "Feature", "properties": { "Name": "47.04", "P.K.": null, "Al.Dist. Izq.": null, "Al.Dist. Der.": 15, "Ruta": 38 }, "geometry": { "type": "Point", "coordinates": [ -64.4733471, -31.1532156 ] } },
{ "type": "Feature", "properties": { "Name": "47.07", "P.K.": null, "Al.Dist. Izq.": null, "Al.Dist. Der.": 15, "Ruta": 38 }, "geometry": { "type": "Point", "coordinates": [ -64.4735091, -31.1529599 ] } },
{ "type": "Feature", "properties": { "Name": "47.08", "P.K.": null, "Al.Dist. Izq.": null, "Al.Dist. Der.": 15, "Ruta": 38 }, "geometry": { "type": "Point", "coordinates": [ -64.4735534, -31.152828 ] } },
{ "type": "Feature", "properties": { "Name": "47.16", "P.K.": null, "Al.Dist. Izq.": null, "Al.Dist. Der.": 15, "Ruta": 38 }, "geometry": { "type": "Point", "coordinates": [ -64.4740216, -31.1522397 ] } },
{ "type": "Feature", "properties": { "Name": "47.2", "P.K.": null, "Al.Dist. Izq.": null, "Al.Dist. Der.": 15, "Ruta": 38 }, "geometry": { "type": "Point", "coordinates": [ -64.474141, -31.151877 ] } },
{ "type": "Feature", "properties": { "Name": "47.22", "P.K.": null, "Al.Dist. Izq.": null, "Al.Dist. Der.": 15, "Ruta": 38 }, "geometry": { "type": "Point", "coordinates": [ -64.4739934, -31.15161 ] } },
{ "type": "Feature", "properties": { "Name": "47.25", "P.K.": null, "Al.Dist. Izq.": null, "Al.Dist. Der.": 15, "Ruta": 38 }, "geometry": { "type": "Point", "coordinates": [ -64.474258, -31.1514209 ] } },
{ "type": "Feature", "properties": { "Name": "47.25", "P.K.": null, "Al.Dist. Izq.": null, "Al.Dist. Der.": 15, "Ruta": 38 }, "geometry": { "type": "Point", "coordinates": [ -64.4742363, -31.1514284 ] } },
{ "type": "Feature", "properties": { "Name": "47.34", "P.K.": null, "Al.Dist. Izq.": null, "Al.Dist. Der.": 15, "Ruta": 38 }, "geometry": { "type": "Point", "coordinates": [ -64.4746, -31.1506 ] } },
{ "type": "Feature", "properties": { "Name": "47.37", "P.K.": null, "Al.Dist. Izq.": null, "Al.Dist. Der.": 15, "Ruta": 38 }, "geometry": { "type": "Point", "coordinates": [ -64.4748, -31.1503 ] } },
{ "type": "Feature", "properties": { "Name": "47.38", "P.K.": null, "Al.Dist. Izq.": null, "Al.Dist. Der.": 15, "Ruta": 38 }, "geometry": { "type": "Point", "coordinates": [ -64.4747217, -31.150239 ] } },
{ "type": "Feature", "properties": { "Name": "47.57", "P.K.": null, "Al.Dist. Izq.": null, "Al.Dist. Der.": 15, "Ruta": 38 }, "geometry": { "type": "Point", "coordinates": [ -64.4757193, -31.1487707 ] } },
{ "type": "Feature", "properties": { "Name": "47.68", "P.K.": null, "Al.Dist. Izq.": null, "Al.Dist. Der.": 15, "Ruta": 38 }, "geometry": { "type": "Point", "coordinates": [ -64.476391, -31.1479406 ] } },
{ "type": "Feature", "properties": { "Name": "47.7", "P.K.": null, "Al.Dist. Izq.": null, "Al.Dist. Der.": 15, "Ruta": 38 }, "geometry": { "type": "Point", "coordinates": [ -64.4763717, -31.1477684 ] } },
{ "type": "Feature", "properties": { "Name": "47.72", "P.K.": null, "Al.Dist. Izq.": null, "Al.Dist. Der.": 15, "Ruta": 38 }, "geometry": { "type": "Point", "coordinates": [ -64.4764702, -31.1476144 ] } },
{ "type": "Feature", "properties": { "Name": "47.73", "P.K.": null, "Al.Dist. Izq.": null, "Al.Dist. Der.": 15, "Ruta": 38 }, "geometry": { "type": "Point", "coordinates": [ -64.4766036, -31.1475799 ] } },
{ "type": "Feature", "properties": { "Name": "47.73", "P.K.": null, "Al.Dist. Izq.": null, "Al.Dist. Der.": 15, "Ruta": 38 }, "geometry": { "type": "Point", "coordinates": [ -64.4765349, -31.1474712 ] } },
{ "type": "Feature", "properties": { "Name": "47.82", "P.K.": null, "Al.Dist. Izq.": null, "Al.Dist. Der.": 15, "Ruta": 38 }, "geometry": { "type": "Point", "coordinates": [ -64.4771729, -31.1467271 ] } },
{ "type": "Feature", "properties": { "Name": "47.84", "P.K.": null, "Al.Dist. Izq.": null, "Al.Dist. Der.": 15, "Ruta": 38 }, "geometry": { "type": "Point", "coordinates": [ -64.4772259, -31.1465661 ] } },
{ "type": "Feature", "properties": { "Name": "47.85", "P.K.": null, "Al.Dist. Izq.": null, "Al.Dist. Der.": 15, "Ruta": 38 }, "geometry": { "type": "Point", "coordinates": [ -64.4771887, -31.1464476 ] } },
{ "type": "Feature", "properties": { "Name": "48", "P.K.": "PK48", "Al.Dist. Izq.": null, "Al.Dist. Der.": 15, "Ruta": 38 }, "geometry": { "type": "Point", "coordinates": [ -64.4779014, -31.1452824 ] } },
{ "type": "Feature", "properties": { "Name": "48.09", "P.K.": null, "Al.Dist. Izq.": null, "Al.Dist. Der.": 15, "Ruta": 38 }, "geometry": { "type": "Point", "coordinates": [ -64.478228, -31.144498 ] } },
{ "type": "Feature", "properties": { "Name": "48.11", "P.K.": null, "Al.Dist. Izq.": null, "Al.Dist. Der.": 15, "Ruta": 38 }, "geometry": { "type": "Point", "coordinates": [ -64.4782373, -31.1442983 ] } },
{ "type": "Feature", "properties": { "Name": "48.19", "P.K.": null, "Al.Dist. Izq.": null, "Al.Dist. Der.": 15, "Ruta": 38 }, "geometry": { "type": "Point", "coordinates": [ -64.4786036, -31.1436343 ] } },
{ "type": "Feature", "properties": { "Name": "48.28", "P.K.": null, "Al.Dist. Izq.": null, "Al.Dist. Der.": null, "Ruta": 38 }, "geometry": { "type": "Point", "coordinates": [ -64.4791655, -31.1429986 ] } },
{ "type": "Feature", "properties": { "Name": "48.47", "P.K.": null, "Al.Dist. Izq.": null, "Al.Dist. Der.": null, "Ruta": 38 }, "geometry": { "type": "Point", "coordinates": [ -64.480332, -31.14163 ] } },
{ "type": "Feature", "properties": { "Name": "48.53", "P.K.": null, "Al.Dist. Izq.": null, "Al.Dist. Der.": null, "Ruta": 38 }, "geometry": { "type": "Point", "coordinates": [ -64.4808368, -31.1413691 ] } },
{ "type": "Feature", "properties": { "Name": "48.57", "P.K.": null, "Al.Dist. Izq.": null, "Al.Dist. Der.": null, "Ruta": 38 }, "geometry": { "type": "Point", "coordinates": [ -64.4808633, -31.1410515 ] } },
{ "type": "Feature", "properties": { "Name": "48.61", "P.K.": null, "Al.Dist. Izq.": null, "Al.Dist. Der.": null, "Ruta": 38 }, "geometry": { "type": "Point", "coordinates": [ -64.4809001, -31.1406757 ] } },
{ "type": "Feature", "properties": { "Name": "48.64", "P.K.": null, "Al.Dist. Izq.": null, "Al.Dist. Der.": null, "Ruta": 38 }, "geometry": { "type": "Point", "coordinates": [ -64.4810547, -31.1404506 ] } },
{ "type": "Feature", "properties": { "Name": "48.65", "P.K.": null, "Al.Dist. Izq.": null, "Al.Dist. Der.": null, "Ruta": 38 }, "geometry": { "type": "Point", "coordinates": [ -64.4809841, -31.1403093 ] } },
{ "type": "Feature", "properties": { "Name": "48.66", "P.K.": null, "Al.Dist. Izq.": null, "Al.Dist. Der.": null, "Ruta": 38 }, "geometry": { "type": "Point", "coordinates": [ -64.4810619, -31.1402348 ] } },
{ "type": "Feature", "properties": { "Name": "48.7", "P.K.": null, "Al.Dist. Izq.": null, "Al.Dist. Der.": null, "Ruta": 38 }, "geometry": { "type": "Point", "coordinates": [ -64.4811826, -31.1398787 ] } },
{ "type": "Feature", "properties": { "Name": "48.71", "P.K.": null, "Al.Dist. Izq.": null, "Al.Dist. Der.": null, "Ruta": 38 }, "geometry": { "type": "Point", "coordinates": [ -64.4812706, -31.1397894 ] } },
{ "type": "Feature", "properties": { "Name": "48.72", "P.K.": null, "Al.Dist. Izq.": null, "Al.Dist. Der.": null, "Ruta": 38 }, "geometry": { "type": "Point", "coordinates": [ -64.4811104, -31.1397575 ] } },
{ "type": "Feature", "properties": { "Name": "48.74", "P.K.": null, "Al.Dist. Izq.": null, "Al.Dist. Der.": null, "Ruta": 38 }, "geometry": { "type": "Point", "coordinates": [ -64.4811, -31.1395 ] } },
{ "type": "Feature", "properties": { "Name": "48.82", "P.K.": null, "Al.Dist. Izq.": null, "Al.Dist. Der.": null, "Ruta": 38 }, "geometry": { "type": "Point", "coordinates": [ -64.4808438, -31.138851 ] } },
{ "type": "Feature", "properties": { "Name": "48.84", "P.K.": null, "Al.Dist. Izq.": null, "Al.Dist. Der.": null, "Ruta": 38 }, "geometry": { "type": "Point", "coordinates": [ -64.4807862, -31.1386622 ] } },
{ "type": "Feature", "properties": { "Name": "48.91", "P.K.": null, "Al.Dist. Izq.": null, "Al.Dist. Der.": null, "Ruta": 38 }, "geometry": { "type": "Point", "coordinates": [ -64.4807392, -31.13806 ] } },
{ "type": "Feature", "properties": { "Name": "48.97", "P.K.": null, "Al.Dist. Izq.": null, "Al.Dist. Der.": null, "Ruta": 38 }, "geometry": { "type": "Point", "coordinates": [ -64.4804151, -31.1376035 ] } },
{ "type": "Feature", "properties": { "Name": "48.99", "P.K.": null, "Al.Dist. Izq.": null, "Al.Dist. Der.": null, "Ruta": 38 }, "geometry": { "type": "Point", "coordinates": [ -64.4802373, -31.1375089 ] } },
{ "type": "Feature", "properties": { "Name": "49", "P.K.": "PK49", "Al.Dist. Izq.": null, "Al.Dist. Der.": null, "Ruta": 38 }, "geometry": { "type": "Point", "coordinates": [ -64.4801676, -31.1373915 ] } },
{ "type": "Feature", "properties": { "Name": "49.09", "P.K.": null, "Al.Dist. Izq.": null, "Al.Dist. Der.": null, "Ruta": 38 }, "geometry": { "type": "Point", "coordinates": [ -64.4801, -31.1365 ] } },
{ "type": "Feature", "properties": { "Name": "49.11", "P.K.": null, "Al.Dist. Izq.": null, "Al.Dist. Der.": null, "Ruta": 38 }, "geometry": { "type": "Point", "coordinates": [ -64.4799916, -31.1363495 ] } },
{ "type": "Feature", "properties": { "Name": "49.12", "P.K.": null, "Al.Dist. Izq.": null, "Al.Dist. Der.": null, "Ruta": 38 }, "geometry": { "type": "Point", "coordinates": [ -64.4799906, -31.1363334 ] } },
{ "type": "Feature", "properties": { "Name": "49.15", "P.K.": null, "Al.Dist. Izq.": null, "Al.Dist. Der.": null, "Ruta": 38 }, "geometry": { "type": "Point", "coordinates": [ -64.4801773, -31.1360387 ] } },
{ "type": "Feature", "properties": { "Name": "49.21", "P.K.": null, "Al.Dist. Izq.": null, "Al.Dist. Der.": null, "Ruta": 38 }, "geometry": { "type": "Point", "coordinates": [ -64.4807561, -31.1357397 ] } },
{ "type": "Feature", "properties": { "Name": "49.24", "P.K.": null, "Al.Dist. Izq.": null, "Al.Dist. Der.": null, "Ruta": 38 }, "geometry": { "type": "Point", "coordinates": [ -64.4809102, -31.1354992 ] } },
{ "type": "Feature", "properties": { "Name": "49.25", "P.K.": null, "Al.Dist. Izq.": null, "Al.Dist. Der.": null, "Ruta": 38 }, "geometry": { "type": "Point", "coordinates": [ -64.4810452, -31.1355016 ] } },
{ "type": "Feature", "properties": { "Name": "49.27", "P.K.": null, "Al.Dist. Izq.": null, "Al.Dist. Der.": null, "Ruta": 38 }, "geometry": { "type": "Point", "coordinates": [ -64.4809981, -31.1353103 ] } },
{ "type": "Feature", "properties": { "Name": "49.28", "P.K.": null, "Al.Dist. Izq.": null, "Al.Dist. Der.": null, "Ruta": 38 }, "geometry": { "type": "Point", "coordinates": [ -64.4811475, -31.1352267 ] } },
{ "type": "Feature", "properties": { "Name": "49.34", "P.K.": null, "Al.Dist. Izq.": null, "Al.Dist. Der.": null, "Ruta": 38 }, "geometry": { "type": "Point", "coordinates": [ -64.4813974, -31.1347356 ] } },
{ "type": "Feature", "properties": { "Name": "49.38", "P.K.": null, "Al.Dist. Izq.": null, "Al.Dist. Der.": null, "Ruta": 38 }, "geometry": { "type": "Point", "coordinates": [ -64.4816542, -31.1344178 ] } },
{ "type": "Feature", "properties": { "Name": "49.45", "P.K.": null, "Al.Dist. Izq.": null, "Al.Dist. Der.": null, "Ruta": 38 }, "geometry": { "type": "Point", "coordinates": [ -64.482, -31.1338 ] } },
{ "type": "Feature", "properties": { "Name": "49.51", "P.K.": null, "Al.Dist. Izq.": null, "Al.Dist. Der.": null, "Ruta": 38 }, "geometry": { "type": "Point", "coordinates": [ -64.4819832, -31.1333773 ] } },
{ "type": "Feature", "properties": { "Name": "49.52", "P.K.": null, "Al.Dist. Izq.": null, "Al.Dist. Der.": null, "Ruta": 38 }, "geometry": { "type": "Point", "coordinates": [ -64.48202, -31.1332857 ] } },
{ "type": "Feature", "properties": { "Name": "49.57", "P.K.": null, "Al.Dist. Izq.": null, "Al.Dist. Der.": null, "Ruta": 38 }, "geometry": { "type": "Point", "coordinates": [ -64.4818674, -31.1328934 ] } },
{ "type": "Feature", "properties": { "Name": "49.61", "P.K.": null, "Al.Dist. Izq.": null, "Al.Dist. Der.": null, "Ruta": 38 }, "geometry": { "type": "Point", "coordinates": [ -64.4814661, -31.132644 ] } },
{ "type": "Feature", "properties": { "Name": "49.62", "P.K.": null, "Al.Dist. Izq.": null, "Al.Dist. Der.": null, "Ruta": 38 }, "geometry": { "type": "Point", "coordinates": [ -64.481494, -31.1324717 ] } },
{ "type": "Feature", "properties": { "Name": "49.66", "P.K.": null, "Al.Dist. Izq.": null, "Al.Dist. Der.": null, "Ruta": 38 }, "geometry": { "type": "Point", "coordinates": [ -64.4812363, -31.1321728 ] } },
{ "type": "Feature", "properties": { "Name": "49.69", "P.K.": null, "Al.Dist. Izq.": null, "Al.Dist. Der.": null, "Ruta": 38 }, "geometry": { "type": "Point", "coordinates": [ -64.4812519, -31.1318806 ] } },
{ "type": "Feature", "properties": { "Name": "49.88", "P.K.": null, "Al.Dist. Izq.": null, "Al.Dist. Der.": null, "Ruta": 38 }, "geometry": { "type": "Point", "coordinates": [ -64.4802454, -31.130488 ] } },
{ "type": "Feature", "properties": { "Name": "49.95", "P.K.": null, "Al.Dist. Izq.": null, "Al.Dist. Der.": null, "Ruta": 38 }, "geometry": { "type": "Point", "coordinates": [ -64.4804, -31.1299 ] } },
{ "type": "Feature", "properties": { "Name": "49.99", "P.K.": null, "Al.Dist. Izq.": null, "Al.Dist. Der.": null, "Ruta": 38 }, "geometry": { "type": "Point", "coordinates": [ -64.4805995, -31.1295281 ] } },
{ "type": "Feature", "properties": { "Name": "49.99", "P.K.": null, "Al.Dist. Izq.": null, "Al.Dist. Der.": null, "Ruta": 38 }, "geometry": { "type": "Point", "coordinates": [ -64.4805995, -31.1295281 ] } },
{ "type": "Feature", "properties": { "Name": "50", "P.K.": "PK50", "Al.Dist. Izq.": null, "Al.Dist. Der.": null, "Ruta": 38 }, "geometry": { "type": "Point", "coordinates": [ -64.4806698, -31.1294584 ] } },
{ "type": "Feature", "properties": { "Name": "50.01", "P.K.": null, "Al.Dist. Izq.": null, "Al.Dist. Der.": null, "Ruta": 38 }, "geometry": { "type": "Point", "coordinates": [ -64.4806112, -31.1293697 ] } },
{ "type": "Feature", "properties": { "Name": "50.03", "P.K.": null, "Al.Dist. Izq.": null, "Al.Dist. Der.": null, "Ruta": 38 }, "geometry": { "type": "Point", "coordinates": [ -64.4806, -31.1292 ] } },
{ "type": "Feature", "properties": { "Name": "50.11", "P.K.": null, "Al.Dist. Izq.": null, "Al.Dist. Der.": null, "Ruta": 38 }, "geometry": { "type": "Point", "coordinates": [ -64.4811254, -31.1285245 ] } },
{ "type": "Feature", "properties": { "Name": "50.13", "P.K.": null, "Al.Dist. Izq.": null, "Al.Dist. Der.": null, "Ruta": 38 }, "geometry": { "type": "Point", "coordinates": [ -64.4812569, -31.1282736 ] } },
{ "type": "Feature", "properties": { "Name": "50.14", "P.K.": null, "Al.Dist. Izq.": null, "Al.Dist. Der.": null, "Ruta": 38 }, "geometry": { "type": "Point", "coordinates": [ -64.4813, -31.1282 ] } },
{ "type": "Feature", "properties": { "Name": "50.26", "P.K.": null, "Al.Dist. Izq.": null, "Al.Dist. Der.": null, "Ruta": 38 }, "geometry": { "type": "Point", "coordinates": [ -64.4818, -31.1272 ] } },
{ "type": "Feature", "properties": { "Name": "50.29", "P.K.": null, "Al.Dist. Izq.": null, "Al.Dist. Der.": null, "Ruta": 38 }, "geometry": { "type": "Point", "coordinates": [ -64.4818554, -31.1269546 ] } },
{ "type": "Feature", "properties": { "Name": "50.32", "P.K.": null, "Al.Dist. Izq.": null, "Al.Dist. Der.": null, "Ruta": 38 }, "geometry": { "type": "Point", "coordinates": [ -64.4820411, -31.1267586 ] } },
{ "type": "Feature", "properties": { "Name": "50.38", "P.K.": null, "Al.Dist. Izq.": null, "Al.Dist. Der.": null, "Ruta": 38 }, "geometry": { "type": "Point", "coordinates": [ -64.4824696, -31.1262887 ] } },
{ "type": "Feature", "properties": { "Name": "50.4", "P.K.": null, "Al.Dist. Izq.": null, "Al.Dist. Der.": null, "Ruta": 38 }, "geometry": { "type": "Point", "coordinates": [ -64.4828304, -31.1262626 ] } },
{ "type": "Feature", "properties": { "Name": "50.41", "P.K.": null, "Al.Dist. Izq.": null, "Al.Dist. Der.": null, "Ruta": 38 }, "geometry": { "type": "Point", "coordinates": [ -64.4827898, -31.1261679 ] } },
{ "type": "Feature", "properties": { "Name": "50.46", "P.K.": null, "Al.Dist. Izq.": null, "Al.Dist. Der.": null, "Ruta": 38 }, "geometry": { "type": "Point", "coordinates": [ -64.4833223, -31.1260107 ] } },
{ "type": "Feature", "properties": { "Name": "50.56", "P.K.": null, "Al.Dist. Izq.": null, "Al.Dist. Der.": null, "Ruta": 38 }, "geometry": { "type": "Point", "coordinates": [ -64.4842811, -31.1256074 ] } },
{ "type": "Feature", "properties": { "Name": "50.56", "P.K.": null, "Al.Dist. Izq.": null, "Al.Dist. Der.": null, "Ruta": 38 }, "geometry": { "type": "Point", "coordinates": [ -64.4842811, -31.1256074 ] } },
{ "type": "Feature", "properties": { "Name": "50.62", "P.K.": null, "Al.Dist. Izq.": null, "Al.Dist. Der.": null, "Ruta": 38 }, "geometry": { "type": "Point", "coordinates": [ -64.4847384, -31.1252334 ] } },
{ "type": "Feature", "properties": { "Name": "50.67", "P.K.": null, "Al.Dist. Izq.": null, "Al.Dist. Der.": null, "Ruta": 38 }, "geometry": { "type": "Point", "coordinates": [ -64.4843954, -31.1246368 ] } },
{ "type": "Feature", "properties": { "Name": "50.74", "P.K.": null, "Al.Dist. Izq.": null, "Al.Dist. Der.": null, "Ruta": 38 }, "geometry": { "type": "Point", "coordinates": [ -64.4840303, -31.1240798 ] } },
{ "type": "Feature", "properties": { "Name": "50.76", "P.K.": null, "Al.Dist. Izq.": null, "Al.Dist. Der.": null, "Ruta": 38 }, "geometry": { "type": "Point", "coordinates": [ -64.4839083, -31.1239357 ] } },
{ "type": "Feature", "properties": { "Name": "50.79", "P.K.": null, "Al.Dist. Izq.": null, "Al.Dist. Der.": null, "Ruta": 38 }, "geometry": { "type": "Point", "coordinates": [ -64.4837, -31.1237 ] } },
{ "type": "Feature", "properties": { "Name": "50.83", "P.K.": null, "Al.Dist. Izq.": null, "Al.Dist. Der.": null, "Ruta": 38 }, "geometry": { "type": "Point", "coordinates": [ -64.4834546, -31.1234852 ] } },
{ "type": "Feature", "properties": { "Name": "50.84", "P.K.": null, "Al.Dist. Izq.": null, "Al.Dist. Der.": null, "Ruta": 38 }, "geometry": { "type": "Point", "coordinates": [ -64.4833914, -31.1234211 ] } },
{ "type": "Feature", "properties": { "Name": "50.85", "P.K.": null, "Al.Dist. Izq.": null, "Al.Dist. Der.": null, "Ruta": 38 }, "geometry": { "type": "Point", "coordinates": [ -64.4833232, -31.1233434 ] } },
{ "type": "Feature", "properties": { "Name": "50.9", "P.K.": null, "Al.Dist. Izq.": null, "Al.Dist. Der.": null, "Ruta": 38 }, "geometry": { "type": "Point", "coordinates": [ -64.482906, -31.1229044 ] } },
{ "type": "Feature", "properties": { "Name": "50.9", "P.K.": null, "Al.Dist. Izq.": null, "Al.Dist. Der.": null, "Ruta": 38 }, "geometry": { "type": "Point", "coordinates": [ -64.4829421, -31.1229348 ] } },
{ "type": "Feature", "properties": { "Name": "50.91", "P.K.": null, "Al.Dist. Izq.": null, "Al.Dist. Der.": null, "Ruta": 38 }, "geometry": { "type": "Point", "coordinates": [ -64.4828935, -31.1228471 ] } },
{ "type": "Feature", "properties": { "Name": "50.95", "P.K.": null, "Al.Dist. Izq.": null, "Al.Dist. Der.": null, "Ruta": 38 }, "geometry": { "type": "Point", "coordinates": [ -64.4826, -31.1226 ] } },
{ "type": "Feature", "properties": { "Name": "50.97", "P.K.": null, "Al.Dist. Izq.": null, "Al.Dist. Der.": null, "Ruta": 38 }, "geometry": { "type": "Point", "coordinates": [ -64.4826453, -31.1222717 ] } },
{ "type": "Feature", "properties": { "Name": "50.97", "P.K.": null, "Al.Dist. Izq.": null, "Al.Dist. Der.": null, "Ruta": 38 }, "geometry": { "type": "Point", "coordinates": [ -64.4826453, -31.1222717 ] } },
{ "type": "Feature", "properties": { "Name": "50.97", "P.K.": null, "Al.Dist. Izq.": null, "Al.Dist. Der.": null, "Ruta": 38 }, "geometry": { "type": "Point", "coordinates": [ -64.4824887, -31.1224649 ] } },
{ "type": "Feature", "properties": { "Name": "51.01", "P.K.": null, "Al.Dist. Izq.": null, "Al.Dist. Der.": null, "Ruta": 38 }, "geometry": { "type": "Point", "coordinates": [ -64.482254, -31.1221259 ] } },
{ "type": "Feature", "properties": { "Name": "51.01", "P.K.": null, "Al.Dist. Izq.": null, "Al.Dist. Der.": null, "Ruta": 38 }, "geometry": { "type": "Point", "coordinates": [ -64.4822205, -31.1220682 ] } },
{ "type": "Feature", "properties": { "Name": "51.02", "P.K.": null, "Al.Dist. Izq.": null, "Al.Dist. Der.": null, "Ruta": 38 }, "geometry": { "type": "Point", "coordinates": [ -64.4822499, -31.1220078 ] } },
{ "type": "Feature", "properties": { "Name": "51.03", "P.K.": null, "Al.Dist. Izq.": null, "Al.Dist. Der.": null, "Ruta": 38 }, "geometry": { "type": "Point", "coordinates": [ -64.4821903, -31.1219565 ] } },
{ "type": "Feature", "properties": { "Name": "51.05", "P.K.": null, "Al.Dist. Izq.": null, "Al.Dist. Der.": null, "Ruta": 38 }, "geometry": { "type": "Point", "coordinates": [ -64.4823311, -31.1217329 ] } },
{ "type": "Feature", "properties": { "Name": "51.05", "P.K.": null, "Al.Dist. Izq.": null, "Al.Dist. Der.": null, "Ruta": 38 }, "geometry": { "type": "Point", "coordinates": [ -64.4823311, -31.1217329 ] } },
{ "type": "Feature", "properties": { "Name": "51.12", "P.K.": null, "Al.Dist. Izq.": null, "Al.Dist. Der.": null, "Ruta": 38 }, "geometry": { "type": "Point", "coordinates": [ -64.4825829, -31.1211792 ] } },
{ "type": "Feature", "properties": { "Name": "51.13", "P.K.": null, "Al.Dist. Izq.": null, "Al.Dist. Der.": null, "Ruta": 38 }, "geometry": { "type": "Point", "coordinates": [ -64.4826, -31.1211 ] } },
{ "type": "Feature", "properties": { "Name": "51.2", "P.K.": null, "Al.Dist. Izq.": null, "Al.Dist. Der.": null, "Ruta": 38 }, "geometry": { "type": "Point", "coordinates": [ -64.4830242, -31.1204159 ] } },
{ "type": "Feature", "properties": { "Name": "51.21", "P.K.": null, "Al.Dist. Izq.": null, "Al.Dist. Der.": null, "Ruta": 38 }, "geometry": { "type": "Point", "coordinates": [ -64.4832317, -31.120431 ] } },
{ "type": "Feature", "properties": { "Name": "51.22", "P.K.": null, "Al.Dist. Izq.": null, "Al.Dist. Der.": null, "Ruta": 38 }, "geometry": { "type": "Point", "coordinates": [ -64.4830101, -31.1202749 ] } },
{ "type": "Feature", "properties": { "Name": "51.37", "P.K.": null, "Al.Dist. Izq.": null, "Al.Dist. Der.": null, "Ruta": 38 }, "geometry": { "type": "Point", "coordinates": [ -64.4839113, -31.1191297 ] } },
{ "type": "Feature", "properties": { "Name": "51.4", "P.K.": null, "Al.Dist. Izq.": null, "Al.Dist. Der.": null, "Ruta": 38 }, "geometry": { "type": "Point", "coordinates": [ -64.4840937, -31.1188277 ] } },
{ "type": "Feature", "properties": { "Name": "51.41", "P.K.": null, "Al.Dist. Izq.": null, "Al.Dist. Der.": null, "Ruta": 38 }, "geometry": { "type": "Point", "coordinates": [ -64.484085, -31.1186847 ] } },
{ "type": "Feature", "properties": { "Name": "51.48", "P.K.": null, "Al.Dist. Izq.": null, "Al.Dist. Der.": null, "Ruta": 38 }, "geometry": { "type": "Point", "coordinates": [ -64.4845785, -31.1181804 ] } },
{ "type": "Feature", "properties": { "Name": "51.83", "P.K.": null, "Al.Dist. Izq.": null, "Al.Dist. Der.": null, "Ruta": 38 }, "geometry": { "type": "Point", "coordinates": [ -64.4853265, -31.115065 ] } },
{ "type": "Feature", "properties": { "Name": "51.93", "P.K.": null, "Al.Dist. Izq.": null, "Al.Dist. Der.": null, "Ruta": 38 }, "geometry": { "type": "Point", "coordinates": [ -64.4851, -31.114 ] } },
{ "type": "Feature", "properties": { "Name": "51.98", "P.K.": null, "Al.Dist. Izq.": null, "Al.Dist. Der.": null, "Ruta": 38 }, "geometry": { "type": "Point", "coordinates": [ -64.4851229, -31.1136445 ] } },
{ "type": "Feature", "properties": { "Name": "52", "P.K.": "PK52", "Al.Dist. Izq.": null, "Al.Dist. Der.": null, "Ruta": 38 }, "geometry": { "type": "Point", "coordinates": [ -64.4853067, -31.1133978 ] } },
{ "type": "Feature", "properties": { "Name": "52.02", "P.K.": null, "Al.Dist. Izq.": null, "Al.Dist. Der.": null, "Ruta": 38 }, "geometry": { "type": "Point", "coordinates": [ -64.485304, -31.113215 ] } },
{ "type": "Feature", "properties": { "Name": "52.12", "P.K.": null, "Al.Dist. Izq.": null, "Al.Dist. Der.": null, "Ruta": 38 }, "geometry": { "type": "Point", "coordinates": [ -64.485077, -31.1123518 ] } },
{ "type": "Feature", "properties": { "Name": "52.13", "P.K.": null, "Al.Dist. Izq.": null, "Al.Dist. Der.": null, "Ruta": 38 }, "geometry": { "type": "Point", "coordinates": [ -64.485303, -31.1122557 ] } },
{ "type": "Feature", "properties": { "Name": "52.21", "P.K.": null, "Al.Dist. Izq.": null, "Al.Dist. Der.": null, "Ruta": 38 }, "geometry": { "type": "Point", "coordinates": [ -64.4851994, -31.1115116 ] } },
{ "type": "Feature", "properties": { "Name": "52.25", "P.K.": null, "Al.Dist. Izq.": null, "Al.Dist. Der.": null, "Ruta": 38 }, "geometry": { "type": "Point", "coordinates": [ -64.4856, -31.1111 ] } },
{ "type": "Feature", "properties": { "Name": "52.25", "P.K.": null, "Al.Dist. Izq.": null, "Al.Dist. Der.": null, "Ruta": 38 }, "geometry": { "type": "Point", "coordinates": [ -64.4856, -31.1111 ] } },
{ "type": "Feature", "properties": { "Name": "52.36", "P.K.": null, "Al.Dist. Izq.": null, "Al.Dist. Der.": null, "Ruta": 38 }, "geometry": { "type": "Point", "coordinates": [ -64.4846855, -31.1102332 ] } },
{ "type": "Feature", "properties": { "Name": "52.4", "P.K.": null, "Al.Dist. Izq.": null, "Al.Dist. Der.": null, "Ruta": 38 }, "geometry": { "type": "Point", "coordinates": [ -64.4845979, -31.1099004 ] } },
{ "type": "Feature", "properties": { "Name": "52.41", "P.K.": null, "Al.Dist. Izq.": null, "Al.Dist. Der.": null, "Ruta": 38 }, "geometry": { "type": "Point", "coordinates": [ -64.4846653, -31.1098034 ] } },
{ "type": "Feature", "properties": { "Name": "52.43", "P.K.": null, "Al.Dist. Izq.": null, "Al.Dist. Der.": null, "Ruta": 38 }, "geometry": { "type": "Point", "coordinates": [ -64.4844658, -31.1096728 ] } },
{ "type": "Feature", "properties": { "Name": "52.47", "P.K.": null, "Al.Dist. Izq.": null, "Al.Dist. Der.": null, "Ruta": 38 }, "geometry": { "type": "Point", "coordinates": [ -64.4842235, -31.1093189 ] } },
{ "type": "Feature", "properties": { "Name": "52.51", "P.K.": null, "Al.Dist. Izq.": null, "Al.Dist. Der.": null, "Ruta": 38 }, "geometry": { "type": "Point", "coordinates": [ -64.4841709, -31.109138 ] } },
{ "type": "Feature", "properties": { "Name": "52.57", "P.K.": null, "Al.Dist. Izq.": null, "Al.Dist. Der.": null, "Ruta": 38 }, "geometry": { "type": "Point", "coordinates": [ -64.4839272, -31.1086272 ] } },
{ "type": "Feature", "properties": { "Name": "52.63", "P.K.": null, "Al.Dist. Izq.": null, "Al.Dist. Der.": null, "Ruta": 38 }, "geometry": { "type": "Point", "coordinates": [ -64.483758, -31.108108 ] } },
{ "type": "Feature", "properties": { "Name": "52.65", "P.K.": null, "Al.Dist. Izq.": null, "Al.Dist. Der.": null, "Ruta": 38 }, "geometry": { "type": "Point", "coordinates": [ -64.4837218, -31.1079343 ] } },
{ "type": "Feature", "properties": { "Name": "52.65", "P.K.": null, "Al.Dist. Izq.": null, "Al.Dist. Der.": null, "Ruta": 38 }, "geometry": { "type": "Point", "coordinates": [ -64.4837218, -31.1079343 ] } },
{ "type": "Feature", "properties": { "Name": "52.68", "P.K.": null, "Al.Dist. Izq.": null, "Al.Dist. Der.": null, "Ruta": 38 }, "geometry": { "type": "Point", "coordinates": [ -64.4836095, -31.1075976 ] } },
{ "type": "Feature", "properties": { "Name": "52.68", "P.K.": null, "Al.Dist. Izq.": null, "Al.Dist. Der.": null, "Ruta": 38 }, "geometry": { "type": "Point", "coordinates": [ -64.4836095, -31.1075976 ] } },
{ "type": "Feature", "properties": { "Name": "52.69", "P.K.": null, "Al.Dist. Izq.": null, "Al.Dist. Der.": null, "Ruta": 38 }, "geometry": { "type": "Point", "coordinates": [ -64.4835817, -31.1075373 ] } },
{ "type": "Feature", "properties": { "Name": "52.74", "P.K.": null, "Al.Dist. Izq.": null, "Al.Dist. Der.": null, "Ruta": 38 }, "geometry": { "type": "Point", "coordinates": [ -64.4832459, -31.1071953 ] } },
{ "type": "Feature", "properties": { "Name": "52.86", "P.K.": null, "Al.Dist. Izq.": null, "Al.Dist. Der.": null, "Ruta": 38 }, "geometry": { "type": "Point", "coordinates": [ -64.4823757, -31.1063922 ] } },
{ "type": "Feature", "properties": { "Name": "52.91", "P.K.": null, "Al.Dist. Izq.": null, "Al.Dist. Der.": null, "Ruta": 38 }, "geometry": { "type": "Point", "coordinates": [ -64.482108, -31.106024 ] } },
{ "type": "Feature", "properties": { "Name": "52.96", "P.K.": null, "Al.Dist. Izq.": null, "Al.Dist. Der.": null, "Ruta": 38 }, "geometry": { "type": "Point", "coordinates": [ -64.482, -31.1055987 ] } },
{ "type": "Feature", "properties": { "Name": "52.98", "P.K.": null, "Al.Dist. Izq.": null, "Al.Dist. Der.": null, "Ruta": 38 }, "geometry": { "type": "Point", "coordinates": [ -64.4819, -31.1055 ] } },
{ "type": "Feature", "properties": { "Name": "53", "P.K.": "PK53", "Al.Dist. Izq.": null, "Al.Dist. Der.": null, "Ruta": 38 }, "geometry": { "type": "Point", "coordinates": [ -64.4818794, -31.1052414 ] } },
{ "type": "Feature", "properties": { "Name": "53.05", "P.K.": null, "Al.Dist. Izq.": null, "Al.Dist. Der.": null, "Ruta": 38 }, "geometry": { "type": "Point", "coordinates": [ -64.4815864, -31.1048445 ] } },
{ "type": "Feature", "properties": { "Name": "53.17", "P.K.": null, "Al.Dist. Izq.": null, "Al.Dist. Der.": null, "Ruta": 38 }, "geometry": { "type": "Point", "coordinates": [ -64.4811982, -31.1037213 ] } },
{ "type": "Feature", "properties": { "Name": "53.22", "P.K.": null, "Al.Dist. Izq.": null, "Al.Dist. Der.": null, "Ruta": 38 }, "geometry": { "type": "Point", "coordinates": [ -64.4810879, -31.1032453 ] } },
{ "type": "Feature", "properties": { "Name": "53.25", "P.K.": null, "Al.Dist. Izq.": null, "Al.Dist. Der.": null, "Ruta": 38 }, "geometry": { "type": "Point", "coordinates": [ -64.4813, -31.1031 ] } },
{ "type": "Feature", "properties": { "Name": "53.34", "P.K.": null, "Al.Dist. Izq.": null, "Al.Dist. Der.": null, "Ruta": 38 }, "geometry": { "type": "Point", "coordinates": [ -64.4819, -31.1023 ] } },
{ "type": "Feature", "properties": { "Name": "53.45", "P.K.": null, "Al.Dist. Izq.": null, "Al.Dist. Der.": null, "Ruta": 38 }, "geometry": { "type": "Point", "coordinates": [ -64.4824045, -31.1014086 ] } },
{ "type": "Feature", "properties": { "Name": "53.77", "P.K.": null, "Al.Dist. Izq.": null, "Al.Dist. Der.": null, "Ruta": 38 }, "geometry": { "type": "Point", "coordinates": [ -64.4841302, -31.0987338 ] } },
{ "type": "Feature", "properties": { "Name": "53.95", "P.K.": null, "Al.Dist. Izq.": null, "Al.Dist. Der.": null, "Ruta": 38 }, "geometry": { "type": "Point", "coordinates": [ -64.4857754, -31.0976406 ] } },
{ "type": "Feature", "properties": { "Name": "54.39", "P.K.": null, "Al.Dist. Izq.": null, "Al.Dist. Der.": null, "Ruta": 38 }, "geometry": { "type": "Point", "coordinates": [ -64.4871943, -31.0939103 ] } },
{ "type": "Feature", "properties": { "Name": "54.52", "P.K.": null, "Al.Dist. Izq.": null, "Al.Dist. Der.": null, "Ruta": 38 }, "geometry": { "type": "Point", "coordinates": [ -64.4866914, -31.0928184 ] } },
{ "type": "Feature", "properties": { "Name": "54.57", "P.K.": null, "Al.Dist. Izq.": null, "Al.Dist. Der.": null, "Ruta": 38 }, "geometry": { "type": "Point", "coordinates": [ -64.4864212, -31.0923149 ] } },
{ "type": "Feature", "properties": { "Name": "54.58", "P.K.": null, "Al.Dist. Izq.": null, "Al.Dist. Der.": null, "Ruta": 38 }, "geometry": { "type": "Point", "coordinates": [ -64.4864168, -31.0922055 ] } },
{ "type": "Feature", "properties": { "Name": "54.8", "P.K.": null, "Al.Dist. Izq.": null, "Al.Dist. Der.": null, "Ruta": 38 }, "geometry": { "type": "Point", "coordinates": [ -64.4861737, -31.0902138 ] } },
{ "type": "Feature", "properties": { "Name": "54.9", "P.K.": null, "Al.Dist. Izq.": null, "Al.Dist. Der.": null, "Ruta": 38 }, "geometry": { "type": "Point", "coordinates": [ -64.4861898, -31.0892669 ] } },
{ "type": "Feature", "properties": { "Name": "54.92", "P.K.": null, "Al.Dist. Izq.": null, "Al.Dist. Der.": null, "Ruta": 38 }, "geometry": { "type": "Point", "coordinates": [ -64.4864161, -31.0892852 ] } },
{ "type": "Feature", "properties": { "Name": "55", "P.K.": "PK55", "Al.Dist. Izq.": null, "Al.Dist. Der.": null, "Ruta": 38 }, "geometry": { "type": "Point", "coordinates": [ -64.487084, -31.0902252 ] } },
{ "type": "Feature", "properties": { "Name": "55.04", "P.K.": null, "Al.Dist. Izq.": null, "Al.Dist. Der.": null, "Ruta": 38 }, "geometry": { "type": "Point", "coordinates": [ -64.487547, -31.090027 ] } },
{ "type": "Feature", "properties": { "Name": "55.11", "P.K.": null, "Al.Dist. Izq.": null, "Al.Dist. Der.": null, "Ruta": 38 }, "geometry": { "type": "Point", "coordinates": [ -64.4882296, -31.0894713 ] } },
{ "type": "Feature", "properties": { "Name": "55.16", "P.K.": null, "Al.Dist. Izq.": null, "Al.Dist. Der.": null, "Ruta": 38 }, "geometry": { "type": "Point", "coordinates": [ -64.4885042, -31.0891425 ] } },
{ "type": "Feature", "properties": { "Name": "55.39", "P.K.": null, "Al.Dist. Izq.": null, "Al.Dist. Der.": null, "Ruta": 38 }, "geometry": { "type": "Point", "coordinates": [ -64.4898822, -31.0874938 ] } },
{ "type": "Feature", "properties": { "Name": "55.55", "P.K.": null, "Al.Dist. Izq.": null, "Al.Dist. Der.": null, "Ruta": 38 }, "geometry": { "type": "Point", "coordinates": [ -64.4910678, -31.0865953 ] } },
{ "type": "Feature", "properties": { "Name": "55.58", "P.K.": null, "Al.Dist. Izq.": null, "Al.Dist. Der.": null, "Ruta": 38 }, "geometry": { "type": "Point", "coordinates": [ -64.4912821, -31.0864138 ] } },
{ "type": "Feature", "properties": { "Name": "55.6", "P.K.": null, "Al.Dist. Izq.": null, "Al.Dist. Der.": null, "Ruta": 38 }, "geometry": { "type": "Point", "coordinates": [ -64.4914926, -31.0861941 ] } },
{ "type": "Feature", "properties": { "Name": "55.69", "P.K.": null, "Al.Dist. Izq.": null, "Al.Dist. Der.": null, "Ruta": 38 }, "geometry": { "type": "Point", "coordinates": [ -64.491328, -31.085489 ] } },
{ "type": "Feature", "properties": { "Name": "55.77", "P.K.": null, "Al.Dist. Izq.": null, "Al.Dist. Der.": null, "Ruta": 38 }, "geometry": { "type": "Point", "coordinates": [ -64.4914071, -31.084835 ] } },
{ "type": "Feature", "properties": { "Name": "55.86", "P.K.": null, "Al.Dist. Izq.": null, "Al.Dist. Der.": null, "Ruta": 38 }, "geometry": { "type": "Point", "coordinates": [ -64.4917318, -31.0841531 ] } },
{ "type": "Feature", "properties": { "Name": "55.99", "P.K.": null, "Al.Dist. Izq.": null, "Al.Dist. Der.": null, "Ruta": 38 }, "geometry": { "type": "Point", "coordinates": [ -64.4924008, -31.0830927 ] } },
{ "type": "Feature", "properties": { "Name": "56.02", "P.K.": null, "Al.Dist. Izq.": null, "Al.Dist. Der.": null, "Ruta": 38 }, "geometry": { "type": "Point", "coordinates": [ -64.4923594, -31.0828833 ] } },
{ "type": "Feature", "properties": { "Name": "56.04", "P.K.": null, "Al.Dist. Izq.": null, "Al.Dist. Der.": null, "Ruta": 38 }, "geometry": { "type": "Point", "coordinates": [ -64.4923498, -31.0826899 ] } },
{ "type": "Feature", "properties": { "Name": "56.05", "P.K.": null, "Al.Dist. Izq.": null, "Al.Dist. Der.": null, "Ruta": 38 }, "geometry": { "type": "Point", "coordinates": [ -64.4925, -31.0826 ] } },
{ "type": "Feature", "properties": { "Name": "56.1", "P.K.": null, "Al.Dist. Izq.": null, "Al.Dist. Der.": null, "Ruta": 38 }, "geometry": { "type": "Point", "coordinates": [ -64.4924437, -31.0822216 ] } },
{ "type": "Feature", "properties": { "Name": "56.14", "P.K.": null, "Al.Dist. Izq.": null, "Al.Dist. Der.": null, "Ruta": 38 }, "geometry": { "type": "Point", "coordinates": [ -64.4924742, -31.0817742 ] } },
{ "type": "Feature", "properties": { "Name": "56.15", "P.K.": null, "Al.Dist. Izq.": null, "Al.Dist. Der.": null, "Ruta": 38 }, "geometry": { "type": "Point", "coordinates": [ -64.4926, -31.0817 ] } },
{ "type": "Feature", "properties": { "Name": "56.29", "P.K.": null, "Al.Dist. Izq.": null, "Al.Dist. Der.": null, "Ruta": 38 }, "geometry": { "type": "Point", "coordinates": [ -64.4931195, -31.0806655 ] } },
{ "type": "Feature", "properties": { "Name": "56.31", "P.K.": null, "Al.Dist. Izq.": null, "Al.Dist. Der.": null, "Ruta": 38 }, "geometry": { "type": "Point", "coordinates": [ -64.4932334, -31.0805104 ] } },
{ "type": "Feature", "properties": { "Name": "56.38", "P.K.": null, "Al.Dist. Izq.": null, "Al.Dist. Der.": null, "Ruta": 38 }, "geometry": { "type": "Point", "coordinates": [ -64.4932559, -31.0799447 ] } },
{ "type": "Feature", "properties": { "Name": "56.42", "P.K.": null, "Al.Dist. Izq.": null, "Al.Dist. Der.": null, "Ruta": 38 }, "geometry": { "type": "Point", "coordinates": [ -64.4932, -31.0796 ] } },
{ "type": "Feature", "properties": { "Name": "56.46", "P.K.": null, "Al.Dist. Izq.": null, "Al.Dist. Der.": null, "Ruta": 38 }, "geometry": { "type": "Point", "coordinates": [ -64.4931723, -31.0792166 ] } },
{ "type": "Feature", "properties": { "Name": "56.47", "P.K.": null, "Al.Dist. Izq.": null, "Al.Dist. Der.": null, "Ruta": 38 }, "geometry": { "type": "Point", "coordinates": [ -64.4933, -31.0792 ] } },
{ "type": "Feature", "properties": { "Name": "56.52", "P.K.": null, "Al.Dist. Izq.": null, "Al.Dist. Der.": null, "Ruta": 38 }, "geometry": { "type": "Point", "coordinates": [ -64.4933419, -31.0787058 ] } },
{ "type": "Feature", "properties": { "Name": "56.52", "P.K.": null, "Al.Dist. Izq.": null, "Al.Dist. Der.": null, "Ruta": 38 }, "geometry": { "type": "Point", "coordinates": [ -64.4933419, -31.0787058 ] } },
{ "type": "Feature", "properties": { "Name": "56.53", "P.K.": null, "Al.Dist. Izq.": null, "Al.Dist. Der.": null, "Ruta": 38 }, "geometry": { "type": "Point", "coordinates": [ -64.4932776, -31.0786076 ] } },
{ "type": "Feature", "properties": { "Name": "56.54", "P.K.": null, "Al.Dist. Izq.": null, "Al.Dist. Der.": null, "Ruta": 38 }, "geometry": { "type": "Point", "coordinates": [ -64.4932434, -31.0785536 ] } },
{ "type": "Feature", "properties": { "Name": "56.57", "P.K.": null, "Al.Dist. Izq.": null, "Al.Dist. Der.": null, "Ruta": 38 }, "geometry": { "type": "Point", "coordinates": [ -64.4934127, -31.0784137 ] } },
{ "type": "Feature", "properties": { "Name": "56.71", "P.K.": null, "Al.Dist. Izq.": null, "Al.Dist. Der.": null, "Ruta": 38 }, "geometry": { "type": "Point", "coordinates": [ -64.4942348, -31.0774463 ] } },
{ "type": "Feature", "properties": { "Name": "56.77", "P.K.": null, "Al.Dist. Izq.": null, "Al.Dist. Der.": null, "Ruta": 38 }, "geometry": { "type": "Point", "coordinates": [ -64.4948211, -31.0775506 ] } },
{ "type": "Feature", "properties": { "Name": "56.81", "P.K.": null, "Al.Dist. Izq.": null, "Al.Dist. Der.": null, "Ruta": 38 }, "geometry": { "type": "Point", "coordinates": [ -64.4952379, -31.0775597 ] } },
{ "type": "Feature", "properties": { "Name": "56.84", "P.K.": null, "Al.Dist. Izq.": null, "Al.Dist. Der.": null, "Ruta": 38 }, "geometry": { "type": "Point", "coordinates": [ -64.495535, -31.0775589 ] } },
{ "type": "Feature", "properties": { "Name": "56.86", "P.K.": null, "Al.Dist. Izq.": null, "Al.Dist. Der.": null, "Ruta": 38 }, "geometry": { "type": "Point", "coordinates": [ -64.4958059, -31.0776137 ] } },
{ "type": "Feature", "properties": { "Name": "56.9", "P.K.": null, "Al.Dist. Izq.": null, "Al.Dist. Der.": null, "Ruta": 38 }, "geometry": { "type": "Point", "coordinates": [ -64.4961448, -31.0774463 ] } },
{ "type": "Feature", "properties": { "Name": "56.93", "P.K.": null, "Al.Dist. Izq.": null, "Al.Dist. Der.": null, "Ruta": 38 }, "geometry": { "type": "Point", "coordinates": [ -64.4964137, -31.0775801 ] } },
{ "type": "Feature", "properties": { "Name": "56.95", "P.K.": null, "Al.Dist. Izq.": null, "Al.Dist. Der.": null, "Ruta": 38 }, "geometry": { "type": "Point", "coordinates": [ -64.496527, -31.0773475 ] } },
{ "type": "Feature", "properties": { "Name": "56.97", "P.K.": null, "Al.Dist. Izq.": null, "Al.Dist. Der.": null, "Ruta": 38 }, "geometry": { "type": "Point", "coordinates": [ -64.4967215, -31.0773694 ] } },
{ "type": "Feature", "properties": { "Name": "57", "P.K.": "PK57", "Al.Dist. Izq.": null, "Al.Dist. Der.": null, "Ruta": 38 }, "geometry": { "type": "Point", "coordinates": [ -64.4969825, -31.0771558 ] } },
{ "type": "Feature", "properties": { "Name": "57.05", "P.K.": null, "Al.Dist. Izq.": null, "Al.Dist. Der.": null, "Ruta": 38 }, "geometry": { "type": "Point", "coordinates": [ -64.4975, -31.0769 ] } },
{ "type": "Feature", "properties": { "Name": "57.12", "P.K.": null, "Al.Dist. Izq.": null, "Al.Dist. Der.": null, "Ruta": 38 }, "geometry": { "type": "Point", "coordinates": [ -64.4974, -31.0761 ] } },
{ "type": "Feature", "properties": { "Name": "57.14", "P.K.": null, "Al.Dist. Izq.": null, "Al.Dist. Der.": null, "Ruta": 38 }, "geometry": { "type": "Point", "coordinates": [ -64.4975476, -31.0760005 ] } },
{ "type": "Feature", "properties": { "Name": "57.18", "P.K.": null, "Al.Dist. Izq.": null, "Al.Dist. Der.": null, "Ruta": 38 }, "geometry": { "type": "Point", "coordinates": [ -64.4975854, -31.0756125 ] } },
{ "type": "Feature", "properties": { "Name": "57.21", "P.K.": null, "Al.Dist. Izq.": null, "Al.Dist. Der.": null, "Ruta": 38 }, "geometry": { "type": "Point", "coordinates": [ -64.4975547, -31.075367 ] } },
{ "type": "Feature", "properties": { "Name": "57.29", "P.K.": null, "Al.Dist. Izq.": null, "Al.Dist. Der.": null, "Ruta": 38 }, "geometry": { "type": "Point", "coordinates": [ -64.4980193, -31.0746447 ] } },
{ "type": "Feature", "properties": { "Name": "57.37", "P.K.": null, "Al.Dist. Izq.": null, "Al.Dist. Der.": null, "Ruta": 38 }, "geometry": { "type": "Point", "coordinates": [ -64.4987279, -31.0740801 ] } },
{ "type": "Feature", "properties": { "Name": "57.43", "P.K.": null, "Al.Dist. Izq.": null, "Al.Dist. Der.": null, "Ruta": 38 }, "geometry": { "type": "Point", "coordinates": [ -64.4992247, -31.0737127 ] } },
{ "type": "Feature", "properties": { "Name": "57.46", "P.K.": null, "Al.Dist. Izq.": null, "Al.Dist. Der.": null, "Ruta": 38 }, "geometry": { "type": "Point", "coordinates": [ -64.4994603, -31.0735981 ] } },
{ "type": "Feature", "properties": { "Name": "57.5", "P.K.": null, "Al.Dist. Izq.": null, "Al.Dist. Der.": null, "Ruta": 38 }, "geometry": { "type": "Point", "coordinates": [ -64.4995, -31.0733 ] } },
{ "type": "Feature", "properties": { "Name": "57.51", "P.K.": null, "Al.Dist. Izq.": null, "Al.Dist. Der.": null, "Ruta": 38 }, "geometry": { "type": "Point", "coordinates": [ -64.4994959, -31.0730835 ] } },
{ "type": "Feature", "properties": { "Name": "57.54", "P.K.": null, "Al.Dist. Izq.": null, "Al.Dist. Der.": null, "Ruta": 38 }, "geometry": { "type": "Point", "coordinates": [ -64.4993666, -31.0728136 ] } },
{ "type": "Feature", "properties": { "Name": "57.57", "P.K.": null, "Al.Dist. Izq.": null, "Al.Dist. Der.": null, "Ruta": 38 }, "geometry": { "type": "Point", "coordinates": [ -64.4993243, -31.0725464 ] } },
{ "type": "Feature", "properties": { "Name": "57.62", "P.K.": null, "Al.Dist. Izq.": null, "Al.Dist. Der.": null, "Ruta": 38 }, "geometry": { "type": "Point", "coordinates": [ -64.4994906, -31.0721085 ] } },
{ "type": "Feature", "properties": { "Name": "57.64", "P.K.": null, "Al.Dist. Izq.": null, "Al.Dist. Der.": null, "Ruta": 38 }, "geometry": { "type": "Point", "coordinates": [ -64.4994269, -31.0718337 ] } },
{ "type": "Feature", "properties": { "Name": "57.65", "P.K.": null, "Al.Dist. Izq.": null, "Al.Dist. Der.": null, "Ruta": 38 }, "geometry": { "type": "Point", "coordinates": [ -64.4996183, -31.071811 ] } },
{ "type": "Feature", "properties": { "Name": "57.66", "P.K.": null, "Al.Dist. Izq.": null, "Al.Dist. Der.": null, "Ruta": 38 }, "geometry": { "type": "Point", "coordinates": [ -64.4994711, -31.0716663 ] } },
{ "type": "Feature", "properties": { "Name": "57.67", "P.K.": null, "Al.Dist. Izq.": null, "Al.Dist. Der.": null, "Ruta": 38 }, "geometry": { "type": "Point", "coordinates": [ -64.4994879, -31.0715669 ] } },
{ "type": "Feature", "properties": { "Name": "57.68", "P.K.": null, "Al.Dist. Izq.": null, "Al.Dist. Der.": null, "Ruta": 38 }, "geometry": { "type": "Point", "coordinates": [ -64.4995818, -31.0714952 ] } },
{ "type": "Feature", "properties": { "Name": "57.69", "P.K.": null, "Al.Dist. Izq.": null, "Al.Dist. Der.": null, "Ruta": 38 }, "geometry": { "type": "Point", "coordinates": [ -64.4997115, -31.0714397 ] } },
{ "type": "Feature", "properties": { "Name": "57.75", "P.K.": null, "Al.Dist. Izq.": null, "Al.Dist. Der.": null, "Ruta": 38 }, "geometry": { "type": "Point", "coordinates": [ -64.4998816, -31.0709322 ] } },
{ "type": "Feature", "properties": { "Name": "57.78", "P.K.": null, "Al.Dist. Izq.": null, "Al.Dist. Der.": null, "Ruta": 38 }, "geometry": { "type": "Point", "coordinates": [ -64.5000694, -31.0707377 ] } },
{ "type": "Feature", "properties": { "Name": "57.82", "P.K.": null, "Al.Dist. Izq.": null, "Al.Dist. Der.": null, "Ruta": 38 }, "geometry": { "type": "Point", "coordinates": [ -64.5004716, -31.0703742 ] } },
{ "type": "Feature", "properties": { "Name": "57.89", "P.K.": null, "Al.Dist. Izq.": null, "Al.Dist. Der.": null, "Ruta": 38 }, "geometry": { "type": "Point", "coordinates": [ -64.5007985, -31.0698568 ] } },
{ "type": "Feature", "properties": { "Name": "57.93", "P.K.": null, "Al.Dist. Izq.": null, "Al.Dist. Der.": null, "Ruta": 38 }, "geometry": { "type": "Point", "coordinates": [ -64.5008924, -31.0693244 ] } },
{ "type": "Feature", "properties": { "Name": "58", "P.K.": "PK58", "Al.Dist. Izq.": null, "Al.Dist. Der.": null, "Ruta": 38 }, "geometry": { "type": "Point", "coordinates": [ -64.5007569, -31.0687121 ] } },
{ "type": "Feature", "properties": { "Name": "58.05", "P.K.": null, "Al.Dist. Izq.": null, "Al.Dist. Der.": null, "Ruta": 38 }, "geometry": { "type": "Point", "coordinates": [ -64.5005, -31.0683 ] } },
{ "type": "Feature", "properties": { "Name": "58.07", "P.K.": null, "Al.Dist. Izq.": null, "Al.Dist. Der.": null, "Ruta": 38 }, "geometry": { "type": "Point", "coordinates": [ -64.5005, -31.0682 ] } },
{ "type": "Feature", "properties": { "Name": "58.12", "P.K.": null, "Al.Dist. Izq.": null, "Al.Dist. Der.": null, "Ruta": 38 }, "geometry": { "type": "Point", "coordinates": [ -64.5003606, -31.0677314 ] } },
{ "type": "Feature", "properties": { "Name": "58.15", "P.K.": null, "Al.Dist. Izq.": null, "Al.Dist. Der.": null, "Ruta": 38 }, "geometry": { "type": "Point", "coordinates": [ -64.5003187, -31.0674574 ] } },
{ "type": "Feature", "properties": { "Name": "58.2", "P.K.": null, "Al.Dist. Izq.": null, "Al.Dist. Der.": null, "Ruta": 38 }, "geometry": { "type": "Point", "coordinates": [ -64.499964, -31.0672877 ] } },
{ "type": "Feature", "properties": { "Name": "58.25", "P.K.": null, "Al.Dist. Izq.": null, "Al.Dist. Der.": null, "Ruta": 38 }, "geometry": { "type": "Point", "coordinates": [ -64.4997618, -31.0668535 ] } },
{ "type": "Feature", "properties": { "Name": "58.3", "P.K.": null, "Al.Dist. Izq.": null, "Al.Dist. Der.": null, "Ruta": 38 }, "geometry": { "type": "Point", "coordinates": [ -64.4993206, -31.0666699 ] } },
{ "type": "Feature", "properties": { "Name": "58.43", "P.K.": null, "Al.Dist. Izq.": null, "Al.Dist. Der.": null, "Ruta": 38 }, "geometry": { "type": "Point", "coordinates": [ -64.4983617, -31.0659052 ] } },
{ "type": "Feature", "properties": { "Name": "58.45", "P.K.": null, "Al.Dist. Izq.": null, "Al.Dist. Der.": null, "Ruta": 38 }, "geometry": { "type": "Point", "coordinates": [ -64.4981, -31.0658 ] } },
{ "type": "Feature", "properties": { "Name": "58.49", "P.K.": null, "Al.Dist. Izq.": null, "Al.Dist. Der.": null, "Ruta": 38 }, "geometry": { "type": "Point", "coordinates": [ -64.4984, -31.0651 ] } },
{ "type": "Feature", "properties": { "Name": "58.53", "P.K.": null, "Al.Dist. Izq.": null, "Al.Dist. Der.": null, "Ruta": 38 }, "geometry": { "type": "Point", "coordinates": [ -64.4978252, -31.0652392 ] } },
{ "type": "Feature", "properties": { "Name": "58.62", "P.K.": null, "Al.Dist. Izq.": null, "Al.Dist. Der.": null, "Ruta": 38 }, "geometry": { "type": "Point", "coordinates": [ -64.4975651, -31.0644974 ] } },
{ "type": "Feature", "properties": { "Name": "58.69", "P.K.": null, "Al.Dist. Izq.": null, "Al.Dist. Der.": null, "Ruta": 38 }, "geometry": { "type": "Point", "coordinates": [ -64.4971636, -31.0639982 ] } },
{ "type": "Feature", "properties": { "Name": "58.73", "P.K.": null, "Al.Dist. Izq.": null, "Al.Dist. Der.": null, "Ruta": 38 }, "geometry": { "type": "Point", "coordinates": [ -64.497042, -31.0636817 ] } },
{ "type": "Feature", "properties": { "Name": "58.96", "P.K.": null, "Al.Dist. Izq.": null, "Al.Dist. Der.": null, "Ruta": 38 }, "geometry": { "type": "Point", "coordinates": [ -64.4975278, -31.0618595 ] } },
{ "type": "Feature", "properties": { "Name": "59", "P.K.": "PK59", "Al.Dist. Izq.": null, "Al.Dist. Der.": null, "Ruta": 38 }, "geometry": { "type": "Point", "coordinates": [ -64.4975118, -31.0614747 ] } },
{ "type": "Feature", "properties": { "Name": "59.04", "P.K.": null, "Al.Dist. Izq.": null, "Al.Dist. Der.": null, "Ruta": 38 }, "geometry": { "type": "Point", "coordinates": [ -64.4975084, -31.0611361 ] } },
{ "type": "Feature", "properties": { "Name": "59.19", "P.K.": null, "Al.Dist. Izq.": null, "Al.Dist. Der.": null, "Ruta": 38 }, "geometry": { "type": "Point", "coordinates": [ -64.4979683, -31.0598203 ] } },
{ "type": "Feature", "properties": { "Name": "59.26", "P.K.": null, "Al.Dist. Izq.": null, "Al.Dist. Der.": null, "Ruta": 38 }, "geometry": { "type": "Point", "coordinates": [ -64.4980501, -31.0591938 ] } },
{ "type": "Feature", "properties": { "Name": "59.32", "P.K.": null, "Al.Dist. Izq.": null, "Al.Dist. Der.": null, "Ruta": 38 }, "geometry": { "type": "Point", "coordinates": [ -64.4980707, -31.058652 ] } },
{ "type": "Feature", "properties": { "Name": "59.47", "P.K.": null, "Al.Dist. Izq.": null, "Al.Dist. Der.": null, "Ruta": 38 }, "geometry": { "type": "Point", "coordinates": [ -64.4984217, -31.0573388 ] } },
{ "type": "Feature", "properties": { "Name": "59.49", "P.K.": null, "Al.Dist. Izq.": null, "Al.Dist. Der.": null, "Ruta": 38 }, "geometry": { "type": "Point", "coordinates": [ -64.498622, -31.0572491 ] } },
{ "type": "Feature", "properties": { "Name": "59.49", "P.K.": null, "Al.Dist. Izq.": null, "Al.Dist. Der.": null, "Ruta": 38 }, "geometry": { "type": "Point", "coordinates": [ -64.498622, -31.0572491 ] } },
{ "type": "Feature", "properties": { "Name": "59.52", "P.K.": null, "Al.Dist. Izq.": null, "Al.Dist. Der.": null, "Ruta": 38 }, "geometry": { "type": "Point", "coordinates": [ -64.4986416, -31.0570177 ] } },
{ "type": "Feature", "properties": { "Name": "59.54", "P.K.": null, "Al.Dist. Izq.": null, "Al.Dist. Der.": null, "Ruta": 38 }, "geometry": { "type": "Point", "coordinates": [ -64.498818, -31.0569455 ] } },
{ "type": "Feature", "properties": { "Name": "59.57", "P.K.": null, "Al.Dist. Izq.": null, "Al.Dist. Der.": null, "Ruta": 38 }, "geometry": { "type": "Point", "coordinates": [ -64.4986819, -31.0565748 ] } },
{ "type": "Feature", "properties": { "Name": "59.58", "P.K.": null, "Al.Dist. Izq.": null, "Al.Dist. Der.": null, "Ruta": 38 }, "geometry": { "type": "Point", "coordinates": [ -64.4990523, -31.0565972 ] } },
{ "type": "Feature", "properties": { "Name": "59.58", "P.K.": null, "Al.Dist. Izq.": null, "Al.Dist. Der.": null, "Ruta": 38 }, "geometry": { "type": "Point", "coordinates": [ -64.4990523, -31.0565972 ] } },
{ "type": "Feature", "properties": { "Name": "59.59", "P.K.": null, "Al.Dist. Izq.": null, "Al.Dist. Der.": null, "Ruta": 38 }, "geometry": { "type": "Point", "coordinates": [ -64.4990856, -31.0564539 ] } },
{ "type": "Feature", "properties": { "Name": "59.6", "P.K.": null, "Al.Dist. Izq.": null, "Al.Dist. Der.": null, "Ruta": 38 }, "geometry": { "type": "Point", "coordinates": [ -64.4990946, -31.0564223 ] } },
{ "type": "Feature", "properties": { "Name": "59.67", "P.K.": null, "Al.Dist. Izq.": null, "Al.Dist. Der.": null, "Ruta": 38 }, "geometry": { "type": "Point", "coordinates": [ -64.4991335, -31.0557858 ] } },
{ "type": "Feature", "properties": { "Name": "59.68", "P.K.": null, "Al.Dist. Izq.": null, "Al.Dist. Der.": null, "Ruta": 38 }, "geometry": { "type": "Point", "coordinates": [ -64.4990893, -31.0556696 ] } },
{ "type": "Feature", "properties": { "Name": "59.75", "P.K.": null, "Al.Dist. Izq.": null, "Al.Dist. Der.": null, "Ruta": 38 }, "geometry": { "type": "Point", "coordinates": [ -64.499, -31.055 ] } },
{ "type": "Feature", "properties": { "Name": "60", "P.K.": "PK60", "Al.Dist. Izq.": null, "Al.Dist. Der.": null, "Ruta": 38 }, "geometry": { "type": "Point", "coordinates": [ -64.4994919, -31.05277 ] } },
{ "type": "Feature", "properties": { "Name": "60.02", "P.K.": null, "Al.Dist. Izq.": null, "Al.Dist. Der.": null, "Ruta": 38 }, "geometry": { "type": "Point", "coordinates": [ -64.49934, -31.0525982 ] } },
{ "type": "Feature", "properties": { "Name": "60.02", "P.K.": null, "Al.Dist. Izq.": null, "Al.Dist. Der.": null, "Ruta": 38 }, "geometry": { "type": "Point", "coordinates": [ -64.4994775, -31.052616 ] } },
{ "type": "Feature", "properties": { "Name": "60.19", "P.K.": null, "Al.Dist. Izq.": null, "Al.Dist. Der.": null, "Ruta": 38 }, "geometry": { "type": "Point", "coordinates": [ -64.4995942, -31.0511193 ] } },
{ "type": "Feature", "properties": { "Name": "60.2", "P.K.": null, "Al.Dist. Izq.": null, "Al.Dist. Der.": null, "Ruta": 38 }, "geometry": { "type": "Point", "coordinates": [ -64.4995767, -31.0509978 ] } },
{ "type": "Feature", "properties": { "Name": "60.24", "P.K.": null, "Al.Dist. Izq.": null, "Al.Dist. Der.": null, "Ruta": 38 }, "geometry": { "type": "Point", "coordinates": [ -64.4996937, -31.0506376 ] } },
{ "type": "Feature", "properties": { "Name": "60.25", "P.K.": null, "Al.Dist. Izq.": null, "Al.Dist. Der.": null, "Ruta": 38 }, "geometry": { "type": "Point", "coordinates": [ -64.4997501, -31.0505948 ] } },
{ "type": "Feature", "properties": { "Name": "60.25", "P.K.": null, "Al.Dist. Izq.": null, "Al.Dist. Der.": null, "Ruta": 38 }, "geometry": { "type": "Point", "coordinates": [ -64.4996321, -31.0504687 ] } },
{ "type": "Feature", "properties": { "Name": "60.28", "P.K.": null, "Al.Dist. Izq.": null, "Al.Dist. Der.": null, "Ruta": 38 }, "geometry": { "type": "Point", "coordinates": [ -64.4999127, -31.0502673 ] } },
{ "type": "Feature", "properties": { "Name": "60.31", "P.K.": null, "Al.Dist. Izq.": null, "Al.Dist. Der.": null, "Ruta": 38 }, "geometry": { "type": "Point", "coordinates": [ -64.499869, -31.0499453 ] } },
{ "type": "Feature", "properties": { "Name": "60.36", "P.K.": null, "Al.Dist. Izq.": null, "Al.Dist. Der.": null, "Ruta": 38 }, "geometry": { "type": "Point", "coordinates": [ -64.5004444, -31.0496503 ] } },
{ "type": "Feature", "properties": { "Name": "60.47", "P.K.": null, "Al.Dist. Izq.": null, "Al.Dist. Der.": null, "Ruta": 38 }, "geometry": { "type": "Point", "coordinates": [ -64.5002379, -31.0485712 ] } },
{ "type": "Feature", "properties": { "Name": "60.58", "P.K.": null, "Al.Dist. Izq.": null, "Al.Dist. Der.": null, "Ruta": 38 }, "geometry": { "type": "Point", "coordinates": [ -64.5003495, -31.0476058 ] } },
{ "type": "Feature", "properties": { "Name": "60.6", "P.K.": null, "Al.Dist. Izq.": null, "Al.Dist. Der.": null, "Ruta": 38 }, "geometry": { "type": "Point", "coordinates": [ -64.5004676, -31.0474594 ] } },
{ "type": "Feature", "properties": { "Name": "60.66", "P.K.": null, "Al.Dist. Izq.": null, "Al.Dist. Der.": null, "Ruta": 38 }, "geometry": { "type": "Point", "coordinates": [ -64.5005034, -31.0468526 ] } },
{ "type": "Feature", "properties": { "Name": "60.69", "P.K.": null, "Al.Dist. Izq.": null, "Al.Dist. Der.": null, "Ruta": 38 }, "geometry": { "type": "Point", "coordinates": [ -64.5006773, -31.0466271 ] } },
{ "type": "Feature", "properties": { "Name": "60.7", "P.K.": null, "Al.Dist. Izq.": null, "Al.Dist. Der.": null, "Ruta": 38 }, "geometry": { "type": "Point", "coordinates": [ -64.5005888, -31.0465368 ] } },
{ "type": "Feature", "properties": { "Name": "60.75", "P.K.": null, "Al.Dist. Izq.": null, "Al.Dist. Der.": null, "Ruta": 38 }, "geometry": { "type": "Point", "coordinates": [ -64.5006902, -31.0460627 ] } },
{ "type": "Feature", "properties": { "Name": "60.78", "P.K.": null, "Al.Dist. Izq.": null, "Al.Dist. Der.": null, "Ruta": 38 }, "geometry": { "type": "Point", "coordinates": [ -64.5008213, -31.0457734 ] } },
{ "type": "Feature", "properties": { "Name": "60.78", "P.K.": null, "Al.Dist. Izq.": null, "Al.Dist. Der.": null, "Ruta": 38 }, "geometry": { "type": "Point", "coordinates": [ -64.5008213, -31.0457734 ] } },
{ "type": "Feature", "properties": { "Name": "60.8", "P.K.": null, "Al.Dist. Izq.": null, "Al.Dist. Der.": null, "Ruta": 38 }, "geometry": { "type": "Point", "coordinates": [ -64.5008454, -31.045539 ] } },
{ "type": "Feature", "properties": { "Name": "60.86", "P.K.": null, "Al.Dist. Izq.": null, "Al.Dist. Der.": null, "Ruta": 38 }, "geometry": { "type": "Point", "coordinates": [ -64.5007512, -31.0450666 ] } },
{ "type": "Feature", "properties": { "Name": "60.88", "P.K.": null, "Al.Dist. Izq.": null, "Al.Dist. Der.": null, "Ruta": 38 }, "geometry": { "type": "Point", "coordinates": [ -64.5009859, -31.0448218 ] } },
{ "type": "Feature", "properties": { "Name": "60.91", "P.K.": null, "Al.Dist. Izq.": null, "Al.Dist. Der.": null, "Ruta": 38 }, "geometry": { "type": "Point", "coordinates": [ -64.5006, -31.0446 ] } },
{ "type": "Feature", "properties": { "Name": "60.94", "P.K.": null, "Al.Dist. Izq.": null, "Al.Dist. Der.": null, "Ruta": 38 }, "geometry": { "type": "Point", "coordinates": [ -64.5008652, -31.0442751 ] } },
{ "type": "Feature", "properties": { "Name": "61", "P.K.": "PK61", "Al.Dist. Izq.": null, "Al.Dist. Der.": null, "Ruta": 38 }, "geometry": { "type": "Point", "coordinates": [ -64.5003123, -31.0438353 ] } },
{ "type": "Feature", "properties": { "Name": "61.03", "P.K.": null, "Al.Dist. Izq.": null, "Al.Dist. Der.": null, "Ruta": 38 }, "geometry": { "type": "Point", "coordinates": [ -64.5005349, -31.0435498 ] } },
{ "type": "Feature", "properties": { "Name": "61.06", "P.K.": null, "Al.Dist. Izq.": null, "Al.Dist. Der.": null, "Ruta": 38 }, "geometry": { "type": "Point", "coordinates": [ -64.5004, -31.0433 ] } },
{ "type": "Feature", "properties": { "Name": "61.1", "P.K.": null, "Al.Dist. Izq.": null, "Al.Dist. Der.": null, "Ruta": 38 }, "geometry": { "type": "Point", "coordinates": [ -64.5000971, -31.0429345 ] } },
{ "type": "Feature", "properties": { "Name": "61.11", "P.K.": null, "Al.Dist. Izq.": null, "Al.Dist. Der.": null, "Ruta": 38 }, "geometry": { "type": "Point", "coordinates": [ -64.500378, -31.0428161 ] } },
{ "type": "Feature", "properties": { "Name": "61.14", "P.K.": null, "Al.Dist. Izq.": null, "Al.Dist. Der.": null, "Ruta": 38 }, "geometry": { "type": "Point", "coordinates": [ -64.5000444, -31.0425832 ] } },
{ "type": "Feature", "properties": { "Name": "61.17", "P.K.": null, "Al.Dist. Izq.": null, "Al.Dist. Der.": null, "Ruta": 38 }, "geometry": { "type": "Point", "coordinates": [ -64.4998573, -31.0423421 ] } },
{ "type": "Feature", "properties": { "Name": "61.18", "P.K.": null, "Al.Dist. Izq.": null, "Al.Dist. Der.": null, "Ruta": 38 }, "geometry": { "type": "Point", "coordinates": [ -64.4999579, -31.0422626 ] } },
{ "type": "Feature", "properties": { "Name": "61.18", "P.K.": null, "Al.Dist. Izq.": null, "Al.Dist. Der.": null, "Ruta": 38 }, "geometry": { "type": "Point", "coordinates": [ -64.4999579, -31.0422626 ] } },
{ "type": "Feature", "properties": { "Name": "61.23", "P.K.": null, "Al.Dist. Izq.": null, "Al.Dist. Der.": null, "Ruta": 38 }, "geometry": { "type": "Point", "coordinates": [ -64.5000548, -31.0417395 ] } },
{ "type": "Feature", "properties": { "Name": "61.26", "P.K.": null, "Al.Dist. Izq.": null, "Al.Dist. Der.": null, "Ruta": 38 }, "geometry": { "type": "Point", "coordinates": [ -64.5001028, -31.0415866 ] } },
{ "type": "Feature", "properties": { "Name": "61.28", "P.K.": null, "Al.Dist. Izq.": null, "Al.Dist. Der.": null, "Ruta": 38 }, "geometry": { "type": "Point", "coordinates": [ -64.5, -31.0414 ] } },
{ "type": "Feature", "properties": { "Name": "61.29", "P.K.": null, "Al.Dist. Izq.": null, "Al.Dist. Der.": null, "Ruta": 38 }, "geometry": { "type": "Point", "coordinates": [ -64.4995, -31.0414 ] } },
{ "type": "Feature", "properties": { "Name": "61.29", "P.K.": null, "Al.Dist. Izq.": null, "Al.Dist. Der.": null, "Ruta": 38 }, "geometry": { "type": "Point", "coordinates": [ -64.4997, -31.0413 ] } },
{ "type": "Feature", "properties": { "Name": "61.31", "P.K.": null, "Al.Dist. Izq.": null, "Al.Dist. Der.": null, "Ruta": 38 }, "geometry": { "type": "Point", "coordinates": [ -64.4995844, -31.0411621 ] } },
{ "type": "Feature", "properties": { "Name": "61.4", "P.K.": null, "Al.Dist. Izq.": null, "Al.Dist. Der.": null, "Ruta": 38 }, "geometry": { "type": "Point", "coordinates": [ -64.4994564, -31.0403604 ] } },
{ "type": "Feature", "properties": { "Name": "61.45", "P.K.": null, "Al.Dist. Izq.": null, "Al.Dist. Der.": null, "Ruta": 38 }, "geometry": { "type": "Point", "coordinates": [ -64.4994404, -31.0399115 ] } },
{ "type": "Feature", "properties": { "Name": "61.49", "P.K.": null, "Al.Dist. Izq.": null, "Al.Dist. Der.": null, "Ruta": 38 }, "geometry": { "type": "Point", "coordinates": [ -64.4994865, -31.0396445 ] } },
{ "type": "Feature", "properties": { "Name": "61.57", "P.K.": null, "Al.Dist. Izq.": null, "Al.Dist. Der.": null, "Ruta": 38 }, "geometry": { "type": "Point", "coordinates": [ -64.4999566, -31.0389812 ] } },
{ "type": "Feature", "properties": { "Name": "61.64", "P.K.": null, "Al.Dist. Izq.": null, "Al.Dist. Der.": null, "Ruta": 38 }, "geometry": { "type": "Point", "coordinates": [ -64.5001249, -31.0384253 ] } },
{ "type": "Feature", "properties": { "Name": "61.67", "P.K.": null, "Al.Dist. Izq.": null, "Al.Dist. Der.": null, "Ruta": 38 }, "geometry": { "type": "Point", "coordinates": [ -64.499965, -31.0379524 ] } },
{ "type": "Feature", "properties": { "Name": "61.69", "P.K.": null, "Al.Dist. Izq.": null, "Al.Dist. Der.": null, "Ruta": 38 }, "geometry": { "type": "Point", "coordinates": [ -64.5005021, -31.0380986 ] } },
{ "type": "Feature", "properties": { "Name": "61.7", "P.K.": null, "Al.Dist. Izq.": null, "Al.Dist. Der.": null, "Ruta": 38 }, "geometry": { "type": "Point", "coordinates": [ -64.5004266, -31.0379791 ] } },
{ "type": "Feature", "properties": { "Name": "61.7", "P.K.": null, "Al.Dist. Izq.": null, "Al.Dist. Der.": null, "Ruta": 38 }, "geometry": { "type": "Point", "coordinates": [ -64.500493, -31.037972 ] } },
{ "type": "Feature", "properties": { "Name": "61.76", "P.K.": null, "Al.Dist. Izq.": null, "Al.Dist. Der.": null, "Ruta": 38 }, "geometry": { "type": "Point", "coordinates": [ -64.5006764, -31.0375353 ] } },
{ "type": "Feature", "properties": { "Name": "61.79", "P.K.": null, "Al.Dist. Izq.": null, "Al.Dist. Der.": null, "Ruta": 38 }, "geometry": { "type": "Point", "coordinates": [ -64.5007663, -31.0372279 ] } },
{ "type": "Feature", "properties": { "Name": "61.8", "P.K.": null, "Al.Dist. Izq.": null, "Al.Dist. Der.": null, "Ruta": 38 }, "geometry": { "type": "Point", "coordinates": [ -64.5008316, -31.0371553 ] } },
{ "type": "Feature", "properties": { "Name": "61.84", "P.K.": null, "Al.Dist. Izq.": null, "Al.Dist. Der.": null, "Ruta": 38 }, "geometry": { "type": "Point", "coordinates": [ -64.5011293, -31.0369281 ] } },
{ "type": "Feature", "properties": { "Name": "61.86", "P.K.": null, "Al.Dist. Izq.": null, "Al.Dist. Der.": null, "Ruta": 38 }, "geometry": { "type": "Point", "coordinates": [ -64.5013, -31.0368 ] } },
{ "type": "Feature", "properties": { "Name": "61.87", "P.K.": null, "Al.Dist. Izq.": null, "Al.Dist. Der.": null, "Ruta": 38 }, "geometry": { "type": "Point", "coordinates": [ -64.5011834, -31.03662 ] } },
{ "type": "Feature", "properties": { "Name": "61.89", "P.K.": null, "Al.Dist. Izq.": null, "Al.Dist. Der.": null, "Ruta": 38 }, "geometry": { "type": "Point", "coordinates": [ -64.5014501, -31.0365995 ] } },
{ "type": "Feature", "properties": { "Name": "61.91", "P.K.": null, "Al.Dist. Izq.": null, "Al.Dist. Der.": null, "Ruta": 38 }, "geometry": { "type": "Point", "coordinates": [ -64.5015579, -31.0363791 ] } },
{ "type": "Feature", "properties": { "Name": "62", "P.K.": "PK62", "Al.Dist. Izq.": null, "Al.Dist. Der.": null, "Ruta": 38 }, "geometry": { "type": "Point", "coordinates": [ -64.5022901, -31.035832 ] } },
{ "type": "Feature", "properties": { "Name": "62.06", "P.K.": null, "Al.Dist. Izq.": null, "Al.Dist. Der.": null, "Ruta": 38 }, "geometry": { "type": "Point", "coordinates": [ -64.5026592, -31.0354824 ] } },
{ "type": "Feature", "properties": { "Name": "62.1", "P.K.": null, "Al.Dist. Izq.": null, "Al.Dist. Der.": null, "Ruta": 38 }, "geometry": { "type": "Point", "coordinates": [ -64.5029716, -31.0352655 ] } },
{ "type": "Feature", "properties": { "Name": "62.11", "P.K.": null, "Al.Dist. Izq.": null, "Al.Dist. Der.": null, "Ruta": 38 }, "geometry": { "type": "Point", "coordinates": [ -64.5031739, -31.035223 ] } },
{ "type": "Feature", "properties": { "Name": "62.21", "P.K.": null, "Al.Dist. Izq.": null, "Al.Dist. Der.": null, "Ruta": 38 }, "geometry": { "type": "Point", "coordinates": [ -64.5036353, -31.0344118 ] } },
{ "type": "Feature", "properties": { "Name": "62.31", "P.K.": null, "Al.Dist. Izq.": null, "Al.Dist. Der.": null, "Ruta": 38 }, "geometry": { "type": "Point", "coordinates": [ -64.5038, -31.0336 ] } },
{ "type": "Feature", "properties": { "Name": "62.41", "P.K.": null, "Al.Dist. Izq.": null, "Al.Dist. Der.": null, "Ruta": 38 }, "geometry": { "type": "Point", "coordinates": [ -64.5037807, -31.0327118 ] } },
{ "type": "Feature", "properties": { "Name": "62.44", "P.K.": null, "Al.Dist. Izq.": null, "Al.Dist. Der.": null, "Ruta": 38 }, "geometry": { "type": "Point", "coordinates": [ -64.5039276, -31.0324519 ] } },
{ "type": "Feature", "properties": { "Name": "62.49", "P.K.": null, "Al.Dist. Izq.": null, "Al.Dist. Der.": null, "Ruta": 38 }, "geometry": { "type": "Point", "coordinates": [ -64.5045688, -31.032028 ] } },
{ "type": "Feature", "properties": { "Name": "62.49", "P.K.": null, "Al.Dist. Izq.": null, "Al.Dist. Der.": null, "Ruta": 38 }, "geometry": { "type": "Point", "coordinates": [ -64.5046714, -31.0320482 ] } },
{ "type": "Feature", "properties": { "Name": "62.5", "P.K.": null, "Al.Dist. Izq.": null, "Al.Dist. Der.": null, "Ruta": 38 }, "geometry": { "type": "Point", "coordinates": [ -64.5039524, -31.0319491 ] } },
{ "type": "Feature", "properties": { "Name": "62.55", "P.K.": null, "Al.Dist. Izq.": null, "Al.Dist. Der.": null, "Ruta": 38 }, "geometry": { "type": "Point", "coordinates": [ -64.5040245, -31.031484 ] } },
{ "type": "Feature", "properties": { "Name": "62.66", "P.K.": null, "Al.Dist. Izq.": null, "Al.Dist. Der.": null, "Ruta": 38 }, "geometry": { "type": "Point", "coordinates": [ -64.5041593, -31.03046 ] } },
{ "type": "Feature", "properties": { "Name": "62.67", "P.K.": null, "Al.Dist. Izq.": null, "Al.Dist. Der.": null, "Ruta": 38 }, "geometry": { "type": "Point", "coordinates": [ -64.5038941, -31.030296 ] } },
{ "type": "Feature", "properties": { "Name": "62.71", "P.K.": null, "Al.Dist. Izq.": null, "Al.Dist. Der.": null, "Ruta": 38 }, "geometry": { "type": "Point", "coordinates": [ -64.5042017, -31.0300375 ] } },
{ "type": "Feature", "properties": { "Name": "62.72", "P.K.": null, "Al.Dist. Izq.": null, "Al.Dist. Der.": null, "Ruta": 38 }, "geometry": { "type": "Point", "coordinates": [ -64.5043889, -31.0299478 ] } },
{ "type": "Feature", "properties": { "Name": "62.76", "P.K.": null, "Al.Dist. Izq.": null, "Al.Dist. Der.": null, "Ruta": 38 }, "geometry": { "type": "Point", "coordinates": [ -64.504401, -31.0296651 ] } },
{ "type": "Feature", "properties": { "Name": "62.76", "P.K.": null, "Al.Dist. Izq.": null, "Al.Dist. Der.": null, "Ruta": 38 }, "geometry": { "type": "Point", "coordinates": [ -64.504401, -31.0296651 ] } },
{ "type": "Feature", "properties": { "Name": "62.79", "P.K.": null, "Al.Dist. Izq.": null, "Al.Dist. Der.": null, "Ruta": 38 }, "geometry": { "type": "Point", "coordinates": [ -64.5044768, -31.0294042 ] } },
{ "type": "Feature", "properties": { "Name": "62.8", "P.K.": null, "Al.Dist. Izq.": null, "Al.Dist. Der.": null, "Ruta": 38 }, "geometry": { "type": "Point", "coordinates": [ -64.5045, -31.0294 ] } },
{ "type": "Feature", "properties": { "Name": "62.81", "P.K.": null, "Al.Dist. Izq.": null, "Al.Dist. Der.": null, "Ruta": 38 }, "geometry": { "type": "Point", "coordinates": [ -64.504116, -31.0291511 ] } },
{ "type": "Feature", "properties": { "Name": "62.82", "P.K.": null, "Al.Dist. Izq.": null, "Al.Dist. Der.": null, "Ruta": 38 }, "geometry": { "type": "Point", "coordinates": [ -64.5042176, -31.0291095 ] } },
{ "type": "Feature", "properties": { "Name": "62.88", "P.K.": null, "Al.Dist. Izq.": null, "Al.Dist. Der.": null, "Ruta": 38 }, "geometry": { "type": "Point", "coordinates": [ -64.5048637, -31.0287236 ] } },
{ "type": "Feature", "properties": { "Name": "62.88", "P.K.": null, "Al.Dist. Izq.": null, "Al.Dist. Der.": null, "Ruta": 38 }, "geometry": { "type": "Point", "coordinates": [ -64.5048637, -31.0287236 ] } },
{ "type": "Feature", "properties": { "Name": "62.95", "P.K.": null, "Al.Dist. Izq.": null, "Al.Dist. Der.": null, "Ruta": 38 }, "geometry": { "type": "Point", "coordinates": [ -64.5049707, -31.0281082 ] } },
{ "type": "Feature", "properties": { "Name": "62.97", "P.K.": null, "Al.Dist. Izq.": null, "Al.Dist. Der.": null, "Ruta": 38 }, "geometry": { "type": "Point", "coordinates": [ -64.5048441, -31.0278476 ] } },
{ "type": "Feature", "properties": { "Name": "63", "P.K.": "PK63", "Al.Dist. Izq.": null, "Al.Dist. Der.": null, "Ruta": 38 }, "geometry": { "type": "Point", "coordinates": [ -64.5049758, -31.027584 ] } },
{ "type": "Feature", "properties": { "Name": "63.01", "P.K.": null, "Al.Dist. Izq.": null, "Al.Dist. Der.": null, "Ruta": 38 }, "geometry": { "type": "Point", "coordinates": [ -64.5049085, -31.0274777 ] } },
{ "type": "Feature", "properties": { "Name": "63.02", "P.K.": null, "Al.Dist. Izq.": null, "Al.Dist. Der.": null, "Ruta": 38 }, "geometry": { "type": "Point", "coordinates": [ -64.5049166, -31.0273958 ] } },
{ "type": "Feature", "properties": { "Name": "63.05", "P.K.": null, "Al.Dist. Izq.": null, "Al.Dist. Der.": null, "Ruta": 38 }, "geometry": { "type": "Point", "coordinates": [ -64.5049162, -31.027192 ] } },
{ "type": "Feature", "properties": { "Name": "63.05", "P.K.": null, "Al.Dist. Izq.": null, "Al.Dist. Der.": null, "Ruta": 38 }, "geometry": { "type": "Point", "coordinates": [ -64.5049162, -31.027192 ] } },
{ "type": "Feature", "properties": { "Name": "63.05", "P.K.": null, "Al.Dist. Izq.": null, "Al.Dist. Der.": null, "Ruta": 38 }, "geometry": { "type": "Point", "coordinates": [ -64.5050729, -31.0271598 ] } },
{ "type": "Feature", "properties": { "Name": "63.07", "P.K.": null, "Al.Dist. Izq.": null, "Al.Dist. Der.": null, "Ruta": 38 }, "geometry": { "type": "Point", "coordinates": [ -64.5048917, -31.0269825 ] } },
{ "type": "Feature", "properties": { "Name": "63.11", "P.K.": null, "Al.Dist. Izq.": null, "Al.Dist. Der.": null, "Ruta": 38 }, "geometry": { "type": "Point", "coordinates": [ -64.5049388, -31.0266065 ] } },
{ "type": "Feature", "properties": { "Name": "63.15", "P.K.": null, "Al.Dist. Izq.": null, "Al.Dist. Der.": null, "Ruta": 38 }, "geometry": { "type": "Point", "coordinates": [ -64.5046257, -31.026286 ] } },
{ "type": "Feature", "properties": { "Name": "63.2", "P.K.": null, "Al.Dist. Izq.": null, "Al.Dist. Der.": null, "Ruta": 38 }, "geometry": { "type": "Point", "coordinates": [ -64.5046149, -31.0258141 ] } },
{ "type": "Feature", "properties": { "Name": "63.33", "P.K.": null, "Al.Dist. Izq.": null, "Al.Dist. Der.": null, "Ruta": 38 }, "geometry": { "type": "Point", "coordinates": [ -64.5044915, -31.0247479 ] } },
{ "type": "Feature", "properties": { "Name": "63.37", "P.K.": null, "Al.Dist. Izq.": null, "Al.Dist. Der.": null, "Ruta": 38 }, "geometry": { "type": "Point", "coordinates": [ -64.5045492, -31.0243106 ] } },
{ "type": "Feature", "properties": { "Name": "63.39", "P.K.": null, "Al.Dist. Izq.": null, "Al.Dist. Der.": null, "Ruta": 38 }, "geometry": { "type": "Point", "coordinates": [ -64.5045606, -31.0241436 ] } },
{ "type": "Feature", "properties": { "Name": "63.42", "P.K.": null, "Al.Dist. Izq.": null, "Al.Dist. Der.": null, "Ruta": 38 }, "geometry": { "type": "Point", "coordinates": [ -64.5047737, -31.0239706 ] } },
{ "type": "Feature", "properties": { "Name": "63.43", "P.K.": null, "Al.Dist. Izq.": null, "Al.Dist. Der.": null, "Ruta": 38 }, "geometry": { "type": "Point", "coordinates": [ -64.5049006, -31.0238983 ] } },
{ "type": "Feature", "properties": { "Name": "63.49", "P.K.": null, "Al.Dist. Izq.": null, "Al.Dist. Der.": null, "Ruta": 38 }, "geometry": { "type": "Point", "coordinates": [ -64.504809, -31.0232656 ] } },
{ "type": "Feature", "properties": { "Name": "63.5", "P.K.": null, "Al.Dist. Izq.": null, "Al.Dist. Der.": null, "Ruta": 38 }, "geometry": { "type": "Point", "coordinates": [ -64.5052302, -31.0233547 ] } },
{ "type": "Feature", "properties": { "Name": "63.56", "P.K.": null, "Al.Dist. Izq.": null, "Al.Dist. Der.": null, "Ruta": 38 }, "geometry": { "type": "Point", "coordinates": [ -64.5053, -31.0228 ] } },
{ "type": "Feature", "properties": { "Name": "63.75", "P.K.": null, "Al.Dist. Izq.": null, "Al.Dist. Der.": null, "Ruta": 38 }, "geometry": { "type": "Point", "coordinates": [ -64.5060064, -31.021197 ] } },
{ "type": "Feature", "properties": { "Name": "63.81", "P.K.": null, "Al.Dist. Izq.": null, "Al.Dist. Der.": null, "Ruta": 38 }, "geometry": { "type": "Point", "coordinates": [ -64.5063151, -31.0207402 ] } },
{ "type": "Feature", "properties": { "Name": "63.84", "P.K.": null, "Al.Dist. Izq.": null, "Al.Dist. Der.": null, "Ruta": 38 }, "geometry": { "type": "Point", "coordinates": [ -64.5065331, -31.0204438 ] } },
{ "type": "Feature", "properties": { "Name": "63.86", "P.K.": null, "Al.Dist. Izq.": null, "Al.Dist. Der.": null, "Ruta": 38 }, "geometry": { "type": "Point", "coordinates": [ -64.5067013, -31.0203884 ] } },
{ "type": "Feature", "properties": { "Name": "63.94", "P.K.": null, "Al.Dist. Izq.": null, "Al.Dist. Der.": null, "Ruta": 38 }, "geometry": { "type": "Point", "coordinates": [ -64.5070712, -31.0196977 ] } },
{ "type": "Feature", "properties": { "Name": "64", "P.K.": "PK64", "Al.Dist. Izq.": null, "Al.Dist. Der.": null, "Ruta": 38 }, "geometry": { "type": "Point", "coordinates": [ -64.5073682, -31.0192322 ] } },
{ "type": "Feature", "properties": { "Name": "64.04", "P.K.": null, "Al.Dist. Izq.": null, "Al.Dist. Der.": null, "Ruta": 38 }, "geometry": { "type": "Point", "coordinates": [ -64.5074277, -31.0188535 ] } },
{ "type": "Feature", "properties": { "Name": "64.1", "P.K.": null, "Al.Dist. Izq.": null, "Al.Dist. Der.": null, "Ruta": 38 }, "geometry": { "type": "Point", "coordinates": [ -64.5076408, -31.0183627 ] } },
{ "type": "Feature", "properties": { "Name": "64.12", "P.K.": null, "Al.Dist. Izq.": null, "Al.Dist. Der.": null, "Ruta": 38 }, "geometry": { "type": "Point", "coordinates": [ -64.5076051, -31.0181494 ] } },
{ "type": "Feature", "properties": { "Name": "64.15", "P.K.": null, "Al.Dist. Izq.": null, "Al.Dist. Der.": null, "Ruta": 38 }, "geometry": { "type": "Point", "coordinates": [ -64.5077672, -31.0179495 ] } },
{ "type": "Feature", "properties": { "Name": "64.16", "P.K.": null, "Al.Dist. Izq.": null, "Al.Dist. Der.": null, "Ruta": 38 }, "geometry": { "type": "Point", "coordinates": [ -64.5074049, -31.0177611 ] } },
{ "type": "Feature", "properties": { "Name": "64.19", "P.K.": null, "Al.Dist. Izq.": null, "Al.Dist. Der.": null, "Ruta": 38 }, "geometry": { "type": "Point", "coordinates": [ -64.507764, -31.0175437 ] } },
{ "type": "Feature", "properties": { "Name": "64.22", "P.K.": null, "Al.Dist. Izq.": null, "Al.Dist. Der.": null, "Ruta": 38 }, "geometry": { "type": "Point", "coordinates": [ -64.507915, -31.0172717 ] } },
{ "type": "Feature", "properties": { "Name": "64.23", "P.K.": null, "Al.Dist. Izq.": null, "Al.Dist. Der.": null, "Ruta": 38 }, "geometry": { "type": "Point", "coordinates": [ -64.5078, -31.0171 ] } },
{ "type": "Feature", "properties": { "Name": "64.25", "P.K.": null, "Al.Dist. Izq.": null, "Al.Dist. Der.": null, "Ruta": 38 }, "geometry": { "type": "Point", "coordinates": [ -64.5079676, -31.0170016 ] } },
{ "type": "Feature", "properties": { "Name": "64.29", "P.K.": null, "Al.Dist. Izq.": null, "Al.Dist. Der.": null, "Ruta": 38 }, "geometry": { "type": "Point", "coordinates": [ -64.5079967, -31.0166348 ] } },
{ "type": "Feature", "properties": { "Name": "64.3", "P.K.": null, "Al.Dist. Izq.": null, "Al.Dist. Der.": null, "Ruta": 38 }, "geometry": { "type": "Point", "coordinates": [ -64.5080361, -31.0166091 ] } },
{ "type": "Feature", "properties": { "Name": "64.33", "P.K.": null, "Al.Dist. Izq.": null, "Al.Dist. Der.": null, "Ruta": 38 }, "geometry": { "type": "Point", "coordinates": [ -64.5079938, -31.0162672 ] } },
{ "type": "Feature", "properties": { "Name": "64.35", "P.K.": null, "Al.Dist. Izq.": null, "Al.Dist. Der.": null, "Ruta": 38 }, "geometry": { "type": "Point", "coordinates": [ -64.5080307, -31.0160749 ] } },
{ "type": "Feature", "properties": { "Name": "64.36", "P.K.": null, "Al.Dist. Izq.": null, "Al.Dist. Der.": null, "Ruta": 38 }, "geometry": { "type": "Point", "coordinates": [ -64.507908, -31.015996 ] } },
{ "type": "Feature", "properties": { "Name": "64.4", "P.K.": null, "Al.Dist. Izq.": null, "Al.Dist. Der.": null, "Ruta": 38 }, "geometry": { "type": "Point", "coordinates": [ -64.5079, -31.0156 ] } },
{ "type": "Feature", "properties": { "Name": "64.45", "P.K.": null, "Al.Dist. Izq.": null, "Al.Dist. Der.": null, "Ruta": 38 }, "geometry": { "type": "Point", "coordinates": [ -64.5079, -31.0153 ] } },
{ "type": "Feature", "properties": { "Name": "64.47", "P.K.": null, "Al.Dist. Izq.": null, "Al.Dist. Der.": null, "Ruta": 38 }, "geometry": { "type": "Point", "coordinates": [ -64.5077903, -31.0150543 ] } },
{ "type": "Feature", "properties": { "Name": "64.52", "P.K.": null, "Al.Dist. Izq.": null, "Al.Dist. Der.": null, "Ruta": 38 }, "geometry": { "type": "Point", "coordinates": [ -64.5078404, -31.0147113 ] } },
{ "type": "Feature", "properties": { "Name": "64.66", "P.K.": null, "Al.Dist. Izq.": null, "Al.Dist. Der.": null, "Ruta": 38 }, "geometry": { "type": "Point", "coordinates": [ -64.507861, -31.0134249 ] } },
{ "type": "Feature", "properties": { "Name": "64.67", "P.K.": null, "Al.Dist. Izq.": 20, "Al.Dist. Der.": 20, "Ruta": 38 }, "geometry": { "type": "Point", "coordinates": [ -64.5079952, -31.0133529 ] } },
{ "type": "Feature", "properties": { "Name": "64.8", "P.K.": null, "Al.Dist. Izq.": 20, "Al.Dist. Der.": 20, "Ruta": 38 }, "geometry": { "type": "Point", "coordinates": [ -64.5079844, -31.0121656 ] } },
{ "type": "Feature", "properties": { "Name": "64.81", "P.K.": null, "Al.Dist. Izq.": 20, "Al.Dist. Der.": 20, "Ruta": 38 }, "geometry": { "type": "Point", "coordinates": [ -64.5080106, -31.0120297 ] } },
{ "type": "Feature", "properties": { "Name": "64.82", "P.K.": null, "Al.Dist. Izq.": 20, "Al.Dist. Der.": 20, "Ruta": 38 }, "geometry": { "type": "Point", "coordinates": [ -64.5079157, -31.0119708 ] } },
{ "type": "Feature", "properties": { "Name": "64.83", "P.K.": null, "Al.Dist. Izq.": 20, "Al.Dist. Der.": 20, "Ruta": 38 }, "geometry": { "type": "Point", "coordinates": [ -64.5079174, -31.0118423 ] } },
{ "type": "Feature", "properties": { "Name": "64.86", "P.K.": null, "Al.Dist. Izq.": 20, "Al.Dist. Der.": 20, "Ruta": 38 }, "geometry": { "type": "Point", "coordinates": [ -64.5079982, -31.0115903 ] } },
{ "type": "Feature", "properties": { "Name": "64.95", "P.K.": null, "Al.Dist. Izq.": 20, "Al.Dist. Der.": 20, "Ruta": 38 }, "geometry": { "type": "Point", "coordinates": [ -64.5080667, -31.0108576 ] } },
{ "type": "Feature", "properties": { "Name": "64.95", "P.K.": null, "Al.Dist. Izq.": 25, "Al.Dist. Der.": 25, "Ruta": 38 }, "geometry": { "type": "Point", "coordinates": [ -64.5080667, -31.0108576 ] } },
{ "type": "Feature", "properties": { "Name": "64.96", "P.K.": null, "Al.Dist. Izq.": 25, "Al.Dist. Der.": 25, "Ruta": 38 }, "geometry": { "type": "Point", "coordinates": [ -64.5080234, -31.0106899 ] } },
{ "type": "Feature", "properties": { "Name": "65", "P.K.": "PK65", "Al.Dist. Izq.": 25, "Al.Dist. Der.": 25, "Ruta": 38 }, "geometry": { "type": "Point", "coordinates": [ -64.5080425, -31.0103555 ] } },
{ "type": "Feature", "properties": { "Name": "65.04", "P.K.": null, "Al.Dist. Izq.": 25, "Al.Dist. Der.": 25, "Ruta": 38 }, "geometry": { "type": "Point", "coordinates": [ -64.5081421, -31.0100331 ] } },
{ "type": "Feature", "properties": { "Name": "65.18", "P.K.": null, "Al.Dist. Izq.": 25, "Al.Dist. Der.": 25, "Ruta": 38 }, "geometry": { "type": "Point", "coordinates": [ -64.5081782, -31.0086636 ] } },
{ "type": "Feature", "properties": { "Name": "65.23", "P.K.": null, "Al.Dist. Izq.": 25, "Al.Dist. Der.": 25, "Ruta": 38 }, "geometry": { "type": "Point", "coordinates": [ -64.508232, -31.0081814 ] } },
{ "type": "Feature", "properties": { "Name": "65.28", "P.K.": null, "Al.Dist. Izq.": 25, "Al.Dist. Der.": 25, "Ruta": 38 }, "geometry": { "type": "Point", "coordinates": [ -64.5083066, -31.0077393 ] } },
{ "type": "Feature", "properties": { "Name": "65.3", "P.K.": null, "Al.Dist. Izq.": 25, "Al.Dist. Der.": 25, "Ruta": 38 }, "geometry": { "type": "Point", "coordinates": [ -64.5081766, -31.0076093 ] } },
{ "type": "Feature", "properties": { "Name": "65.32", "P.K.": null, "Al.Dist. Izq.": 25, "Al.Dist. Der.": 25, "Ruta": 38 }, "geometry": { "type": "Point", "coordinates": [ -64.5083724, -31.0074328 ] } },
{ "type": "Feature", "properties": { "Name": "65.38", "P.K.": null, "Al.Dist. Izq.": 25, "Al.Dist. Der.": 25, "Ruta": 38 }, "geometry": { "type": "Point", "coordinates": [ -64.5083284, -31.0068661 ] } },
{ "type": "Feature", "properties": { "Name": "65.47", "P.K.": null, "Al.Dist. Izq.": 25, "Al.Dist. Der.": 25, "Ruta": 38 }, "geometry": { "type": "Point", "coordinates": [ -64.5079698, -31.0060955 ] } },
{ "type": "Feature", "properties": { "Name": "65.49", "P.K.": null, "Al.Dist. Izq.": 25, "Al.Dist. Der.": 25, "Ruta": 38 }, "geometry": { "type": "Point", "coordinates": [ -64.5079238, -31.0059396 ] } },
{ "type": "Feature", "properties": { "Name": "65.5", "P.K.": null, "Al.Dist. Izq.": 25, "Al.Dist. Der.": 25, "Ruta": 38 }, "geometry": { "type": "Point", "coordinates": [ -64.5078581, -31.0057063 ] } },
{ "type": "Feature", "properties": { "Name": "65.52", "P.K.": null, "Al.Dist. Izq.": 25, "Al.Dist. Der.": 25, "Ruta": 38 }, "geometry": { "type": "Point", "coordinates": [ -64.5077281, -31.0055763 ] } },
{ "type": "Feature", "properties": { "Name": "65.58", "P.K.": null, "Al.Dist. Izq.": 25, "Al.Dist. Der.": 25, "Ruta": 38 }, "geometry": { "type": "Point", "coordinates": [ -64.5074482, -31.0050655 ] } },
{ "type": "Feature", "properties": { "Name": "65.6", "P.K.": null, "Al.Dist. Izq.": 25, "Al.Dist. Der.": 25, "Ruta": 38 }, "geometry": { "type": "Point", "coordinates": [ -64.5074681, -31.0048985 ] } },
{ "type": "Feature", "properties": { "Name": "65.61", "P.K.": null, "Al.Dist. Izq.": 25, "Al.Dist. Der.": 25, "Ruta": 38 }, "geometry": { "type": "Point", "coordinates": [ -64.5073208, -31.0048444 ] } },
{ "type": "Feature", "properties": { "Name": "65.63", "P.K.": null, "Al.Dist. Izq.": 25, "Al.Dist. Der.": 25, "Ruta": 38 }, "geometry": { "type": "Point", "coordinates": [ -64.5073036, -31.0046468 ] } },
{ "type": "Feature", "properties": { "Name": "65.65", "P.K.": null, "Al.Dist. Izq.": 25, "Al.Dist. Der.": 25, "Ruta": 38 }, "geometry": { "type": "Point", "coordinates": [ -64.5072502, -31.0044666 ] } },
{ "type": "Feature", "properties": { "Name": "65.66", "P.K.": null, "Al.Dist. Izq.": 25, "Al.Dist. Der.": 25, "Ruta": 38 }, "geometry": { "type": "Point", "coordinates": [ -64.5071219, -31.0044352 ] } },
{ "type": "Feature", "properties": { "Name": "65.77", "P.K.": null, "Al.Dist. Izq.": 25, "Al.Dist. Der.": 25, "Ruta": 38 }, "geometry": { "type": "Point", "coordinates": [ -64.5066845, -31.0035666 ] } },
{ "type": "Feature", "properties": { "Name": "65.78", "P.K.": null, "Al.Dist. Izq.": 25, "Al.Dist. Der.": 25, "Ruta": 38 }, "geometry": { "type": "Point", "coordinates": [ -64.5067114, -31.0034202 ] } },
{ "type": "Feature", "properties": { "Name": "65.79", "P.K.": null, "Al.Dist. Izq.": 25, "Al.Dist. Der.": 25, "Ruta": 38 }, "geometry": { "type": "Point", "coordinates": [ -64.5066816, -31.003338 ] } },
{ "type": "Feature", "properties": { "Name": "65.79", "P.K.": null, "Al.Dist. Izq.": 25, "Al.Dist. Der.": 25, "Ruta": 38 }, "geometry": { "type": "Point", "coordinates": [ -64.5066816, -31.003338 ] } },
{ "type": "Feature", "properties": { "Name": "65.8", "P.K.": null, "Al.Dist. Izq.": 25, "Al.Dist. Der.": 25, "Ruta": 38 }, "geometry": { "type": "Point", "coordinates": [ -64.5065881, -31.0032563 ] } },
{ "type": "Feature", "properties": { "Name": "65.83", "P.K.": null, "Al.Dist. Izq.": 25, "Al.Dist. Der.": 25, "Ruta": 38 }, "geometry": { "type": "Point", "coordinates": [ -64.506534, -31.0029739 ] } },
{ "type": "Feature", "properties": { "Name": "65.84", "P.K.": null, "Al.Dist. Izq.": 25, "Al.Dist. Der.": 25, "Ruta": 38 }, "geometry": { "type": "Point", "coordinates": [ -64.5063161, -31.0028323 ] } },
{ "type": "Feature", "properties": { "Name": "65.87", "P.K.": null, "Al.Dist. Izq.": 25, "Al.Dist. Der.": 25, "Ruta": 38 }, "geometry": { "type": "Point", "coordinates": [ -64.5063153, -31.002575 ] } },
{ "type": "Feature", "properties": { "Name": "65.92", "P.K.": null, "Al.Dist. Izq.": 25, "Al.Dist. Der.": 25, "Ruta": 38 }, "geometry": { "type": "Point", "coordinates": [ -64.5062, -31.0021 ] } },
{ "type": "Feature", "properties": { "Name": "66", "P.K.": "PK66", "Al.Dist. Izq.": 25, "Al.Dist. Der.": 25, "Ruta": 38 }, "geometry": { "type": "Point", "coordinates": [ -64.5063695, -31.0014027 ] } },
{ "type": "Feature", "properties": { "Name": "66.04", "P.K.": null, "Al.Dist. Izq.": 25, "Al.Dist. Der.": 25, "Ruta": 38 }, "geometry": { "type": "Point", "coordinates": [ -64.5064516, -31.0010574 ] } },
{ "type": "Feature", "properties": { "Name": "66.07", "P.K.": null, "Al.Dist. Izq.": 25, "Al.Dist. Der.": 25, "Ruta": 38 }, "geometry": { "type": "Point", "coordinates": [ -64.5066484, -31.0008346 ] } },
{ "type": "Feature", "properties": { "Name": "66.08", "P.K.": null, "Al.Dist. Izq.": 25, "Al.Dist. Der.": 25, "Ruta": 38 }, "geometry": { "type": "Point", "coordinates": [ -64.5067392, -31.000799 ] } },
{ "type": "Feature", "properties": { "Name": "66.11", "P.K.": null, "Al.Dist. Izq.": 25, "Al.Dist. Der.": 25, "Ruta": 38 }, "geometry": { "type": "Point", "coordinates": [ -64.5068246, -31.0006081 ] } },
{ "type": "Feature", "properties": { "Name": "66.13", "P.K.": null, "Al.Dist. Izq.": 25, "Al.Dist. Der.": 25, "Ruta": 38 }, "geometry": { "type": "Point", "coordinates": [ -64.5070242, -31.0005099 ] } },
{ "type": "Feature", "properties": { "Name": "66.16", "P.K.": null, "Al.Dist. Izq.": 25, "Al.Dist. Der.": 25, "Ruta": 38 }, "geometry": { "type": "Point", "coordinates": [ -64.5071633, -31.0002855 ] } },
{ "type": "Feature", "properties": { "Name": "66.18", "P.K.": null, "Al.Dist. Izq.": 25, "Al.Dist. Der.": 25, "Ruta": 38 }, "geometry": { "type": "Point", "coordinates": [ -64.5073226, -31.0001156 ] } },
{ "type": "Feature", "properties": { "Name": "66.21", "P.K.": null, "Al.Dist. Izq.": 25, "Al.Dist. Der.": 25, "Ruta": 38 }, "geometry": { "type": "Point", "coordinates": [ -64.5074141, -30.99994 ] } },
{ "type": "Feature", "properties": { "Name": "66.27", "P.K.": null, "Al.Dist. Izq.": 25, "Al.Dist. Der.": 25, "Ruta": 38 }, "geometry": { "type": "Point", "coordinates": [ -64.5075469, -30.9993569 ] } },
{ "type": "Feature", "properties": { "Name": "66.28", "P.K.": null, "Al.Dist. Izq.": 25, "Al.Dist. Der.": 25, "Ruta": 38 }, "geometry": { "type": "Point", "coordinates": [ -64.5077, -30.9993 ] } },
{ "type": "Feature", "properties": { "Name": "66.35", "P.K.": null, "Al.Dist. Izq.": 25, "Al.Dist. Der.": 25, "Ruta": 38 }, "geometry": { "type": "Point", "coordinates": [ -64.5080904, -30.9988816 ] } },
{ "type": "Feature", "properties": { "Name": "66.41", "P.K.": null, "Al.Dist. Izq.": 25, "Al.Dist. Der.": 25, "Ruta": 38 }, "geometry": { "type": "Point", "coordinates": [ -64.508431, -30.9983844 ] } },
{ "type": "Feature", "properties": { "Name": "66.45", "P.K.": null, "Al.Dist. Izq.": 25, "Al.Dist. Der.": 25, "Ruta": 38 }, "geometry": { "type": "Point", "coordinates": [ -64.5086372, -30.9980593 ] } },
{ "type": "Feature", "properties": { "Name": "66.49", "P.K.": null, "Al.Dist. Izq.": 25, "Al.Dist. Der.": 25, "Ruta": 38 }, "geometry": { "type": "Point", "coordinates": [ -64.5087179, -30.9977036 ] } },
{ "type": "Feature", "properties": { "Name": "66.51", "P.K.": null, "Al.Dist. Izq.": 25, "Al.Dist. Der.": 25, "Ruta": 38 }, "geometry": { "type": "Point", "coordinates": [ -64.5087645, -30.9976251 ] } },
{ "type": "Feature", "properties": { "Name": "66.63", "P.K.": null, "Al.Dist. Izq.": 25, "Al.Dist. Der.": 25, "Ruta": 38 }, "geometry": { "type": "Point", "coordinates": [ -64.509227, -30.9966652 ] } },
{ "type": "Feature", "properties": { "Name": "66.68", "P.K.": null, "Al.Dist. Izq.": 25, "Al.Dist. Der.": 25, "Ruta": 38 }, "geometry": { "type": "Point", "coordinates": [ -64.5092776, -30.9961617 ] } },
{ "type": "Feature", "properties": { "Name": "66.74", "P.K.": null, "Al.Dist. Izq.": 25, "Al.Dist. Der.": 25, "Ruta": 38 }, "geometry": { "type": "Point", "coordinates": [ -64.5096685, -30.9957811 ] } },
{ "type": "Feature", "properties": { "Name": "66.78", "P.K.": null, "Al.Dist. Izq.": 25, "Al.Dist. Der.": 25, "Ruta": 38 }, "geometry": { "type": "Point", "coordinates": [ -64.5097098, -30.9954521 ] } },
{ "type": "Feature", "properties": { "Name": "66.88", "P.K.": null, "Al.Dist. Izq.": 25, "Al.Dist. Der.": 25, "Ruta": 38 }, "geometry": { "type": "Point", "coordinates": [ -64.5100593, -30.9946092 ] } },
{ "type": "Feature", "properties": { "Name": "66.89", "P.K.": null, "Al.Dist. Izq.": 25, "Al.Dist. Der.": 25, "Ruta": 38 }, "geometry": { "type": "Point", "coordinates": [ -64.5101309, -30.9945177 ] } },
{ "type": "Feature", "properties": { "Name": "66.91", "P.K.": null, "Al.Dist. Izq.": 25, "Al.Dist. Der.": 25, "Ruta": 38 }, "geometry": { "type": "Point", "coordinates": [ -64.5100675, -30.9944056 ] } },
{ "type": "Feature", "properties": { "Name": "66.92", "P.K.": null, "Al.Dist. Izq.": 25, "Al.Dist. Der.": 25, "Ruta": 38 }, "geometry": { "type": "Point", "coordinates": [ -64.510177, -30.9943625 ] } },
{ "type": "Feature", "properties": { "Name": "66.96", "P.K.": null, "Al.Dist. Izq.": 25, "Al.Dist. Der.": 25, "Ruta": 38 }, "geometry": { "type": "Point", "coordinates": [ -64.5103015, -30.9939665 ] } },
{ "type": "Feature", "properties": { "Name": "67", "P.K.": "PK67", "Al.Dist. Izq.": 25, "Al.Dist. Der.": 25, "Ruta": 38 }, "geometry": { "type": "Point", "coordinates": [ -64.5104719, -30.9936253 ] } },
{ "type": "Feature", "properties": { "Name": "67.01", "P.K.": null, "Al.Dist. Izq.": 25, "Al.Dist. Der.": 25, "Ruta": 38 }, "geometry": { "type": "Point", "coordinates": [ -64.5106794, -30.9936196 ] } },
{ "type": "Feature", "properties": { "Name": "67.04", "P.K.": null, "Al.Dist. Izq.": 25, "Al.Dist. Der.": 25, "Ruta": 38 }, "geometry": { "type": "Point", "coordinates": [ -64.5108581, -30.9934503 ] } },
{ "type": "Feature", "properties": { "Name": "67.05", "P.K.": null, "Al.Dist. Izq.": 25, "Al.Dist. Der.": 25, "Ruta": 38 }, "geometry": { "type": "Point", "coordinates": [ -64.5109409, -30.9933816 ] } },
{ "type": "Feature", "properties": { "Name": "67.07", "P.K.": null, "Al.Dist. Izq.": 25, "Al.Dist. Der.": 25, "Ruta": 38 }, "geometry": { "type": "Point", "coordinates": [ -64.510696, -30.9930274 ] } },
{ "type": "Feature", "properties": { "Name": "67.09", "P.K.": null, "Al.Dist. Izq.": 25, "Al.Dist. Der.": 25, "Ruta": 38 }, "geometry": { "type": "Point", "coordinates": [ -64.5108031, -30.9929114 ] } },
{ "type": "Feature", "properties": { "Name": "67.14", "P.K.": null, "Al.Dist. Izq.": 25, "Al.Dist. Der.": 25, "Ruta": 38 }, "geometry": { "type": "Point", "coordinates": [ -64.5112061, -30.9925634 ] } },
{ "type": "Feature", "properties": { "Name": "67.19", "P.K.": null, "Al.Dist. Izq.": 25, "Al.Dist. Der.": 25, "Ruta": 38 }, "geometry": { "type": "Point", "coordinates": [ -64.5114636, -30.99214 ] } },
{ "type": "Feature", "properties": { "Name": "67.23", "P.K.": null, "Al.Dist. Izq.": 25, "Al.Dist. Der.": 25, "Ruta": 38 }, "geometry": { "type": "Point", "coordinates": [ -64.5113349, -30.991735 ] } },
{ "type": "Feature", "properties": { "Name": "67.38", "P.K.": null, "Al.Dist. Izq.": 25, "Al.Dist. Der.": 25, "Ruta": 38 }, "geometry": { "type": "Point", "coordinates": [ -64.5115742, -30.9904977 ] } },
{ "type": "Feature", "properties": { "Name": "67.41", "P.K.": null, "Al.Dist. Izq.": 25, "Al.Dist. Der.": 25, "Ruta": 38 }, "geometry": { "type": "Point", "coordinates": [ -64.511699, -30.9901836 ] } },
{ "type": "Feature", "properties": { "Name": "67.43", "P.K.": null, "Al.Dist. Izq.": 25, "Al.Dist. Der.": 25, "Ruta": 38 }, "geometry": { "type": "Point", "coordinates": [ -64.5115541, -30.989985 ] } },
{ "type": "Feature", "properties": { "Name": "67.49", "P.K.": null, "Al.Dist. Izq.": 25, "Al.Dist. Der.": 25, "Ruta": 38 }, "geometry": { "type": "Point", "coordinates": [ -64.5116304, -30.98944 ] } },
{ "type": "Feature", "properties": { "Name": "67.5", "P.K.": null, "Al.Dist. Izq.": 25, "Al.Dist. Der.": 25, "Ruta": 38 }, "geometry": { "type": "Point", "coordinates": [ -64.5115132, -30.989371 ] } },
{ "type": "Feature", "properties": { "Name": "67.64", "P.K.": null, "Al.Dist. Izq.": 25, "Al.Dist. Der.": 25, "Ruta": 38 }, "geometry": { "type": "Point", "coordinates": [ -64.5117841, -30.9881443 ] } },
{ "type": "Feature", "properties": { "Name": "67.65", "P.K.": null, "Al.Dist. Izq.": 25, "Al.Dist. Der.": 25, "Ruta": 38 }, "geometry": { "type": "Point", "coordinates": [ -64.5116758, -30.9880773 ] } },
{ "type": "Feature", "properties": { "Name": "67.68", "P.K.": null, "Al.Dist. Izq.": 25, "Al.Dist. Der.": 25, "Ruta": 38 }, "geometry": { "type": "Point", "coordinates": [ -64.5115655, -30.9877485 ] } },
{ "type": "Feature", "properties": { "Name": "67.71", "P.K.": null, "Al.Dist. Izq.": 25, "Al.Dist. Der.": 25, "Ruta": 38 }, "geometry": { "type": "Point", "coordinates": [ -64.5117, -30.9875 ] } },
{ "type": "Feature", "properties": { "Name": "67.73", "P.K.": null, "Al.Dist. Izq.": 25, "Al.Dist. Der.": 25, "Ruta": 38 }, "geometry": { "type": "Point", "coordinates": [ -64.5117013, -30.9873542 ] } },
{ "type": "Feature", "properties": { "Name": "67.73", "P.K.": null, "Al.Dist. Izq.": 25, "Al.Dist. Der.": 25, "Ruta": 38 }, "geometry": { "type": "Point", "coordinates": [ -64.5119471, -30.9873286 ] } },
{ "type": "Feature", "properties": { "Name": "67.76", "P.K.": null, "Al.Dist. Izq.": 25, "Al.Dist. Der.": 25, "Ruta": 38 }, "geometry": { "type": "Point", "coordinates": [ -64.512, -30.9871 ] } },
{ "type": "Feature", "properties": { "Name": "67.83", "P.K.": null, "Al.Dist. Izq.": 25, "Al.Dist. Der.": 25, "Ruta": 38 }, "geometry": { "type": "Point", "coordinates": [ -64.5118267, -30.9864382 ] } },
{ "type": "Feature", "properties": { "Name": "67.89", "P.K.": null, "Al.Dist. Izq.": 25, "Al.Dist. Der.": 25, "Ruta": 38 }, "geometry": { "type": "Point", "coordinates": [ -64.5121586, -30.9858874 ] } },
{ "type": "Feature", "properties": { "Name": "67.91", "P.K.": null, "Al.Dist. Izq.": 25, "Al.Dist. Der.": 25, "Ruta": 38 }, "geometry": { "type": "Point", "coordinates": [ -64.5121992, -30.9857469 ] } },
{ "type": "Feature", "properties": { "Name": "67.95", "P.K.": null, "Al.Dist. Izq.": 25, "Al.Dist. Der.": 25, "Ruta": 38 }, "geometry": { "type": "Point", "coordinates": [ -64.5121848, -30.9854135 ] } },
{ "type": "Feature", "properties": { "Name": "67.96", "P.K.": null, "Al.Dist. Izq.": 25, "Al.Dist. Der.": 25, "Ruta": 38 }, "geometry": { "type": "Point", "coordinates": [ -64.5120548, -30.9852835 ] } },
{ "type": "Feature", "properties": { "Name": "68", "P.K.": "PK68", "Al.Dist. Izq.": 25, "Al.Dist. Der.": 25, "Ruta": 38 }, "geometry": { "type": "Point", "coordinates": [ -64.5122995, -30.9849185 ] } },
{ "type": "Feature", "properties": { "Name": "68.01", "P.K.": null, "Al.Dist. Izq.": 25, "Al.Dist. Der.": 25, "Ruta": 38 }, "geometry": { "type": "Point", "coordinates": [ -64.5123357, -30.9848464 ] } },
{ "type": "Feature", "properties": { "Name": "68.03", "P.K.": null, "Al.Dist. Izq.": 25, "Al.Dist. Der.": 25, "Ruta": 38 }, "geometry": { "type": "Point", "coordinates": [ -64.5122887, -30.9846322 ] } },
{ "type": "Feature", "properties": { "Name": "68.04", "P.K.": null, "Al.Dist. Izq.": 25, "Al.Dist. Der.": 25, "Ruta": 38 }, "geometry": { "type": "Point", "coordinates": [ -64.5124245, -30.9846236 ] } },
{ "type": "Feature", "properties": { "Name": "68.05", "P.K.": null, "Al.Dist. Izq.": 25, "Al.Dist. Der.": 25, "Ruta": 38 }, "geometry": { "type": "Point", "coordinates": [ -64.5123772, -30.984498 ] } },
{ "type": "Feature", "properties": { "Name": "68.06", "P.K.": null, "Al.Dist. Izq.": 25, "Al.Dist. Der.": 25, "Ruta": 38 }, "geometry": { "type": "Point", "coordinates": [ -64.512337, -30.9843589 ] } },
{ "type": "Feature", "properties": { "Name": "68.11", "P.K.": null, "Al.Dist. Izq.": 25, "Al.Dist. Der.": 25, "Ruta": 38 }, "geometry": { "type": "Point", "coordinates": [ -64.5124768, -30.9839145 ] } },
{ "type": "Feature", "properties": { "Name": "68.15", "P.K.": null, "Al.Dist. Izq.": 25, "Al.Dist. Der.": 25, "Ruta": 38 }, "geometry": { "type": "Point", "coordinates": [ -64.5126032, -30.9835995 ] } },
{ "type": "Feature", "properties": { "Name": "68.18", "P.K.": null, "Al.Dist. Izq.": 25, "Al.Dist. Der.": 25, "Ruta": 38 }, "geometry": { "type": "Point", "coordinates": [ -64.512607, -30.9832992 ] } },
{ "type": "Feature", "properties": { "Name": "68.33", "P.K.": null, "Al.Dist. Izq.": 25, "Al.Dist. Der.": 25, "Ruta": 38 }, "geometry": { "type": "Point", "coordinates": [ -64.5129107, -30.9818814 ] } },
{ "type": "Feature", "properties": { "Name": "68.35", "P.K.": null, "Al.Dist. Izq.": 25, "Al.Dist. Der.": 25, "Ruta": 38 }, "geometry": { "type": "Point", "coordinates": [ -64.5134196, -30.9819507 ] } },
{ "type": "Feature", "properties": { "Name": "68.38", "P.K.": null, "Al.Dist. Izq.": 25, "Al.Dist. Der.": 25, "Ruta": 38 }, "geometry": { "type": "Point", "coordinates": [ -64.5136473, -30.9817326 ] } },
{ "type": "Feature", "properties": { "Name": "68.42", "P.K.": null, "Al.Dist. Izq.": 25, "Al.Dist. Der.": 25, "Ruta": 38 }, "geometry": { "type": "Point", "coordinates": [ -64.5136526, -30.9813046 ] } },
{ "type": "Feature", "properties": { "Name": "68.46", "P.K.": null, "Al.Dist. Izq.": 25, "Al.Dist. Der.": 25, "Ruta": 38 }, "geometry": { "type": "Point", "coordinates": [ -64.5141267, -30.9811835 ] } },
{ "type": "Feature", "properties": { "Name": "68.51", "P.K.": null, "Al.Dist. Izq.": 25, "Al.Dist. Der.": 25, "Ruta": 38 }, "geometry": { "type": "Point", "coordinates": [ -64.5142705, -30.9806247 ] } },
{ "type": "Feature", "properties": { "Name": "68.52", "P.K.": null, "Al.Dist. Izq.": 25, "Al.Dist. Der.": 25, "Ruta": 38 }, "geometry": { "type": "Point", "coordinates": [ -64.5145495, -30.9807345 ] } },
{ "type": "Feature", "properties": { "Name": "68.59", "P.K.": null, "Al.Dist. Izq.": 25, "Al.Dist. Der.": 25, "Ruta": 38 }, "geometry": { "type": "Point", "coordinates": [ -64.5148596, -30.980174 ] } },
{ "type": "Feature", "properties": { "Name": "68.7", "P.K.": null, "Al.Dist. Izq.": 25, "Al.Dist. Der.": 25, "Ruta": 38 }, "geometry": { "type": "Point", "coordinates": [ -64.5156, -30.9794 ] } },
{ "type": "Feature", "properties": { "Name": "68.72", "P.K.": null, "Al.Dist. Izq.": 25, "Al.Dist. Der.": 25, "Ruta": 38 }, "geometry": { "type": "Point", "coordinates": [ -64.5159298, -30.9793261 ] } },
{ "type": "Feature", "properties": { "Name": "68.81", "P.K.": null, "Al.Dist. Izq.": 25, "Al.Dist. Der.": 25, "Ruta": 38 }, "geometry": { "type": "Point", "coordinates": [ -64.5165404, -30.9786721 ] } },
{ "type": "Feature", "properties": { "Name": "68.96", "P.K.": null, "Al.Dist. Izq.": 25, "Al.Dist. Der.": 25, "Ruta": 38 }, "geometry": { "type": "Point", "coordinates": [ -64.5171831, -30.9773777 ] } },
{ "type": "Feature", "properties": { "Name": "68.98", "P.K.": null, "Al.Dist. Izq.": 25, "Al.Dist. Der.": 25, "Ruta": 38 }, "geometry": { "type": "Point", "coordinates": [ -64.5173058, -30.9772342 ] } },
{ "type": "Feature", "properties": { "Name": "69", "P.K.": "PK69", "Al.Dist. Izq.": 25, "Al.Dist. Der.": 25, "Ruta": 38 }, "geometry": { "type": "Point", "coordinates": [ -64.5171928, -30.9769896 ] } },
{ "type": "Feature", "properties": { "Name": "69.05", "P.K.": null, "Al.Dist. Izq.": 25, "Al.Dist. Der.": 25, "Ruta": 38 }, "geometry": { "type": "Point", "coordinates": [ -64.5173839, -30.9765964 ] } },
{ "type": "Feature", "properties": { "Name": "69.06", "P.K.": null, "Al.Dist. Izq.": 25, "Al.Dist. Der.": 25, "Ruta": 38 }, "geometry": { "type": "Point", "coordinates": [ -64.5174476, -30.9764544 ] } },
{ "type": "Feature", "properties": { "Name": "69.07", "P.K.": null, "Al.Dist. Izq.": 25, "Al.Dist. Der.": 25, "Ruta": 38 }, "geometry": { "type": "Point", "coordinates": [ -64.5176511, -30.9764791 ] } },
{ "type": "Feature", "properties": { "Name": "69.14", "P.K.": null, "Al.Dist. Izq.": 25, "Al.Dist. Der.": 25, "Ruta": 38 }, "geometry": { "type": "Point", "coordinates": [ -64.51769, -30.9759406 ] } },
{ "type": "Feature", "properties": { "Name": "69.16", "P.K.": null, "Al.Dist. Izq.": 25, "Al.Dist. Der.": 25, "Ruta": 38 }, "geometry": { "type": "Point", "coordinates": [ -64.5178436, -30.9757458 ] } },
{ "type": "Feature", "properties": { "Name": "69.21", "P.K.": null, "Al.Dist. Izq.": 25, "Al.Dist. Der.": 25, "Ruta": 38 }, "geometry": { "type": "Point", "coordinates": [ -64.5177608, -30.9752146 ] } },
{ "type": "Feature", "properties": { "Name": "69.39", "P.K.": null, "Al.Dist. Izq.": 25, "Al.Dist. Der.": 25, "Ruta": 38 }, "geometry": { "type": "Point", "coordinates": [ -64.518428, -30.9738197 ] } },
{ "type": "Feature", "properties": { "Name": "69.56", "P.K.": null, "Al.Dist. Izq.": 25, "Al.Dist. Der.": 25, "Ruta": 38 }, "geometry": { "type": "Point", "coordinates": [ -64.5187232, -30.9724173 ] } },
{ "type": "Feature", "properties": { "Name": "69.61", "P.K.": null, "Al.Dist. Izq.": 25, "Al.Dist. Der.": 25, "Ruta": 38 }, "geometry": { "type": "Point", "coordinates": [ -64.5187355, -30.9720588 ] } },
{ "type": "Feature", "properties": { "Name": "69.8", "P.K.": null, "Al.Dist. Izq.": 25, "Al.Dist. Der.": 25, "Ruta": 38 }, "geometry": { "type": "Point", "coordinates": [ -64.5188387, -30.970379 ] } },
{ "type": "Feature", "properties": { "Name": "69.81", "P.K.": null, "Al.Dist. Izq.": 25, "Al.Dist. Der.": 25, "Ruta": 38 }, "geometry": { "type": "Point", "coordinates": [ -64.518666, -30.9703034 ] } },
{ "type": "Feature", "properties": { "Name": "69.82", "P.K.": null, "Al.Dist. Izq.": 25, "Al.Dist. Der.": 25, "Ruta": 38 }, "geometry": { "type": "Point", "coordinates": [ -64.5187951, -30.9702842 ] } },
{ "type": "Feature", "properties": { "Name": "69.87", "P.K.": null, "Al.Dist. Izq.": 25, "Al.Dist. Der.": 25, "Ruta": 38 }, "geometry": { "type": "Point", "coordinates": [ -64.5188041, -30.9697575 ] } },
{ "type": "Feature", "properties": { "Name": "69.91", "P.K.": null, "Al.Dist. Izq.": 25, "Al.Dist. Der.": 25, "Ruta": 38 }, "geometry": { "type": "Point", "coordinates": [ -64.5187073, -30.9694404 ] } },
{ "type": "Feature", "properties": { "Name": "69.93", "P.K.": null, "Al.Dist. Izq.": 25, "Al.Dist. Der.": 25, "Ruta": 38 }, "geometry": { "type": "Point", "coordinates": [ -64.5188045, -30.9693513 ] } },
{ "type": "Feature", "properties": { "Name": "70", "P.K.": "PK70", "Al.Dist. Izq.": 25, "Al.Dist. Der.": 25, "Ruta": 38 }, "geometry": { "type": "Point", "coordinates": [ -64.518776, -30.9687427 ] } },
{ "type": "Feature", "properties": { "Name": "70.09", "P.K.": null, "Al.Dist. Izq.": 25, "Al.Dist. Der.": 25, "Ruta": 38 }, "geometry": { "type": "Point", "coordinates": [ -64.5186378, -30.9679159 ] } },
{ "type": "Feature", "properties": { "Name": "70.18", "P.K.": null, "Al.Dist. Izq.": 25, "Al.Dist. Der.": 25, "Ruta": 38 }, "geometry": { "type": "Point", "coordinates": [ -64.5188705, -30.9669882 ] } },
{ "type": "Feature", "properties": { "Name": "70.19", "P.K.": null, "Al.Dist. Izq.": 25, "Al.Dist. Der.": 25, "Ruta": 38 }, "geometry": { "type": "Point", "coordinates": [ -64.518541, -30.96695 ] } },
{ "type": "Feature", "properties": { "Name": "70.34", "P.K.": null, "Al.Dist. Izq.": 25, "Al.Dist. Der.": 25, "Ruta": 38 }, "geometry": { "type": "Point", "coordinates": [ -64.5185352, -30.9655401 ] } },
{ "type": "Feature", "properties": { "Name": "70.61", "P.K.": null, "Al.Dist. Izq.": 25, "Al.Dist. Der.": 25, "Ruta": 38 }, "geometry": { "type": "Point", "coordinates": [ -64.5184323, -30.9629894 ] } },
{ "type": "Feature", "properties": { "Name": "70.64", "P.K.": null, "Al.Dist. Izq.": 25, "Al.Dist. Der.": 25, "Ruta": 38 }, "geometry": { "type": "Point", "coordinates": [ -64.518435, -30.9627019 ] } },
{ "type": "Feature", "properties": { "Name": "70.66", "P.K.": null, "Al.Dist. Izq.": 25, "Al.Dist. Der.": 25, "Ruta": 38 }, "geometry": { "type": "Point", "coordinates": [ -64.5185074, -30.9624633 ] } },
{ "type": "Feature", "properties": { "Name": "70.7", "P.K.": null, "Al.Dist. Izq.": 25, "Al.Dist. Der.": 25, "Ruta": 38 }, "geometry": { "type": "Point", "coordinates": [ -64.5185356, -30.9621295 ] } },
{ "type": "Feature", "properties": { "Name": "70.73", "P.K.": null, "Al.Dist. Izq.": 25, "Al.Dist. Der.": 25, "Ruta": 38 }, "geometry": { "type": "Point", "coordinates": [ -64.5185373, -30.961901 ] } },
{ "type": "Feature", "properties": { "Name": "70.74", "P.K.": null, "Al.Dist. Izq.": 25, "Al.Dist. Der.": 25, "Ruta": 38 }, "geometry": { "type": "Point", "coordinates": [ -64.5184595, -30.9617549 ] } },
{ "type": "Feature", "properties": { "Name": "71", "P.K.": "PK71", "Al.Dist. Izq.": 25, "Al.Dist. Der.": 25, "Ruta": 38 }, "geometry": { "type": "Point", "coordinates": [ -64.5191805, -30.9594244 ] } },
{ "type": "Feature", "properties": { "Name": "71.01", "P.K.": null, "Al.Dist. Izq.": 25, "Al.Dist. Der.": 25, "Ruta": 38 }, "geometry": { "type": "Point", "coordinates": [ -64.5194304, -30.9595155 ] } },
{ "type": "Feature", "properties": { "Name": "71.12", "P.K.": null, "Al.Dist. Izq.": 25, "Al.Dist. Der.": 25, "Ruta": 38 }, "geometry": { "type": "Point", "coordinates": [ -64.52, -30.9586 ] } },
{ "type": "Feature", "properties": { "Name": "71.17", "P.K.": null, "Al.Dist. Izq.": 25, "Al.Dist. Der.": 25, "Ruta": 38 }, "geometry": { "type": "Point", "coordinates": [ -64.520336, -30.958228 ] } },
{ "type": "Feature", "properties": { "Name": "71.31", "P.K.": null, "Al.Dist. Izq.": 25, "Al.Dist. Der.": 25, "Ruta": 38 }, "geometry": { "type": "Point", "coordinates": [ -64.5213748, -30.9572673 ] } },
{ "type": "Feature", "properties": { "Name": "71.37", "P.K.": null, "Al.Dist. Izq.": 25, "Al.Dist. Der.": 25, "Ruta": 38 }, "geometry": { "type": "Point", "coordinates": [ -64.5218699, -30.9569544 ] } },
{ "type": "Feature", "properties": { "Name": "71.38", "P.K.": null, "Al.Dist. Izq.": 25, "Al.Dist. Der.": 25, "Ruta": 38 }, "geometry": { "type": "Point", "coordinates": [ -64.5218489, -30.9567895 ] } },
{ "type": "Feature", "properties": { "Name": "71.41", "P.K.": null, "Al.Dist. Izq.": 25, "Al.Dist. Der.": 25, "Ruta": 38 }, "geometry": { "type": "Point", "coordinates": [ -64.5220687, -30.9565921 ] } },
{ "type": "Feature", "properties": { "Name": "71.59", "P.K.": null, "Al.Dist. Izq.": 25, "Al.Dist. Der.": 25, "Ruta": 38 }, "geometry": { "type": "Point", "coordinates": [ -64.522773, -30.9550155 ] } },
{ "type": "Feature", "properties": { "Name": "71.78", "P.K.": null, "Al.Dist. Izq.": 25, "Al.Dist. Der.": 25, "Ruta": 38 }, "geometry": { "type": "Point", "coordinates": [ -64.5232593, -30.9533862 ] } },
{ "type": "Feature", "properties": { "Name": "71.8", "P.K.": null, "Al.Dist. Izq.": 25, "Al.Dist. Der.": 25, "Ruta": 38 }, "geometry": { "type": "Point", "coordinates": [ -64.5233572, -30.953178 ] } },
{ "type": "Feature", "properties": { "Name": "71.86", "P.K.": null, "Al.Dist. Izq.": 25, "Al.Dist. Der.": 25, "Ruta": 38 }, "geometry": { "type": "Point", "coordinates": [ -64.5234742, -30.9526125 ] } },
{ "type": "Feature", "properties": { "Name": "71.96", "P.K.": null, "Al.Dist. Izq.": 25, "Al.Dist. Der.": 25, "Ruta": 38 }, "geometry": { "type": "Point", "coordinates": [ -64.5238249, -30.9517194 ] } },
{ "type": "Feature", "properties": { "Name": "71.98", "P.K.": null, "Al.Dist. Izq.": 25, "Al.Dist. Der.": 25, "Ruta": 38 }, "geometry": { "type": "Point", "coordinates": [ -64.52382, -30.9515149 ] } },
{ "type": "Feature", "properties": { "Name": "72", "P.K.": "PK72", "Al.Dist. Izq.": 25, "Al.Dist. Der.": 25, "Ruta": 38 }, "geometry": { "type": "Point", "coordinates": [ -64.5238382, -30.9513234 ] } },
{ "type": "Feature", "properties": { "Name": "72.01", "P.K.": null, "Al.Dist. Izq.": 25, "Al.Dist. Der.": 25, "Ruta": 38 }, "geometry": { "type": "Point", "coordinates": [ -64.5239308, -30.9512996 ] } },
{ "type": "Feature", "properties": { "Name": "72.31", "P.K.": null, "Al.Dist. Izq.": 25, "Al.Dist. Der.": 25, "Ruta": 38 }, "geometry": { "type": "Point", "coordinates": [ -64.522928, -30.9490713 ] } },
{ "type": "Feature", "properties": { "Name": "72.39", "P.K.": null, "Al.Dist. Izq.": 25, "Al.Dist. Der.": 25, "Ruta": 38 }, "geometry": { "type": "Point", "coordinates": [ -64.5225193, -30.9485944 ] } },
{ "type": "Feature", "properties": { "Name": "72.43", "P.K.": null, "Al.Dist. Izq.": 25, "Al.Dist. Der.": 25, "Ruta": 38 }, "geometry": { "type": "Point", "coordinates": [ -64.5221949, -30.9483081 ] } },
{ "type": "Feature", "properties": { "Name": "72.57", "P.K.": null, "Al.Dist. Izq.": 25, "Al.Dist. Der.": 25, "Ruta": 38 }, "geometry": { "type": "Point", "coordinates": [ -64.5214159, -30.9475521 ] } },
{ "type": "Feature", "properties": { "Name": "72.61", "P.K.": null, "Al.Dist. Izq.": 25, "Al.Dist. Der.": 25, "Ruta": 38 }, "geometry": { "type": "Point", "coordinates": [ -64.5213143, -30.9471417 ] } },
{ "type": "Feature", "properties": { "Name": "72.64", "P.K.": null, "Al.Dist. Izq.": 25, "Al.Dist. Der.": 25, "Ruta": 38 }, "geometry": { "type": "Point", "coordinates": [ -64.5211231, -30.9470758 ] } },
{ "type": "Feature", "properties": { "Name": "72.73", "P.K.": null, "Al.Dist. Izq.": 25, "Al.Dist. Der.": 25, "Ruta": 38 }, "geometry": { "type": "Point", "coordinates": [ -64.5207229, -30.9463438 ] } },
{ "type": "Feature", "properties": { "Name": "72.74", "P.K.": null, "Al.Dist. Izq.": 25, "Al.Dist. Der.": 25, "Ruta": 38 }, "geometry": { "type": "Point", "coordinates": [ -64.5208352, -30.9463056 ] } },
{ "type": "Feature", "properties": { "Name": "72.81", "P.K.": null, "Al.Dist. Izq.": 25, "Al.Dist. Der.": 25, "Ruta": 38 }, "geometry": { "type": "Point", "coordinates": [ -64.5206531, -30.9457223 ] } },
{ "type": "Feature", "properties": { "Name": "72.95", "P.K.": null, "Al.Dist. Izq.": 25, "Al.Dist. Der.": 25, "Ruta": 38 }, "geometry": { "type": "Point", "coordinates": [ -64.5204231, -30.9445923 ] } },
{ "type": "Feature", "properties": { "Name": "72.97", "P.K.": null, "Al.Dist. Izq.": 25, "Al.Dist. Der.": 25, "Ruta": 38 }, "geometry": { "type": "Point", "coordinates": [ -64.5203286, -30.9444997 ] } },
{ "type": "Feature", "properties": { "Name": "72.98", "P.K.": null, "Al.Dist. Izq.": 25, "Al.Dist. Der.": 25, "Ruta": 38 }, "geometry": { "type": "Point", "coordinates": [ -64.5205566, -30.9443091 ] } },
{ "type": "Feature", "properties": { "Name": "73", "P.K.": "PK73", "Al.Dist. Izq.": 25, "Al.Dist. Der.": 25, "Ruta": 38 }, "geometry": { "type": "Point", "coordinates": [ -64.5202532, -30.9442188 ] } },
{ "type": "Feature", "properties": { "Name": "73.17", "P.K.": null, "Al.Dist. Izq.": 25, "Al.Dist. Der.": 25, "Ruta": 38 }, "geometry": { "type": "Point", "coordinates": [ -64.5192494, -30.9429429 ] } },
{ "type": "Feature", "properties": { "Name": "73.2", "P.K.": null, "Al.Dist. Izq.": 25, "Al.Dist. Der.": 25, "Ruta": 38 }, "geometry": { "type": "Point", "coordinates": [ -64.5189631, -30.94276 ] } },
{ "type": "Feature", "properties": { "Name": "73.23", "P.K.": null, "Al.Dist. Izq.": 25, "Al.Dist. Der.": 25, "Ruta": 38 }, "geometry": { "type": "Point", "coordinates": [ -64.5187521, -30.9425199 ] } },
{ "type": "Feature", "properties": { "Name": "73.24", "P.K.": null, "Al.Dist. Izq.": 25, "Al.Dist. Der.": 25, "Ruta": 38 }, "geometry": { "type": "Point", "coordinates": [ -64.5186824, -30.9424535 ] } },
{ "type": "Feature", "properties": { "Name": "73.27", "P.K.": null, "Al.Dist. Izq.": 25, "Al.Dist. Der.": 25, "Ruta": 38 }, "geometry": { "type": "Point", "coordinates": [ -64.5184987, -30.9422277 ] } },
{ "type": "Feature", "properties": { "Name": "73.28", "P.K.": null, "Al.Dist. Izq.": 25, "Al.Dist. Der.": 25, "Ruta": 38 }, "geometry": { "type": "Point", "coordinates": [ -64.5184256, -30.9422052 ] } },
{ "type": "Feature", "properties": { "Name": "73.31", "P.K.": null, "Al.Dist. Izq.": 25, "Al.Dist. Der.": 25, "Ruta": 38 }, "geometry": { "type": "Point", "coordinates": [ -64.5182724, -30.9419704 ] } },
{ "type": "Feature", "properties": { "Name": "73.32", "P.K.": null, "Al.Dist. Izq.": 25, "Al.Dist. Der.": 25, "Ruta": 38 }, "geometry": { "type": "Point", "coordinates": [ -64.5181789, -30.941947 ] } },
{ "type": "Feature", "properties": { "Name": "73.34", "P.K.": null, "Al.Dist. Izq.": 25, "Al.Dist. Der.": 25, "Ruta": 38 }, "geometry": { "type": "Point", "coordinates": [ -64.517975, -30.9418214 ] } },
{ "type": "Feature", "properties": { "Name": "73.54", "P.K.": null, "Al.Dist. Izq.": 25, "Al.Dist. Der.": 25, "Ruta": 38 }, "geometry": { "type": "Point", "coordinates": [ -64.5174928, -30.9399777 ] } },
{ "type": "Feature", "properties": { "Name": "73.7", "P.K.": null, "Al.Dist. Izq.": 25, "Al.Dist. Der.": 25, "Ruta": 38 }, "geometry": { "type": "Point", "coordinates": [ -64.5179703, -30.9385756 ] } },
{ "type": "Feature", "properties": { "Name": "73.72", "P.K.": null, "Al.Dist. Izq.": 25, "Al.Dist. Der.": 25, "Ruta": 38 }, "geometry": { "type": "Point", "coordinates": [ -64.5180536, -30.9384917 ] } },
{ "type": "Feature", "properties": { "Name": "73.79", "P.K.": null, "Al.Dist. Izq.": 25, "Al.Dist. Der.": 25, "Ruta": 38 }, "geometry": { "type": "Point", "coordinates": [ -64.5185319, -30.9379624 ] } },
{ "type": "Feature", "properties": { "Name": "73.8", "P.K.": null, "Al.Dist. Izq.": 25, "Al.Dist. Der.": 25, "Ruta": 38 }, "geometry": { "type": "Point", "coordinates": [ -64.5186288, -30.9378596 ] } },
{ "type": "Feature", "properties": { "Name": "73.81", "P.K.": null, "Al.Dist. Izq.": 25, "Al.Dist. Der.": 25, "Ruta": 38 }, "geometry": { "type": "Point", "coordinates": [ -64.5187559, -30.9379214 ] } },
{ "type": "Feature", "properties": { "Name": "73.84", "P.K.": null, "Al.Dist. Izq.": 25, "Al.Dist. Der.": 25, "Ruta": 38 }, "geometry": { "type": "Point", "coordinates": [ -64.5189625, -30.9375095 ] } },
{ "type": "Feature", "properties": { "Name": "73.87", "P.K.": null, "Al.Dist. Izq.": 25, "Al.Dist. Der.": 25, "Ruta": 38 }, "geometry": { "type": "Point", "coordinates": [ -64.5190633, -30.9373232 ] } },
{ "type": "Feature", "properties": { "Name": "73.9", "P.K.": null, "Al.Dist. Izq.": 25, "Al.Dist. Der.": 25, "Ruta": 38 }, "geometry": { "type": "Point", "coordinates": [ -64.5194452, -30.9371605 ] } },
{ "type": "Feature", "properties": { "Name": "73.99", "P.K.": null, "Al.Dist. Izq.": 25, "Al.Dist. Der.": 25, "Ruta": 38 }, "geometry": { "type": "Point", "coordinates": [ -64.5199401, -30.9365238 ] } },
{ "type": "Feature", "properties": { "Name": "74", "P.K.": "PK74", "Al.Dist. Izq.": 25, "Al.Dist. Der.": 25, "Ruta": 38 }, "geometry": { "type": "Point", "coordinates": [ -64.5200554, -30.9364159 ] } },
{ "type": "Feature", "properties": { "Name": "74.19", "P.K.": null, "Al.Dist. Izq.": 25, "Al.Dist. Der.": 25, "Ruta": 38 }, "geometry": { "type": "Point", "coordinates": [ -64.521028, -30.9348972 ] } },
{ "type": "Feature", "properties": { "Name": "74.2", "P.K.": null, "Al.Dist. Izq.": 25, "Al.Dist. Der.": 25, "Ruta": 38 }, "geometry": { "type": "Point", "coordinates": [ -64.5212071, -30.9349465 ] } },
{ "type": "Feature", "properties": { "Name": "74.23", "P.K.": null, "Al.Dist. Izq.": 25, "Al.Dist. Der.": 25, "Ruta": 38 }, "geometry": { "type": "Point", "coordinates": [ -64.5214307, -30.9347442 ] } },
{ "type": "Feature", "properties": { "Name": "74.38", "P.K.": null, "Al.Dist. Izq.": 25, "Al.Dist. Der.": 25, "Ruta": 38 }, "geometry": { "type": "Point", "coordinates": [ -64.5224633, -30.9337633 ] } },
{ "type": "Feature", "properties": { "Name": "74.41", "P.K.": null, "Al.Dist. Izq.": 25, "Al.Dist. Der.": 25, "Ruta": 38 }, "geometry": { "type": "Point", "coordinates": [ -64.5225653, -30.933509 ] } },
{ "type": "Feature", "properties": { "Name": "74.49", "P.K.": null, "Al.Dist. Izq.": 25, "Al.Dist. Der.": 25, "Ruta": 38 }, "geometry": { "type": "Point", "coordinates": [ -64.5230829, -30.9329264 ] } },
{ "type": "Feature", "properties": { "Name": "74.56", "P.K.": null, "Al.Dist. Izq.": 25, "Al.Dist. Der.": 25, "Ruta": 38 }, "geometry": { "type": "Point", "coordinates": [ -64.5234799, -30.9325005 ] } },
{ "type": "Feature", "properties": { "Name": "74.66", "P.K.": null, "Al.Dist. Izq.": 25, "Al.Dist. Der.": 25, "Ruta": 38 }, "geometry": { "type": "Point", "coordinates": [ -64.5243, -30.9318 ] } },
{ "type": "Feature", "properties": { "Name": "74.69", "P.K.": null, "Al.Dist. Izq.": 25, "Al.Dist. Der.": 25, "Ruta": 38 }, "geometry": { "type": "Point", "coordinates": [ -64.5243221, -30.9315856 ] } },
{ "type": "Feature", "properties": { "Name": "74.74", "P.K.": null, "Al.Dist. Izq.": 25, "Al.Dist. Der.": 25, "Ruta": 38 }, "geometry": { "type": "Point", "coordinates": [ -64.5246552, -30.9312217 ] } },
{ "type": "Feature", "properties": { "Name": "74.95", "P.K.": null, "Al.Dist. Izq.": 25, "Al.Dist. Der.": 25, "Ruta": 38 }, "geometry": { "type": "Point", "coordinates": [ -64.5259489, -30.9297332 ] } },
{ "type": "Feature", "properties": { "Name": "74.96", "P.K.": null, "Al.Dist. Izq.": 25, "Al.Dist. Der.": 25, "Ruta": 38 }, "geometry": { "type": "Point", "coordinates": [ -64.5246085, -30.929095 ] } },
{ "type": "Feature", "properties": { "Name": "75", "P.K.": "PK75", "Al.Dist. Izq.": 25, "Al.Dist. Der.": 25, "Ruta": 38 }, "geometry": { "type": "Point", "coordinates": [ -64.5261309, -30.9292285 ] } },
{ "type": "Feature", "properties": { "Name": "75.07", "P.K.": null, "Al.Dist. Izq.": 25, "Al.Dist. Der.": 25, "Ruta": 38 }, "geometry": { "type": "Point", "coordinates": [ -64.5263272, -30.9286496 ] } },
{ "type": "Feature", "properties": { "Name": "75.09", "P.K.": null, "Al.Dist. Izq.": 25, "Al.Dist. Der.": 25, "Ruta": 38 }, "geometry": { "type": "Point", "coordinates": [ -64.5263526, -30.9284965 ] } },
{ "type": "Feature", "properties": { "Name": "75.13", "P.K.": null, "Al.Dist. Izq.": 25, "Al.Dist. Der.": 25, "Ruta": 38 }, "geometry": { "type": "Point", "coordinates": [ -64.5264904, -30.9280551 ] } },
{ "type": "Feature", "properties": { "Name": "75.14", "P.K.": null, "Al.Dist. Izq.": 25, "Al.Dist. Der.": 25, "Ruta": 38 }, "geometry": { "type": "Point", "coordinates": [ -64.5267126, -30.9280016 ] } },
{ "type": "Feature", "properties": { "Name": "75.16", "P.K.": null, "Al.Dist. Izq.": 25, "Al.Dist. Der.": 25, "Ruta": 38 }, "geometry": { "type": "Point", "coordinates": [ -64.5265014, -30.9278086 ] } },
{ "type": "Feature", "properties": { "Name": "75.18", "P.K.": null, "Al.Dist. Izq.": 25, "Al.Dist. Der.": 25, "Ruta": 38 }, "geometry": { "type": "Point", "coordinates": [ -64.5265651, -30.9276311 ] } },
{ "type": "Feature", "properties": { "Name": "75.21", "P.K.": null, "Al.Dist. Izq.": 25, "Al.Dist. Der.": 25, "Ruta": 38 }, "geometry": { "type": "Point", "coordinates": [ -64.5266867, -30.9273588 ] } },
{ "type": "Feature", "properties": { "Name": "75.23", "P.K.": null, "Al.Dist. Izq.": 25, "Al.Dist. Der.": 25, "Ruta": 38 }, "geometry": { "type": "Point", "coordinates": [ -64.5268548, -30.9272351 ] } },
{ "type": "Feature", "properties": { "Name": "75.25", "P.K.": null, "Al.Dist. Izq.": 25, "Al.Dist. Der.": 25, "Ruta": 38 }, "geometry": { "type": "Point", "coordinates": [ -64.5269044, -30.9270036 ] } },
{ "type": "Feature", "properties": { "Name": "75.3", "P.K.": null, "Al.Dist. Izq.": 25, "Al.Dist. Der.": 25, "Ruta": 38 }, "geometry": { "type": "Point", "coordinates": [ -64.5268491, -30.9265356 ] } },
{ "type": "Feature", "properties": { "Name": "75.34", "P.K.": null, "Al.Dist. Izq.": 25, "Al.Dist. Der.": 25, "Ruta": 38 }, "geometry": { "type": "Point", "coordinates": [ -64.5272088, -30.9261528 ] } },
{ "type": "Feature", "properties": { "Name": "75.36", "P.K.": null, "Al.Dist. Izq.": 25, "Al.Dist. Der.": 25, "Ruta": 38 }, "geometry": { "type": "Point", "coordinates": [ -64.5270514, -30.9259769 ] } },
{ "type": "Feature", "properties": { "Name": "75.42", "P.K.": null, "Al.Dist. Izq.": 25, "Al.Dist. Der.": 25, "Ruta": 38 }, "geometry": { "type": "Point", "coordinates": [ -64.5273, -30.9254 ] } },
{ "type": "Feature", "properties": { "Name": "75.44", "P.K.": null, "Al.Dist. Izq.": 25, "Al.Dist. Der.": 25, "Ruta": 38 }, "geometry": { "type": "Point", "coordinates": [ -64.527178, -30.9252592 ] } },
{ "type": "Feature", "properties": { "Name": "75.6", "P.K.": null, "Al.Dist. Izq.": 25, "Al.Dist. Der.": 25, "Ruta": 38 }, "geometry": { "type": "Point", "coordinates": [ -64.5278328, -30.9238327 ] } },
{ "type": "Feature", "properties": { "Name": "75.63", "P.K.": null, "Al.Dist. Izq.": 25, "Al.Dist. Der.": 25, "Ruta": 38 }, "geometry": { "type": "Point", "coordinates": [ -64.5279682, -30.9235321 ] } },
{ "type": "Feature", "properties": { "Name": "75.7", "P.K.": null, "Al.Dist. Izq.": 25, "Al.Dist. Der.": 25, "Ruta": 38 }, "geometry": { "type": "Point", "coordinates": [ -64.5277812, -30.9228553 ] } },
{ "type": "Feature", "properties": { "Name": "75.72", "P.K.": null, "Al.Dist. Izq.": 25, "Al.Dist. Der.": 25, "Ruta": 38 }, "geometry": { "type": "Point", "coordinates": [ -64.5279847, -30.9225844 ] } },
{ "type": "Feature", "properties": { "Name": "75.75", "P.K.": null, "Al.Dist. Izq.": 25, "Al.Dist. Der.": 25, "Ruta": 38 }, "geometry": { "type": "Point", "coordinates": [ -64.5280202, -30.922373 ] } },
{ "type": "Feature", "properties": { "Name": "75.77", "P.K.": null, "Al.Dist. Izq.": 25, "Al.Dist. Der.": 25, "Ruta": 38 }, "geometry": { "type": "Point", "coordinates": [ -64.5282016, -30.9221855 ] } },
{ "type": "Feature", "properties": { "Name": "75.82", "P.K.": null, "Al.Dist. Izq.": 25, "Al.Dist. Der.": 25, "Ruta": 38 }, "geometry": { "type": "Point", "coordinates": [ -64.528223, -30.9217129 ] } },
{ "type": "Feature", "properties": { "Name": "75.87", "P.K.": null, "Al.Dist. Izq.": 25, "Al.Dist. Der.": 25, "Ruta": 38 }, "geometry": { "type": "Point", "coordinates": [ -64.5282177, -30.9212595 ] } },
{ "type": "Feature", "properties": { "Name": "75.95", "P.K.": null, "Al.Dist. Izq.": 25, "Al.Dist. Der.": 25, "Ruta": 38 }, "geometry": { "type": "Point", "coordinates": [ -64.5283472, -30.9204578 ] } },
{ "type": "Feature", "properties": { "Name": "76", "P.K.": "PK76", "Al.Dist. Izq.": 25, "Al.Dist. Der.": 25, "Ruta": 38 }, "geometry": { "type": "Point", "coordinates": [ -64.5285315, -30.9200412 ] } },
{ "type": "Feature", "properties": { "Name": "76.01", "P.K.": null, "Al.Dist. Izq.": 25, "Al.Dist. Der.": 25, "Ruta": 38 }, "geometry": { "type": "Point", "coordinates": [ -64.5284329, -30.9199233 ] } },
{ "type": "Feature", "properties": { "Name": "76.22", "P.K.": null, "Al.Dist. Izq.": 25, "Al.Dist. Der.": 25, "Ruta": 38 }, "geometry": { "type": "Point", "coordinates": [ -64.5287131, -30.918159 ] } },
{ "type": "Feature", "properties": { "Name": "76.26", "P.K.": null, "Al.Dist. Izq.": 25, "Al.Dist. Der.": 25, "Ruta": 38 }, "geometry": { "type": "Point", "coordinates": [ -64.5287786, -30.9178193 ] } },
{ "type": "Feature", "properties": { "Name": "76.27", "P.K.": null, "Al.Dist. Izq.": 25, "Al.Dist. Der.": 25, "Ruta": 38 }, "geometry": { "type": "Point", "coordinates": [ -64.528969, -30.9177071 ] } },
{ "type": "Feature", "properties": { "Name": "76.41", "P.K.": null, "Al.Dist. Izq.": 25, "Al.Dist. Der.": 25, "Ruta": 38 }, "geometry": { "type": "Point", "coordinates": [ -64.5289808, -30.916539 ] } },
{ "type": "Feature", "properties": { "Name": "76.57", "P.K.": null, "Al.Dist. Izq.": 25, "Al.Dist. Der.": 25, "Ruta": 38 }, "geometry": { "type": "Point", "coordinates": [ -64.5292004, -30.915107 ] } },
{ "type": "Feature", "properties": { "Name": "76.63", "P.K.": null, "Al.Dist. Izq.": 25, "Al.Dist. Der.": 25, "Ruta": 38 }, "geometry": { "type": "Point", "coordinates": [ -64.5293788, -30.9146426 ] } },
{ "type": "Feature", "properties": { "Name": "76.76", "P.K.": null, "Al.Dist. Izq.": 25, "Al.Dist. Der.": 25, "Ruta": 38 }, "geometry": { "type": "Point", "coordinates": [ -64.5296108, -30.9134879 ] } },
{ "type": "Feature", "properties": { "Name": "76.82", "P.K.": null, "Al.Dist. Izq.": 25, "Al.Dist. Der.": 25, "Ruta": 38 }, "geometry": { "type": "Point", "coordinates": [ -64.5295615, -30.912977 ] } },
{ "type": "Feature", "properties": { "Name": "77", "P.K.": "PK77", "Al.Dist. Izq.": 25, "Al.Dist. Der.": 25, "Ruta": 38 }, "geometry": { "type": "Point", "coordinates": [ -64.5298018, -30.911462 ] } },
{ "type": "Feature", "properties": { "Name": "77.03", "P.K.": null, "Al.Dist. Izq.": 25, "Al.Dist. Der.": 25, "Ruta": 38 }, "geometry": { "type": "Point", "coordinates": [ -64.5299484, -30.9112023 ] } },
{ "type": "Feature", "properties": { "Name": "77.04", "P.K.": null, "Al.Dist. Izq.": 25, "Al.Dist. Der.": 25, "Ruta": 38 }, "geometry": { "type": "Point", "coordinates": [ -64.5297677, -30.9111076 ] } },
{ "type": "Feature", "properties": { "Name": "77.09", "P.K.": null, "Al.Dist. Izq.": 25, "Al.Dist. Der.": 25, "Ruta": 38 }, "geometry": { "type": "Point", "coordinates": [ -64.5299497, -30.9107236 ] } },
{ "type": "Feature", "properties": { "Name": "77.31", "P.K.": null, "Al.Dist. Izq.": 25, "Al.Dist. Der.": 25, "Ruta": 38 }, "geometry": { "type": "Point", "coordinates": [ -64.5303504, -30.9088553 ] } },
{ "type": "Feature", "properties": { "Name": "77.31", "P.K.": null, "Al.Dist. Izq.": 20, "Al.Dist. Der.": 20, "Ruta": 38 }, "geometry": { "type": "Point", "coordinates": [ -64.5303504, -30.9088553 ] } },
{ "type": "Feature", "properties": { "Name": "77.32", "P.K.": null, "Al.Dist. Izq.": 20, "Al.Dist. Der.": 20, "Ruta": 38 }, "geometry": { "type": "Point", "coordinates": [ -64.5302504, -30.9087928 ] } },
{ "type": "Feature", "properties": { "Name": "77.41", "P.K.": null, "Al.Dist. Izq.": 20, "Al.Dist. Der.": 20, "Ruta": 38 }, "geometry": { "type": "Point", "coordinates": [ -64.53046, -30.9080383 ] } },
{ "type": "Feature", "properties": { "Name": "77.48", "P.K.": null, "Al.Dist. Izq.": 20, "Al.Dist. Der.": 20, "Ruta": 38 }, "geometry": { "type": "Point", "coordinates": [ -64.5304585, -30.9074469 ] } },
{ "type": "Feature", "properties": { "Name": "77.51", "P.K.": null, "Al.Dist. Izq.": 20, "Al.Dist. Der.": 20, "Ruta": 38 }, "geometry": { "type": "Point", "coordinates": [ -64.530511, -30.9072924 ] } },
{ "type": "Feature", "properties": { "Name": "77.52", "P.K.": null, "Al.Dist. Izq.": 20, "Al.Dist. Der.": 20, "Ruta": 38 }, "geometry": { "type": "Point", "coordinates": [ -64.5305247, -30.9071534 ] } },
{ "type": "Feature", "properties": { "Name": "77.6", "P.K.": null, "Al.Dist. Izq.": 20, "Al.Dist. Der.": 20, "Ruta": 38 }, "geometry": { "type": "Point", "coordinates": [ -64.5312, -30.9065 ] } },
{ "type": "Feature", "properties": { "Name": "77.7", "P.K.": null, "Al.Dist. Izq.": 20, "Al.Dist. Der.": 20, "Ruta": 38 }, "geometry": { "type": "Point", "coordinates": [ -64.5312365, -30.905695 ] } },
{ "type": "Feature", "properties": { "Name": "77.73", "P.K.": null, "Al.Dist. Izq.": 20, "Al.Dist. Der.": 20, "Ruta": 38 }, "geometry": { "type": "Point", "coordinates": [ -64.5314159, -30.9054769 ] } },
{ "type": "Feature", "properties": { "Name": "77.78", "P.K.": null, "Al.Dist. Izq.": 20, "Al.Dist. Der.": 20, "Ruta": 38 }, "geometry": { "type": "Point", "coordinates": [ -64.5315607, -30.9050762 ] } },
{ "type": "Feature", "properties": { "Name": "77.83", "P.K.": null, "Al.Dist. Izq.": 20, "Al.Dist. Der.": 20, "Ruta": 38 }, "geometry": { "type": "Point", "coordinates": [ -64.5316791, -30.9047013 ] } },
{ "type": "Feature", "properties": { "Name": "77.94", "P.K.": null, "Al.Dist. Izq.": 20, "Al.Dist. Der.": 20, "Ruta": 38 }, "geometry": { "type": "Point", "coordinates": [ -64.5318316, -30.9038256 ] } },
{ "type": "Feature", "properties": { "Name": "77.98", "P.K.": null, "Al.Dist. Izq.": 20, "Al.Dist. Der.": 20, "Ruta": 38 }, "geometry": { "type": "Point", "coordinates": [ -64.5319649, -30.9034541 ] } },
{ "type": "Feature", "properties": { "Name": "78", "P.K.": "PK78", "Al.Dist. Izq.": 20, "Al.Dist. Der.": 20, "Ruta": 38 }, "geometry": { "type": "Point", "coordinates": [ -64.5321394, -30.9032934 ] } },
{ "type": "Feature", "properties": { "Name": "78.04", "P.K.": null, "Al.Dist. Izq.": 20, "Al.Dist. Der.": 20, "Ruta": 38 }, "geometry": { "type": "Point", "coordinates": [ -64.5321763, -30.9029813 ] } },
{ "type": "Feature", "properties": { "Name": "78.12", "P.K.": null, "Al.Dist. Izq.": 20, "Al.Dist. Der.": 20, "Ruta": 38 }, "geometry": { "type": "Point", "coordinates": [ -64.5323694, -30.9021548 ] } },
{ "type": "Feature", "properties": { "Name": "78.14", "P.K.": null, "Al.Dist. Izq.": 20, "Al.Dist. Der.": 20, "Ruta": 38 }, "geometry": { "type": "Point", "coordinates": [ -64.5325471, -30.9020452 ] } },
{ "type": "Feature", "properties": { "Name": "78.16", "P.K.": null, "Al.Dist. Izq.": 20, "Al.Dist. Der.": 20, "Ruta": 38 }, "geometry": { "type": "Point", "coordinates": [ -64.5324923, -30.9018403 ] } },
{ "type": "Feature", "properties": { "Name": "78.28", "P.K.": null, "Al.Dist. Izq.": 20, "Al.Dist. Der.": 20, "Ruta": 38 }, "geometry": { "type": "Point", "coordinates": [ -64.5331, -30.9006 ] } },
{ "type": "Feature", "properties": { "Name": "78.3", "P.K.": null, "Al.Dist. Izq.": 20, "Al.Dist. Der.": 20, "Ruta": 38 }, "geometry": { "type": "Point", "coordinates": [ -64.5329005, -30.9003924 ] } },
{ "type": "Feature", "properties": { "Name": "78.32", "P.K.": null, "Al.Dist. Izq.": 20, "Al.Dist. Der.": 20, "Ruta": 38 }, "geometry": { "type": "Point", "coordinates": [ -64.5330256, -30.9003063 ] } },
{ "type": "Feature", "properties": { "Name": "78.38", "P.K.": null, "Al.Dist. Izq.": 20, "Al.Dist. Der.": 20, "Ruta": 38 }, "geometry": { "type": "Point", "coordinates": [ -64.5332354, -30.8997164 ] } },
{ "type": "Feature", "properties": { "Name": "78.42", "P.K.": null, "Al.Dist. Izq.": 20, "Al.Dist. Der.": 20, "Ruta": 38 }, "geometry": { "type": "Point", "coordinates": [ -64.5333499, -30.8992735 ] } },
{ "type": "Feature", "properties": { "Name": "78.49", "P.K.": null, "Al.Dist. Izq.": 20, "Al.Dist. Der.": 20, "Ruta": 38 }, "geometry": { "type": "Point", "coordinates": [ -64.5334727, -30.8986545 ] } },
{ "type": "Feature", "properties": { "Name": "78.53", "P.K.": null, "Al.Dist. Izq.": 20, "Al.Dist. Der.": 20, "Ruta": 38 }, "geometry": { "type": "Point", "coordinates": [ -64.533533, -30.8982074 ] } },
{ "type": "Feature", "properties": { "Name": "78.56", "P.K.": null, "Al.Dist. Izq.": 20, "Al.Dist. Der.": 20, "Ruta": 38 }, "geometry": { "type": "Point", "coordinates": [ -64.5335184, -30.8979879 ] } },
{ "type": "Feature", "properties": { "Name": "78.74", "P.K.": null, "Al.Dist. Izq.": 20, "Al.Dist. Der.": 20, "Ruta": 38 }, "geometry": { "type": "Point", "coordinates": [ -64.5338258, -30.8962007 ] } },
{ "type": "Feature", "properties": { "Name": "78.86", "P.K.": null, "Al.Dist. Izq.": 20, "Al.Dist. Der.": 20, "Ruta": 38 }, "geometry": { "type": "Point", "coordinates": [ -64.5338004, -30.8950479 ] } },
{ "type": "Feature", "properties": { "Name": "78.99", "P.K.": null, "Al.Dist. Izq.": 20, "Al.Dist. Der.": 20, "Ruta": 38 }, "geometry": { "type": "Point", "coordinates": [ -64.5339439, -30.8937469 ] } },
{ "type": "Feature", "properties": { "Name": "79", "P.K.": "PK79", "Al.Dist. Izq.": 20, "Al.Dist. Der.": 20, "Ruta": 38 }, "geometry": { "type": "Point", "coordinates": [ -64.5339543, -30.8936623 ] } },
{ "type": "Feature", "properties": { "Name": "79.16", "P.K.": null, "Al.Dist. Izq.": 20, "Al.Dist. Der.": 20, "Ruta": 38 }, "geometry": { "type": "Point", "coordinates": [ -64.5340075, -30.8923373 ] } },
{ "type": "Feature", "properties": { "Name": "79.2", "P.K.": null, "Al.Dist. Izq.": 20, "Al.Dist. Der.": 20, "Ruta": 38 }, "geometry": { "type": "Point", "coordinates": [ -64.5339549, -30.8919277 ] } },
{ "type": "Feature", "properties": { "Name": "79.3", "P.K.": null, "Al.Dist. Izq.": 20, "Al.Dist. Der.": 20, "Ruta": 38 }, "geometry": { "type": "Point", "coordinates": [ -64.533959, -30.8911457 ] } },
{ "type": "Feature", "properties": { "Name": "79.52", "P.K.": null, "Al.Dist. Izq.": 20, "Al.Dist. Der.": 20, "Ruta": 38 }, "geometry": { "type": "Point", "coordinates": [ -64.5343951, -30.8893981 ] } },
{ "type": "Feature", "properties": { "Name": "79.52", "P.K.": null, "Al.Dist. Izq.": 25, "Al.Dist. Der.": 25, "Ruta": 38 }, "geometry": { "type": "Point", "coordinates": [ -64.5343951, -30.8893981 ] } },
{ "type": "Feature", "properties": { "Name": "79.57", "P.K.": null, "Al.Dist. Izq.": 25, "Al.Dist. Der.": 25, "Ruta": 38 }, "geometry": { "type": "Point", "coordinates": [ -64.5345, -30.8889 ] } },
{ "type": "Feature", "properties": { "Name": "79.65", "P.K.": null, "Al.Dist. Izq.": 25, "Al.Dist. Der.": 25, "Ruta": 38 }, "geometry": { "type": "Point", "coordinates": [ -64.5347562, -30.8883151 ] } },
{ "type": "Feature", "properties": { "Name": "79.76", "P.K.": null, "Al.Dist. Izq.": 25, "Al.Dist. Der.": 25, "Ruta": 38 }, "geometry": { "type": "Point", "coordinates": [ -64.535241, -30.8874495 ] } },
{ "type": "Feature", "properties": { "Name": "79.94", "P.K.": null, "Al.Dist. Izq.": 25, "Al.Dist. Der.": 25, "Ruta": 38 }, "geometry": { "type": "Point", "coordinates": [ -64.5360216, -30.8861966 ] } },
{ "type": "Feature", "properties": { "Name": "79.95", "P.K.": null, "Al.Dist. Izq.": 25, "Al.Dist. Der.": 25, "Ruta": 38 }, "geometry": { "type": "Point", "coordinates": [ -64.5361091, -30.8860809 ] } },
{ "type": "Feature", "properties": { "Name": "80", "P.K.": "PK80", "Al.Dist. Izq.": 25, "Al.Dist. Der.": 25, "Ruta": 38 }, "geometry": { "type": "Point", "coordinates": [ -64.5363149, -30.8856217 ] } },
{ "type": "Feature", "properties": { "Name": "80.1", "P.K.": null, "Al.Dist. Izq.": 25, "Al.Dist. Der.": 25, "Ruta": 38 }, "geometry": { "type": "Point", "coordinates": [ -64.5366092, -30.8847737 ] } },
{ "type": "Feature", "properties": { "Name": "80.11", "P.K.": null, "Al.Dist. Izq.": 25, "Al.Dist. Der.": 25, "Ruta": 38 }, "geometry": { "type": "Point", "coordinates": [ -64.5367102, -30.8847415 ] } },
{ "type": "Feature", "properties": { "Name": "80.15", "P.K.": null, "Al.Dist. Izq.": 25, "Al.Dist. Der.": 25, "Ruta": 38 }, "geometry": { "type": "Point", "coordinates": [ -64.5367942, -30.8843988 ] } },
{ "type": "Feature", "properties": { "Name": "80.21", "P.K.": null, "Al.Dist. Izq.": 25, "Al.Dist. Der.": 25, "Ruta": 38 }, "geometry": { "type": "Point", "coordinates": [ -64.5370971, -30.8838731 ] } },
{ "type": "Feature", "properties": { "Name": "80.23", "P.K.": null, "Al.Dist. Izq.": 25, "Al.Dist. Der.": 25, "Ruta": 38 }, "geometry": { "type": "Point", "coordinates": [ -64.5372, -30.8837 ] } },
{ "type": "Feature", "properties": { "Name": "80.33", "P.K.": null, "Al.Dist. Izq.": 25, "Al.Dist. Der.": 25, "Ruta": 38 }, "geometry": { "type": "Point", "coordinates": [ -64.5376021, -30.8830376 ] } },
{ "type": "Feature", "properties": { "Name": "80.37", "P.K.": null, "Al.Dist. Izq.": 25, "Al.Dist. Der.": 25, "Ruta": 38 }, "geometry": { "type": "Point", "coordinates": [ -64.5376784, -30.882673 ] } },
{ "type": "Feature", "properties": { "Name": "80.41", "P.K.": null, "Al.Dist. Izq.": 25, "Al.Dist. Der.": 25, "Ruta": 38 }, "geometry": { "type": "Point", "coordinates": [ -64.537995, -30.882412 ] } },
{ "type": "Feature", "properties": { "Name": "80.44", "P.K.": null, "Al.Dist. Izq.": 25, "Al.Dist. Der.": 25, "Ruta": 38 }, "geometry": { "type": "Point", "coordinates": [ -64.538011, -30.8820437 ] } },
{ "type": "Feature", "properties": { "Name": "80.49", "P.K.": null, "Al.Dist. Izq.": 25, "Al.Dist. Der.": 25, "Ruta": 38 }, "geometry": { "type": "Point", "coordinates": [ -64.5381915, -30.8816532 ] } },
{ "type": "Feature", "properties": { "Name": "80.53", "P.K.": null, "Al.Dist. Izq.": 25, "Al.Dist. Der.": 25, "Ruta": 38 }, "geometry": { "type": "Point", "coordinates": [ -64.5383, -30.8813 ] } },
{ "type": "Feature", "properties": { "Name": "80.6", "P.K.": null, "Al.Dist. Izq.": 25, "Al.Dist. Der.": 25, "Ruta": 38 }, "geometry": { "type": "Point", "coordinates": [ -64.5383239, -30.880637 ] } },
{ "type": "Feature", "properties": { "Name": "80.65", "P.K.": null, "Al.Dist. Izq.": 25, "Al.Dist. Der.": 25, "Ruta": 38 }, "geometry": { "type": "Point", "coordinates": [ -64.5383209, -30.8802617 ] } },
{ "type": "Feature", "properties": { "Name": "80.66", "P.K.": null, "Al.Dist. Izq.": 25, "Al.Dist. Der.": 25, "Ruta": 38 }, "geometry": { "type": "Point", "coordinates": [ -64.5382659, -30.8801136 ] } },
{ "type": "Feature", "properties": { "Name": "80.71", "P.K.": null, "Al.Dist. Izq.": 25, "Al.Dist. Der.": 25, "Ruta": 38 }, "geometry": { "type": "Point", "coordinates": [ -64.5382162, -30.8797236 ] } },
{ "type": "Feature", "properties": { "Name": "80.78", "P.K.": null, "Al.Dist. Izq.": 25, "Al.Dist. Der.": 25, "Ruta": 38 }, "geometry": { "type": "Point", "coordinates": [ -64.5380366, -30.879174 ] } },
{ "type": "Feature", "properties": { "Name": "80.79", "P.K.": null, "Al.Dist. Izq.": 25, "Al.Dist. Der.": 25, "Ruta": 38 }, "geometry": { "type": "Point", "coordinates": [ -64.5382, -30.8791 ] } },
{ "type": "Feature", "properties": { "Name": "80.8", "P.K.": null, "Al.Dist. Izq.": 25, "Al.Dist. Der.": 25, "Ruta": 38 }, "geometry": { "type": "Point", "coordinates": [ -64.5381472, -30.8789921 ] } },
{ "type": "Feature", "properties": { "Name": "80.81", "P.K.": null, "Al.Dist. Izq.": 25, "Al.Dist. Der.": 25, "Ruta": 38 }, "geometry": { "type": "Point", "coordinates": [ -64.5379866, -30.8788506 ] } },
{ "type": "Feature", "properties": { "Name": "80.87", "P.K.": null, "Al.Dist. Izq.": 25, "Al.Dist. Der.": 25, "Ruta": 38 }, "geometry": { "type": "Point", "coordinates": [ -64.5379595, -30.8783781 ] } },
{ "type": "Feature", "properties": { "Name": "80.92", "P.K.": null, "Al.Dist. Izq.": 25, "Al.Dist. Der.": 25, "Ruta": 38 }, "geometry": { "type": "Point", "coordinates": [ -64.5377845, -30.8779131 ] } },
{ "type": "Feature", "properties": { "Name": "80.94", "P.K.": null, "Al.Dist. Izq.": 25, "Al.Dist. Der.": 25, "Ruta": 38 }, "geometry": { "type": "Point", "coordinates": [ -64.5377855, -30.8776993 ] } },
{ "type": "Feature", "properties": { "Name": "80.97", "P.K.": null, "Al.Dist. Izq.": 25, "Al.Dist. Der.": 25, "Ruta": 38 }, "geometry": { "type": "Point", "coordinates": [ -64.5375265, -30.8775416 ] } },
{ "type": "Feature", "properties": { "Name": "80.98", "P.K.": null, "Al.Dist. Izq.": 25, "Al.Dist. Der.": 25, "Ruta": 38 }, "geometry": { "type": "Point", "coordinates": [ -64.5374254, -30.8774417 ] } },
{ "type": "Feature", "properties": { "Name": "81", "P.K.": "PK81", "Al.Dist. Izq.": 25, "Al.Dist. Der.": 25, "Ruta": 38 }, "geometry": { "type": "Point", "coordinates": [ -64.5373523, -30.8772633 ] } },
{ "type": "Feature", "properties": { "Name": "81.05", "P.K.": null, "Al.Dist. Izq.": 25, "Al.Dist. Der.": 25, "Ruta": 38 }, "geometry": { "type": "Point", "coordinates": [ -64.5372, -30.8768 ] } },
{ "type": "Feature", "properties": { "Name": "81.4", "P.K.": null, "Al.Dist. Izq.": 25, "Al.Dist. Der.": 25, "Ruta": 38 }, "geometry": { "type": "Point", "coordinates": [ -64.5363843, -30.8737969 ] } },
{ "type": "Feature", "properties": { "Name": "81.42", "P.K.": null, "Al.Dist. Izq.": 25, "Al.Dist. Der.": 25, "Ruta": 38 }, "geometry": { "type": "Point", "coordinates": [ -64.5363619, -30.8736073 ] } },
{ "type": "Feature", "properties": { "Name": "81.43", "P.K.": null, "Al.Dist. Izq.": 25, "Al.Dist. Der.": 25, "Ruta": 38 }, "geometry": { "type": "Point", "coordinates": [ -64.5362868, -30.8734936 ] } },
{ "type": "Feature", "properties": { "Name": "81.62", "P.K.": null, "Al.Dist. Izq.": 25, "Al.Dist. Der.": 25, "Ruta": 38 }, "geometry": { "type": "Point", "coordinates": [ -64.5357279, -30.8718698 ] } },
{ "type": "Feature", "properties": { "Name": "81.66", "P.K.": null, "Al.Dist. Izq.": 25, "Al.Dist. Der.": 25, "Ruta": 38 }, "geometry": { "type": "Point", "coordinates": [ -64.5355016, -30.8715135 ] } },
{ "type": "Feature", "properties": { "Name": "81.71", "P.K.": null, "Al.Dist. Izq.": 25, "Al.Dist. Der.": 25, "Ruta": 38 }, "geometry": { "type": "Point", "coordinates": [ -64.5354388, -30.8710382 ] } },
{ "type": "Feature", "properties": { "Name": "81.76", "P.K.": null, "Al.Dist. Izq.": 25, "Al.Dist. Der.": 25, "Ruta": 38 }, "geometry": { "type": "Point", "coordinates": [ -64.5353, -30.8706 ] } },
{ "type": "Feature", "properties": { "Name": "81.87", "P.K.": null, "Al.Dist. Izq.": 25, "Al.Dist. Der.": 25, "Ruta": 38 }, "geometry": { "type": "Point", "coordinates": [ -64.5351, -30.8696 ] } },
{ "type": "Feature", "properties": { "Name": "81.89", "P.K.": null, "Al.Dist. Izq.": 25, "Al.Dist. Der.": 25, "Ruta": 38 }, "geometry": { "type": "Point", "coordinates": [ -64.534946, -30.8694976 ] } },
{ "type": "Feature", "properties": { "Name": "81.89", "P.K.": null, "Al.Dist. Izq.": 25, "Al.Dist. Der.": 25, "Ruta": 38 }, "geometry": { "type": "Point", "coordinates": [ -64.534946, -30.8694976 ] } },
{ "type": "Feature", "properties": { "Name": "81.92", "P.K.": null, "Al.Dist. Izq.": 25, "Al.Dist. Der.": 25, "Ruta": 38 }, "geometry": { "type": "Point", "coordinates": [ -64.5350154, -30.8692674 ] } },
{ "type": "Feature", "properties": { "Name": "82", "P.K.": "PK82", "Al.Dist. Izq.": 25, "Al.Dist. Der.": 25, "Ruta": 38 }, "geometry": { "type": "Point", "coordinates": [ -64.5347549, -30.8685666 ] } },
{ "type": "Feature", "properties": { "Name": "82.05", "P.K.": null, "Al.Dist. Izq.": 25, "Al.Dist. Der.": 25, "Ruta": 38 }, "geometry": { "type": "Point", "coordinates": [ -64.5346714, -30.8680929 ] } },
{ "type": "Feature", "properties": { "Name": "82.08", "P.K.": null, "Al.Dist. Izq.": 25, "Al.Dist. Der.": 25, "Ruta": 38 }, "geometry": { "type": "Point", "coordinates": [ -64.5344207, -30.8679075 ] } },
{ "type": "Feature", "properties": { "Name": "82.1", "P.K.": null, "Al.Dist. Izq.": 25, "Al.Dist. Der.": 25, "Ruta": 38 }, "geometry": { "type": "Point", "coordinates": [ -64.5344756, -30.8676863 ] } },
{ "type": "Feature", "properties": { "Name": "82.1", "P.K.": null, "Al.Dist. Izq.": 25, "Al.Dist. Der.": 25, "Ruta": 38 }, "geometry": { "type": "Point", "coordinates": [ -64.5344756, -30.8676863 ] } },
{ "type": "Feature", "properties": { "Name": "82.22", "P.K.": null, "Al.Dist. Izq.": 25, "Al.Dist. Der.": 25, "Ruta": 38 }, "geometry": { "type": "Point", "coordinates": [ -64.5340874, -30.8665559 ] } },
{ "type": "Feature", "properties": { "Name": "82.28", "P.K.": null, "Al.Dist. Izq.": 25, "Al.Dist. Der.": 25, "Ruta": 38 }, "geometry": { "type": "Point", "coordinates": [ -64.533848, -30.8660019 ] } },
{ "type": "Feature", "properties": { "Name": "82.36", "P.K.": null, "Al.Dist. Izq.": 25, "Al.Dist. Der.": 25, "Ruta": 38 }, "geometry": { "type": "Point", "coordinates": [ -64.5336174, -30.8653514 ] } },
{ "type": "Feature", "properties": { "Name": "82.39", "P.K.": null, "Al.Dist. Izq.": 25, "Al.Dist. Der.": 25, "Ruta": 38 }, "geometry": { "type": "Point", "coordinates": [ -64.5335368, -30.8649903 ] } },
{ "type": "Feature", "properties": { "Name": "82.41", "P.K.": null, "Al.Dist. Izq.": 25, "Al.Dist. Der.": 25, "Ruta": 38 }, "geometry": { "type": "Point", "coordinates": [ -64.5335063, -30.8647741 ] } },
{ "type": "Feature", "properties": { "Name": "82.41", "P.K.": null, "Al.Dist. Izq.": 25, "Al.Dist. Der.": 25, "Ruta": 38 }, "geometry": { "type": "Point", "coordinates": [ -64.5335063, -30.8647741 ] } },
{ "type": "Feature", "properties": { "Name": "82.43", "P.K.": null, "Al.Dist. Izq.": 25, "Al.Dist. Der.": 25, "Ruta": 38 }, "geometry": { "type": "Point", "coordinates": [ -64.5334685, -30.864674 ] } },
{ "type": "Feature", "properties": { "Name": "82.43", "P.K.": null, "Al.Dist. Izq.": 25, "Al.Dist. Der.": 25, "Ruta": 38 }, "geometry": { "type": "Point", "coordinates": [ -64.5334685, -30.864674 ] } },
{ "type": "Feature", "properties": { "Name": "82.58", "P.K.": null, "Al.Dist. Izq.": 25, "Al.Dist. Der.": 25, "Ruta": 38 }, "geometry": { "type": "Point", "coordinates": [ -64.5329828, -30.8633968 ] } },
{ "type": "Feature", "properties": { "Name": "82.63", "P.K.": null, "Al.Dist. Izq.": 25, "Al.Dist. Der.": 25, "Ruta": 38 }, "geometry": { "type": "Point", "coordinates": [ -64.5329, -30.8628 ] } },
{ "type": "Feature", "properties": { "Name": "82.65", "P.K.": null, "Al.Dist. Izq.": 25, "Al.Dist. Der.": 25, "Ruta": 38 }, "geometry": { "type": "Point", "coordinates": [ -64.532753, -30.8626735 ] } },
{ "type": "Feature", "properties": { "Name": "82.69", "P.K.": null, "Al.Dist. Izq.": 25, "Al.Dist. Der.": 25, "Ruta": 38 }, "geometry": { "type": "Point", "coordinates": [ -64.5326145, -30.8623144 ] } },
{ "type": "Feature", "properties": { "Name": "82.69", "P.K.": null, "Al.Dist. Izq.": 25, "Al.Dist. Der.": 25, "Ruta": 38 }, "geometry": { "type": "Point", "coordinates": [ -64.5328067, -30.8622691 ] } },
{ "type": "Feature", "properties": { "Name": "82.72", "P.K.": null, "Al.Dist. Izq.": 25, "Al.Dist. Der.": 25, "Ruta": 38 }, "geometry": { "type": "Point", "coordinates": [ -64.5326212, -30.8620216 ] } },
{ "type": "Feature", "properties": { "Name": "82.84", "P.K.": null, "Al.Dist. Izq.": 25, "Al.Dist. Der.": 25, "Ruta": 38 }, "geometry": { "type": "Point", "coordinates": [ -64.5323191, -30.8609709 ] } },
{ "type": "Feature", "properties": { "Name": "82.87", "P.K.": null, "Al.Dist. Izq.": 25, "Al.Dist. Der.": 25, "Ruta": 38 }, "geometry": { "type": "Point", "coordinates": [ -64.53208, -30.8607557 ] } },
{ "type": "Feature", "properties": { "Name": "82.92", "P.K.": null, "Al.Dist. Izq.": 25, "Al.Dist. Der.": 25, "Ruta": 38 }, "geometry": { "type": "Point", "coordinates": [ -64.531933, -30.8602082 ] } },
{ "type": "Feature", "properties": { "Name": "82.93", "P.K.": null, "Al.Dist. Izq.": 25, "Al.Dist. Der.": 25, "Ruta": 38 }, "geometry": { "type": "Point", "coordinates": [ -64.5318719, -30.8601682 ] } },
{ "type": "Feature", "properties": { "Name": "82.96", "P.K.": null, "Al.Dist. Izq.": 25, "Al.Dist. Der.": 25, "Ruta": 38 }, "geometry": { "type": "Point", "coordinates": [ -64.5319, -30.8598 ] } },
{ "type": "Feature", "properties": { "Name": "82.96", "P.K.": null, "Al.Dist. Izq.": 25, "Al.Dist. Der.": 25, "Ruta": 38 }, "geometry": { "type": "Point", "coordinates": [ -64.5319, -30.8598 ] } },
{ "type": "Feature", "properties": { "Name": "83", "P.K.": "PK83", "Al.Dist. Izq.": 25, "Al.Dist. Der.": 25, "Ruta": 38 }, "geometry": { "type": "Point", "coordinates": [ -64.531613, -30.8595504 ] } },
{ "type": "Feature", "properties": { "Name": "83.03", "P.K.": null, "Al.Dist. Izq.": 25, "Al.Dist. Der.": 25, "Ruta": 38 }, "geometry": { "type": "Point", "coordinates": [ -64.5314357, -30.859342 ] } },
{ "type": "Feature", "properties": { "Name": "83.07", "P.K.": null, "Al.Dist. Izq.": 25, "Al.Dist. Der.": 25, "Ruta": 38 }, "geometry": { "type": "Point", "coordinates": [ -64.5315101, -30.8589525 ] } },
{ "type": "Feature", "properties": { "Name": "83.12", "P.K.": null, "Al.Dist. Izq.": 25, "Al.Dist. Der.": 25, "Ruta": 38 }, "geometry": { "type": "Point", "coordinates": [ -64.5309113, -30.8587693 ] } },
{ "type": "Feature", "properties": { "Name": "83.22", "P.K.": null, "Al.Dist. Izq.": 25, "Al.Dist. Der.": 25, "Ruta": 38 }, "geometry": { "type": "Point", "coordinates": [ -64.5306, -30.8578 ] } },
{ "type": "Feature", "properties": { "Name": "83.23", "P.K.": null, "Al.Dist. Izq.": 25, "Al.Dist. Der.": 25, "Ruta": 38 }, "geometry": { "type": "Point", "coordinates": [ -64.5304325, -30.8578976 ] } },
{ "type": "Feature", "properties": { "Name": "83.35", "P.K.": null, "Al.Dist. Izq.": 25, "Al.Dist. Der.": 25, "Ruta": 38 }, "geometry": { "type": "Point", "coordinates": [ -64.5301992, -30.8568681 ] } },
{ "type": "Feature", "properties": { "Name": "83.35", "P.K.": null, "Al.Dist. Izq.": 25, "Al.Dist. Der.": 25, "Ruta": 38 }, "geometry": { "type": "Point", "coordinates": [ -64.5301992, -30.8568681 ] } },
{ "type": "Feature", "properties": { "Name": "83.36", "P.K.": null, "Al.Dist. Izq.": null, "Al.Dist. Der.": null, "Ruta": 38 }, "geometry": { "type": "Point", "coordinates": [ -64.5298, -30.8569 ] } },
{ "type": "Feature", "properties": { "Name": "83.37", "P.K.": null, "Al.Dist. Izq.": null, "Al.Dist. Der.": null, "Ruta": 38 }, "geometry": { "type": "Point", "coordinates": [ -64.5300067, -30.8567259 ] } },
{ "type": "Feature", "properties": { "Name": "83.44", "P.K.": null, "Al.Dist. Izq.": null, "Al.Dist. Der.": null, "Ruta": 38 }, "geometry": { "type": "Point", "coordinates": [ -64.5297935, -30.8561802 ] } },
{ "type": "Feature", "properties": { "Name": "83.47", "P.K.": null, "Al.Dist. Izq.": null, "Al.Dist. Der.": null, "Ruta": 38 }, "geometry": { "type": "Point", "coordinates": [ -64.5297878, -30.8558964 ] } },
{ "type": "Feature", "properties": { "Name": "83.69", "P.K.": null, "Al.Dist. Izq.": null, "Al.Dist. Der.": null, "Ruta": 38 }, "geometry": { "type": "Point", "coordinates": [ -64.5303, -30.854 ] } },
{ "type": "Feature", "properties": { "Name": "83.73", "P.K.": null, "Al.Dist. Izq.": null, "Al.Dist. Der.": null, "Ruta": 38 }, "geometry": { "type": "Point", "coordinates": [ -64.5305971, -30.8539499 ] } },
{ "type": "Feature", "properties": { "Name": "83.74", "P.K.": null, "Al.Dist. Izq.": null, "Al.Dist. Der.": null, "Ruta": 38 }, "geometry": { "type": "Point", "coordinates": [ -64.5305134, -30.8537289 ] } },
{ "type": "Feature", "properties": { "Name": "83.82", "P.K.": null, "Al.Dist. Izq.": null, "Al.Dist. Der.": null, "Ruta": 38 }, "geometry": { "type": "Point", "coordinates": [ -64.5311205, -30.8532712 ] } },
{ "type": "Feature", "properties": { "Name": "83.89", "P.K.": null, "Al.Dist. Izq.": null, "Al.Dist. Der.": null, "Ruta": 38 }, "geometry": { "type": "Point", "coordinates": [ -64.5316925, -30.8528449 ] } },
{ "type": "Feature", "properties": { "Name": "83.96", "P.K.": null, "Al.Dist. Izq.": null, "Al.Dist. Der.": null, "Ruta": 38 }, "geometry": { "type": "Point", "coordinates": [ -64.5322336, -30.8526091 ] } },
{ "type": "Feature", "properties": { "Name": "84", "P.K.": "PK84", "Al.Dist. Izq.": null, "Al.Dist. Der.": null, "Ruta": 38 }, "geometry": { "type": "Point", "coordinates": [ -64.5325528, -30.8523305 ] } },
{ "type": "Feature", "properties": { "Name": "84.05", "P.K.": null, "Al.Dist. Izq.": null, "Al.Dist. Der.": null, "Ruta": 38 }, "geometry": { "type": "Point", "coordinates": [ -64.5328492, -30.8518974 ] } },
{ "type": "Feature", "properties": { "Name": "84.35", "P.K.": null, "Al.Dist. Izq.": null, "Al.Dist. Der.": null, "Ruta": 38 }, "geometry": { "type": "Point", "coordinates": [ -64.5347368, -30.8498166 ] } },
{ "type": "Feature", "properties": { "Name": "84.39", "P.K.": null, "Al.Dist. Izq.": null, "Al.Dist. Der.": null, "Ruta": 38 }, "geometry": { "type": "Point", "coordinates": [ -64.5347663, -30.849417 ] } },
{ "type": "Feature", "properties": { "Name": "84.53", "P.K.": null, "Al.Dist. Izq.": null, "Al.Dist. Der.": null, "Ruta": 38 }, "geometry": { "type": "Point", "coordinates": [ -64.5355, -30.8483 ] } },
{ "type": "Feature", "properties": { "Name": "84.66", "P.K.": null, "Al.Dist. Izq.": null, "Al.Dist. Der.": null, "Ruta": 38 }, "geometry": { "type": "Point", "coordinates": [ -64.5353423, -30.8471662 ] } },
{ "type": "Feature", "properties": { "Name": "84.68", "P.K.": null, "Al.Dist. Izq.": null, "Al.Dist. Der.": null, "Ruta": 38 }, "geometry": { "type": "Point", "coordinates": [ -64.5353111, -30.8469858 ] } },
{ "type": "Feature", "properties": { "Name": "84.73", "P.K.": null, "Al.Dist. Izq.": null, "Al.Dist. Der.": null, "Ruta": 38 }, "geometry": { "type": "Point", "coordinates": [ -64.5352206, -30.8465371 ] } },
{ "type": "Feature", "properties": { "Name": "84.76", "P.K.": null, "Al.Dist. Izq.": null, "Al.Dist. Der.": null, "Ruta": 38 }, "geometry": { "type": "Point", "coordinates": [ -64.5350925, -30.84627 ] } },
{ "type": "Feature", "properties": { "Name": "84.79", "P.K.": null, "Al.Dist. Izq.": null, "Al.Dist. Der.": null, "Ruta": 38 }, "geometry": { "type": "Point", "coordinates": [ -64.5352307, -30.8459523 ] } },
{ "type": "Feature", "properties": { "Name": "85", "P.K.": "PK85", "Al.Dist. Izq.": null, "Al.Dist. Der.": null, "Ruta": 38 }, "geometry": { "type": "Point", "coordinates": [ -64.5347135, -30.8441322 ] } },
{ "type": "Feature", "properties": { "Name": "85.01", "P.K.": null, "Al.Dist. Izq.": null, "Al.Dist. Der.": null, "Ruta": 38 }, "geometry": { "type": "Point", "coordinates": [ -64.534653, -30.8440261 ] } },
{ "type": "Feature", "properties": { "Name": "85.02", "P.K.": null, "Al.Dist. Izq.": null, "Al.Dist. Der.": null, "Ruta": 38 }, "geometry": { "type": "Point", "coordinates": [ -64.5346774, -30.8439664 ] } },
{ "type": "Feature", "properties": { "Name": "85.11", "P.K.": null, "Al.Dist. Izq.": null, "Al.Dist. Der.": null, "Ruta": 38 }, "geometry": { "type": "Point", "coordinates": [ -64.5345332, -30.8433036 ] } },
{ "type": "Feature", "properties": { "Name": "85.32", "P.K.": null, "Al.Dist. Izq.": null, "Al.Dist. Der.": null, "Ruta": 38 }, "geometry": { "type": "Point", "coordinates": [ -64.5341061, -30.8414533 ] } },
{ "type": "Feature", "properties": { "Name": "85.33", "P.K.": null, "Al.Dist. Izq.": null, "Al.Dist. Der.": null, "Ruta": 38 }, "geometry": { "type": "Point", "coordinates": [ -64.5342466, -30.8413995 ] } },
{ "type": "Feature", "properties": { "Name": "85.35", "P.K.": null, "Al.Dist. Izq.": null, "Al.Dist. Der.": null, "Ruta": 38 }, "geometry": { "type": "Point", "coordinates": [ -64.5340934, -30.8412299 ] } },
{ "type": "Feature", "properties": { "Name": "85.46", "P.K.": null, "Al.Dist. Izq.": null, "Al.Dist. Der.": null, "Ruta": 38 }, "geometry": { "type": "Point", "coordinates": [ -64.5338995, -30.8403176 ] } },
{ "type": "Feature", "properties": { "Name": "85.65", "P.K.": null, "Al.Dist. Izq.": null, "Al.Dist. Der.": null, "Ruta": 38 }, "geometry": { "type": "Point", "coordinates": [ -64.5338419, -30.8387569 ] } },
{ "type": "Feature", "properties": { "Name": "85.79", "P.K.": null, "Al.Dist. Izq.": 25, "Al.Dist. Der.": 25, "Ruta": 38 }, "geometry": { "type": "Point", "coordinates": [ -64.5341209, -30.8375645 ] } },
{ "type": "Feature", "properties": { "Name": "86", "P.K.": "PK86", "Al.Dist. Izq.": 25, "Al.Dist. Der.": 25, "Ruta": 38 }, "geometry": { "type": "Point", "coordinates": [ -64.5344596, -30.8358184 ] } },
{ "type": "Feature", "properties": { "Name": "86.24", "P.K.": null, "Al.Dist. Izq.": 25, "Al.Dist. Der.": 25, "Ruta": 38 }, "geometry": { "type": "Point", "coordinates": [ -64.5348604, -30.8338233 ] } },
{ "type": "Feature", "properties": { "Name": "86.57", "P.K.": null, "Al.Dist. Izq.": 25, "Al.Dist. Der.": 25, "Ruta": 38 }, "geometry": { "type": "Point", "coordinates": [ -64.5350278, -30.8309906 ] } },
{ "type": "Feature", "properties": { "Name": "86.59", "P.K.": null, "Al.Dist. Izq.": 25, "Al.Dist. Der.": 25, "Ruta": 38 }, "geometry": { "type": "Point", "coordinates": [ -64.535642, -30.8309031 ] } },
{ "type": "Feature", "properties": { "Name": "86.63", "P.K.": null, "Al.Dist. Izq.": 25, "Al.Dist. Der.": 25, "Ruta": 38 }, "geometry": { "type": "Point", "coordinates": [ -64.5355928, -30.8305939 ] } },
{ "type": "Feature", "properties": { "Name": "86.83", "P.K.": null, "Al.Dist. Izq.": 25, "Al.Dist. Der.": 25, "Ruta": 38 }, "geometry": { "type": "Point", "coordinates": [ -64.5358857, -30.8289271 ] } },
{ "type": "Feature", "properties": { "Name": "86.9", "P.K.": null, "Al.Dist. Izq.": 25, "Al.Dist. Der.": 25, "Ruta": 38 }, "geometry": { "type": "Point", "coordinates": [ -64.5360484, -30.8283532 ] } },
{ "type": "Feature", "properties": { "Name": "87", "P.K.": "PK87", "Al.Dist. Izq.": 25, "Al.Dist. Der.": 25, "Ruta": 38 }, "geometry": { "type": "Point", "coordinates": [ -64.5361933, -30.8275188 ] } },
{ "type": "Feature", "properties": { "Name": "87.08", "P.K.": null, "Al.Dist. Izq.": 25, "Al.Dist. Der.": 25, "Ruta": 38 }, "geometry": { "type": "Point", "coordinates": [ -64.5363363, -30.8268558 ] } },
{ "type": "Feature", "properties": { "Name": "87.17", "P.K.": null, "Al.Dist. Izq.": 25, "Al.Dist. Der.": 25, "Ruta": 38 }, "geometry": { "type": "Point", "coordinates": [ -64.5365335, -30.8259442 ] } },
{ "type": "Feature", "properties": { "Name": "87.26", "P.K.": null, "Al.Dist. Izq.": 25, "Al.Dist. Der.": 25, "Ruta": 38 }, "geometry": { "type": "Point", "coordinates": [ -64.5367986, -30.8250508 ] } },
{ "type": "Feature", "properties": { "Name": "87.36", "P.K.": null, "Al.Dist. Izq.": 25, "Al.Dist. Der.": 25, "Ruta": 38 }, "geometry": { "type": "Point", "coordinates": [ -64.5370442, -30.8241713 ] } },
{ "type": "Feature", "properties": { "Name": "87.45", "P.K.": null, "Al.Dist. Izq.": 25, "Al.Dist. Der.": 25, "Ruta": 38 }, "geometry": { "type": "Point", "coordinates": [ -64.5374217, -30.8233828 ] } },
{ "type": "Feature", "properties": { "Name": "87.59", "P.K.": null, "Al.Dist. Izq.": 25, "Al.Dist. Der.": 25, "Ruta": 38 }, "geometry": { "type": "Point", "coordinates": [ -64.5378771, -30.8221048 ] } },
{ "type": "Feature", "properties": { "Name": "87.8", "P.K.": null, "Al.Dist. Izq.": 25, "Al.Dist. Der.": 25, "Ruta": 38 }, "geometry": { "type": "Point", "coordinates": [ -64.5381975, -30.8200997 ] } },
{ "type": "Feature", "properties": { "Name": "88", "P.K.": "PK88", "Al.Dist. Izq.": 25, "Al.Dist. Der.": 25, "Ruta": 38 }, "geometry": { "type": "Point", "coordinates": [ -64.5384952, -30.8182489 ] } },
{ "type": "Feature", "properties": { "Name": "88.13", "P.K.": null, "Al.Dist. Izq.": 25, "Al.Dist. Der.": 25, "Ruta": 38 }, "geometry": { "type": "Point", "coordinates": [ -64.5384999, -30.8169742 ] } },
{ "type": "Feature", "properties": { "Name": "88.25", "P.K.": null, "Al.Dist. Izq.": 25, "Al.Dist. Der.": 25, "Ruta": 38 }, "geometry": { "type": "Point", "coordinates": [ -64.5386293, -30.8158634 ] } },
{ "type": "Feature", "properties": { "Name": "88.38", "P.K.": null, "Al.Dist. Izq.": 25, "Al.Dist. Der.": 25, "Ruta": 38 }, "geometry": { "type": "Point", "coordinates": [ -64.5388597, -30.8146457 ] } },
{ "type": "Feature", "properties": { "Name": "88.41", "P.K.": null, "Al.Dist. Izq.": 25, "Al.Dist. Der.": 25, "Ruta": 38 }, "geometry": { "type": "Point", "coordinates": [ -64.538962, -30.8143799 ] } },
{ "type": "Feature", "properties": { "Name": "88.51", "P.K.": null, "Al.Dist. Izq.": 25, "Al.Dist. Der.": 25, "Ruta": 38 }, "geometry": { "type": "Point", "coordinates": [ -64.5386039, -30.8133518 ] } },
{ "type": "Feature", "properties": { "Name": "88.84", "P.K.": null, "Al.Dist. Izq.": 25, "Al.Dist. Der.": 25, "Ruta": 38 }, "geometry": { "type": "Point", "coordinates": [ -64.5369469, -30.8106091 ] } },
{ "type": "Feature", "properties": { "Name": "88.87", "P.K.": null, "Al.Dist. Izq.": 25, "Al.Dist. Der.": 25, "Ruta": 38 }, "geometry": { "type": "Point", "coordinates": [ -64.5366801, -30.8104249 ] } },
{ "type": "Feature", "properties": { "Name": "88.94", "P.K.": null, "Al.Dist. Izq.": 25, "Al.Dist. Der.": 25, "Ruta": 38 }, "geometry": { "type": "Point", "coordinates": [ -64.5363421, -30.8097191 ] } },
{ "type": "Feature", "properties": { "Name": "88.97", "P.K.": null, "Al.Dist. Izq.": 25, "Al.Dist. Der.": 25, "Ruta": 38 }, "geometry": { "type": "Point", "coordinates": [ -64.536175, -30.8095079 ] } },
{ "type": "Feature", "properties": { "Name": "88.99", "P.K.": null, "Al.Dist. Izq.": 25, "Al.Dist. Der.": 25, "Ruta": 38 }, "geometry": { "type": "Point", "coordinates": [ -64.5360745, -30.8093557 ] } },
{ "type": "Feature", "properties": { "Name": "89", "P.K.": "PK89", "Al.Dist. Izq.": 25, "Al.Dist. Der.": 25, "Ruta": 38 }, "geometry": { "type": "Point", "coordinates": [ -64.5360029, -30.8093032 ] } },
{ "type": "Feature", "properties": { "Name": "89.01", "P.K.": null, "Al.Dist. Izq.": 25, "Al.Dist. Der.": 25, "Ruta": 38 }, "geometry": { "type": "Point", "coordinates": [ -64.535921, -30.8091904 ] } },
{ "type": "Feature", "properties": { "Name": "89.12", "P.K.": null, "Al.Dist. Izq.": 25, "Al.Dist. Der.": 25, "Ruta": 38 }, "geometry": { "type": "Point", "coordinates": [ -64.5355713, -30.8086009 ] } },
{ "type": "Feature", "properties": { "Name": "89.13", "P.K.": null, "Al.Dist. Izq.": 25, "Al.Dist. Der.": 25, "Ruta": 38 }, "geometry": { "type": "Point", "coordinates": [ -64.5355404, -30.8085082 ] } },
{ "type": "Feature", "properties": { "Name": "89.18", "P.K.": null, "Al.Dist. Izq.": 25, "Al.Dist. Der.": 25, "Ruta": 38 }, "geometry": { "type": "Point", "coordinates": [ -64.5352834, -30.8081591 ] } },
{ "type": "Feature", "properties": { "Name": "89.19", "P.K.": null, "Al.Dist. Izq.": 25, "Al.Dist. Der.": 25, "Ruta": 38 }, "geometry": { "type": "Point", "coordinates": [ -64.5352903, -30.8080455 ] } },
{ "type": "Feature", "properties": { "Name": "89.29", "P.K.": null, "Al.Dist. Izq.": 25, "Al.Dist. Der.": 25, "Ruta": 38 }, "geometry": { "type": "Point", "coordinates": [ -64.5351593, -30.8073791 ] } },
{ "type": "Feature", "properties": { "Name": "89.47", "P.K.": null, "Al.Dist. Izq.": 25, "Al.Dist. Der.": 25, "Ruta": 38 }, "geometry": { "type": "Point", "coordinates": [ -64.5348, -30.8061 ] } },
{ "type": "Feature", "properties": { "Name": "89.69", "P.K.": null, "Al.Dist. Izq.": 25, "Al.Dist. Der.": 25, "Ruta": 38 }, "geometry": { "type": "Point", "coordinates": [ -64.5350717, -30.8046316 ] } },
{ "type": "Feature", "properties": { "Name": "89.81", "P.K.": null, "Al.Dist. Izq.": 25, "Al.Dist. Der.": 25, "Ruta": 38 }, "geometry": { "type": "Point", "coordinates": [ -64.5352917, -30.8038249 ] } },
{ "type": "Feature", "properties": { "Name": "89.82", "P.K.": null, "Al.Dist. Izq.": 25, "Al.Dist. Der.": 25, "Ruta": 38 }, "geometry": { "type": "Point", "coordinates": [ -64.535403, -30.8037616 ] } },
{ "type": "Feature", "properties": { "Name": "89.86", "P.K.": null, "Al.Dist. Izq.": 25, "Al.Dist. Der.": 25, "Ruta": 38 }, "geometry": { "type": "Point", "coordinates": [ -64.5355381, -30.803547 ] } },
{ "type": "Feature", "properties": { "Name": "89.88", "P.K.": null, "Al.Dist. Izq.": 25, "Al.Dist. Der.": 25, "Ruta": 38 }, "geometry": { "type": "Point", "coordinates": [ -64.5355814, -30.8033129 ] } },
{ "type": "Feature", "properties": { "Name": "89.92", "P.K.": null, "Al.Dist. Izq.": 25, "Al.Dist. Der.": 25, "Ruta": 38 }, "geometry": { "type": "Point", "coordinates": [ -64.535482, -30.8030044 ] } },
{ "type": "Feature", "properties": { "Name": "90", "P.K.": "PK90", "Al.Dist. Izq.": 25, "Al.Dist. Der.": 25, "Ruta": 38 }, "geometry": { "type": "Point", "coordinates": [ -64.5356584, -30.8025384 ] } },
{ "type": "Feature", "properties": { "Name": "90.07", "P.K.": null, "Al.Dist. Izq.": 25, "Al.Dist. Der.": 25, "Ruta": 38 }, "geometry": { "type": "Point", "coordinates": [ -64.5359002, -30.80168 ] } },
{ "type": "Feature", "properties": { "Name": "90.09", "P.K.": null, "Al.Dist. Izq.": 25, "Al.Dist. Der.": 25, "Ruta": 38 }, "geometry": { "type": "Point", "coordinates": [ -64.5357702, -30.80155 ] } },
{ "type": "Feature", "properties": { "Name": "90.15", "P.K.": null, "Al.Dist. Izq.": 25, "Al.Dist. Der.": 25, "Ruta": 38 }, "geometry": { "type": "Point", "coordinates": [ -64.5361828, -30.8009541 ] } },
{ "type": "Feature", "properties": { "Name": "90.19", "P.K.": null, "Al.Dist. Izq.": 25, "Al.Dist. Der.": 25, "Ruta": 38 }, "geometry": { "type": "Point", "coordinates": [ -64.5360534, -30.8004449 ] } },
{ "type": "Feature", "properties": { "Name": "90.61", "P.K.": null, "Al.Dist. Izq.": 25, "Al.Dist. Der.": 25, "Ruta": 38 }, "geometry": { "type": "Point", "coordinates": [ -64.5363479, -30.7959074 ] } },
{ "type": "Feature", "properties": { "Name": "90.61", "P.K.": null, "Al.Dist. Izq.": 25, "Al.Dist. Der.": 25, "Ruta": 38 }, "geometry": { "type": "Point", "coordinates": [ -64.536321, -30.7957586 ] } },
{ "type": "Feature", "properties": { "Name": "90.66", "P.K.": null, "Al.Dist. Izq.": 25, "Al.Dist. Der.": 25, "Ruta": 38 }, "geometry": { "type": "Point", "coordinates": [ -64.536357, -30.7953542 ] } },
{ "type": "Feature", "properties": { "Name": "90.74", "P.K.": null, "Al.Dist. Izq.": 25, "Al.Dist. Der.": 25, "Ruta": 38 }, "geometry": { "type": "Point", "coordinates": [ -64.5364035, -30.7944255 ] } },
{ "type": "Feature", "properties": { "Name": "90.85", "P.K.": null, "Al.Dist. Izq.": 25, "Al.Dist. Der.": 25, "Ruta": 38 }, "geometry": { "type": "Point", "coordinates": [ -64.536907, -30.7932127 ] } },
{ "type": "Feature", "properties": { "Name": "90.91", "P.K.": null, "Al.Dist. Izq.": 25, "Al.Dist. Der.": 25, "Ruta": 38 }, "geometry": { "type": "Point", "coordinates": [ -64.5371724, -30.7926821 ] } },
{ "type": "Feature", "properties": { "Name": "90.92", "P.K.": null, "Al.Dist. Izq.": 25, "Al.Dist. Der.": 25, "Ruta": 38 }, "geometry": { "type": "Point", "coordinates": [ -64.5372352, -30.7925791 ] } },
{ "type": "Feature", "properties": { "Name": "90.98", "P.K.": null, "Al.Dist. Izq.": 25, "Al.Dist. Der.": 25, "Ruta": 38 }, "geometry": { "type": "Point", "coordinates": [ -64.5377, -30.792 ] } },
{ "type": "Feature", "properties": { "Name": "91", "P.K.": "PK91", "Al.Dist. Izq.": 25, "Al.Dist. Der.": 25, "Ruta": 38 }, "geometry": { "type": "Point", "coordinates": [ -64.5377788, -30.7918486 ] } },
{ "type": "Feature", "properties": { "Name": "91.02", "P.K.": null, "Al.Dist. Izq.": 25, "Al.Dist. Der.": 25, "Ruta": 38 }, "geometry": { "type": "Point", "coordinates": [ -64.5378492, -30.7916969 ] } },
{ "type": "Feature", "properties": { "Name": "91.06", "P.K.": null, "Al.Dist. Izq.": 25, "Al.Dist. Der.": 25, "Ruta": 38 }, "geometry": { "type": "Point", "coordinates": [ -64.5381, -30.7914 ] } },
{ "type": "Feature", "properties": { "Name": "91.07", "P.K.": null, "Al.Dist. Izq.": 25, "Al.Dist. Der.": 25, "Ruta": 38 }, "geometry": { "type": "Point", "coordinates": [ -64.5381523, -30.7912568 ] } },
{ "type": "Feature", "properties": { "Name": "91.09", "P.K.": null, "Al.Dist. Izq.": 25, "Al.Dist. Der.": 25, "Ruta": 38 }, "geometry": { "type": "Point", "coordinates": [ -64.5382327, -30.7911448 ] } },
{ "type": "Feature", "properties": { "Name": "91.13", "P.K.": null, "Al.Dist. Izq.": 25, "Al.Dist. Der.": 25, "Ruta": 38 }, "geometry": { "type": "Point", "coordinates": [ -64.5386404, -30.7907594 ] } },
{ "type": "Feature", "properties": { "Name": "91.15", "P.K.": null, "Al.Dist. Izq.": 25, "Al.Dist. Der.": 25, "Ruta": 38 }, "geometry": { "type": "Point", "coordinates": [ -64.5385952, -30.7905327 ] } },
{ "type": "Feature", "properties": { "Name": "91.19", "P.K.": null, "Al.Dist. Izq.": 25, "Al.Dist. Der.": 25, "Ruta": 38 }, "geometry": { "type": "Point", "coordinates": [ -64.5389147, -30.7903262 ] } },
{ "type": "Feature", "properties": { "Name": "91.27", "P.K.": null, "Al.Dist. Izq.": 25, "Al.Dist. Der.": 25, "Ruta": 38 }, "geometry": { "type": "Point", "coordinates": [ -64.5392229, -30.7896412 ] } },
{ "type": "Feature", "properties": { "Name": "91.28", "P.K.": null, "Al.Dist. Izq.": 25, "Al.Dist. Der.": 25, "Ruta": 38 }, "geometry": { "type": "Point", "coordinates": [ -64.5392681, -30.7895545 ] } },
{ "type": "Feature", "properties": { "Name": "91.36", "P.K.": null, "Al.Dist. Izq.": 25, "Al.Dist. Der.": 25, "Ruta": 38 }, "geometry": { "type": "Point", "coordinates": [ -64.5397063, -30.7888268 ] } },
{ "type": "Feature", "properties": { "Name": "91.39", "P.K.": null, "Al.Dist. Izq.": 25, "Al.Dist. Der.": 25, "Ruta": 38 }, "geometry": { "type": "Point", "coordinates": [ -64.5396308, -30.7885301 ] } },
{ "type": "Feature", "properties": { "Name": "91.48", "P.K.": null, "Al.Dist. Izq.": 25, "Al.Dist. Der.": 25, "Ruta": 38 }, "geometry": { "type": "Point", "coordinates": [ -64.5399993, -30.7877807 ] } },
{ "type": "Feature", "properties": { "Name": "91.88", "P.K.": null, "Al.Dist. Izq.": 25, "Al.Dist. Der.": 25, "Ruta": 38 }, "geometry": { "type": "Point", "coordinates": [ -64.5416686, -30.7842598 ] } },
{ "type": "Feature", "properties": { "Name": "91.98", "P.K.": null, "Al.Dist. Izq.": 25, "Al.Dist. Der.": 25, "Ruta": 38 }, "geometry": { "type": "Point", "coordinates": [ -64.5420951, -30.7833591 ] } },
{ "type": "Feature", "properties": { "Name": "92", "P.K.": "PK92", "Al.Dist. Izq.": 25, "Al.Dist. Der.": 25, "Ruta": 38 }, "geometry": { "type": "Point", "coordinates": [ -64.54221, -30.7831563 ] } },
{ "type": "Feature", "properties": { "Name": "92.08", "P.K.": null, "Al.Dist. Izq.": 25, "Al.Dist. Der.": 25, "Ruta": 38 }, "geometry": { "type": "Point", "coordinates": [ -64.5425035, -30.7824472 ] } },
{ "type": "Feature", "properties": { "Name": "92.15", "P.K.": null, "Al.Dist. Izq.": 25, "Al.Dist. Der.": 25, "Ruta": 38 }, "geometry": { "type": "Point", "coordinates": [ -64.5427552, -30.7817958 ] } },
{ "type": "Feature", "properties": { "Name": "92.15", "P.K.": null, "Al.Dist. Izq.": 35, "Al.Dist. Der.": 15, "Ruta": 38 }, "geometry": { "type": "Point", "coordinates": [ -64.5427552, -30.7817958 ] } },
{ "type": "Feature", "properties": { "Name": "92.31", "P.K.": null, "Al.Dist. Izq.": 35, "Al.Dist. Der.": 15, "Ruta": 38 }, "geometry": { "type": "Point", "coordinates": [ -64.5432143, -30.7802675 ] } },
{ "type": "Feature", "properties": { "Name": "92.37", "P.K.": null, "Al.Dist. Izq.": 35, "Al.Dist. Der.": 15, "Ruta": 38 }, "geometry": { "type": "Point", "coordinates": [ -64.543339, -30.7796848 ] } },
{ "type": "Feature", "properties": { "Name": "92.39", "P.K.": null, "Al.Dist. Izq.": 35, "Al.Dist. Der.": 15, "Ruta": 38 }, "geometry": { "type": "Point", "coordinates": [ -64.5433, -30.7795 ] } },
{ "type": "Feature", "properties": { "Name": "92.44", "P.K.": null, "Al.Dist. Izq.": 35, "Al.Dist. Der.": 15, "Ruta": 38 }, "geometry": { "type": "Point", "coordinates": [ -64.5434074, -30.7790309 ] } },
{ "type": "Feature", "properties": { "Name": "92.49", "P.K.": null, "Al.Dist. Izq.": 35, "Al.Dist. Der.": 15, "Ruta": 38 }, "geometry": { "type": "Point", "coordinates": [ -64.5433896, -30.7785335 ] } },
{ "type": "Feature", "properties": { "Name": "92.54", "P.K.": null, "Al.Dist. Izq.": 35, "Al.Dist. Der.": 15, "Ruta": 38 }, "geometry": { "type": "Point", "coordinates": [ -64.5433759, -30.7780775 ] } },
{ "type": "Feature", "properties": { "Name": "92.56", "P.K.": null, "Al.Dist. Izq.": 35, "Al.Dist. Der.": 15, "Ruta": 38 }, "geometry": { "type": "Point", "coordinates": [ -64.5434889, -30.7778848 ] } },
{ "type": "Feature", "properties": { "Name": "92.72", "P.K.": null, "Al.Dist. Izq.": 35, "Al.Dist. Der.": 15, "Ruta": 38 }, "geometry": { "type": "Point", "coordinates": [ -64.5437688, -30.7762947 ] } },
{ "type": "Feature", "properties": { "Name": "92.75", "P.K.": null, "Al.Dist. Izq.": 35, "Al.Dist. Der.": 15, "Ruta": 38 }, "geometry": { "type": "Point", "coordinates": [ -64.5439, -30.776 ] } },
{ "type": "Feature", "properties": { "Name": "92.8", "P.K.": null, "Al.Dist. Izq.": 35, "Al.Dist. Der.": 15, "Ruta": 38 }, "geometry": { "type": "Point", "coordinates": [ -64.5438553, -30.7755956 ] } },
{ "type": "Feature", "properties": { "Name": "92.82", "P.K.": null, "Al.Dist. Izq.": 35, "Al.Dist. Der.": 15, "Ruta": 38 }, "geometry": { "type": "Point", "coordinates": [ -64.5439115, -30.7753481 ] } },
{ "type": "Feature", "properties": { "Name": "92.85", "P.K.": null, "Al.Dist. Izq.": 35, "Al.Dist. Der.": 15, "Ruta": 38 }, "geometry": { "type": "Point", "coordinates": [ -64.5438489, -30.7750831 ] } },
{ "type": "Feature", "properties": { "Name": "92.91", "P.K.": null, "Al.Dist. Izq.": 35, "Al.Dist. Der.": 15, "Ruta": 38 }, "geometry": { "type": "Point", "coordinates": [ -64.5440688, -30.7745663 ] } },
{ "type": "Feature", "properties": { "Name": "92.94", "P.K.": null, "Al.Dist. Izq.": 35, "Al.Dist. Der.": 15, "Ruta": 38 }, "geometry": { "type": "Point", "coordinates": [ -64.544256, -30.7742618 ] } },
{ "type": "Feature", "properties": { "Name": "92.98", "P.K.": null, "Al.Dist. Izq.": 35, "Al.Dist. Der.": 15, "Ruta": 38 }, "geometry": { "type": "Point", "coordinates": [ -64.5443337, -30.7738127 ] } },
{ "type": "Feature", "properties": { "Name": "92.99", "P.K.": null, "Al.Dist. Izq.": 35, "Al.Dist. Der.": 15, "Ruta": 38 }, "geometry": { "type": "Point", "coordinates": [ -64.5441758, -30.7737341 ] } },
{ "type": "Feature", "properties": { "Name": "93", "P.K.": "PK93", "Al.Dist. Izq.": 35, "Al.Dist. Der.": 15, "Ruta": 38 }, "geometry": { "type": "Point", "coordinates": [ -64.5442137, -30.7736135 ] } },
{ "type": "Feature", "properties": { "Name": "93.01", "P.K.": null, "Al.Dist. Izq.": 35, "Al.Dist. Der.": 15, "Ruta": 38 }, "geometry": { "type": "Point", "coordinates": [ -64.5442305, -30.7735172 ] } },
{ "type": "Feature", "properties": { "Name": "93.01", "P.K.": null, "Al.Dist. Izq.": 35, "Al.Dist. Der.": 15, "Ruta": 38 }, "geometry": { "type": "Point", "coordinates": [ -64.5442305, -30.7735172 ] } },
{ "type": "Feature", "properties": { "Name": "93.05", "P.K.": null, "Al.Dist. Izq.": 35, "Al.Dist. Der.": 15, "Ruta": 38 }, "geometry": { "type": "Point", "coordinates": [ -64.5442834, -30.7732061 ] } },
{ "type": "Feature", "properties": { "Name": "93.16", "P.K.": null, "Al.Dist. Izq.": 35, "Al.Dist. Der.": 15, "Ruta": 38 }, "geometry": { "type": "Point", "coordinates": [ -64.5444025, -30.7722344 ] } },
{ "type": "Feature", "properties": { "Name": "93.19", "P.K.": null, "Al.Dist. Izq.": 35, "Al.Dist. Der.": 15, "Ruta": 38 }, "geometry": { "type": "Point", "coordinates": [ -64.5446211, -30.7719184 ] } },
{ "type": "Feature", "properties": { "Name": "93.26", "P.K.": null, "Al.Dist. Izq.": 35, "Al.Dist. Der.": 15, "Ruta": 38 }, "geometry": { "type": "Point", "coordinates": [ -64.5444705, -30.7713057 ] } },
{ "type": "Feature", "properties": { "Name": "93.27", "P.K.": null, "Al.Dist. Izq.": 35, "Al.Dist. Der.": 15, "Ruta": 38 }, "geometry": { "type": "Point", "coordinates": [ -64.5446153, -30.7712353 ] } },
{ "type": "Feature", "properties": { "Name": "93.4", "P.K.": null, "Al.Dist. Izq.": 35, "Al.Dist. Der.": 15, "Ruta": 38 }, "geometry": { "type": "Point", "coordinates": [ -64.5448491, -30.7700235 ] } },
{ "type": "Feature", "properties": { "Name": "93.55", "P.K.": null, "Al.Dist. Izq.": 35, "Al.Dist. Der.": 15, "Ruta": 38 }, "geometry": { "type": "Point", "coordinates": [ -64.5451838, -30.7688398 ] } },
{ "type": "Feature", "properties": { "Name": "93.58", "P.K.": null, "Al.Dist. Izq.": 35, "Al.Dist. Der.": 15, "Ruta": 38 }, "geometry": { "type": "Point", "coordinates": [ -64.5454013, -30.7686683 ] } },
{ "type": "Feature", "properties": { "Name": "93.59", "P.K.": null, "Al.Dist. Izq.": 35, "Al.Dist. Der.": 15, "Ruta": 38 }, "geometry": { "type": "Point", "coordinates": [ -64.5453366, -30.7685159 ] } },
{ "type": "Feature", "properties": { "Name": "93.68", "P.K.": null, "Al.Dist. Izq.": 35, "Al.Dist. Der.": 15, "Ruta": 38 }, "geometry": { "type": "Point", "coordinates": [ -64.5458763, -30.7677943 ] } },
{ "type": "Feature", "properties": { "Name": "93.71", "P.K.": null, "Al.Dist. Izq.": 35, "Al.Dist. Der.": 15, "Ruta": 38 }, "geometry": { "type": "Point", "coordinates": [ -64.5460602, -30.7676347 ] } },
{ "type": "Feature", "properties": { "Name": "93.77", "P.K.": null, "Al.Dist. Izq.": 35, "Al.Dist. Der.": 15, "Ruta": 38 }, "geometry": { "type": "Point", "coordinates": [ -64.5465161, -30.7672196 ] } },
{ "type": "Feature", "properties": { "Name": "93.8", "P.K.": null, "Al.Dist. Izq.": 35, "Al.Dist. Der.": 15, "Ruta": 38 }, "geometry": { "type": "Point", "coordinates": [ -64.5466834, -30.7670239 ] } },
{ "type": "Feature", "properties": { "Name": "94", "P.K.": "PK94", "Al.Dist. Izq.": 35, "Al.Dist. Der.": 15, "Ruta": 38 }, "geometry": { "type": "Point", "coordinates": [ -64.5482392, -30.7658453 ] } },
{ "type": "Feature", "properties": { "Name": "94.02", "P.K.": null, "Al.Dist. Izq.": 35, "Al.Dist. Der.": 15, "Ruta": 38 }, "geometry": { "type": "Point", "coordinates": [ -64.5484684, -30.7657246 ] } },
{ "type": "Feature", "properties": { "Name": "94.02", "P.K.": null, "Al.Dist. Izq.": 20, "Al.Dist. Der.": 40, "Ruta": 38 }, "geometry": { "type": "Point", "coordinates": [ -64.5484684, -30.7657246 ] } },
{ "type": "Feature", "properties": { "Name": "94.54", "P.K.": null, "Al.Dist. Izq.": 20, "Al.Dist. Der.": 40, "Ruta": 38 }, "geometry": { "type": "Point", "coordinates": [ -64.5518885, -30.76285 ] } },
{ "type": "Feature", "properties": { "Name": "94.8", "P.K.": null, "Al.Dist. Izq.": 20, "Al.Dist. Der.": 40, "Ruta": 38 }, "geometry": { "type": "Point", "coordinates": [ -64.5537111, -30.7615363 ] } },
{ "type": "Feature", "properties": { "Name": "94.87", "P.K.": null, "Al.Dist. Izq.": 20, "Al.Dist. Der.": 40, "Ruta": 38 }, "geometry": { "type": "Point", "coordinates": [ -64.554222, -30.7611773 ] } },
{ "type": "Feature", "properties": { "Name": "95", "P.K.": "PK95", "Al.Dist. Izq.": 20, "Al.Dist. Der.": 40, "Ruta": 38 }, "geometry": { "type": "Point", "coordinates": [ -64.5551665, -30.760392 ] } },
{ "type": "Feature", "properties": { "Name": "95.31", "P.K.": null, "Al.Dist. Izq.": 20, "Al.Dist. Der.": 40, "Ruta": 38 }, "geometry": { "type": "Point", "coordinates": [ -64.5571617, -30.7585829 ] } },
{ "type": "Feature", "properties": { "Name": "95.33", "P.K.": null, "Al.Dist. Izq.": 20, "Al.Dist. Der.": 40, "Ruta": 38 }, "geometry": { "type": "Point", "coordinates": [ -64.5572814, -30.7584751 ] } },
{ "type": "Feature", "properties": { "Name": "95.44", "P.K.": null, "Al.Dist. Izq.": 20, "Al.Dist. Der.": 40, "Ruta": 38 }, "geometry": { "type": "Point", "coordinates": [ -64.5582467, -30.7580447 ] } },
{ "type": "Feature", "properties": { "Name": "95.68", "P.K.": null, "Al.Dist. Izq.": 20, "Al.Dist. Der.": 40, "Ruta": 38 }, "geometry": { "type": "Point", "coordinates": [ -64.5598872, -30.7566967 ] } },
{ "type": "Feature", "properties": { "Name": "95.77", "P.K.": null, "Al.Dist. Izq.": 20, "Al.Dist. Der.": 40, "Ruta": 38 }, "geometry": { "type": "Point", "coordinates": [ -64.560521, -30.756244 ] } },
{ "type": "Feature", "properties": { "Name": "95.77", "P.K.": null, "Al.Dist. Izq.": 25, "Al.Dist. Der.": 40, "Ruta": 38 }, "geometry": { "type": "Point", "coordinates": [ -64.560521, -30.756244 ] } },
{ "type": "Feature", "properties": { "Name": "96.02", "P.K.": null, "Al.Dist. Izq.": 25, "Al.Dist. Der.": 50, "Ruta": 38 }, "geometry": { "type": "Point", "coordinates": [ -64.5622471, -30.7548485 ] } },
{ "type": "Feature", "properties": { "Name": "96.4", "P.K.": null, "Al.Dist. Izq.": 25, "Al.Dist. Der.": 50, "Ruta": 38 }, "geometry": { "type": "Point", "coordinates": [ -64.5649298, -30.7527645 ] } },
{ "type": "Feature", "properties": { "Name": "96.6", "P.K.": null, "Al.Dist. Izq.": 25, "Al.Dist. Der.": 50, "Ruta": 38 }, "geometry": { "type": "Point", "coordinates": [ -64.5663175, -30.7516913 ] } },
{ "type": "Feature", "properties": { "Name": "96.84", "P.K.": null, "Al.Dist. Izq.": 25, "Al.Dist. Der.": 50, "Ruta": 38 }, "geometry": { "type": "Point", "coordinates": [ -64.5678926, -30.7502898 ] } },
{ "type": "Feature", "properties": { "Name": "96.91", "P.K.": null, "Al.Dist. Izq.": 25, "Al.Dist. Der.": 50, "Ruta": 38 }, "geometry": { "type": "Point", "coordinates": [ -64.5685571, -30.7500754 ] } },
{ "type": "Feature", "properties": { "Name": "97", "P.K.": "PK97", "Al.Dist. Izq.": 25, "Al.Dist. Der.": 50, "Ruta": 38 }, "geometry": { "type": "Point", "coordinates": [ -64.5690338, -30.7495016 ] } },
{ "type": "Feature", "properties": { "Name": "97.06", "P.K.": null, "Al.Dist. Izq.": 25, "Al.Dist. Der.": 50, "Ruta": 38 }, "geometry": { "type": "Point", "coordinates": [ -64.569524, -30.7493222 ] } },
{ "type": "Feature", "properties": { "Name": "97.07", "P.K.": null, "Al.Dist. Izq.": 25, "Al.Dist. Der.": 50, "Ruta": 38 }, "geometry": { "type": "Point", "coordinates": [ -64.569397, -30.7490675 ] } },
{ "type": "Feature", "properties": { "Name": "97.11", "P.K.": null, "Al.Dist. Izq.": 25, "Al.Dist. Der.": 50, "Ruta": 38 }, "geometry": { "type": "Point", "coordinates": [ -64.5698, -30.7489 ] } },
{ "type": "Feature", "properties": { "Name": "97.22", "P.K.": null, "Al.Dist. Izq.": 25, "Al.Dist. Der.": 50, "Ruta": 38 }, "geometry": { "type": "Point", "coordinates": [ -64.5705822, -30.7483105 ] } },
{ "type": "Feature", "properties": { "Name": "97.27", "P.K.": null, "Al.Dist. Izq.": 25, "Al.Dist. Der.": 50, "Ruta": 38 }, "geometry": { "type": "Point", "coordinates": [ -64.571004, -30.7480979 ] } },
{ "type": "Feature", "properties": { "Name": "97.93", "P.K.": null, "Al.Dist. Izq.": 25, "Al.Dist. Der.": 50, "Ruta": 38 }, "geometry": { "type": "Point", "coordinates": [ -64.5753294, -30.7443058 ] } },
{ "type": "Feature", "properties": { "Name": "98.28", "P.K.": null, "Al.Dist. Izq.": 25, "Al.Dist. Der.": 50, "Ruta": 38 }, "geometry": { "type": "Point", "coordinates": [ -64.5777785, -30.7423824 ] } },
{ "type": "Feature", "properties": { "Name": "98.39", "P.K.": null, "Al.Dist. Izq.": 25, "Al.Dist. Der.": 50, "Ruta": 38 }, "geometry": { "type": "Point", "coordinates": [ -64.5787257, -30.742049 ] } },
{ "type": "Feature", "properties": { "Name": "98.43", "P.K.": null, "Al.Dist. Izq.": 25, "Al.Dist. Der.": 50, "Ruta": 38 }, "geometry": { "type": "Point", "coordinates": [ -64.5789509, -30.7417061 ] } },
{ "type": "Feature", "properties": { "Name": "98.73", "P.K.": null, "Al.Dist. Izq.": 25, "Al.Dist. Der.": 50, "Ruta": 38 }, "geometry": { "type": "Point", "coordinates": [ -64.5810197, -30.7400451 ] } },
{ "type": "Feature", "properties": { "Name": "98.87", "P.K.": null, "Al.Dist. Izq.": 25, "Al.Dist. Der.": 50, "Ruta": 38 }, "geometry": { "type": "Point", "coordinates": [ -64.5819199, -30.7393434 ] } },
{ "type": "Feature", "properties": { "Name": "99", "P.K.": "PK99", "Al.Dist. Izq.": 25, "Al.Dist. Der.": 50, "Ruta": 38 }, "geometry": { "type": "Point", "coordinates": [ -64.5828911, -30.7385986 ] } },
{ "type": "Feature", "properties": { "Name": "99.51", "P.K.": null, "Al.Dist. Izq.": 25, "Al.Dist. Der.": 50, "Ruta": 38 }, "geometry": { "type": "Point", "coordinates": [ -64.5863469, -30.7357394 ] } },
{ "type": "Feature", "properties": { "Name": "99.89", "P.K.": null, "Al.Dist. Izq.": 25, "Al.Dist. Der.": 50, "Ruta": 38 }, "geometry": { "type": "Point", "coordinates": [ -64.5889795, -30.7337901 ] } },
{ "type": "Feature", "properties": { "Name": "99.98", "P.K.": null, "Al.Dist. Izq.": 25, "Al.Dist. Der.": 50, "Ruta": 38 }, "geometry": { "type": "Point", "coordinates": [ -64.589648, -30.7333193 ] } },
{ "type": "Feature", "properties": { "Name": "100", "P.K.": "PK100", "Al.Dist. Izq.": 25, "Al.Dist. Der.": 50, "Ruta": 38 }, "geometry": { "type": "Point", "coordinates": [ -64.5898091, -30.7331336 ] } },
{ "type": "Feature", "properties": { "Name": "100.09", "P.K.": null, "Al.Dist. Izq.": 25, "Al.Dist. Der.": 50, "Ruta": 38 }, "geometry": { "type": "Point", "coordinates": [ -64.5907779, -30.7322558 ] } },
{ "type": "Feature", "properties": { "Name": "100.11", "P.K.": null, "Al.Dist. Izq.": 25, "Al.Dist. Der.": 50, "Ruta": 38 }, "geometry": { "type": "Point", "coordinates": [ -64.5910119, -30.7320916 ] } },
{ "type": "Feature", "properties": { "Name": "100.21", "P.K.": null, "Al.Dist. Izq.": 25, "Al.Dist. Der.": 50, "Ruta": 38 }, "geometry": { "type": "Point", "coordinates": [ -64.5923836, -30.7311304 ] } },
{ "type": "Feature", "properties": { "Name": "100.27", "P.K.": null, "Al.Dist. Izq.": 25, "Al.Dist. Der.": 50, "Ruta": 38 }, "geometry": { "type": "Point", "coordinates": [ -64.5930079, -30.7306407 ] } },
{ "type": "Feature", "properties": { "Name": "100.38", "P.K.": null, "Al.Dist. Izq.": 25, "Al.Dist. Der.": 50, "Ruta": 38 }, "geometry": { "type": "Point", "coordinates": [ -64.5944451, -30.7296295 ] } },
{ "type": "Feature", "properties": { "Name": "100.39", "P.K.": null, "Al.Dist. Izq.": 25, "Al.Dist. Der.": 50, "Ruta": 38 }, "geometry": { "type": "Point", "coordinates": [ -64.5944796, -30.7293808 ] } },
{ "type": "Feature", "properties": { "Name": "100.4", "P.K.": null, "Al.Dist. Izq.": 25, "Al.Dist. Der.": 50, "Ruta": 38 }, "geometry": { "type": "Point", "coordinates": [ -64.5946842, -30.7292969 ] } },
{ "type": "Feature", "properties": { "Name": "100.45", "P.K.": null, "Al.Dist. Izq.": 25, "Al.Dist. Der.": 50, "Ruta": 38 }, "geometry": { "type": "Point", "coordinates": [ -64.5951911, -30.7288958 ] } },
{ "type": "Feature", "properties": { "Name": "100.47", "P.K.": null, "Al.Dist. Izq.": 25, "Al.Dist. Der.": 50, "Ruta": 38 }, "geometry": { "type": "Point", "coordinates": [ -64.5955, -30.7287 ] } },
{ "type": "Feature", "properties": { "Name": "100.49", "P.K.": null, "Al.Dist. Izq.": 25, "Al.Dist. Der.": 50, "Ruta": 38 }, "geometry": { "type": "Point", "coordinates": [ -64.5956323, -30.7285029 ] } },
{ "type": "Feature", "properties": { "Name": "100.53", "P.K.": null, "Al.Dist. Izq.": 25, "Al.Dist. Der.": 50, "Ruta": 38 }, "geometry": { "type": "Point", "coordinates": [ -64.5960434, -30.728173 ] } },
{ "type": "Feature", "properties": { "Name": "100.61", "P.K.": null, "Al.Dist. Izq.": 25, "Al.Dist. Der.": 50, "Ruta": 38 }, "geometry": { "type": "Point", "coordinates": [ -64.596835, -30.7271574 ] } },
{ "type": "Feature", "properties": { "Name": "100.65", "P.K.": null, "Al.Dist. Izq.": 25, "Al.Dist. Der.": 50, "Ruta": 38 }, "geometry": { "type": "Point", "coordinates": [ -64.5972497, -30.7266665 ] } },
{ "type": "Feature", "properties": { "Name": "100.72", "P.K.": null, "Al.Dist. Izq.": 25, "Al.Dist. Der.": 50, "Ruta": 38 }, "geometry": { "type": "Point", "coordinates": [ -64.5978539, -30.7259261 ] } },
{ "type": "Feature", "properties": { "Name": "100.74", "P.K.": null, "Al.Dist. Izq.": 25, "Al.Dist. Der.": 50, "Ruta": 38 }, "geometry": { "type": "Point", "coordinates": [ -64.5981016, -30.7255923 ] } },
{ "type": "Feature", "properties": { "Name": "100.78", "P.K.": null, "Al.Dist. Izq.": 25, "Al.Dist. Der.": 50, "Ruta": 38 }, "geometry": { "type": "Point", "coordinates": [ -64.5985529, -30.7251871 ] } },
{ "type": "Feature", "properties": { "Name": "100.81", "P.K.": null, "Al.Dist. Izq.": 25, "Al.Dist. Der.": 50, "Ruta": 38 }, "geometry": { "type": "Point", "coordinates": [ -64.5987351, -30.7247444 ] } },
{ "type": "Feature", "properties": { "Name": "100.94", "P.K.": null, "Al.Dist. Izq.": 25, "Al.Dist. Der.": 50, "Ruta": 38 }, "geometry": { "type": "Point", "coordinates": [ -64.599946, -30.7232653 ] } },
{ "type": "Feature", "properties": { "Name": "100.95", "P.K.": null, "Al.Dist. Izq.": 25, "Al.Dist. Der.": 50, "Ruta": 38 }, "geometry": { "type": "Point", "coordinates": [ -64.6001388, -30.7233486 ] } },
{ "type": "Feature", "properties": { "Name": "101", "P.K.": "PK101", "Al.Dist. Izq.": 25, "Al.Dist. Der.": 50, "Ruta": 38 }, "geometry": { "type": "Point", "coordinates": [ -64.6003383, -30.7225243 ] } },
{ "type": "Feature", "properties": { "Name": "101.11", "P.K.": null, "Al.Dist. Izq.": 25, "Al.Dist. Der.": 50, "Ruta": 38 }, "geometry": { "type": "Point", "coordinates": [ -64.6005005, -30.7223583 ] } },
{ "type": "Feature", "properties": { "Name": "101.33", "P.K.": null, "Al.Dist. Izq.": 25, "Al.Dist. Der.": 50, "Ruta": 38 }, "geometry": { "type": "Point", "coordinates": [ -64.6009448, -30.7219066 ] } },
{ "type": "Feature", "properties": { "Name": "101.52", "P.K.": null, "Al.Dist. Izq.": 25, "Al.Dist. Der.": 50, "Ruta": 38 }, "geometry": { "type": "Point", "coordinates": [ -64.6014256, -30.7216636 ] } },
{ "type": "Feature", "properties": { "Name": "101.93", "P.K.": null, "Al.Dist. Izq.": 25, "Al.Dist. Der.": 50, "Ruta": 38 }, "geometry": { "type": "Point", "coordinates": [ -64.6020545, -30.7208932 ] } },
{ "type": "Feature", "properties": { "Name": "102", "P.K.": "PK102", "Al.Dist. Izq.": 25, "Al.Dist. Der.": 50, "Ruta": 38 }, "geometry": { "type": "Point", "coordinates": [ -64.6020625, -30.7206143 ] } },
{ "type": "Feature", "properties": { "Name": "102.19", "P.K.": null, "Al.Dist. Izq.": 25, "Al.Dist. Der.": 50, "Ruta": 38 }, "geometry": { "type": "Point", "coordinates": [ -64.6031113, -30.7193379 ] } },
{ "type": "Feature", "properties": { "Name": "102.23", "P.K.": null, "Al.Dist. Izq.": 25, "Al.Dist. Der.": 50, "Ruta": 38 }, "geometry": { "type": "Point", "coordinates": [ -64.6033685, -30.7191618 ] } },
{ "type": "Feature", "properties": { "Name": "102.3", "P.K.": null, "Al.Dist. Izq.": 25, "Al.Dist. Der.": 50, "Ruta": 38 }, "geometry": { "type": "Point", "coordinates": [ -64.6038302, -30.7185966 ] } },
{ "type": "Feature", "properties": { "Name": "102.69", "P.K.": null, "Al.Dist. Izq.": 25, "Al.Dist. Der.": 50, "Ruta": 38 }, "geometry": { "type": "Point", "coordinates": [ -64.6058505, -30.7158705 ] } },
{ "type": "Feature", "properties": { "Name": "102.82", "P.K.": null, "Al.Dist. Izq.": 25, "Al.Dist. Der.": 50, "Ruta": 38 }, "geometry": { "type": "Point", "coordinates": [ -64.6065394, -30.7149382 ] } },
{ "type": "Feature", "properties": { "Name": "102.94", "P.K.": null, "Al.Dist. Izq.": 25, "Al.Dist. Der.": 50, "Ruta": 38 }, "geometry": { "type": "Point", "coordinates": [ -64.6071418, -30.7141782 ] } },
{ "type": "Feature", "properties": { "Name": "102.97", "P.K.": null, "Al.Dist. Izq.": 25, "Al.Dist. Der.": 50, "Ruta": 38 }, "geometry": { "type": "Point", "coordinates": [ -64.6073609, -30.7139019 ] } },
{ "type": "Feature", "properties": { "Name": "103", "P.K.": "PK103", "Al.Dist. Izq.": 25, "Al.Dist. Der.": 50, "Ruta": 38 }, "geometry": { "type": "Point", "coordinates": [ -64.6075252, -30.7136946 ] } },
{ "type": "Feature", "properties": { "Name": "103.02", "P.K.": null, "Al.Dist. Izq.": 25, "Al.Dist. Der.": 50, "Ruta": 38 }, "geometry": { "type": "Point", "coordinates": [ -64.6077, -30.7134 ] } },
{ "type": "Feature", "properties": { "Name": "103.03", "P.K.": null, "Al.Dist. Izq.": 25, "Al.Dist. Der.": 50, "Ruta": 38 }, "geometry": { "type": "Point", "coordinates": [ -64.60794, -30.71334 ] } },
{ "type": "Feature", "properties": { "Name": "103.04", "P.K.": null, "Al.Dist. Izq.": 25, "Al.Dist. Der.": 50, "Ruta": 38 }, "geometry": { "type": "Point", "coordinates": [ -64.607951, -30.7132394 ] } },
{ "type": "Feature", "properties": { "Name": "103.06", "P.K.": null, "Al.Dist. Izq.": 25, "Al.Dist. Der.": 50, "Ruta": 38 }, "geometry": { "type": "Point", "coordinates": [ -64.6081824, -30.7128656 ] } },
{ "type": "Feature", "properties": { "Name": "103.17", "P.K.": null, "Al.Dist. Izq.": 25, "Al.Dist. Der.": 50, "Ruta": 38 }, "geometry": { "type": "Point", "coordinates": [ -64.6094125, -30.7114196 ] } },
{ "type": "Feature", "properties": { "Name": "103.19", "P.K.": null, "Al.Dist. Izq.": 25, "Al.Dist. Der.": 50, "Ruta": 38 }, "geometry": { "type": "Point", "coordinates": [ -64.609442, -30.7112765 ] } },
{ "type": "Feature", "properties": { "Name": "103.3", "P.K.": null, "Al.Dist. Izq.": 25, "Al.Dist. Der.": 50, "Ruta": 38 }, "geometry": { "type": "Point", "coordinates": [ -64.6106721, -30.7097661 ] } },
{ "type": "Feature", "properties": { "Name": "103.34", "P.K.": null, "Al.Dist. Izq.": 25, "Al.Dist. Der.": 50, "Ruta": 38 }, "geometry": { "type": "Point", "coordinates": [ -64.6111459, -30.7091591 ] } },
{ "type": "Feature", "properties": { "Name": "103.38", "P.K.": null, "Al.Dist. Izq.": 25, "Al.Dist. Der.": 50, "Ruta": 38 }, "geometry": { "type": "Point", "coordinates": [ -64.6115232, -30.7086512 ] } },
{ "type": "Feature", "properties": { "Name": "103.39", "P.K.": null, "Al.Dist. Izq.": 25, "Al.Dist. Der.": 50, "Ruta": 38 }, "geometry": { "type": "Point", "coordinates": [ -64.6116344, -30.7085806 ] } },
{ "type": "Feature", "properties": { "Name": "103.4", "P.K.": null, "Al.Dist. Izq.": 25, "Al.Dist. Der.": 50, "Ruta": 38 }, "geometry": { "type": "Point", "coordinates": [ -64.6117593, -30.7084056 ] } },
{ "type": "Feature", "properties": { "Name": "103.41", "P.K.": null, "Al.Dist. Izq.": 25, "Al.Dist. Der.": 50, "Ruta": 38 }, "geometry": { "type": "Point", "coordinates": [ -64.6118037, -30.7082915 ] } },
{ "type": "Feature", "properties": { "Name": "103.42", "P.K.": null, "Al.Dist. Izq.": 25, "Al.Dist. Der.": 50, "Ruta": 38 }, "geometry": { "type": "Point", "coordinates": [ -64.6119676, -30.7082229 ] } },
{ "type": "Feature", "properties": { "Name": "103.43", "P.K.": null, "Al.Dist. Izq.": 25, "Al.Dist. Der.": 50, "Ruta": 38 }, "geometry": { "type": "Point", "coordinates": [ -64.6119965, -30.7080978 ] } },
{ "type": "Feature", "properties": { "Name": "103.51", "P.K.": null, "Al.Dist. Izq.": 25, "Al.Dist. Der.": 50, "Ruta": 38 }, "geometry": { "type": "Point", "coordinates": [ -64.6128246, -30.7068568 ] } },
{ "type": "Feature", "properties": { "Name": "103.52", "P.K.": null, "Al.Dist. Izq.": 25, "Al.Dist. Der.": 50, "Ruta": 38 }, "geometry": { "type": "Point", "coordinates": [ -64.6130516, -30.7069211 ] } },
{ "type": "Feature", "properties": { "Name": "103.57", "P.K.": null, "Al.Dist. Izq.": 25, "Al.Dist. Der.": 50, "Ruta": 38 }, "geometry": { "type": "Point", "coordinates": [ -64.6135481, -30.7062298 ] } },
{ "type": "Feature", "properties": { "Name": "103.6", "P.K.": null, "Al.Dist. Izq.": 25, "Al.Dist. Der.": 50, "Ruta": 38 }, "geometry": { "type": "Point", "coordinates": [ -64.6139126, -30.705744 ] } },
{ "type": "Feature", "properties": { "Name": "103.63", "P.K.": null, "Al.Dist. Izq.": 25, "Al.Dist. Der.": 50, "Ruta": 38 }, "geometry": { "type": "Point", "coordinates": [ -64.6141489, -30.7053167 ] } },
{ "type": "Feature", "properties": { "Name": "103.64", "P.K.": null, "Al.Dist. Izq.": 25, "Al.Dist. Der.": 50, "Ruta": 38 }, "geometry": { "type": "Point", "coordinates": [ -64.6142539, -30.7051984 ] } },
{ "type": "Feature", "properties": { "Name": "103.65", "P.K.": null, "Al.Dist. Izq.": 25, "Al.Dist. Der.": 50, "Ruta": 38 }, "geometry": { "type": "Point", "coordinates": [ -64.614378, -30.7052298 ] } },
{ "type": "Feature", "properties": { "Name": "103.76", "P.K.": null, "Al.Dist. Izq.": 25, "Al.Dist. Der.": 50, "Ruta": 38 }, "geometry": { "type": "Point", "coordinates": [ -64.6154461, -30.7036822 ] } },
{ "type": "Feature", "properties": { "Name": "103.78", "P.K.": null, "Al.Dist. Izq.": 25, "Al.Dist. Der.": 50, "Ruta": 38 }, "geometry": { "type": "Point", "coordinates": [ -64.6157844, -30.7033839 ] } },
{ "type": "Feature", "properties": { "Name": "103.8", "P.K.": null, "Al.Dist. Izq.": 25, "Al.Dist. Der.": 50, "Ruta": 38 }, "geometry": { "type": "Point", "coordinates": [ -64.6160453, -30.7030865 ] } },
{ "type": "Feature", "properties": { "Name": "103.89", "P.K.": null, "Al.Dist. Izq.": 25, "Al.Dist. Der.": 50, "Ruta": 38 }, "geometry": { "type": "Point", "coordinates": [ -64.6170605, -30.7021167 ] } },
{ "type": "Feature", "properties": { "Name": "103.96", "P.K.": null, "Al.Dist. Izq.": 25, "Al.Dist. Der.": 50, "Ruta": 38 }, "geometry": { "type": "Point", "coordinates": [ -64.6179956, -30.7012812 ] } },
{ "type": "Feature", "properties": { "Name": "103.97", "P.K.": null, "Al.Dist. Izq.": 25, "Al.Dist. Der.": 50, "Ruta": 38 }, "geometry": { "type": "Point", "coordinates": [ -64.6181535, -30.7011365 ] } },
{ "type": "Feature", "properties": { "Name": "103.98", "P.K.": null, "Al.Dist. Izq.": 25, "Al.Dist. Der.": 50, "Ruta": 38 }, "geometry": { "type": "Point", "coordinates": [ -64.6182256, -30.7010904 ] } },
{ "type": "Feature", "properties": { "Name": "103.99", "P.K.": null, "Al.Dist. Izq.": 25, "Al.Dist. Der.": 50, "Ruta": 38 }, "geometry": { "type": "Point", "coordinates": [ -64.6184894, -30.7008673 ] } },
{ "type": "Feature", "properties": { "Name": "103.99", "P.K.": null, "Al.Dist. Izq.": 25, "Al.Dist. Der.": 50, "Ruta": 38 }, "geometry": { "type": "Point", "coordinates": [ -64.6185485, -30.7009673 ] } },
{ "type": "Feature", "properties": { "Name": "104", "P.K.": "PK104", "Al.Dist. Izq.": 25, "Al.Dist. Der.": 50, "Ruta": 38 }, "geometry": { "type": "Point", "coordinates": [ -64.6186155, -30.7009102 ] } },
{ "type": "Feature", "properties": { "Name": "104.04", "P.K.": null, "Al.Dist. Izq.": 25, "Al.Dist. Der.": 50, "Ruta": 38 }, "geometry": { "type": "Point", "coordinates": [ -64.618938, -30.7006559 ] } },
{ "type": "Feature", "properties": { "Name": "104.43", "P.K.": null, "Al.Dist. Izq.": 25, "Al.Dist. Der.": 50, "Ruta": 38 }, "geometry": { "type": "Point", "coordinates": [ -64.6222274, -30.6981383 ] } },
{ "type": "Feature", "properties": { "Name": "104.5", "P.K.": null, "Al.Dist. Izq.": 25, "Al.Dist. Der.": 50, "Ruta": 38 }, "geometry": { "type": "Point", "coordinates": [ -64.6227552, -30.6976808 ] } },
{ "type": "Feature", "properties": { "Name": "104.59", "P.K.": null, "Al.Dist. Izq.": 25, "Al.Dist. Der.": 50, "Ruta": 38 }, "geometry": { "type": "Point", "coordinates": [ -64.6235475, -30.6971631 ] } },
{ "type": "Feature", "properties": { "Name": "104.65", "P.K.": null, "Al.Dist. Izq.": 25, "Al.Dist. Der.": 50, "Ruta": 38 }, "geometry": { "type": "Point", "coordinates": [ -64.6239713, -30.6966759 ] } },
{ "type": "Feature", "properties": { "Name": "104.66", "P.K.": null, "Al.Dist. Izq.": 25, "Al.Dist. Der.": 50, "Ruta": 38 }, "geometry": { "type": "Point", "coordinates": [ -64.6241261, -30.6967946 ] } },
{ "type": "Feature", "properties": { "Name": "104.75", "P.K.": null, "Al.Dist. Izq.": 25, "Al.Dist. Der.": 50, "Ruta": 38 }, "geometry": { "type": "Point", "coordinates": [ -64.625026, -30.6963071 ] } },
{ "type": "Feature", "properties": { "Name": "104.9", "P.K.": null, "Al.Dist. Izq.": 25, "Al.Dist. Der.": 50, "Ruta": 38 }, "geometry": { "type": "Point", "coordinates": [ -64.6262722, -30.6954531 ] } },
{ "type": "Feature", "properties": { "Name": "105", "P.K.": "PK105", "Al.Dist. Izq.": 25, "Al.Dist. Der.": 50, "Ruta": 38 }, "geometry": { "type": "Point", "coordinates": [ -64.6271696, -30.6948385 ] } },
{ "type": "Feature", "properties": { "Name": "105.19", "P.K.": null, "Al.Dist. Izq.": 25, "Al.Dist. Der.": 50, "Ruta": 38 }, "geometry": { "type": "Point", "coordinates": [ -64.6286969, -30.6937887 ] } },
{ "type": "Feature", "properties": { "Name": "105.27", "P.K.": null, "Al.Dist. Izq.": 25, "Al.Dist. Der.": 50, "Ruta": 38 }, "geometry": { "type": "Point", "coordinates": [ -64.629287, -30.693394 ] } },
{ "type": "Feature", "properties": { "Name": "105.32", "P.K.": null, "Al.Dist. Izq.": 25, "Al.Dist. Der.": 50, "Ruta": 38 }, "geometry": { "type": "Point", "coordinates": [ -64.6296732, -30.6931175 ] } },
{ "type": "Feature", "properties": { "Name": "105.69", "P.K.": null, "Al.Dist. Izq.": 25, "Al.Dist. Der.": 50, "Ruta": 38 }, "geometry": { "type": "Point", "coordinates": [ -64.6332395, -30.6918113 ] } },
{ "type": "Feature", "properties": { "Name": "105.8", "P.K.": null, "Al.Dist. Izq.": 25, "Al.Dist. Der.": 50, "Ruta": 38 }, "geometry": { "type": "Point", "coordinates": [ -64.6343416, -30.691646 ] } },
{ "type": "Feature", "properties": { "Name": "105.9", "P.K.": null, "Al.Dist. Izq.": 25, "Al.Dist. Der.": 50, "Ruta": 38 }, "geometry": { "type": "Point", "coordinates": [ -64.635334, -30.6914027 ] } },
{ "type": "Feature", "properties": { "Name": "106", "P.K.": "PK106", "Al.Dist. Izq.": 25, "Al.Dist. Der.": 50, "Ruta": 38 }, "geometry": { "type": "Point", "coordinates": [ -64.6362123, -30.6910457 ] } },
{ "type": "Feature", "properties": { "Name": "106.36", "P.K.": null, "Al.Dist. Izq.": 25, "Al.Dist. Der.": 50, "Ruta": 38 }, "geometry": { "type": "Point", "coordinates": [ -64.6378017, -30.6904267 ] } },
{ "type": "Feature", "properties": { "Name": "106.39", "P.K.": null, "Al.Dist. Izq.": 25, "Al.Dist. Der.": 50, "Ruta": 38 }, "geometry": { "type": "Point", "coordinates": [ -64.6379341, -30.6906162 ] } },
{ "type": "Feature", "properties": { "Name": "106.57", "P.K.": null, "Al.Dist. Izq.": 25, "Al.Dist. Der.": 50, "Ruta": 38 }, "geometry": { "type": "Point", "coordinates": [ -64.6387123, -30.6902898 ] } },
{ "type": "Feature", "properties": { "Name": "106.91", "P.K.": null, "Al.Dist. Izq.": 25, "Al.Dist. Der.": 50, "Ruta": 38 }, "geometry": { "type": "Point", "coordinates": [ -64.640186, -30.6898203 ] } },
{ "type": "Feature", "properties": { "Name": "107", "P.K.": "PK107", "Al.Dist. Izq.": 25, "Al.Dist. Der.": 50, "Ruta": 38 }, "geometry": { "type": "Point", "coordinates": [ -64.6406046, -30.6896869 ] } },
{ "type": "Feature", "properties": { "Name": "107.03", "P.K.": null, "Al.Dist. Izq.": 25, "Al.Dist. Der.": 50, "Ruta": 38 }, "geometry": { "type": "Point", "coordinates": [ -64.6409432, -30.689667 ] } },
{ "type": "Feature", "properties": { "Name": "107.14", "P.K.": null, "Al.Dist. Izq.": 25, "Al.Dist. Der.": 50, "Ruta": 38 }, "geometry": { "type": "Point", "coordinates": [ -64.6420731, -30.6893121 ] } },
{ "type": "Feature", "properties": { "Name": "107.24", "P.K.": null, "Al.Dist. Izq.": 25, "Al.Dist. Der.": 50, "Ruta": 38 }, "geometry": { "type": "Point", "coordinates": [ -64.6430525, -30.6890874 ] } },
{ "type": "Feature", "properties": { "Name": "107.51", "P.K.": null, "Al.Dist. Izq.": 25, "Al.Dist. Der.": 50, "Ruta": 38 }, "geometry": { "type": "Point", "coordinates": [ -64.646113, -30.689396 ] } },
{ "type": "Feature", "properties": { "Name": "107.88", "P.K.": null, "Al.Dist. Izq.": 25, "Al.Dist. Der.": 50, "Ruta": 38 }, "geometry": { "type": "Point", "coordinates": [ -64.6499471, -30.6903477 ] } },
{ "type": "Feature", "properties": { "Name": "107.94", "P.K.": null, "Al.Dist. Izq.": 25, "Al.Dist. Der.": 50, "Ruta": 38 }, "geometry": { "type": "Point", "coordinates": [ -64.6506418, -30.6905435 ] } },
{ "type": "Feature", "properties": { "Name": "108", "P.K.": "PK108", "Al.Dist. Izq.": 25, "Al.Dist. Der.": 50, "Ruta": 38 }, "geometry": { "type": "Point", "coordinates": [ -64.6513401, -30.6906002 ] } },
{ "type": "Feature", "properties": { "Name": "108.14", "P.K.": null, "Al.Dist. Izq.": 25, "Al.Dist. Der.": 50, "Ruta": 38 }, "geometry": { "type": "Point", "coordinates": [ -64.6527775, -30.6910443 ] } },
{ "type": "Feature", "properties": { "Name": "108.7", "P.K.": null, "Al.Dist. Izq.": 25, "Al.Dist. Der.": 50, "Ruta": 38 }, "geometry": { "type": "Point", "coordinates": [ -64.6587633, -30.6926009 ] } },
{ "type": "Feature", "properties": { "Name": "109", "P.K.": "PK109", "Al.Dist. Izq.": 25, "Al.Dist. Der.": 50, "Ruta": 38 }, "geometry": { "type": "Point", "coordinates": [ -64.6619427, -30.6934653 ] } },
{ "type": "Feature", "properties": { "Name": "109.12", "P.K.": null, "Al.Dist. Izq.": 25, "Al.Dist. Der.": 50, "Ruta": 38 }, "geometry": { "type": "Point", "coordinates": [ -64.6638057, -30.6939081 ] } },
{ "type": "Feature", "properties": { "Name": "109.69", "P.K.": null, "Al.Dist. Izq.": 25, "Al.Dist. Der.": 50, "Ruta": 38 }, "geometry": { "type": "Point", "coordinates": [ -64.6721203, -30.6962189 ] } },
{ "type": "Feature", "properties": { "Name": "109.97", "P.K.": null, "Al.Dist. Izq.": 25, "Al.Dist. Der.": 50, "Ruta": 38 }, "geometry": { "type": "Point", "coordinates": [ -64.6762753, -30.6969577 ] } },
{ "type": "Feature", "properties": { "Name": "110", "P.K.": "PK110", "Al.Dist. Izq.": 25, "Al.Dist. Der.": 50, "Ruta": 38 }, "geometry": { "type": "Point", "coordinates": [ -64.6766642, -30.6974285 ] } },
{ "type": "Feature", "properties": { "Name": "110.85", "P.K.": null, "Al.Dist. Izq.": 25, "Al.Dist. Der.": 50, "Ruta": 38 }, "geometry": { "type": "Point", "coordinates": [ -64.6822828, -30.6988458 ] } },
{ "type": "Feature", "properties": { "Name": "111", "P.K.": "PK111", "Al.Dist. Izq.": 25, "Al.Dist. Der.": 50, "Ruta": 38 }, "geometry": { "type": "Point", "coordinates": [ -64.6831491, -30.6991908 ] } },
{ "type": "Feature", "properties": { "Name": "111.07", "P.K.": null, "Al.Dist. Izq.": 25, "Al.Dist. Der.": 50, "Ruta": 38 }, "geometry": { "type": "Point", "coordinates": [ -64.68406, -30.6994349 ] } },
{ "type": "Feature", "properties": { "Name": "111.86", "P.K.": null, "Al.Dist. Izq.": 25, "Al.Dist. Der.": 50, "Ruta": 38 }, "geometry": { "type": "Point", "coordinates": [ -64.6938783, -30.7020887 ] } },
{ "type": "Feature", "properties": { "Name": "111.98", "P.K.": null, "Al.Dist. Izq.": 25, "Al.Dist. Der.": 50, "Ruta": 38 }, "geometry": { "type": "Point", "coordinates": [ -64.6953494, -30.7024706 ] } },
{ "type": "Feature", "properties": { "Name": "112", "P.K.": "PK112", "Al.Dist. Izq.": 25, "Al.Dist. Der.": 50, "Ruta": 38 }, "geometry": { "type": "Point", "coordinates": [ -64.6956817, -30.702597 ] } },
{ "type": "Feature", "properties": { "Name": "112.33", "P.K.": null, "Al.Dist. Izq.": 25, "Al.Dist. Der.": 50, "Ruta": 38 }, "geometry": { "type": "Point", "coordinates": [ -64.6985296, -30.7032877 ] } },
{ "type": "Feature", "properties": { "Name": "112.41", "P.K.": null, "Al.Dist. Izq.": 25, "Al.Dist. Der.": 50, "Ruta": 38 }, "geometry": { "type": "Point", "coordinates": [ -64.6992434, -30.7035768 ] } },
{ "type": "Feature", "properties": { "Name": "112.5", "P.K.": null, "Al.Dist. Izq.": 25, "Al.Dist. Der.": 50, "Ruta": 38 }, "geometry": { "type": "Point", "coordinates": [ -64.700034, -30.7036518 ] } },
{ "type": "Feature", "properties": { "Name": "112.51", "P.K.": null, "Al.Dist. Izq.": 25, "Al.Dist. Der.": 50, "Ruta": 38 }, "geometry": { "type": "Point", "coordinates": [ -64.7001755, -30.7037423 ] } },
{ "type": "Feature", "properties": { "Name": "112.72", "P.K.": null, "Al.Dist. Izq.": 25, "Al.Dist. Der.": 50, "Ruta": 38 }, "geometry": { "type": "Point", "coordinates": [ -64.7019283, -30.7043742 ] } },
{ "type": "Feature", "properties": { "Name": "112.73", "P.K.": null, "Al.Dist. Izq.": 25, "Al.Dist. Der.": 50, "Ruta": 38 }, "geometry": { "type": "Point", "coordinates": [ -64.7019983, -30.7044039 ] } },
{ "type": "Feature", "properties": { "Name": "112.74", "P.K.": null, "Al.Dist. Izq.": 25, "Al.Dist. Der.": 50, "Ruta": 38 }, "geometry": { "type": "Point", "coordinates": [ -64.7021278, -30.7041972 ] } },
{ "type": "Feature", "properties": { "Name": "112.76", "P.K.": null, "Al.Dist. Izq.": 25, "Al.Dist. Der.": 50, "Ruta": 38 }, "geometry": { "type": "Point", "coordinates": [ -64.7023427, -30.7043659 ] } },
{ "type": "Feature", "properties": { "Name": "113", "P.K.": "PK113", "Al.Dist. Izq.": 25, "Al.Dist. Der.": 50, "Ruta": 38 }, "geometry": { "type": "Point", "coordinates": [ -64.7044445, -30.7049158 ] } },
{ "type": "Feature", "properties": { "Name": "113.13", "P.K.": null, "Al.Dist. Izq.": 25, "Al.Dist. Der.": 50, "Ruta": 38 }, "geometry": { "type": "Point", "coordinates": [ -64.7057724, -30.7052755 ] } },
{ "type": "Feature", "properties": { "Name": "113.23", "P.K.": null, "Al.Dist. Izq.": 25, "Al.Dist. Der.": 50, "Ruta": 38 }, "geometry": { "type": "Point", "coordinates": [ -64.7069755, -30.7055492 ] } },
{ "type": "Feature", "properties": { "Name": "113.28", "P.K.": null, "Al.Dist. Izq.": 25, "Al.Dist. Der.": 50, "Ruta": 38 }, "geometry": { "type": "Point", "coordinates": [ -64.7074244, -30.7057248 ] } },
{ "type": "Feature", "properties": { "Name": "113.32", "P.K.": null, "Al.Dist. Izq.": 25, "Al.Dist. Der.": 50, "Ruta": 38 }, "geometry": { "type": "Point", "coordinates": [ -64.7077906, -30.7058326 ] } },
{ "type": "Feature", "properties": { "Name": "113.34", "P.K.": null, "Al.Dist. Izq.": 25, "Al.Dist. Der.": 50, "Ruta": 38 }, "geometry": { "type": "Point", "coordinates": [ -64.7081, -30.7058 ] } },
{ "type": "Feature", "properties": { "Name": "113.38", "P.K.": null, "Al.Dist. Izq.": 25, "Al.Dist. Der.": 50, "Ruta": 38 }, "geometry": { "type": "Point", "coordinates": [ -64.7085081, -30.7060502 ] } },
{ "type": "Feature", "properties": { "Name": "113.95", "P.K.": null, "Al.Dist. Izq.": 25, "Al.Dist. Der.": 50, "Ruta": 38 }, "geometry": { "type": "Point", "coordinates": [ -64.7144122, -30.7078073 ] } },
{ "type": "Feature", "properties": { "Name": "114.61", "P.K.": null, "Al.Dist. Izq.": 25, "Al.Dist. Der.": 50, "Ruta": 38 }, "geometry": { "type": "Point", "coordinates": [ -64.7212683, -30.7100435 ] } },
{ "type": "Feature", "properties": { "Name": "115", "P.K.": "PK115", "Al.Dist. Izq.": 25, "Al.Dist. Der.": 50, "Ruta": 38 }, "geometry": { "type": "Point", "coordinates": [ -64.7253509, -30.7113549 ] } },
{ "type": "Feature", "properties": { "Name": "115.41", "P.K.": null, "Al.Dist. Izq.": 25, "Al.Dist. Der.": 50, "Ruta": 38 }, "geometry": { "type": "Point", "coordinates": [ -64.7296295, -30.7128012 ] } },
{ "type": "Feature", "properties": { "Name": "115.88", "P.K.": null, "Al.Dist. Izq.": 25, "Al.Dist. Der.": 50, "Ruta": 38 }, "geometry": { "type": "Point", "coordinates": [ -64.7345419, -30.7143246 ] } },
{ "type": "Feature", "properties": { "Name": "116", "P.K.": "PK116", "Al.Dist. Izq.": 25, "Al.Dist. Der.": 50, "Ruta": 38 }, "geometry": { "type": "Point", "coordinates": [ -64.7358038, -30.7147254 ] } },
{ "type": "Feature", "properties": { "Name": "116.56", "P.K.": null, "Al.Dist. Izq.": 25, "Al.Dist. Der.": 50, "Ruta": 38 }, "geometry": { "type": "Point", "coordinates": [ -64.7416585, -30.7166098 ] } },
{ "type": "Feature", "properties": { "Name": "117", "P.K.": "PK117", "Al.Dist. Izq.": 25, "Al.Dist. Der.": 50, "Ruta": 38 }, "geometry": { "type": "Point", "coordinates": [ -64.7462578, -30.7180927 ] } },
{ "type": "Feature", "properties": { "Name": "117.21", "P.K.": null, "Al.Dist. Izq.": 25, "Al.Dist. Der.": 50, "Ruta": 38 }, "geometry": { "type": "Point", "coordinates": [ -64.7484538, -30.7187978 ] } },
{ "type": "Feature", "properties": { "Name": "117.52", "P.K.": null, "Al.Dist. Izq.": 25, "Al.Dist. Der.": 50, "Ruta": 38 }, "geometry": { "type": "Point", "coordinates": [ -64.751649, -30.7200628 ] } },
{ "type": "Feature", "properties": { "Name": "118", "P.K.": "PK118", "Al.Dist. Izq.": 25, "Al.Dist. Der.": 50, "Ruta": 38 }, "geometry": { "type": "Point", "coordinates": [ -64.7567094, -30.7214673 ] } },
{ "type": "Feature", "properties": { "Name": "118.37", "P.K.": null, "Al.Dist. Izq.": 25, "Al.Dist. Der.": 50, "Ruta": 38 }, "geometry": { "type": "Point", "coordinates": [ -64.7600474, -30.7225805 ] } },
{ "type": "Feature", "properties": { "Name": "118.78", "P.K.": null, "Al.Dist. Izq.": 25, "Al.Dist. Der.": 50, "Ruta": 38 }, "geometry": { "type": "Point", "coordinates": [ -64.763656, -30.7240279 ] } },
{ "type": "Feature", "properties": { "Name": "118.95", "P.K.": null, "Al.Dist. Izq.": 25, "Al.Dist. Der.": 50, "Ruta": 38 }, "geometry": { "type": "Point", "coordinates": [ -64.7652351, -30.724255 ] } },
{ "type": "Feature", "properties": { "Name": "119", "P.K.": "PK119", "Al.Dist. Izq.": 25, "Al.Dist. Der.": 50, "Ruta": 38 }, "geometry": { "type": "Point", "coordinates": [ -64.7657219, -30.7244427 ] } },
{ "type": "Feature", "properties": { "Name": "119.38", "P.K.": null, "Al.Dist. Izq.": 25, "Al.Dist. Der.": 50, "Ruta": 38 }, "geometry": { "type": "Point", "coordinates": [ -64.7693863, -30.7255309 ] } },
{ "type": "Feature", "properties": { "Name": "119.42", "P.K.": null, "Al.Dist. Izq.": 25, "Al.Dist. Der.": 50, "Ruta": 38 }, "geometry": { "type": "Point", "coordinates": [ -64.769757, -30.7257716 ] } },
{ "type": "Feature", "properties": { "Name": "119.43", "P.K.": null, "Al.Dist. Izq.": 25, "Al.Dist. Der.": 50, "Ruta": 38 }, "geometry": { "type": "Point", "coordinates": [ -64.7698874, -30.7256914 ] } },
{ "type": "Feature", "properties": { "Name": "119.58", "P.K.": null, "Al.Dist. Izq.": 25, "Al.Dist. Der.": 50, "Ruta": 38 }, "geometry": { "type": "Point", "coordinates": [ -64.7713787, -30.7261123 ] } },
{ "type": "Feature", "properties": { "Name": "119.58", "P.K.": null, "Al.Dist. Izq.": 25, "Al.Dist. Der.": 50, "Ruta": 38 }, "geometry": { "type": "Point", "coordinates": [ -64.7713787, -30.7261123 ] } },
{ "type": "Feature", "properties": { "Name": "119.6", "P.K.": null, "Al.Dist. Izq.": 25, "Al.Dist. Der.": 50, "Ruta": 38 }, "geometry": { "type": "Point", "coordinates": [ -64.7714953, -30.7263345 ] } },
{ "type": "Feature", "properties": { "Name": "119.62", "P.K.": null, "Al.Dist. Izq.": 25, "Al.Dist. Der.": 50, "Ruta": 38 }, "geometry": { "type": "Point", "coordinates": [ -64.7717182, -30.7262911 ] } },
{ "type": "Feature", "properties": { "Name": "119.62", "P.K.": null, "Al.Dist. Izq.": 25, "Al.Dist. Der.": 50, "Ruta": 38 }, "geometry": { "type": "Point", "coordinates": [ -64.7717182, -30.7262911 ] } },
{ "type": "Feature", "properties": { "Name": "119.63", "P.K.": null, "Al.Dist. Izq.": 25, "Al.Dist. Der.": 50, "Ruta": 38 }, "geometry": { "type": "Point", "coordinates": [ -64.7717833, -30.7264322 ] } },
{ "type": "Feature", "properties": { "Name": "119.66", "P.K.": null, "Al.Dist. Izq.": 25, "Al.Dist. Der.": 50, "Ruta": 38 }, "geometry": { "type": "Point", "coordinates": [ -64.7721398, -30.7263587 ] } },
{ "type": "Feature", "properties": { "Name": "119.67", "P.K.": null, "Al.Dist. Izq.": 25, "Al.Dist. Der.": 50, "Ruta": 38 }, "geometry": { "type": "Point", "coordinates": [ -64.7723171, -30.7265352 ] } },
{ "type": "Feature", "properties": { "Name": "119.78", "P.K.": null, "Al.Dist. Izq.": 25, "Al.Dist. Der.": 50, "Ruta": 38 }, "geometry": { "type": "Point", "coordinates": [ -64.7732, -30.7263 ] } },
{ "type": "Feature", "properties": { "Name": "119.79", "P.K.": null, "Al.Dist. Izq.": null, "Al.Dist. Der.": null, "Ruta": 38 }, "geometry": { "type": "Point", "coordinates": [ -64.7731667, -30.72638 ] } },
{ "type": "Feature", "properties": { "Name": "119.85", "P.K.": null, "Al.Dist. Izq.": null, "Al.Dist. Der.": null, "Ruta": 38 }, "geometry": { "type": "Point", "coordinates": [ -64.7732403, -30.7268695 ] } },
{ "type": "Feature", "properties": { "Name": "119.86", "P.K.": null, "Al.Dist. Izq.": null, "Al.Dist. Der.": null, "Ruta": 38 }, "geometry": { "type": "Point", "coordinates": [ -64.7731536, -30.7271183 ] } },
{ "type": "Feature", "properties": { "Name": "119.9", "P.K.": null, "Al.Dist. Izq.": null, "Al.Dist. Der.": null, "Ruta": 38 }, "geometry": { "type": "Point", "coordinates": [ -64.7736183, -30.7272961 ] } },
{ "type": "Feature", "properties": { "Name": "120", "P.K.": "PK120", "Al.Dist. Izq.": null, "Al.Dist. Der.": null, "Ruta": 38 }, "geometry": { "type": "Point", "coordinates": [ -64.774082, -30.7280369 ] } },
{ "type": "Feature", "properties": { "Name": "120.02", "P.K.": null, "Al.Dist. Izq.": null, "Al.Dist. Der.": null, "Ruta": 38 }, "geometry": { "type": "Point", "coordinates": [ -64.7743798, -30.7282277 ] } },
{ "type": "Feature", "properties": { "Name": "120.05", "P.K.": null, "Al.Dist. Izq.": null, "Al.Dist. Der.": null, "Ruta": 38 }, "geometry": { "type": "Point", "coordinates": [ -64.7747166, -30.7282843 ] } },
{ "type": "Feature", "properties": { "Name": "120.11", "P.K.": null, "Al.Dist. Izq.": null, "Al.Dist. Der.": null, "Ruta": 38 }, "geometry": { "type": "Point", "coordinates": [ -64.7752002, -30.7288566 ] } },
{ "type": "Feature", "properties": { "Name": "120.17", "P.K.": null, "Al.Dist. Izq.": null, "Al.Dist. Der.": null, "Ruta": 38 }, "geometry": { "type": "Point", "coordinates": [ -64.7758635, -30.7291804 ] } },
{ "type": "Feature", "properties": { "Name": "120.31", "P.K.": null, "Al.Dist. Izq.": null, "Al.Dist. Der.": null, "Ruta": 38 }, "geometry": { "type": "Point", "coordinates": [ -64.7770281, -30.7302388 ] } },
{ "type": "Feature", "properties": { "Name": "120.39", "P.K.": null, "Al.Dist. Izq.": null, "Al.Dist. Der.": null, "Ruta": 38 }, "geometry": { "type": "Point", "coordinates": [ -64.7779407, -30.7306964 ] } },
{ "type": "Feature", "properties": { "Name": "120.54", "P.K.": null, "Al.Dist. Izq.": null, "Al.Dist. Der.": null, "Ruta": 38 }, "geometry": { "type": "Point", "coordinates": [ -64.779283, -30.7319398 ] } },
{ "type": "Feature", "properties": { "Name": "120.59", "P.K.": null, "Al.Dist. Izq.": null, "Al.Dist. Der.": null, "Ruta": 38 }, "geometry": { "type": "Point", "coordinates": [ -64.7797341, -30.7322853 ] } },
{ "type": "Feature", "properties": { "Name": "120.62", "P.K.": null, "Al.Dist. Izq.": null, "Al.Dist. Der.": null, "Ruta": 38 }, "geometry": { "type": "Point", "coordinates": [ -64.7801542, -30.7324195 ] } },
{ "type": "Feature", "properties": { "Name": "120.79", "P.K.": null, "Al.Dist. Izq.": null, "Al.Dist. Der.": null, "Ruta": 38 }, "geometry": { "type": "Point", "coordinates": [ -64.7815061, -30.7338371 ] } },
{ "type": "Feature", "properties": { "Name": "120.95", "P.K.": null, "Al.Dist. Izq.": null, "Al.Dist. Der.": null, "Ruta": 38 }, "geometry": { "type": "Point", "coordinates": [ -64.7830259, -30.7350418 ] } },
{ "type": "Feature", "properties": { "Name": "120.96", "P.K.": null, "Al.Dist. Izq.": null, "Al.Dist. Der.": null, "Ruta": 38 }, "geometry": { "type": "Point", "coordinates": [ -64.7830819, -30.735087 ] } },
{ "type": "Feature", "properties": { "Name": "121", "P.K.": "PK121", "Al.Dist. Izq.": null, "Al.Dist. Der.": null, "Ruta": 38 }, "geometry": { "type": "Point", "coordinates": [ -64.7835068, -30.7352889 ] } },
{ "type": "Feature", "properties": { "Name": "121.04", "P.K.": null, "Al.Dist. Izq.": null, "Al.Dist. Der.": null, "Ruta": 38 }, "geometry": { "type": "Point", "coordinates": [ -64.7837695, -30.7354942 ] } },
{ "type": "Feature", "properties": { "Name": "121.07", "P.K.": null, "Al.Dist. Izq.": null, "Al.Dist. Der.": null, "Ruta": 38 }, "geometry": { "type": "Point", "coordinates": [ -64.7840592, -30.7357028 ] } },
{ "type": "Feature", "properties": { "Name": "121.3", "P.K.": null, "Al.Dist. Izq.": null, "Al.Dist. Der.": null, "Ruta": 38 }, "geometry": { "type": "Point", "coordinates": [ -64.7858281, -30.7363812 ] } },
{ "type": "Feature", "properties": { "Name": "121.3", "P.K.": null, "Al.Dist. Izq.": null, "Al.Dist. Der.": null, "Ruta": 38 }, "geometry": { "type": "Point", "coordinates": [ -64.7858281, -30.7363812 ] } },
{ "type": "Feature", "properties": { "Name": "121.44", "P.K.": null, "Al.Dist. Izq.": null, "Al.Dist. Der.": null, "Ruta": 38 }, "geometry": { "type": "Point", "coordinates": [ -64.7869721, -30.7366273 ] } },
{ "type": "Feature", "properties": { "Name": "121.46", "P.K.": null, "Al.Dist. Izq.": null, "Al.Dist. Der.": null, "Ruta": 38 }, "geometry": { "type": "Point", "coordinates": [ -64.7871286, -30.7366875 ] } },
{ "type": "Feature", "properties": { "Name": "121.51", "P.K.": null, "Al.Dist. Izq.": null, "Al.Dist. Der.": null, "Ruta": 38 }, "geometry": { "type": "Point", "coordinates": [ -64.7875, -30.7368 ] } },
{ "type": "Feature", "properties": { "Name": "121.52", "P.K.": null, "Al.Dist. Izq.": null, "Al.Dist. Der.": null, "Ruta": 38 }, "geometry": { "type": "Point", "coordinates": [ -64.787592, -30.7368826 ] } },
{ "type": "Feature", "properties": { "Name": "121.52", "P.K.": null, "Al.Dist. Izq.": null, "Al.Dist. Der.": null, "Ruta": 38 }, "geometry": { "type": "Point", "coordinates": [ -64.787592, -30.7368826 ] } },
{ "type": "Feature", "properties": { "Name": "121.54", "P.K.": null, "Al.Dist. Izq.": null, "Al.Dist. Der.": null, "Ruta": 38 }, "geometry": { "type": "Point", "coordinates": [ -64.7878, -30.7368 ] } },
{ "type": "Feature", "properties": { "Name": "121.55", "P.K.": null, "Al.Dist. Izq.": null, "Al.Dist. Der.": null, "Ruta": 38 }, "geometry": { "type": "Point", "coordinates": [ -64.787887, -30.7367486 ] } },
{ "type": "Feature", "properties": { "Name": "121.56", "P.K.": null, "Al.Dist. Izq.": null, "Al.Dist. Der.": null, "Ruta": 38 }, "geometry": { "type": "Point", "coordinates": [ -64.7880268, -30.736725 ] } },
{ "type": "Feature", "properties": { "Name": "121.82", "P.K.": null, "Al.Dist. Izq.": null, "Al.Dist. Der.": null, "Ruta": 38 }, "geometry": { "type": "Point", "coordinates": [ -64.7901123, -30.7370419 ] } },
{ "type": "Feature", "properties": { "Name": "121.99", "P.K.": null, "Al.Dist. Izq.": null, "Al.Dist. Der.": null, "Ruta": 38 }, "geometry": { "type": "Point", "coordinates": [ -64.7915731, -30.7371775 ] } },
{ "type": "Feature", "properties": { "Name": "122", "P.K.": "PK122", "Al.Dist. Izq.": null, "Al.Dist. Der.": null, "Ruta": 38 }, "geometry": { "type": "Point", "coordinates": [ -64.791668, -30.7371829 ] } },
{ "type": "Feature", "properties": { "Name": "122", "P.K.": null, "Al.Dist. Izq.": null, "Al.Dist. Der.": null, "Ruta": 38 }, "geometry": { "type": "Point", "coordinates": [ -64.7916616, -30.7372253 ] } },
{ "type": "Feature", "properties": { "Name": "122.03", "P.K.": null, "Al.Dist. Izq.": null, "Al.Dist. Der.": null, "Ruta": 38 }, "geometry": { "type": "Point", "coordinates": [ -64.792, -30.7372 ] } },
{ "type": "Feature", "properties": { "Name": "122.07", "P.K.": null, "Al.Dist. Izq.": null, "Al.Dist. Der.": null, "Ruta": 38 }, "geometry": { "type": "Point", "coordinates": [ -64.7923928, -30.7373665 ] } },
{ "type": "Feature", "properties": { "Name": "122.09", "P.K.": null, "Al.Dist. Izq.": null, "Al.Dist. Der.": null, "Ruta": 38 }, "geometry": { "type": "Point", "coordinates": [ -64.7926, -30.7373 ] } },
{ "type": "Feature", "properties": { "Name": "122.09", "P.K.": null, "Al.Dist. Izq.": null, "Al.Dist. Der.": null, "Ruta": 38 }, "geometry": { "type": "Point", "coordinates": [ -64.7926, -30.7373 ] } },
{ "type": "Feature", "properties": { "Name": "122.17", "P.K.": null, "Al.Dist. Izq.": null, "Al.Dist. Der.": null, "Ruta": 38 }, "geometry": { "type": "Point", "coordinates": [ -64.7935886, -30.7371604 ] } },
{ "type": "Feature", "properties": { "Name": "122.32", "P.K.": null, "Al.Dist. Izq.": null, "Al.Dist. Der.": null, "Ruta": 38 }, "geometry": { "type": "Point", "coordinates": [ -64.7951694, -30.7373584 ] } },
{ "type": "Feature", "properties": { "Name": "122.35", "P.K.": null, "Al.Dist. Izq.": null, "Al.Dist. Der.": null, "Ruta": 38 }, "geometry": { "type": "Point", "coordinates": [ -64.7954525, -30.7374702 ] } },
{ "type": "Feature", "properties": { "Name": "122.38", "P.K.": null, "Al.Dist. Izq.": null, "Al.Dist. Der.": null, "Ruta": 38 }, "geometry": { "type": "Point", "coordinates": [ -64.7958113, -30.7374558 ] } },
{ "type": "Feature", "properties": { "Name": "122.47", "P.K.": null, "Al.Dist. Izq.": null, "Al.Dist. Der.": null, "Ruta": 38 }, "geometry": { "type": "Point", "coordinates": [ -64.79674, -30.7375962 ] } },
{ "type": "Feature", "properties": { "Name": "122.53", "P.K.": null, "Al.Dist. Izq.": null, "Al.Dist. Der.": null, "Ruta": 38 }, "geometry": { "type": "Point", "coordinates": [ -64.7974, -30.7377 ] } },
{ "type": "Feature", "properties": { "Name": "122.54", "P.K.": null, "Al.Dist. Izq.": null, "Al.Dist. Der.": null, "Ruta": 38 }, "geometry": { "type": "Point", "coordinates": [ -64.797512, -30.737735 ] } },
{ "type": "Feature", "properties": { "Name": "122.54", "P.K.": null, "Al.Dist. Izq.": null, "Al.Dist. Der.": null, "Ruta": 38 }, "geometry": { "type": "Point", "coordinates": [ -64.797512, -30.737735 ] } },
{ "type": "Feature", "properties": { "Name": "122.56", "P.K.": null, "Al.Dist. Izq.": null, "Al.Dist. Der.": null, "Ruta": 38 }, "geometry": { "type": "Point", "coordinates": [ -64.7977083, -30.7378406 ] } },
{ "type": "Feature", "properties": { "Name": "122.63", "P.K.": null, "Al.Dist. Izq.": null, "Al.Dist. Der.": null, "Ruta": 38 }, "geometry": { "type": "Point", "coordinates": [ -64.7984382, -30.7380881 ] } },
{ "type": "Feature", "properties": { "Name": "122.64", "P.K.": null, "Al.Dist. Izq.": null, "Al.Dist. Der.": null, "Ruta": 38 }, "geometry": { "type": "Point", "coordinates": [ -64.7985599, -30.7379993 ] } },
{ "type": "Feature", "properties": { "Name": "122.65", "P.K.": null, "Al.Dist. Izq.": null, "Al.Dist. Der.": null, "Ruta": 38 }, "geometry": { "type": "Point", "coordinates": [ -64.798645, -30.7381273 ] } },
{ "type": "Feature", "properties": { "Name": "122.69", "P.K.": null, "Al.Dist. Izq.": null, "Al.Dist. Der.": null, "Ruta": 38 }, "geometry": { "type": "Point", "coordinates": [ -64.799163, -30.738091 ] } },
{ "type": "Feature", "properties": { "Name": "122.7", "P.K.": null, "Al.Dist. Izq.": null, "Al.Dist. Der.": null, "Ruta": 38 }, "geometry": { "type": "Point", "coordinates": [ -64.7991107, -30.7382474 ] } },
{ "type": "Feature", "properties": { "Name": "122.72", "P.K.": null, "Al.Dist. Izq.": null, "Al.Dist. Der.": null, "Ruta": 38 }, "geometry": { "type": "Point", "coordinates": [ -64.7993632, -30.738259 ] } },
{ "type": "Feature", "properties": { "Name": "122.94", "P.K.": null, "Al.Dist. Izq.": null, "Al.Dist. Der.": null, "Ruta": 38 }, "geometry": { "type": "Point", "coordinates": [ -64.8016, -30.7392 ] } },
{ "type": "Feature", "properties": { "Name": "122.98", "P.K.": null, "Al.Dist. Izq.": null, "Al.Dist. Der.": null, "Ruta": 38 }, "geometry": { "type": "Point", "coordinates": [ -64.8019006, -30.7392696 ] } },
{ "type": "Feature", "properties": { "Name": "123", "P.K.": "PK123", "Al.Dist. Izq.": null, "Al.Dist. Der.": null, "Ruta": 38 }, "geometry": { "type": "Point", "coordinates": [ -64.802052, -30.7393049 ] } },
{ "type": "Feature", "properties": { "Name": "123.09", "P.K.": null, "Al.Dist. Izq.": null, "Al.Dist. Der.": null, "Ruta": 38 }, "geometry": { "type": "Point", "coordinates": [ -64.802953, -30.7396353 ] } },
{ "type": "Feature", "properties": { "Name": "123.73", "P.K.": null, "Al.Dist. Izq.": null, "Al.Dist. Der.": null, "Ruta": 38 }, "geometry": { "type": "Point", "coordinates": [ -64.8088166, -30.7424936 ] } },
{ "type": "Feature", "properties": { "Name": "123.73", "P.K.": null, "Al.Dist. Izq.": 12, "Al.Dist. Der.": 13, "Ruta": 38 }, "geometry": { "type": "Point", "coordinates": [ -64.8088166, -30.7424936 ] } },
{ "type": "Feature", "properties": { "Name": "123.74", "P.K.": null, "Al.Dist. Izq.": 12, "Al.Dist. Der.": 13, "Ruta": 38 }, "geometry": { "type": "Point", "coordinates": [ -64.8089273, -30.7425642 ] } },
{ "type": "Feature", "properties": { "Name": "124", "P.K.": "PK124", "Al.Dist. Izq.": 12, "Al.Dist. Der.": 13, "Ruta": 38 }, "geometry": { "type": "Point", "coordinates": [ -64.8112555, -30.7436021 ] } },
{ "type": "Feature", "properties": { "Name": "124.02", "P.K.": null, "Al.Dist. Izq.": 12, "Al.Dist. Der.": 13, "Ruta": 38 }, "geometry": { "type": "Point", "coordinates": [ -64.8115217, -30.7437471 ] } },
{ "type": "Feature", "properties": { "Name": "124.4", "P.K.": null, "Al.Dist. Izq.": 12, "Al.Dist. Der.": 13, "Ruta": 38 }, "geometry": { "type": "Point", "coordinates": [ -64.8148225, -30.7451034 ] } },
{ "type": "Feature", "properties": { "Name": "124.44", "P.K.": null, "Al.Dist. Izq.": 12, "Al.Dist. Der.": 13, "Ruta": 38 }, "geometry": { "type": "Point", "coordinates": [ -64.8151457, -30.7451948 ] } },
{ "type": "Feature", "properties": { "Name": "124.45", "P.K.": null, "Al.Dist. Izq.": 12, "Al.Dist. Der.": 13, "Ruta": 38 }, "geometry": { "type": "Point", "coordinates": [ -64.8152174, -30.7452887 ] } },
{ "type": "Feature", "properties": { "Name": "124.85", "P.K.": null, "Al.Dist. Izq.": 12, "Al.Dist. Der.": 13, "Ruta": 38 }, "geometry": { "type": "Point", "coordinates": [ -64.8186929, -30.7468617 ] } },
{ "type": "Feature", "properties": { "Name": "124.86", "P.K.": null, "Al.Dist. Izq.": 12, "Al.Dist. Der.": 13, "Ruta": 38 }, "geometry": { "type": "Point", "coordinates": [ -64.8188, -30.7468 ] } },
{ "type": "Feature", "properties": { "Name": "125", "P.K.": "PK125", "Al.Dist. Izq.": 12, "Al.Dist. Der.": 13, "Ruta": 38 }, "geometry": { "type": "Point", "coordinates": [ -64.819977, -30.7473038 ] } },
{ "type": "Feature", "properties": { "Name": "125.3", "P.K.": null, "Al.Dist. Izq.": 12, "Al.Dist. Der.": 13, "Ruta": 38 }, "geometry": { "type": "Point", "coordinates": [ -64.8227173, -30.7485167 ] } },
{ "type": "Feature", "properties": { "Name": "125.92", "P.K.": null, "Al.Dist. Izq.": 12, "Al.Dist. Der.": 13, "Ruta": 38 }, "geometry": { "type": "Point", "coordinates": [ -64.8283576, -30.750987 ] } },
{ "type": "Feature", "properties": { "Name": "126", "P.K.": "PK126", "Al.Dist. Izq.": 12, "Al.Dist. Der.": 13, "Ruta": 38 }, "geometry": { "type": "Point", "coordinates": [ -64.8289949, -30.7513366 ] } },
{ "type": "Feature", "properties": { "Name": "126.47", "P.K.": null, "Al.Dist. Izq.": 12, "Al.Dist. Der.": 13, "Ruta": 38 }, "geometry": { "type": "Point", "coordinates": [ -64.8331074, -30.7530542 ] } },
{ "type": "Feature", "properties": { "Name": "127", "P.K.": "PK127", "Al.Dist. Izq.": 12, "Al.Dist. Der.": 13, "Ruta": 38 }, "geometry": { "type": "Point", "coordinates": [ -64.8375462, -30.7549681 ] } },
{ "type": "Feature", "properties": { "Name": "127.34", "P.K.": null, "Al.Dist. Izq.": 12, "Al.Dist. Der.": 13, "Ruta": 38 }, "geometry": { "type": "Point", "coordinates": [ -64.8408198, -30.7564298 ] } },
{ "type": "Feature", "properties": { "Name": "127.43", "P.K.": null, "Al.Dist. Izq.": 12, "Al.Dist. Der.": 13, "Ruta": 38 }, "geometry": { "type": "Point", "coordinates": [ -64.8417609, -30.7568349 ] } },
{ "type": "Feature", "properties": { "Name": "128", "P.K.": "PK128", "Al.Dist. Izq.": 12, "Al.Dist. Der.": 13, "Ruta": 38 }, "geometry": { "type": "Point", "coordinates": [ -64.8471709, -30.7593328 ] } },
{ "type": "Feature", "properties": { "Name": "128.6", "P.K.": null, "Al.Dist. Izq.": 12, "Al.Dist. Der.": 13, "Ruta": 38 }, "geometry": { "type": "Point", "coordinates": [ -64.8530922, -30.7618154 ] } },
{ "type": "Feature", "properties": { "Name": "129", "P.K.": "PK129", "Al.Dist. Izq.": 12, "Al.Dist. Der.": 13, "Ruta": 38 }, "geometry": { "type": "Point", "coordinates": [ -64.85692, -30.763494 ] } },
{ "type": "Feature", "properties": { "Name": "130", "P.K.": "PK130", "Al.Dist. Izq.": 12, "Al.Dist. Der.": 13, "Ruta": 38 }, "geometry": { "type": "Point", "coordinates": [ -64.8660513, -30.767637 ] } },
{ "type": "Feature", "properties": { "Name": "130.87", "P.K.": null, "Al.Dist. Izq.": 12, "Al.Dist. Der.": 13, "Ruta": 38 }, "geometry": { "type": "Point", "coordinates": [ -64.874082, -30.77108 ] } },
{ "type": "Feature", "properties": { "Name": "131", "P.K.": "PK131", "Al.Dist. Izq.": 12, "Al.Dist. Der.": 13, "Ruta": 38 }, "geometry": { "type": "Point", "coordinates": [ -64.8752667, -30.7715658 ] } },
{ "type": "Feature", "properties": { "Name": "131.2", "P.K.": null, "Al.Dist. Izq.": 12, "Al.Dist. Der.": 13, "Ruta": 38 }, "geometry": { "type": "Point", "coordinates": [ -64.8768888, -30.7724265 ] } },
{ "type": "Feature", "properties": { "Name": "131.33", "P.K.": null, "Al.Dist. Izq.": 12, "Al.Dist. Der.": 13, "Ruta": 38 }, "geometry": { "type": "Point", "coordinates": [ -64.8780174, -30.7728141 ] } },
{ "type": "Feature", "properties": { "Name": "131.69", "P.K.": null, "Al.Dist. Izq.": 12, "Al.Dist. Der.": 13, "Ruta": 38 }, "geometry": { "type": "Point", "coordinates": [ -64.8809688, -30.7741149 ] } },
{ "type": "Feature", "properties": { "Name": "132", "P.K.": "PK132", "Al.Dist. Izq.": 12, "Al.Dist. Der.": 13, "Ruta": 38 }, "geometry": { "type": "Point", "coordinates": [ -64.8835309, -30.7753205 ] } },
{ "type": "Feature", "properties": { "Name": "132.03", "P.K.": null, "Al.Dist. Izq.": 12, "Al.Dist. Der.": 13, "Ruta": 38 }, "geometry": { "type": "Point", "coordinates": [ -64.8839098, -30.7752773 ] } },
{ "type": "Feature", "properties": { "Name": "132.12", "P.K.": null, "Al.Dist. Izq.": 12, "Al.Dist. Der.": 13, "Ruta": 38 }, "geometry": { "type": "Point", "coordinates": [ -64.8846355, -30.7757318 ] } },
{ "type": "Feature", "properties": { "Name": "132.16", "P.K.": null, "Al.Dist. Izq.": 12, "Al.Dist. Der.": 13, "Ruta": 38 }, "geometry": { "type": "Point", "coordinates": [ -64.8849786, -30.7758342 ] } },
{ "type": "Feature", "properties": { "Name": "132.21", "P.K.": null, "Al.Dist. Izq.": 12, "Al.Dist. Der.": 13, "Ruta": 38 }, "geometry": { "type": "Point", "coordinates": [ -64.8854, -30.7761 ] } },
{ "type": "Feature", "properties": { "Name": "132.43", "P.K.": null, "Al.Dist. Izq.": 12, "Al.Dist. Der.": 13, "Ruta": 38 }, "geometry": { "type": "Point", "coordinates": [ -64.8871372, -30.7771891 ] } },
{ "type": "Feature", "properties": { "Name": "132.52", "P.K.": null, "Al.Dist. Izq.": 12, "Al.Dist. Der.": 13, "Ruta": 38 }, "geometry": { "type": "Point", "coordinates": [ -64.8876521, -30.7778506 ] } },
{ "type": "Feature", "properties": { "Name": "132.67", "P.K.": null, "Al.Dist. Izq.": 12, "Al.Dist. Der.": 13, "Ruta": 38 }, "geometry": { "type": "Point", "coordinates": [ -64.8885614, -30.7788817 ] } },
{ "type": "Feature", "properties": { "Name": "133", "P.K.": "PK133", "Al.Dist. Izq.": 12, "Al.Dist. Der.": 13, "Ruta": 38 }, "geometry": { "type": "Point", "coordinates": [ -64.890972, -30.7807466 ] } },
{ "type": "Feature", "properties": { "Name": "134", "P.K.": "PK134", "Al.Dist. Izq.": 12, "Al.Dist. Der.": 13, "Ruta": 38 }, "geometry": { "type": "Point", "coordinates": [ -64.8978475, -30.7871784 ] } },
{ "type": "Feature", "properties": { "Name": "134.18", "P.K.": null, "Al.Dist. Izq.": 12, "Al.Dist. Der.": 13, "Ruta": 38 }, "geometry": { "type": "Point", "coordinates": [ -64.8990737, -30.788244 ] } },
{ "type": "Feature", "properties": { "Name": "134.45", "P.K.": null, "Al.Dist. Izq.": 12, "Al.Dist. Der.": 13, "Ruta": 38 }, "geometry": { "type": "Point", "coordinates": [ -64.900787, -30.7898111 ] } },
{ "type": "Feature", "properties": { "Name": "134.46", "P.K.": null, "Al.Dist. Izq.": 12, "Al.Dist. Der.": 13, "Ruta": 38 }, "geometry": { "type": "Point", "coordinates": [ -64.9009157, -30.7897266 ] } },
{ "type": "Feature", "properties": { "Name": "134.97", "P.K.": null, "Al.Dist. Izq.": 12, "Al.Dist. Der.": 13, "Ruta": 38 }, "geometry": { "type": "Point", "coordinates": [ -64.903959, -30.7927503 ] } },
{ "type": "Feature", "properties": { "Name": "135", "P.K.": "PK135", "Al.Dist. Izq.": 12, "Al.Dist. Der.": 13, "Ruta": 38 }, "geometry": { "type": "Point", "coordinates": [ -64.9041886, -30.7928734 ] } },
{ "type": "Feature", "properties": { "Name": "135.06", "P.K.": null, "Al.Dist. Izq.": 12, "Al.Dist. Der.": 13, "Ruta": 38 }, "geometry": { "type": "Point", "coordinates": [ -64.9046164, -30.7933348 ] } },
{ "type": "Feature", "properties": { "Name": "135.49", "P.K.": null, "Al.Dist. Izq.": 12, "Al.Dist. Der.": 13, "Ruta": 38 }, "geometry": { "type": "Point", "coordinates": [ -64.9077559, -30.7962742 ] } },
{ "type": "Feature", "properties": { "Name": "135.56", "P.K.": null, "Al.Dist. Izq.": 12, "Al.Dist. Der.": 13, "Ruta": 38 }, "geometry": { "type": "Point", "coordinates": [ -64.9082486, -30.7966949 ] } },
{ "type": "Feature", "properties": { "Name": "136", "P.K.": "PK136", "Al.Dist. Izq.": 12, "Al.Dist. Der.": 13, "Ruta": 38 }, "geometry": { "type": "Point", "coordinates": [ -64.911326, -30.7997082 ] } },
{ "type": "Feature", "properties": { "Name": "136.01", "P.K.": null, "Al.Dist. Izq.": 12, "Al.Dist. Der.": 13, "Ruta": 38 }, "geometry": { "type": "Point", "coordinates": [ -64.9115285, -30.7997475 ] } },
{ "type": "Feature", "properties": { "Name": "136.01", "P.K.": null, "Al.Dist. Izq.": 12, "Al.Dist. Der.": 13, "Ruta": 38 }, "geometry": { "type": "Point", "coordinates": [ -64.911338, -30.7998779 ] } },
{ "type": "Feature", "properties": { "Name": "136.09", "P.K.": null, "Al.Dist. Izq.": 12, "Al.Dist. Der.": 13, "Ruta": 38 }, "geometry": { "type": "Point", "coordinates": [ -64.9122, -30.8003 ] } },
{ "type": "Feature", "properties": { "Name": "136.22", "P.K.": null, "Al.Dist. Izq.": 12, "Al.Dist. Der.": 13, "Ruta": 38 }, "geometry": { "type": "Point", "coordinates": [ -64.9131294, -30.8012855 ] } },
{ "type": "Feature", "properties": { "Name": "136.3", "P.K.": null, "Al.Dist. Izq.": 12, "Al.Dist. Der.": 13, "Ruta": 38 }, "geometry": { "type": "Point", "coordinates": [ -64.9137628, -30.8018454 ] } },
{ "type": "Feature", "properties": { "Name": "136.4", "P.K.": null, "Al.Dist. Izq.": 12, "Al.Dist. Der.": 13, "Ruta": 38 }, "geometry": { "type": "Point", "coordinates": [ -64.9144799, -30.802591 ] } },
{ "type": "Feature", "properties": { "Name": "136.59", "P.K.": null, "Al.Dist. Izq.": 12, "Al.Dist. Der.": 13, "Ruta": 38 }, "geometry": { "type": "Point", "coordinates": [ -64.9160959, -30.8039893 ] } },
{ "type": "Feature", "properties": { "Name": "136.59", "P.K.": null, "Al.Dist. Izq.": 12, "Al.Dist. Der.": 13, "Ruta": 38 }, "geometry": { "type": "Point", "coordinates": [ -64.9159913, -30.804032 ] } },
{ "type": "Feature", "properties": { "Name": "136.65", "P.K.": null, "Al.Dist. Izq.": 12, "Al.Dist. Der.": 13, "Ruta": 38 }, "geometry": { "type": "Point", "coordinates": [ -64.9165667, -30.8044532 ] } },
{ "type": "Feature", "properties": { "Name": "136.8", "P.K.": null, "Al.Dist. Izq.": 12, "Al.Dist. Der.": 13, "Ruta": 38 }, "geometry": { "type": "Point", "coordinates": [ -64.9177179, -30.8055115 ] } },
{ "type": "Feature", "properties": { "Name": "136.91", "P.K.": null, "Al.Dist. Izq.": 12, "Al.Dist. Der.": 13, "Ruta": 38 }, "geometry": { "type": "Point", "coordinates": [ -64.9186401, -30.8062354 ] } },
{ "type": "Feature", "properties": { "Name": "136.97", "P.K.": null, "Al.Dist. Izq.": 12, "Al.Dist. Der.": 13, "Ruta": 38 }, "geometry": { "type": "Point", "coordinates": [ -64.9191, -30.8067 ] } },
{ "type": "Feature", "properties": { "Name": "137", "P.K.": "PK137", "Al.Dist. Izq.": 12, "Al.Dist. Der.": 13, "Ruta": 38 }, "geometry": { "type": "Point", "coordinates": [ -64.9194346, -30.806743 ] } },
{ "type": "Feature", "properties": { "Name": "137.07", "P.K.": null, "Al.Dist. Izq.": 12, "Al.Dist. Der.": 13, "Ruta": 38 }, "geometry": { "type": "Point", "coordinates": [ -64.9198802, -30.8072527 ] } },
{ "type": "Feature", "properties": { "Name": "137.16", "P.K.": null, "Al.Dist. Izq.": 12, "Al.Dist. Der.": 13, "Ruta": 38 }, "geometry": { "type": "Point", "coordinates": [ -64.9207507, -30.8077261 ] } },
{ "type": "Feature", "properties": { "Name": "137.28", "P.K.": null, "Al.Dist. Izq.": 12, "Al.Dist. Der.": 13, "Ruta": 38 }, "geometry": { "type": "Point", "coordinates": [ -64.9215737, -30.8083501 ] } },
{ "type": "Feature", "properties": { "Name": "137.42", "P.K.": null, "Al.Dist. Izq.": 12, "Al.Dist. Der.": 13, "Ruta": 38 }, "geometry": { "type": "Point", "coordinates": [ -64.922693, -30.8091371 ] } },
{ "type": "Feature", "properties": { "Name": "137.51", "P.K.": null, "Al.Dist. Izq.": 12, "Al.Dist. Der.": 13, "Ruta": 38 }, "geometry": { "type": "Point", "coordinates": [ -64.9232927, -30.8096344 ] } },
{ "type": "Feature", "properties": { "Name": "137.58", "P.K.": null, "Al.Dist. Izq.": 12, "Al.Dist. Der.": 13, "Ruta": 38 }, "geometry": { "type": "Point", "coordinates": [ -64.9237905, -30.8101034 ] } },
{ "type": "Feature", "properties": { "Name": "137.96", "P.K.": null, "Al.Dist. Izq.": 12, "Al.Dist. Der.": 13, "Ruta": 38 }, "geometry": { "type": "Point", "coordinates": [ -64.926165, -30.8127815 ] } },
{ "type": "Feature", "properties": { "Name": "138", "P.K.": "PK138", "Al.Dist. Izq.": 12, "Al.Dist. Der.": 13, "Ruta": 38 }, "geometry": { "type": "Point", "coordinates": [ -64.9263816, -30.8130098 ] } },
{ "type": "Feature", "properties": { "Name": "138.12", "P.K.": null, "Al.Dist. Izq.": 12, "Al.Dist. Der.": 13, "Ruta": 38 }, "geometry": { "type": "Point", "coordinates": [ -64.9272456, -30.8138351 ] } },
{ "type": "Feature", "properties": { "Name": "138.78", "P.K.": null, "Al.Dist. Izq.": 12, "Al.Dist. Der.": 13, "Ruta": 38 }, "geometry": { "type": "Point", "coordinates": [ -64.9315, -30.8184 ] } },
{ "type": "Feature", "properties": { "Name": "138.88", "P.K.": null, "Al.Dist. Izq.": 12, "Al.Dist. Der.": 13, "Ruta": 38 }, "geometry": { "type": "Point", "coordinates": [ -64.9321869, -30.8190405 ] } },
{ "type": "Feature", "properties": { "Name": "139", "P.K.": "PK139", "Al.Dist. Izq.": 12, "Al.Dist. Der.": 13, "Ruta": 38 }, "geometry": { "type": "Point", "coordinates": [ -64.9328718, -30.8198038 ] } },
{ "type": "Feature", "properties": { "Name": "139.68", "P.K.": null, "Al.Dist. Izq.": 12, "Al.Dist. Der.": 13, "Ruta": 38 }, "geometry": { "type": "Point", "coordinates": [ -64.9372472, -30.8245767 ] } },
{ "type": "Feature", "properties": { "Name": "140", "P.K.": "PK140", "Al.Dist. Izq.": 12, "Al.Dist. Der.": 13, "Ruta": 38 }, "geometry": { "type": "Point", "coordinates": [ -64.9392042, -30.8268388 ] } },
{ "type": "Feature", "properties": { "Name": "140.2", "P.K.": null, "Al.Dist. Izq.": 12, "Al.Dist. Der.": 13, "Ruta": 38 }, "geometry": { "type": "Point", "coordinates": [ -64.9405714, -30.8281876 ] } },
{ "type": "Feature", "properties": { "Name": "140.33", "P.K.": null, "Al.Dist. Izq.": 12, "Al.Dist. Der.": 13, "Ruta": 38 }, "geometry": { "type": "Point", "coordinates": [ -64.9414113, -30.8291694 ] } },
{ "type": "Feature", "properties": { "Name": "140.48", "P.K.": null, "Al.Dist. Izq.": 12, "Al.Dist. Der.": 13, "Ruta": 38 }, "geometry": { "type": "Point", "coordinates": [ -64.9424383, -30.8301335 ] } },
{ "type": "Feature", "properties": { "Name": "140.65", "P.K.": null, "Al.Dist. Izq.": 12, "Al.Dist. Der.": 13, "Ruta": 38 }, "geometry": { "type": "Point", "coordinates": [ -64.9435627, -30.8312179 ] } },
{ "type": "Feature", "properties": { "Name": "140.96", "P.K.": null, "Al.Dist. Izq.": 12, "Al.Dist. Der.": 13, "Ruta": 38 }, "geometry": { "type": "Point", "coordinates": [ -64.9461196, -30.8328362 ] } },
{ "type": "Feature", "properties": { "Name": "141", "P.K.": "PK141", "Al.Dist. Izq.": 12, "Al.Dist. Der.": 13, "Ruta": 38 }, "geometry": { "type": "Point", "coordinates": [ -64.9464478, -30.83299 ] } },
{ "type": "Feature", "properties": { "Name": "141.1", "P.K.": null, "Al.Dist. Izq.": 12, "Al.Dist. Der.": 13, "Ruta": 38 }, "geometry": { "type": "Point", "coordinates": [ -64.9474, -30.8335 ] } },
{ "type": "Feature", "properties": { "Name": "142", "P.K.": "PK142", "Al.Dist. Izq.": 12, "Al.Dist. Der.": 13, "Ruta": 38 }, "geometry": { "type": "Point", "coordinates": [ -64.9552827, -30.8380933 ] } },
{ "type": "Feature", "properties": { "Name": "142.23", "P.K.": null, "Al.Dist. Izq.": 12, "Al.Dist. Der.": 13, "Ruta": 38 }, "geometry": { "type": "Point", "coordinates": [ -64.9573326, -30.8393179 ] } },
{ "type": "Feature", "properties": { "Name": "142.57", "P.K.": null, "Al.Dist. Izq.": 12, "Al.Dist. Der.": 13, "Ruta": 38 }, "geometry": { "type": "Point", "coordinates": [ -64.9604131, -30.8410238 ] } },
{ "type": "Feature", "properties": { "Name": "142.58", "P.K.": null, "Al.Dist. Izq.": 12, "Al.Dist. Der.": 13, "Ruta": 38 }, "geometry": { "type": "Point", "coordinates": [ -64.9605079, -30.8409473 ] } },
{ "type": "Feature", "properties": { "Name": "142.69", "P.K.": null, "Al.Dist. Izq.": 12, "Al.Dist. Der.": 13, "Ruta": 38 }, "geometry": { "type": "Point", "coordinates": [ -64.9615301, -30.841524 ] } },
{ "type": "Feature", "properties": { "Name": "142.8", "P.K.": null, "Al.Dist. Izq.": 12, "Al.Dist. Der.": 13, "Ruta": 38 }, "geometry": { "type": "Point", "coordinates": [ -64.9625428, -30.8420809 ] } },
{ "type": "Feature", "properties": { "Name": "142.92", "P.K.": null, "Al.Dist. Izq.": 12, "Al.Dist. Der.": 13, "Ruta": 38 }, "geometry": { "type": "Point", "coordinates": [ -64.9636032, -30.8427113 ] } },
{ "type": "Feature", "properties": { "Name": "142.93", "P.K.": null, "Al.Dist. Izq.": 12, "Al.Dist. Der.": 13, "Ruta": 38 }, "geometry": { "type": "Point", "coordinates": [ -64.9636374, -30.8427586 ] } },
{ "type": "Feature", "properties": { "Name": "143", "P.K.": "PK143", "Al.Dist. Izq.": 12, "Al.Dist. Der.": 13, "Ruta": 38 }, "geometry": { "type": "Point", "coordinates": [ -64.964196, -30.8431068 ] } },
{ "type": "Feature", "properties": { "Name": "143.21", "P.K.": null, "Al.Dist. Izq.": 12, "Al.Dist. Der.": 13, "Ruta": 38 }, "geometry": { "type": "Point", "coordinates": [ -64.9657382, -30.8445068 ] } },
{ "type": "Feature", "properties": { "Name": "143.29", "P.K.": null, "Al.Dist. Izq.": 12, "Al.Dist. Der.": 13, "Ruta": 38 }, "geometry": { "type": "Point", "coordinates": [ -64.9662441, -30.8449674 ] } },
{ "type": "Feature", "properties": { "Name": "143.83", "P.K.": null, "Al.Dist. Izq.": 12, "Al.Dist. Der.": 13, "Ruta": 38 }, "geometry": { "type": "Point", "coordinates": [ -64.9701055, -30.8484378 ] } },
{ "type": "Feature", "properties": { "Name": "143.83", "P.K.": null, "Al.Dist. Izq.": null, "Al.Dist. Der.": null, "Ruta": 38 }, "geometry": { "type": "Point", "coordinates": [ -64.9701055, -30.8484378 ] } },
{ "type": "Feature", "properties": { "Name": "143.87", "P.K.": null, "Al.Dist. Izq.": null, "Al.Dist. Der.": null, "Ruta": 38 }, "geometry": { "type": "Point", "coordinates": [ -64.9703, -30.8488 ] } },
{ "type": "Feature", "properties": { "Name": "144", "P.K.": "PK144", "Al.Dist. Izq.": null, "Al.Dist. Der.": null, "Ruta": 38 }, "geometry": { "type": "Point", "coordinates": [ -64.9713237, -30.8494881 ] } },
{ "type": "Feature", "properties": { "Name": "144.04", "P.K.": null, "Al.Dist. Izq.": null, "Al.Dist. Der.": null, "Ruta": 38 }, "geometry": { "type": "Point", "coordinates": [ -64.9716445, -30.8498787 ] } },
{ "type": "Feature", "properties": { "Name": "144.13", "P.K.": null, "Al.Dist. Izq.": null, "Al.Dist. Der.": null, "Ruta": 38 }, "geometry": { "type": "Point", "coordinates": [ -64.9724948, -30.8500129 ] } },
{ "type": "Feature", "properties": { "Name": "144.27", "P.K.": null, "Al.Dist. Izq.": null, "Al.Dist. Der.": null, "Ruta": 38 }, "geometry": { "type": "Point", "coordinates": [ -64.9737188, -30.8504594 ] } },
{ "type": "Feature", "properties": { "Name": "144.28", "P.K.": null, "Al.Dist. Izq.": null, "Al.Dist. Der.": null, "Ruta": 38 }, "geometry": { "type": "Point", "coordinates": [ -64.9738583, -30.8505333 ] } },
{ "type": "Feature", "properties": { "Name": "144.43", "P.K.": null, "Al.Dist. Izq.": null, "Al.Dist. Der.": null, "Ruta": 38 }, "geometry": { "type": "Point", "coordinates": [ -64.9752021, -30.8510478 ] } },
{ "type": "Feature", "properties": { "Name": "144.49", "P.K.": null, "Al.Dist. Izq.": null, "Al.Dist. Der.": null, "Ruta": 38 }, "geometry": { "type": "Point", "coordinates": [ -64.9758034, -30.851267 ] } },
{ "type": "Feature", "properties": { "Name": "144.52", "P.K.": null, "Al.Dist. Izq.": null, "Al.Dist. Der.": null, "Ruta": 38 }, "geometry": { "type": "Point", "coordinates": [ -64.9760364, -30.8513788 ] } },
{ "type": "Feature", "properties": { "Name": "144.55", "P.K.": null, "Al.Dist. Izq.": null, "Al.Dist. Der.": null, "Ruta": 38 }, "geometry": { "type": "Point", "coordinates": [ -64.9763585, -30.8515096 ] } },
{ "type": "Feature", "properties": { "Name": "144.57", "P.K.": null, "Al.Dist. Izq.": null, "Al.Dist. Der.": null, "Ruta": 38 }, "geometry": { "type": "Point", "coordinates": [ -64.976445, -30.851592 ] } },
{ "type": "Feature", "properties": { "Name": "144.71", "P.K.": null, "Al.Dist. Izq.": null, "Al.Dist. Der.": null, "Ruta": 38 }, "geometry": { "type": "Point", "coordinates": [ -64.9777418, -30.8521728 ] } },
{ "type": "Feature", "properties": { "Name": "144.79", "P.K.": null, "Al.Dist. Izq.": null, "Al.Dist. Der.": null, "Ruta": 38 }, "geometry": { "type": "Point", "coordinates": [ -64.9783634, -30.8523685 ] } },
{ "type": "Feature", "properties": { "Name": "144.82", "P.K.": null, "Al.Dist. Izq.": null, "Al.Dist. Der.": null, "Ruta": 38 }, "geometry": { "type": "Point", "coordinates": [ -64.9786323, -30.8525407 ] } },
{ "type": "Feature", "properties": { "Name": "144.86", "P.K.": null, "Al.Dist. Izq.": null, "Al.Dist. Der.": null, "Ruta": 38 }, "geometry": { "type": "Point", "coordinates": [ -64.9791, -30.8526 ] } },
{ "type": "Feature", "properties": { "Name": "144.89", "P.K.": null, "Al.Dist. Izq.": null, "Al.Dist. Der.": null, "Ruta": 38 }, "geometry": { "type": "Point", "coordinates": [ -64.9793827, -30.8526699 ] } },
{ "type": "Feature", "properties": { "Name": "144.91", "P.K.": null, "Al.Dist. Izq.": null, "Al.Dist. Der.": null, "Ruta": 38 }, "geometry": { "type": "Point", "coordinates": [ -64.9795265, -30.852749 ] } },
{ "type": "Feature", "properties": { "Name": "145", "P.K.": "PK145", "Al.Dist. Izq.": null, "Al.Dist. Der.": null, "Ruta": 38 }, "geometry": { "type": "Point", "coordinates": [ -64.9803674, -30.8527401 ] } },
{ "type": "Feature", "properties": { "Name": "145.02", "P.K.": null, "Al.Dist. Izq.": null, "Al.Dist. Der.": null, "Ruta": 38 }, "geometry": { "type": "Point", "coordinates": [ -64.9806473, -30.8528118 ] } },
{ "type": "Feature", "properties": { "Name": "145.18", "P.K.": null, "Al.Dist. Izq.": null, "Al.Dist. Der.": null, "Ruta": 38 }, "geometry": { "type": "Point", "coordinates": [ -64.9821661, -30.8527315 ] } },
{ "type": "Feature", "properties": { "Name": "145.34", "P.K.": null, "Al.Dist. Izq.": null, "Al.Dist. Der.": null, "Ruta": 38 }, "geometry": { "type": "Point", "coordinates": [ -64.9838685, -30.8524001 ] } },
{ "type": "Feature", "properties": { "Name": "145.4", "P.K.": null, "Al.Dist. Izq.": null, "Al.Dist. Der.": null, "Ruta": 38 }, "geometry": { "type": "Point", "coordinates": [ -64.9844, -30.8523 ] } },
{ "type": "Feature", "properties": { "Name": "145.43", "P.K.": null, "Al.Dist. Izq.": null, "Al.Dist. Der.": null, "Ruta": 38 }, "geometry": { "type": "Point", "coordinates": [ -64.9846016, -30.8522511 ] } },
{ "type": "Feature", "properties": { "Name": "145.45", "P.K.": null, "Al.Dist. Izq.": null, "Al.Dist. Der.": null, "Ruta": 38 }, "geometry": { "type": "Point", "coordinates": [ -64.9848644, -30.8522125 ] } },
{ "type": "Feature", "properties": { "Name": "145.52", "P.K.": null, "Al.Dist. Izq.": null, "Al.Dist. Der.": null, "Ruta": 38 }, "geometry": { "type": "Point", "coordinates": [ -64.9856, -30.8521 ] } },
{ "type": "Feature", "properties": { "Name": "145.52", "P.K.": null, "Al.Dist. Izq.": null, "Al.Dist. Der.": null, "Ruta": 38 }, "geometry": { "type": "Point", "coordinates": [ -64.9856, -30.8521 ] } },
{ "type": "Feature", "properties": { "Name": "145.56", "P.K.": null, "Al.Dist. Izq.": null, "Al.Dist. Der.": null, "Ruta": 38 }, "geometry": { "type": "Point", "coordinates": [ -64.9860145, -30.8520825 ] } },
{ "type": "Feature", "properties": { "Name": "145.61", "P.K.": null, "Al.Dist. Izq.": null, "Al.Dist. Der.": null, "Ruta": 38 }, "geometry": { "type": "Point", "coordinates": [ -64.9864764, -30.851951 ] } },
{ "type": "Feature", "properties": { "Name": "145.76", "P.K.": null, "Al.Dist. Izq.": null, "Al.Dist. Der.": null, "Ruta": 38 }, "geometry": { "type": "Point", "coordinates": [ -64.988, -30.8523 ] } },
{ "type": "Feature", "properties": { "Name": "145.84", "P.K.": null, "Al.Dist. Izq.": null, "Al.Dist. Der.": null, "Ruta": 38 }, "geometry": { "type": "Point", "coordinates": [ -64.9887543, -30.852358 ] } },
{ "type": "Feature", "properties": { "Name": "146", "P.K.": "PK146", "Al.Dist. Izq.": null, "Al.Dist. Der.": null, "Ruta": 38 }, "geometry": { "type": "Point", "coordinates": [ -64.990135, -30.8529039 ] } },
{ "type": "Feature", "properties": { "Name": "146.02", "P.K.": null, "Al.Dist. Izq.": null, "Al.Dist. Der.": null, "Ruta": 38 }, "geometry": { "type": "Point", "coordinates": [ -64.9904406, -30.8528654 ] } },
{ "type": "Feature", "properties": { "Name": "146.06", "P.K.": null, "Al.Dist. Izq.": null, "Al.Dist. Der.": null, "Ruta": 38 }, "geometry": { "type": "Point", "coordinates": [ -64.9908622, -30.8530737 ] } },
{ "type": "Feature", "properties": { "Name": "146.06", "P.K.": null, "Al.Dist. Izq.": null, "Al.Dist. Der.": null, "Ruta": 38 }, "geometry": { "type": "Point", "coordinates": [ -64.9908324, -30.8530346 ] } },
{ "type": "Feature", "properties": { "Name": "146.07", "P.K.": null, "Al.Dist. Izq.": null, "Al.Dist. Der.": null, "Ruta": 38 }, "geometry": { "type": "Point", "coordinates": [ -64.9909296, -30.853019 ] } },
{ "type": "Feature", "properties": { "Name": "146.07", "P.K.": null, "Al.Dist. Izq.": null, "Al.Dist. Der.": null, "Ruta": 38 }, "geometry": { "type": "Point", "coordinates": [ -64.9908894, -30.8531629 ] } },
{ "type": "Feature", "properties": { "Name": "146.09", "P.K.": null, "Al.Dist. Izq.": null, "Al.Dist. Der.": null, "Ruta": 38 }, "geometry": { "type": "Point", "coordinates": [ -64.991, -30.8531 ] } },
{ "type": "Feature", "properties": { "Name": "146.1", "P.K.": null, "Al.Dist. Izq.": null, "Al.Dist. Der.": null, "Ruta": 38 }, "geometry": { "type": "Point", "coordinates": [ -64.991164, -30.8530786 ] } },
{ "type": "Feature", "properties": { "Name": "146.1", "P.K.": null, "Al.Dist. Izq.": null, "Al.Dist. Der.": null, "Ruta": 38 }, "geometry": { "type": "Point", "coordinates": [ -64.9911113, -30.8532125 ] } },
{ "type": "Feature", "properties": { "Name": "146.22", "P.K.": null, "Al.Dist. Izq.": null, "Al.Dist. Der.": null, "Ruta": 38 }, "geometry": { "type": "Point", "coordinates": [ -64.9923, -30.8535 ] } },
{ "type": "Feature", "properties": { "Name": "146.22", "P.K.": null, "Al.Dist. Izq.": null, "Al.Dist. Der.": null, "Ruta": 38 }, "geometry": { "type": "Point", "coordinates": [ -64.9923, -30.8535 ] } },
{ "type": "Feature", "properties": { "Name": "146.32", "P.K.": null, "Al.Dist. Izq.": null, "Al.Dist. Der.": null, "Ruta": 38 }, "geometry": { "type": "Point", "coordinates": [ -64.9932224, -30.8537243 ] } },
{ "type": "Feature", "properties": { "Name": "146.34", "P.K.": null, "Al.Dist. Izq.": null, "Al.Dist. Der.": null, "Ruta": 38 }, "geometry": { "type": "Point", "coordinates": [ -64.9934, -30.8539 ] } },
{ "type": "Feature", "properties": { "Name": "146.34", "P.K.": null, "Al.Dist. Izq.": null, "Al.Dist. Der.": null, "Ruta": 38 }, "geometry": { "type": "Point", "coordinates": [ -64.9934, -30.8539 ] } },
{ "type": "Feature", "properties": { "Name": "146.35", "P.K.": null, "Al.Dist. Izq.": null, "Al.Dist. Der.": null, "Ruta": 38 }, "geometry": { "type": "Point", "coordinates": [ -64.9934834, -30.8539415 ] } },
{ "type": "Feature", "properties": { "Name": "146.57", "P.K.": null, "Al.Dist. Izq.": null, "Al.Dist. Der.": null, "Ruta": 38 }, "geometry": { "type": "Point", "coordinates": [ -64.9954903, -30.8546219 ] } },
{ "type": "Feature", "properties": { "Name": "146.59", "P.K.": null, "Al.Dist. Izq.": null, "Al.Dist. Der.": null, "Ruta": 38 }, "geometry": { "type": "Point", "coordinates": [ -64.9955309, -30.8547506 ] } },
{ "type": "Feature", "properties": { "Name": "146.76", "P.K.": null, "Al.Dist. Izq.": null, "Al.Dist. Der.": null, "Ruta": 38 }, "geometry": { "type": "Point", "coordinates": [ -64.9971205, -30.8551495 ] } },
{ "type": "Feature", "properties": { "Name": "146.81", "P.K.": null, "Al.Dist. Izq.": null, "Al.Dist. Der.": null, "Ruta": 38 }, "geometry": { "type": "Point", "coordinates": [ -64.9976247, -30.855267 ] } },
{ "type": "Feature", "properties": { "Name": "146.83", "P.K.": null, "Al.Dist. Izq.": null, "Al.Dist. Der.": null, "Ruta": 38 }, "geometry": { "type": "Point", "coordinates": [ -64.9978, -30.8554 ] } },
{ "type": "Feature", "properties": { "Name": "146.9", "P.K.": null, "Al.Dist. Izq.": null, "Al.Dist. Der.": null, "Ruta": 38 }, "geometry": { "type": "Point", "coordinates": [ -64.9985566, -30.8555112 ] } },
{ "type": "Feature", "properties": { "Name": "146.99", "P.K.": null, "Al.Dist. Izq.": null, "Al.Dist. Der.": null, "Ruta": 38 }, "geometry": { "type": "Point", "coordinates": [ -64.9992682, -30.8558708 ] } },
{ "type": "Feature", "properties": { "Name": "147", "P.K.": "PK147", "Al.Dist. Izq.": null, "Al.Dist. Der.": null, "Ruta": 38 }, "geometry": { "type": "Point", "coordinates": [ -64.9993123, -30.8558524 ] } },
{ "type": "Feature", "properties": { "Name": "147.01", "P.K.": null, "Al.Dist. Izq.": null, "Al.Dist. Der.": null, "Ruta": 38 }, "geometry": { "type": "Point", "coordinates": [ -64.9995861, -30.855856 ] } },
{ "type": "Feature", "properties": { "Name": "147.06", "P.K.": null, "Al.Dist. Izq.": null, "Al.Dist. Der.": null, "Ruta": 38 }, "geometry": { "type": "Point", "coordinates": [ -65.0000089, -30.8561298 ] } },
{ "type": "Feature", "properties": { "Name": "147.08", "P.K.": null, "Al.Dist. Izq.": null, "Al.Dist. Der.": null, "Ruta": 38 }, "geometry": { "type": "Point", "coordinates": [ -65.0002, -30.8562 ] } },
{ "type": "Feature", "properties": { "Name": "147.13", "P.K.": null, "Al.Dist. Izq.": null, "Al.Dist. Der.": null, "Ruta": 38 }, "geometry": { "type": "Point", "coordinates": [ -65.0006519, -30.8562995 ] } },
{ "type": "Feature", "properties": { "Name": "147.18", "P.K.": null, "Al.Dist. Izq.": null, "Al.Dist. Der.": null, "Ruta": 38 }, "geometry": { "type": "Point", "coordinates": [ -65.0011032, -30.8565351 ] } },
{ "type": "Feature", "properties": { "Name": "147.18", "P.K.": null, "Al.Dist. Izq.": 35, "Al.Dist. Der.": 35, "Ruta": 38 }, "geometry": { "type": "Point", "coordinates": [ -65.0011032, -30.8565351 ] } },
{ "type": "Feature", "properties": { "Name": "147.19", "P.K.": null, "Al.Dist. Izq.": 35, "Al.Dist. Der.": 35, "Ruta": 38 }, "geometry": { "type": "Point", "coordinates": [ -65.001307, -30.8565189 ] } },
{ "type": "Feature", "properties": { "Name": "147.19", "P.K.": null, "Al.Dist. Izq.": 35, "Al.Dist. Der.": 35, "Ruta": 38 }, "geometry": { "type": "Point", "coordinates": [ -65.001288, -30.8565702 ] } },
{ "type": "Feature", "properties": { "Name": "147.29", "P.K.": null, "Al.Dist. Izq.": 35, "Al.Dist. Der.": 35, "Ruta": 38 }, "geometry": { "type": "Point", "coordinates": [ -65.0022478, -30.8568951 ] } },
{ "type": "Feature", "properties": { "Name": "147.3", "P.K.": null, "Al.Dist. Izq.": 35, "Al.Dist. Der.": 35, "Ruta": 38 }, "geometry": { "type": "Point", "coordinates": [ -65.0023, -30.8569 ] } },
{ "type": "Feature", "properties": { "Name": "147.3", "P.K.": null, "Al.Dist. Izq.": 35, "Al.Dist. Der.": 35, "Ruta": 38 }, "geometry": { "type": "Point", "coordinates": [ -65.0023652, -30.8569179 ] } },
{ "type": "Feature", "properties": { "Name": "147.4", "P.K.": null, "Al.Dist. Izq.": 35, "Al.Dist. Der.": 35, "Ruta": 38 }, "geometry": { "type": "Point", "coordinates": [ -65.0033294, -30.85711 ] } },
{ "type": "Feature", "properties": { "Name": "147.41", "P.K.": null, "Al.Dist. Izq.": 35, "Al.Dist. Der.": 35, "Ruta": 38 }, "geometry": { "type": "Point", "coordinates": [ -65.0033658, -30.8572086 ] } },
{ "type": "Feature", "properties": { "Name": "147.42", "P.K.": null, "Al.Dist. Izq.": 35, "Al.Dist. Der.": 35, "Ruta": 38 }, "geometry": { "type": "Point", "coordinates": [ -65.003553, -30.8572713 ] } },
{ "type": "Feature", "properties": { "Name": "147.5", "P.K.": null, "Al.Dist. Izq.": 35, "Al.Dist. Der.": 35, "Ruta": 38 }, "geometry": { "type": "Point", "coordinates": [ -65.0043016, -30.8575222 ] } },
{ "type": "Feature", "properties": { "Name": "147.63", "P.K.": null, "Al.Dist. Izq.": 35, "Al.Dist. Der.": 35, "Ruta": 38 }, "geometry": { "type": "Point", "coordinates": [ -65.0056, -30.858 ] } },
{ "type": "Feature", "properties": { "Name": "147.68", "P.K.": null, "Al.Dist. Izq.": 35, "Al.Dist. Der.": 35, "Ruta": 38 }, "geometry": { "type": "Point", "coordinates": [ -65.0061731, -30.8581497 ] } },
{ "type": "Feature", "properties": { "Name": "147.74", "P.K.": null, "Al.Dist. Izq.": 35, "Al.Dist. Der.": 35, "Ruta": 38 }, "geometry": { "type": "Point", "coordinates": [ -65.0067, -30.8584 ] } },
{ "type": "Feature", "properties": { "Name": "147.82", "P.K.": null, "Al.Dist. Izq.": 35, "Al.Dist. Der.": 35, "Ruta": 38 }, "geometry": { "type": "Point", "coordinates": [ -65.0074755, -30.8585993 ] } },
{ "type": "Feature", "properties": { "Name": "147.86", "P.K.": null, "Al.Dist. Izq.": 35, "Al.Dist. Der.": 35, "Ruta": 38 }, "geometry": { "type": "Point", "coordinates": [ -65.008, -30.8587 ] } },
{ "type": "Feature", "properties": { "Name": "147.98", "P.K.": null, "Al.Dist. Izq.": 35, "Al.Dist. Der.": 35, "Ruta": 38 }, "geometry": { "type": "Point", "coordinates": [ -65.0092, -30.8587 ] } },
{ "type": "Feature", "properties": { "Name": "148", "P.K.": "PK148", "Al.Dist. Izq.": 35, "Al.Dist. Der.": 35, "Ruta": 38 }, "geometry": { "type": "Point", "coordinates": [ -65.0093942, -30.8586787 ] } },
{ "type": "Feature", "properties": { "Name": "148.13", "P.K.": null, "Al.Dist. Izq.": 35, "Al.Dist. Der.": 35, "Ruta": 38 }, "geometry": { "type": "Point", "coordinates": [ -65.0107, -30.8585 ] } },
{ "type": "Feature", "properties": { "Name": "148.2", "P.K.": null, "Al.Dist. Izq.": 35, "Al.Dist. Der.": 35, "Ruta": 38 }, "geometry": { "type": "Point", "coordinates": [ -65.0113201, -30.8583852 ] } },
{ "type": "Feature", "properties": { "Name": "148.56", "P.K.": null, "Al.Dist. Izq.": 35, "Al.Dist. Der.": 35, "Ruta": 38 }, "geometry": { "type": "Point", "coordinates": [ -65.0143657, -30.8567931 ] } },
{ "type": "Feature", "properties": { "Name": "148.78", "P.K.": null, "Al.Dist. Izq.": 35, "Al.Dist. Der.": 35, "Ruta": 38 }, "geometry": { "type": "Point", "coordinates": [ -65.0160683, -30.855566 ] } },
{ "type": "Feature", "properties": { "Name": "148.88", "P.K.": null, "Al.Dist. Izq.": 35, "Al.Dist. Der.": 35, "Ruta": 38 }, "geometry": { "type": "Point", "coordinates": [ -65.0169333, -30.8550767 ] } },
{ "type": "Feature", "properties": { "Name": "148.94", "P.K.": null, "Al.Dist. Izq.": 35, "Al.Dist. Der.": 35, "Ruta": 38 }, "geometry": { "type": "Point", "coordinates": [ -65.0172523, -30.8547215 ] } },
{ "type": "Feature", "properties": { "Name": "149", "P.K.": "PK149", "Al.Dist. Izq.": 35, "Al.Dist. Der.": 35, "Ruta": 38 }, "geometry": { "type": "Point", "coordinates": [ -65.0175979, -30.8543814 ] } },
{ "type": "Feature", "properties": { "Name": "149.07", "P.K.": null, "Al.Dist. Izq.": 35, "Al.Dist. Der.": 35, "Ruta": 38 }, "geometry": { "type": "Point", "coordinates": [ -65.0182314, -30.8539314 ] } },
{ "type": "Feature", "properties": { "Name": "149.11", "P.K.": null, "Al.Dist. Izq.": 35, "Al.Dist. Der.": 35, "Ruta": 38 }, "geometry": { "type": "Point", "coordinates": [ -65.0186449, -30.8536989 ] } },
{ "type": "Feature", "properties": { "Name": "149.24", "P.K.": null, "Al.Dist. Izq.": 35, "Al.Dist. Der.": 35, "Ruta": 38 }, "geometry": { "type": "Point", "coordinates": [ -65.0197952, -30.8530602 ] } },
{ "type": "Feature", "properties": { "Name": "149.53", "P.K.": null, "Al.Dist. Izq.": 35, "Al.Dist. Der.": 15, "Ruta": 38 }, "geometry": { "type": "Point", "coordinates": [ -65.0224066, -30.8516441 ] } },
{ "type": "Feature", "properties": { "Name": "150", "P.K.": "PK150", "Al.Dist. Izq.": 35, "Al.Dist. Der.": 15, "Ruta": 38 }, "geometry": { "type": "Point", "coordinates": [ -65.0267401, -30.8496966 ] } },
{ "type": "Feature", "properties": { "Name": "150.52", "P.K.": null, "Al.Dist. Izq.": 35, "Al.Dist. Der.": 15, "Ruta": 38 }, "geometry": { "type": "Point", "coordinates": [ -65.0313183, -30.8473414 ] } },
{ "type": "Feature", "properties": { "Name": "150.98", "P.K.": null, "Al.Dist. Izq.": 35, "Al.Dist. Der.": 15, "Ruta": 38 }, "geometry": { "type": "Point", "coordinates": [ -65.0353, -30.8451 ] } },
{ "type": "Feature", "properties": { "Name": "151", "P.K.": "PK151", "Al.Dist. Izq.": 35, "Al.Dist. Der.": 15, "Ruta": 38 }, "geometry": { "type": "Point", "coordinates": [ -65.0355059, -30.8452839 ] } },
{ "type": "Feature", "properties": { "Name": "151.53", "P.K.": null, "Al.Dist. Izq.": 35, "Al.Dist. Der.": 15, "Ruta": 38 }, "geometry": { "type": "Point", "coordinates": [ -65.0405, -30.8432 ] } },
{ "type": "Feature", "properties": { "Name": "152", "P.K.": "PK152", "Al.Dist. Izq.": 35, "Al.Dist. Der.": 15, "Ruta": 38 }, "geometry": { "type": "Point", "coordinates": [ -65.0447112, -30.841158 ] } },
{ "type": "Feature", "properties": { "Name": "153", "P.K.": "PK153", "Al.Dist. Izq.": 35, "Al.Dist. Der.": 15, "Ruta": 38 }, "geometry": { "type": "Point", "coordinates": [ -65.0536738, -30.8366323 ] } },
{ "type": "Feature", "properties": { "Name": "153.08", "P.K.": null, "Al.Dist. Izq.": 35, "Al.Dist. Der.": 15, "Ruta": 38 }, "geometry": { "type": "Point", "coordinates": [ -65.0548309, -30.8362523 ] } },
{ "type": "Feature", "properties": { "Name": "153.18", "P.K.": null, "Al.Dist. Izq.": 35, "Al.Dist. Der.": 15, "Ruta": 38 }, "geometry": { "type": "Point", "coordinates": [ -65.056, -30.8358 ] } },
{ "type": "Feature", "properties": { "Name": "153.35", "P.K.": null, "Al.Dist. Izq.": 35, "Al.Dist. Der.": 15, "Ruta": 38 }, "geometry": { "type": "Point", "coordinates": [ -65.0580264, -30.8348314 ] } },
{ "type": "Feature", "properties": { "Name": "154", "P.K.": "PK154", "Al.Dist. Izq.": 35, "Al.Dist. Der.": 15, "Ruta": 38 }, "geometry": { "type": "Point", "coordinates": [ -65.0656777, -30.8312284 ] } },
{ "type": "Feature", "properties": { "Name": "155", "P.K.": "PK155", "Al.Dist. Izq.": 35, "Al.Dist. Der.": 15, "Ruta": 38 }, "geometry": { "type": "Point", "coordinates": [ -65.074868, -30.8265198 ] } },
{ "type": "Feature", "properties": { "Name": "155.07", "P.K.": null, "Al.Dist. Izq.": 35, "Al.Dist. Der.": 15, "Ruta": 38 }, "geometry": { "type": "Point", "coordinates": [ -65.0754302, -30.8262503 ] } },
{ "type": "Feature", "properties": { "Name": "155.34", "P.K.": null, "Al.Dist. Izq.": 35, "Al.Dist. Der.": 15, "Ruta": 38 }, "geometry": { "type": "Point", "coordinates": [ -65.0773, -30.8256 ] } },
{ "type": "Feature", "properties": { "Name": "155.89", "P.K.": null, "Al.Dist. Izq.": 35, "Al.Dist. Der.": 15, "Ruta": 38 }, "geometry": { "type": "Point", "coordinates": [ -65.0807118, -30.8239219 ] } },
{ "type": "Feature", "properties": { "Name": "156", "P.K.": "PK156", "Al.Dist. Izq.": 35, "Al.Dist. Der.": 15, "Ruta": 38 }, "geometry": { "type": "Point", "coordinates": [ -65.0814156, -30.8237244 ] } },
{ "type": "Feature", "properties": { "Name": "156.74", "P.K.": null, "Al.Dist. Izq.": 35, "Al.Dist. Der.": 15, "Ruta": 38 }, "geometry": { "type": "Point", "coordinates": [ -65.0905, -30.8193 ] } },
{ "type": "Feature", "properties": { "Name": "156.92", "P.K.": null, "Al.Dist. Izq.": 35, "Al.Dist. Der.": 15, "Ruta": 38 }, "geometry": { "type": "Point", "coordinates": [ -65.0925002, -30.8183103 ] } },
{ "type": "Feature", "properties": { "Name": "157", "P.K.": "PK157", "Al.Dist. Izq.": 35, "Al.Dist. Der.": 15, "Ruta": 38 }, "geometry": { "type": "Point", "coordinates": [ -65.0931603, -30.8175737 ] } },
{ "type": "Feature", "properties": { "Name": "158", "P.K.": "PK158", "Al.Dist. Izq.": 35, "Al.Dist. Der.": 15, "Ruta": 38 }, "geometry": { "type": "Point", "coordinates": [ -65.0979051, -30.8162648 ] } },
{ "type": "Feature", "properties": { "Name": "158.11", "P.K.": null, "Al.Dist. Izq.": 35, "Al.Dist. Der.": 15, "Ruta": 38 }, "geometry": { "type": "Point", "coordinates": [ -65.098854, -30.8155072 ] } },
{ "type": "Feature", "properties": { "Name": "158.12", "P.K.": null, "Al.Dist. Izq.": 35, "Al.Dist. Der.": 15, "Ruta": 38 }, "geometry": { "type": "Point", "coordinates": [ -65.0988323, -30.8153485 ] } },
{ "type": "Feature", "properties": { "Name": "158.3", "P.K.": null, "Al.Dist. Izq.": 35, "Al.Dist. Der.": 15, "Ruta": 38 }, "geometry": { "type": "Point", "coordinates": [ -65.1003802, -30.8145927 ] } },
{ "type": "Feature", "properties": { "Name": "158.4", "P.K.": null, "Al.Dist. Izq.": 35, "Al.Dist. Der.": 15, "Ruta": 38 }, "geometry": { "type": "Point", "coordinates": [ -65.1013, -30.8143 ] } },
{ "type": "Feature", "properties": { "Name": "158.41", "P.K.": null, "Al.Dist. Izq.": 35, "Al.Dist. Der.": 15, "Ruta": 38 }, "geometry": { "type": "Point", "coordinates": [ -65.1014342, -30.8142204 ] } },
{ "type": "Feature", "properties": { "Name": "158.42", "P.K.": null, "Al.Dist. Izq.": 35, "Al.Dist. Der.": 15, "Ruta": 38 }, "geometry": { "type": "Point", "coordinates": [ -65.1015, -30.814 ] } },
{ "type": "Feature", "properties": { "Name": "158.43", "P.K.": null, "Al.Dist. Izq.": 35, "Al.Dist. Der.": 15, "Ruta": 38 }, "geometry": { "type": "Point", "coordinates": [ -65.1016391, -30.8141196 ] } },
{ "type": "Feature", "properties": { "Name": "158.56", "P.K.": null, "Al.Dist. Izq.": 35, "Al.Dist. Der.": 15, "Ruta": 38 }, "geometry": { "type": "Point", "coordinates": [ -65.1028002, -30.8135696 ] } },
{ "type": "Feature", "properties": { "Name": "158.61", "P.K.": null, "Al.Dist. Izq.": 35, "Al.Dist. Der.": 15, "Ruta": 38 }, "geometry": { "type": "Point", "coordinates": [ -65.1033135, -30.8133142 ] } },
{ "type": "Feature", "properties": { "Name": "158.71", "P.K.": null, "Al.Dist. Izq.": 35, "Al.Dist. Der.": 15, "Ruta": 38 }, "geometry": { "type": "Point", "coordinates": [ -65.1042325, -30.8128872 ] } },
{ "type": "Feature", "properties": { "Name": "159", "P.K.": "PK159", "Al.Dist. Izq.": 35, "Al.Dist. Der.": 15, "Ruta": 38 }, "geometry": { "type": "Point", "coordinates": [ -65.1065851, -30.8116809 ] } },
{ "type": "Feature", "properties": { "Name": "160", "P.K.": "PK160", "Al.Dist. Izq.": 35, "Al.Dist. Der.": 15, "Ruta": 38 }, "geometry": { "type": "Point", "coordinates": [ -65.1162555, -30.8071859 ] } },
{ "type": "Feature", "properties": { "Name": "161", "P.K.": "PK161", "Al.Dist. Izq.": 35, "Al.Dist. Der.": 15, "Ruta": 38 }, "geometry": { "type": "Point", "coordinates": [ -65.1244842, -30.8028585 ] } },
{ "type": "Feature", "properties": { "Name": "162", "P.K.": "PK162", "Al.Dist. Izq.": 35, "Al.Dist. Der.": 15, "Ruta": 38 }, "geometry": { "type": "Point", "coordinates": [ -65.134131, -30.7987276 ] } },
{ "type": "Feature", "properties": { "Name": "162.5", "P.K.": null, "Al.Dist. Izq.": 35, "Al.Dist. Der.": 15, "Ruta": 38 }, "geometry": { "type": "Point", "coordinates": [ -65.1381, -30.7967 ] } },
{ "type": "Feature", "properties": { "Name": "163", "P.K.": "PK163", "Al.Dist. Izq.": 35, "Al.Dist. Der.": 15, "Ruta": 38 }, "geometry": { "type": "Point", "coordinates": [ -65.1418082, -30.7947337 ] } },
{ "type": "Feature", "properties": { "Name": "163.95", "P.K.": null, "Al.Dist. Izq.": 35, "Al.Dist. Der.": 15, "Ruta": 38 }, "geometry": { "type": "Point", "coordinates": [ -65.1516845, -30.7902704 ] } },
{ "type": "Feature", "properties": { "Name": "163.96", "P.K.": null, "Al.Dist. Izq.": 35, "Al.Dist. Der.": 15, "Ruta": 38 }, "geometry": { "type": "Point", "coordinates": [ -65.1518, -30.7901 ] } },
{ "type": "Feature", "properties": { "Name": "163.96", "P.K.": null, "Al.Dist. Izq.": 35, "Al.Dist. Der.": 15, "Ruta": 38 }, "geometry": { "type": "Point", "coordinates": [ -65.152, -30.7903 ] } },
{ "type": "Feature", "properties": { "Name": "164", "P.K.": "PK164", "Al.Dist. Izq.": 35, "Al.Dist. Der.": 15, "Ruta": 38 }, "geometry": { "type": "Point", "coordinates": [ -65.1521696, -30.7901462 ] } },
{ "type": "Feature", "properties": { "Name": "164.84", "P.K.": null, "Al.Dist. Izq.": 35, "Al.Dist. Der.": 15, "Ruta": 38 }, "geometry": { "type": "Point", "coordinates": [ -65.1599764, -30.7863347 ] } },
{ "type": "Feature", "properties": { "Name": "165", "P.K.": "PK165", "Al.Dist. Izq.": 35, "Al.Dist. Der.": 15, "Ruta": 38 }, "geometry": { "type": "Point", "coordinates": [ -65.1612733, -30.7855525 ] } },
{ "type": "Feature", "properties": { "Name": "165.03", "P.K.": null, "Al.Dist. Izq.": 35, "Al.Dist. Der.": 15, "Ruta": 38 }, "geometry": { "type": "Point", "coordinates": [ -65.1617564, -30.7854816 ] } },
{ "type": "Feature", "properties": { "Name": "165.42", "P.K.": null, "Al.Dist. Izq.": 35, "Al.Dist. Der.": 15, "Ruta": 38 }, "geometry": { "type": "Point", "coordinates": [ -65.1648953, -30.7836477 ] } },
{ "type": "Feature", "properties": { "Name": "165.54", "P.K.": null, "Al.Dist. Izq.": 35, "Al.Dist. Der.": 15, "Ruta": 38 }, "geometry": { "type": "Point", "coordinates": [ -65.1656789, -30.782917 ] } },
{ "type": "Feature", "properties": { "Name": "165.65", "P.K.": null, "Al.Dist. Izq.": 35, "Al.Dist. Der.": 15, "Ruta": 38 }, "geometry": { "type": "Point", "coordinates": [ -65.1663188, -30.7822721 ] } },
{ "type": "Feature", "properties": { "Name": "166", "P.K.": "PK166", "Al.Dist. Izq.": 35, "Al.Dist. Der.": 15, "Ruta": 38 }, "geometry": { "type": "Point", "coordinates": [ -65.1684707, -30.7801803 ] } },
{ "type": "Feature", "properties": { "Name": "167", "P.K.": "PK167", "Al.Dist. Izq.": 35, "Al.Dist. Der.": 15, "Ruta": 38 }, "geometry": { "type": "Point", "coordinates": [ -65.1750455, -30.773126 ] } },
{ "type": "Feature", "properties": { "Name": "167.43", "P.K.": null, "Al.Dist. Izq.": 35, "Al.Dist. Der.": 15, "Ruta": 38 }, "geometry": { "type": "Point", "coordinates": [ -65.1778614, -30.7702558 ] } },
{ "type": "Feature", "properties": { "Name": "167.6", "P.K.": null, "Al.Dist. Izq.": 35, "Al.Dist. Der.": 15, "Ruta": 38 }, "geometry": { "type": "Point", "coordinates": [ -65.178849, -30.7692516 ] } },
{ "type": "Feature", "properties": { "Name": "167.65", "P.K.": null, "Al.Dist. Izq.": 35, "Al.Dist. Der.": 15, "Ruta": 38 }, "geometry": { "type": "Point", "coordinates": [ -65.1793, -30.7689 ] } },
{ "type": "Feature", "properties": { "Name": "167.67", "P.K.": null, "Al.Dist. Izq.": 35, "Al.Dist. Der.": 15, "Ruta": 38 }, "geometry": { "type": "Point", "coordinates": [ -65.179388, -30.7687285 ] } },
{ "type": "Feature", "properties": { "Name": "167.72", "P.K.": null, "Al.Dist. Izq.": 35, "Al.Dist. Der.": 15, "Ruta": 38 }, "geometry": { "type": "Point", "coordinates": [ -65.1797165, -30.7684851 ] } },
{ "type": "Feature", "properties": { "Name": "167.77", "P.K.": null, "Al.Dist. Izq.": 35, "Al.Dist. Der.": 15, "Ruta": 38 }, "geometry": { "type": "Point", "coordinates": [ -65.1800039, -30.7681873 ] } },
{ "type": "Feature", "properties": { "Name": "167.82", "P.K.": null, "Al.Dist. Izq.": 35, "Al.Dist. Der.": 15, "Ruta": 38 }, "geometry": { "type": "Point", "coordinates": [ -65.1804, -30.768 ] } },
{ "type": "Feature", "properties": { "Name": "167.88", "P.K.": null, "Al.Dist. Izq.": 35, "Al.Dist. Der.": 15, "Ruta": 38 }, "geometry": { "type": "Point", "coordinates": [ -65.1807894, -30.7675913 ] } },
{ "type": "Feature", "properties": { "Name": "167.88", "P.K.": null, "Al.Dist. Izq.": 12, "Al.Dist. Der.": 12, "Ruta": 38 }, "geometry": { "type": "Point", "coordinates": [ -65.1807894, -30.7675913 ] } },
{ "type": "Feature", "properties": { "Name": "168", "P.K.": "PK168", "Al.Dist. Izq.": 12, "Al.Dist. Der.": 12, "Ruta": 38 }, "geometry": { "type": "Point", "coordinates": [ -65.181587, -30.76714 ] } },
{ "type": "Feature", "properties": { "Name": "168.33", "P.K.": null, "Al.Dist. Izq.": 12, "Al.Dist. Der.": 12, "Ruta": 38 }, "geometry": { "type": "Point", "coordinates": [ -65.1847024, -30.7659868 ] } },
{ "type": "Feature", "properties": { "Name": "168.33", "P.K.": null, "Al.Dist. Izq.": null, "Al.Dist. Der.": null, "Ruta": 38 }, "geometry": { "type": "Point", "coordinates": [ -65.1847024, -30.7659868 ] } },
{ "type": "Feature", "properties": { "Name": "168.39", "P.K.": null, "Al.Dist. Izq.": null, "Al.Dist. Der.": null, "Ruta": 38 }, "geometry": { "type": "Point", "coordinates": [ -65.1853076, -30.7660018 ] } },
{ "type": "Feature", "properties": { "Name": "168.39", "P.K.": null, "Al.Dist. Izq.": null, "Al.Dist. Der.": null, "Ruta": 38 }, "geometry": { "type": "Point", "coordinates": [ -65.1853076, -30.7660018 ] } },
{ "type": "Feature", "properties": { "Name": "168.42", "P.K.": null, "Al.Dist. Izq.": null, "Al.Dist. Der.": null, "Ruta": 38 }, "geometry": { "type": "Point", "coordinates": [ -65.1856033, -30.7660796 ] } },
{ "type": "Feature", "properties": { "Name": "168.53", "P.K.": null, "Al.Dist. Izq.": null, "Al.Dist. Der.": null, "Ruta": 38 }, "geometry": { "type": "Point", "coordinates": [ -65.1866916, -30.7661294 ] } },
{ "type": "Feature", "properties": { "Name": "168.57", "P.K.": null, "Al.Dist. Izq.": null, "Al.Dist. Der.": null, "Ruta": 38 }, "geometry": { "type": "Point", "coordinates": [ -65.1869233, -30.7660012 ] } },
{ "type": "Feature", "properties": { "Name": "168.66", "P.K.": null, "Al.Dist. Izq.": null, "Al.Dist. Der.": null, "Ruta": 38 }, "geometry": { "type": "Point", "coordinates": [ -65.1878735, -30.7661461 ] } },
{ "type": "Feature", "properties": { "Name": "168.7", "P.K.": null, "Al.Dist. Izq.": null, "Al.Dist. Der.": null, "Ruta": 38 }, "geometry": { "type": "Point", "coordinates": [ -65.1882609, -30.7660134 ] } },
{ "type": "Feature", "properties": { "Name": "168.76", "P.K.": null, "Al.Dist. Izq.": null, "Al.Dist. Der.": null, "Ruta": 38 }, "geometry": { "type": "Point", "coordinates": [ -65.1889, -30.7661 ] } },
{ "type": "Feature", "properties": { "Name": "168.85", "P.K.": null, "Al.Dist. Izq.": null, "Al.Dist. Der.": null, "Ruta": 38 }, "geometry": { "type": "Point", "coordinates": [ -65.1897, -30.766 ] } },
{ "type": "Feature", "properties": { "Name": "168.86", "P.K.": null, "Al.Dist. Izq.": null, "Al.Dist. Der.": null, "Ruta": 38 }, "geometry": { "type": "Point", "coordinates": [ -65.1897446, -30.7661441 ] } },
{ "type": "Feature", "properties": { "Name": "168.93", "P.K.": null, "Al.Dist. Izq.": null, "Al.Dist. Der.": null, "Ruta": 38 }, "geometry": { "type": "Point", "coordinates": [ -65.1905144, -30.7660859 ] } },
{ "type": "Feature", "properties": { "Name": "168.96", "P.K.": null, "Al.Dist. Izq.": null, "Al.Dist. Der.": null, "Ruta": 38 }, "geometry": { "type": "Point", "coordinates": [ -65.1907512, -30.7659869 ] } },
{ "type": "Feature", "properties": { "Name": "169", "P.K.": "PK169", "Al.Dist. Izq.": null, "Al.Dist. Der.": null, "Ruta": 38 }, "geometry": { "type": "Point", "coordinates": [ -65.1909771, -30.7659793 ] } },
{ "type": "Feature", "properties": { "Name": "169.01", "P.K.": null, "Al.Dist. Izq.": null, "Al.Dist. Der.": null, "Ruta": 38 }, "geometry": { "type": "Point", "coordinates": [ -65.1913, -30.766 ] } },
{ "type": "Feature", "properties": { "Name": "169.07", "P.K.": null, "Al.Dist. Izq.": null, "Al.Dist. Der.": null, "Ruta": 38 }, "geometry": { "type": "Point", "coordinates": [ -65.1919125, -30.7659994 ] } },
{ "type": "Feature", "properties": { "Name": "169.1", "P.K.": null, "Al.Dist. Izq.": null, "Al.Dist. Der.": null, "Ruta": 38 }, "geometry": { "type": "Point", "coordinates": [ -65.1922418, -30.7660525 ] } },
{ "type": "Feature", "properties": { "Name": "169.17", "P.K.": null, "Al.Dist. Izq.": null, "Al.Dist. Der.": null, "Ruta": 38 }, "geometry": { "type": "Point", "coordinates": [ -65.1929669, -30.7658648 ] } },
{ "type": "Feature", "properties": { "Name": "169.2", "P.K.": null, "Al.Dist. Izq.": null, "Al.Dist. Der.": null, "Ruta": 38 }, "geometry": { "type": "Point", "coordinates": [ -65.1933, -30.766 ] } },
{ "type": "Feature", "properties": { "Name": "169.37", "P.K.": null, "Al.Dist. Izq.": null, "Al.Dist. Der.": null, "Ruta": 38 }, "geometry": { "type": "Point", "coordinates": [ -65.1950625, -30.7657399 ] } },
{ "type": "Feature", "properties": { "Name": "169.53", "P.K.": null, "Al.Dist. Izq.": null, "Al.Dist. Der.": null, "Ruta": 38 }, "geometry": { "type": "Point", "coordinates": [ -65.1968076, -30.7655754 ] } },
{ "type": "Feature", "properties": { "Name": "169.74", "P.K.": null, "Al.Dist. Izq.": 10, "Al.Dist. Der.": 10, "Ruta": 38 }, "geometry": { "type": "Point", "coordinates": [ -65.1990775, -30.765592 ] } },
{ "type": "Feature", "properties": { "Name": "169.94", "P.K.": null, "Al.Dist. Izq.": 10, "Al.Dist. Der.": 10, "Ruta": 38 }, "geometry": { "type": "Point", "coordinates": [ -65.2012487, -30.7655899 ] } },
{ "type": "Feature", "properties": { "Name": "170", "P.K.": "PK170", "Al.Dist. Izq.": 10, "Al.Dist. Der.": 10, "Ruta": 38 }, "geometry": { "type": "Point", "coordinates": [ -65.2016969, -30.7656808 ] } },
{ "type": "Feature", "properties": { "Name": "170.17", "P.K.": null, "Al.Dist. Izq.": 10, "Al.Dist. Der.": 10, "Ruta": 38 }, "geometry": { "type": "Point", "coordinates": [ -65.203617, -30.7655535 ] } },
{ "type": "Feature", "properties": { "Name": "170.27", "P.K.": null, "Al.Dist. Izq.": 10, "Al.Dist. Der.": 10, "Ruta": 38 }, "geometry": { "type": "Point", "coordinates": [ -65.2048, -30.7655 ] } },
{ "type": "Feature", "properties": { "Name": "170.53", "P.K.": null, "Al.Dist. Izq.": 10, "Al.Dist. Der.": 10, "Ruta": 38 }, "geometry": { "type": "Point", "coordinates": [ -65.2073403, -30.7646618 ] } },
{ "type": "Feature", "properties": { "Name": "170.65", "P.K.": null, "Al.Dist. Izq.": 10, "Al.Dist. Der.": 10, "Ruta": 38 }, "geometry": { "type": "Point", "coordinates": [ -65.2084346, -30.7641594 ] } },
{ "type": "Feature", "properties": { "Name": "170.67", "P.K.": null, "Al.Dist. Izq.": 10, "Al.Dist. Der.": 10, "Ruta": 38 }, "geometry": { "type": "Point", "coordinates": [ -65.2087126, -30.7642159 ] } },
{ "type": "Feature", "properties": { "Name": "170.85", "P.K.": null, "Al.Dist. Izq.": 10, "Al.Dist. Der.": 10, "Ruta": 38 }, "geometry": { "type": "Point", "coordinates": [ -65.2104568, -30.763419 ] } },
{ "type": "Feature", "properties": { "Name": "170.85", "P.K.": null, "Al.Dist. Izq.": 10, "Al.Dist. Der.": 10, "Ruta": 38 }, "geometry": { "type": "Point", "coordinates": [ -65.2104568, -30.763419 ] } },
{ "type": "Feature", "properties": { "Name": "170.89", "P.K.": null, "Al.Dist. Izq.": 10, "Al.Dist. Der.": 10, "Ruta": 38 }, "geometry": { "type": "Point", "coordinates": [ -65.2109019, -30.7633156 ] } },
{ "type": "Feature", "properties": { "Name": "171", "P.K.": "PK171", "Al.Dist. Izq.": 10, "Al.Dist. Der.": 10, "Ruta": 38 }, "geometry": { "type": "Point", "coordinates": [ -65.2116308, -30.7628362 ] } },
{ "type": "Feature", "properties": { "Name": "171.02", "P.K.": null, "Al.Dist. Izq.": 10, "Al.Dist. Der.": 10, "Ruta": 38 }, "geometry": { "type": "Point", "coordinates": [ -65.2119523, -30.7626549 ] } },
{ "type": "Feature", "properties": { "Name": "171.16", "P.K.": null, "Al.Dist. Izq.": 10, "Al.Dist. Der.": 10, "Ruta": 38 }, "geometry": { "type": "Point", "coordinates": [ -65.2135181, -30.7621985 ] } },
{ "type": "Feature", "properties": { "Name": "171.4", "P.K.": null, "Al.Dist. Izq.": 10, "Al.Dist. Der.": 10, "Ruta": 38 }, "geometry": { "type": "Point", "coordinates": [ -65.2157036, -30.7609579 ] } },
{ "type": "Feature", "properties": { "Name": "171.48", "P.K.": null, "Al.Dist. Izq.": 10, "Al.Dist. Der.": 10, "Ruta": 38 }, "geometry": { "type": "Point", "coordinates": [ -65.216382, -30.7605717 ] } },
{ "type": "Feature", "properties": { "Name": "171.7", "P.K.": null, "Al.Dist. Izq.": 10, "Al.Dist. Der.": 10, "Ruta": 38 }, "geometry": { "type": "Point", "coordinates": [ -65.2180906, -30.7591804 ] } },
{ "type": "Feature", "properties": { "Name": "171.74", "P.K.": null, "Al.Dist. Izq.": 10, "Al.Dist. Der.": 10, "Ruta": 38 }, "geometry": { "type": "Point", "coordinates": [ -65.2184852, -30.758886 ] } },
{ "type": "Feature", "properties": { "Name": "172", "P.K.": "PK172", "Al.Dist. Izq.": 10, "Al.Dist. Der.": 10, "Ruta": 38 }, "geometry": { "type": "Point", "coordinates": [ -65.2205522, -30.7574877 ] } },
{ "type": "Feature", "properties": { "Name": "173", "P.K.": "PK173", "Al.Dist. Izq.": 10, "Al.Dist. Der.": 10, "Ruta": 38 }, "geometry": { "type": "Point", "coordinates": [ -65.2267652, -30.7525487 ] } },
{ "type": "Feature", "properties": { "Name": "173.34", "P.K.": null, "Al.Dist. Izq.": 10, "Al.Dist. Der.": 10, "Ruta": 38 }, "geometry": { "type": "Point", "coordinates": [ -65.2304251, -30.7498919 ] } },
{ "type": "Feature", "properties": { "Name": "173.36", "P.K.": null, "Al.Dist. Izq.": 10, "Al.Dist. Der.": 10, "Ruta": 38 }, "geometry": { "type": "Point", "coordinates": [ -65.2304942, -30.7497886 ] } },
{ "type": "Feature", "properties": { "Name": "173.49", "P.K.": null, "Al.Dist. Izq.": 10, "Al.Dist. Der.": 10, "Ruta": 38 }, "geometry": { "type": "Point", "coordinates": [ -65.2318914, -30.7487776 ] } },
{ "type": "Feature", "properties": { "Name": "173.56", "P.K.": null, "Al.Dist. Izq.": 10, "Al.Dist. Der.": 10, "Ruta": 38 }, "geometry": { "type": "Point", "coordinates": [ -65.2326278, -30.7482523 ] } },
{ "type": "Feature", "properties": { "Name": "173.57", "P.K.": null, "Al.Dist. Izq.": 10, "Al.Dist. Der.": 10, "Ruta": 38 }, "geometry": { "type": "Point", "coordinates": [ -65.2328, -30.7483 ] } },
{ "type": "Feature", "properties": { "Name": "173.62", "P.K.": null, "Al.Dist. Izq.": 10, "Al.Dist. Der.": 10, "Ruta": 38 }, "geometry": { "type": "Point", "coordinates": [ -65.2332756, -30.7480526 ] } },
{ "type": "Feature", "properties": { "Name": "173.69", "P.K.": null, "Al.Dist. Izq.": 10, "Al.Dist. Der.": 10, "Ruta": 38 }, "geometry": { "type": "Point", "coordinates": [ -65.2342, -30.7477 ] } },
{ "type": "Feature", "properties": { "Name": "173.71", "P.K.": null, "Al.Dist. Izq.": 10, "Al.Dist. Der.": 10, "Ruta": 38 }, "geometry": { "type": "Point", "coordinates": [ -65.2344, -30.7476 ] } },
{ "type": "Feature", "properties": { "Name": "173.83", "P.K.": null, "Al.Dist. Izq.": 10, "Al.Dist. Der.": 10, "Ruta": 38 }, "geometry": { "type": "Point", "coordinates": [ -65.2357, -30.7467 ] } },
{ "type": "Feature", "properties": { "Name": "173.92", "P.K.": null, "Al.Dist. Izq.": 10, "Al.Dist. Der.": 10, "Ruta": 38 }, "geometry": { "type": "Point", "coordinates": [ -65.2366, -30.746 ] } },
{ "type": "Feature", "properties": { "Name": "173.94", "P.K.": null, "Al.Dist. Izq.": 10, "Al.Dist. Der.": 10, "Ruta": 38 }, "geometry": { "type": "Point", "coordinates": [ -65.2366884, -30.7457178 ] } },
{ "type": "Feature", "properties": { "Name": "173.98", "P.K.": null, "Al.Dist. Izq.": 10, "Al.Dist. Der.": 10, "Ruta": 38 }, "geometry": { "type": "Point", "coordinates": [ -65.2369264, -30.7454757 ] } },
{ "type": "Feature", "properties": { "Name": "173.98", "P.K.": null, "Al.Dist. Izq.": 10, "Al.Dist. Der.": 10, "Ruta": 38 }, "geometry": { "type": "Point", "coordinates": [ -65.2370394, -30.7455564 ] } },
{ "type": "Feature", "properties": { "Name": "174", "P.K.": "PK174", "Al.Dist. Izq.": 10, "Al.Dist. Der.": 10, "Ruta": 38 }, "geometry": { "type": "Point", "coordinates": [ -65.2371081, -30.7454953 ] } },
{ "type": "Feature", "properties": { "Name": "174.01", "P.K.": null, "Al.Dist. Izq.": 10, "Al.Dist. Der.": 10, "Ruta": 38 }, "geometry": { "type": "Point", "coordinates": [ -65.2373, -30.7453 ] } },
{ "type": "Feature", "properties": { "Name": "174.04", "P.K.": null, "Al.Dist. Izq.": 10, "Al.Dist. Der.": 10, "Ruta": 38 }, "geometry": { "type": "Point", "coordinates": [ -65.2375191, -30.7451077 ] } },
{ "type": "Feature", "properties": { "Name": "174.08", "P.K.": null, "Al.Dist. Izq.": 10, "Al.Dist. Der.": 10, "Ruta": 38 }, "geometry": { "type": "Point", "coordinates": [ -65.2378588, -30.7449104 ] } },
{ "type": "Feature", "properties": { "Name": "174.11", "P.K.": null, "Al.Dist. Izq.": 10, "Al.Dist. Der.": 10, "Ruta": 38 }, "geometry": { "type": "Point", "coordinates": [ -65.2380653, -30.7447262 ] } },
{ "type": "Feature", "properties": { "Name": "174.16", "P.K.": null, "Al.Dist. Izq.": 10, "Al.Dist. Der.": 10, "Ruta": 38 }, "geometry": { "type": "Point", "coordinates": [ -65.2384297, -30.7443297 ] } },
{ "type": "Feature", "properties": { "Name": "174.16", "P.K.": null, "Al.Dist. Izq.": 35, "Al.Dist. Der.": 10, "Ruta": 38 }, "geometry": { "type": "Point", "coordinates": [ -65.2384297, -30.7443297 ] } },
{ "type": "Feature", "properties": { "Name": "174.17", "P.K.": null, "Al.Dist. Izq.": 35, "Al.Dist. Der.": 10, "Ruta": 38 }, "geometry": { "type": "Point", "coordinates": [ -65.2384902, -30.7442549 ] } },
{ "type": "Feature", "properties": { "Name": "174.41", "P.K.": null, "Al.Dist. Izq.": 35, "Al.Dist. Der.": 10, "Ruta": 38 }, "geometry": { "type": "Point", "coordinates": [ -65.2400619, -30.742697 ] } },
{ "type": "Feature", "properties": { "Name": "174.69", "P.K.": null, "Al.Dist. Izq.": 35, "Al.Dist. Der.": 10, "Ruta": 38 }, "geometry": { "type": "Point", "coordinates": [ -65.2422097, -30.7409911 ] } },
{ "type": "Feature", "properties": { "Name": "175", "P.K.": "PK175", "Al.Dist. Izq.": 35, "Al.Dist. Der.": 10, "Ruta": 38 }, "geometry": { "type": "Point", "coordinates": [ -65.2444436, -30.7391944 ] } },
{ "type": "Feature", "properties": { "Name": "175.25", "P.K.": null, "Al.Dist. Izq.": 35, "Al.Dist. Der.": 10, "Ruta": 38 }, "geometry": { "type": "Point", "coordinates": [ -65.2465, -30.7377 ] } },
{ "type": "Feature", "properties": { "Name": "176", "P.K.": "PK176", "Al.Dist. Izq.": 35, "Al.Dist. Der.": 10, "Ruta": 38 }, "geometry": { "type": "Point", "coordinates": [ -65.2519491, -30.7338467 ] } },
{ "type": "Feature", "properties": { "Name": "176.99", "P.K.": null, "Al.Dist. Izq.": 35, "Al.Dist. Der.": 10, "Ruta": 38 }, "geometry": { "type": "Point", "coordinates": [ -65.2595, -30.7279 ] } },
{ "type": "Feature", "properties": { "Name": "177", "P.K.": "PK177", "Al.Dist. Izq.": 35, "Al.Dist. Der.": 10, "Ruta": 38 }, "geometry": { "type": "Point", "coordinates": [ -65.2593171, -30.7280081 ] } },
{ "type": "Feature", "properties": { "Name": "178", "P.K.": "PK178", "Al.Dist. Izq.": 35, "Al.Dist. Der.": 10, "Ruta": 38 }, "geometry": { "type": "Point", "coordinates": [ -65.267125, -30.722441 ] } },
{ "type": "Feature", "properties": { "Name": "179", "P.K.": "PK179", "Al.Dist. Izq.": 35, "Al.Dist. Der.": 10, "Ruta": 38 }, "geometry": { "type": "Point", "coordinates": [ -65.2746785, -30.716387 ] } },
{ "type": "Feature", "properties": { "Name": "180", "P.K.": "PK180", "Al.Dist. Izq.": 35, "Al.Dist. Der.": 10, "Ruta": 38 }, "geometry": { "type": "Point", "coordinates": [ -65.2824958, -30.7111343 ] } },
{ "type": "Feature", "properties": { "Name": "180.36", "P.K.": null, "Al.Dist. Izq.": 35, "Al.Dist. Der.": 10, "Ruta": 38 }, "geometry": { "type": "Point", "coordinates": [ -65.2852759, -30.7085921 ] } },
{ "type": "Feature", "properties": { "Name": "180.36", "P.K.": null, "Al.Dist. Izq.": 25, "Al.Dist. Der.": 10, "Ruta": 38 }, "geometry": { "type": "Point", "coordinates": [ -65.2852759, -30.7085921 ] } },
{ "type": "Feature", "properties": { "Name": "180.4", "P.K.": null, "Al.Dist. Izq.": 25, "Al.Dist. Der.": 10, "Ruta": 38 }, "geometry": { "type": "Point", "coordinates": [ -65.2856034, -30.708416 ] } },
{ "type": "Feature", "properties": { "Name": "180.71", "P.K.": null, "Al.Dist. Izq.": 25, "Al.Dist. Der.": 10, "Ruta": 38 }, "geometry": { "type": "Point", "coordinates": [ -65.287938, -30.706702 ] } },
{ "type": "Feature", "properties": { "Name": "181", "P.K.": "PK181", "Al.Dist. Izq.": 25, "Al.Dist. Der.": 10, "Ruta": 38 }, "geometry": { "type": "Point", "coordinates": [ -65.2899228, -30.7049914 ] } },
{ "type": "Feature", "properties": { "Name": "181.98", "P.K.": null, "Al.Dist. Izq.": 25, "Al.Dist. Der.": 10, "Ruta": 38 }, "geometry": { "type": "Point", "coordinates": [ -65.2978044, -30.6992151 ] } },
{ "type": "Feature", "properties": { "Name": "182", "P.K.": "PK182", "Al.Dist. Izq.": 25, "Al.Dist. Der.": 10, "Ruta": 38 }, "geometry": { "type": "Point", "coordinates": [ -65.2978534, -30.6993336 ] } },
{ "type": "Feature", "properties": { "Name": "182.13", "P.K.": null, "Al.Dist. Izq.": 25, "Al.Dist. Der.": 10, "Ruta": 38 }, "geometry": { "type": "Point", "coordinates": [ -65.2988906, -30.6984015 ] } },
{ "type": "Feature", "properties": { "Name": "182.22", "P.K.": null, "Al.Dist. Izq.": 25, "Al.Dist. Der.": 10, "Ruta": 38 }, "geometry": { "type": "Point", "coordinates": [ -65.2996505, -30.6978832 ] } },
{ "type": "Feature", "properties": { "Name": "182.31", "P.K.": null, "Al.Dist. Izq.": 25, "Al.Dist. Der.": 10, "Ruta": 38 }, "geometry": { "type": "Point", "coordinates": [ -65.3003643, -30.6975314 ] } },
{ "type": "Feature", "properties": { "Name": "182.32", "P.K.": null, "Al.Dist. Izq.": 25, "Al.Dist. Der.": 10, "Ruta": 38 }, "geometry": { "type": "Point", "coordinates": [ -65.3005615, -30.6976471 ] } },
{ "type": "Feature", "properties": { "Name": "182.34", "P.K.": null, "Al.Dist. Izq.": 25, "Al.Dist. Der.": 10, "Ruta": 38 }, "geometry": { "type": "Point", "coordinates": [ -65.3004666, -30.6972737 ] } },
{ "type": "Feature", "properties": { "Name": "182.38", "P.K.": null, "Al.Dist. Izq.": 25, "Al.Dist. Der.": 10, "Ruta": 38 }, "geometry": { "type": "Point", "coordinates": [ -65.3007931, -30.6970647 ] } },
{ "type": "Feature", "properties": { "Name": "182.53", "P.K.": null, "Al.Dist. Izq.": 25, "Al.Dist. Der.": 10, "Ruta": 38 }, "geometry": { "type": "Point", "coordinates": [ -65.3020217, -30.6962871 ] } },
{ "type": "Feature", "properties": { "Name": "182.73", "P.K.": null, "Al.Dist. Izq.": 25, "Al.Dist. Der.": 10, "Ruta": 38 }, "geometry": { "type": "Point", "coordinates": [ -65.3035447, -30.6952657 ] } },
{ "type": "Feature", "properties": { "Name": "182.73", "P.K.": null, "Al.Dist. Izq.": 35, "Al.Dist. Der.": 25, "Ruta": 38 }, "geometry": { "type": "Point", "coordinates": [ -65.3035447, -30.6952657 ] } },
{ "type": "Feature", "properties": { "Name": "182.82", "P.K.": null, "Al.Dist. Izq.": 35, "Al.Dist. Der.": 25, "Ruta": 38 }, "geometry": { "type": "Point", "coordinates": [ -65.3041152, -30.6947178 ] } },
{ "type": "Feature", "properties": { "Name": "183", "P.K.": "PK183", "Al.Dist. Izq.": 35, "Al.Dist. Der.": 25, "Ruta": 38 }, "geometry": { "type": "Point", "coordinates": [ -65.3052439, -30.6938475 ] } },
{ "type": "Feature", "properties": { "Name": "183.03", "P.K.": null, "Al.Dist. Izq.": 35, "Al.Dist. Der.": 25, "Ruta": 38 }, "geometry": { "type": "Point", "coordinates": [ -65.3057271, -30.6935313 ] } },
{ "type": "Feature", "properties": { "Name": "183.36", "P.K.": null, "Al.Dist. Izq.": 35, "Al.Dist. Der.": 25, "Ruta": 38 }, "geometry": { "type": "Point", "coordinates": [ -65.3083321, -30.6917218 ] } },
{ "type": "Feature", "properties": { "Name": "183.66", "P.K.": null, "Al.Dist. Izq.": 35, "Al.Dist. Der.": 25, "Ruta": 38 }, "geometry": { "type": "Point", "coordinates": [ -65.310606, -30.6900234 ] } },
{ "type": "Feature", "properties": { "Name": "183.75", "P.K.": null, "Al.Dist. Izq.": 35, "Al.Dist. Der.": 25, "Ruta": 38 }, "geometry": { "type": "Point", "coordinates": [ -65.3112447, -30.689366 ] } },
{ "type": "Feature", "properties": { "Name": "183.92", "P.K.": null, "Al.Dist. Izq.": 35, "Al.Dist. Der.": 25, "Ruta": 38 }, "geometry": { "type": "Point", "coordinates": [ -65.3124497, -30.6883984 ] } },
{ "type": "Feature", "properties": { "Name": "184", "P.K.": "PK184", "Al.Dist. Izq.": 35, "Al.Dist. Der.": 25, "Ruta": 38 }, "geometry": { "type": "Point", "coordinates": [ -65.3130163, -30.6882003 ] } },
{ "type": "Feature", "properties": { "Name": "184.26", "P.K.": null, "Al.Dist. Izq.": 35, "Al.Dist. Der.": 25, "Ruta": 38 }, "geometry": { "type": "Point", "coordinates": [ -65.3150816, -30.6864718 ] } },
{ "type": "Feature", "properties": { "Name": "184.43", "P.K.": null, "Al.Dist. Izq.": 35, "Al.Dist. Der.": 25, "Ruta": 38 }, "geometry": { "type": "Point", "coordinates": [ -65.3164371, -30.685411 ] } },
{ "type": "Feature", "properties": { "Name": "184.54", "P.K.": null, "Al.Dist. Izq.": 35, "Al.Dist. Der.": 25, "Ruta": 38 }, "geometry": { "type": "Point", "coordinates": [ -65.3172, -30.6849 ] } },
{ "type": "Feature", "properties": { "Name": "184.57", "P.K.": null, "Al.Dist. Izq.": 35, "Al.Dist. Der.": 25, "Ruta": 38 }, "geometry": { "type": "Point", "coordinates": [ -65.3174128, -30.6847268 ] } },
{ "type": "Feature", "properties": { "Name": "184.58", "P.K.": null, "Al.Dist. Izq.": 35, "Al.Dist. Der.": 25, "Ruta": 38 }, "geometry": { "type": "Point", "coordinates": [ -65.3177242, -30.6847632 ] } },
{ "type": "Feature", "properties": { "Name": "185", "P.K.": "PK185", "Al.Dist. Izq.": 35, "Al.Dist. Der.": 25, "Ruta": 38 }, "geometry": { "type": "Point", "coordinates": [ -65.3205523, -30.6823059 ] } },
{ "type": "Feature", "properties": { "Name": "185.01", "P.K.": null, "Al.Dist. Izq.": 35, "Al.Dist. Der.": 25, "Ruta": 38 }, "geometry": { "type": "Point", "coordinates": [ -65.3208963, -30.6822301 ] } },
{ "type": "Feature", "properties": { "Name": "185.62", "P.K.": null, "Al.Dist. Izq.": 35, "Al.Dist. Der.": 25, "Ruta": 38 }, "geometry": { "type": "Point", "coordinates": [ -65.3251546, -30.6790629 ] } },
{ "type": "Feature", "properties": { "Name": "186", "P.K.": "PK186", "Al.Dist. Izq.": 35, "Al.Dist. Der.": 25, "Ruta": 38 }, "geometry": { "type": "Point", "coordinates": [ -65.3276715, -30.6771673 ] } },
{ "type": "Feature", "properties": { "Name": "186.75", "P.K.": null, "Al.Dist. Izq.": 35, "Al.Dist. Der.": 25, "Ruta": 38 }, "geometry": { "type": "Point", "coordinates": [ -65.3339, -30.6721 ] } },
{ "type": "Feature", "properties": { "Name": "186.92", "P.K.": null, "Al.Dist. Izq.": 35, "Al.Dist. Der.": 25, "Ruta": 38 }, "geometry": { "type": "Point", "coordinates": [ -65.3355123, -30.6711733 ] } },
{ "type": "Feature", "properties": { "Name": "187", "P.K.": "PK187", "Al.Dist. Izq.": 35, "Al.Dist. Der.": 25, "Ruta": 38 }, "geometry": { "type": "Point", "coordinates": [ -65.3358324, -30.6707558 ] } },
{ "type": "Feature", "properties": { "Name": "188", "P.K.": "PK188", "Al.Dist. Izq.": 35, "Al.Dist. Der.": 25, "Ruta": 38 }, "geometry": { "type": "Point", "coordinates": [ -65.343577, -30.665113 ] } },
{ "type": "Feature", "properties": { "Name": "188.05", "P.K.": null, "Al.Dist. Izq.": 35, "Al.Dist. Der.": 25, "Ruta": 38 }, "geometry": { "type": "Point", "coordinates": [ -65.3442278, -30.6646432 ] } },
{ "type": "Feature", "properties": { "Name": "188.24", "P.K.": null, "Al.Dist. Izq.": 35, "Al.Dist. Der.": 25, "Ruta": 38 }, "geometry": { "type": "Point", "coordinates": [ -65.3460457, -30.6631634 ] } },
{ "type": "Feature", "properties": { "Name": "188.24", "P.K.": null, "Al.Dist. Izq.": 35, "Al.Dist. Der.": 35, "Ruta": 38 }, "geometry": { "type": "Point", "coordinates": [ -65.3460457, -30.6631634 ] } },
{ "type": "Feature", "properties": { "Name": "189", "P.K.": "PK189", "Al.Dist. Izq.": 35, "Al.Dist. Der.": 35, "Ruta": 38 }, "geometry": { "type": "Point", "coordinates": [ -65.353111, -30.6577496 ] } },
{ "type": "Feature", "properties": { "Name": "189.01", "P.K.": null, "Al.Dist. Izq.": 35, "Al.Dist. Der.": 35, "Ruta": 38 }, "geometry": { "type": "Point", "coordinates": [ -65.3535247, -30.6576355 ] } },
{ "type": "Feature", "properties": { "Name": "189.21", "P.K.": null, "Al.Dist. Izq.": 35, "Al.Dist. Der.": 35, "Ruta": 38 }, "geometry": { "type": "Point", "coordinates": [ -65.3551068, -30.6563466 ] } },
{ "type": "Feature", "properties": { "Name": "189.64", "P.K.": null, "Al.Dist. Izq.": 35, "Al.Dist. Der.": 35, "Ruta": 38 }, "geometry": { "type": "Point", "coordinates": [ -65.358639, -30.653634 ] } },
{ "type": "Feature", "properties": { "Name": "189.64", "P.K.": null, "Al.Dist. Izq.": 10, "Al.Dist. Der.": 35, "Ruta": 38 }, "geometry": { "type": "Point", "coordinates": [ -65.358639, -30.653634 ] } },
{ "type": "Feature", "properties": { "Name": "190", "P.K.": "PK190", "Al.Dist. Izq.": 10, "Al.Dist. Der.": 35, "Ruta": 38 }, "geometry": { "type": "Point", "coordinates": [ -65.3614566, -30.6516009 ] } },
{ "type": "Feature", "properties": { "Name": "191", "P.K.": "PK191", "Al.Dist. Izq.": 10, "Al.Dist. Der.": 35, "Ruta": 38 }, "geometry": { "type": "Point", "coordinates": [ -65.3665876, -30.6475609 ] } },
{ "type": "Feature", "properties": { "Name": "191.31", "P.K.": null, "Al.Dist. Izq.": 10, "Al.Dist. Der.": 35, "Ruta": 38 }, "geometry": { "type": "Point", "coordinates": [ -65.369333, -30.645646 ] } },
{ "type": "Feature", "properties": { "Name": "191.38", "P.K.": null, "Al.Dist. Izq.": 10, "Al.Dist. Der.": 35, "Ruta": 38 }, "geometry": { "type": "Point", "coordinates": [ -65.369745, -30.6451744 ] } },
{ "type": "Feature", "properties": { "Name": "191.49", "P.K.": null, "Al.Dist. Izq.": 10, "Al.Dist. Der.": 35, "Ruta": 38 }, "geometry": { "type": "Point", "coordinates": [ -65.370714, -30.6445727 ] } },
{ "type": "Feature", "properties": { "Name": "191.52", "P.K.": null, "Al.Dist. Izq.": 10, "Al.Dist. Der.": 35, "Ruta": 38 }, "geometry": { "type": "Point", "coordinates": [ -65.3707699, -30.6444365 ] } },
{ "type": "Feature", "properties": { "Name": "191.79", "P.K.": null, "Al.Dist. Izq.": 10, "Al.Dist. Der.": 35, "Ruta": 38 }, "geometry": { "type": "Point", "coordinates": [ -65.3727159, -30.6426579 ] } },
{ "type": "Feature", "properties": { "Name": "191.8", "P.K.": null, "Al.Dist. Izq.": 10, "Al.Dist. Der.": 35, "Ruta": 38 }, "geometry": { "type": "Point", "coordinates": [ -65.3727015, -30.642473 ] } },
{ "type": "Feature", "properties": { "Name": "191.8", "P.K.": null, "Al.Dist. Izq.": null, "Al.Dist. Der.": 10, "Ruta": 38 }, "geometry": { "type": "Point", "coordinates": [ -65.3727015, -30.642473 ] } },
{ "type": "Feature", "properties": { "Name": "191.92", "P.K.": null, "Al.Dist. Izq.": null, "Al.Dist. Der.": 10, "Ruta": 38 }, "geometry": { "type": "Point", "coordinates": [ -65.3737009, -30.641978 ] } },
{ "type": "Feature", "properties": { "Name": "192", "P.K.": "PK192", "Al.Dist. Izq.": null, "Al.Dist. Der.": 10, "Ruta": 38 }, "geometry": { "type": "Point", "coordinates": [ -65.3741133, -30.6417198 ] } },
{ "type": "Feature", "properties": { "Name": "192.09", "P.K.": null, "Al.Dist. Izq.": null, "Al.Dist. Der.": 10, "Ruta": 38 }, "geometry": { "type": "Point", "coordinates": [ -65.3750519, -30.6409029 ] } },
{ "type": "Feature", "properties": { "Name": "192.23", "P.K.": null, "Al.Dist. Izq.": null, "Al.Dist. Der.": 10, "Ruta": 38 }, "geometry": { "type": "Point", "coordinates": [ -65.3762, -30.6402 ] } },
{ "type": "Feature", "properties": { "Name": "192.24", "P.K.": null, "Al.Dist. Izq.": null, "Al.Dist. Der.": null, "Ruta": 38 }, "geometry": { "type": "Point", "coordinates": [ -65.3763124, -30.6401555 ] } },
{ "type": "Feature", "properties": { "Name": "192.24", "P.K.": null, "Al.Dist. Izq.": null, "Al.Dist. Der.": null, "Ruta": 38 }, "geometry": { "type": "Point", "coordinates": [ -65.3763124, -30.6401555 ] } },
{ "type": "Feature", "properties": { "Name": "192.43", "P.K.": null, "Al.Dist. Izq.": null, "Al.Dist. Der.": null, "Ruta": 38 }, "geometry": { "type": "Point", "coordinates": [ -65.3777987, -30.6390774 ] } },
{ "type": "Feature", "properties": { "Name": "192.47", "P.K.": null, "Al.Dist. Izq.": null, "Al.Dist. Der.": null, "Ruta": 38 }, "geometry": { "type": "Point", "coordinates": [ -65.3781603, -30.6388738 ] } },
{ "type": "Feature", "properties": { "Name": "192.48", "P.K.": null, "Al.Dist. Izq.": null, "Al.Dist. Der.": null, "Ruta": 38 }, "geometry": { "type": "Point", "coordinates": [ -65.3782593, -30.6388897 ] } },
{ "type": "Feature", "properties": { "Name": "192.49", "P.K.": null, "Al.Dist. Izq.": null, "Al.Dist. Der.": null, "Ruta": 38 }, "geometry": { "type": "Point", "coordinates": [ -65.3783509, -30.6388424 ] } },
{ "type": "Feature", "properties": { "Name": "192.49", "P.K.": null, "Al.Dist. Izq.": null, "Al.Dist. Der.": null, "Ruta": 38 }, "geometry": { "type": "Point", "coordinates": [ -65.3783509, -30.6388424 ] } },
{ "type": "Feature", "properties": { "Name": "192.51", "P.K.": null, "Al.Dist. Izq.": null, "Al.Dist. Der.": null, "Ruta": 38 }, "geometry": { "type": "Point", "coordinates": [ -65.3787314, -30.6387959 ] } },
{ "type": "Feature", "properties": { "Name": "192.93", "P.K.": null, "Al.Dist. Izq.": null, "Al.Dist. Der.": null, "Ruta": 38 }, "geometry": { "type": "Point", "coordinates": [ -65.383, -30.6382 ] } },
{ "type": "Feature", "properties": { "Name": "192.96", "P.K.": null, "Al.Dist. Izq.": null, "Al.Dist. Der.": null, "Ruta": 38 }, "geometry": { "type": "Point", "coordinates": [ -65.3833, -30.6379 ] } },
{ "type": "Feature", "properties": { "Name": "192.97", "P.K.": null, "Al.Dist. Izq.": null, "Al.Dist. Der.": null, "Ruta": 38 }, "geometry": { "type": "Point", "coordinates": [ -65.3834025, -30.6379438 ] } },
{ "type": "Feature", "properties": { "Name": "193", "P.K.": "PK193", "Al.Dist. Izq.": null, "Al.Dist. Der.": null, "Ruta": 38 }, "geometry": { "type": "Point", "coordinates": [ -65.3834042, -30.6379406 ] } },
{ "type": "Feature", "properties": { "Name": "193.04", "P.K.": null, "Al.Dist. Izq.": null, "Al.Dist. Der.": null, "Ruta": 38 }, "geometry": { "type": "Point", "coordinates": [ -65.3842, -30.638 ] } },
{ "type": "Feature", "properties": { "Name": "193.18", "P.K.": null, "Al.Dist. Izq.": null, "Al.Dist. Der.": null, "Ruta": 38 }, "geometry": { "type": "Point", "coordinates": [ -65.3854, -30.6378 ] } },
{ "type": "Feature", "properties": { "Name": "193.26", "P.K.": null, "Al.Dist. Izq.": null, "Al.Dist. Der.": null, "Ruta": 38 }, "geometry": { "type": "Point", "coordinates": [ -65.3862027, -30.6375595 ] } },
{ "type": "Feature", "properties": { "Name": "193.3", "P.K.": null, "Al.Dist. Izq.": null, "Al.Dist. Der.": null, "Ruta": 38 }, "geometry": { "type": "Point", "coordinates": [ -65.3865, -30.6375 ] } },
{ "type": "Feature", "properties": { "Name": "193.34", "P.K.": null, "Al.Dist. Izq.": null, "Al.Dist. Der.": null, "Ruta": 38 }, "geometry": { "type": "Point", "coordinates": [ -65.3868971, -30.6374311 ] } },
{ "type": "Feature", "properties": { "Name": "193.35", "P.K.": null, "Al.Dist. Izq.": null, "Al.Dist. Der.": null, "Ruta": 38 }, "geometry": { "type": "Point", "coordinates": [ -65.3870318, -30.6374306 ] } },
{ "type": "Feature", "properties": { "Name": "193.43", "P.K.": null, "Al.Dist. Izq.": null, "Al.Dist. Der.": null, "Ruta": 38 }, "geometry": { "type": "Point", "coordinates": [ -65.3877, -30.6374 ] } },
{ "type": "Feature", "properties": { "Name": "193.51", "P.K.": null, "Al.Dist. Izq.": null, "Al.Dist. Der.": null, "Ruta": 38 }, "geometry": { "type": "Point", "coordinates": [ -65.3884, -30.6372 ] } },
{ "type": "Feature", "properties": { "Name": "193.55", "P.K.": null, "Al.Dist. Izq.": null, "Al.Dist. Der.": null, "Ruta": 38 }, "geometry": { "type": "Point", "coordinates": [ -65.3889, -30.6372 ] } },
{ "type": "Feature", "properties": { "Name": "193.68", "P.K.": null, "Al.Dist. Izq.": null, "Al.Dist. Der.": null, "Ruta": 38 }, "geometry": { "type": "Point", "coordinates": [ -65.3901, -30.637 ] } },
{ "type": "Feature", "properties": { "Name": "193.71", "P.K.": null, "Al.Dist. Izq.": null, "Al.Dist. Der.": null, "Ruta": 38 }, "geometry": { "type": "Point", "coordinates": [ -65.3904281, -30.6368786 ] } },
{ "type": "Feature", "properties": { "Name": "193.82", "P.K.": null, "Al.Dist. Izq.": null, "Al.Dist. Der.": null, "Ruta": 38 }, "geometry": { "type": "Point", "coordinates": [ -65.3914, -30.6368 ] } },
{ "type": "Feature", "properties": { "Name": "193.95", "P.K.": null, "Al.Dist. Izq.": null, "Al.Dist. Der.": null, "Ruta": 38 }, "geometry": { "type": "Point", "coordinates": [ -65.3926, -30.6366 ] } },
{ "type": "Feature", "properties": { "Name": "194", "P.K.": "PK194", "Al.Dist. Izq.": null, "Al.Dist. Der.": null, "Ruta": 38 }, "geometry": { "type": "Point", "coordinates": [ -65.392748, -30.6365761 ] } },
{ "type": "Feature", "properties": { "Name": "194.06", "P.K.": null, "Al.Dist. Izq.": null, "Al.Dist. Der.": null, "Ruta": 38 }, "geometry": { "type": "Point", "coordinates": [ -65.3936717, -30.6363566 ] } },
{ "type": "Feature", "properties": { "Name": "194.07", "P.K.": null, "Al.Dist. Izq.": null, "Al.Dist. Der.": null, "Ruta": 38 }, "geometry": { "type": "Point", "coordinates": [ -65.3938074, -30.6364293 ] } },
{ "type": "Feature", "properties": { "Name": "194.08", "P.K.": null, "Al.Dist. Izq.": null, "Al.Dist. Der.": null, "Ruta": 38 }, "geometry": { "type": "Point", "coordinates": [ -65.3938396, -30.6363635 ] } },
{ "type": "Feature", "properties": { "Name": "194.09", "P.K.": null, "Al.Dist. Izq.": null, "Al.Dist. Der.": null, "Ruta": 38 }, "geometry": { "type": "Point", "coordinates": [ -65.3939687, -30.6363534 ] } },
{ "type": "Feature", "properties": { "Name": "194.09", "P.K.": null, "Al.Dist. Izq.": 25, "Al.Dist. Der.": 10, "Ruta": 38 }, "geometry": { "type": "Point", "coordinates": [ -65.3939687, -30.6363534 ] } },
{ "type": "Feature", "properties": { "Name": "194.14", "P.K.": null, "Al.Dist. Izq.": 25, "Al.Dist. Der.": 10, "Ruta": 38 }, "geometry": { "type": "Point", "coordinates": [ -65.3944716, -30.6363121 ] } },
{ "type": "Feature", "properties": { "Name": "194.17", "P.K.": null, "Al.Dist. Izq.": 25, "Al.Dist. Der.": 10, "Ruta": 38 }, "geometry": { "type": "Point", "coordinates": [ -65.3948066, -30.6362066 ] } },
{ "type": "Feature", "properties": { "Name": "194.21", "P.K.": null, "Al.Dist. Izq.": 25, "Al.Dist. Der.": 10, "Ruta": 38 }, "geometry": { "type": "Point", "coordinates": [ -65.395171, -30.6364451 ] } },
{ "type": "Feature", "properties": { "Name": "194.3", "P.K.": null, "Al.Dist. Izq.": 25, "Al.Dist. Der.": 10, "Ruta": 38 }, "geometry": { "type": "Point", "coordinates": [ -65.3961175, -30.6365299 ] } },
{ "type": "Feature", "properties": { "Name": "194.34", "P.K.": null, "Al.Dist. Izq.": 25, "Al.Dist. Der.": 10, "Ruta": 38 }, "geometry": { "type": "Point", "coordinates": [ -65.3965493, -30.6365718 ] } },
{ "type": "Feature", "properties": { "Name": "194.37", "P.K.": null, "Al.Dist. Izq.": 25, "Al.Dist. Der.": 10, "Ruta": 38 }, "geometry": { "type": "Point", "coordinates": [ -65.396837, -30.6364939 ] } },
{ "type": "Feature", "properties": { "Name": "194.46", "P.K.": null, "Al.Dist. Izq.": 25, "Al.Dist. Der.": 10, "Ruta": 38 }, "geometry": { "type": "Point", "coordinates": [ -65.3976725, -30.6360369 ] } },
{ "type": "Feature", "properties": { "Name": "194.57", "P.K.": null, "Al.Dist. Izq.": 25, "Al.Dist. Der.": 10, "Ruta": 38 }, "geometry": { "type": "Point", "coordinates": [ -65.3985318, -30.6354127 ] } },
{ "type": "Feature", "properties": { "Name": "194.68", "P.K.": null, "Al.Dist. Izq.": 25, "Al.Dist. Der.": 10, "Ruta": 38 }, "geometry": { "type": "Point", "coordinates": [ -65.3996124, -30.6350405 ] } },
{ "type": "Feature", "properties": { "Name": "194.75", "P.K.": null, "Al.Dist. Izq.": 25, "Al.Dist. Der.": 10, "Ruta": 38 }, "geometry": { "type": "Point", "coordinates": [ -65.4002448, -30.6348616 ] } },
{ "type": "Feature", "properties": { "Name": "194.82", "P.K.": null, "Al.Dist. Izq.": 25, "Al.Dist. Der.": 10, "Ruta": 38 }, "geometry": { "type": "Point", "coordinates": [ -65.4010756, -30.6348366 ] } },
{ "type": "Feature", "properties": { "Name": "194.89", "P.K.": null, "Al.Dist. Izq.": 25, "Al.Dist. Der.": 10, "Ruta": 38 }, "geometry": { "type": "Point", "coordinates": [ -65.4017815, -30.6346185 ] } },
{ "type": "Feature", "properties": { "Name": "194.97", "P.K.": null, "Al.Dist. Izq.": 25, "Al.Dist. Der.": 10, "Ruta": 38 }, "geometry": { "type": "Point", "coordinates": [ -65.4026012, -30.6344895 ] } },
{ "type": "Feature", "properties": { "Name": "195", "P.K.": "PK195", "Al.Dist. Izq.": 25, "Al.Dist. Der.": 10, "Ruta": 38 }, "geometry": { "type": "Point", "coordinates": [ -65.4025199, -30.6344676 ] } },
{ "type": "Feature", "properties": { "Name": "195.13", "P.K.": null, "Al.Dist. Izq.": 25, "Al.Dist. Der.": 10, "Ruta": 38 }, "geometry": { "type": "Point", "coordinates": [ -65.4042405, -30.6342312 ] } },
{ "type": "Feature", "properties": { "Name": "195.24", "P.K.": null, "Al.Dist. Izq.": 25, "Al.Dist. Der.": 10, "Ruta": 38 }, "geometry": { "type": "Point", "coordinates": [ -65.4053325, -30.6340693 ] } },
{ "type": "Feature", "properties": { "Name": "196", "P.K.": "PK196", "Al.Dist. Izq.": 25, "Al.Dist. Der.": 10, "Ruta": 38 }, "geometry": { "type": "Point", "coordinates": [ -65.4128558, -30.6329438 ] } },
{ "type": "Feature", "properties": { "Name": "196.04", "P.K.": null, "Al.Dist. Izq.": 25, "Al.Dist. Der.": 10, "Ruta": 38 }, "geometry": { "type": "Point", "coordinates": [ -65.4135009, -30.6327404 ] } },
{ "type": "Feature", "properties": { "Name": "196.5", "P.K.": null, "Al.Dist. Izq.": 25, "Al.Dist. Der.": 10, "Ruta": 38 }, "geometry": { "type": "Point", "coordinates": [ -65.418167, -30.6319863 ] } },
{ "type": "Feature", "properties": { "Name": "197", "P.K.": "PK197", "Al.Dist. Izq.": 25, "Al.Dist. Der.": 10, "Ruta": 38 }, "geometry": { "type": "Point", "coordinates": [ -65.4228415, -30.6312342 ] } },
{ "type": "Feature", "properties": { "Name": "198", "P.K.": "PK198", "Al.Dist. Izq.": 25, "Al.Dist. Der.": 10, "Ruta": 38 }, "geometry": { "type": "Point", "coordinates": [ -65.4333965, -30.6296827 ] } },
{ "type": "Feature", "properties": { "Name": "199", "P.K.": "PK199", "Al.Dist. Izq.": 25, "Al.Dist. Der.": 10, "Ruta": 38 }, "geometry": { "type": "Point", "coordinates": [ -65.4426508, -30.628068 ] } },
{ "type": "Feature", "properties": { "Name": "200", "P.K.": "PK200", "Al.Dist. Izq.": 25, "Al.Dist. Der.": 10, "Ruta": 38 }, "geometry": { "type": "Point", "coordinates": [ -65.4527865, -30.6264379 ] } },
{ "type": "Feature", "properties": { "Name": "200.1", "P.K.": null, "Al.Dist. Izq.": 25, "Al.Dist. Der.": 10, "Ruta": 38 }, "geometry": { "type": "Point", "coordinates": [ -65.4539905, -30.6262452 ] } },
{ "type": "Feature", "properties": { "Name": "201", "P.K.": "PK201", "Al.Dist. Izq.": 25, "Al.Dist. Der.": 10, "Ruta": 38 }, "geometry": { "type": "Point", "coordinates": [ -65.4616496, -30.6249535 ] } },
{ "type": "Feature", "properties": { "Name": "201.8", "P.K.": null, "Al.Dist. Izq.": 25, "Al.Dist. Der.": 10, "Ruta": 38 }, "geometry": { "type": "Point", "coordinates": [ -65.4703644, -30.623609 ] } },
{ "type": "Feature", "properties": { "Name": "202", "P.K.": "PK202", "Al.Dist. Izq.": 25, "Al.Dist. Der.": 10, "Ruta": 38 }, "geometry": { "type": "Point", "coordinates": [ -65.4720297, -30.6233935 ] } },
{ "type": "Feature", "properties": { "Name": "202.07", "P.K.": null, "Al.Dist. Izq.": 25, "Al.Dist. Der.": 10, "Ruta": 38 }, "geometry": { "type": "Point", "coordinates": [ -65.4731, -30.623 ] } },
{ "type": "Feature", "properties": { "Name": "203", "P.K.": "PK203", "Al.Dist. Izq.": 25, "Al.Dist. Der.": 10, "Ruta": 38 }, "geometry": { "type": "Point", "coordinates": [ -65.482902, -30.6215548 ] } },
{ "type": "Feature", "properties": { "Name": "203.23", "P.K.": null, "Al.Dist. Izq.": 25, "Al.Dist. Der.": 10, "Ruta": 38 }, "geometry": { "type": "Point", "coordinates": [ -65.4855678, -30.6213664 ] } },
{ "type": "Feature", "properties": { "Name": "203.28", "P.K.": null, "Al.Dist. Izq.": 25, "Al.Dist. Der.": 10, "Ruta": 38 }, "geometry": { "type": "Point", "coordinates": [ -65.4860755, -30.6211711 ] } },
{ "type": "Feature", "properties": { "Name": "203.43", "P.K.": null, "Al.Dist. Izq.": 25, "Al.Dist. Der.": 10, "Ruta": 38 }, "geometry": { "type": "Point", "coordinates": [ -65.4876144, -30.6209503 ] } },
{ "type": "Feature", "properties": { "Name": "203.51", "P.K.": null, "Al.Dist. Izq.": 25, "Al.Dist. Der.": 10, "Ruta": 38 }, "geometry": { "type": "Point", "coordinates": [ -65.4882879, -30.6207712 ] } },
{ "type": "Feature", "properties": { "Name": "203.6", "P.K.": null, "Al.Dist. Izq.": 25, "Al.Dist. Der.": 10, "Ruta": 38 }, "geometry": { "type": "Point", "coordinates": [ -65.4892288, -30.6205492 ] } },
{ "type": "Feature", "properties": { "Name": "203.66", "P.K.": null, "Al.Dist. Izq.": 25, "Al.Dist. Der.": 10, "Ruta": 38 }, "geometry": { "type": "Point", "coordinates": [ -65.4898436, -30.6204526 ] } },
{ "type": "Feature", "properties": { "Name": "203.69", "P.K.": null, "Al.Dist. Izq.": 25, "Al.Dist. Der.": 10, "Ruta": 38 }, "geometry": { "type": "Point", "coordinates": [ -65.4901024, -30.6203727 ] } },
{ "type": "Feature", "properties": { "Name": "203.79", "P.K.": null, "Al.Dist. Izq.": 25, "Al.Dist. Der.": 10, "Ruta": 38 }, "geometry": { "type": "Point", "coordinates": [ -65.491123, -30.6201901 ] } },
{ "type": "Feature", "properties": { "Name": "204", "P.K.": "PK204", "Al.Dist. Izq.": 25, "Al.Dist. Der.": 10, "Ruta": 38 }, "geometry": { "type": "Point", "coordinates": [ -65.4928091, -30.6200325 ] } },
{ "type": "Feature", "properties": { "Name": "204.03", "P.K.": null, "Al.Dist. Izq.": 25, "Al.Dist. Der.": 10, "Ruta": 38 }, "geometry": { "type": "Point", "coordinates": [ -65.4935316, -30.6198684 ] } },
{ "type": "Feature", "properties": { "Name": "204.12", "P.K.": null, "Al.Dist. Izq.": 25, "Al.Dist. Der.": 10, "Ruta": 38 }, "geometry": { "type": "Point", "coordinates": [ -65.4945561, -30.6197064 ] } },
{ "type": "Feature", "properties": { "Name": "204.24", "P.K.": null, "Al.Dist. Izq.": 25, "Al.Dist. Der.": 10, "Ruta": 38 }, "geometry": { "type": "Point", "coordinates": [ -65.495888, -30.6194956 ] } },
{ "type": "Feature", "properties": { "Name": "205", "P.K.": "PK205", "Al.Dist. Izq.": 25, "Al.Dist. Der.": 10, "Ruta": 38 }, "geometry": { "type": "Point", "coordinates": [ -65.5040469, -30.6181318 ] } },
{ "type": "Feature", "properties": { "Name": "205.42", "P.K.": null, "Al.Dist. Izq.": 25, "Al.Dist. Der.": 10, "Ruta": 38 }, "geometry": { "type": "Point", "coordinates": [ -65.5096048, -30.6172546 ] } },
{ "type": "Feature", "properties": { "Name": "206", "P.K.": "PK206", "Al.Dist. Izq.": 25, "Al.Dist. Der.": 10, "Ruta": 38 }, "geometry": { "type": "Point", "coordinates": [ -65.5162674, -30.6162669 ] } },
{ "type": "Feature", "properties": { "Name": "207", "P.K.": "PK207", "Al.Dist. Izq.": 25, "Al.Dist. Der.": 10, "Ruta": 38 }, "geometry": { "type": "Point", "coordinates": [ -65.5244243, -30.614793 ] } },
{ "type": "Feature", "properties": { "Name": "207.01", "P.K.": null, "Al.Dist. Izq.": 25, "Al.Dist. Der.": 10, "Ruta": 38 }, "geometry": { "type": "Point", "coordinates": [ -65.5249936, -30.6147229 ] } },
{ "type": "Feature", "properties": { "Name": "207.65", "P.K.": null, "Al.Dist. Izq.": 25, "Al.Dist. Der.": 10, "Ruta": 38 }, "geometry": { "type": "Point", "coordinates": [ -65.5305932, -30.6138479 ] } },
{ "type": "Feature", "properties": { "Name": "208", "P.K.": "PK208", "Al.Dist. Izq.": 25, "Al.Dist. Der.": 10, "Ruta": 38 }, "geometry": { "type": "Point", "coordinates": [ -65.53329, -30.6134747 ] } },
{ "type": "Feature", "properties": { "Name": "208.63", "P.K.": null, "Al.Dist. Izq.": 25, "Al.Dist. Der.": 10, "Ruta": 38 }, "geometry": { "type": "Point", "coordinates": [ -65.5413125, -30.6120671 ] } },
{ "type": "Feature", "properties": { "Name": "208.74", "P.K.": null, "Al.Dist. Izq.": 25, "Al.Dist. Der.": 10, "Ruta": 38 }, "geometry": { "type": "Point", "coordinates": [ -65.5427673, -30.6118048 ] } },
{ "type": "Feature", "properties": { "Name": "208.89", "P.K.": null, "Al.Dist. Izq.": 25, "Al.Dist. Der.": 10, "Ruta": 38 }, "geometry": { "type": "Point", "coordinates": [ -65.5446643, -30.6115881 ] } },
{ "type": "Feature", "properties": { "Name": "209", "P.K.": "PK209", "Al.Dist. Izq.": 25, "Al.Dist. Der.": 10, "Ruta": 38 }, "geometry": { "type": "Point", "coordinates": [ -65.5456061, -30.6113703 ] } },
{ "type": "Feature", "properties": { "Name": "209.13", "P.K.": null, "Al.Dist. Izq.": 25, "Al.Dist. Der.": 10, "Ruta": 38 }, "geometry": { "type": "Point", "coordinates": [ -65.5470373, -30.6113593 ] } },
{ "type": "Feature", "properties": { "Name": "209.17", "P.K.": null, "Al.Dist. Izq.": 25, "Al.Dist. Der.": 10, "Ruta": 38 }, "geometry": { "type": "Point", "coordinates": [ -65.547327, -30.611295 ] } },
{ "type": "Feature", "properties": { "Name": "209.35", "P.K.": null, "Al.Dist. Izq.": 25, "Al.Dist. Der.": 10, "Ruta": 38 }, "geometry": { "type": "Point", "coordinates": [ -65.548645, -30.6112413 ] } },
{ "type": "Feature", "properties": { "Name": "209.43", "P.K.": null, "Al.Dist. Izq.": 25, "Al.Dist. Der.": 10, "Ruta": 38 }, "geometry": { "type": "Point", "coordinates": [ -65.5493112, -30.6112217 ] } },
{ "type": "Feature", "properties": { "Name": "209.63", "P.K.": null, "Al.Dist. Izq.": 25, "Al.Dist. Der.": 10, "Ruta": 38 }, "geometry": { "type": "Point", "coordinates": [ -65.5508632, -30.6109672 ] } },
{ "type": "Feature", "properties": { "Name": "209.63", "P.K.": null, "Al.Dist. Izq.": 25, "Al.Dist. Der.": 50, "Ruta": 38 }, "geometry": { "type": "Point", "coordinates": [ -65.5508632, -30.6109672 ] } },
{ "type": "Feature", "properties": { "Name": "209.72", "P.K.": null, "Al.Dist. Izq.": null, "Al.Dist. Der.": 50, "Ruta": 38 }, "geometry": { "type": "Point", "coordinates": [ -65.5516293, -30.6108564 ] } },
{ "type": "Feature", "properties": { "Name": "209.81", "P.K.": null, "Al.Dist. Izq.": null, "Al.Dist. Der.": 50, "Ruta": 38 }, "geometry": { "type": "Point", "coordinates": [ -65.5522436, -30.6107565 ] } },
{ "type": "Feature", "properties": { "Name": "210", "P.K.": "PK210", "Al.Dist. Izq.": null, "Al.Dist. Der.": 50, "Ruta": 38 }, "geometry": { "type": "Point", "coordinates": [ -65.553779, -30.6105052 ] } },
{ "type": "Feature", "properties": { "Name": "210.07", "P.K.": null, "Al.Dist. Izq.": null, "Al.Dist. Der.": 50, "Ruta": 38 }, "geometry": { "type": "Point", "coordinates": [ -65.5551096, -30.6102868 ] } },
{ "type": "Feature", "properties": { "Name": "210.14", "P.K.": null, "Al.Dist. Izq.": null, "Al.Dist. Der.": 50, "Ruta": 38 }, "geometry": { "type": "Point", "coordinates": [ -65.5564402, -30.6100683 ] } },
{ "type": "Feature", "properties": { "Name": "210.28", "P.K.": null, "Al.Dist. Izq.": null, "Al.Dist. Der.": 50, "Ruta": 38 }, "geometry": { "type": "Point", "coordinates": [ -65.5588404, -30.6096609 ] } },
{ "type": "Feature", "properties": { "Name": "210.93", "P.K.": null, "Al.Dist. Izq.": null, "Al.Dist. Der.": 50, "Ruta": 38 }, "geometry": { "type": "Point", "coordinates": [ -65.5709754, -30.6076895 ] } },
{ "type": "Feature", "properties": { "Name": "211", "P.K.": "PK211", "Al.Dist. Izq.": null, "Al.Dist. Der.": 50, "Ruta": 38 }, "geometry": { "type": "Point", "coordinates": [ -65.5723061, -30.607671 ] } },
{ "type": "Feature", "properties": { "Name": "211.03", "P.K.": null, "Al.Dist. Izq.": null, "Al.Dist. Der.": 50, "Ruta": 38 }, "geometry": { "type": "Point", "coordinates": [ -65.5725887, -30.6075489 ] } }
]
}
