{
"type": "FeatureCollection",
"name": "MOJONES RN 036",
"features": [
{ "type": "Feature", "properties": { "Name": "595.73", "P.K.": null, "Al.Dist. Izq.": null, "Al.Dist. Der.": null, "Ruta": 36 }, "geometry": { "type": "Point", "coordinates": [ -64.249236, -33.133163 ] } },
{ "type": "Feature", "properties": { "Name": "595.74", "P.K.": null, "Al.Dist. Izq.": null, "Al.Dist. Der.": null, "Ruta": 36 }, "geometry": { "type": "Point", "coordinates": [ -64.2493156, -33.1331426 ] } },
{ "type": "Feature", "properties": { "Name": "595.75", "P.K.": null, "Al.Dist. Izq.": null, "Al.Dist. Der.": null, "Ruta": 36 }, "geometry": { "type": "Point", "coordinates": [ -64.2493952, -33.1331223 ] } },
{ "type": "Feature", "properties": { "Name": "595.82", "P.K.": null, "Al.Dist. Izq.": null, "Al.Dist. Der.": null, "Ruta": 36 }, "geometry": { "type": "Point", "coordinates": [ -64.2498681, -33.1329831 ] } },
{ "type": "Feature", "properties": { "Name": "595.85", "P.K.": null, "Al.Dist. Izq.": null, "Al.Dist. Der.": null, "Ruta": 36 }, "geometry": { "type": "Point", "coordinates": [ -64.2501056, -33.1329172 ] } },
{ "type": "Feature", "properties": { "Name": "596", "P.K.": "PK596", "Al.Dist. Izq.": null, "Al.Dist. Der.": null, "Ruta": 36 }, "geometry": { "type": "Point", "coordinates": [ -64.2512619, -33.1323002 ] } },
{ "type": "Feature", "properties": { "Name": "596.54", "P.K.": null, "Al.Dist. Izq.": null, "Al.Dist. Der.": null, "Ruta": 36 }, "geometry": { "type": "Point", "coordinates": [ -64.2549, -33.1297 ] } },
{ "type": "Feature", "properties": { "Name": "597", "P.K.": "PK597", "Al.Dist. Izq.": null, "Al.Dist. Der.": null, "Ruta": 36 }, "geometry": { "type": "Point", "coordinates": [ -64.2579337, -33.1275037 ] } },
{ "type": "Feature", "properties": { "Name": "597.51", "P.K.": null, "Al.Dist. Izq.": null, "Al.Dist. Der.": null, "Ruta": 36 }, "geometry": { "type": "Point", "coordinates": [ -64.2613434, -33.1250673 ] } },
{ "type": "Feature", "properties": { "Name": "597.58", "P.K.": null, "Al.Dist. Izq.": null, "Al.Dist. Der.": null, "Ruta": 36 }, "geometry": { "type": "Point", "coordinates": [ -64.2618084, -33.1247287 ] } },
{ "type": "Feature", "properties": { "Name": "597.6", "P.K.": null, "Al.Dist. Izq.": null, "Al.Dist. Der.": null, "Ruta": 36 }, "geometry": { "type": "Point", "coordinates": [ -64.2619413, -33.124632 ] } },
{ "type": "Feature", "properties": { "Name": "597.65", "P.K.": null, "Al.Dist. Izq.": null, "Al.Dist. Der.": null, "Ruta": 36 }, "geometry": { "type": "Point", "coordinates": [ -64.2622735, -33.1243902 ] } },
{ "type": "Feature", "properties": { "Name": "598", "P.K.": "PK598", "Al.Dist. Izq.": null, "Al.Dist. Der.": null, "Ruta": 36 }, "geometry": { "type": "Point", "coordinates": [ -64.264613, -33.1227174 ] } },
{ "type": "Feature", "properties": { "Name": "598.04", "P.K.": null, "Al.Dist. Izq.": null, "Al.Dist. Der.": null, "Ruta": 36 }, "geometry": { "type": "Point", "coordinates": [ -64.2648712, -33.122514 ] } },
{ "type": "Feature", "properties": { "Name": "598.12", "P.K.": null, "Al.Dist. Izq.": null, "Al.Dist. Der.": null, "Ruta": 36 }, "geometry": { "type": "Point", "coordinates": [ -64.2654254, -33.1221637 ] } },
{ "type": "Feature", "properties": { "Name": "598.25", "P.K.": null, "Al.Dist. Izq.": null, "Al.Dist. Der.": null, "Ruta": 36 }, "geometry": { "type": "Point", "coordinates": [ -64.2663844, -33.1216972 ] } },
{ "type": "Feature", "properties": { "Name": "598.32", "P.K.": null, "Al.Dist. Izq.": null, "Al.Dist. Der.": null, "Ruta": 36 }, "geometry": { "type": "Point", "coordinates": [ -64.2669285, -33.1215107 ] } },
{ "type": "Feature", "properties": { "Name": "598.54", "P.K.": null, "Al.Dist. Izq.": null, "Al.Dist. Der.": null, "Ruta": 36 }, "geometry": { "type": "Point", "coordinates": [ -64.2685, -33.1209 ] } },
{ "type": "Feature", "properties": { "Name": "598.66", "P.K.": null, "Al.Dist. Izq.": null, "Al.Dist. Der.": null, "Ruta": 36 }, "geometry": { "type": "Point", "coordinates": [ -64.2694584, -33.1205358 ] } },
{ "type": "Feature", "properties": { "Name": "599", "P.K.": "PK599", "Al.Dist. Izq.": null, "Al.Dist. Der.": null, "Ruta": 36 }, "geometry": { "type": "Point", "coordinates": [ -64.2721531, -33.119531 ] } },
{ "type": "Feature", "properties": { "Name": "599.04", "P.K.": null, "Al.Dist. Izq.": null, "Al.Dist. Der.": null, "Ruta": 36 }, "geometry": { "type": "Point", "coordinates": [ -64.2724562, -33.1194039 ] } },
{ "type": "Feature", "properties": { "Name": "599.3", "P.K.": null, "Al.Dist. Izq.": null, "Al.Dist. Der.": null, "Ruta": 36 }, "geometry": { "type": "Point", "coordinates": [ -64.2743597, -33.1186315 ] } },
{ "type": "Feature", "properties": { "Name": "599.38", "P.K.": null, "Al.Dist. Izq.": null, "Al.Dist. Der.": null, "Ruta": 36 }, "geometry": { "type": "Point", "coordinates": [ -64.2749701, -33.1183876 ] } },
{ "type": "Feature", "properties": { "Name": "600.61", "P.K.": null, "Al.Dist. Izq.": null, "Al.Dist. Der.": null, "Ruta": 36 }, "geometry": { "type": "Point", "coordinates": [ -64.2843, -33.1147 ] } },
{ "type": "Feature", "properties": { "Name": "600.92", "P.K.": null, "Al.Dist. Izq.": null, "Al.Dist. Der.": null, "Ruta": 36 }, "geometry": { "type": "Point", "coordinates": [ -64.2866247, -33.1139178 ] } },
{ "type": "Feature", "properties": { "Name": "601", "P.K.": "PK601", "Al.Dist. Izq.": null, "Al.Dist. Der.": null, "Ruta": 36 }, "geometry": { "type": "Point", "coordinates": [ -64.2874816, -33.1136301 ] } },
{ "type": "Feature", "properties": { "Name": "601.02", "P.K.": null, "Al.Dist. Izq.": null, "Al.Dist. Der.": null, "Ruta": 36 }, "geometry": { "type": "Point", "coordinates": [ -64.2876374, -33.1135778 ] } },
{ "type": "Feature", "properties": { "Name": "601.08", "P.K.": null, "Al.Dist. Izq.": null, "Al.Dist. Der.": null, "Ruta": 36 }, "geometry": { "type": "Point", "coordinates": [ -64.2881047, -33.1134205 ] } },
{ "type": "Feature", "properties": { "Name": "601.15", "P.K.": null, "Al.Dist. Izq.": null, "Al.Dist. Der.": null, "Ruta": 36 }, "geometry": { "type": "Point", "coordinates": [ -64.2886496, -33.113236 ] } },
{ "type": "Feature", "properties": { "Name": "601.24", "P.K.": null, "Al.Dist. Izq.": null, "Al.Dist. Der.": null, "Ruta": 36 }, "geometry": { "type": "Point", "coordinates": [ -64.2893501, -33.1129989 ] } },
{ "type": "Feature", "properties": { "Name": "601.28", "P.K.": null, "Al.Dist. Izq.": null, "Al.Dist. Der.": null, "Ruta": 36 }, "geometry": { "type": "Point", "coordinates": [ -64.2896614, -33.1128935 ] } },
{ "type": "Feature", "properties": { "Name": "601.9", "P.K.": null, "Al.Dist. Izq.": null, "Al.Dist. Der.": null, "Ruta": 36 }, "geometry": { "type": "Point", "coordinates": [ -64.2945, -33.1113 ] } },
{ "type": "Feature", "properties": { "Name": "601.92", "P.K.": null, "Al.Dist. Izq.": null, "Al.Dist. Der.": null, "Ruta": 36 }, "geometry": { "type": "Point", "coordinates": [ -64.2946508, -33.1112308 ] } },
{ "type": "Feature", "properties": { "Name": "602.16", "P.K.": null, "Al.Dist. Izq.": null, "Al.Dist. Der.": null, "Ruta": 36 }, "geometry": { "type": "Point", "coordinates": [ -64.296519, -33.1105993 ] } },
{ "type": "Feature", "properties": { "Name": "602.28", "P.K.": null, "Al.Dist. Izq.": null, "Al.Dist. Der.": null, "Ruta": 36 }, "geometry": { "type": "Point", "coordinates": [ -64.2974, -33.1103 ] } },
{ "type": "Feature", "properties": { "Name": "602.28", "P.K.": null, "Al.Dist. Izq.": null, "Al.Dist. Der.": null, "Ruta": 36 }, "geometry": { "type": "Point", "coordinates": [ -64.2974, -33.1103 ] } },
{ "type": "Feature", "properties": { "Name": "602.29", "P.K.": null, "Al.Dist. Izq.": null, "Al.Dist. Der.": null, "Ruta": 36 }, "geometry": { "type": "Point", "coordinates": [ -64.2975271, -33.1102458 ] } },
{ "type": "Feature", "properties": { "Name": "602.3", "P.K.": null, "Al.Dist. Izq.": null, "Al.Dist. Der.": null, "Ruta": 36 }, "geometry": { "type": "Point", "coordinates": [ -64.2976047, -33.1102186 ] } },
{ "type": "Feature", "properties": { "Name": "602.31", "P.K.": null, "Al.Dist. Izq.": null, "Al.Dist. Der.": null, "Ruta": 36 }, "geometry": { "type": "Point", "coordinates": [ -64.2976822, -33.1101914 ] } },
{ "type": "Feature", "properties": { "Name": "602.32", "P.K.": null, "Al.Dist. Izq.": null, "Al.Dist. Der.": null, "Ruta": 36 }, "geometry": { "type": "Point", "coordinates": [ -64.2977597, -33.1101642 ] } },
{ "type": "Feature", "properties": { "Name": "602.33", "P.K.": null, "Al.Dist. Izq.": null, "Al.Dist. Der.": null, "Ruta": 36 }, "geometry": { "type": "Point", "coordinates": [ -64.2978373, -33.110137 ] } },
{ "type": "Feature", "properties": { "Name": "602.35", "P.K.": null, "Al.Dist. Izq.": null, "Al.Dist. Der.": null, "Ruta": 36 }, "geometry": { "type": "Point", "coordinates": [ -64.2979924, -33.1100826 ] } },
{ "type": "Feature", "properties": { "Name": "602.53", "P.K.": null, "Al.Dist. Izq.": null, "Al.Dist. Der.": null, "Ruta": 36 }, "geometry": { "type": "Point", "coordinates": [ -64.2994, -33.1096 ] } },
{ "type": "Feature", "properties": { "Name": "602.57", "P.K.": null, "Al.Dist. Izq.": null, "Al.Dist. Der.": null, "Ruta": 36 }, "geometry": { "type": "Point", "coordinates": [ -64.299688, -33.1094573 ] } },
{ "type": "Feature", "properties": { "Name": "602.67", "P.K.": null, "Al.Dist. Izq.": null, "Al.Dist. Der.": null, "Ruta": 36 }, "geometry": { "type": "Point", "coordinates": [ -64.3004465, -33.1091412 ] } },
{ "type": "Feature", "properties": { "Name": "602.68", "P.K.": null, "Al.Dist. Izq.": null, "Al.Dist. Der.": null, "Ruta": 36 }, "geometry": { "type": "Point", "coordinates": [ -64.3005223, -33.1091096 ] } },
{ "type": "Feature", "properties": { "Name": "602.76", "P.K.": null, "Al.Dist. Izq.": null, "Al.Dist. Der.": null, "Ruta": 36 }, "geometry": { "type": "Point", "coordinates": [ -64.3011292, -33.1088568 ] } },
{ "type": "Feature", "properties": { "Name": "602.85", "P.K.": null, "Al.Dist. Izq.": null, "Al.Dist. Der.": null, "Ruta": 36 }, "geometry": { "type": "Point", "coordinates": [ -64.3018115, -33.1085715 ] } },
{ "type": "Feature", "properties": { "Name": "602.88", "P.K.": null, "Al.Dist. Izq.": null, "Al.Dist. Der.": null, "Ruta": 36 }, "geometry": { "type": "Point", "coordinates": [ -64.3020386, -33.1084754 ] } },
{ "type": "Feature", "properties": { "Name": "602.96", "P.K.": null, "Al.Dist. Izq.": null, "Al.Dist. Der.": null, "Ruta": 36 }, "geometry": { "type": "Point", "coordinates": [ -64.3026, -33.1082 ] } },
{ "type": "Feature", "properties": { "Name": "602.96", "P.K.": null, "Al.Dist. Izq.": null, "Al.Dist. Der.": null, "Ruta": 36 }, "geometry": { "type": "Point", "coordinates": [ -64.3026, -33.1082 ] } },
{ "type": "Feature", "properties": { "Name": "603", "P.K.": "PK603", "Al.Dist. Izq.": null, "Al.Dist. Der.": null, "Ruta": 36 }, "geometry": { "type": "Point", "coordinates": [ -64.3029467, -33.1080912 ] } },
{ "type": "Feature", "properties": { "Name": "603.07", "P.K.": null, "Al.Dist. Izq.": null, "Al.Dist. Der.": null, "Ruta": 36 }, "geometry": { "type": "Point", "coordinates": [ -64.3034764, -33.107867 ] } },
{ "type": "Feature", "properties": { "Name": "603.11", "P.K.": null, "Al.Dist. Izq.": null, "Al.Dist. Der.": null, "Ruta": 36 }, "geometry": { "type": "Point", "coordinates": [ -64.3037791, -33.1077389 ] } },
{ "type": "Feature", "properties": { "Name": "603.26", "P.K.": null, "Al.Dist. Izq.": null, "Al.Dist. Der.": null, "Ruta": 36 }, "geometry": { "type": "Point", "coordinates": [ -64.3049, -33.1073 ] } },
{ "type": "Feature", "properties": { "Name": "603.27", "P.K.": null, "Al.Dist. Izq.": null, "Al.Dist. Der.": null, "Ruta": 36 }, "geometry": { "type": "Point", "coordinates": [ -64.3049908, -33.1072284 ] } },
{ "type": "Feature", "properties": { "Name": "603.36", "P.K.": null, "Al.Dist. Izq.": null, "Al.Dist. Der.": null, "Ruta": 36 }, "geometry": { "type": "Point", "coordinates": [ -64.3056746, -33.1069468 ] } },
{ "type": "Feature", "properties": { "Name": "603.41", "P.K.": null, "Al.Dist. Izq.": null, "Al.Dist. Der.": null, "Ruta": 36 }, "geometry": { "type": "Point", "coordinates": [ -64.3060546, -33.1067904 ] } },
{ "type": "Feature", "properties": { "Name": "603.55", "P.K.": null, "Al.Dist. Izq.": null, "Al.Dist. Der.": null, "Ruta": 36 }, "geometry": { "type": "Point", "coordinates": [ -64.3071183, -33.1063524 ] } },
{ "type": "Feature", "properties": { "Name": "603.67", "P.K.": null, "Al.Dist. Izq.": null, "Al.Dist. Der.": null, "Ruta": 36 }, "geometry": { "type": "Point", "coordinates": [ -64.3080255, -33.1059657 ] } },
{ "type": "Feature", "properties": { "Name": "603.85", "P.K.": null, "Al.Dist. Izq.": null, "Al.Dist. Der.": null, "Ruta": 36 }, "geometry": { "type": "Point", "coordinates": [ -64.3093, -33.1053 ] } },
{ "type": "Feature", "properties": { "Name": "603.99", "P.K.": null, "Al.Dist. Izq.": null, "Al.Dist. Der.": null, "Ruta": 36 }, "geometry": { "type": "Point", "coordinates": [ -64.3102, -33.1045 ] } },
{ "type": "Feature", "properties": { "Name": "603.99", "P.K.": null, "Al.Dist. Izq.": 25, "Al.Dist. Der.": 45, "Ruta": 36 }, "geometry": { "type": "Point", "coordinates": [ -64.3102, -33.1045 ] } },
{ "type": "Feature", "properties": { "Name": "603.99", "P.K.": null, "Al.Dist. Izq.": 25, "Al.Dist. Der.": 45, "Ruta": 36 }, "geometry": { "type": "Point", "coordinates": [ -64.3102, -33.1045 ] } },
{ "type": "Feature", "properties": { "Name": "604.03", "P.K.": null, "Al.Dist. Izq.": 25, "Al.Dist. Der.": 45, "Ruta": 36 }, "geometry": { "type": "Point", "coordinates": [ -64.3104242, -33.1042985 ] } },
{ "type": "Feature", "properties": { "Name": "604.08", "P.K.": null, "Al.Dist. Izq.": 25, "Al.Dist. Der.": 45, "Ruta": 36 }, "geometry": { "type": "Point", "coordinates": [ -64.3106749, -33.1039706 ] } },
{ "type": "Feature", "properties": { "Name": "604.11", "P.K.": null, "Al.Dist. Izq.": 25, "Al.Dist. Der.": 45, "Ruta": 36 }, "geometry": { "type": "Point", "coordinates": [ -64.31082, -33.1037696 ] } },
{ "type": "Feature", "properties": { "Name": "604.29", "P.K.": null, "Al.Dist. Izq.": 25, "Al.Dist. Der.": 45, "Ruta": 36 }, "geometry": { "type": "Point", "coordinates": [ -64.311679, -33.1025554 ] } },
{ "type": "Feature", "properties": { "Name": "604.35", "P.K.": null, "Al.Dist. Izq.": 25, "Al.Dist. Der.": 45, "Ruta": 36 }, "geometry": { "type": "Point", "coordinates": [ -64.3119637, -33.1021495 ] } },
{ "type": "Feature", "properties": { "Name": "604.48", "P.K.": null, "Al.Dist. Izq.": 25, "Al.Dist. Der.": 45, "Ruta": 36 }, "geometry": { "type": "Point", "coordinates": [ -64.3127, -33.1013 ] } },
{ "type": "Feature", "properties": { "Name": "604.49", "P.K.": null, "Al.Dist. Izq.": 25, "Al.Dist. Der.": 45, "Ruta": 36 }, "geometry": { "type": "Point", "coordinates": [ -64.3127, -33.1013 ] } },
{ "type": "Feature", "properties": { "Name": "604.69", "P.K.": null, "Al.Dist. Izq.": 25, "Al.Dist. Der.": 45, "Ruta": 36 }, "geometry": { "type": "Point", "coordinates": [ -64.3140186, -33.100255 ] } },
{ "type": "Feature", "properties": { "Name": "605.32", "P.K.": null, "Al.Dist. Izq.": 25, "Al.Dist. Der.": 45, "Ruta": 36 }, "geometry": { "type": "Point", "coordinates": [ -64.3181472, -33.0970849 ] } },
{ "type": "Feature", "properties": { "Name": "605.61", "P.K.": null, "Al.Dist. Izq.": 25, "Al.Dist. Der.": 45, "Ruta": 36 }, "geometry": { "type": "Point", "coordinates": [ -64.3200559, -33.0956362 ] } },
{ "type": "Feature", "properties": { "Name": "605.62", "P.K.": null, "Al.Dist. Izq.": 25, "Al.Dist. Der.": 45, "Ruta": 36 }, "geometry": { "type": "Point", "coordinates": [ -64.3201213, -33.0955857 ] } },
{ "type": "Feature", "properties": { "Name": "605.79", "P.K.": null, "Al.Dist. Izq.": 25, "Al.Dist. Der.": 45, "Ruta": 36 }, "geometry": { "type": "Point", "coordinates": [ -64.3212348, -33.0947292 ] } },
{ "type": "Feature", "properties": { "Name": "605.86", "P.K.": null, "Al.Dist. Izq.": 25, "Al.Dist. Der.": 45, "Ruta": 36 }, "geometry": { "type": "Point", "coordinates": [ -64.3216938, -33.0943773 ] } },
{ "type": "Feature", "properties": { "Name": "606", "P.K.": null, "Al.Dist. Izq.": 25, "Al.Dist. Der.": 45, "Ruta": 36 }, "geometry": { "type": "Point", "coordinates": [ -64.3226151, -33.0936776 ] } },
{ "type": "Feature", "properties": { "Name": "606.01", "P.K.": null, "Al.Dist. Izq.": 25, "Al.Dist. Der.": 45, "Ruta": 36 }, "geometry": { "type": "Point", "coordinates": [ -64.322682, -33.0936292 ] } },
{ "type": "Feature", "properties": { "Name": "606.14", "P.K.": null, "Al.Dist. Izq.": 25, "Al.Dist. Der.": 45, "Ruta": 36 }, "geometry": { "type": "Point", "coordinates": [ -64.3235327, -33.0929235 ] } },
{ "type": "Feature", "properties": { "Name": "606.14", "P.K.": null, "Al.Dist. Izq.": 65, "Al.Dist. Der.": 45, "Ruta": 36 }, "geometry": { "type": "Point", "coordinates": [ -64.3235327, -33.0929235 ] } },
{ "type": "Feature", "properties": { "Name": "606.28", "P.K.": null, "Al.Dist. Izq.": 65, "Al.Dist. Der.": 45, "Ruta": 36 }, "geometry": { "type": "Point", "coordinates": [ -64.3247002, -33.0920782 ] } },
{ "type": "Feature", "properties": { "Name": "607", "P.K.": "PK607", "Al.Dist. Izq.": 65, "Al.Dist. Der.": 45, "Ruta": 36 }, "geometry": { "type": "Point", "coordinates": [ -64.3306156, -33.0875689 ] } },
{ "type": "Feature", "properties": { "Name": "607.08", "P.K.": null, "Al.Dist. Izq.": 65, "Al.Dist. Der.": 45, "Ruta": 36 }, "geometry": { "type": "Point", "coordinates": [ -64.331272, -33.0870667 ] } },
{ "type": "Feature", "properties": { "Name": "607.2", "P.K.": null, "Al.Dist. Izq.": 65, "Al.Dist. Der.": 45, "Ruta": 36 }, "geometry": { "type": "Point", "coordinates": [ -64.3322578, -33.086315 ] } },
{ "type": "Feature", "properties": { "Name": "607.2", "P.K.": null, "Al.Dist. Izq.": 65, "Al.Dist. Der.": 45, "Ruta": 36 }, "geometry": { "type": "Point", "coordinates": [ -64.3322578, -33.086315 ] } },
{ "type": "Feature", "properties": { "Name": "607.49", "P.K.": null, "Al.Dist. Izq.": 65, "Al.Dist. Der.": 45, "Ruta": 36 }, "geometry": { "type": "Point", "coordinates": [ -64.3346395, -33.0844975 ] } },
{ "type": "Feature", "properties": { "Name": "607.5", "P.K.": null, "Al.Dist. Izq.": 65, "Al.Dist. Der.": 45, "Ruta": 36 }, "geometry": { "type": "Point", "coordinates": [ -64.3347215, -33.0844347 ] } },
{ "type": "Feature", "properties": { "Name": "607.6", "P.K.": null, "Al.Dist. Izq.": 65, "Al.Dist. Der.": 45, "Ruta": 36 }, "geometry": { "type": "Point", "coordinates": [ -64.3355414, -33.0838062 ] } },
{ "type": "Feature", "properties": { "Name": "607.64", "P.K.": null, "Al.Dist. Izq.": 65, "Al.Dist. Der.": 45, "Ruta": 36 }, "geometry": { "type": "Point", "coordinates": [ -64.3358694, -33.0835548 ] } },
{ "type": "Feature", "properties": { "Name": "607.98", "P.K.": null, "Al.Dist. Izq.": 65, "Al.Dist. Der.": 45, "Ruta": 36 }, "geometry": { "type": "Point", "coordinates": [ -64.338656, -33.0814164 ] } },
{ "type": "Feature", "properties": { "Name": "608.63", "P.K.": null, "Al.Dist. Izq.": 65, "Al.Dist. Der.": 45, "Ruta": 36 }, "geometry": { "type": "Point", "coordinates": [ -64.3406195, -33.0755839 ] } },
{ "type": "Feature", "properties": { "Name": "609.26", "P.K.": null, "Al.Dist. Izq.": 65, "Al.Dist. Der.": 45, "Ruta": 36 }, "geometry": { "type": "Point", "coordinates": [ -64.3405933, -33.0690755 ] } },
{ "type": "Feature", "properties": { "Name": "609.35", "P.K.": null, "Al.Dist. Izq.": 65, "Al.Dist. Der.": 45, "Ruta": 36 }, "geometry": { "type": "Point", "coordinates": [ -64.3405887, -33.0681457 ] } },
{ "type": "Feature", "properties": { "Name": "609.41", "P.K.": null, "Al.Dist. Izq.": 65, "Al.Dist. Der.": 45, "Ruta": 36 }, "geometry": { "type": "Point", "coordinates": [ -64.3405857, -33.0675259 ] } },
{ "type": "Feature", "properties": { "Name": "609.56", "P.K.": null, "Al.Dist. Izq.": 65, "Al.Dist. Der.": 45, "Ruta": 36 }, "geometry": { "type": "Point", "coordinates": [ -64.3405791, -33.0659762 ] } },
{ "type": "Feature", "properties": { "Name": "609.79", "P.K.": null, "Al.Dist. Izq.": 65, "Al.Dist. Der.": 45, "Ruta": 36 }, "geometry": { "type": "Point", "coordinates": [ -64.3405791, -33.0636001 ] } },
{ "type": "Feature", "properties": { "Name": "609.88", "P.K.": null, "Al.Dist. Izq.": 65, "Al.Dist. Der.": 45, "Ruta": 36 }, "geometry": { "type": "Point", "coordinates": [ -64.340571, -33.0626704 ] } },
{ "type": "Feature", "properties": { "Name": "609.98", "P.K.": null, "Al.Dist. Izq.": 65, "Al.Dist. Der.": 45, "Ruta": 36 }, "geometry": { "type": "Point", "coordinates": [ -64.3405624, -33.0616374 ] } },
{ "type": "Feature", "properties": { "Name": "610", "P.K.": "PK610", "Al.Dist. Izq.": 65, "Al.Dist. Der.": 45, "Ruta": 36 }, "geometry": { "type": "Point", "coordinates": [ -64.3405631, -33.0614307 ] } },
{ "type": "Feature", "properties": { "Name": "610.12", "P.K.": null, "Al.Dist. Izq.": 65, "Al.Dist. Der.": 45, "Ruta": 36 }, "geometry": { "type": "Point", "coordinates": [ -64.3405671, -33.0602944 ] } },
{ "type": "Feature", "properties": { "Name": "610.31", "P.K.": null, "Al.Dist. Izq.": 65, "Al.Dist. Der.": 45, "Ruta": 36 }, "geometry": { "type": "Point", "coordinates": [ -64.34056, -33.0584348 ] } },
{ "type": "Feature", "properties": { "Name": "610.34", "P.K.": null, "Al.Dist. Izq.": 65, "Al.Dist. Der.": 45, "Ruta": 36 }, "geometry": { "type": "Point", "coordinates": [ -64.3405585, -33.0581249 ] } },
{ "type": "Feature", "properties": { "Name": "610.75", "P.K.": null, "Al.Dist. Izq.": 65, "Al.Dist. Der.": 45, "Ruta": 36 }, "geometry": { "type": "Point", "coordinates": [ -64.3405541, -33.0541992 ] } },
{ "type": "Feature", "properties": { "Name": "610.79", "P.K.": null, "Al.Dist. Izq.": 65, "Al.Dist. Der.": 45, "Ruta": 36 }, "geometry": { "type": "Point", "coordinates": [ -64.3405529, -33.0537859 ] } },
{ "type": "Feature", "properties": { "Name": "611.08", "P.K.": null, "Al.Dist. Izq.": 65, "Al.Dist. Der.": 45, "Ruta": 36 }, "geometry": { "type": "Point", "coordinates": [ -64.3405429, -33.0503768 ] } },
{ "type": "Feature", "properties": { "Name": "611.48", "P.K.": null, "Al.Dist. Izq.": 65, "Al.Dist. Der.": 45, "Ruta": 36 }, "geometry": { "type": "Point", "coordinates": [ -64.3405349, -33.0464511 ] } },
{ "type": "Feature", "properties": { "Name": "611.61", "P.K.": null, "Al.Dist. Izq.": 65, "Al.Dist. Der.": 45, "Ruta": 36 }, "geometry": { "type": "Point", "coordinates": [ -64.3405367, -33.0452114 ] } },
{ "type": "Feature", "properties": { "Name": "611.7", "P.K.": null, "Al.Dist. Izq.": 65, "Al.Dist. Der.": 45, "Ruta": 36 }, "geometry": { "type": "Point", "coordinates": [ -64.3405, -33.0444 ] } },
{ "type": "Feature", "properties": { "Name": "612.53", "P.K.": null, "Al.Dist. Izq.": 65, "Al.Dist. Der.": 45, "Ruta": 36 }, "geometry": { "type": "Point", "coordinates": [ -64.3405006, -33.0356037 ] } },
{ "type": "Feature", "properties": { "Name": "612.56", "P.K.": null, "Al.Dist. Izq.": 65, "Al.Dist. Der.": 45, "Ruta": 36 }, "geometry": { "type": "Point", "coordinates": [ -64.3404997, -33.0352938 ] } },
{ "type": "Feature", "properties": { "Name": "612.85", "P.K.": null, "Al.Dist. Izq.": 65, "Al.Dist. Der.": 45, "Ruta": 36 }, "geometry": { "type": "Point", "coordinates": [ -64.3404819, -33.0325045 ] } },
{ "type": "Feature", "properties": { "Name": "612.85", "P.K.": null, "Al.Dist. Izq.": 65, "Al.Dist. Der.": 35, "Ruta": 36 }, "geometry": { "type": "Point", "coordinates": [ -64.3404819, -33.0325045 ] } },
{ "type": "Feature", "properties": { "Name": "612.92", "P.K.": null, "Al.Dist. Izq.": 65, "Al.Dist. Der.": 35, "Ruta": 36 }, "geometry": { "type": "Point", "coordinates": [ -64.3404776, -33.0318847 ] } },
{ "type": "Feature", "properties": { "Name": "612.92", "P.K.": null, "Al.Dist. Izq.": 65, "Al.Dist. Der.": 35, "Ruta": 36 }, "geometry": { "type": "Point", "coordinates": [ -64.3404776, -33.0318847 ] } },
{ "type": "Feature", "properties": { "Name": "614.05", "P.K.": null, "Al.Dist. Izq.": 65, "Al.Dist. Der.": 35, "Ruta": 36 }, "geometry": { "type": "Point", "coordinates": [ -64.3404244, -33.0196104 ] } },
{ "type": "Feature", "properties": { "Name": "615.32", "P.K.": null, "Al.Dist. Izq.": 65, "Al.Dist. Der.": 35, "Ruta": 36 }, "geometry": { "type": "Point", "coordinates": [ -64.3403638, -33.006697 ] } },
{ "type": "Feature", "properties": { "Name": "615.62", "P.K.": null, "Al.Dist. Izq.": 65, "Al.Dist. Der.": 35, "Ruta": 36 }, "geometry": { "type": "Point", "coordinates": [ -64.3404, -33.0038 ] } },
{ "type": "Feature", "properties": { "Name": "616.14", "P.K.": null, "Al.Dist. Izq.": 65, "Al.Dist. Der.": 35, "Ruta": 36 }, "geometry": { "type": "Point", "coordinates": [ -64.3403559, -32.9981224 ] } },
{ "type": "Feature", "properties": { "Name": "616.53", "P.K.": null, "Al.Dist. Izq.": 65, "Al.Dist. Der.": 35, "Ruta": 36 }, "geometry": { "type": "Point", "coordinates": [ -64.3403489, -32.9944033 ] } },
{ "type": "Feature", "properties": { "Name": "617.52", "P.K.": null, "Al.Dist. Izq.": 65, "Al.Dist. Der.": 35, "Ruta": 36 }, "geometry": { "type": "Point", "coordinates": [ -64.343798, -32.9850922 ] } },
{ "type": "Feature", "properties": { "Name": "617.72", "P.K.": null, "Al.Dist. Izq.": 65, "Al.Dist. Der.": 35, "Ruta": 36 }, "geometry": { "type": "Point", "coordinates": [ -64.3450631, -32.9835914 ] } },
{ "type": "Feature", "properties": { "Name": "618", "P.K.": "PK618", "Al.Dist. Izq.": 65, "Al.Dist. Der.": 35, "Ruta": 36 }, "geometry": { "type": "Point", "coordinates": [ -64.3471938, -32.9810638 ] } },
{ "type": "Feature", "properties": { "Name": "618.09", "P.K.": null, "Al.Dist. Izq.": 65, "Al.Dist. Der.": 35, "Ruta": 36 }, "geometry": { "type": "Point", "coordinates": [ -64.3477264, -32.9804319 ] } },
{ "type": "Feature", "properties": { "Name": "618.09", "P.K.": null, "Al.Dist. Izq.": 65, "Al.Dist. Der.": 35, "Ruta": 36 }, "geometry": { "type": "Point", "coordinates": [ -64.3477264, -32.9804319 ] } },
{ "type": "Feature", "properties": { "Name": "618.16", "P.K.": null, "Al.Dist. Izq.": 65, "Al.Dist. Der.": 35, "Ruta": 36 }, "geometry": { "type": "Point", "coordinates": [ -64.3481925, -32.9798789 ] } },
{ "type": "Feature", "properties": { "Name": "618.41", "P.K.": null, "Al.Dist. Izq.": 65, "Al.Dist. Der.": 35, "Ruta": 36 }, "geometry": { "type": "Point", "coordinates": [ -64.3497904, -32.9779831 ] } },
{ "type": "Feature", "properties": { "Name": "618.41", "P.K.": null, "Al.Dist. Izq.": 65, "Al.Dist. Der.": 35, "Ruta": 36 }, "geometry": { "type": "Point", "coordinates": [ -64.3497904, -32.9779831 ] } },
{ "type": "Feature", "properties": { "Name": "619", "P.K.": "PK619", "Al.Dist. Izq.": 65, "Al.Dist. Der.": 35, "Ruta": 36 }, "geometry": { "type": "Point", "coordinates": [ -64.3534122, -32.9728722 ] } },
{ "type": "Feature", "properties": { "Name": "619.03", "P.K.": null, "Al.Dist. Izq.": 65, "Al.Dist. Der.": 35, "Ruta": 36 }, "geometry": { "type": "Point", "coordinates": [ -64.3535191, -32.9725813 ] } },
{ "type": "Feature", "properties": { "Name": "619.04", "P.K.": null, "Al.Dist. Izq.": 65, "Al.Dist. Der.": 35, "Ruta": 36 }, "geometry": { "type": "Point", "coordinates": [ -64.3535547, -32.9724843 ] } },
{ "type": "Feature", "properties": { "Name": "619.55", "P.K.": null, "Al.Dist. Izq.": 65, "Al.Dist. Der.": 35, "Ruta": 36 }, "geometry": { "type": "Point", "coordinates": [ -64.354596, -32.9673209 ] } },
{ "type": "Feature", "properties": { "Name": "619.85", "P.K.": null, "Al.Dist. Izq.": 65, "Al.Dist. Der.": 35, "Ruta": 36 }, "geometry": { "type": "Point", "coordinates": [ -64.3551985, -32.9642808 ] } },
{ "type": "Feature", "properties": { "Name": "619.85", "P.K.": null, "Al.Dist. Izq.": 65, "Al.Dist. Der.": 35, "Ruta": 36 }, "geometry": { "type": "Point", "coordinates": [ -64.3551985, -32.9642808 ] } },
{ "type": "Feature", "properties": { "Name": "620", "P.K.": "PK620", "Al.Dist. Izq.": 65, "Al.Dist. Der.": 35, "Ruta": 36 }, "geometry": { "type": "Point", "coordinates": [ -64.3554984, -32.9627604 ] } },
{ "type": "Feature", "properties": { "Name": "620.03", "P.K.": null, "Al.Dist. Izq.": 65, "Al.Dist. Der.": 35, "Ruta": 36 }, "geometry": { "type": "Point", "coordinates": [ -64.3555583, -32.9624563 ] } },
{ "type": "Feature", "properties": { "Name": "620.32", "P.K.": null, "Al.Dist. Izq.": 65, "Al.Dist. Der.": 35, "Ruta": 36 }, "geometry": { "type": "Point", "coordinates": [ -64.3561375, -32.9595169 ] } },
{ "type": "Feature", "properties": { "Name": "620.47", "P.K.": null, "Al.Dist. Izq.": 65, "Al.Dist. Der.": 35, "Ruta": 36 }, "geometry": { "type": "Point", "coordinates": [ -64.3564419, -32.9579975 ] } },
{ "type": "Feature", "properties": { "Name": "620.52", "P.K.": null, "Al.Dist. Izq.": 65, "Al.Dist. Der.": 35, "Ruta": 36 }, "geometry": { "type": "Point", "coordinates": [ -64.3565231, -32.9575923 ] } },
{ "type": "Feature", "properties": { "Name": "621.13", "P.K.": null, "Al.Dist. Izq.": 65, "Al.Dist. Der.": 35, "Ruta": 36 }, "geometry": { "type": "Point", "coordinates": [ -64.3577645, -32.9513086 ] } },
{ "type": "Feature", "properties": { "Name": "622.22", "P.K.": null, "Al.Dist. Izq.": 65, "Al.Dist. Der.": 35, "Ruta": 36 }, "geometry": { "type": "Point", "coordinates": [ -64.3599, -32.9403 ] } },
{ "type": "Feature", "properties": { "Name": "623", "P.K.": "PK623", "Al.Dist. Izq.": 65, "Al.Dist. Der.": 35, "Ruta": 36 }, "geometry": { "type": "Point", "coordinates": [ -64.3614948, -32.9323926 ] } },
{ "type": "Feature", "properties": { "Name": "625", "P.K.": "PK625", "Al.Dist. Izq.": 65, "Al.Dist. Der.": 35, "Ruta": 36 }, "geometry": { "type": "Point", "coordinates": [ -64.3654953, -32.9121233 ] } },
{ "type": "Feature", "properties": { "Name": "625.01", "P.K.": null, "Al.Dist. Izq.": 65, "Al.Dist. Der.": 35, "Ruta": 36 }, "geometry": { "type": "Point", "coordinates": [ -64.365515, -32.9120219 ] } },
{ "type": "Feature", "properties": { "Name": "625.43", "P.K.": null, "Al.Dist. Izq.": 65, "Al.Dist. Der.": 35, "Ruta": 36 }, "geometry": { "type": "Point", "coordinates": [ -64.3663423, -32.9077625 ] } },
{ "type": "Feature", "properties": { "Name": "625.43", "P.K.": null, "Al.Dist. Izq.": 65, "Al.Dist. Der.": 35, "Ruta": 36 }, "geometry": { "type": "Point", "coordinates": [ -64.3663423, -32.9077625 ] } },
{ "type": "Feature", "properties": { "Name": "625.75", "P.K.": null, "Al.Dist. Izq.": 65, "Al.Dist. Der.": 35, "Ruta": 36 }, "geometry": { "type": "Point", "coordinates": [ -64.3668929, -32.9049273 ] } },
{ "type": "Feature", "properties": { "Name": "625.75", "P.K.": null, "Al.Dist. Izq.": 65, "Al.Dist. Der.": 35, "Ruta": 36 }, "geometry": { "type": "Point", "coordinates": [ -64.3668929, -32.9049273 ] } },
{ "type": "Feature", "properties": { "Name": "626", "P.K.": "PK626", "Al.Dist. Izq.": 65, "Al.Dist. Der.": 35, "Ruta": 36 }, "geometry": { "type": "Point", "coordinates": [ -64.3673247, -32.9027125 ] } },
{ "type": "Feature", "properties": { "Name": "626.38", "P.K.": null, "Al.Dist. Izq.": 65, "Al.Dist. Der.": 35, "Ruta": 36 }, "geometry": { "type": "Point", "coordinates": [ -64.367959, -32.8995258 ] } },
{ "type": "Feature", "properties": { "Name": "627", "P.K.": "PK627", "Al.Dist. Izq.": 65, "Al.Dist. Der.": 35, "Ruta": 36 }, "geometry": { "type": "Point", "coordinates": [ -64.3690865, -32.8938604 ] } },
{ "type": "Feature", "properties": { "Name": "627.44", "P.K.": null, "Al.Dist. Izq.": 65, "Al.Dist. Der.": 35, "Ruta": 36 }, "geometry": { "type": "Point", "coordinates": [ -64.3698565, -32.8899645 ] } },
{ "type": "Feature", "properties": { "Name": "627.44", "P.K.": null, "Al.Dist. Izq.": 65, "Al.Dist. Der.": 35, "Ruta": 36 }, "geometry": { "type": "Point", "coordinates": [ -64.3698565, -32.8899645 ] } },
{ "type": "Feature", "properties": { "Name": "628", "P.K.": "PK628", "Al.Dist. Izq.": 65, "Al.Dist. Der.": 35, "Ruta": 36 }, "geometry": { "type": "Point", "coordinates": [ -64.3708352, -32.8850057 ] } },
{ "type": "Feature", "properties": { "Name": "628.32", "P.K.": null, "Al.Dist. Izq.": 65, "Al.Dist. Der.": 35, "Ruta": 36 }, "geometry": { "type": "Point", "coordinates": [ -64.3713579, -32.8823489 ] } },
{ "type": "Feature", "properties": { "Name": "628.42", "P.K.": null, "Al.Dist. Izq.": 65, "Al.Dist. Der.": 35, "Ruta": 36 }, "geometry": { "type": "Point", "coordinates": [ -64.3714243, -32.8814506 ] } },
{ "type": "Feature", "properties": { "Name": "628.42", "P.K.": null, "Al.Dist. Izq.": 65, "Al.Dist. Der.": 35, "Ruta": 36 }, "geometry": { "type": "Point", "coordinates": [ -64.3714243, -32.8814506 ] } },
{ "type": "Feature", "properties": { "Name": "628.49", "P.K.": null, "Al.Dist. Izq.": 65, "Al.Dist. Der.": 35, "Ruta": 36 }, "geometry": { "type": "Point", "coordinates": [ -64.3714272, -32.8809092 ] } },
{ "type": "Feature", "properties": { "Name": "628.49", "P.K.": null, "Al.Dist. Izq.": 65, "Al.Dist. Der.": 35, "Ruta": 36 }, "geometry": { "type": "Point", "coordinates": [ -64.3714272, -32.8809092 ] } },
{ "type": "Feature", "properties": { "Name": "628.7", "P.K.": null, "Al.Dist. Izq.": 65, "Al.Dist. Der.": 35, "Ruta": 36 }, "geometry": { "type": "Point", "coordinates": [ -64.3710263, -32.8791616 ] } },
{ "type": "Feature", "properties": { "Name": "629.05", "P.K.": null, "Al.Dist. Izq.": 65, "Al.Dist. Der.": 35, "Ruta": 36 }, "geometry": { "type": "Point", "coordinates": [ -64.369, -32.8763 ] } },
{ "type": "Feature", "properties": { "Name": "629.32", "P.K.": null, "Al.Dist. Izq.": 65, "Al.Dist. Der.": 35, "Ruta": 36 }, "geometry": { "type": "Point", "coordinates": [ -64.3680387, -32.8741712 ] } },
{ "type": "Feature", "properties": { "Name": "629.64", "P.K.": null, "Al.Dist. Izq.": 65, "Al.Dist. Der.": 35, "Ruta": 36 }, "geometry": { "type": "Point", "coordinates": [ -64.3665404, -32.8719162 ] } },
{ "type": "Feature", "properties": { "Name": "629.64", "P.K.": null, "Al.Dist. Izq.": 65, "Al.Dist. Der.": 35, "Ruta": 36 }, "geometry": { "type": "Point", "coordinates": [ -64.3665404, -32.8719162 ] } },
{ "type": "Feature", "properties": { "Name": "629.64", "P.K.": null, "Al.Dist. Izq.": 65, "Al.Dist. Der.": 35, "Ruta": 36 }, "geometry": { "type": "Point", "coordinates": [ -64.3665404, -32.8719162 ] } },
{ "type": "Feature", "properties": { "Name": "631.56", "P.K.": null, "Al.Dist. Izq.": 65, "Al.Dist. Der.": 35, "Ruta": 36 }, "geometry": { "type": "Point", "coordinates": [ -64.35698, -32.8575711 ] } },
{ "type": "Feature", "properties": { "Name": "631.71", "P.K.": null, "Al.Dist. Izq.": 65, "Al.Dist. Der.": 35, "Ruta": 36 }, "geometry": { "type": "Point", "coordinates": [ -64.3561862, -32.8564762 ] } },
{ "type": "Feature", "properties": { "Name": "631.82", "P.K.": null, "Al.Dist. Izq.": 65, "Al.Dist. Der.": 35, "Ruta": 36 }, "geometry": { "type": "Point", "coordinates": [ -64.3556076, -32.8557835 ] } },
{ "type": "Feature", "properties": { "Name": "632.11", "P.K.": null, "Al.Dist. Izq.": 65, "Al.Dist. Der.": 35, "Ruta": 36 }, "geometry": { "type": "Point", "coordinates": [ -64.3537112, -32.8534868 ] } },
{ "type": "Feature", "properties": { "Name": "632.11", "P.K.": null, "Al.Dist. Izq.": 65, "Al.Dist. Der.": 35, "Ruta": 36 }, "geometry": { "type": "Point", "coordinates": [ -64.3537112, -32.8534868 ] } },
{ "type": "Feature", "properties": { "Name": "632.4", "P.K.": null, "Al.Dist. Izq.": 65, "Al.Dist. Der.": 35, "Ruta": 36 }, "geometry": { "type": "Point", "coordinates": [ -64.3521198, -32.8515245 ] } },
{ "type": "Feature", "properties": { "Name": "632.78", "P.K.": null, "Al.Dist. Izq.": 65, "Al.Dist. Der.": 35, "Ruta": 36 }, "geometry": { "type": "Point", "coordinates": [ -64.3506649, -32.8486341 ] } },
{ "type": "Feature", "properties": { "Name": "632.92", "P.K.": null, "Al.Dist. Izq.": 65, "Al.Dist. Der.": 35, "Ruta": 36 }, "geometry": { "type": "Point", "coordinates": [ -64.350386, -32.8474958 ] } },
{ "type": "Feature", "properties": { "Name": "632.95", "P.K.": null, "Al.Dist. Izq.": 65, "Al.Dist. Der.": 35, "Ruta": 36 }, "geometry": { "type": "Point", "coordinates": [ -64.3503353, -32.8472298 ] } },
{ "type": "Feature", "properties": { "Name": "633.21", "P.K.": null, "Al.Dist. Izq.": 65, "Al.Dist. Der.": 35, "Ruta": 36 }, "geometry": { "type": "Point", "coordinates": [ -64.3500836, -32.8445368 ] } },
{ "type": "Feature", "properties": { "Name": "633.7", "P.K.": null, "Al.Dist. Izq.": 65, "Al.Dist. Der.": 35, "Ruta": 36 }, "geometry": { "type": "Point", "coordinates": [ -64.3488, -32.8405 ] } },
{ "type": "Feature", "properties": { "Name": "633.95", "P.K.": null, "Al.Dist. Izq.": 65, "Al.Dist. Der.": 35, "Ruta": 36 }, "geometry": { "type": "Point", "coordinates": [ -64.3480421, -32.8386142 ] } },
{ "type": "Feature", "properties": { "Name": "633.95", "P.K.": null, "Al.Dist. Izq.": 65, "Al.Dist. Der.": 45, "Ruta": 36 }, "geometry": { "type": "Point", "coordinates": [ -64.3480421, -32.8386142 ] } },
{ "type": "Feature", "properties": { "Name": "634.24", "P.K.": null, "Al.Dist. Izq.": 65, "Al.Dist. Der.": 45, "Ruta": 36 }, "geometry": { "type": "Point", "coordinates": [ -64.3461577, -32.8363113 ] } },
{ "type": "Feature", "properties": { "Name": "634.48", "P.K.": null, "Al.Dist. Izq.": 65, "Al.Dist. Der.": 45, "Ruta": 36 }, "geometry": { "type": "Point", "coordinates": [ -64.3448993, -32.8347754 ] } },
{ "type": "Feature", "properties": { "Name": "634.9", "P.K.": null, "Al.Dist. Izq.": 65, "Al.Dist. Der.": 45, "Ruta": 36 }, "geometry": { "type": "Point", "coordinates": [ -64.3430704, -32.8316716 ] } },
{ "type": "Feature", "properties": { "Name": "635.43", "P.K.": null, "Al.Dist. Izq.": 65, "Al.Dist. Der.": 45, "Ruta": 36 }, "geometry": { "type": "Point", "coordinates": [ -64.3416503, -32.8269316 ] } },
{ "type": "Feature", "properties": { "Name": "635.77", "P.K.": null, "Al.Dist. Izq.": 65, "Al.Dist. Der.": 45, "Ruta": 36 }, "geometry": { "type": "Point", "coordinates": [ -64.341069, -32.8241024 ] } },
{ "type": "Feature", "properties": { "Name": "635.88", "P.K.": null, "Al.Dist. Izq.": 65, "Al.Dist. Der.": 45, "Ruta": 36 }, "geometry": { "type": "Point", "coordinates": [ -64.34087, -32.8231297 ] } },
{ "type": "Feature", "properties": { "Name": "636", "P.K.": "PK636", "Al.Dist. Izq.": 65, "Al.Dist. Der.": 45, "Ruta": 36 }, "geometry": { "type": "Point", "coordinates": [ -64.3405595, -32.8216271 ] } },
{ "type": "Feature", "properties": { "Name": "636.09", "P.K.": null, "Al.Dist. Izq.": 65, "Al.Dist. Der.": 45, "Ruta": 36 }, "geometry": { "type": "Point", "coordinates": [ -64.3403947, -32.8208317 ] } },
{ "type": "Feature", "properties": { "Name": "636.36", "P.K.": null, "Al.Dist. Izq.": 65, "Al.Dist. Der.": 45, "Ruta": 36 }, "geometry": { "type": "Point", "coordinates": [ -64.3399006, -32.8184454 ] } },
{ "type": "Feature", "properties": { "Name": "636.92", "P.K.": null, "Al.Dist. Izq.": 65, "Al.Dist. Der.": 45, "Ruta": 36 }, "geometry": { "type": "Point", "coordinates": [ -64.3388832, -32.8134944 ] } },
{ "type": "Feature", "properties": { "Name": "637", "P.K.": "PK637", "Al.Dist. Izq.": 65, "Al.Dist. Der.": 45, "Ruta": 36 }, "geometry": { "type": "Point", "coordinates": [ -64.3387394, -32.8127868 ] } },
{ "type": "Feature", "properties": { "Name": "637.13", "P.K.": null, "Al.Dist. Izq.": 65, "Al.Dist. Der.": 45, "Ruta": 36 }, "geometry": { "type": "Point", "coordinates": [ -64.3385057, -32.811637 ] } },
{ "type": "Feature", "properties": { "Name": "637.78", "P.K.": null, "Al.Dist. Izq.": 65, "Al.Dist. Der.": 45, "Ruta": 36 }, "geometry": { "type": "Point", "coordinates": [ -64.3373204, -32.8058913 ] } },
{ "type": "Feature", "properties": { "Name": "637.8", "P.K.": null, "Al.Dist. Izq.": 65, "Al.Dist. Der.": 45, "Ruta": 36 }, "geometry": { "type": "Point", "coordinates": [ -64.3372837, -32.8057145 ] } },
{ "type": "Feature", "properties": { "Name": "638.09", "P.K.": null, "Al.Dist. Izq.": 65, "Al.Dist. Der.": 45, "Ruta": 36 }, "geometry": { "type": "Point", "coordinates": [ -64.3367051, -32.8031623 ] } },
{ "type": "Feature", "properties": { "Name": "638.28", "P.K.": null, "Al.Dist. Izq.": 65, "Al.Dist. Der.": 45, "Ruta": 36 }, "geometry": { "type": "Point", "coordinates": [ -64.3362603, -32.8015061 ] } },
{ "type": "Feature", "properties": { "Name": "638.4", "P.K.": null, "Al.Dist. Izq.": 65, "Al.Dist. Der.": 45, "Ruta": 36 }, "geometry": { "type": "Point", "coordinates": [ -64.3359002, -32.8004873 ] } },
{ "type": "Feature", "properties": { "Name": "638.42", "P.K.": null, "Al.Dist. Izq.": 65, "Al.Dist. Der.": 45, "Ruta": 36 }, "geometry": { "type": "Point", "coordinates": [ -64.335829, -32.8003214 ] } },
{ "type": "Feature", "properties": { "Name": "638.48", "P.K.": null, "Al.Dist. Izq.": 65, "Al.Dist. Der.": 45, "Ruta": 36 }, "geometry": { "type": "Point", "coordinates": [ -64.3356, -32.7998 ] } },
{ "type": "Feature", "properties": { "Name": "638.52", "P.K.": null, "Al.Dist. Izq.": 65, "Al.Dist. Der.": 45, "Ruta": 36 }, "geometry": { "type": "Point", "coordinates": [ -64.3353828, -32.7995396 ] } },
{ "type": "Feature", "properties": { "Name": "638.52", "P.K.": null, "Al.Dist. Izq.": 65, "Al.Dist. Der.": 35, "Ruta": 36 }, "geometry": { "type": "Point", "coordinates": [ -64.3353828, -32.7995396 ] } },
{ "type": "Feature", "properties": { "Name": "638.98", "P.K.": null, "Al.Dist. Izq.": 65, "Al.Dist. Der.": 35, "Ruta": 36 }, "geometry": { "type": "Point", "coordinates": [ -64.3325, -32.7966 ] } },
{ "type": "Feature", "properties": { "Name": "639.32", "P.K.": null, "Al.Dist. Izq.": 65, "Al.Dist. Der.": 35, "Ruta": 36 }, "geometry": { "type": "Point", "coordinates": [ -64.330732, -32.7941077 ] } },
{ "type": "Feature", "properties": { "Name": "639.47", "P.K.": null, "Al.Dist. Izq.": 65, "Al.Dist. Der.": 35, "Ruta": 36 }, "geometry": { "type": "Point", "coordinates": [ -64.3300302, -32.792952 ] } },
{ "type": "Feature", "properties": { "Name": "639.62", "P.K.": null, "Al.Dist. Izq.": 65, "Al.Dist. Der.": 35, "Ruta": 36 }, "geometry": { "type": "Point", "coordinates": [ -64.3295091, -32.7917049 ] } },
{ "type": "Feature", "properties": { "Name": "639.7", "P.K.": null, "Al.Dist. Izq.": 65, "Al.Dist. Der.": 35, "Ruta": 36 }, "geometry": { "type": "Point", "coordinates": [ -64.3293112, -32.7910106 ] } },
{ "type": "Feature", "properties": { "Name": "639.72", "P.K.": null, "Al.Dist. Izq.": 65, "Al.Dist. Der.": 35, "Ruta": 36 }, "geometry": { "type": "Point", "coordinates": [ -64.3292649, -32.7908362 ] } },
{ "type": "Feature", "properties": { "Name": "640.04", "P.K.": null, "Al.Dist. Izq.": 65, "Al.Dist. Der.": 35, "Ruta": 36 }, "geometry": { "type": "Point", "coordinates": [ -64.3285502, -32.7880378 ] } },
{ "type": "Feature", "properties": { "Name": "640.04", "P.K.": null, "Al.Dist. Izq.": 65, "Al.Dist. Der.": 35, "Ruta": 36 }, "geometry": { "type": "Point", "coordinates": [ -64.3285502, -32.7880378 ] } },
{ "type": "Feature", "properties": { "Name": "640.87", "P.K.": null, "Al.Dist. Izq.": 65, "Al.Dist. Der.": 35, "Ruta": 36 }, "geometry": { "type": "Point", "coordinates": [ -64.3266, -32.7808 ] } },
{ "type": "Feature", "properties": { "Name": "641.7", "P.K.": null, "Al.Dist. Izq.": 65, "Al.Dist. Der.": 35, "Ruta": 36 }, "geometry": { "type": "Point", "coordinates": [ -64.3249026, -32.7735195 ] } },
{ "type": "Feature", "properties": { "Name": "641.93", "P.K.": null, "Al.Dist. Izq.": 65, "Al.Dist. Der.": 35, "Ruta": 36 }, "geometry": { "type": "Point", "coordinates": [ -64.324392, -32.7715073 ] } },
{ "type": "Feature", "properties": { "Name": "642.36", "P.K.": null, "Al.Dist. Izq.": 65, "Al.Dist. Der.": 35, "Ruta": 36 }, "geometry": { "type": "Point", "coordinates": [ -64.3234431, -32.7677441 ] } },
{ "type": "Feature", "properties": { "Name": "642.4", "P.K.": null, "Al.Dist. Izq.": 65, "Al.Dist. Der.": 35, "Ruta": 36 }, "geometry": { "type": "Point", "coordinates": [ -64.3233547, -32.767394 ] } },
{ "type": "Feature", "properties": { "Name": "642.4", "P.K.": null, "Al.Dist. Izq.": 65, "Al.Dist. Der.": 35, "Ruta": 36 }, "geometry": { "type": "Point", "coordinates": [ -64.3233547, -32.767394 ] } },
{ "type": "Feature", "properties": { "Name": "642.87", "P.K.": null, "Al.Dist. Izq.": 65, "Al.Dist. Der.": 35, "Ruta": 36 }, "geometry": { "type": "Point", "coordinates": [ -64.3223198, -32.7632801 ] } },
{ "type": "Feature", "properties": { "Name": "642.87", "P.K.": null, "Al.Dist. Izq.": 65, "Al.Dist. Der.": 35, "Ruta": 36 }, "geometry": { "type": "Point", "coordinates": [ -64.3223198, -32.7632801 ] } },
{ "type": "Feature", "properties": { "Name": "642.97", "P.K.": null, "Al.Dist. Izq.": 65, "Al.Dist. Der.": 35, "Ruta": 36 }, "geometry": { "type": "Point", "coordinates": [ -64.3221007, -32.7624045 ] } },
{ "type": "Feature", "properties": { "Name": "643.28", "P.K.": null, "Al.Dist. Izq.": 65, "Al.Dist. Der.": 35, "Ruta": 36 }, "geometry": { "type": "Point", "coordinates": [ -64.321, -32.7598 ] } },
{ "type": "Feature", "properties": { "Name": "643.57", "P.K.": null, "Al.Dist. Izq.": 65, "Al.Dist. Der.": 35, "Ruta": 36 }, "geometry": { "type": "Point", "coordinates": [ -64.3206897, -32.7569735 ] } },
{ "type": "Feature", "properties": { "Name": "643.61", "P.K.": null, "Al.Dist. Izq.": 65, "Al.Dist. Der.": 35, "Ruta": 36 }, "geometry": { "type": "Point", "coordinates": [ -64.3206135, -32.756573 ] } },
{ "type": "Feature", "properties": { "Name": "643.61", "P.K.": null, "Al.Dist. Izq.": 65, "Al.Dist. Der.": 35, "Ruta": 36 }, "geometry": { "type": "Point", "coordinates": [ -64.3206135, -32.756573 ] } },
{ "type": "Feature", "properties": { "Name": "643.75", "P.K.": null, "Al.Dist. Izq.": 65, "Al.Dist. Der.": 35, "Ruta": 36 }, "geometry": { "type": "Point", "coordinates": [ -64.3202864, -32.7551835 ] } },
{ "type": "Feature", "properties": { "Name": "644", "P.K.": null, "Al.Dist. Izq.": 65, "Al.Dist. Der.": 35, "Ruta": 36 }, "geometry": { "type": "Point", "coordinates": [ -64.3200241, -32.7526572 ] } },
{ "type": "Feature", "properties": { "Name": "644", "P.K.": null, "Al.Dist. Izq.": 65, "Al.Dist. Der.": 35, "Ruta": 36 }, "geometry": { "type": "Point", "coordinates": [ -64.3200241, -32.7526572 ] } },
{ "type": "Feature", "properties": { "Name": "644.04", "P.K.": null, "Al.Dist. Izq.": 65, "Al.Dist. Der.": 35, "Ruta": 36 }, "geometry": { "type": "Point", "coordinates": [ -64.3200386, -32.7522496 ] } },
{ "type": "Feature", "properties": { "Name": "644.19", "P.K.": null, "Al.Dist. Izq.": 65, "Al.Dist. Der.": 35, "Ruta": 36 }, "geometry": { "type": "Point", "coordinates": [ -64.3202548, -32.7507366 ] } },
{ "type": "Feature", "properties": { "Name": "644.5", "P.K.": null, "Al.Dist. Izq.": 65, "Al.Dist. Der.": 35, "Ruta": 36 }, "geometry": { "type": "Point", "coordinates": [ -64.3208448, -32.7476325 ] } },
{ "type": "Feature", "properties": { "Name": "644.59", "P.K.": null, "Al.Dist. Izq.": 65, "Al.Dist. Der.": 35, "Ruta": 36 }, "geometry": { "type": "Point", "coordinates": [ -64.320882, -32.7467164 ] } },
{ "type": "Feature", "properties": { "Name": "644.75", "P.K.": null, "Al.Dist. Izq.": 65, "Al.Dist. Der.": 35, "Ruta": 36 }, "geometry": { "type": "Point", "coordinates": [ -64.3207351, -32.7450935 ] } },
{ "type": "Feature", "properties": { "Name": "644.75", "P.K.": null, "Al.Dist. Izq.": 65, "Al.Dist. Der.": 35, "Ruta": 36 }, "geometry": { "type": "Point", "coordinates": [ -64.3207351, -32.7450935 ] } },
{ "type": "Feature", "properties": { "Name": "644.96", "P.K.": null, "Al.Dist. Izq.": 65, "Al.Dist. Der.": 35, "Ruta": 36 }, "geometry": { "type": "Point", "coordinates": [ -64.3202234, -32.7430144 ] } },
{ "type": "Feature", "properties": { "Name": "644.98", "P.K.": null, "Al.Dist. Izq.": 65, "Al.Dist. Der.": 35, "Ruta": 36 }, "geometry": { "type": "Point", "coordinates": [ -64.3201741, -32.7428165 ] } },
{ "type": "Feature", "properties": { "Name": "645.21", "P.K.": null, "Al.Dist. Izq.": 65, "Al.Dist. Der.": 35, "Ruta": 36 }, "geometry": { "type": "Point", "coordinates": [ -64.3196029, -32.7405416 ] } },
{ "type": "Feature", "properties": { "Name": "645.32", "P.K.": null, "Al.Dist. Izq.": 65, "Al.Dist. Der.": 35, "Ruta": 36 }, "geometry": { "type": "Point", "coordinates": [ -64.3193283, -32.739454 ] } },
{ "type": "Feature", "properties": { "Name": "645.32", "P.K.": null, "Al.Dist. Izq.": 65, "Al.Dist. Der.": 35, "Ruta": 36 }, "geometry": { "type": "Point", "coordinates": [ -64.3193283, -32.739454 ] } },
{ "type": "Feature", "properties": { "Name": "645.61", "P.K.": null, "Al.Dist. Izq.": 65, "Al.Dist. Der.": 35, "Ruta": 36 }, "geometry": { "type": "Point", "coordinates": [ -64.3186009, -32.7365875 ] } },
{ "type": "Feature", "properties": { "Name": "645.61", "P.K.": null, "Al.Dist. Izq.": 65, "Al.Dist. Der.": 35, "Ruta": 36 }, "geometry": { "type": "Point", "coordinates": [ -64.3186009, -32.7365875 ] } },
{ "type": "Feature", "properties": { "Name": "645.86", "P.K.": null, "Al.Dist. Izq.": 65, "Al.Dist. Der.": 35, "Ruta": 36 }, "geometry": { "type": "Point", "coordinates": [ -64.3179733, -32.7341165 ] } },
{ "type": "Feature", "properties": { "Name": "645.86", "P.K.": null, "Al.Dist. Izq.": 65, "Al.Dist. Der.": 35, "Ruta": 36 }, "geometry": { "type": "Point", "coordinates": [ -64.3179733, -32.7341165 ] } },
{ "type": "Feature", "properties": { "Name": "646.09", "P.K.": null, "Al.Dist. Izq.": 65, "Al.Dist. Der.": 35, "Ruta": 36 }, "geometry": { "type": "Point", "coordinates": [ -64.3173971, -32.7318429 ] } },
{ "type": "Feature", "properties": { "Name": "646.09", "P.K.": null, "Al.Dist. Izq.": 65, "Al.Dist. Der.": 35, "Ruta": 36 }, "geometry": { "type": "Point", "coordinates": [ -64.3173971, -32.7318429 ] } },
{ "type": "Feature", "properties": { "Name": "646.46", "P.K.": null, "Al.Dist. Izq.": 65, "Al.Dist. Der.": 35, "Ruta": 36 }, "geometry": { "type": "Point", "coordinates": [ -64.316889, -32.7281224 ] } },
{ "type": "Feature", "properties": { "Name": "646.67", "P.K.": null, "Al.Dist. Izq.": 65, "Al.Dist. Der.": 35, "Ruta": 36 }, "geometry": { "type": "Point", "coordinates": [ -64.3172119, -32.7260093 ] } },
{ "type": "Feature", "properties": { "Name": "646.91", "P.K.": null, "Al.Dist. Izq.": 65, "Al.Dist. Der.": 35, "Ruta": 36 }, "geometry": { "type": "Point", "coordinates": [ -64.3181486, -32.7237549 ] } },
{ "type": "Feature", "properties": { "Name": "647.03", "P.K.": null, "Al.Dist. Izq.": 65, "Al.Dist. Der.": 35, "Ruta": 36 }, "geometry": { "type": "Point", "coordinates": [ -64.3187969, -32.7227181 ] } },
{ "type": "Feature", "properties": { "Name": "647.85", "P.K.": null, "Al.Dist. Izq.": 65, "Al.Dist. Der.": 35, "Ruta": 36 }, "geometry": { "type": "Point", "coordinates": [ -64.3254833, -32.7179409 ] } },
{ "type": "Feature", "properties": { "Name": "648.47", "P.K.": null, "Al.Dist. Izq.": 65, "Al.Dist. Der.": 35, "Ruta": 36 }, "geometry": { "type": "Point", "coordinates": [ -64.3316854, -32.7167519 ] } },
{ "type": "Feature", "properties": { "Name": "648.62", "P.K.": null, "Al.Dist. Izq.": 65, "Al.Dist. Der.": 35, "Ruta": 36 }, "geometry": { "type": "Point", "coordinates": [ -64.3331958, -32.7165101 ] } },
{ "type": "Feature", "properties": { "Name": "648.62", "P.K.": null, "Al.Dist. Izq.": 65, "Al.Dist. Der.": 35, "Ruta": 36 }, "geometry": { "type": "Point", "coordinates": [ -64.3331958, -32.7165101 ] } },
{ "type": "Feature", "properties": { "Name": "649.06", "P.K.": null, "Al.Dist. Izq.": 65, "Al.Dist. Der.": 35, "Ruta": 36 }, "geometry": { "type": "Point", "coordinates": [ -64.3376238, -32.7157842 ] } },
{ "type": "Feature", "properties": { "Name": "649.36", "P.K.": null, "Al.Dist. Izq.": 65, "Al.Dist. Der.": 35, "Ruta": 36 }, "geometry": { "type": "Point", "coordinates": [ -64.3405985, -32.7150963 ] } },
{ "type": "Feature", "properties": { "Name": "650.01", "P.K.": null, "Al.Dist. Izq.": 65, "Al.Dist. Der.": 35, "Ruta": 36 }, "geometry": { "type": "Point", "coordinates": [ -64.3463, -32.7119 ] } },
{ "type": "Feature", "properties": { "Name": "650.11", "P.K.": null, "Al.Dist. Izq.": 65, "Al.Dist. Der.": 35, "Ruta": 36 }, "geometry": { "type": "Point", "coordinates": [ -64.3471251, -32.7112156 ] } },
{ "type": "Feature", "properties": { "Name": "650.45", "P.K.": null, "Al.Dist. Izq.": 65, "Al.Dist. Der.": 35, "Ruta": 36 }, "geometry": { "type": "Point", "coordinates": [ -64.3488571, -32.708253 ] } },
{ "type": "Feature", "properties": { "Name": "651.03", "P.K.": null, "Al.Dist. Izq.": 65, "Al.Dist. Der.": 35, "Ruta": 36 }, "geometry": { "type": "Point", "coordinates": [ -64.3491889, -32.7023981 ] } },
{ "type": "Feature", "properties": { "Name": "651.04", "P.K.": null, "Al.Dist. Izq.": 65, "Al.Dist. Der.": 35, "Ruta": 36 }, "geometry": { "type": "Point", "coordinates": [ -64.3492087, -32.7022981 ] } },
{ "type": "Feature", "properties": { "Name": "651.04", "P.K.": null, "Al.Dist. Izq.": 65, "Al.Dist. Der.": 35, "Ruta": 36 }, "geometry": { "type": "Point", "coordinates": [ -64.3492087, -32.7022981 ] } },
{ "type": "Feature", "properties": { "Name": "651.19", "P.K.": null, "Al.Dist. Izq.": 65, "Al.Dist. Der.": 35, "Ruta": 36 }, "geometry": { "type": "Point", "coordinates": [ -64.3496612, -32.7008413 ] } },
{ "type": "Feature", "properties": { "Name": "651.22", "P.K.": null, "Al.Dist. Izq.": 65, "Al.Dist. Der.": 35, "Ruta": 36 }, "geometry": { "type": "Point", "coordinates": [ -64.3497757, -32.7005576 ] } },
{ "type": "Feature", "properties": { "Name": "651.22", "P.K.": null, "Al.Dist. Izq.": 65, "Al.Dist. Der.": 35, "Ruta": 36 }, "geometry": { "type": "Point", "coordinates": [ -64.3497757, -32.7005576 ] } },
{ "type": "Feature", "properties": { "Name": "651.6", "P.K.": null, "Al.Dist. Izq.": 65, "Al.Dist. Der.": 35, "Ruta": 36 }, "geometry": { "type": "Point", "coordinates": [ -64.3516564, -32.6971723 ] } },
{ "type": "Feature", "properties": { "Name": "651.74", "P.K.": null, "Al.Dist. Izq.": 65, "Al.Dist. Der.": 35, "Ruta": 36 }, "geometry": { "type": "Point", "coordinates": [ -64.3523054, -32.6959013 ] } },
{ "type": "Feature", "properties": { "Name": "651.74", "P.K.": null, "Al.Dist. Izq.": 65, "Al.Dist. Der.": 35, "Ruta": 36 }, "geometry": { "type": "Point", "coordinates": [ -64.3523054, -32.6959013 ] } },
{ "type": "Feature", "properties": { "Name": "651.89", "P.K.": null, "Al.Dist. Izq.": null, "Al.Dist. Der.": null, "Ruta": 36 }, "geometry": { "type": "Point", "coordinates": [ -64.3527811, -32.6944498 ] } },
{ "type": "Feature", "properties": { "Name": "651.89", "P.K.": null, "Al.Dist. Izq.": 25, "Al.Dist. Der.": 15, "Ruta": 36 }, "geometry": { "type": "Point", "coordinates": [ -64.3527811, -32.6944498 ] } },
{ "type": "Feature", "properties": { "Name": "652", "P.K.": "PK652", "Al.Dist. Izq.": 25, "Al.Dist. Der.": 15, "Ruta": 36 }, "geometry": { "type": "Point", "coordinates": [ -64.3530732, -32.6933668 ] } },
{ "type": "Feature", "properties": { "Name": "652.29", "P.K.": null, "Al.Dist. Izq.": 25, "Al.Dist. Der.": 15, "Ruta": 36 }, "geometry": { "type": "Point", "coordinates": [ -64.3538024, -32.6905007 ] } },
{ "type": "Feature", "properties": { "Name": "652.66", "P.K.": null, "Al.Dist. Izq.": 25, "Al.Dist. Der.": 15, "Ruta": 36 }, "geometry": { "type": "Point", "coordinates": [ -64.3547511, -32.6868487 ] } },
{ "type": "Feature", "properties": { "Name": "652.78", "P.K.": null, "Al.Dist. Izq.": 25, "Al.Dist. Der.": 15, "Ruta": 36 }, "geometry": { "type": "Point", "coordinates": [ -64.3550592, -32.6856644 ] } },
{ "type": "Feature", "properties": { "Name": "652.81", "P.K.": null, "Al.Dist. Izq.": 25, "Al.Dist. Der.": 15, "Ruta": 36 }, "geometry": { "type": "Point", "coordinates": [ -64.3551363, -32.6853683 ] } },
{ "type": "Feature", "properties": { "Name": "653", "P.K.": "PK653", "Al.Dist. Izq.": 25, "Al.Dist. Der.": 15, "Ruta": 36 }, "geometry": { "type": "Point", "coordinates": [ -64.3556242, -32.6834932 ] } },
{ "type": "Feature", "properties": { "Name": "653.06", "P.K.": null, "Al.Dist. Izq.": 25, "Al.Dist. Der.": 15, "Ruta": 36 }, "geometry": { "type": "Point", "coordinates": [ -64.3557783, -32.682901 ] } },
{ "type": "Feature", "properties": { "Name": "653.63", "P.K.": null, "Al.Dist. Izq.": 25, "Al.Dist. Der.": 15, "Ruta": 36 }, "geometry": { "type": "Point", "coordinates": [ -64.357242, -32.6772756 ] } },
{ "type": "Feature", "properties": { "Name": "654", "P.K.": "PK654", "Al.Dist. Izq.": 25, "Al.Dist. Der.": 15, "Ruta": 36 }, "geometry": { "type": "Point", "coordinates": [ -64.3581851, -32.6736222 ] } },
{ "type": "Feature", "properties": { "Name": "655", "P.K.": "PK655", "Al.Dist. Izq.": 25, "Al.Dist. Der.": 15, "Ruta": 36 }, "geometry": { "type": "Point", "coordinates": [ -64.3607254, -32.6637459 ] } },
{ "type": "Feature", "properties": { "Name": "655.41", "P.K.": null, "Al.Dist. Izq.": 25, "Al.Dist. Der.": 15, "Ruta": 36 }, "geometry": { "type": "Point", "coordinates": [ -64.3617367, -32.659689 ] } },
{ "type": "Feature", "properties": { "Name": "655.78", "P.K.": null, "Al.Dist. Izq.": 25, "Al.Dist. Der.": 15, "Ruta": 36 }, "geometry": { "type": "Point", "coordinates": [ -64.3620423, -32.6559755 ] } },
{ "type": "Feature", "properties": { "Name": "655.94", "P.K.": null, "Al.Dist. Izq.": 25, "Al.Dist. Der.": 15, "Ruta": 36 }, "geometry": { "type": "Point", "coordinates": [ -64.3623736, -32.6543882 ] } },
{ "type": "Feature", "properties": { "Name": "656", "P.K.": "PK656", "Al.Dist. Izq.": 25, "Al.Dist. Der.": 15, "Ruta": 36 }, "geometry": { "type": "Point", "coordinates": [ -64.3625746, -32.6538104 ] } },
{ "type": "Feature", "properties": { "Name": "656.14", "P.K.": null, "Al.Dist. Izq.": 25, "Al.Dist. Der.": 15, "Ruta": 36 }, "geometry": { "type": "Point", "coordinates": [ -64.3631, -32.6525 ] } },
{ "type": "Feature", "properties": { "Name": "656.15", "P.K.": null, "Al.Dist. Izq.": 25, "Al.Dist. Der.": 15, "Ruta": 36 }, "geometry": { "type": "Point", "coordinates": [ -64.3631762, -32.6524063 ] } },
{ "type": "Feature", "properties": { "Name": "656.45", "P.K.": null, "Al.Dist. Izq.": 25, "Al.Dist. Der.": 15, "Ruta": 36 }, "geometry": { "type": "Point", "coordinates": [ -64.36518, -32.6501398 ] } },
{ "type": "Feature", "properties": { "Name": "656.45", "P.K.": null, "Al.Dist. Izq.": null, "Al.Dist. Der.": null, "Ruta": 36 }, "geometry": { "type": "Point", "coordinates": [ -64.36518, -32.6501398 ] } },
{ "type": "Feature", "properties": { "Name": "656.66", "P.K.": null, "Al.Dist. Izq.": null, "Al.Dist. Der.": null, "Ruta": 36 }, "geometry": { "type": "Point", "coordinates": [ -64.3663965, -32.6483825 ] } },
{ "type": "Feature", "properties": { "Name": "656.91", "P.K.": null, "Al.Dist. Izq.": null, "Al.Dist. Der.": null, "Ruta": 36 }, "geometry": { "type": "Point", "coordinates": [ -64.3677548, -32.646225 ] } },
{ "type": "Feature", "properties": { "Name": "657.22", "P.K.": null, "Al.Dist. Izq.": null, "Al.Dist. Der.": null, "Ruta": 36 }, "geometry": { "type": "Point", "coordinates": [ -64.3694518, -32.6435579 ] } },
{ "type": "Feature", "properties": { "Name": "657.56", "P.K.": null, "Al.Dist. Izq.": null, "Al.Dist. Der.": null, "Ruta": 36 }, "geometry": { "type": "Point", "coordinates": [ -64.3712894, -32.6406176 ] } },
{ "type": "Feature", "properties": { "Name": "657.56", "P.K.": null, "Al.Dist. Izq.": 25, "Al.Dist. Der.": 15, "Ruta": 36 }, "geometry": { "type": "Point", "coordinates": [ -64.3712894, -32.6406176 ] } },
{ "type": "Feature", "properties": { "Name": "657.57", "P.K.": null, "Al.Dist. Izq.": 25, "Al.Dist. Der.": 15, "Ruta": 36 }, "geometry": { "type": "Point", "coordinates": [ -64.3713, -32.6405 ] } },
{ "type": "Feature", "properties": { "Name": "657.61", "P.K.": null, "Al.Dist. Izq.": 25, "Al.Dist. Der.": 15, "Ruta": 36 }, "geometry": { "type": "Point", "coordinates": [ -64.3715607, -32.6401859 ] } },
{ "type": "Feature", "properties": { "Name": "657.95", "P.K.": null, "Al.Dist. Izq.": 25, "Al.Dist. Der.": 15, "Ruta": 36 }, "geometry": { "type": "Point", "coordinates": [ -64.3734104, -32.6372533 ] } },
{ "type": "Feature", "properties": { "Name": "658.25", "P.K.": null, "Al.Dist. Izq.": 25, "Al.Dist. Der.": 15, "Ruta": 36 }, "geometry": { "type": "Point", "coordinates": [ -64.375, -32.6347 ] } },
{ "type": "Feature", "properties": { "Name": "658.34", "P.K.": null, "Al.Dist. Izq.": 25, "Al.Dist. Der.": 15, "Ruta": 36 }, "geometry": { "type": "Point", "coordinates": [ -64.3755316, -32.633889 ] } },
{ "type": "Feature", "properties": { "Name": "658.68", "P.K.": null, "Al.Dist. Izq.": 25, "Al.Dist. Der.": 15, "Ruta": 36 }, "geometry": { "type": "Point", "coordinates": [ -64.3773769, -32.6309537 ] } },
{ "type": "Feature", "properties": { "Name": "658.86", "P.K.": null, "Al.Dist. Izq.": 25, "Al.Dist. Der.": 15, "Ruta": 36 }, "geometry": { "type": "Point", "coordinates": [ -64.3783557, -32.6294008 ] } },
{ "type": "Feature", "properties": { "Name": "659", "P.K.": "PK659", "Al.Dist. Izq.": 25, "Al.Dist. Der.": 15, "Ruta": 36 }, "geometry": { "type": "Point", "coordinates": [ -64.3791111, -32.6281893 ] } },
{ "type": "Feature", "properties": { "Name": "659.01", "P.K.": null, "Al.Dist. Izq.": 25, "Al.Dist. Der.": 15, "Ruta": 36 }, "geometry": { "type": "Point", "coordinates": [ -64.3791651, -32.6281028 ] } },
{ "type": "Feature", "properties": { "Name": "659.4", "P.K.": null, "Al.Dist. Izq.": 25, "Al.Dist. Der.": 15, "Ruta": 36 }, "geometry": { "type": "Point", "coordinates": [ -64.3812873, -32.6247392 ] } },
{ "type": "Feature", "properties": { "Name": "660", "P.K.": "PK660", "Al.Dist. Izq.": 25, "Al.Dist. Der.": 15, "Ruta": 36 }, "geometry": { "type": "Point", "coordinates": [ -64.3832524, -32.6190275 ] } },
{ "type": "Feature", "properties": { "Name": "660.4", "P.K.": null, "Al.Dist. Izq.": 25, "Al.Dist. Der.": 15, "Ruta": 36 }, "geometry": { "type": "Point", "coordinates": [ -64.3837, -32.615 ] } },
{ "type": "Feature", "properties": { "Name": "660.76", "P.K.": null, "Al.Dist. Izq.": 25, "Al.Dist. Der.": 15, "Ruta": 36 }, "geometry": { "type": "Point", "coordinates": [ -64.384325, -32.6113628 ] } },
{ "type": "Feature", "properties": { "Name": "660.87", "P.K.": null, "Al.Dist. Izq.": 25, "Al.Dist. Der.": 15, "Ruta": 36 }, "geometry": { "type": "Point", "coordinates": [ -64.384511, -32.6102565 ] } },
{ "type": "Feature", "properties": { "Name": "661", "P.K.": "PK661", "Al.Dist. Izq.": 25, "Al.Dist. Der.": 15, "Ruta": 36 }, "geometry": { "type": "Point", "coordinates": [ -64.3847308, -32.6089492 ] } },
{ "type": "Feature", "properties": { "Name": "661.19", "P.K.": null, "Al.Dist. Izq.": 25, "Al.Dist. Der.": 15, "Ruta": 36 }, "geometry": { "type": "Point", "coordinates": [ -64.3850551, -32.607039 ] } },
{ "type": "Feature", "properties": { "Name": "661.4", "P.K.": null, "Al.Dist. Izq.": 25, "Al.Dist. Der.": 15, "Ruta": 36 }, "geometry": { "type": "Point", "coordinates": [ -64.3851897, -32.6049077 ] } },
{ "type": "Feature", "properties": { "Name": "661.55", "P.K.": null, "Al.Dist. Izq.": 25, "Al.Dist. Der.": 15, "Ruta": 36 }, "geometry": { "type": "Point", "coordinates": [ -64.3849338, -32.6034023 ] } },
{ "type": "Feature", "properties": { "Name": "661.62", "P.K.": null, "Al.Dist. Izq.": 25, "Al.Dist. Der.": 15, "Ruta": 36 }, "geometry": { "type": "Point", "coordinates": [ -64.3847119, -32.6027247 ] } },
{ "type": "Feature", "properties": { "Name": "661.85", "P.K.": null, "Al.Dist. Izq.": 25, "Al.Dist. Der.": 15, "Ruta": 36 }, "geometry": { "type": "Point", "coordinates": [ -64.3837146, -32.6006032 ] } },
{ "type": "Feature", "properties": { "Name": "661.87", "P.K.": null, "Al.Dist. Izq.": 25, "Al.Dist. Der.": 15, "Ruta": 36 }, "geometry": { "type": "Point", "coordinates": [ -64.3836369, -32.6004146 ] } },
{ "type": "Feature", "properties": { "Name": "662", "P.K.": "PK662", "Al.Dist. Izq.": 25, "Al.Dist. Der.": 15, "Ruta": 36 }, "geometry": { "type": "Point", "coordinates": [ -64.3834008, -32.5991143 ] } },
{ "type": "Feature", "properties": { "Name": "662.07", "P.K.": null, "Al.Dist. Izq.": 25, "Al.Dist. Der.": 15, "Ruta": 36 }, "geometry": { "type": "Point", "coordinates": [ -64.3833512, -32.5984023 ] } },
{ "type": "Feature", "properties": { "Name": "662.28", "P.K.": null, "Al.Dist. Izq.": 25, "Al.Dist. Der.": 15, "Ruta": 36 }, "geometry": { "type": "Point", "coordinates": [ -64.3831629, -32.596269 ] } },
{ "type": "Feature", "properties": { "Name": "662.51", "P.K.": null, "Al.Dist. Izq.": 25, "Al.Dist. Der.": 15, "Ruta": 36 }, "geometry": { "type": "Point", "coordinates": [ -64.3833471, -32.5939471 ] } },
{ "type": "Feature", "properties": { "Name": "662.92", "P.K.": null, "Al.Dist. Izq.": 25, "Al.Dist. Der.": 15, "Ruta": 36 }, "geometry": { "type": "Point", "coordinates": [ -64.3855857, -32.5904913 ] } },
{ "type": "Feature", "properties": { "Name": "662.92", "P.K.": null, "Al.Dist. Izq.": null, "Al.Dist. Der.": null, "Ruta": 36 }, "geometry": { "type": "Point", "coordinates": [ -64.3855857, -32.5904913 ] } },
{ "type": "Feature", "properties": { "Name": "663.01", "P.K.": null, "Al.Dist. Izq.": null, "Al.Dist. Der.": null, "Ruta": 36 }, "geometry": { "type": "Point", "coordinates": [ -64.3863184, -32.589941 ] } },
{ "type": "Feature", "properties": { "Name": "663.32", "P.K.": null, "Al.Dist. Izq.": null, "Al.Dist. Der.": null, "Ruta": 36 }, "geometry": { "type": "Point", "coordinates": [ -64.3891286, -32.5885092 ] } },
{ "type": "Feature", "properties": { "Name": "663.64", "P.K.": null, "Al.Dist. Izq.": null, "Al.Dist. Der.": null, "Ruta": 36 }, "geometry": { "type": "Point", "coordinates": [ -64.392, -32.587 ] } },
{ "type": "Feature", "properties": { "Name": "664", "P.K.": "PK664", "Al.Dist. Izq.": null, "Al.Dist. Der.": null, "Ruta": 36 }, "geometry": { "type": "Point", "coordinates": [ -64.3951436, -32.5850839 ] } },
{ "type": "Feature", "properties": { "Name": "664.1", "P.K.": null, "Al.Dist. Izq.": null, "Al.Dist. Der.": null, "Ruta": 36 }, "geometry": { "type": "Point", "coordinates": [ -64.395963, -32.5844773 ] } },
{ "type": "Feature", "properties": { "Name": "664.1", "P.K.": null, "Al.Dist. Izq.": 65, "Al.Dist. Der.": 55, "Ruta": 36 }, "geometry": { "type": "Point", "coordinates": [ -64.395963, -32.5844773 ] } },
{ "type": "Feature", "properties": { "Name": "664.19", "P.K.": null, "Al.Dist. Izq.": 65, "Al.Dist. Der.": 55, "Ruta": 36 }, "geometry": { "type": "Point", "coordinates": [ -64.3966808, -32.5839053 ] } },
{ "type": "Feature", "properties": { "Name": "664.35", "P.K.": null, "Al.Dist. Izq.": 65, "Al.Dist. Der.": 55, "Ruta": 36 }, "geometry": { "type": "Point", "coordinates": [ -64.397905, -32.5828287 ] } },
{ "type": "Feature", "properties": { "Name": "665", "P.K.": "PK665", "Al.Dist. Izq.": 65, "Al.Dist. Der.": 55, "Ruta": 36 }, "geometry": { "type": "Point", "coordinates": [ -64.4019559, -32.5776149 ] } },
{ "type": "Feature", "properties": { "Name": "665.03", "P.K.": null, "Al.Dist. Izq.": 65, "Al.Dist. Der.": 55, "Ruta": 36 }, "geometry": { "type": "Point", "coordinates": [ -64.4021047, -32.5773476 ] } },
{ "type": "Feature", "properties": { "Name": "665.3", "P.K.": null, "Al.Dist. Izq.": 65, "Al.Dist. Der.": 55, "Ruta": 36 }, "geometry": { "type": "Point", "coordinates": [ -64.4032426, -32.574843 ] } },
{ "type": "Feature", "properties": { "Name": "665.3", "P.K.": null, "Al.Dist. Izq.": 75, "Al.Dist. Der.": 45, "Ruta": 36 }, "geometry": { "type": "Point", "coordinates": [ -64.4032426, -32.574843 ] } },
{ "type": "Feature", "properties": { "Name": "665.74", "P.K.": null, "Al.Dist. Izq.": 75, "Al.Dist. Der.": 45, "Ruta": 36 }, "geometry": { "type": "Point", "coordinates": [ -64.4044532, -32.570526 ] } },
{ "type": "Feature", "properties": { "Name": "665.74", "P.K.": null, "Al.Dist. Izq.": 75, "Al.Dist. Der.": 45, "Ruta": 36 }, "geometry": { "type": "Point", "coordinates": [ -64.4044532, -32.570526 ] } },
{ "type": "Feature", "properties": { "Name": "666", "P.K.": "PK666", "Al.Dist. Izq.": 75, "Al.Dist. Der.": 45, "Ruta": 36 }, "geometry": { "type": "Point", "coordinates": [ -64.4050962, -32.5679537 ] } },
{ "type": "Feature", "properties": { "Name": "666.13", "P.K.": null, "Al.Dist. Izq.": 75, "Al.Dist. Der.": 45, "Ruta": 36 }, "geometry": { "type": "Point", "coordinates": [ -64.4052684, -32.566642 ] } },
{ "type": "Feature", "properties": { "Name": "666.92", "P.K.": null, "Al.Dist. Izq.": 75, "Al.Dist. Der.": 45, "Ruta": 36 }, "geometry": { "type": "Point", "coordinates": [ -64.4065043, -32.5587705 ] } },
{ "type": "Feature", "properties": { "Name": "666.97", "P.K.": null, "Al.Dist. Izq.": 75, "Al.Dist. Der.": 45, "Ruta": 36 }, "geometry": { "type": "Point", "coordinates": [ -64.4064256, -32.5582669 ] } },
{ "type": "Feature", "properties": { "Name": "667", "P.K.": "PK667", "Al.Dist. Izq.": 75, "Al.Dist. Der.": 45, "Ruta": 36 }, "geometry": { "type": "Point", "coordinates": [ -64.4063606, -32.5579679 ] } },
{ "type": "Feature", "properties": { "Name": "667", "P.K.": null, "Al.Dist. Izq.": 75, "Al.Dist. Der.": 45, "Ruta": 36 }, "geometry": { "type": "Point", "coordinates": [ -64.4063606, -32.5579679 ] } },
{ "type": "Feature", "properties": { "Name": "667.23", "P.K.": null, "Al.Dist. Izq.": 75, "Al.Dist. Der.": 45, "Ruta": 36 }, "geometry": { "type": "Point", "coordinates": [ -64.4056, -32.5558 ] } },
{ "type": "Feature", "properties": { "Name": "667.23", "P.K.": null, "Al.Dist. Izq.": 75, "Al.Dist. Der.": 45, "Ruta": 36 }, "geometry": { "type": "Point", "coordinates": [ -64.4056, -32.5558 ] } },
{ "type": "Feature", "properties": { "Name": "667.25", "P.K.": null, "Al.Dist. Izq.": 75, "Al.Dist. Der.": 45, "Ruta": 36 }, "geometry": { "type": "Point", "coordinates": [ -64.4054877, -32.5555819 ] } },
{ "type": "Feature", "properties": { "Name": "667.25", "P.K.": null, "Al.Dist. Izq.": 75, "Al.Dist. Der.": 45, "Ruta": 36 }, "geometry": { "type": "Point", "coordinates": [ -64.4054877, -32.5555819 ] } },
{ "type": "Feature", "properties": { "Name": "667.58", "P.K.": null, "Al.Dist. Izq.": 75, "Al.Dist. Der.": 45, "Ruta": 36 }, "geometry": { "type": "Point", "coordinates": [ -64.4034595, -32.5529128 ] } },
{ "type": "Feature", "properties": { "Name": "667.73", "P.K.": null, "Al.Dist. Izq.": 75, "Al.Dist. Der.": 45, "Ruta": 36 }, "geometry": { "type": "Point", "coordinates": [ -64.4023711, -32.551838 ] } },
{ "type": "Feature", "properties": { "Name": "667.77", "P.K.": null, "Al.Dist. Izq.": 75, "Al.Dist. Der.": 45, "Ruta": 36 }, "geometry": { "type": "Point", "coordinates": [ -64.4020806, -32.5515516 ] } },
{ "type": "Feature", "properties": { "Name": "667.9", "P.K.": null, "Al.Dist. Izq.": 75, "Al.Dist. Der.": 45, "Ruta": 36 }, "geometry": { "type": "Point", "coordinates": [ -64.4011373, -32.5506201 ] } },
{ "type": "Feature", "properties": { "Name": "668", "P.K.": "PK668", "Al.Dist. Izq.": 75, "Al.Dist. Der.": 45, "Ruta": 36 }, "geometry": { "type": "Point", "coordinates": [ -64.4004197, -32.5498956 ] } },
{ "type": "Feature", "properties": { "Name": "668.41", "P.K.": null, "Al.Dist. Izq.": 75, "Al.Dist. Der.": 45, "Ruta": 36 }, "geometry": { "type": "Point", "coordinates": [ -64.397924, -32.5465462 ] } },
{ "type": "Feature", "properties": { "Name": "668.44", "P.K.": null, "Al.Dist. Izq.": 75, "Al.Dist. Der.": 45, "Ruta": 36 }, "geometry": { "type": "Point", "coordinates": [ -64.3977699, -32.5462823 ] } },
{ "type": "Feature", "properties": { "Name": "668.45", "P.K.": null, "Al.Dist. Izq.": 75, "Al.Dist. Der.": 45, "Ruta": 36 }, "geometry": { "type": "Point", "coordinates": [ -64.397722, -32.5461922 ] } },
{ "type": "Feature", "properties": { "Name": "668.45", "P.K.": null, "Al.Dist. Izq.": 75, "Al.Dist. Der.": 45, "Ruta": 36 }, "geometry": { "type": "Point", "coordinates": [ -64.397722, -32.5461922 ] } },
{ "type": "Feature", "properties": { "Name": "668.52", "P.K.": null, "Al.Dist. Izq.": 75, "Al.Dist. Der.": 45, "Ruta": 36 }, "geometry": { "type": "Point", "coordinates": [ -64.3974367, -32.545539 ] } },
{ "type": "Feature", "properties": { "Name": "668.52", "P.K.": null, "Al.Dist. Izq.": 75, "Al.Dist. Der.": 45, "Ruta": 36 }, "geometry": { "type": "Point", "coordinates": [ -64.3974367, -32.545539 ] } },
{ "type": "Feature", "properties": { "Name": "669", "P.K.": "PK669", "Al.Dist. Izq.": 75, "Al.Dist. Der.": 45, "Ruta": 36 }, "geometry": { "type": "Point", "coordinates": [ -64.3973374, -32.5406855 ] } },
{ "type": "Feature", "properties": { "Name": "669.07", "P.K.": null, "Al.Dist. Izq.": 75, "Al.Dist. Der.": 45, "Ruta": 36 }, "geometry": { "type": "Point", "coordinates": [ -64.3974575, -32.5399818 ] } },
{ "type": "Feature", "properties": { "Name": "669.24", "P.K.": null, "Al.Dist. Izq.": 75, "Al.Dist. Der.": 45, "Ruta": 36 }, "geometry": { "type": "Point", "coordinates": [ -64.3977474, -32.5382726 ] } },
{ "type": "Feature", "properties": { "Name": "669.24", "P.K.": null, "Al.Dist. Izq.": 75, "Al.Dist. Der.": 45, "Ruta": 36 }, "geometry": { "type": "Point", "coordinates": [ -64.3977474, -32.5382726 ] } },
{ "type": "Feature", "properties": { "Name": "669.25", "P.K.": null, "Al.Dist. Izq.": 75, "Al.Dist. Der.": 45, "Ruta": 36 }, "geometry": { "type": "Point", "coordinates": [ -64.3978, -32.5382 ] } },
{ "type": "Feature", "properties": { "Name": "669.25", "P.K.": null, "Al.Dist. Izq.": 75, "Al.Dist. Der.": 45, "Ruta": 36 }, "geometry": { "type": "Point", "coordinates": [ -64.3978, -32.5382 ] } },
{ "type": "Feature", "properties": { "Name": "669.26", "P.K.": null, "Al.Dist. Izq.": 75, "Al.Dist. Der.": 45, "Ruta": 36 }, "geometry": { "type": "Point", "coordinates": [ -64.3977808, -32.5380714 ] } },
{ "type": "Feature", "properties": { "Name": "669.26", "P.K.": null, "Al.Dist. Izq.": 75, "Al.Dist. Der.": 45, "Ruta": 36 }, "geometry": { "type": "Point", "coordinates": [ -64.3977808, -32.5380714 ] } },
{ "type": "Feature", "properties": { "Name": "669.39", "P.K.": null, "Al.Dist. Izq.": 75, "Al.Dist. Der.": 45, "Ruta": 36 }, "geometry": { "type": "Point", "coordinates": [ -64.3979979, -32.5367636 ] } },
{ "type": "Feature", "properties": { "Name": "669.46", "P.K.": null, "Al.Dist. Izq.": 75, "Al.Dist. Der.": 45, "Ruta": 36 }, "geometry": { "type": "Point", "coordinates": [ -64.3981148, -32.5360594 ] } },
{ "type": "Feature", "properties": { "Name": "669.47", "P.K.": null, "Al.Dist. Izq.": 75, "Al.Dist. Der.": 45, "Ruta": 36 }, "geometry": { "type": "Point", "coordinates": [ -64.3981316, -32.5359588 ] } },
{ "type": "Feature", "properties": { "Name": "669.5", "P.K.": null, "Al.Dist. Izq.": 75, "Al.Dist. Der.": 45, "Ruta": 36 }, "geometry": { "type": "Point", "coordinates": [ -64.3981834, -32.5356573 ] } },
{ "type": "Feature", "properties": { "Name": "669.54", "P.K.": null, "Al.Dist. Izq.": 75, "Al.Dist. Der.": 45, "Ruta": 36 }, "geometry": { "type": "Point", "coordinates": [ -64.3982578, -32.5352562 ] } },
{ "type": "Feature", "properties": { "Name": "669.56", "P.K.": null, "Al.Dist. Izq.": 75, "Al.Dist. Der.": 45, "Ruta": 36 }, "geometry": { "type": "Point", "coordinates": [ -64.3982951, -32.5350557 ] } },
{ "type": "Feature", "properties": { "Name": "669.56", "P.K.": null, "Al.Dist. Izq.": null, "Al.Dist. Der.": null, "Ruta": 36 }, "geometry": { "type": "Point", "coordinates": [ -64.3982951, -32.5350557 ] } },
{ "type": "Feature", "properties": { "Name": "669.81", "P.K.": null, "Al.Dist. Izq.": null, "Al.Dist. Der.": null, "Ruta": 36 }, "geometry": { "type": "Point", "coordinates": [ -64.3987558, -32.5325482 ] } },
{ "type": "Feature", "properties": { "Name": "669.81", "P.K.": null, "Al.Dist. Izq.": null, "Al.Dist. Der.": null, "Ruta": 36 }, "geometry": { "type": "Point", "coordinates": [ -64.3987558, -32.5325482 ] } },
{ "type": "Feature", "properties": { "Name": "669.83", "P.K.": null, "Al.Dist. Izq.": null, "Al.Dist. Der.": null, "Ruta": 36 }, "geometry": { "type": "Point", "coordinates": [ -64.3987918, -32.5323475 ] } },
{ "type": "Feature", "properties": { "Name": "669.87", "P.K.": null, "Al.Dist. Izq.": null, "Al.Dist. Der.": null, "Ruta": 36 }, "geometry": { "type": "Point", "coordinates": [ -64.3988599, -32.5319453 ] } },
{ "type": "Feature", "properties": { "Name": "669.87", "P.K.": null, "Al.Dist. Izq.": null, "Al.Dist. Der.": null, "Ruta": 36 }, "geometry": { "type": "Point", "coordinates": [ -64.3988599, -32.5319453 ] } },
{ "type": "Feature", "properties": { "Name": "670.04", "P.K.": null, "Al.Dist. Izq.": null, "Al.Dist. Der.": null, "Ruta": 36 }, "geometry": { "type": "Point", "coordinates": [ -64.3990519, -32.5302227 ] } },
{ "type": "Feature", "properties": { "Name": "670.07", "P.K.": null, "Al.Dist. Izq.": null, "Al.Dist. Der.": null, "Ruta": 36 }, "geometry": { "type": "Point", "coordinates": [ -64.3990846, -32.5299185 ] } },
{ "type": "Feature", "properties": { "Name": "670.13", "P.K.": null, "Al.Dist. Izq.": null, "Al.Dist. Der.": null, "Ruta": 36 }, "geometry": { "type": "Point", "coordinates": [ -64.3991508, -32.5293102 ] } },
{ "type": "Feature", "properties": { "Name": "670.26", "P.K.": null, "Al.Dist. Izq.": null, "Al.Dist. Der.": null, "Ruta": 36 }, "geometry": { "type": "Point", "coordinates": [ -64.399329, -32.5279967 ] } },
{ "type": "Feature", "properties": { "Name": "670.26", "P.K.": null, "Al.Dist. Izq.": null, "Al.Dist. Der.": null, "Ruta": 36 }, "geometry": { "type": "Point", "coordinates": [ -64.399329, -32.5279967 ] } },
{ "type": "Feature", "properties": { "Name": "670.4", "P.K.": null, "Al.Dist. Izq.": null, "Al.Dist. Der.": null, "Ruta": 36 }, "geometry": { "type": "Point", "coordinates": [ -64.3995419, -32.5265849 ] } },
{ "type": "Feature", "properties": { "Name": "670.44", "P.K.": null, "Al.Dist. Izq.": null, "Al.Dist. Der.": null, "Ruta": 36 }, "geometry": { "type": "Point", "coordinates": [ -64.3996027, -32.5261816 ] } },
{ "type": "Feature", "properties": { "Name": "670.44", "P.K.": null, "Al.Dist. Izq.": null, "Al.Dist. Der.": null, "Ruta": 36 }, "geometry": { "type": "Point", "coordinates": [ -64.3996027, -32.5261816 ] } },
{ "type": "Feature", "properties": { "Name": "670.54", "P.K.": null, "Al.Dist. Izq.": null, "Al.Dist. Der.": null, "Ruta": 36 }, "geometry": { "type": "Point", "coordinates": [ -64.39977, -32.5251756 ] } },
{ "type": "Feature", "properties": { "Name": "670.57", "P.K.": null, "Al.Dist. Izq.": null, "Al.Dist. Der.": null, "Ruta": 36 }, "geometry": { "type": "Point", "coordinates": [ -64.3998213, -32.524874 ] } },
{ "type": "Feature", "properties": { "Name": "670.7", "P.K.": null, "Al.Dist. Izq.": null, "Al.Dist. Der.": null, "Ruta": 36 }, "geometry": { "type": "Point", "coordinates": [ -64.4000438, -32.5235671 ] } },
{ "type": "Feature", "properties": { "Name": "670.7", "P.K.": null, "Al.Dist. Izq.": 60, "Al.Dist. Der.": 5, "Ruta": 36 }, "geometry": { "type": "Point", "coordinates": [ -64.4000438, -32.5235671 ] } },
{ "type": "Feature", "properties": { "Name": "670.79", "P.K.": null, "Al.Dist. Izq.": 60, "Al.Dist. Der.": 5, "Ruta": 36 }, "geometry": { "type": "Point", "coordinates": [ -64.4001986, -32.5226625 ] } },
{ "type": "Feature", "properties": { "Name": "671", "P.K.": "PK671", "Al.Dist. Izq.": 60, "Al.Dist. Der.": 5, "Ruta": 36 }, "geometry": { "type": "Point", "coordinates": [ -64.4005491, -32.5205498 ] } },
{ "type": "Feature", "properties": { "Name": "671.03", "P.K.": null, "Al.Dist. Izq.": 60, "Al.Dist. Der.": 5, "Ruta": 36 }, "geometry": { "type": "Point", "coordinates": [ -64.4005977, -32.5202478 ] } },
{ "type": "Feature", "properties": { "Name": "671.03", "P.K.": null, "Al.Dist. Izq.": 60, "Al.Dist. Der.": 5, "Ruta": 36 }, "geometry": { "type": "Point", "coordinates": [ -64.4005977, -32.5202478 ] } },
{ "type": "Feature", "properties": { "Name": "671.66", "P.K.": null, "Al.Dist. Izq.": 60, "Al.Dist. Der.": 5, "Ruta": 36 }, "geometry": { "type": "Point", "coordinates": [ -64.40157, -32.5139002 ] } },
{ "type": "Feature", "properties": { "Name": "671.82", "P.K.": null, "Al.Dist. Izq.": 60, "Al.Dist. Der.": 5, "Ruta": 36 }, "geometry": { "type": "Point", "coordinates": [ -64.4014919, -32.5122733 ] } },
{ "type": "Feature", "properties": { "Name": "671.82", "P.K.": null, "Al.Dist. Izq.": null, "Al.Dist. Der.": null, "Ruta": 36 }, "geometry": { "type": "Point", "coordinates": [ -64.4014919, -32.5122733 ] } },
{ "type": "Feature", "properties": { "Name": "671.94", "P.K.": null, "Al.Dist. Izq.": null, "Al.Dist. Der.": null, "Ruta": 36 }, "geometry": { "type": "Point", "coordinates": [ -64.4013061, -32.5110644 ] } },
{ "type": "Feature", "properties": { "Name": "672", "P.K.": "PK672", "Al.Dist. Izq.": null, "Al.Dist. Der.": null, "Ruta": 36 }, "geometry": { "type": "Point", "coordinates": [ -64.4011779, -32.5104664 ] } },
{ "type": "Feature", "properties": { "Name": "672.32", "P.K.": null, "Al.Dist. Izq.": null, "Al.Dist. Der.": null, "Ruta": 36 }, "geometry": { "type": "Point", "coordinates": [ -64.40028, -32.5073298 ] } },
{ "type": "Feature", "properties": { "Name": "672.54", "P.K.": null, "Al.Dist. Izq.": null, "Al.Dist. Der.": null, "Ruta": 36 }, "geometry": { "type": "Point", "coordinates": [ -64.3996, -32.5052 ] } },
{ "type": "Feature", "properties": { "Name": "673", "P.K.": "PK673", "Al.Dist. Izq.": null, "Al.Dist. Der.": null, "Ruta": 36 }, "geometry": { "type": "Point", "coordinates": [ -64.398357, -32.5006675 ] } },
{ "type": "Feature", "properties": { "Name": "673.1", "P.K.": null, "Al.Dist. Izq.": null, "Al.Dist. Der.": null, "Ruta": 36 }, "geometry": { "type": "Point", "coordinates": [ -64.3980824, -32.4996854 ] } },
{ "type": "Feature", "properties": { "Name": "673.1", "P.K.": null, "Al.Dist. Izq.": 60, "Al.Dist. Der.": 5, "Ruta": 36 }, "geometry": { "type": "Point", "coordinates": [ -64.3980824, -32.4996854 ] } },
{ "type": "Feature", "properties": { "Name": "673.24", "P.K.": null, "Al.Dist. Izq.": 60, "Al.Dist. Der.": 5, "Ruta": 36 }, "geometry": { "type": "Point", "coordinates": [ -64.3977048, -32.4983085 ] } },
{ "type": "Feature", "properties": { "Name": "673.43", "P.K.": null, "Al.Dist. Izq.": 60, "Al.Dist. Der.": 5, "Ruta": 36 }, "geometry": { "type": "Point", "coordinates": [ -64.3971923, -32.4964399 ] } },
{ "type": "Feature", "properties": { "Name": "673.6", "P.K.": null, "Al.Dist. Izq.": 60, "Al.Dist. Der.": 5, "Ruta": 36 }, "geometry": { "type": "Point", "coordinates": [ -64.3967281, -32.4947696 ] } },
{ "type": "Feature", "properties": { "Name": "674", "P.K.": "PK674", "Al.Dist. Izq.": 60, "Al.Dist. Der.": 5, "Ruta": 36 }, "geometry": { "type": "Point", "coordinates": [ -64.3956051, -32.4908481 ] } },
{ "type": "Feature", "properties": { "Name": "674.13", "P.K.": null, "Al.Dist. Izq.": 60, "Al.Dist. Der.": 5, "Ruta": 36 }, "geometry": { "type": "Point", "coordinates": [ -64.3953118, -32.4895565 ] } },
{ "type": "Feature", "properties": { "Name": "674.44", "P.K.": null, "Al.Dist. Izq.": 60, "Al.Dist. Der.": 5, "Ruta": 36 }, "geometry": { "type": "Point", "coordinates": [ -64.3952776, -32.4864044 ] } },
{ "type": "Feature", "properties": { "Name": "674.54", "P.K.": null, "Al.Dist. Izq.": 60, "Al.Dist. Der.": 5, "Ruta": 36 }, "geometry": { "type": "Point", "coordinates": [ -64.3954528, -32.4854 ] } },
{ "type": "Feature", "properties": { "Name": "674.54", "P.K.": null, "Al.Dist. Izq.": 60, "Al.Dist. Der.": 40, "Ruta": 36 }, "geometry": { "type": "Point", "coordinates": [ -64.3954528, -32.4854 ] } },
{ "type": "Feature", "properties": { "Name": "674.76", "P.K.": null, "Al.Dist. Izq.": 60, "Al.Dist. Der.": 40, "Ruta": 36 }, "geometry": { "type": "Point", "coordinates": [ -64.3961321, -32.4832669 ] } },
{ "type": "Feature", "properties": { "Name": "675", "P.K.": "PK675", "Al.Dist. Izq.": 60, "Al.Dist. Der.": 40, "Ruta": 36 }, "geometry": { "type": "Point", "coordinates": [ -64.3972982, -32.4811196 ] } },
{ "type": "Feature", "properties": { "Name": "675.1", "P.K.": null, "Al.Dist. Izq.": 60, "Al.Dist. Der.": 40, "Ruta": 36 }, "geometry": { "type": "Point", "coordinates": [ -64.3978879, -32.4802877 ] } },
{ "type": "Feature", "properties": { "Name": "675.1", "P.K.": null, "Al.Dist. Izq.": 60, "Al.Dist. Der.": 40, "Ruta": 36 }, "geometry": { "type": "Point", "coordinates": [ -64.3978879, -32.4802877 ] } },
{ "type": "Feature", "properties": { "Name": "675.27", "P.K.": null, "Al.Dist. Izq.": 60, "Al.Dist. Der.": 40, "Ruta": 36 }, "geometry": { "type": "Point", "coordinates": [ -64.3988963, -32.4788774 ] } },
{ "type": "Feature", "properties": { "Name": "675.31", "P.K.": null, "Al.Dist. Izq.": 60, "Al.Dist. Der.": 40, "Ruta": 36 }, "geometry": { "type": "Point", "coordinates": [ -64.3991339, -32.4785459 ] } },
{ "type": "Feature", "properties": { "Name": "675.49", "P.K.": null, "Al.Dist. Izq.": 60, "Al.Dist. Der.": 40, "Ruta": 36 }, "geometry": { "type": "Point", "coordinates": [ -64.4002062, -32.477056 ] } },
{ "type": "Feature", "properties": { "Name": "676", "P.K.": "PK676", "Al.Dist. Izq.": 60, "Al.Dist. Der.": 40, "Ruta": 36 }, "geometry": { "type": "Point", "coordinates": [ -64.4032481, -32.4728376 ] } },
{ "type": "Feature", "properties": { "Name": "676.15", "P.K.": null, "Al.Dist. Izq.": 60, "Al.Dist. Der.": 40, "Ruta": 36 }, "geometry": { "type": "Point", "coordinates": [ -64.4041428, -32.4715968 ] } },
{ "type": "Feature", "properties": { "Name": "676.15", "P.K.": null, "Al.Dist. Izq.": 60, "Al.Dist. Der.": 40, "Ruta": 36 }, "geometry": { "type": "Point", "coordinates": [ -64.4041428, -32.4715968 ] } },
{ "type": "Feature", "properties": { "Name": "676.49", "P.K.": null, "Al.Dist. Izq.": 60, "Al.Dist. Der.": 40, "Ruta": 36 }, "geometry": { "type": "Point", "coordinates": [ -64.4061693, -32.4687834 ] } },
{ "type": "Feature", "properties": { "Name": "676.49", "P.K.": null, "Al.Dist. Izq.": 60, "Al.Dist. Der.": 40, "Ruta": 36 }, "geometry": { "type": "Point", "coordinates": [ -64.4061693, -32.4687834 ] } },
{ "type": "Feature", "properties": { "Name": "676.69", "P.K.": null, "Al.Dist. Izq.": 60, "Al.Dist. Der.": 40, "Ruta": 36 }, "geometry": { "type": "Point", "coordinates": [ -64.4074, -32.4671 ] } },
{ "type": "Feature", "properties": { "Name": "676.71", "P.K.": null, "Al.Dist. Izq.": 60, "Al.Dist. Der.": 40, "Ruta": 36 }, "geometry": { "type": "Point", "coordinates": [ -64.4074704, -32.4669561 ] } },
{ "type": "Feature", "properties": { "Name": "676.73", "P.K.": null, "Al.Dist. Izq.": 60, "Al.Dist. Der.": 40, "Ruta": 36 }, "geometry": { "type": "Point", "coordinates": [ -64.4075811, -32.4667847 ] } },
{ "type": "Feature", "properties": { "Name": "677", "P.K.": "PK677", "Al.Dist. Izq.": 60, "Al.Dist. Der.": 40, "Ruta": 36 }, "geometry": { "type": "Point", "coordinates": [ -64.4088111, -32.4643303 ] } },
{ "type": "Feature", "properties": { "Name": "677.03", "P.K.": null, "Al.Dist. Izq.": 60, "Al.Dist. Der.": 40, "Ruta": 36 }, "geometry": { "type": "Point", "coordinates": [ -64.4089076, -32.46404 ] } },
{ "type": "Feature", "properties": { "Name": "677.03", "P.K.": null, "Al.Dist. Izq.": 60, "Al.Dist. Der.": 40, "Ruta": 36 }, "geometry": { "type": "Point", "coordinates": [ -64.4089076, -32.46404 ] } },
{ "type": "Feature", "properties": { "Name": "677.74", "P.K.": null, "Al.Dist. Izq.": 60, "Al.Dist. Der.": 40, "Ruta": 36 }, "geometry": { "type": "Point", "coordinates": [ -64.4090201, -32.4569172 ] } },
{ "type": "Feature", "properties": { "Name": "678", "P.K.": "PK678", "Al.Dist. Izq.": 60, "Al.Dist. Der.": 40, "Ruta": 36 }, "geometry": { "type": "Point", "coordinates": [ -64.4083997, -32.4543394 ] } },
{ "type": "Feature", "properties": { "Name": "678.77", "P.K.": null, "Al.Dist. Izq.": 60, "Al.Dist. Der.": 40, "Ruta": 36 }, "geometry": { "type": "Point", "coordinates": [ -64.4064348, -32.4468146 ] } },
{ "type": "Feature", "properties": { "Name": "678.77", "P.K.": null, "Al.Dist. Izq.": 65, "Al.Dist. Der.": 35, "Ruta": 36 }, "geometry": { "type": "Point", "coordinates": [ -64.4064348, -32.4468146 ] } },
{ "type": "Feature", "properties": { "Name": "678.99", "P.K.": null, "Al.Dist. Izq.": 65, "Al.Dist. Der.": 35, "Ruta": 36 }, "geometry": { "type": "Point", "coordinates": [ -64.406056, -32.4446129 ] } },
{ "type": "Feature", "properties": { "Name": "679", "P.K.": "PK679", "Al.Dist. Izq.": 65, "Al.Dist. Der.": 35, "Ruta": 36 }, "geometry": { "type": "Point", "coordinates": [ -64.4060321, -32.4445139 ] } },
{ "type": "Feature", "properties": { "Name": "679.27", "P.K.": null, "Al.Dist. Izq.": 65, "Al.Dist. Der.": 35, "Ruta": 36 }, "geometry": { "type": "Point", "coordinates": [ -64.4052771, -32.4418708 ] } },
{ "type": "Feature", "properties": { "Name": "679.55", "P.K.": null, "Al.Dist. Izq.": 65, "Al.Dist. Der.": 35, "Ruta": 36 }, "geometry": { "type": "Point", "coordinates": [ -64.4039254, -32.4393652 ] } },
{ "type": "Feature", "properties": { "Name": "680", "P.K.": "PK680", "Al.Dist. Izq.": 65, "Al.Dist. Der.": 35, "Ruta": 36 }, "geometry": { "type": "Point", "coordinates": [ -64.4007432, -32.4360947 ] } },
{ "type": "Feature", "properties": { "Name": "680.09", "P.K.": null, "Al.Dist. Izq.": 65, "Al.Dist. Der.": 35, "Ruta": 36 }, "geometry": { "type": "Point", "coordinates": [ -64.4, -32.4356 ] } },
{ "type": "Feature", "properties": { "Name": "680.42", "P.K.": null, "Al.Dist. Izq.": 65, "Al.Dist. Der.": 35, "Ruta": 36 }, "geometry": { "type": "Point", "coordinates": [ -64.3970215, -32.4340084 ] } },
{ "type": "Feature", "properties": { "Name": "680.47", "P.K.": null, "Al.Dist. Izq.": 65, "Al.Dist. Der.": 35, "Ruta": 36 }, "geometry": { "type": "Point", "coordinates": [ -64.3965565, -32.4338002 ] } },
{ "type": "Feature", "properties": { "Name": "680.47", "P.K.": null, "Al.Dist. Izq.": 65, "Al.Dist. Der.": 35, "Ruta": 36 }, "geometry": { "type": "Point", "coordinates": [ -64.3965565, -32.4338002 ] } },
{ "type": "Feature", "properties": { "Name": "680.5", "P.K.": null, "Al.Dist. Izq.": 65, "Al.Dist. Der.": 35, "Ruta": 36 }, "geometry": { "type": "Point", "coordinates": [ -64.3962775, -32.4336753 ] } },
{ "type": "Feature", "properties": { "Name": "681", "P.K.": "PK681", "Al.Dist. Izq.": 65, "Al.Dist. Der.": 35, "Ruta": 36 }, "geometry": { "type": "Point", "coordinates": [ -64.3916158, -32.4316193 ] } },
{ "type": "Feature", "properties": { "Name": "681.2", "P.K.": null, "Al.Dist. Izq.": 65, "Al.Dist. Der.": 35, "Ruta": 36 }, "geometry": { "type": "Point", "coordinates": [ -64.3897488, -32.4308023 ] } },
{ "type": "Feature", "properties": { "Name": "681.48", "P.K.": null, "Al.Dist. Izq.": 65, "Al.Dist. Der.": 35, "Ruta": 36 }, "geometry": { "type": "Point", "coordinates": [ -64.3871335, -32.4296616 ] } },
{ "type": "Feature", "properties": { "Name": "681.57", "P.K.": null, "Al.Dist. Izq.": 65, "Al.Dist. Der.": 35, "Ruta": 36 }, "geometry": { "type": "Point", "coordinates": [ -64.3862929, -32.4292949 ] } },
{ "type": "Feature", "properties": { "Name": "682", "P.K.": "PK682", "Al.Dist. Izq.": 65, "Al.Dist. Der.": 35, "Ruta": 36 }, "geometry": { "type": "Point", "coordinates": [ -64.3822954, -32.4275018 ] } },
{ "type": "Feature", "properties": { "Name": "682.06", "P.K.": null, "Al.Dist. Izq.": 65, "Al.Dist. Der.": 35, "Ruta": 36 }, "geometry": { "type": "Point", "coordinates": [ -64.3818, -32.4272 ] } },
{ "type": "Feature", "properties": { "Name": "682.28", "P.K.": null, "Al.Dist. Izq.": 65, "Al.Dist. Der.": 35, "Ruta": 36 }, "geometry": { "type": "Point", "coordinates": [ -64.3798824, -32.425985 ] } },
{ "type": "Feature", "properties": { "Name": "682.28", "P.K.": null, "Al.Dist. Izq.": 65, "Al.Dist. Der.": 35, "Ruta": 36 }, "geometry": { "type": "Point", "coordinates": [ -64.3798824, -32.425985 ] } },
{ "type": "Feature", "properties": { "Name": "682.73", "P.K.": null, "Al.Dist. Izq.": 65, "Al.Dist. Der.": 35, "Ruta": 36 }, "geometry": { "type": "Point", "coordinates": [ -64.3765976, -32.4229219 ] } },
{ "type": "Feature", "properties": { "Name": "682.93", "P.K.": null, "Al.Dist. Izq.": 65, "Al.Dist. Der.": 35, "Ruta": 36 }, "geometry": { "type": "Point", "coordinates": [ -64.3757595, -32.4210697 ] } },
{ "type": "Feature", "properties": { "Name": "682.96", "P.K.": null, "Al.Dist. Izq.": 65, "Al.Dist. Der.": 35, "Ruta": 36 }, "geometry": { "type": "Point", "coordinates": [ -64.3756163, -32.4207996 ] } },
{ "type": "Feature", "properties": { "Name": "682.96", "P.K.": null, "Al.Dist. Izq.": 65, "Al.Dist. Der.": 45, "Ruta": 36 }, "geometry": { "type": "Point", "coordinates": [ -64.3756163, -32.4207996 ] } },
{ "type": "Feature", "properties": { "Name": "683", "P.K.": "PK683", "Al.Dist. Izq.": 65, "Al.Dist. Der.": 45, "Ruta": 36 }, "geometry": { "type": "Point", "coordinates": [ -64.3754312, -32.4204366 ] } },
{ "type": "Feature", "properties": { "Name": "683.26", "P.K.": null, "Al.Dist. Izq.": 65, "Al.Dist. Der.": 45, "Ruta": 36 }, "geometry": { "type": "Point", "coordinates": [ -64.3746254, -32.4180235 ] } },
{ "type": "Feature", "properties": { "Name": "683.84", "P.K.": null, "Al.Dist. Izq.": 65, "Al.Dist. Der.": 45, "Ruta": 36 }, "geometry": { "type": "Point", "coordinates": [ -64.3730436, -32.4125408 ] } },
{ "type": "Feature", "properties": { "Name": "684", "P.K.": "PK684", "Al.Dist. Izq.": 65, "Al.Dist. Der.": 45, "Ruta": 36 }, "geometry": { "type": "Point", "coordinates": [ -64.3725081, -32.4106803 ] } },
{ "type": "Feature", "properties": { "Name": "684.14", "P.K.": null, "Al.Dist. Izq.": 65, "Al.Dist. Der.": 45, "Ruta": 36 }, "geometry": { "type": "Point", "coordinates": [ -64.3721429, -32.4094069 ] } },
{ "type": "Feature", "properties": { "Name": "684.35", "P.K.": null, "Al.Dist. Izq.": 65, "Al.Dist. Der.": 45, "Ruta": 36 }, "geometry": { "type": "Point", "coordinates": [ -64.3715811, -32.4074479 ] } },
{ "type": "Feature", "properties": { "Name": "685", "P.K.": "PK685", "Al.Dist. Izq.": 65, "Al.Dist. Der.": 45, "Ruta": 36 }, "geometry": { "type": "Point", "coordinates": [ -64.3696935, -32.4008868 ] } },
{ "type": "Feature", "properties": { "Name": "685.2", "P.K.": null, "Al.Dist. Izq.": 65, "Al.Dist. Der.": 45, "Ruta": 36 }, "geometry": { "type": "Point", "coordinates": [ -64.3691, -32.3989 ] } },
{ "type": "Feature", "properties": { "Name": "685.5", "P.K.": null, "Al.Dist. Izq.": 65, "Al.Dist. Der.": 45, "Ruta": 36 }, "geometry": { "type": "Point", "coordinates": [ -64.368309, -32.3960895 ] } },
{ "type": "Feature", "properties": { "Name": "685.66", "P.K.": null, "Al.Dist. Izq.": 65, "Al.Dist. Der.": 45, "Ruta": 36 }, "geometry": { "type": "Point", "coordinates": [ -64.3678583, -32.3945227 ] } },
{ "type": "Feature", "properties": { "Name": "685.71", "P.K.": null, "Al.Dist. Izq.": 65, "Al.Dist. Der.": 45, "Ruta": 36 }, "geometry": { "type": "Point", "coordinates": [ -64.3677183, -32.3940328 ] } },
{ "type": "Feature", "properties": { "Name": "686", "P.K.": "PK686", "Al.Dist. Izq.": 65, "Al.Dist. Der.": 45, "Ruta": 36 }, "geometry": { "type": "Point", "coordinates": [ -64.3667963, -32.3911212 ] } },
{ "type": "Feature", "properties": { "Name": "686.43", "P.K.": null, "Al.Dist. Izq.": 65, "Al.Dist. Der.": 45, "Ruta": 36 }, "geometry": { "type": "Point", "coordinates": [ -64.3645358, -32.3873774 ] } },
{ "type": "Feature", "properties": { "Name": "686.63", "P.K.": null, "Al.Dist. Izq.": 65, "Al.Dist. Der.": 45, "Ruta": 36 }, "geometry": { "type": "Point", "coordinates": [ -64.3634515, -32.3857735 ] } },
{ "type": "Feature", "properties": { "Name": "686.85", "P.K.": null, "Al.Dist. Izq.": 65, "Al.Dist. Der.": 45, "Ruta": 36 }, "geometry": { "type": "Point", "coordinates": [ -64.3621949, -32.383917 ] } },
{ "type": "Feature", "properties": { "Name": "687", "P.K.": "PK687", "Al.Dist. Izq.": 65, "Al.Dist. Der.": 45, "Ruta": 36 }, "geometry": { "type": "Point", "coordinates": [ -64.3612688, -32.3825752 ] } },
{ "type": "Feature", "properties": { "Name": "687.27", "P.K.": null, "Al.Dist. Izq.": 65, "Al.Dist. Der.": 45, "Ruta": 36 }, "geometry": { "type": "Point", "coordinates": [ -64.3597224, -32.3802996 ] } },
{ "type": "Feature", "properties": { "Name": "687.32", "P.K.": null, "Al.Dist. Izq.": 65, "Al.Dist. Der.": 45, "Ruta": 36 }, "geometry": { "type": "Point", "coordinates": [ -64.3594367, -32.3798778 ] } },
{ "type": "Feature", "properties": { "Name": "687.47", "P.K.": null, "Al.Dist. Izq.": 65, "Al.Dist. Der.": 45, "Ruta": 36 }, "geometry": { "type": "Point", "coordinates": [ -64.3586, -32.3786 ] } },
{ "type": "Feature", "properties": { "Name": "687.47", "P.K.": null, "Al.Dist. Izq.": 65, "Al.Dist. Der.": 45, "Ruta": 36 }, "geometry": { "type": "Point", "coordinates": [ -64.3586, -32.3786 ] } },
{ "type": "Feature", "properties": { "Name": "689.02", "P.K.": null, "Al.Dist. Izq.": 65, "Al.Dist. Der.": 45, "Ruta": 36 }, "geometry": { "type": "Point", "coordinates": [ -64.346252, -32.3725238 ] } },
{ "type": "Feature", "properties": { "Name": "689.43", "P.K.": null, "Al.Dist. Izq.": 65, "Al.Dist. Der.": 45, "Ruta": 36 }, "geometry": { "type": "Point", "coordinates": [ -64.3436129, -32.3699732 ] } },
{ "type": "Feature", "properties": { "Name": "690.7", "P.K.": null, "Al.Dist. Izq.": 65, "Al.Dist. Der.": 45, "Ruta": 36 }, "geometry": { "type": "Point", "coordinates": [ -64.3335959, -32.3650168 ] } },
{ "type": "Feature", "properties": { "Name": "690.82", "P.K.": null, "Al.Dist. Izq.": 65, "Al.Dist. Der.": 45, "Ruta": 36 }, "geometry": { "type": "Point", "coordinates": [ -64.3326852, -32.3644469 ] } },
{ "type": "Feature", "properties": { "Name": "690.92", "P.K.": null, "Al.Dist. Izq.": 65, "Al.Dist. Der.": 45, "Ruta": 36 }, "geometry": { "type": "Point", "coordinates": [ -64.3319261, -32.363972 ] } },
{ "type": "Feature", "properties": { "Name": "691.27", "P.K.": null, "Al.Dist. Izq.": 65, "Al.Dist. Der.": 45, "Ruta": 36 }, "geometry": { "type": "Point", "coordinates": [ -64.3292636, -32.3623197 ] } },
{ "type": "Feature", "properties": { "Name": "691.77", "P.K.": null, "Al.Dist. Izq.": 65, "Al.Dist. Der.": 45, "Ruta": 36 }, "geometry": { "type": "Point", "coordinates": [ -64.3254654, -32.3599506 ] } },
{ "type": "Feature", "properties": { "Name": "692.12", "P.K.": null, "Al.Dist. Izq.": 65, "Al.Dist. Der.": 45, "Ruta": 36 }, "geometry": { "type": "Point", "coordinates": [ -64.3226745, -32.3585434 ] } },
{ "type": "Feature", "properties": { "Name": "692.35", "P.K.": null, "Al.Dist. Izq.": 65, "Al.Dist. Der.": 45, "Ruta": 36 }, "geometry": { "type": "Point", "coordinates": [ -64.3206818, -32.3580333 ] } },
{ "type": "Feature", "properties": { "Name": "692.35", "P.K.": null, "Al.Dist. Izq.": 65, "Al.Dist. Der.": 45, "Ruta": 36 }, "geometry": { "type": "Point", "coordinates": [ -64.3206818, -32.3580333 ] } },
{ "type": "Feature", "properties": { "Name": "692.82", "P.K.": null, "Al.Dist. Izq.": 65, "Al.Dist. Der.": 45, "Ruta": 36 }, "geometry": { "type": "Point", "coordinates": [ -64.3165478, -32.3572478 ] } },
{ "type": "Feature", "properties": { "Name": "692.84", "P.K.": null, "Al.Dist. Izq.": 65, "Al.Dist. Der.": 45, "Ruta": 36 }, "geometry": { "type": "Point", "coordinates": [ -64.316372, -32.357214 ] } },
{ "type": "Feature", "properties": { "Name": "692.99", "P.K.": null, "Al.Dist. Izq.": 65, "Al.Dist. Der.": 45, "Ruta": 36 }, "geometry": { "type": "Point", "coordinates": [ -64.3150531, -32.356961 ] } },
{ "type": "Feature", "properties": { "Name": "692.99", "P.K.": null, "Al.Dist. Izq.": 65, "Al.Dist. Der.": 35, "Ruta": 36 }, "geometry": { "type": "Point", "coordinates": [ -64.3150531, -32.356961 ] } },
{ "type": "Feature", "properties": { "Name": "694.52", "P.K.": null, "Al.Dist. Izq.": 65, "Al.Dist. Der.": 35, "Ruta": 36 }, "geometry": { "type": "Point", "coordinates": [ -64.3029468, -32.3515009 ] } },
{ "type": "Feature", "properties": { "Name": "694.65", "P.K.": null, "Al.Dist. Izq.": 65, "Al.Dist. Der.": 35, "Ruta": 36 }, "geometry": { "type": "Point", "coordinates": [ -64.3023408, -32.3505087 ] } },
{ "type": "Feature", "properties": { "Name": "694.65", "P.K.": null, "Al.Dist. Izq.": 65, "Al.Dist. Der.": 35, "Ruta": 36 }, "geometry": { "type": "Point", "coordinates": [ -64.3023408, -32.3505087 ] } },
{ "type": "Feature", "properties": { "Name": "694.95", "P.K.": null, "Al.Dist. Izq.": 65, "Al.Dist. Der.": 35, "Ruta": 36 }, "geometry": { "type": "Point", "coordinates": [ -64.301425, -32.347995 ] } },
{ "type": "Feature", "properties": { "Name": "695.14", "P.K.": null, "Al.Dist. Izq.": 65, "Al.Dist. Der.": 35, "Ruta": 36 }, "geometry": { "type": "Point", "coordinates": [ -64.3012481, -32.3463066 ] } },
{ "type": "Feature", "properties": { "Name": "695.14", "P.K.": null, "Al.Dist. Izq.": 65, "Al.Dist. Der.": 35, "Ruta": 36 }, "geometry": { "type": "Point", "coordinates": [ -64.3012481, -32.3463066 ] } },
{ "type": "Feature", "properties": { "Name": "695.69", "P.K.": null, "Al.Dist. Izq.": 65, "Al.Dist. Der.": 35, "Ruta": 36 }, "geometry": { "type": "Point", "coordinates": [ -64.3013532, -32.3413835 ] } },
{ "type": "Feature", "properties": { "Name": "695.69", "P.K.": null, "Al.Dist. Izq.": 65, "Al.Dist. Der.": 35, "Ruta": 36 }, "geometry": { "type": "Point", "coordinates": [ -64.3013532, -32.3413835 ] } },
{ "type": "Feature", "properties": { "Name": "695.89", "P.K.": null, "Al.Dist. Izq.": 65, "Al.Dist. Der.": 35, "Ruta": 36 }, "geometry": { "type": "Point", "coordinates": [ -64.3012359, -32.3395995 ] } },
{ "type": "Feature", "properties": { "Name": "696.28", "P.K.": null, "Al.Dist. Izq.": 65, "Al.Dist. Der.": 35, "Ruta": 36 }, "geometry": { "type": "Point", "coordinates": [ -64.3002166, -32.3362728 ] } },
{ "type": "Feature", "properties": { "Name": "696.28", "P.K.": null, "Al.Dist. Izq.": 65, "Al.Dist. Der.": 35, "Ruta": 36 }, "geometry": { "type": "Point", "coordinates": [ -64.3002166, -32.3362728 ] } },
{ "type": "Feature", "properties": { "Name": "696.31", "P.K.": null, "Al.Dist. Izq.": 65, "Al.Dist. Der.": 35, "Ruta": 36 }, "geometry": { "type": "Point", "coordinates": [ -64.3001, -32.336 ] } },
{ "type": "Feature", "properties": { "Name": "697.01", "P.K.": null, "Al.Dist. Izq.": 65, "Al.Dist. Der.": 35, "Ruta": 36 }, "geometry": { "type": "Point", "coordinates": [ -64.2965, -32.331 ] } },
{ "type": "Feature", "properties": { "Name": "697.8", "P.K.": null, "Al.Dist. Izq.": 65, "Al.Dist. Der.": 35, "Ruta": 36 }, "geometry": { "type": "Point", "coordinates": [ -64.293, -32.3248 ] } },
{ "type": "Feature", "properties": { "Name": "698.71", "P.K.": null, "Al.Dist. Izq.": 65, "Al.Dist. Der.": 35, "Ruta": 36 }, "geometry": { "type": "Point", "coordinates": [ -64.2886327, -32.317949 ] } },
{ "type": "Feature", "properties": { "Name": "698.71", "P.K.": null, "Al.Dist. Izq.": 65, "Al.Dist. Der.": 35, "Ruta": 36 }, "geometry": { "type": "Point", "coordinates": [ -64.2886327, -32.317949 ] } },
{ "type": "Feature", "properties": { "Name": "698.72", "P.K.": null, "Al.Dist. Izq.": 65, "Al.Dist. Der.": 35, "Ruta": 36 }, "geometry": { "type": "Point", "coordinates": [ -64.2885845, -32.3178735 ] } },
{ "type": "Feature", "properties": { "Name": "699.02", "P.K.": null, "Al.Dist. Izq.": 65, "Al.Dist. Der.": 35, "Ruta": 36 }, "geometry": { "type": "Point", "coordinates": [ -64.2871, -32.3156 ] } },
{ "type": "Feature", "properties": { "Name": "699.11", "P.K.": null, "Al.Dist. Izq.": 65, "Al.Dist. Der.": 35, "Ruta": 36 }, "geometry": { "type": "Point", "coordinates": [ -64.2867088, -32.3149284 ] } },
{ "type": "Feature", "properties": { "Name": "699.5", "P.K.": null, "Al.Dist. Izq.": 65, "Al.Dist. Der.": 35, "Ruta": 36 }, "geometry": { "type": "Point", "coordinates": [ -64.2848314, -32.3119844 ] } },
{ "type": "Feature", "properties": { "Name": "699.5", "P.K.": null, "Al.Dist. Izq.": 45, "Al.Dist. Der.": 45, "Ruta": 36 }, "geometry": { "type": "Point", "coordinates": [ -64.2848314, -32.3119844 ] } },
{ "type": "Feature", "properties": { "Name": "699.68", "P.K.": null, "Al.Dist. Izq.": 45, "Al.Dist. Der.": 45, "Ruta": 36 }, "geometry": { "type": "Point", "coordinates": [ -64.2838462, -32.3107134 ] } },
{ "type": "Feature", "properties": { "Name": "701.77", "P.K.": null, "Al.Dist. Izq.": 45, "Al.Dist. Der.": 45, "Ruta": 36 }, "geometry": { "type": "Point", "coordinates": [ -64.2841018, -32.2922924 ] } },
{ "type": "Feature", "properties": { "Name": "702.07", "P.K.": null, "Al.Dist. Izq.": 45, "Al.Dist. Der.": 45, "Ruta": 36 }, "geometry": { "type": "Point", "coordinates": [ -64.284379, -32.2896208 ] } },
{ "type": "Feature", "properties": { "Name": "702.58", "P.K.": null, "Al.Dist. Izq.": 45, "Al.Dist. Der.": 45, "Ruta": 36 }, "geometry": { "type": "Point", "coordinates": [ -64.2848, -32.2851 ] } },
{ "type": "Feature", "properties": { "Name": "702.59", "P.K.": null, "Al.Dist. Izq.": 45, "Al.Dist. Der.": 45, "Ruta": 36 }, "geometry": { "type": "Point", "coordinates": [ -64.2848376, -32.2849878 ] } },
{ "type": "Feature", "properties": { "Name": "702.72", "P.K.": null, "Al.Dist. Izq.": 45, "Al.Dist. Der.": 45, "Ruta": 36 }, "geometry": { "type": "Point", "coordinates": [ -64.2849494, -32.2838293 ] } },
{ "type": "Feature", "properties": { "Name": "702.87", "P.K.": null, "Al.Dist. Izq.": 45, "Al.Dist. Der.": 45, "Ruta": 36 }, "geometry": { "type": "Point", "coordinates": [ -64.2850757, -32.2824923 ] } },
{ "type": "Feature", "properties": { "Name": "703", "P.K.": "PK703", "Al.Dist. Izq.": 45, "Al.Dist. Der.": 45, "Ruta": 36 }, "geometry": { "type": "Point", "coordinates": [ -64.2851512, -32.2813314 ] } },
{ "type": "Feature", "properties": { "Name": "703.08", "P.K.": null, "Al.Dist. Izq.": 45, "Al.Dist. Der.": 45, "Ruta": 36 }, "geometry": { "type": "Point", "coordinates": [ -64.2851551, -32.2806152 ] } },
{ "type": "Feature", "properties": { "Name": "703.11", "P.K.": null, "Al.Dist. Izq.": 45, "Al.Dist. Der.": 45, "Ruta": 36 }, "geometry": { "type": "Point", "coordinates": [ -64.2851468, -32.2803468 ] } },
{ "type": "Feature", "properties": { "Name": "703.5", "P.K.": null, "Al.Dist. Izq.": 45, "Al.Dist. Der.": 45, "Ruta": 36 }, "geometry": { "type": "Point", "coordinates": [ -64.2849811, -32.2768593 ] } },
{ "type": "Feature", "properties": { "Name": "703.5", "P.K.": null, "Al.Dist. Izq.": 45, "Al.Dist. Der.": 45, "Ruta": 36 }, "geometry": { "type": "Point", "coordinates": [ -64.2849811, -32.2768593 ] } },
{ "type": "Feature", "properties": { "Name": "704", "P.K.": "PK704", "Al.Dist. Izq.": 45, "Al.Dist. Der.": 45, "Ruta": 36 }, "geometry": { "type": "Point", "coordinates": [ -64.2845255, -32.2724142 ] } },
{ "type": "Feature", "properties": { "Name": "704.6", "P.K.": null, "Al.Dist. Izq.": 45, "Al.Dist. Der.": 45, "Ruta": 36 }, "geometry": { "type": "Point", "coordinates": [ -64.2835248, -32.2671363 ] } },
{ "type": "Feature", "properties": { "Name": "704.83", "P.K.": null, "Al.Dist. Izq.": 45, "Al.Dist. Der.": 45, "Ruta": 36 }, "geometry": { "type": "Point", "coordinates": [ -64.2831383, -32.2651137 ] } },
{ "type": "Feature", "properties": { "Name": "704.85", "P.K.": null, "Al.Dist. Izq.": 45, "Al.Dist. Der.": 45, "Ruta": 36 }, "geometry": { "type": "Point", "coordinates": [ -64.2831047, -32.2649378 ] } },
{ "type": "Feature", "properties": { "Name": "705.17", "P.K.": null, "Al.Dist. Izq.": 45, "Al.Dist. Der.": 45, "Ruta": 36 }, "geometry": { "type": "Point", "coordinates": [ -64.2825735, -32.2621225 ] } },
{ "type": "Feature", "properties": { "Name": "705.64", "P.K.": null, "Al.Dist. Izq.": 45, "Al.Dist. Der.": 45, "Ruta": 36 }, "geometry": { "type": "Point", "coordinates": [ -64.2818649, -32.2579772 ] } },
{ "type": "Feature", "properties": { "Name": "705.73", "P.K.": null, "Al.Dist. Izq.": 45, "Al.Dist. Der.": 45, "Ruta": 36 }, "geometry": { "type": "Point", "coordinates": [ -64.2818535, -32.2571726 ] } },
{ "type": "Feature", "properties": { "Name": "706", "P.K.": "PK706", "Al.Dist. Izq.": 45, "Al.Dist. Der.": 45, "Ruta": 36 }, "geometry": { "type": "Point", "coordinates": [ -64.2820327, -32.2547622 ] } },
{ "type": "Feature", "properties": { "Name": "706.04", "P.K.": null, "Al.Dist. Izq.": 45, "Al.Dist. Der.": 45, "Ruta": 36 }, "geometry": { "type": "Point", "coordinates": [ -64.2821, -32.2544 ] } },
{ "type": "Feature", "properties": { "Name": "706.04", "P.K.": null, "Al.Dist. Izq.": 45, "Al.Dist. Der.": 45, "Ruta": 36 }, "geometry": { "type": "Point", "coordinates": [ -64.2821, -32.2544 ] } },
{ "type": "Feature", "properties": { "Name": "706.13", "P.K.": null, "Al.Dist. Izq.": 45, "Al.Dist. Der.": 45, "Ruta": 36 }, "geometry": { "type": "Point", "coordinates": [ -64.2821311, -32.2536025 ] } },
{ "type": "Feature", "properties": { "Name": "706.52", "P.K.": null, "Al.Dist. Izq.": 45, "Al.Dist. Der.": 45, "Ruta": 36 }, "geometry": { "type": "Point", "coordinates": [ -64.2824308, -32.2501237 ] } },
{ "type": "Feature", "properties": { "Name": "706.92", "P.K.": null, "Al.Dist. Izq.": 45, "Al.Dist. Der.": 45, "Ruta": 36 }, "geometry": { "type": "Point", "coordinates": [ -64.2827346, -32.2465553 ] } },
{ "type": "Feature", "properties": { "Name": "706.97", "P.K.": null, "Al.Dist. Izq.": 45, "Al.Dist. Der.": 45, "Ruta": 36 }, "geometry": { "type": "Point", "coordinates": [ -64.2827726, -32.2461093 ] } },
{ "type": "Feature", "properties": { "Name": "707", "P.K.": "PK707", "Al.Dist. Izq.": 45, "Al.Dist. Der.": 45, "Ruta": 36 }, "geometry": { "type": "Point", "coordinates": [ -64.2827954, -32.2458417 ] } },
{ "type": "Feature", "properties": { "Name": "707.75", "P.K.": null, "Al.Dist. Izq.": 45, "Al.Dist. Der.": 45, "Ruta": 36 }, "geometry": { "type": "Point", "coordinates": [ -64.2833531, -32.23915 ] } },
{ "type": "Feature", "properties": { "Name": "707.76", "P.K.": null, "Al.Dist. Izq.": 45, "Al.Dist. Der.": 45, "Ruta": 36 }, "geometry": { "type": "Point", "coordinates": [ -64.2833606, -32.2390608 ] } },
{ "type": "Feature", "properties": { "Name": "707.79", "P.K.": null, "Al.Dist. Izq.": 45, "Al.Dist. Der.": 45, "Ruta": 36 }, "geometry": { "type": "Point", "coordinates": [ -64.2833831, -32.2387932 ] } },
{ "type": "Feature", "properties": { "Name": "707.79", "P.K.": null, "Al.Dist. Izq.": 65, "Al.Dist. Der.": 35, "Ruta": 36 }, "geometry": { "type": "Point", "coordinates": [ -64.2833831, -32.2387932 ] } },
{ "type": "Feature", "properties": { "Name": "707.98", "P.K.": null, "Al.Dist. Izq.": 65, "Al.Dist. Der.": 35, "Ruta": 36 }, "geometry": { "type": "Point", "coordinates": [ -64.2834946, -32.237096 ] } },
{ "type": "Feature", "properties": { "Name": "708", "P.K.": "PK708", "Al.Dist. Izq.": 65, "Al.Dist. Der.": 35, "Ruta": 36 }, "geometry": { "type": "Point", "coordinates": [ -64.2834971, -32.236917 ] } },
{ "type": "Feature", "properties": { "Name": "708.11", "P.K.": null, "Al.Dist. Izq.": 65, "Al.Dist. Der.": 35, "Ruta": 36 }, "geometry": { "type": "Point", "coordinates": [ -64.2835041, -32.2359322 ] } },
{ "type": "Feature", "properties": { "Name": "708.72", "P.K.": null, "Al.Dist. Izq.": 65, "Al.Dist. Der.": 35, "Ruta": 36 }, "geometry": { "type": "Point", "coordinates": [ -64.28349, -32.2304709 ] } },
{ "type": "Feature", "properties": { "Name": "708.72", "P.K.": null, "Al.Dist. Izq.": 65, "Al.Dist. Der.": 35, "Ruta": 36 }, "geometry": { "type": "Point", "coordinates": [ -64.28349, -32.2304709 ] } },
{ "type": "Feature", "properties": { "Name": "709", "P.K.": null, "Al.Dist. Izq.": 65, "Al.Dist. Der.": 35, "Ruta": 36 }, "geometry": { "type": "Point", "coordinates": [ -64.2834902, -32.2279643 ] } },
{ "type": "Feature", "properties": { "Name": "709.23", "P.K.": null, "Al.Dist. Izq.": 65, "Al.Dist. Der.": 35, "Ruta": 36 }, "geometry": { "type": "Point", "coordinates": [ -64.2838462, -32.2259438 ] } },
{ "type": "Feature", "properties": { "Name": "709.25", "P.K.": null, "Al.Dist. Izq.": 65, "Al.Dist. Der.": 35, "Ruta": 36 }, "geometry": { "type": "Point", "coordinates": [ -64.2838976, -32.2257723 ] } },
{ "type": "Feature", "properties": { "Name": "709.4", "P.K.": null, "Al.Dist. Izq.": 65, "Al.Dist. Der.": 35, "Ruta": 36 }, "geometry": { "type": "Point", "coordinates": [ -64.2844204, -32.2245381 ] } },
{ "type": "Feature", "properties": { "Name": "709.41", "P.K.": null, "Al.Dist. Izq.": 65, "Al.Dist. Der.": 35, "Ruta": 36 }, "geometry": { "type": "Point", "coordinates": [ -64.2844654, -32.2244607 ] } },
{ "type": "Feature", "properties": { "Name": "709.46", "P.K.": null, "Al.Dist. Izq.": 65, "Al.Dist. Der.": 35, "Ruta": 36 }, "geometry": { "type": "Point", "coordinates": [ -64.2846903, -32.2240736 ] } },
{ "type": "Feature", "properties": { "Name": "709.55", "P.K.": null, "Al.Dist. Izq.": 65, "Al.Dist. Der.": 35, "Ruta": 36 }, "geometry": { "type": "Point", "coordinates": [ -64.2851294, -32.2233985 ] } },
{ "type": "Feature", "properties": { "Name": "709.57", "P.K.": null, "Al.Dist. Izq.": 65, "Al.Dist. Der.": 35, "Ruta": 36 }, "geometry": { "type": "Point", "coordinates": [ -64.2852301, -32.2232504 ] } },
{ "type": "Feature", "properties": { "Name": "709.59", "P.K.": null, "Al.Dist. Izq.": 65, "Al.Dist. Der.": 35, "Ruta": 36 }, "geometry": { "type": "Point", "coordinates": [ -64.2853322, -32.2231033 ] } },
{ "type": "Feature", "properties": { "Name": "709.83", "P.K.": null, "Al.Dist. Izq.": 65, "Al.Dist. Der.": 35, "Ruta": 36 }, "geometry": { "type": "Point", "coordinates": [ -64.2865546, -32.2213361 ] } },
{ "type": "Feature", "properties": { "Name": "710", "P.K.": "PK710", "Al.Dist. Izq.": 65, "Al.Dist. Der.": 35, "Ruta": 36 }, "geometry": { "type": "Point", "coordinates": [ -64.2874149, -32.2200806 ] } },
{ "type": "Feature", "properties": { "Name": "710.02", "P.K.": null, "Al.Dist. Izq.": 65, "Al.Dist. Der.": 35, "Ruta": 36 }, "geometry": { "type": "Point", "coordinates": [ -64.2875161, -32.2199329 ] } },
{ "type": "Feature", "properties": { "Name": "710.26", "P.K.": null, "Al.Dist. Izq.": 65, "Al.Dist. Der.": 35, "Ruta": 36 }, "geometry": { "type": "Point", "coordinates": [ -64.2887307, -32.2181604 ] } },
{ "type": "Feature", "properties": { "Name": "710.29", "P.K.": null, "Al.Dist. Izq.": 65, "Al.Dist. Der.": 35, "Ruta": 36 }, "geometry": { "type": "Point", "coordinates": [ -64.2888826, -32.2179388 ] } },
{ "type": "Feature", "properties": { "Name": "710.61", "P.K.": null, "Al.Dist. Izq.": 65, "Al.Dist. Der.": 35, "Ruta": 36 }, "geometry": { "type": "Point", "coordinates": [ -64.2905021, -32.2155755 ] } },
{ "type": "Feature", "properties": { "Name": "710.85", "P.K.": null, "Al.Dist. Izq.": 65, "Al.Dist. Der.": 35, "Ruta": 36 }, "geometry": { "type": "Point", "coordinates": [ -64.2916576, -32.2137639 ] } },
{ "type": "Feature", "properties": { "Name": "711", "P.K.": "PK711", "Al.Dist. Izq.": 65, "Al.Dist. Der.": 35, "Ruta": 36 }, "geometry": { "type": "Point", "coordinates": [ -64.2923786, -32.2126309 ] } },
{ "type": "Feature", "properties": { "Name": "711.18", "P.K.": null, "Al.Dist. Izq.": 65, "Al.Dist. Der.": 35, "Ruta": 36 }, "geometry": { "type": "Point", "coordinates": [ -64.2932113, -32.2112515 ] } },
{ "type": "Feature", "properties": { "Name": "711.42", "P.K.": null, "Al.Dist. Izq.": 65, "Al.Dist. Der.": 35, "Ruta": 36 }, "geometry": { "type": "Point", "coordinates": [ -64.2942775, -32.209386 ] } },
{ "type": "Feature", "properties": { "Name": "711.45", "P.K.": null, "Al.Dist. Izq.": 65, "Al.Dist. Der.": 35, "Ruta": 36 }, "geometry": { "type": "Point", "coordinates": [ -64.2944096, -32.2091522 ] } },
{ "type": "Feature", "properties": { "Name": "711.62", "P.K.": null, "Al.Dist. Izq.": 65, "Al.Dist. Der.": 35, "Ruta": 36 }, "geometry": { "type": "Point", "coordinates": [ -64.2951294, -32.2078113 ] } },
{ "type": "Feature", "properties": { "Name": "711.66", "P.K.": null, "Al.Dist. Izq.": 65, "Al.Dist. Der.": 35, "Ruta": 36 }, "geometry": { "type": "Point", "coordinates": [ -64.2952958, -32.2074941 ] } },
{ "type": "Feature", "properties": { "Name": "711.72", "P.K.": null, "Al.Dist. Izq.": 65, "Al.Dist. Der.": 35, "Ruta": 36 }, "geometry": { "type": "Point", "coordinates": [ -64.2955425, -32.207017 ] } },
{ "type": "Feature", "properties": { "Name": "711.76", "P.K.": null, "Al.Dist. Izq.": 65, "Al.Dist. Der.": 35, "Ruta": 36 }, "geometry": { "type": "Point", "coordinates": [ -64.2957064, -32.2066985 ] } },
{ "type": "Feature", "properties": { "Name": "711.8", "P.K.": null, "Al.Dist. Izq.": 65, "Al.Dist. Der.": 35, "Ruta": 36 }, "geometry": { "type": "Point", "coordinates": [ -64.2958702, -32.20638 ] } },
{ "type": "Feature", "properties": { "Name": "711.94", "P.K.": null, "Al.Dist. Izq.": 65, "Al.Dist. Der.": 35, "Ruta": 36 }, "geometry": { "type": "Point", "coordinates": [ -64.2964533, -32.2052706 ] } },
{ "type": "Feature", "properties": { "Name": "711.99", "P.K.": null, "Al.Dist. Izq.": 65, "Al.Dist. Der.": 35, "Ruta": 36 }, "geometry": { "type": "Point", "coordinates": [ -64.2966656, -32.2048765 ] } },
{ "type": "Feature", "properties": { "Name": "712", "P.K.": "PK712", "Al.Dist. Izq.": 65, "Al.Dist. Der.": 35, "Ruta": 36 }, "geometry": { "type": "Point", "coordinates": [ -64.296708, -32.2047976 ] } },
{ "type": "Feature", "properties": { "Name": "712.14", "P.K.": null, "Al.Dist. Izq.": 65, "Al.Dist. Der.": 35, "Ruta": 36 }, "geometry": { "type": "Point", "coordinates": [ -64.2972952, -32.2036903 ] } },
{ "type": "Feature", "properties": { "Name": "712.22", "P.K.": null, "Al.Dist. Izq.": 65, "Al.Dist. Der.": 35, "Ruta": 36 }, "geometry": { "type": "Point", "coordinates": [ -64.2976254, -32.2030547 ] } },
{ "type": "Feature", "properties": { "Name": "713", "P.K.": "PK713", "Al.Dist. Izq.": 65, "Al.Dist. Der.": 35, "Ruta": 36 }, "geometry": { "type": "Point", "coordinates": [ -64.3008846, -32.1968785 ] } },
{ "type": "Feature", "properties": { "Name": "713.01", "P.K.": null, "Al.Dist. Izq.": 65, "Al.Dist. Der.": 35, "Ruta": 36 }, "geometry": { "type": "Point", "coordinates": [ -64.3009261, -32.1967992 ] } },
{ "type": "Feature", "properties": { "Name": "713.01", "P.K.": null, "Al.Dist. Izq.": 65, "Al.Dist. Der.": 35, "Ruta": 36 }, "geometry": { "type": "Point", "coordinates": [ -64.3009261, -32.1967992 ] } },
{ "type": "Feature", "properties": { "Name": "713.42", "P.K.": null, "Al.Dist. Izq.": 65, "Al.Dist. Der.": 35, "Ruta": 36 }, "geometry": { "type": "Point", "coordinates": [ -64.3026393, -32.1935527 ] } },
{ "type": "Feature", "properties": { "Name": "713.49", "P.K.": null, "Al.Dist. Izq.": 65, "Al.Dist. Der.": 35, "Ruta": 36 }, "geometry": { "type": "Point", "coordinates": [ -64.3029306, -32.1929978 ] } },
{ "type": "Feature", "properties": { "Name": "714", "P.K.": "PK714", "Al.Dist. Izq.": 65, "Al.Dist. Der.": 35, "Ruta": 36 }, "geometry": { "type": "Point", "coordinates": [ -64.3050595, -32.1889585 ] } },
{ "type": "Feature", "properties": { "Name": "714.22", "P.K.": null, "Al.Dist. Izq.": 65, "Al.Dist. Der.": 35, "Ruta": 36 }, "geometry": { "type": "Point", "coordinates": [ -64.3059747, -32.1872143 ] } },
{ "type": "Feature", "properties": { "Name": "714.57", "P.K.": null, "Al.Dist. Izq.": 65, "Al.Dist. Der.": 35, "Ruta": 36 }, "geometry": { "type": "Point", "coordinates": [ -64.3074155, -32.1844321 ] } },
{ "type": "Feature", "properties": { "Name": "714.63", "P.K.": null, "Al.Dist. Izq.": 65, "Al.Dist. Der.": 35, "Ruta": 36 }, "geometry": { "type": "Point", "coordinates": [ -64.3076358, -32.1839427 ] } },
{ "type": "Feature", "properties": { "Name": "714.77", "P.K.": null, "Al.Dist. Izq.": 65, "Al.Dist. Der.": 35, "Ruta": 36 }, "geometry": { "type": "Point", "coordinates": [ -64.3079521, -32.1827315 ] } },
{ "type": "Feature", "properties": { "Name": "715.06", "P.K.": null, "Al.Dist. Izq.": 65, "Al.Dist. Der.": 35, "Ruta": 36 }, "geometry": { "type": "Point", "coordinates": [ -64.3078088, -32.1801583 ] } },
{ "type": "Feature", "properties": { "Name": "715.11", "P.K.": null, "Al.Dist. Izq.": 65, "Al.Dist. Der.": 35, "Ruta": 36 }, "geometry": { "type": "Point", "coordinates": [ -64.3076853, -32.1797281 ] } },
{ "type": "Feature", "properties": { "Name": "715.4", "P.K.": null, "Al.Dist. Izq.": 65, "Al.Dist. Der.": 35, "Ruta": 36 }, "geometry": { "type": "Point", "coordinates": [ -64.3063899, -32.1774938 ] } },
{ "type": "Feature", "properties": { "Name": "715.47", "P.K.": null, "Al.Dist. Izq.": 65, "Al.Dist. Der.": 35, "Ruta": 36 }, "geometry": { "type": "Point", "coordinates": [ -64.3059663, -32.1770321 ] } },
{ "type": "Feature", "properties": { "Name": "715.47", "P.K.": null, "Al.Dist. Izq.": 65, "Al.Dist. Der.": 35, "Ruta": 36 }, "geometry": { "type": "Point", "coordinates": [ -64.3059663, -32.1770321 ] } },
{ "type": "Feature", "properties": { "Name": "715.8", "P.K.": null, "Al.Dist. Izq.": 65, "Al.Dist. Der.": 35, "Ruta": 36 }, "geometry": { "type": "Point", "coordinates": [ -64.3035378, -32.1753735 ] } },
{ "type": "Feature", "properties": { "Name": "715.8", "P.K.": null, "Al.Dist. Izq.": 65, "Al.Dist. Der.": 35, "Ruta": 36 }, "geometry": { "type": "Point", "coordinates": [ -64.3035378, -32.1753735 ] } },
{ "type": "Feature", "properties": { "Name": "716.13", "P.K.": null, "Al.Dist. Izq.": 65, "Al.Dist. Der.": 35, "Ruta": 36 }, "geometry": { "type": "Point", "coordinates": [ -64.3008123, -32.1742336 ] } },
{ "type": "Feature", "properties": { "Name": "716.13", "P.K.": null, "Al.Dist. Izq.": 65, "Al.Dist. Der.": 35, "Ruta": 36 }, "geometry": { "type": "Point", "coordinates": [ -64.3008123, -32.1742336 ] } },
{ "type": "Feature", "properties": { "Name": "716.16", "P.K.": null, "Al.Dist. Izq.": 65, "Al.Dist. Der.": 35, "Ruta": 36 }, "geometry": { "type": "Point", "coordinates": [ -64.3005635, -32.1741324 ] } },
{ "type": "Feature", "properties": { "Name": "716.47", "P.K.": null, "Al.Dist. Izq.": 65, "Al.Dist. Der.": 35, "Ruta": 36 }, "geometry": { "type": "Point", "coordinates": [ -64.2980165, -32.1730309 ] } },
{ "type": "Feature", "properties": { "Name": "716.56", "P.K.": null, "Al.Dist. Izq.": 65, "Al.Dist. Der.": 35, "Ruta": 36 }, "geometry": { "type": "Point", "coordinates": [ -64.2973072, -32.1726485 ] } },
{ "type": "Feature", "properties": { "Name": "716.65", "P.K.": null, "Al.Dist. Izq.": 65, "Al.Dist. Der.": 35, "Ruta": 36 }, "geometry": { "type": "Point", "coordinates": [ -64.2966198, -32.1722282 ] } },
{ "type": "Feature", "properties": { "Name": "716.65", "P.K.": null, "Al.Dist. Izq.": 65, "Al.Dist. Der.": 35, "Ruta": 36 }, "geometry": { "type": "Point", "coordinates": [ -64.2966198, -32.1722282 ] } },
{ "type": "Feature", "properties": { "Name": "717", "P.K.": "PK717", "Al.Dist. Izq.": 65, "Al.Dist. Der.": 35, "Ruta": 36 }, "geometry": { "type": "Point", "coordinates": [ -64.2940075, -32.1704976 ] } },
{ "type": "Feature", "properties": { "Name": "717.06", "P.K.": null, "Al.Dist. Izq.": 65, "Al.Dist. Der.": 35, "Ruta": 36 }, "geometry": { "type": "Point", "coordinates": [ -64.2935608, -32.1701992 ] } },
{ "type": "Feature", "properties": { "Name": "717.12", "P.K.": null, "Al.Dist. Izq.": 65, "Al.Dist. Der.": 35, "Ruta": 36 }, "geometry": { "type": "Point", "coordinates": [ -64.2931141, -32.1699008 ] } },
{ "type": "Feature", "properties": { "Name": "717.6", "P.K.": null, "Al.Dist. Izq.": 65, "Al.Dist. Der.": 35, "Ruta": 36 }, "geometry": { "type": "Point", "coordinates": [ -64.2895352, -32.1675219 ] } },
{ "type": "Feature", "properties": { "Name": "717.65", "P.K.": null, "Al.Dist. Izq.": 65, "Al.Dist. Der.": 35, "Ruta": 36 }, "geometry": { "type": "Point", "coordinates": [ -64.2891618, -32.1672748 ] } },
{ "type": "Feature", "properties": { "Name": "717.95", "P.K.": null, "Al.Dist. Izq.": 65, "Al.Dist. Der.": 35, "Ruta": 36 }, "geometry": { "type": "Point", "coordinates": [ -64.2869213, -32.1657935 ] } },
{ "type": "Feature", "properties": { "Name": "717.97", "P.K.": null, "Al.Dist. Izq.": 65, "Al.Dist. Der.": 35, "Ruta": 36 }, "geometry": { "type": "Point", "coordinates": [ -64.2867719, -32.1656948 ] } },
{ "type": "Feature", "properties": { "Name": "718.17", "P.K.": null, "Al.Dist. Izq.": 65, "Al.Dist. Der.": 35, "Ruta": 36 }, "geometry": { "type": "Point", "coordinates": [ -64.2853396, -32.1646241 ] } },
{ "type": "Feature", "properties": { "Name": "718.31", "P.K.": null, "Al.Dist. Izq.": 65, "Al.Dist. Der.": 35, "Ruta": 36 }, "geometry": { "type": "Point", "coordinates": [ -64.2844919, -32.1637038 ] } },
{ "type": "Feature", "properties": { "Name": "718.36", "P.K.": null, "Al.Dist. Izq.": 65, "Al.Dist. Der.": 35, "Ruta": 36 }, "geometry": { "type": "Point", "coordinates": [ -64.284233, -32.1633391 ] } },
{ "type": "Feature", "properties": { "Name": "718.43", "P.K.": null, "Al.Dist. Izq.": 65, "Al.Dist. Der.": 35, "Ruta": 36 }, "geometry": { "type": "Point", "coordinates": [ -64.2838976, -32.1628099 ] } },
{ "type": "Feature", "properties": { "Name": "718.49", "P.K.": null, "Al.Dist. Izq.": 65, "Al.Dist. Der.": 35, "Ruta": 36 }, "geometry": { "type": "Point", "coordinates": [ -64.2836484, -32.1623353 ] } },
{ "type": "Feature", "properties": { "Name": "718.49", "P.K.": null, "Al.Dist. Izq.": 65, "Al.Dist. Der.": 35, "Ruta": 36 }, "geometry": { "type": "Point", "coordinates": [ -64.2836484, -32.1623353 ] } },
{ "type": "Feature", "properties": { "Name": "718.74", "P.K.": null, "Al.Dist. Izq.": 65, "Al.Dist. Der.": 35, "Ruta": 36 }, "geometry": { "type": "Point", "coordinates": [ -64.2829414, -32.1602134 ] } },
{ "type": "Feature", "properties": { "Name": "719", "P.K.": "PK719", "Al.Dist. Izq.": 65, "Al.Dist. Der.": 35, "Ruta": 36 }, "geometry": { "type": "Point", "coordinates": [ -64.2822671, -32.1579854 ] } },
{ "type": "Feature", "properties": { "Name": "719.83", "P.K.": null, "Al.Dist. Izq.": 65, "Al.Dist. Der.": 35, "Ruta": 36 }, "geometry": { "type": "Point", "coordinates": [ -64.2783, -32.1519 ] } },
{ "type": "Feature", "properties": { "Name": "719.83", "P.K.": null, "Al.Dist. Izq.": 65, "Al.Dist. Der.": 35, "Ruta": 36 }, "geometry": { "type": "Point", "coordinates": [ -64.2783, -32.1519 ] } },
{ "type": "Feature", "properties": { "Name": "721.75", "P.K.": null, "Al.Dist. Izq.": 65, "Al.Dist. Der.": 35, "Ruta": 36 }, "geometry": { "type": "Point", "coordinates": [ -64.2810654, -32.1389682 ] } },
{ "type": "Feature", "properties": { "Name": "721.75", "P.K.": null, "Al.Dist. Izq.": 70, "Al.Dist. Der.": 30, "Ruta": 36 }, "geometry": { "type": "Point", "coordinates": [ -64.2810654, -32.1389682 ] } },
{ "type": "Feature", "properties": { "Name": "721.94", "P.K.": null, "Al.Dist. Izq.": 70, "Al.Dist. Der.": 30, "Ruta": 36 }, "geometry": { "type": "Point", "coordinates": [ -64.2825445, -32.1381279 ] } },
{ "type": "Feature", "properties": { "Name": "722.06", "P.K.": null, "Al.Dist. Izq.": 70, "Al.Dist. Der.": 30, "Ruta": 36 }, "geometry": { "type": "Point", "coordinates": [ -64.2834822, -32.1376037 ] } },
{ "type": "Feature", "properties": { "Name": "722.66", "P.K.": null, "Al.Dist. Izq.": 70, "Al.Dist. Der.": 30, "Ruta": 36 }, "geometry": { "type": "Point", "coordinates": [ -64.2881626, -32.1349672 ] } },
{ "type": "Feature", "properties": { "Name": "723", "P.K.": "PK723", "Al.Dist. Izq.": 70, "Al.Dist. Der.": 30, "Ruta": 36 }, "geometry": { "type": "Point", "coordinates": [ -64.2908102, -32.1334651 ] } },
{ "type": "Feature", "properties": { "Name": "723.03", "P.K.": null, "Al.Dist. Izq.": 70, "Al.Dist. Der.": 30, "Ruta": 36 }, "geometry": { "type": "Point", "coordinates": [ -64.2910441, -32.133333 ] } },
{ "type": "Feature", "properties": { "Name": "723.17", "P.K.": null, "Al.Dist. Izq.": 70, "Al.Dist. Der.": 30, "Ruta": 36 }, "geometry": { "type": "Point", "coordinates": [ -64.2921463, -32.1327367 ] } },
{ "type": "Feature", "properties": { "Name": "723.17", "P.K.": null, "Al.Dist. Izq.": 70, "Al.Dist. Der.": 30, "Ruta": 36 }, "geometry": { "type": "Point", "coordinates": [ -64.2921463, -32.1327367 ] } },
{ "type": "Feature", "properties": { "Name": "723.43", "P.K.": null, "Al.Dist. Izq.": 70, "Al.Dist. Der.": 30, "Ruta": 36 }, "geometry": { "type": "Point", "coordinates": [ -64.2941904, -32.131624 ] } },
{ "type": "Feature", "properties": { "Name": "723.43", "P.K.": null, "Al.Dist. Izq.": 70, "Al.Dist. Der.": 30, "Ruta": 36 }, "geometry": { "type": "Point", "coordinates": [ -64.2941904, -32.131624 ] } },
{ "type": "Feature", "properties": { "Name": "723.52", "P.K.": null, "Al.Dist. Izq.": 70, "Al.Dist. Der.": 30, "Ruta": 36 }, "geometry": { "type": "Point", "coordinates": [ -64.2948061, -32.1312582 ] } },
{ "type": "Feature", "properties": { "Name": "723.8", "P.K.": null, "Al.Dist. Izq.": 70, "Al.Dist. Der.": 30, "Ruta": 36 }, "geometry": { "type": "Point", "coordinates": [ -64.2969629, -32.1299813 ] } },
{ "type": "Feature", "properties": { "Name": "724", "P.K.": "PK724", "Al.Dist. Izq.": 70, "Al.Dist. Der.": 30, "Ruta": 36 }, "geometry": { "type": "Point", "coordinates": [ -64.2985991, -32.1290551 ] } },
{ "type": "Feature", "properties": { "Name": "724.12", "P.K.": null, "Al.Dist. Izq.": 70, "Al.Dist. Der.": 30, "Ruta": 36 }, "geometry": { "type": "Point", "coordinates": [ -64.2995344, -32.1285264 ] } },
{ "type": "Feature", "properties": { "Name": "724.44", "P.K.": null, "Al.Dist. Izq.": 70, "Al.Dist. Der.": 30, "Ruta": 36 }, "geometry": { "type": "Point", "coordinates": [ -64.3021064, -32.1270725 ] } },
{ "type": "Feature", "properties": { "Name": "724.75", "P.K.": null, "Al.Dist. Izq.": 70, "Al.Dist. Der.": 30, "Ruta": 36 }, "geometry": { "type": "Point", "coordinates": [ -64.3045, -32.1258 ] } },
{ "type": "Feature", "properties": { "Name": "724.77", "P.K.": null, "Al.Dist. Izq.": 70, "Al.Dist. Der.": 30, "Ruta": 36 }, "geometry": { "type": "Point", "coordinates": [ -64.30461, -32.1256795 ] } },
{ "type": "Feature", "properties": { "Name": "724.77", "P.K.": null, "Al.Dist. Izq.": 70, "Al.Dist. Der.": 30, "Ruta": 36 }, "geometry": { "type": "Point", "coordinates": [ -64.30461, -32.1256795 ] } },
{ "type": "Feature", "properties": { "Name": "724.79", "P.K.": null, "Al.Dist. Izq.": 70, "Al.Dist. Der.": 30, "Ruta": 36 }, "geometry": { "type": "Point", "coordinates": [ -64.3047656, -32.125591 ] } },
{ "type": "Feature", "properties": { "Name": "724.84", "P.K.": null, "Al.Dist. Izq.": 70, "Al.Dist. Der.": 30, "Ruta": 36 }, "geometry": { "type": "Point", "coordinates": [ -64.3051497, -32.1253614 ] } },
{ "type": "Feature", "properties": { "Name": "724.84", "P.K.": null, "Al.Dist. Izq.": 70, "Al.Dist. Der.": 30, "Ruta": 36 }, "geometry": { "type": "Point", "coordinates": [ -64.3051497, -32.1253614 ] } },
{ "type": "Feature", "properties": { "Name": "725", "P.K.": "PK725", "Al.Dist. Izq.": 70, "Al.Dist. Der.": 30, "Ruta": 36 }, "geometry": { "type": "Point", "coordinates": [ -64.3062474, -32.124451 ] } },
{ "type": "Feature", "properties": { "Name": "725.01", "P.K.": null, "Al.Dist. Izq.": 70, "Al.Dist. Der.": 30, "Ruta": 36 }, "geometry": { "type": "Point", "coordinates": [ -64.3063091, -32.1243861 ] } },
{ "type": "Feature", "properties": { "Name": "725.03", "P.K.": null, "Al.Dist. Izq.": 70, "Al.Dist. Der.": 30, "Ruta": 36 }, "geometry": { "type": "Point", "coordinates": [ -64.3064317, -32.1242556 ] } },
{ "type": "Feature", "properties": { "Name": "725.1", "P.K.": null, "Al.Dist. Izq.": 70, "Al.Dist. Der.": 30, "Ruta": 36 }, "geometry": { "type": "Point", "coordinates": [ -64.3068609, -32.1237989 ] } },
{ "type": "Feature", "properties": { "Name": "725.31", "P.K.": null, "Al.Dist. Izq.": 70, "Al.Dist. Der.": 30, "Ruta": 36 }, "geometry": { "type": "Point", "coordinates": [ -64.3080869, -32.1224938 ] } },
{ "type": "Feature", "properties": { "Name": "725.65", "P.K.": null, "Al.Dist. Izq.": 70, "Al.Dist. Der.": 30, "Ruta": 36 }, "geometry": { "type": "Point", "coordinates": [ -64.3100542, -32.120411 ] } },
{ "type": "Feature", "properties": { "Name": "725.65", "P.K.": null, "Al.Dist. Izq.": 70, "Al.Dist. Der.": 30, "Ruta": 36 }, "geometry": { "type": "Point", "coordinates": [ -64.3100542, -32.120411 ] } },
{ "type": "Feature", "properties": { "Name": "725.75", "P.K.": null, "Al.Dist. Izq.": 70, "Al.Dist. Der.": 30, "Ruta": 36 }, "geometry": { "type": "Point", "coordinates": [ -64.3106692, -32.1197603 ] } },
{ "type": "Feature", "properties": { "Name": "725.91", "P.K.": null, "Al.Dist. Izq.": 70, "Al.Dist. Der.": 30, "Ruta": 36 }, "geometry": { "type": "Point", "coordinates": [ -64.3115903, -32.1187831 ] } },
{ "type": "Feature", "properties": { "Name": "726", "P.K.": "PK726", "Al.Dist. Izq.": 70, "Al.Dist. Der.": 30, "Ruta": 36 }, "geometry": { "type": "Point", "coordinates": [ -64.3123882, -32.1179357 ] } },
{ "type": "Feature", "properties": { "Name": "727", "P.K.": "PK727", "Al.Dist. Izq.": 70, "Al.Dist. Der.": 30, "Ruta": 36 }, "geometry": { "type": "Point", "coordinates": [ -64.3185057, -32.1113985 ] } },
{ "type": "Feature", "properties": { "Name": "727.05", "P.K.": null, "Al.Dist. Izq.": 70, "Al.Dist. Der.": 30, "Ruta": 36 }, "geometry": { "type": "Point", "coordinates": [ -64.3188121, -32.1110722 ] } },
{ "type": "Feature", "properties": { "Name": "727.05", "P.K.": null, "Al.Dist. Izq.": 70, "Al.Dist. Der.": 30, "Ruta": 36 }, "geometry": { "type": "Point", "coordinates": [ -64.3188121, -32.1110722 ] } },
{ "type": "Feature", "properties": { "Name": "727.11", "P.K.": null, "Al.Dist. Izq.": 70, "Al.Dist. Der.": 30, "Ruta": 36 }, "geometry": { "type": "Point", "coordinates": [ -64.3191799, -32.1106807 ] } },
{ "type": "Feature", "properties": { "Name": "727.15", "P.K.": null, "Al.Dist. Izq.": 70, "Al.Dist. Der.": 30, "Ruta": 36 }, "geometry": { "type": "Point", "coordinates": [ -64.3194252, -32.1104197 ] } },
{ "type": "Feature", "properties": { "Name": "727.46", "P.K.": null, "Al.Dist. Izq.": 70, "Al.Dist. Der.": 30, "Ruta": 36 }, "geometry": { "type": "Point", "coordinates": [ -64.3211556, -32.1083715 ] } },
{ "type": "Feature", "properties": { "Name": "727.55", "P.K.": null, "Al.Dist. Izq.": 70, "Al.Dist. Der.": 30, "Ruta": 36 }, "geometry": { "type": "Point", "coordinates": [ -64.3214841, -32.107735 ] } },
{ "type": "Feature", "properties": { "Name": "727.62", "P.K.": null, "Al.Dist. Izq.": 70, "Al.Dist. Der.": 30, "Ruta": 36 }, "geometry": { "type": "Point", "coordinates": [ -64.3217032, -32.1071492 ] } },
{ "type": "Feature", "properties": { "Name": "728", "P.K.": "PK728", "Al.Dist. Izq.": 70, "Al.Dist. Der.": 30, "Ruta": 36 }, "geometry": { "type": "Point", "coordinates": [ -64.3229244, -32.1038173 ] } },
{ "type": "Feature", "properties": { "Name": "728.11", "P.K.": null, "Al.Dist. Izq.": 70, "Al.Dist. Der.": 30, "Ruta": 36 }, "geometry": { "type": "Point", "coordinates": [ -64.3232698, -32.1028962 ] } },
{ "type": "Feature", "properties": { "Name": "728.14", "P.K.": null, "Al.Dist. Izq.": 70, "Al.Dist. Der.": 30, "Ruta": 36 }, "geometry": { "type": "Point", "coordinates": [ -64.3233456, -32.1026385 ] } },
{ "type": "Feature", "properties": { "Name": "728.14", "P.K.": null, "Al.Dist. Izq.": 70, "Al.Dist. Der.": 30, "Ruta": 36 }, "geometry": { "type": "Point", "coordinates": [ -64.3233456, -32.1026385 ] } },
{ "type": "Feature", "properties": { "Name": "728.17", "P.K.": null, "Al.Dist. Izq.": 70, "Al.Dist. Der.": 30, "Ruta": 36 }, "geometry": { "type": "Point", "coordinates": [ -64.3234057, -32.1023768 ] } },
{ "type": "Feature", "properties": { "Name": "728.2", "P.K.": null, "Al.Dist. Izq.": 70, "Al.Dist. Der.": 30, "Ruta": 36 }, "geometry": { "type": "Point", "coordinates": [ -64.3234625, -32.1021143 ] } },
{ "type": "Feature", "properties": { "Name": "728.31", "P.K.": null, "Al.Dist. Izq.": 70, "Al.Dist. Der.": 30, "Ruta": 36 }, "geometry": { "type": "Point", "coordinates": [ -64.3236496, -32.1011475 ] } },
{ "type": "Feature", "properties": { "Name": "728.31", "P.K.": null, "Al.Dist. Izq.": 60, "Al.Dist. Der.": 40, "Ruta": 36 }, "geometry": { "type": "Point", "coordinates": [ -64.3236496, -32.1011475 ] } },
{ "type": "Feature", "properties": { "Name": "728.53", "P.K.": null, "Al.Dist. Izq.": 60, "Al.Dist. Der.": 40, "Ruta": 36 }, "geometry": { "type": "Point", "coordinates": [ -64.324, -32.0992 ] } },
{ "type": "Feature", "properties": { "Name": "729", "P.K.": "PK729", "Al.Dist. Izq.": 60, "Al.Dist. Der.": 40, "Ruta": 36 }, "geometry": { "type": "Point", "coordinates": [ -64.3258192, -32.095455 ] } },
{ "type": "Feature", "properties": { "Name": "729.12", "P.K.": null, "Al.Dist. Izq.": 60, "Al.Dist. Der.": 40, "Ruta": 36 }, "geometry": { "type": "Point", "coordinates": [ -64.3265342, -32.0946547 ] } },
{ "type": "Feature", "properties": { "Name": "729.7", "P.K.": null, "Al.Dist. Izq.": 60, "Al.Dist. Der.": 40, "Ruta": 36 }, "geometry": { "type": "Point", "coordinates": [ -64.3299953, -32.0911065 ] } },
{ "type": "Feature", "properties": { "Name": "729.7", "P.K.": null, "Al.Dist. Izq.": 60, "Al.Dist. Der.": 40, "Ruta": 36 }, "geometry": { "type": "Point", "coordinates": [ -64.3299953, -32.0911065 ] } },
{ "type": "Feature", "properties": { "Name": "729.79", "P.K.": null, "Al.Dist. Izq.": 60, "Al.Dist. Der.": 40, "Ruta": 36 }, "geometry": { "type": "Point", "coordinates": [ -64.3305566, -32.0905296 ] } },
{ "type": "Feature", "properties": { "Name": "730.13", "P.K.": null, "Al.Dist. Izq.": 60, "Al.Dist. Der.": 40, "Ruta": 36 }, "geometry": { "type": "Point", "coordinates": [ -64.3326002, -32.0880401 ] } },
{ "type": "Feature", "properties": { "Name": "730.13", "P.K.": null, "Al.Dist. Izq.": 65, "Al.Dist. Der.": 35, "Ruta": 36 }, "geometry": { "type": "Point", "coordinates": [ -64.3326002, -32.0880401 ] } },
{ "type": "Feature", "properties": { "Name": "730.27", "P.K.": null, "Al.Dist. Izq.": 65, "Al.Dist. Der.": 35, "Ruta": 36 }, "geometry": { "type": "Point", "coordinates": [ -64.3333744, -32.0870543 ] } },
{ "type": "Feature", "properties": { "Name": "730.27", "P.K.": null, "Al.Dist. Izq.": 65, "Al.Dist. Der.": 35, "Ruta": 36 }, "geometry": { "type": "Point", "coordinates": [ -64.3333744, -32.0870543 ] } },
{ "type": "Feature", "properties": { "Name": "730.46", "P.K.": null, "Al.Dist. Izq.": 65, "Al.Dist. Der.": 35, "Ruta": 36 }, "geometry": { "type": "Point", "coordinates": [ -64.3343259, -32.0857536 ] } },
{ "type": "Feature", "properties": { "Name": "730.46", "P.K.": null, "Al.Dist. Izq.": 65, "Al.Dist. Der.": 35, "Ruta": 36 }, "geometry": { "type": "Point", "coordinates": [ -64.3343259, -32.0857536 ] } },
{ "type": "Feature", "properties": { "Name": "730.58", "P.K.": null, "Al.Dist. Izq.": 65, "Al.Dist. Der.": 35, "Ruta": 36 }, "geometry": { "type": "Point", "coordinates": [ -64.3348359, -32.0848091 ] } },
{ "type": "Feature", "properties": { "Name": "730.76", "P.K.": null, "Al.Dist. Izq.": 65, "Al.Dist. Der.": 35, "Ruta": 36 }, "geometry": { "type": "Point", "coordinates": [ -64.3355818, -32.0833806 ] } },
{ "type": "Feature", "properties": { "Name": "730.76", "P.K.": null, "Al.Dist. Izq.": 70, "Al.Dist. Der.": 30, "Ruta": 36 }, "geometry": { "type": "Point", "coordinates": [ -64.3355818, -32.0833806 ] } },
{ "type": "Feature", "properties": { "Name": "730.87", "P.K.": null, "Al.Dist. Izq.": 70, "Al.Dist. Der.": 30, "Ruta": 36 }, "geometry": { "type": "Point", "coordinates": [ -64.335995, -32.0825863 ] } },
{ "type": "Feature", "properties": { "Name": "731", "P.K.": "PK731", "Al.Dist. Izq.": 70, "Al.Dist. Der.": 30, "Ruta": 36 }, "geometry": { "type": "Point", "coordinates": [ -64.3366147, -32.0813949 ] } },
{ "type": "Feature", "properties": { "Name": "731.18", "P.K.": null, "Al.Dist. Izq.": 70, "Al.Dist. Der.": 30, "Ruta": 36 }, "geometry": { "type": "Point", "coordinates": [ -64.337346, -32.0799589 ] } },
{ "type": "Feature", "properties": { "Name": "731.31", "P.K.": null, "Al.Dist. Izq.": 70, "Al.Dist. Der.": 30, "Ruta": 36 }, "geometry": { "type": "Point", "coordinates": [ -64.3378046, -32.0788894 ] } },
{ "type": "Feature", "properties": { "Name": "731.51", "P.K.": null, "Al.Dist. Izq.": 70, "Al.Dist. Der.": 30, "Ruta": 36 }, "geometry": { "type": "Point", "coordinates": [ -64.3384705, -32.0772272 ] } },
{ "type": "Feature", "properties": { "Name": "731.65", "P.K.": null, "Al.Dist. Izq.": 70, "Al.Dist. Der.": 30, "Ruta": 36 }, "geometry": { "type": "Point", "coordinates": [ -64.3389406, -32.0760652 ] } },
{ "type": "Feature", "properties": { "Name": "732", "P.K.": "PK732", "Al.Dist. Izq.": 70, "Al.Dist. Der.": 30, "Ruta": 36 }, "geometry": { "type": "Point", "coordinates": [ -64.3401092, -32.0731577 ] } },
{ "type": "Feature", "properties": { "Name": "732.16", "P.K.": null, "Al.Dist. Izq.": 70, "Al.Dist. Der.": 30, "Ruta": 36 }, "geometry": { "type": "Point", "coordinates": [ -64.3406781, -32.0718433 ] } },
{ "type": "Feature", "properties": { "Name": "732.36", "P.K.": null, "Al.Dist. Izq.": 70, "Al.Dist. Der.": 30, "Ruta": 36 }, "geometry": { "type": "Point", "coordinates": [ -64.3413885, -32.0702977 ] } },
{ "type": "Feature", "properties": { "Name": "732.56", "P.K.": null, "Al.Dist. Izq.": 70, "Al.Dist. Der.": 30, "Ruta": 36 }, "geometry": { "type": "Point", "coordinates": [ -64.3421343, -32.0686697 ] } },
{ "type": "Feature", "properties": { "Name": "732.63", "P.K.": null, "Al.Dist. Izq.": 70, "Al.Dist. Der.": 30, "Ruta": 36 }, "geometry": { "type": "Point", "coordinates": [ -64.3423964, -32.0681005 ] } },
{ "type": "Feature", "properties": { "Name": "732.81", "P.K.": null, "Al.Dist. Izq.": 70, "Al.Dist. Der.": 30, "Ruta": 36 }, "geometry": { "type": "Point", "coordinates": [ -64.3430329, -32.0667179 ] } },
{ "type": "Feature", "properties": { "Name": "732.81", "P.K.": null, "Al.Dist. Izq.": 70, "Al.Dist. Der.": 30, "Ruta": 36 }, "geometry": { "type": "Point", "coordinates": [ -64.3430329, -32.0667179 ] } },
{ "type": "Feature", "properties": { "Name": "733", "P.K.": "PK733", "Al.Dist. Izq.": 70, "Al.Dist. Der.": 30, "Ruta": 36 }, "geometry": { "type": "Point", "coordinates": [ -64.3438189, -32.06501 ] } },
{ "type": "Feature", "properties": { "Name": "733.01", "P.K.": null, "Al.Dist. Izq.": 70, "Al.Dist. Der.": 30, "Ruta": 36 }, "geometry": { "type": "Point", "coordinates": [ -64.3438563, -32.0649286 ] } },
{ "type": "Feature", "properties": { "Name": "733.18", "P.K.": null, "Al.Dist. Izq.": 70, "Al.Dist. Der.": 30, "Ruta": 36 }, "geometry": { "type": "Point", "coordinates": [ -64.3444545, -32.063627 ] } },
{ "type": "Feature", "properties": { "Name": "733.48", "P.K.": null, "Al.Dist. Izq.": 70, "Al.Dist. Der.": 30, "Ruta": 36 }, "geometry": { "type": "Point", "coordinates": [ -64.3454396, -32.0613223 ] } },
{ "type": "Feature", "properties": { "Name": "733.48", "P.K.": null, "Al.Dist. Izq.": 70, "Al.Dist. Der.": 30, "Ruta": 36 }, "geometry": { "type": "Point", "coordinates": [ -64.3454396, -32.0613223 ] } },
{ "type": "Feature", "properties": { "Name": "733.83", "P.K.": null, "Al.Dist. Izq.": 70, "Al.Dist. Der.": 30, "Ruta": 36 }, "geometry": { "type": "Point", "coordinates": [ -64.3465253, -32.058671 ] } },
{ "type": "Feature", "properties": { "Name": "733.83", "P.K.": null, "Al.Dist. Izq.": 70, "Al.Dist. Der.": 30, "Ruta": 36 }, "geometry": { "type": "Point", "coordinates": [ -64.3465253, -32.058671 ] } },
{ "type": "Feature", "properties": { "Name": "733.94", "P.K.": null, "Al.Dist. Izq.": 70, "Al.Dist. Der.": 30, "Ruta": 36 }, "geometry": { "type": "Point", "coordinates": [ -64.3468642, -32.0578423 ] } },
{ "type": "Feature", "properties": { "Name": "734", "P.K.": "PK734", "Al.Dist. Izq.": 70, "Al.Dist. Der.": 30, "Ruta": 36 }, "geometry": { "type": "Point", "coordinates": [ -64.3473069, -32.0567659 ] } },
{ "type": "Feature", "properties": { "Name": "734.02", "P.K.": null, "Al.Dist. Izq.": 70, "Al.Dist. Der.": 30, "Ruta": 36 }, "geometry": { "type": "Point", "coordinates": [ -64.3473756, -32.0566005 ] } },
{ "type": "Feature", "properties": { "Name": "734.24", "P.K.": null, "Al.Dist. Izq.": 70, "Al.Dist. Der.": 30, "Ruta": 36 }, "geometry": { "type": "Point", "coordinates": [ -64.3481794, -32.0548036 ] } },
{ "type": "Feature", "properties": { "Name": "734.24", "P.K.": null, "Al.Dist. Izq.": 70, "Al.Dist. Der.": 30, "Ruta": 36 }, "geometry": { "type": "Point", "coordinates": [ -64.3481794, -32.0548036 ] } },
{ "type": "Feature", "properties": { "Name": "734.36", "P.K.": null, "Al.Dist. Izq.": 70, "Al.Dist. Der.": 30, "Ruta": 36 }, "geometry": { "type": "Point", "coordinates": [ -64.3486837, -32.0538549 ] } },
{ "type": "Feature", "properties": { "Name": "734.36", "P.K.": null, "Al.Dist. Izq.": 70, "Al.Dist. Der.": 30, "Ruta": 36 }, "geometry": { "type": "Point", "coordinates": [ -64.3486837, -32.0538549 ] } },
{ "type": "Feature", "properties": { "Name": "734.42", "P.K.": null, "Al.Dist. Izq.": 70, "Al.Dist. Der.": 30, "Ruta": 36 }, "geometry": { "type": "Point", "coordinates": [ -64.3489367, -32.053381 ] } },
{ "type": "Feature", "properties": { "Name": "734.54", "P.K.": null, "Al.Dist. Izq.": 70, "Al.Dist. Der.": 30, "Ruta": 36 }, "geometry": { "type": "Point", "coordinates": [ -64.3494426, -32.0524332 ] } },
{ "type": "Feature", "properties": { "Name": "734.67", "P.K.": null, "Al.Dist. Izq.": 70, "Al.Dist. Der.": 30, "Ruta": 36 }, "geometry": { "type": "Point", "coordinates": [ -64.3499858, -32.0514039 ] } },
{ "type": "Feature", "properties": { "Name": "734.67", "P.K.": null, "Al.Dist. Izq.": 70, "Al.Dist. Der.": 30, "Ruta": 36 }, "geometry": { "type": "Point", "coordinates": [ -64.3499858, -32.0514039 ] } },
{ "type": "Feature", "properties": { "Name": "734.81", "P.K.": null, "Al.Dist. Izq.": 70, "Al.Dist. Der.": 30, "Ruta": 36 }, "geometry": { "type": "Point", "coordinates": [ -64.3505706, -32.0502952 ] } },
{ "type": "Feature", "properties": { "Name": "734.81", "P.K.": null, "Al.Dist. Izq.": 70, "Al.Dist. Der.": 30, "Ruta": 36 }, "geometry": { "type": "Point", "coordinates": [ -64.3505706, -32.0502952 ] } },
{ "type": "Feature", "properties": { "Name": "734.89", "P.K.": null, "Al.Dist. Izq.": 70, "Al.Dist. Der.": 30, "Ruta": 36 }, "geometry": { "type": "Point", "coordinates": [ -64.3509047, -32.0496617 ] } },
{ "type": "Feature", "properties": { "Name": "735", "P.K.": "PK735", "Al.Dist. Izq.": 70, "Al.Dist. Der.": 30, "Ruta": 36 }, "geometry": { "type": "Point", "coordinates": [ -64.3513627, -32.0487898 ] } },
{ "type": "Feature", "properties": { "Name": "735.19", "P.K.": null, "Al.Dist. Izq.": 70, "Al.Dist. Der.": 30, "Ruta": 36 }, "geometry": { "type": "Point", "coordinates": [ -64.3521596, -32.0472869 ] } },
{ "type": "Feature", "properties": { "Name": "735.19", "P.K.": null, "Al.Dist. Izq.": 70, "Al.Dist. Der.": 30, "Ruta": 36 }, "geometry": { "type": "Point", "coordinates": [ -64.3521596, -32.0472869 ] } },
{ "type": "Feature", "properties": { "Name": "735.65", "P.K.": null, "Al.Dist. Izq.": 70, "Al.Dist. Der.": 30, "Ruta": 36 }, "geometry": { "type": "Point", "coordinates": [ -64.3540863, -32.043647 ] } },
{ "type": "Feature", "properties": { "Name": "735.65", "P.K.": null, "Al.Dist. Izq.": 70, "Al.Dist. Der.": 30, "Ruta": 36 }, "geometry": { "type": "Point", "coordinates": [ -64.3540863, -32.043647 ] } },
{ "type": "Feature", "properties": { "Name": "735.82", "P.K.": null, "Al.Dist. Izq.": 70, "Al.Dist. Der.": 30, "Ruta": 36 }, "geometry": { "type": "Point", "coordinates": [ -64.354675, -32.0422493 ] } },
{ "type": "Feature", "properties": { "Name": "736", "P.K.": "PK736", "Al.Dist. Izq.": 70, "Al.Dist. Der.": 30, "Ruta": 36 }, "geometry": { "type": "Point", "coordinates": [ -64.354725, -32.0406518 ] } },
{ "type": "Feature", "properties": { "Name": "736.07", "P.K.": null, "Al.Dist. Izq.": 70, "Al.Dist. Der.": 30, "Ruta": 36 }, "geometry": { "type": "Point", "coordinates": [ -64.3545742, -32.0400441 ] } },
{ "type": "Feature", "properties": { "Name": "736.34", "P.K.": null, "Al.Dist. Izq.": 70, "Al.Dist. Der.": 30, "Ruta": 36 }, "geometry": { "type": "Point", "coordinates": [ -64.3539144, -32.0377186 ] } },
{ "type": "Feature", "properties": { "Name": "736.51", "P.K.": null, "Al.Dist. Izq.": 70, "Al.Dist. Der.": 30, "Ruta": 36 }, "geometry": { "type": "Point", "coordinates": [ -64.3535056, -32.0362525 ] } },
{ "type": "Feature", "properties": { "Name": "736.55", "P.K.": null, "Al.Dist. Izq.": 70, "Al.Dist. Der.": 30, "Ruta": 36 }, "geometry": { "type": "Point", "coordinates": [ -64.3534089, -32.0359077 ] } },
{ "type": "Feature", "properties": { "Name": "736.56", "P.K.": null, "Al.Dist. Izq.": 70, "Al.Dist. Der.": 30, "Ruta": 36 }, "geometry": { "type": "Point", "coordinates": [ -64.3533843, -32.0358216 ] } },
{ "type": "Feature", "properties": { "Name": "736.96", "P.K.": null, "Al.Dist. Izq.": 70, "Al.Dist. Der.": 30, "Ruta": 36 }, "geometry": { "type": "Point", "coordinates": [ -64.3524103, -32.0323754 ] } },
{ "type": "Feature", "properties": { "Name": "737", "P.K.": "PK737", "Al.Dist. Izq.": 70, "Al.Dist. Der.": 30, "Ruta": 36 }, "geometry": { "type": "Point", "coordinates": [ -64.3523141, -32.0320304 ] } },
{ "type": "Feature", "properties": { "Name": "737.6", "P.K.": null, "Al.Dist. Izq.": 70, "Al.Dist. Der.": 30, "Ruta": 36 }, "geometry": { "type": "Point", "coordinates": [ -64.3508642, -32.0268579 ] } },
{ "type": "Feature", "properties": { "Name": "737.92", "P.K.": null, "Al.Dist. Izq.": 70, "Al.Dist. Der.": 30, "Ruta": 36 }, "geometry": { "type": "Point", "coordinates": [ -64.350165, -32.0240831 ] } },
{ "type": "Feature", "properties": { "Name": "737.92", "P.K.": null, "Al.Dist. Izq.": 70, "Al.Dist. Der.": 30, "Ruta": 36 }, "geometry": { "type": "Point", "coordinates": [ -64.350165, -32.0240831 ] } },
{ "type": "Feature", "properties": { "Name": "738", "P.K.": "PK738", "Al.Dist. Izq.": 70, "Al.Dist. Der.": 30, "Ruta": 36 }, "geometry": { "type": "Point", "coordinates": [ -64.3501862, -32.0233692 ] } },
{ "type": "Feature", "properties": { "Name": "738.16", "P.K.": null, "Al.Dist. Izq.": 70, "Al.Dist. Der.": 30, "Ruta": 36 }, "geometry": { "type": "Point", "coordinates": [ -64.350584, -32.0220011 ] } },
{ "type": "Feature", "properties": { "Name": "738.5", "P.K.": null, "Al.Dist. Izq.": 70, "Al.Dist. Der.": 30, "Ruta": 36 }, "geometry": { "type": "Point", "coordinates": [ -64.3526192, -32.0197735 ] } },
{ "type": "Feature", "properties": { "Name": "738.5", "P.K.": null, "Al.Dist. Izq.": 70, "Al.Dist. Der.": 30, "Ruta": 36 }, "geometry": { "type": "Point", "coordinates": [ -64.3526192, -32.0197735 ] } },
{ "type": "Feature", "properties": { "Name": "738.84", "P.K.": null, "Al.Dist. Izq.": 70, "Al.Dist. Der.": 30, "Ruta": 36 }, "geometry": { "type": "Point", "coordinates": [ -64.3549333, -32.0177959 ] } },
{ "type": "Feature", "properties": { "Name": "739", "P.K.": "PK739", "Al.Dist. Izq.": 70, "Al.Dist. Der.": 30, "Ruta": 36 }, "geometry": { "type": "Point", "coordinates": [ -64.3560275, -32.0168714 ] } },
{ "type": "Feature", "properties": { "Name": "739.13", "P.K.": null, "Al.Dist. Izq.": 70, "Al.Dist. Der.": 30, "Ruta": 36 }, "geometry": { "type": "Point", "coordinates": [ -64.356847, -32.0161767 ] } },
{ "type": "Feature", "properties": { "Name": "739.13", "P.K.": null, "Al.Dist. Izq.": 70, "Al.Dist. Der.": 30, "Ruta": 36 }, "geometry": { "type": "Point", "coordinates": [ -64.356847, -32.0161767 ] } },
{ "type": "Feature", "properties": { "Name": "739.73", "P.K.": null, "Al.Dist. Izq.": 70, "Al.Dist. Der.": 30, "Ruta": 36 }, "geometry": { "type": "Point", "coordinates": [ -64.3602103, -32.0128598 ] } },
{ "type": "Feature", "properties": { "Name": "739.85", "P.K.": null, "Al.Dist. Izq.": 70, "Al.Dist. Der.": 30, "Ruta": 36 }, "geometry": { "type": "Point", "coordinates": [ -64.3605969, -32.011957 ] } },
{ "type": "Feature", "properties": { "Name": "739.85", "P.K.": null, "Al.Dist. Izq.": 70, "Al.Dist. Der.": 30, "Ruta": 36 }, "geometry": { "type": "Point", "coordinates": [ -64.3605969, -32.011957 ] } },
{ "type": "Feature", "properties": { "Name": "740", "P.K.": "PK740", "Al.Dist. Izq.": 70, "Al.Dist. Der.": 30, "Ruta": 36 }, "geometry": { "type": "Point", "coordinates": [ -64.3609793, -32.0098479 ] } },
{ "type": "Feature", "properties": { "Name": "740.3", "P.K.": null, "Al.Dist. Izq.": 70, "Al.Dist. Der.": 30, "Ruta": 36 }, "geometry": { "type": "Point", "coordinates": [ -64.3617, -32.0073 ] } },
{ "type": "Feature", "properties": { "Name": "740.74", "P.K.": null, "Al.Dist. Izq.": 70, "Al.Dist. Der.": 30, "Ruta": 36 }, "geometry": { "type": "Point", "coordinates": [ -64.3612223, -32.0034021 ] } },
{ "type": "Feature", "properties": { "Name": "741", "P.K.": "PK741", "Al.Dist. Izq.": 70, "Al.Dist. Der.": 30, "Ruta": 36 }, "geometry": { "type": "Point", "coordinates": [ -64.3608, -32.001113 ] } },
{ "type": "Feature", "properties": { "Name": "741.38", "P.K.": null, "Al.Dist. Izq.": 70, "Al.Dist. Der.": 30, "Ruta": 36 }, "geometry": { "type": "Point", "coordinates": [ -64.3602362, -31.9979396 ] } },
{ "type": "Feature", "properties": { "Name": "741.57", "P.K.": null, "Al.Dist. Izq.": 70, "Al.Dist. Der.": 30, "Ruta": 36 }, "geometry": { "type": "Point", "coordinates": [ -64.3599876, -31.9963473 ] } },
{ "type": "Feature", "properties": { "Name": "741.57", "P.K.": null, "Al.Dist. Izq.": 70, "Al.Dist. Der.": 30, "Ruta": 36 }, "geometry": { "type": "Point", "coordinates": [ -64.3599876, -31.9963473 ] } },
{ "type": "Feature", "properties": { "Name": "741.96", "P.K.": null, "Al.Dist. Izq.": 70, "Al.Dist. Der.": 30, "Ruta": 36 }, "geometry": { "type": "Point", "coordinates": [ -64.3594135, -31.9931759 ] } },
{ "type": "Feature", "properties": { "Name": "742", "P.K.": "PK742", "Al.Dist. Izq.": 70, "Al.Dist. Der.": 30, "Ruta": 36 }, "geometry": { "type": "Point", "coordinates": [ -64.3592586, -31.9922941 ] } },
{ "type": "Feature", "properties": { "Name": "742.13", "P.K.": null, "Al.Dist. Izq.": 70, "Al.Dist. Der.": 30, "Ruta": 36 }, "geometry": { "type": "Point", "coordinates": [ -64.3590599, -31.9911473 ] } },
{ "type": "Feature", "properties": { "Name": "742.13", "P.K.": null, "Al.Dist. Izq.": 70, "Al.Dist. Der.": 30, "Ruta": 36 }, "geometry": { "type": "Point", "coordinates": [ -64.3590599, -31.9911473 ] } },
{ "type": "Feature", "properties": { "Name": "742.26", "P.K.": null, "Al.Dist. Izq.": 70, "Al.Dist. Der.": 30, "Ruta": 36 }, "geometry": { "type": "Point", "coordinates": [ -64.3588697, -31.989999 ] } },
{ "type": "Feature", "properties": { "Name": "742.32", "P.K.": null, "Al.Dist. Izq.": 70, "Al.Dist. Der.": 30, "Ruta": 36 }, "geometry": { "type": "Point", "coordinates": [ -64.3587819, -31.989469 ] } },
{ "type": "Feature", "properties": { "Name": "742.32", "P.K.": null, "Al.Dist. Izq.": 70, "Al.Dist. Der.": 30, "Ruta": 36 }, "geometry": { "type": "Point", "coordinates": [ -64.3587819, -31.989469 ] } },
{ "type": "Feature", "properties": { "Name": "742.47", "P.K.": null, "Al.Dist. Izq.": 70, "Al.Dist. Der.": 30, "Ruta": 36 }, "geometry": { "type": "Point", "coordinates": [ -64.3585624, -31.9881441 ] } },
{ "type": "Feature", "properties": { "Name": "743", "P.K.": "PK743", "Al.Dist. Izq.": 70, "Al.Dist. Der.": 30, "Ruta": 36 }, "geometry": { "type": "Point", "coordinates": [ -64.3577588, -31.9834675 ] } },
{ "type": "Feature", "properties": { "Name": "743.16", "P.K.": null, "Al.Dist. Izq.": 70, "Al.Dist. Der.": 30, "Ruta": 36 }, "geometry": { "type": "Point", "coordinates": [ -64.3574833, -31.9821541 ] } },
{ "type": "Feature", "properties": { "Name": "743.42", "P.K.": null, "Al.Dist. Izq.": 70, "Al.Dist. Der.": 30, "Ruta": 36 }, "geometry": { "type": "Point", "coordinates": [ -64.3566227, -31.9800918 ] } },
{ "type": "Feature", "properties": { "Name": "743.56", "P.K.": null, "Al.Dist. Izq.": 70, "Al.Dist. Der.": 30, "Ruta": 36 }, "geometry": { "type": "Point", "coordinates": [ -64.356068, -31.9789678 ] } },
{ "type": "Feature", "properties": { "Name": "743.56", "P.K.": null, "Al.Dist. Izq.": 70, "Al.Dist. Der.": 30, "Ruta": 36 }, "geometry": { "type": "Point", "coordinates": [ -64.356068, -31.9789678 ] } },
{ "type": "Feature", "properties": { "Name": "743.85", "P.K.": null, "Al.Dist. Izq.": 70, "Al.Dist. Der.": 30, "Ruta": 36 }, "geometry": { "type": "Point", "coordinates": [ -64.355, -31.9767 ] } },
{ "type": "Feature", "properties": { "Name": "743.91", "P.K.": null, "Al.Dist. Izq.": 70, "Al.Dist. Der.": 30, "Ruta": 36 }, "geometry": { "type": "Point", "coordinates": [ -64.3548581, -31.976276 ] } },
{ "type": "Feature", "properties": { "Name": "743.91", "P.K.": null, "Al.Dist. Izq.": 70, "Al.Dist. Der.": 30, "Ruta": 36 }, "geometry": { "type": "Point", "coordinates": [ -64.3548581, -31.976276 ] } },
{ "type": "Feature", "properties": { "Name": "744", "P.K.": "PK744", "Al.Dist. Izq.": 70, "Al.Dist. Der.": 30, "Ruta": 36 }, "geometry": { "type": "Point", "coordinates": [ -64.3543584, -31.9752248 ] } },
{ "type": "Feature", "properties": { "Name": "744.46", "P.K.": null, "Al.Dist. Izq.": 70, "Al.Dist. Der.": 30, "Ruta": 36 }, "geometry": { "type": "Point", "coordinates": [ -64.3524954, -31.9715564 ] } },
{ "type": "Feature", "properties": { "Name": "744.46", "P.K.": null, "Al.Dist. Izq.": 70, "Al.Dist. Der.": 30, "Ruta": 36 }, "geometry": { "type": "Point", "coordinates": [ -64.3524954, -31.9715564 ] } },
{ "type": "Feature", "properties": { "Name": "744.91", "P.K.": null, "Al.Dist. Izq.": 70, "Al.Dist. Der.": 30, "Ruta": 36 }, "geometry": { "type": "Point", "coordinates": [ -64.3507, -31.968 ] } },
{ "type": "Feature", "properties": { "Name": "745", "P.K.": "PK745", "Al.Dist. Izq.": 70, "Al.Dist. Der.": 30, "Ruta": 36 }, "geometry": { "type": "Point", "coordinates": [ -64.35053, -31.9672457 ] } },
{ "type": "Feature", "properties": { "Name": "745.9", "P.K.": null, "Al.Dist. Izq.": 70, "Al.Dist. Der.": 30, "Ruta": 36 }, "geometry": { "type": "Point", "coordinates": [ -64.3499919, -31.9647057 ] } },
{ "type": "Feature", "properties": { "Name": "745.9", "P.K.": null, "Al.Dist. Izq.": 60, "Al.Dist. Der.": 20, "Ruta": 36 }, "geometry": { "type": "Point", "coordinates": [ -64.3499919, -31.9647057 ] } },
{ "type": "Feature", "properties": { "Name": "746.45", "P.K.": null, "Al.Dist. Izq.": 60, "Al.Dist. Der.": 20, "Ruta": 36 }, "geometry": { "type": "Point", "coordinates": [ -64.3483832, -31.9571759 ] } },
{ "type": "Feature", "properties": { "Name": "747.57", "P.K.": null, "Al.Dist. Izq.": 60, "Al.Dist. Der.": 20, "Ruta": 36 }, "geometry": { "type": "Point", "coordinates": [ -64.3466488, -31.9481259 ] } },
{ "type": "Feature", "properties": { "Name": "748", "P.K.": "PK748", "Al.Dist. Izq.": 60, "Al.Dist. Der.": 20, "Ruta": 36 }, "geometry": { "type": "Point", "coordinates": [ -64.346551, -31.9407851 ] } },
{ "type": "Feature", "properties": { "Name": "748.03", "P.K.": null, "Al.Dist. Izq.": 60, "Al.Dist. Der.": 20, "Ruta": 36 }, "geometry": { "type": "Point", "coordinates": [ -64.3465484, -31.9405165 ] } },
{ "type": "Feature", "properties": { "Name": "748.04", "P.K.": null, "Al.Dist. Izq.": 60, "Al.Dist. Der.": 20, "Ruta": 36 }, "geometry": { "type": "Point", "coordinates": [ -64.3465468, -31.940427 ] } },
{ "type": "Feature", "properties": { "Name": "748.04", "P.K.": null, "Al.Dist. Izq.": 60, "Al.Dist. Der.": 20, "Ruta": 36 }, "geometry": { "type": "Point", "coordinates": [ -64.3465468, -31.940427 ] } },
{ "type": "Feature", "properties": { "Name": "748.13", "P.K.": null, "Al.Dist. Izq.": 60, "Al.Dist. Der.": 20, "Ruta": 36 }, "geometry": { "type": "Point", "coordinates": [ -64.3465322, -31.9396213 ] } },
{ "type": "Feature", "properties": { "Name": "748.13", "P.K.": null, "Al.Dist. Izq.": 60, "Al.Dist. Der.": 20, "Ruta": 36 }, "geometry": { "type": "Point", "coordinates": [ -64.3465322, -31.9396213 ] } },
{ "type": "Feature", "properties": { "Name": "748.72", "P.K.": null, "Al.Dist. Izq.": 60, "Al.Dist. Der.": 20, "Ruta": 36 }, "geometry": { "type": "Point", "coordinates": [ -64.346447, -31.9343397 ] } },
{ "type": "Feature", "properties": { "Name": "748.79", "P.K.": null, "Al.Dist. Izq.": 60, "Al.Dist. Der.": 20, "Ruta": 36 }, "geometry": { "type": "Point", "coordinates": [ -64.3464376, -31.933713 ] } },
{ "type": "Feature", "properties": { "Name": "748.79", "P.K.": null, "Al.Dist. Izq.": 60, "Al.Dist. Der.": 20, "Ruta": 36 }, "geometry": { "type": "Point", "coordinates": [ -64.3464376, -31.933713 ] } },
{ "type": "Feature", "properties": { "Name": "748.96", "P.K.": null, "Al.Dist. Izq.": 60, "Al.Dist. Der.": 20, "Ruta": 36 }, "geometry": { "type": "Point", "coordinates": [ -64.3464, -31.9322 ] } },
{ "type": "Feature", "properties": { "Name": "749", "P.K.": "PK749", "Al.Dist. Izq.": 60, "Al.Dist. Der.": 20, "Ruta": 36 }, "geometry": { "type": "Point", "coordinates": [ -64.3464094, -31.9318331 ] } },
{ "type": "Feature", "properties": { "Name": "749.07", "P.K.": null, "Al.Dist. Izq.": 60, "Al.Dist. Der.": 20, "Ruta": 36 }, "geometry": { "type": "Point", "coordinates": [ -64.3464, -31.9312064 ] } },
{ "type": "Feature", "properties": { "Name": "749.07", "P.K.": null, "Al.Dist. Izq.": 60, "Al.Dist. Der.": 20, "Ruta": 36 }, "geometry": { "type": "Point", "coordinates": [ -64.3464, -31.9312064 ] } },
{ "type": "Feature", "properties": { "Name": "749.14", "P.K.": null, "Al.Dist. Izq.": 60, "Al.Dist. Der.": 20, "Ruta": 36 }, "geometry": { "type": "Point", "coordinates": [ -64.3463902, -31.9305798 ] } },
{ "type": "Feature", "properties": { "Name": "749.29", "P.K.": null, "Al.Dist. Izq.": 60, "Al.Dist. Der.": 20, "Ruta": 36 }, "geometry": { "type": "Point", "coordinates": [ -64.3463697, -31.9293265 ] } },
{ "type": "Feature", "properties": { "Name": "749.29", "P.K.": null, "Al.Dist. Izq.": 60, "Al.Dist. Der.": 20, "Ruta": 36 }, "geometry": { "type": "Point", "coordinates": [ -64.3463697, -31.9293265 ] } },
{ "type": "Feature", "properties": { "Name": "749.36", "P.K.": null, "Al.Dist. Izq.": 60, "Al.Dist. Der.": 20, "Ruta": 36 }, "geometry": { "type": "Point", "coordinates": [ -64.3463594, -31.9286999 ] } },
{ "type": "Feature", "properties": { "Name": "749.45", "P.K.": null, "Al.Dist. Izq.": 60, "Al.Dist. Der.": 20, "Ruta": 36 }, "geometry": { "type": "Point", "coordinates": [ -64.3463462, -31.9278942 ] } },
{ "type": "Feature", "properties": { "Name": "749.7", "P.K.": null, "Al.Dist. Izq.": 60, "Al.Dist. Der.": 20, "Ruta": 36 }, "geometry": { "type": "Point", "coordinates": [ -64.34631, -31.9256562 ] } },
{ "type": "Feature", "properties": { "Name": "749.7", "P.K.": null, "Al.Dist. Izq.": 60, "Al.Dist. Der.": 20, "Ruta": 36 }, "geometry": { "type": "Point", "coordinates": [ -64.34631, -31.9256562 ] } },
{ "type": "Feature", "properties": { "Name": "749.72", "P.K.": null, "Al.Dist. Izq.": 60, "Al.Dist. Der.": 20, "Ruta": 36 }, "geometry": { "type": "Point", "coordinates": [ -64.3463072, -31.9254772 ] } },
{ "type": "Feature", "properties": { "Name": "749.72", "P.K.": null, "Al.Dist. Izq.": 60, "Al.Dist. Der.": 20, "Ruta": 36 }, "geometry": { "type": "Point", "coordinates": [ -64.3463072, -31.9254772 ] } },
{ "type": "Feature", "properties": { "Name": "749.85", "P.K.": null, "Al.Dist. Izq.": 60, "Al.Dist. Der.": 20, "Ruta": 36 }, "geometry": { "type": "Point", "coordinates": [ -64.3462905, -31.924403 ] } },
{ "type": "Feature", "properties": { "Name": "749.85", "P.K.": null, "Al.Dist. Izq.": 60, "Al.Dist. Der.": 20, "Ruta": 36 }, "geometry": { "type": "Point", "coordinates": [ -64.3462905, -31.924403 ] } },
{ "type": "Feature", "properties": { "Name": "749.95", "P.K.": null, "Al.Dist. Izq.": 60, "Al.Dist. Der.": 20, "Ruta": 36 }, "geometry": { "type": "Point", "coordinates": [ -64.3462766, -31.9235077 ] } },
{ "type": "Feature", "properties": { "Name": "750", "P.K.": "PK750", "Al.Dist. Izq.": 60, "Al.Dist. Der.": 20, "Ruta": 36 }, "geometry": { "type": "Point", "coordinates": [ -64.3462669, -31.9228811 ] } },
{ "type": "Feature", "properties": { "Name": "750.09", "P.K.": null, "Al.Dist. Izq.": 60, "Al.Dist. Der.": 20, "Ruta": 36 }, "geometry": { "type": "Point", "coordinates": [ -64.3462545, -31.9220754 ] } },
{ "type": "Feature", "properties": { "Name": "750.22", "P.K.": null, "Al.Dist. Izq.": 60, "Al.Dist. Der.": 20, "Ruta": 36 }, "geometry": { "type": "Point", "coordinates": [ -64.3462364, -31.9209117 ] } },
{ "type": "Feature", "properties": { "Name": "750.84", "P.K.": null, "Al.Dist. Izq.": 60, "Al.Dist. Der.": 20, "Ruta": 36 }, "geometry": { "type": "Point", "coordinates": [ -64.3461395, -31.9154513 ] } },
{ "type": "Feature", "properties": { "Name": "750.84", "P.K.": null, "Al.Dist. Izq.": 60, "Al.Dist. Der.": 20, "Ruta": 36 }, "geometry": { "type": "Point", "coordinates": [ -64.3461395, -31.9154513 ] } },
{ "type": "Feature", "properties": { "Name": "750.93", "P.K.": null, "Al.Dist. Izq.": 60, "Al.Dist. Der.": 20, "Ruta": 36 }, "geometry": { "type": "Point", "coordinates": [ -64.3460988, -31.9146467 ] } },
{ "type": "Feature", "properties": { "Name": "751", "P.K.": "PK751", "Al.Dist. Izq.": 60, "Al.Dist. Der.": 20, "Ruta": 36 }, "geometry": { "type": "Point", "coordinates": [ -64.3459927, -31.9139389 ] } },
{ "type": "Feature", "properties": { "Name": "751.54", "P.K.": null, "Al.Dist. Izq.": 60, "Al.Dist. Der.": 20, "Ruta": 36 }, "geometry": { "type": "Point", "coordinates": [ -64.3436935, -31.909774 ] } },
{ "type": "Feature", "properties": { "Name": "752", "P.K.": "PK752", "Al.Dist. Izq.": 60, "Al.Dist. Der.": 20, "Ruta": 36 }, "geometry": { "type": "Point", "coordinates": [ -64.3409043, -31.9067439 ] } },
{ "type": "Feature", "properties": { "Name": "752.39", "P.K.": null, "Al.Dist. Izq.": 60, "Al.Dist. Der.": 20, "Ruta": 36 }, "geometry": { "type": "Point", "coordinates": [ -64.3385323, -31.9041816 ] } },
{ "type": "Feature", "properties": { "Name": "752.43", "P.K.": null, "Al.Dist. Izq.": 60, "Al.Dist. Der.": 20, "Ruta": 36 }, "geometry": { "type": "Point", "coordinates": [ -64.3382913, -31.9039167 ] } },
{ "type": "Feature", "properties": { "Name": "752.51", "P.K.": null, "Al.Dist. Izq.": 60, "Al.Dist. Der.": 20, "Ruta": 36 }, "geometry": { "type": "Point", "coordinates": [ -64.3378694, -31.9034532 ] } },
{ "type": "Feature", "properties": { "Name": "752.69", "P.K.": null, "Al.Dist. Izq.": 60, "Al.Dist. Der.": 20, "Ruta": 36 }, "geometry": { "type": "Point", "coordinates": [ -64.3367847, -31.9022614 ] } },
{ "type": "Feature", "properties": { "Name": "753", "P.K.": "PK753", "Al.Dist. Izq.": 60, "Al.Dist. Der.": 20, "Ruta": 36 }, "geometry": { "type": "Point", "coordinates": [ -64.3348477, -31.9001504 ] } },
{ "type": "Feature", "properties": { "Name": "753.16", "P.K.": null, "Al.Dist. Izq.": 60, "Al.Dist. Der.": 20, "Ruta": 36 }, "geometry": { "type": "Point", "coordinates": [ -64.3338788, -31.8990953 ] } },
{ "type": "Feature", "properties": { "Name": "753.16", "P.K.": null, "Al.Dist. Izq.": 60, "Al.Dist. Der.": 20, "Ruta": 36 }, "geometry": { "type": "Point", "coordinates": [ -64.3338788, -31.8990953 ] } },
{ "type": "Feature", "properties": { "Name": "753.47", "P.K.": null, "Al.Dist. Izq.": 60, "Al.Dist. Der.": 20, "Ruta": 36 }, "geometry": { "type": "Point", "coordinates": [ -64.3321, -31.8971 ] } },
{ "type": "Feature", "properties": { "Name": "753.96", "P.K.": null, "Al.Dist. Izq.": 60, "Al.Dist. Der.": 20, "Ruta": 36 }, "geometry": { "type": "Point", "coordinates": [ -64.3292174, -31.8940162 ] } },
{ "type": "Feature", "properties": { "Name": "753.96", "P.K.": null, "Al.Dist. Izq.": 60, "Al.Dist. Der.": 20, "Ruta": 36 }, "geometry": { "type": "Point", "coordinates": [ -64.3292174, -31.8940162 ] } },
{ "type": "Feature", "properties": { "Name": "753.97", "P.K.": null, "Al.Dist. Izq.": 60, "Al.Dist. Der.": 20, "Ruta": 36 }, "geometry": { "type": "Point", "coordinates": [ -64.3291569, -31.8939502 ] } },
{ "type": "Feature", "properties": { "Name": "753.99", "P.K.": null, "Al.Dist. Izq.": 60, "Al.Dist. Der.": 20, "Ruta": 36 }, "geometry": { "type": "Point", "coordinates": [ -64.3290359, -31.8938182 ] } },
{ "type": "Feature", "properties": { "Name": "753.99", "P.K.": null, "Al.Dist. Izq.": 60, "Al.Dist. Der.": 20, "Ruta": 36 }, "geometry": { "type": "Point", "coordinates": [ -64.3290359, -31.8938182 ] } },
{ "type": "Feature", "properties": { "Name": "754", "P.K.": "PK754", "Al.Dist. Izq.": 60, "Al.Dist. Der.": 20, "Ruta": 36 }, "geometry": { "type": "Point", "coordinates": [ -64.3287939, -31.8935542 ] } },
{ "type": "Feature", "properties": { "Name": "754.24", "P.K.": null, "Al.Dist. Izq.": 60, "Al.Dist. Der.": 20, "Ruta": 36 }, "geometry": { "type": "Point", "coordinates": [ -64.3273663, -31.8919488 ] } },
{ "type": "Feature", "properties": { "Name": "754.7", "P.K.": null, "Al.Dist. Izq.": 60, "Al.Dist. Der.": 20, "Ruta": 36 }, "geometry": { "type": "Point", "coordinates": [ -64.3256275, -31.8882384 ] } },
{ "type": "Feature", "properties": { "Name": "755", "P.K.": "PK755", "Al.Dist. Izq.": 60, "Al.Dist. Der.": 20, "Ruta": 36 }, "geometry": { "type": "Point", "coordinates": [ -64.3247013, -31.8857172 ] } },
{ "type": "Feature", "properties": { "Name": "755.12", "P.K.": null, "Al.Dist. Izq.": 60, "Al.Dist. Der.": 20, "Ruta": 36 }, "geometry": { "type": "Point", "coordinates": [ -64.3243334, -31.8847078 ] } },
{ "type": "Feature", "properties": { "Name": "755.27", "P.K.": null, "Al.Dist. Izq.": 60, "Al.Dist. Der.": 20, "Ruta": 36 }, "geometry": { "type": "Point", "coordinates": [ -64.3238727, -31.8834463 ] } },
{ "type": "Feature", "properties": { "Name": "755.27", "P.K.": null, "Al.Dist. Izq.": 60, "Al.Dist. Der.": 20, "Ruta": 36 }, "geometry": { "type": "Point", "coordinates": [ -64.3238727, -31.8834463 ] } },
{ "type": "Feature", "properties": { "Name": "755.6", "P.K.": null, "Al.Dist. Izq.": 60, "Al.Dist. Der.": 20, "Ruta": 36 }, "geometry": { "type": "Point", "coordinates": [ -64.322857, -31.8806718 ] } },
{ "type": "Feature", "properties": { "Name": "755.8", "P.K.": null, "Al.Dist. Izq.": 60, "Al.Dist. Der.": 20, "Ruta": 36 }, "geometry": { "type": "Point", "coordinates": [ -64.3222451, -31.878989 ] } },
{ "type": "Feature", "properties": { "Name": "755.8", "P.K.": null, "Al.Dist. Izq.": 60, "Al.Dist. Der.": 20, "Ruta": 36 }, "geometry": { "type": "Point", "coordinates": [ -64.3222451, -31.878989 ] } },
{ "type": "Feature", "properties": { "Name": "755.98", "P.K.": null, "Al.Dist. Izq.": 60, "Al.Dist. Der.": 20, "Ruta": 36 }, "geometry": { "type": "Point", "coordinates": [ -64.3217021, -31.8774717 ] } },
{ "type": "Feature", "properties": { "Name": "756", "P.K.": "PK756", "Al.Dist. Izq.": 60, "Al.Dist. Der.": 20, "Ruta": 36 }, "geometry": { "type": "Point", "coordinates": [ -64.3216418, -31.8773031 ] } },
{ "type": "Feature", "properties": { "Name": "756.06", "P.K.": null, "Al.Dist. Izq.": 60, "Al.Dist. Der.": 20, "Ruta": 36 }, "geometry": { "type": "Point", "coordinates": [ -64.3214612, -31.8767972 ] } },
{ "type": "Feature", "properties": { "Name": "756.09", "P.K.": null, "Al.Dist. Izq.": 60, "Al.Dist. Der.": 20, "Ruta": 36 }, "geometry": { "type": "Point", "coordinates": [ -64.3213708, -31.8765442 ] } },
{ "type": "Feature", "properties": { "Name": "756.26", "P.K.": null, "Al.Dist. Izq.": 60, "Al.Dist. Der.": 20, "Ruta": 36 }, "geometry": { "type": "Point", "coordinates": [ -64.3208456, -31.8751157 ] } },
{ "type": "Feature", "properties": { "Name": "756.26", "P.K.": null, "Al.Dist. Izq.": 60, "Al.Dist. Der.": 20, "Ruta": 36 }, "geometry": { "type": "Point", "coordinates": [ -64.3208456, -31.8751157 ] } },
{ "type": "Feature", "properties": { "Name": "756.28", "P.K.": null, "Al.Dist. Izq.": 60, "Al.Dist. Der.": 20, "Ruta": 36 }, "geometry": { "type": "Point", "coordinates": [ -64.3207832, -31.8749479 ] } },
{ "type": "Feature", "properties": { "Name": "756.28", "P.K.": null, "Al.Dist. Izq.": 60, "Al.Dist. Der.": 20, "Ruta": 36 }, "geometry": { "type": "Point", "coordinates": [ -64.3207832, -31.8749479 ] } },
{ "type": "Feature", "properties": { "Name": "756.52", "P.K.": null, "Al.Dist. Izq.": 60, "Al.Dist. Der.": 20, "Ruta": 36 }, "geometry": { "type": "Point", "coordinates": [ -64.3200395, -31.872932 ] } },
{ "type": "Feature", "properties": { "Name": "756.61", "P.K.": null, "Al.Dist. Izq.": 60, "Al.Dist. Der.": 20, "Ruta": 36 }, "geometry": { "type": "Point", "coordinates": [ -64.3197655, -31.8721742 ] } },
{ "type": "Feature", "properties": { "Name": "757", "P.K.": "PK757", "Al.Dist. Izq.": 60, "Al.Dist. Der.": 20, "Ruta": 36 }, "geometry": { "type": "Point", "coordinates": [ -64.3185794, -31.8688901 ] } },
{ "type": "Feature", "properties": { "Name": "757.02", "P.K.": null, "Al.Dist. Izq.": 60, "Al.Dist. Der.": 20, "Ruta": 36 }, "geometry": { "type": "Point", "coordinates": [ -64.3185186, -31.8687217 ] } },
{ "type": "Feature", "properties": { "Name": "757.02", "P.K.": null, "Al.Dist. Izq.": 60, "Al.Dist. Der.": 20, "Ruta": 36 }, "geometry": { "type": "Point", "coordinates": [ -64.3185186, -31.8687217 ] } },
{ "type": "Feature", "properties": { "Name": "757.21", "P.K.": null, "Al.Dist. Izq.": 60, "Al.Dist. Der.": 20, "Ruta": 36 }, "geometry": { "type": "Point", "coordinates": [ -64.3179301, -31.8671256 ] } },
{ "type": "Feature", "properties": { "Name": "757.21", "P.K.": null, "Al.Dist. Izq.": 60, "Al.Dist. Der.": 20, "Ruta": 36 }, "geometry": { "type": "Point", "coordinates": [ -64.3179301, -31.8671256 ] } },
{ "type": "Feature", "properties": { "Name": "757.4", "P.K.": null, "Al.Dist. Izq.": 60, "Al.Dist. Der.": 20, "Ruta": 36 }, "geometry": { "type": "Point", "coordinates": [ -64.3173293, -31.8655342 ] } },
{ "type": "Feature", "properties": { "Name": "757.91", "P.K.": null, "Al.Dist. Izq.": 60, "Al.Dist. Der.": 20, "Ruta": 36 }, "geometry": { "type": "Point", "coordinates": [ -64.315768, -31.8612434 ] } },
{ "type": "Feature", "properties": { "Name": "758", "P.K.": "PK758", "Al.Dist. Izq.": 60, "Al.Dist. Der.": 20, "Ruta": 36 }, "geometry": { "type": "Point", "coordinates": [ -64.3154891, -31.8604874 ] } },
{ "type": "Feature", "properties": { "Name": "758.21", "P.K.": null, "Al.Dist. Izq.": 60, "Al.Dist. Der.": 20, "Ruta": 36 }, "geometry": { "type": "Point", "coordinates": [ -64.3148359, -31.8587244 ] } },
{ "type": "Feature", "properties": { "Name": "758.21", "P.K.": null, "Al.Dist. Izq.": 60, "Al.Dist. Der.": 20, "Ruta": 36 }, "geometry": { "type": "Point", "coordinates": [ -64.3148359, -31.8587244 ] } },
{ "type": "Feature", "properties": { "Name": "758.77", "P.K.": null, "Al.Dist. Izq.": 60, "Al.Dist. Der.": 20, "Ruta": 36 }, "geometry": { "type": "Point", "coordinates": [ -64.3133128, -31.8539552 ] } },
{ "type": "Feature", "properties": { "Name": "759", "P.K.": "PK759", "Al.Dist. Izq.": 60, "Al.Dist. Der.": 20, "Ruta": 36 }, "geometry": { "type": "Point", "coordinates": [ -64.3128425, -31.8519504 ] } },
{ "type": "Feature", "properties": { "Name": "759.1", "P.K.": null, "Al.Dist. Izq.": 60, "Al.Dist. Der.": 20, "Ruta": 36 }, "geometry": { "type": "Point", "coordinates": [ -64.3126, -31.8511 ] } },
{ "type": "Feature", "properties": { "Name": "759.62", "P.K.": null, "Al.Dist. Izq.": 60, "Al.Dist. Der.": 20, "Ruta": 36 }, "geometry": { "type": "Point", "coordinates": [ -64.311564, -31.8465487 ] } },
{ "type": "Feature", "properties": { "Name": "759.76", "P.K.": null, "Al.Dist. Izq.": 60, "Al.Dist. Der.": 20, "Ruta": 36 }, "geometry": { "type": "Point", "coordinates": [ -64.3112755, -31.8453289 ] } },
{ "type": "Feature", "properties": { "Name": "759.8", "P.K.": null, "Al.Dist. Izq.": 60, "Al.Dist. Der.": 20, "Ruta": 36 }, "geometry": { "type": "Point", "coordinates": [ -64.3111931, -31.8449804 ] } },
{ "type": "Feature", "properties": { "Name": "759.8", "P.K.": null, "Al.Dist. Izq.": 60, "Al.Dist. Der.": 20, "Ruta": 36 }, "geometry": { "type": "Point", "coordinates": [ -64.3111931, -31.8449804 ] } },
{ "type": "Feature", "properties": { "Name": "760", "P.K.": "PK760", "Al.Dist. Izq.": 60, "Al.Dist. Der.": 20, "Ruta": 36 }, "geometry": { "type": "Point", "coordinates": [ -64.3107794, -31.8432383 ] } },
{ "type": "Feature", "properties": { "Name": "760.28", "P.K.": null, "Al.Dist. Izq.": 60, "Al.Dist. Der.": 20, "Ruta": 36 }, "geometry": { "type": "Point", "coordinates": [ -64.3099203, -31.8408936 ] } },
{ "type": "Feature", "properties": { "Name": "760.55", "P.K.": null, "Al.Dist. Izq.": 60, "Al.Dist. Der.": 20, "Ruta": 36 }, "geometry": { "type": "Point", "coordinates": [ -64.3089271, -31.8386897 ] } },
{ "type": "Feature", "properties": { "Name": "760.55", "P.K.": null, "Al.Dist. Izq.": 60, "Al.Dist. Der.": 20, "Ruta": 36 }, "geometry": { "type": "Point", "coordinates": [ -64.3089271, -31.8386897 ] } },
{ "type": "Feature", "properties": { "Name": "760.56", "P.K.": null, "Al.Dist. Izq.": 60, "Al.Dist. Der.": 20, "Ruta": 36 }, "geometry": { "type": "Point", "coordinates": [ -64.3088905, -31.838608 ] } },
{ "type": "Feature", "properties": { "Name": "760.63", "P.K.": null, "Al.Dist. Izq.": 60, "Al.Dist. Der.": 20, "Ruta": 36 }, "geometry": { "type": "Point", "coordinates": [ -64.308643, -31.8380325 ] } },
{ "type": "Feature", "properties": { "Name": "760.63", "P.K.": null, "Al.Dist. Izq.": 60, "Al.Dist. Der.": 20, "Ruta": 36 }, "geometry": { "type": "Point", "coordinates": [ -64.308643, -31.8380325 ] } },
{ "type": "Feature", "properties": { "Name": "761", "P.K.": "PK761", "Al.Dist. Izq.": 60, "Al.Dist. Der.": 20, "Ruta": 36 }, "geometry": { "type": "Point", "coordinates": [ -64.3079729, -31.8348044 ] } },
{ "type": "Feature", "properties": { "Name": "761.24", "P.K.": null, "Al.Dist. Izq.": 60, "Al.Dist. Der.": 20, "Ruta": 36 }, "geometry": { "type": "Point", "coordinates": [ -64.3081598, -31.8326677 ] } },
{ "type": "Feature", "properties": { "Name": "761.24", "P.K.": null, "Al.Dist. Izq.": 60, "Al.Dist. Der.": 20, "Ruta": 36 }, "geometry": { "type": "Point", "coordinates": [ -64.3081598, -31.8326677 ] } },
{ "type": "Feature", "properties": { "Name": "761.32", "P.K.": null, "Al.Dist. Izq.": 60, "Al.Dist. Der.": 20, "Ruta": 36 }, "geometry": { "type": "Point", "coordinates": [ -64.3083267, -31.8319721 ] } },
{ "type": "Feature", "properties": { "Name": "761.32", "P.K.": null, "Al.Dist. Izq.": 60, "Al.Dist. Der.": 20, "Ruta": 36 }, "geometry": { "type": "Point", "coordinates": [ -64.3083267, -31.8319721 ] } },
{ "type": "Feature", "properties": { "Name": "761.61", "P.K.": null, "Al.Dist. Izq.": 60, "Al.Dist. Der.": 20, "Ruta": 36 }, "geometry": { "type": "Point", "coordinates": [ -64.3092917, -31.8296662 ] } },
{ "type": "Feature", "properties": { "Name": "761.61", "P.K.": null, "Al.Dist. Izq.": 60, "Al.Dist. Der.": 20, "Ruta": 36 }, "geometry": { "type": "Point", "coordinates": [ -64.3092917, -31.8296662 ] } },
{ "type": "Feature", "properties": { "Name": "761.84", "P.K.": null, "Al.Dist. Izq.": 60, "Al.Dist. Der.": 20, "Ruta": 36 }, "geometry": { "type": "Point", "coordinates": [ -64.3104875, -31.8279936 ] } },
{ "type": "Feature", "properties": { "Name": "761.91", "P.K.": null, "Al.Dist. Izq.": 60, "Al.Dist. Der.": 20, "Ruta": 36 }, "geometry": { "type": "Point", "coordinates": [ -64.3109063, -31.8275274 ] } },
{ "type": "Feature", "properties": { "Name": "761.91", "P.K.": null, "Al.Dist. Izq.": 60, "Al.Dist. Der.": 20, "Ruta": 36 }, "geometry": { "type": "Point", "coordinates": [ -64.3109063, -31.8275274 ] } },
{ "type": "Feature", "properties": { "Name": "762", "P.K.": "PK762", "Al.Dist. Izq.": 60, "Al.Dist. Der.": 20, "Ruta": 36 }, "geometry": { "type": "Point", "coordinates": [ -64.3115221, -31.8268776 ] } },
{ "type": "Feature", "properties": { "Name": "762.13", "P.K.": null, "Al.Dist. Izq.": 60, "Al.Dist. Der.": 20, "Ruta": 36 }, "geometry": { "type": "Point", "coordinates": [ -64.3122632, -31.8259809 ] } },
{ "type": "Feature", "properties": { "Name": "762.13", "P.K.": null, "Al.Dist. Izq.": 60, "Al.Dist. Der.": 20, "Ruta": 36 }, "geometry": { "type": "Point", "coordinates": [ -64.3122632, -31.8259809 ] } },
{ "type": "Feature", "properties": { "Name": "762.16", "P.K.": null, "Al.Dist. Izq.": 60, "Al.Dist. Der.": 20, "Ruta": 36 }, "geometry": { "type": "Point", "coordinates": [ -64.3124226, -31.8257647 ] } },
{ "type": "Feature", "properties": { "Name": "762.44", "P.K.": null, "Al.Dist. Izq.": 60, "Al.Dist. Der.": 20, "Ruta": 36 }, "geometry": { "type": "Point", "coordinates": [ -64.3136765, -31.8236005 ] } },
{ "type": "Feature", "properties": { "Name": "762.47", "P.K.": null, "Al.Dist. Izq.": 60, "Al.Dist. Der.": 20, "Ruta": 36 }, "geometry": { "type": "Point", "coordinates": [ -64.3137817, -31.8233535 ] } },
{ "type": "Feature", "properties": { "Name": "762.47", "P.K.": null, "Al.Dist. Izq.": 70, "Al.Dist. Der.": 30, "Ruta": 36 }, "geometry": { "type": "Point", "coordinates": [ -64.3137817, -31.8233535 ] } },
{ "type": "Feature", "properties": { "Name": "762.47", "P.K.": null, "Al.Dist. Izq.": 70, "Al.Dist. Der.": 30, "Ruta": 36 }, "geometry": { "type": "Point", "coordinates": [ -64.3137817, -31.8233535 ] } },
{ "type": "Feature", "properties": { "Name": "762.55", "P.K.": null, "Al.Dist. Izq.": 70, "Al.Dist. Der.": 30, "Ruta": 36 }, "geometry": { "type": "Point", "coordinates": [ -64.3140358, -31.8226839 ] } },
{ "type": "Feature", "properties": { "Name": "762.55", "P.K.": null, "Al.Dist. Izq.": 70, "Al.Dist. Der.": 30, "Ruta": 36 }, "geometry": { "type": "Point", "coordinates": [ -64.3140358, -31.8226839 ] } },
{ "type": "Feature", "properties": { "Name": "763.22", "P.K.": null, "Al.Dist. Izq.": 70, "Al.Dist. Der.": 30, "Ruta": 36 }, "geometry": { "type": "Point", "coordinates": [ -64.3146806, -31.8167636 ] } },
{ "type": "Feature", "properties": { "Name": "763.57", "P.K.": null, "Al.Dist. Izq.": 70, "Al.Dist. Der.": 30, "Ruta": 36 }, "geometry": { "type": "Point", "coordinates": [ -64.3146568, -31.8136301 ] } },
{ "type": "Feature", "properties": { "Name": "763.57", "P.K.": null, "Al.Dist. Izq.": 70, "Al.Dist. Der.": 30, "Ruta": 36 }, "geometry": { "type": "Point", "coordinates": [ -64.3146568, -31.8136301 ] } },
{ "type": "Feature", "properties": { "Name": "763.76", "P.K.": null, "Al.Dist. Izq.": 70, "Al.Dist. Der.": 30, "Ruta": 36 }, "geometry": { "type": "Point", "coordinates": [ -64.3146208, -31.8119298 ] } },
{ "type": "Feature", "properties": { "Name": "763.79", "P.K.": null, "Al.Dist. Izq.": 70, "Al.Dist. Der.": 30, "Ruta": 36 }, "geometry": { "type": "Point", "coordinates": [ -64.3146058, -31.8116616 ] } },
{ "type": "Feature", "properties": { "Name": "763.92", "P.K.": null, "Al.Dist. Izq.": 70, "Al.Dist. Der.": 30, "Ruta": 36 }, "geometry": { "type": "Point", "coordinates": [ -64.3145409, -31.8104995 ] } },
{ "type": "Feature", "properties": { "Name": "764.16", "P.K.": null, "Al.Dist. Izq.": 70, "Al.Dist. Der.": 30, "Ruta": 36 }, "geometry": { "type": "Point", "coordinates": [ -64.3144148, -31.8083545 ] } },
{ "type": "Feature", "properties": { "Name": "764.21", "P.K.": null, "Al.Dist. Izq.": 70, "Al.Dist. Der.": 30, "Ruta": 36 }, "geometry": { "type": "Point", "coordinates": [ -64.3143877, -31.8079077 ] } },
{ "type": "Feature", "properties": { "Name": "764.3", "P.K.": null, "Al.Dist. Izq.": 70, "Al.Dist. Der.": 30, "Ruta": 36 }, "geometry": { "type": "Point", "coordinates": [ -64.314339, -31.8071033 ] } },
{ "type": "Feature", "properties": { "Name": "764.38", "P.K.": null, "Al.Dist. Izq.": 70, "Al.Dist. Der.": 30, "Ruta": 36 }, "geometry": { "type": "Point", "coordinates": [ -64.3143, -31.8064 ] } },
{ "type": "Feature", "properties": { "Name": "764.89", "P.K.": null, "Al.Dist. Izq.": 70, "Al.Dist. Der.": 30, "Ruta": 36 }, "geometry": { "type": "Point", "coordinates": [ -64.3139932, -31.8018324 ] } },
{ "type": "Feature", "properties": { "Name": "764.94", "P.K.": null, "Al.Dist. Izq.": 70, "Al.Dist. Der.": 30, "Ruta": 36 }, "geometry": { "type": "Point", "coordinates": [ -64.3139634, -31.8013857 ] } },
{ "type": "Feature", "properties": { "Name": "765.19", "P.K.": null, "Al.Dist. Izq.": 70, "Al.Dist. Der.": 30, "Ruta": 36 }, "geometry": { "type": "Point", "coordinates": [ -64.3136494, -31.7991732 ] } },
{ "type": "Feature", "properties": { "Name": "765.4", "P.K.": null, "Al.Dist. Izq.": 70, "Al.Dist. Der.": 30, "Ruta": 36 }, "geometry": { "type": "Point", "coordinates": [ -64.3130926, -31.7973792 ] } },
{ "type": "Feature", "properties": { "Name": "765.47", "P.K.": null, "Al.Dist. Izq.": 70, "Al.Dist. Der.": 30, "Ruta": 36 }, "geometry": { "type": "Point", "coordinates": [ -64.3128388, -31.7968063 ] } },
{ "type": "Feature", "properties": { "Name": "766.21", "P.K.": null, "Al.Dist. Izq.": 70, "Al.Dist. Der.": 30, "Ruta": 36 }, "geometry": { "type": "Point", "coordinates": [ -64.3088089, -31.7915915 ] } },
{ "type": "Feature", "properties": { "Name": "766.21", "P.K.": null, "Al.Dist. Izq.": 70, "Al.Dist. Der.": 30, "Ruta": 36 }, "geometry": { "type": "Point", "coordinates": [ -64.3088089, -31.7915915 ] } },
{ "type": "Feature", "properties": { "Name": "766.52", "P.K.": null, "Al.Dist. Izq.": 70, "Al.Dist. Der.": 30, "Ruta": 36 }, "geometry": { "type": "Point", "coordinates": [ -64.3071318, -31.7893888 ] } },
{ "type": "Feature", "properties": { "Name": "766.52", "P.K.": null, "Al.Dist. Izq.": 70, "Al.Dist. Der.": 30, "Ruta": 36 }, "geometry": { "type": "Point", "coordinates": [ -64.3071318, -31.7893888 ] } },
{ "type": "Feature", "properties": { "Name": "766.74", "P.K.": null, "Al.Dist. Izq.": 70, "Al.Dist. Der.": 30, "Ruta": 36 }, "geometry": { "type": "Point", "coordinates": [ -64.3062487, -31.7876317 ] } },
{ "type": "Feature", "properties": { "Name": "767.15", "P.K.": null, "Al.Dist. Izq.": 70, "Al.Dist. Der.": 30, "Ruta": 36 }, "geometry": { "type": "Point", "coordinates": [ -64.3053894, -31.7840796 ] } },
{ "type": "Feature", "properties": { "Name": "767.15", "P.K.": null, "Al.Dist. Izq.": 70, "Al.Dist. Der.": 30, "Ruta": 36 }, "geometry": { "type": "Point", "coordinates": [ -64.3053894, -31.7840796 ] } },
{ "type": "Feature", "properties": { "Name": "767.32", "P.K.": null, "Al.Dist. Izq.": 70, "Al.Dist. Der.": 30, "Ruta": 36 }, "geometry": { "type": "Point", "coordinates": [ -64.3053437, -31.7825589 ] } },
{ "type": "Feature", "properties": { "Name": "767.32", "P.K.": null, "Al.Dist. Izq.": 70, "Al.Dist. Der.": 30, "Ruta": 36 }, "geometry": { "type": "Point", "coordinates": [ -64.3053437, -31.7825589 ] } },
{ "type": "Feature", "properties": { "Name": "767.35", "P.K.": null, "Al.Dist. Izq.": 70, "Al.Dist. Der.": 30, "Ruta": 36 }, "geometry": { "type": "Point", "coordinates": [ -64.3053419, -31.7822903 ] } },
{ "type": "Feature", "properties": { "Name": "767.35", "P.K.": null, "Al.Dist. Izq.": 70, "Al.Dist. Der.": 30, "Ruta": 36 }, "geometry": { "type": "Point", "coordinates": [ -64.3053419, -31.7822903 ] } },
{ "type": "Feature", "properties": { "Name": "767.51", "P.K.": null, "Al.Dist. Izq.": 70, "Al.Dist. Der.": 30, "Ruta": 36 }, "geometry": { "type": "Point", "coordinates": [ -64.3053327, -31.7808578 ] } },
{ "type": "Feature", "properties": { "Name": "767.51", "P.K.": null, "Al.Dist. Izq.": 70, "Al.Dist. Der.": 30, "Ruta": 36 }, "geometry": { "type": "Point", "coordinates": [ -64.3053327, -31.7808578 ] } },
{ "type": "Feature", "properties": { "Name": "767.78", "P.K.": null, "Al.Dist. Izq.": 70, "Al.Dist. Der.": 30, "Ruta": 36 }, "geometry": { "type": "Point", "coordinates": [ -64.3053308, -31.7784405 ] } },
{ "type": "Feature", "properties": { "Name": "768.08", "P.K.": null, "Al.Dist. Izq.": 70, "Al.Dist. Der.": 30, "Ruta": 36 }, "geometry": { "type": "Point", "coordinates": [ -64.3053207, -31.7757546 ] } },
{ "type": "Feature", "properties": { "Name": "768.1", "P.K.": null, "Al.Dist. Izq.": 70, "Al.Dist. Der.": 30, "Ruta": 36 }, "geometry": { "type": "Point", "coordinates": [ -64.30532, -31.7755755 ] } },
{ "type": "Feature", "properties": { "Name": "768.26", "P.K.": null, "Al.Dist. Izq.": 70, "Al.Dist. Der.": 30, "Ruta": 36 }, "geometry": { "type": "Point", "coordinates": [ -64.3053151, -31.774143 ] } },
{ "type": "Feature", "properties": { "Name": "768.26", "P.K.": null, "Al.Dist. Izq.": 70, "Al.Dist. Der.": 30, "Ruta": 36 }, "geometry": { "type": "Point", "coordinates": [ -64.3053151, -31.774143 ] } },
{ "type": "Feature", "properties": { "Name": "768.66", "P.K.": null, "Al.Dist. Izq.": 70, "Al.Dist. Der.": 30, "Ruta": 36 }, "geometry": { "type": "Point", "coordinates": [ -64.3052969, -31.7705619 ] } },
{ "type": "Feature", "properties": { "Name": "768.69", "P.K.": null, "Al.Dist. Izq.": 70, "Al.Dist. Der.": 30, "Ruta": 36 }, "geometry": { "type": "Point", "coordinates": [ -64.3052928, -31.7702933 ] } },
{ "type": "Feature", "properties": { "Name": "768.69", "P.K.": null, "Al.Dist. Izq.": 70, "Al.Dist. Der.": 30, "Ruta": 36 }, "geometry": { "type": "Point", "coordinates": [ -64.3052928, -31.7702933 ] } },
{ "type": "Feature", "properties": { "Name": "768.83", "P.K.": null, "Al.Dist. Izq.": 70, "Al.Dist. Der.": 30, "Ruta": 36 }, "geometry": { "type": "Point", "coordinates": [ -64.3052676, -31.7690401 ] } },
{ "type": "Feature", "properties": { "Name": "768.83", "P.K.": null, "Al.Dist. Izq.": 65, "Al.Dist. Der.": 45, "Ruta": 36 }, "geometry": { "type": "Point", "coordinates": [ -64.3052676, -31.7690401 ] } },
{ "type": "Feature", "properties": { "Name": "768.97", "P.K.": null, "Al.Dist. Izq.": 65, "Al.Dist. Der.": 45, "Ruta": 36 }, "geometry": { "type": "Point", "coordinates": [ -64.3052616, -31.7677867 ] } },
{ "type": "Feature", "properties": { "Name": "769.33", "P.K.": null, "Al.Dist. Izq.": 65, "Al.Dist. Der.": 45, "Ruta": 36 }, "geometry": { "type": "Point", "coordinates": [ -64.3052558, -31.7645637 ] } },
{ "type": "Feature", "properties": { "Name": "769.33", "P.K.": null, "Al.Dist. Izq.": 65, "Al.Dist. Der.": 45, "Ruta": 36 }, "geometry": { "type": "Point", "coordinates": [ -64.3052558, -31.7645637 ] } },
{ "type": "Feature", "properties": { "Name": "769.49", "P.K.": null, "Al.Dist. Izq.": 65, "Al.Dist. Der.": 45, "Ruta": 36 }, "geometry": { "type": "Point", "coordinates": [ -64.3052451, -31.7631313 ] } },
{ "type": "Feature", "properties": { "Name": "769.55", "P.K.": null, "Al.Dist. Izq.": 65, "Al.Dist. Der.": 45, "Ruta": 36 }, "geometry": { "type": "Point", "coordinates": [ -64.3052428, -31.7625941 ] } },
{ "type": "Feature", "properties": { "Name": "770.12", "P.K.": null, "Al.Dist. Izq.": 65, "Al.Dist. Der.": 45, "Ruta": 36 }, "geometry": { "type": "Point", "coordinates": [ -64.3047, -31.7575 ] } },
{ "type": "Feature", "properties": { "Name": "770.43", "P.K.": null, "Al.Dist. Izq.": 65, "Al.Dist. Der.": 45, "Ruta": 36 }, "geometry": { "type": "Point", "coordinates": [ -64.3041516, -31.7548194 ] } },
{ "type": "Feature", "properties": { "Name": "770.54", "P.K.": null, "Al.Dist. Izq.": 65, "Al.Dist. Der.": 45, "Ruta": 36 }, "geometry": { "type": "Point", "coordinates": [ -64.3039431, -31.7538569 ] } },
{ "type": "Feature", "properties": { "Name": "770.54", "P.K.": null, "Al.Dist. Izq.": 65, "Al.Dist. Der.": 45, "Ruta": 36 }, "geometry": { "type": "Point", "coordinates": [ -64.3039431, -31.7538569 ] } },
{ "type": "Feature", "properties": { "Name": "770.76", "P.K.": null, "Al.Dist. Izq.": 65, "Al.Dist. Der.": 45, "Ruta": 36 }, "geometry": { "type": "Point", "coordinates": [ -64.3035271, -31.7519317 ] } },
{ "type": "Feature", "properties": { "Name": "770.76", "P.K.": null, "Al.Dist. Izq.": 65, "Al.Dist. Der.": 45, "Ruta": 36 }, "geometry": { "type": "Point", "coordinates": [ -64.3035271, -31.7519317 ] } },
{ "type": "Feature", "properties": { "Name": "770.93", "P.K.": null, "Al.Dist. Izq.": 65, "Al.Dist. Der.": 45, "Ruta": 36 }, "geometry": { "type": "Point", "coordinates": [ -64.3032063, -31.7504438 ] } },
{ "type": "Feature", "properties": { "Name": "771", "P.K.": "PK771", "Al.Dist. Izq.": 65, "Al.Dist. Der.": 45, "Ruta": 36 }, "geometry": { "type": "Point", "coordinates": [ -64.3030742, -31.7498312 ] } },
{ "type": "Feature", "properties": { "Name": "771.32", "P.K.": null, "Al.Dist. Izq.": 65, "Al.Dist. Der.": 45, "Ruta": 36 }, "geometry": { "type": "Point", "coordinates": [ -64.3024819, -31.7470281 ] } },
{ "type": "Feature", "properties": { "Name": "771.39", "P.K.": null, "Al.Dist. Izq.": 65, "Al.Dist. Der.": 45, "Ruta": 36 }, "geometry": { "type": "Point", "coordinates": [ -64.3023529, -31.7464148 ] } },
{ "type": "Feature", "properties": { "Name": "771.43", "P.K.": null, "Al.Dist. Izq.": 65, "Al.Dist. Der.": 45, "Ruta": 36 }, "geometry": { "type": "Point", "coordinates": [ -64.3022794, -31.7460643 ] } },
{ "type": "Feature", "properties": { "Name": "771.43", "P.K.": null, "Al.Dist. Izq.": 65, "Al.Dist. Der.": 45, "Ruta": 36 }, "geometry": { "type": "Point", "coordinates": [ -64.3022794, -31.7460643 ] } },
{ "type": "Feature", "properties": { "Name": "771.52", "P.K.": null, "Al.Dist. Izq.": 65, "Al.Dist. Der.": 45, "Ruta": 36 }, "geometry": { "type": "Point", "coordinates": [ -64.3021141, -31.7452756 ] } },
{ "type": "Feature", "properties": { "Name": "771.52", "P.K.": null, "Al.Dist. Izq.": 65, "Al.Dist. Der.": 45, "Ruta": 36 }, "geometry": { "type": "Point", "coordinates": [ -64.3021141, -31.7452756 ] } },
{ "type": "Feature", "properties": { "Name": "771.81", "P.K.": null, "Al.Dist. Izq.": 65, "Al.Dist. Der.": 45, "Ruta": 36 }, "geometry": { "type": "Point", "coordinates": [ -64.301572, -31.7427365 ] } },
{ "type": "Feature", "properties": { "Name": "771.89", "P.K.": null, "Al.Dist. Izq.": 65, "Al.Dist. Der.": 45, "Ruta": 36 }, "geometry": { "type": "Point", "coordinates": [ -64.3014181, -31.742037 ] } },
{ "type": "Feature", "properties": { "Name": "771.89", "P.K.": null, "Al.Dist. Izq.": 65, "Al.Dist. Der.": 45, "Ruta": 36 }, "geometry": { "type": "Point", "coordinates": [ -64.3014181, -31.742037 ] } },
{ "type": "Feature", "properties": { "Name": "772.12", "P.K.": null, "Al.Dist. Izq.": 65, "Al.Dist. Der.": 45, "Ruta": 36 }, "geometry": { "type": "Point", "coordinates": [ -64.3009783, -31.7400253 ] } },
{ "type": "Feature", "properties": { "Name": "772.12", "P.K.": null, "Al.Dist. Izq.": 65, "Al.Dist. Der.": 45, "Ruta": 36 }, "geometry": { "type": "Point", "coordinates": [ -64.3009783, -31.7400253 ] } },
{ "type": "Feature", "properties": { "Name": "772.42", "P.K.": null, "Al.Dist. Izq.": 65, "Al.Dist. Der.": 45, "Ruta": 36 }, "geometry": { "type": "Point", "coordinates": [ -64.3004181, -31.7373984 ] } },
{ "type": "Feature", "properties": { "Name": "772.42", "P.K.": null, "Al.Dist. Izq.": 65, "Al.Dist. Der.": 45, "Ruta": 36 }, "geometry": { "type": "Point", "coordinates": [ -64.3004181, -31.7373984 ] } },
{ "type": "Feature", "properties": { "Name": "772.5", "P.K.": null, "Al.Dist. Izq.": 65, "Al.Dist. Der.": 45, "Ruta": 36 }, "geometry": { "type": "Point", "coordinates": [ -64.3002667, -31.7366983 ] } },
{ "type": "Feature", "properties": { "Name": "772.66", "P.K.": null, "Al.Dist. Izq.": 65, "Al.Dist. Der.": 45, "Ruta": 36 }, "geometry": { "type": "Point", "coordinates": [ -64.2999637, -31.7352982 ] } },
{ "type": "Feature", "properties": { "Name": "772.91", "P.K.": null, "Al.Dist. Izq.": 65, "Al.Dist. Der.": 45, "Ruta": 36 }, "geometry": { "type": "Point", "coordinates": [ -64.29949, -31.7331107 ] } },
{ "type": "Feature", "properties": { "Name": "772.91", "P.K.": null, "Al.Dist. Izq.": 65, "Al.Dist. Der.": 45, "Ruta": 36 }, "geometry": { "type": "Point", "coordinates": [ -64.29949, -31.7331107 ] } },
{ "type": "Feature", "properties": { "Name": "773.37", "P.K.": null, "Al.Dist. Izq.": 65, "Al.Dist. Der.": 45, "Ruta": 36 }, "geometry": { "type": "Point", "coordinates": [ -64.299146, -31.7290195 ] } },
{ "type": "Feature", "properties": { "Name": "773.37", "P.K.": null, "Al.Dist. Izq.": 65, "Al.Dist. Der.": 45, "Ruta": 36 }, "geometry": { "type": "Point", "coordinates": [ -64.299146, -31.7290195 ] } },
{ "type": "Feature", "properties": { "Name": "773.59", "P.K.": null, "Al.Dist. Izq.": 65, "Al.Dist. Der.": 45, "Ruta": 36 }, "geometry": { "type": "Point", "coordinates": [ -64.2991696, -31.72705 ] } },
{ "type": "Feature", "properties": { "Name": "773.78", "P.K.": null, "Al.Dist. Izq.": 65, "Al.Dist. Der.": 45, "Ruta": 36 }, "geometry": { "type": "Point", "coordinates": [ -64.2991863, -31.7253489 ] } },
{ "type": "Feature", "properties": { "Name": "773.78", "P.K.": null, "Al.Dist. Izq.": 65, "Al.Dist. Der.": 45, "Ruta": 36 }, "geometry": { "type": "Point", "coordinates": [ -64.2991863, -31.7253489 ] } },
{ "type": "Feature", "properties": { "Name": "774.19", "P.K.": null, "Al.Dist. Izq.": 65, "Al.Dist. Der.": 45, "Ruta": 36 }, "geometry": { "type": "Point", "coordinates": [ -64.2993059, -31.7216815 ] } },
{ "type": "Feature", "properties": { "Name": "774.19", "P.K.": null, "Al.Dist. Izq.": 65, "Al.Dist. Der.": 45, "Ruta": 36 }, "geometry": { "type": "Point", "coordinates": [ -64.2993059, -31.7216815 ] } },
{ "type": "Feature", "properties": { "Name": "774.29", "P.K.": null, "Al.Dist. Izq.": 65, "Al.Dist. Der.": 45, "Ruta": 36 }, "geometry": { "type": "Point", "coordinates": [ -64.2994379, -31.7207963 ] } },
{ "type": "Feature", "properties": { "Name": "774.51", "P.K.": null, "Al.Dist. Izq.": 65, "Al.Dist. Der.": 45, "Ruta": 36 }, "geometry": { "type": "Point", "coordinates": [ -64.2998, -31.7189 ] } },
{ "type": "Feature", "properties": { "Name": "774.85", "P.K.": null, "Al.Dist. Izq.": 65, "Al.Dist. Der.": 45, "Ruta": 36 }, "geometry": { "type": "Point", "coordinates": [ -64.3004953, -31.7158954 ] } },
{ "type": "Feature", "properties": { "Name": "775.05", "P.K.": null, "Al.Dist. Izq.": 65, "Al.Dist. Der.": 45, "Ruta": 36 }, "geometry": { "type": "Point", "coordinates": [ -64.3008785, -31.7141462 ] } },
{ "type": "Feature", "properties": { "Name": "775.05", "P.K.": null, "Al.Dist. Izq.": 65, "Al.Dist. Der.": 45, "Ruta": 36 }, "geometry": { "type": "Point", "coordinates": [ -64.3008785, -31.7141462 ] } },
{ "type": "Feature", "properties": { "Name": "775.58", "P.K.": null, "Al.Dist. Izq.": 65, "Al.Dist. Der.": 45, "Ruta": 36 }, "geometry": { "type": "Point", "coordinates": [ -64.3018906, -31.7095103 ] } },
{ "type": "Feature", "properties": { "Name": "775.61", "P.K.": null, "Al.Dist. Izq.": 65, "Al.Dist. Der.": 45, "Ruta": 36 }, "geometry": { "type": "Point", "coordinates": [ -64.3019487, -31.7092481 ] } },
{ "type": "Feature", "properties": { "Name": "775.61", "P.K.": null, "Al.Dist. Izq.": 65, "Al.Dist. Der.": 45, "Ruta": 36 }, "geometry": { "type": "Point", "coordinates": [ -64.3019487, -31.7092481 ] } },
{ "type": "Feature", "properties": { "Name": "775.94", "P.K.": null, "Al.Dist. Izq.": 65, "Al.Dist. Der.": 45, "Ruta": 36 }, "geometry": { "type": "Point", "coordinates": [ -64.3025799, -31.7063618 ] } },
{ "type": "Feature", "properties": { "Name": "776.32", "P.K.": null, "Al.Dist. Izq.": 65, "Al.Dist. Der.": 45, "Ruta": 36 }, "geometry": { "type": "Point", "coordinates": [ -64.3033075, -31.7030383 ] } },
{ "type": "Feature", "properties": { "Name": "776.32", "P.K.": null, "Al.Dist. Izq.": 65, "Al.Dist. Der.": 45, "Ruta": 36 }, "geometry": { "type": "Point", "coordinates": [ -64.3033075, -31.7030383 ] } },
{ "type": "Feature", "properties": { "Name": "776.93", "P.K.": null, "Al.Dist. Izq.": 65, "Al.Dist. Der.": 45, "Ruta": 36 }, "geometry": { "type": "Point", "coordinates": [ -64.3044783, -31.6977039 ] } },
{ "type": "Feature", "properties": { "Name": "777.03", "P.K.": null, "Al.Dist. Izq.": 65, "Al.Dist. Der.": 45, "Ruta": 36 }, "geometry": { "type": "Point", "coordinates": [ -64.3046682, -31.696829 ] } },
{ "type": "Feature", "properties": { "Name": "777.52", "P.K.": null, "Al.Dist. Izq.": 65, "Al.Dist. Der.": 45, "Ruta": 36 }, "geometry": { "type": "Point", "coordinates": [ -64.305613, -31.692545 ] } },
{ "type": "Feature", "properties": { "Name": "777.52", "P.K.": null, "Al.Dist. Izq.": 65, "Al.Dist. Der.": 45, "Ruta": 36 }, "geometry": { "type": "Point", "coordinates": [ -64.305613, -31.692545 ] } },
{ "type": "Feature", "properties": { "Name": "778", "P.K.": null, "Al.Dist. Izq.": 65, "Al.Dist. Der.": 45, "Ruta": 36 }, "geometry": { "type": "Point", "coordinates": [ -64.3065359, -31.6883478 ] } },
{ "type": "Feature", "properties": { "Name": "778.35", "P.K.": null, "Al.Dist. Izq.": 65, "Al.Dist. Der.": 45, "Ruta": 36 }, "geometry": { "type": "Point", "coordinates": [ -64.3072, -31.6853 ] } },
{ "type": "Feature", "properties": { "Name": "778.63", "P.K.": null, "Al.Dist. Izq.": 65, "Al.Dist. Der.": 45, "Ruta": 36 }, "geometry": { "type": "Point", "coordinates": [ -64.3077643, -31.6828427 ] } },
{ "type": "Feature", "properties": { "Name": "778.63", "P.K.": null, "Al.Dist. Izq.": 65, "Al.Dist. Der.": 45, "Ruta": 36 }, "geometry": { "type": "Point", "coordinates": [ -64.3077643, -31.6828427 ] } },
{ "type": "Feature", "properties": { "Name": "778.89", "P.K.": null, "Al.Dist. Izq.": 65, "Al.Dist. Der.": 45, "Ruta": 36 }, "geometry": { "type": "Point", "coordinates": [ -64.3082748, -31.6805716 ] } },
{ "type": "Feature", "properties": { "Name": "778.89", "P.K.": null, "Al.Dist. Izq.": 65, "Al.Dist. Der.": 45, "Ruta": 36 }, "geometry": { "type": "Point", "coordinates": [ -64.3082748, -31.6805716 ] } },
{ "type": "Feature", "properties": { "Name": "779.27", "P.K.": null, "Al.Dist. Izq.": 65, "Al.Dist. Der.": 45, "Ruta": 36 }, "geometry": { "type": "Point", "coordinates": [ -64.3090146, -31.6772508 ] } },
{ "type": "Feature", "properties": { "Name": "779.27", "P.K.": null, "Al.Dist. Izq.": 65, "Al.Dist. Der.": 45, "Ruta": 36 }, "geometry": { "type": "Point", "coordinates": [ -64.3090146, -31.6772508 ] } },
{ "type": "Feature", "properties": { "Name": "779.82", "P.K.": null, "Al.Dist. Izq.": 65, "Al.Dist. Der.": 45, "Ruta": 36 }, "geometry": { "type": "Point", "coordinates": [ -64.3100803, -31.6724433 ] } },
{ "type": "Feature", "properties": { "Name": "779.82", "P.K.": null, "Al.Dist. Izq.": 65, "Al.Dist. Der.": 45, "Ruta": 36 }, "geometry": { "type": "Point", "coordinates": [ -64.3100803, -31.6724433 ] } },
{ "type": "Feature", "properties": { "Name": "780.3", "P.K.": null, "Al.Dist. Izq.": 65, "Al.Dist. Der.": 45, "Ruta": 36 }, "geometry": { "type": "Point", "coordinates": [ -64.311, -31.6683 ] } },
{ "type": "Feature", "properties": { "Name": "780.65", "P.K.": null, "Al.Dist. Izq.": 65, "Al.Dist. Der.": 45, "Ruta": 36 }, "geometry": { "type": "Point", "coordinates": [ -64.3117111, -31.6651934 ] } },
{ "type": "Feature", "properties": { "Name": "780.65", "P.K.": null, "Al.Dist. Izq.": 65, "Al.Dist. Der.": 45, "Ruta": 36 }, "geometry": { "type": "Point", "coordinates": [ -64.3117111, -31.6651934 ] } },
{ "type": "Feature", "properties": { "Name": "780.92", "P.K.": null, "Al.Dist. Izq.": 65, "Al.Dist. Der.": 45, "Ruta": 36 }, "geometry": { "type": "Point", "coordinates": [ -64.3123448, -31.6628638 ] } },
{ "type": "Feature", "properties": { "Name": "780.92", "P.K.": null, "Al.Dist. Izq.": 65, "Al.Dist. Der.": 45, "Ruta": 36 }, "geometry": { "type": "Point", "coordinates": [ -64.3123448, -31.6628638 ] } },
{ "type": "Feature", "properties": { "Name": "780.94", "P.K.": null, "Al.Dist. Izq.": 65, "Al.Dist. Der.": 45, "Ruta": 36 }, "geometry": { "type": "Point", "coordinates": [ -64.3124133, -31.6626983 ] } },
{ "type": "Feature", "properties": { "Name": "781.22", "P.K.": null, "Al.Dist. Izq.": 65, "Al.Dist. Der.": 45, "Ruta": 36 }, "geometry": { "type": "Point", "coordinates": [ -64.313714, -31.6605625 ] } },
{ "type": "Feature", "properties": { "Name": "781.22", "P.K.": null, "Al.Dist. Izq.": 65, "Al.Dist. Der.": 45, "Ruta": 36 }, "geometry": { "type": "Point", "coordinates": [ -64.313714, -31.6605625 ] } },
{ "type": "Feature", "properties": { "Name": "781.63", "P.K.": null, "Al.Dist. Izq.": 65, "Al.Dist. Der.": 45, "Ruta": 36 }, "geometry": { "type": "Point", "coordinates": [ -64.3157578, -31.6575137 ] } },
{ "type": "Feature", "properties": { "Name": "781.63", "P.K.": null, "Al.Dist. Izq.": 65, "Al.Dist. Der.": 45, "Ruta": 36 }, "geometry": { "type": "Point", "coordinates": [ -64.3157578, -31.6575137 ] } },
{ "type": "Feature", "properties": { "Name": "781.89", "P.K.": null, "Al.Dist. Izq.": 65, "Al.Dist. Der.": 45, "Ruta": 36 }, "geometry": { "type": "Point", "coordinates": [ -64.3165782, -31.6553628 ] } },
{ "type": "Feature", "properties": { "Name": "782.13", "P.K.": null, "Al.Dist. Izq.": 65, "Al.Dist. Der.": 45, "Ruta": 36 }, "geometry": { "type": "Point", "coordinates": [ -64.3161532, -31.6532852 ] } },
{ "type": "Feature", "properties": { "Name": "782.41", "P.K.": null, "Al.Dist. Izq.": 65, "Al.Dist. Der.": 45, "Ruta": 36 }, "geometry": { "type": "Point", "coordinates": [ -64.3146355, -31.6512959 ] } },
{ "type": "Feature", "properties": { "Name": "782.49", "P.K.": null, "Al.Dist. Izq.": 65, "Al.Dist. Der.": 45, "Ruta": 36 }, "geometry": { "type": "Point", "coordinates": [ -64.3141804, -31.6507428 ] } },
{ "type": "Feature", "properties": { "Name": "782.49", "P.K.": null, "Al.Dist. Izq.": 65, "Al.Dist. Der.": 45, "Ruta": 36 }, "geometry": { "type": "Point", "coordinates": [ -64.3141804, -31.6507428 ] } },
{ "type": "Feature", "properties": { "Name": "782.54", "P.K.": null, "Al.Dist. Izq.": 65, "Al.Dist. Der.": 45, "Ruta": 36 }, "geometry": { "type": "Point", "coordinates": [ -64.313896, -31.6503972 ] } },
{ "type": "Feature", "properties": { "Name": "783.05", "P.K.": null, "Al.Dist. Izq.": 65, "Al.Dist. Der.": 45, "Ruta": 36 }, "geometry": { "type": "Point", "coordinates": [ -64.3110236, -31.6468477 ] } },
{ "type": "Feature", "properties": { "Name": "783.51", "P.K.": null, "Al.Dist. Izq.": 65, "Al.Dist. Der.": 45, "Ruta": 36 }, "geometry": { "type": "Point", "coordinates": [ -64.308379, -31.6436929 ] } },
{ "type": "Feature", "properties": { "Name": "783.62", "P.K.": null, "Al.Dist. Izq.": 65, "Al.Dist. Der.": 45, "Ruta": 36 }, "geometry": { "type": "Point", "coordinates": [ -64.3076543, -31.643026 ] } },
{ "type": "Feature", "properties": { "Name": "783.68", "P.K.": null, "Al.Dist. Izq.": 65, "Al.Dist. Der.": 45, "Ruta": 36 }, "geometry": { "type": "Point", "coordinates": [ -64.3072619, -31.6426591 ] } },
{ "type": "Feature", "properties": { "Name": "784.35", "P.K.": null, "Al.Dist. Izq.": 65, "Al.Dist. Der.": 45, "Ruta": 36 }, "geometry": { "type": "Point", "coordinates": [ -64.3028699, -31.6385734 ] } },
{ "type": "Feature", "properties": { "Name": "784.35", "P.K.": null, "Al.Dist. Izq.": 65, "Al.Dist. Der.": 45, "Ruta": 36 }, "geometry": { "type": "Point", "coordinates": [ -64.3028699, -31.6385734 ] } },
{ "type": "Feature", "properties": { "Name": "784.37", "P.K.": null, "Al.Dist. Izq.": 65, "Al.Dist. Der.": 45, "Ruta": 36 }, "geometry": { "type": "Point", "coordinates": [ -64.3027387, -31.6384515 ] } },
{ "type": "Feature", "properties": { "Name": "784.37", "P.K.": null, "Al.Dist. Izq.": 65, "Al.Dist. Der.": 45, "Ruta": 36 }, "geometry": { "type": "Point", "coordinates": [ -64.3027387, -31.6384515 ] } },
{ "type": "Feature", "properties": { "Name": "784.64", "P.K.": null, "Al.Dist. Izq.": 65, "Al.Dist. Der.": 45, "Ruta": 36 }, "geometry": { "type": "Point", "coordinates": [ -64.3009678, -31.6368062 ] } },
{ "type": "Feature", "properties": { "Name": "784.96", "P.K.": null, "Al.Dist. Izq.": 65, "Al.Dist. Der.": 45, "Ruta": 36 }, "geometry": { "type": "Point", "coordinates": [ -64.2988641, -31.6348613 ] } },
{ "type": "Feature", "properties": { "Name": "785.6", "P.K.": null, "Al.Dist. Izq.": 65, "Al.Dist. Der.": 45, "Ruta": 36 }, "geometry": { "type": "Point", "coordinates": [ -64.2943405, -31.6313757 ] } },
{ "type": "Feature", "properties": { "Name": "785.6", "P.K.": null, "Al.Dist. Izq.": 65, "Al.Dist. Der.": 45, "Ruta": 36 }, "geometry": { "type": "Point", "coordinates": [ -64.2943405, -31.6313757 ] } },
{ "type": "Feature", "properties": { "Name": "787.4", "P.K.": null, "Al.Dist. Izq.": 65, "Al.Dist. Der.": 45, "Ruta": 36 }, "geometry": { "type": "Point", "coordinates": [ -64.2807343, -31.6227395 ] } },
{ "type": "Feature", "properties": { "Name": "787.4", "P.K.": null, "Al.Dist. Izq.": 65, "Al.Dist. Der.": 45, "Ruta": 36 }, "geometry": { "type": "Point", "coordinates": [ -64.2807343, -31.6227395 ] } },
{ "type": "Feature", "properties": { "Name": "788.57", "P.K.": null, "Al.Dist. Izq.": 65, "Al.Dist. Der.": 45, "Ruta": 36 }, "geometry": { "type": "Point", "coordinates": [ -64.2732067, -31.6157059 ] } },
{ "type": "Feature", "properties": { "Name": "788.57", "P.K.": null, "Al.Dist. Izq.": 65, "Al.Dist. Der.": 45, "Ruta": 36 }, "geometry": { "type": "Point", "coordinates": [ -64.2732067, -31.6157059 ] } },
{ "type": "Feature", "properties": { "Name": "788.57", "P.K.": null, "Al.Dist. Izq.": 65, "Al.Dist. Der.": 45, "Ruta": 36 }, "geometry": { "type": "Point", "coordinates": [ -64.2732067, -31.6157059 ] } },
{ "type": "Feature", "properties": { "Name": "788.99", "P.K.": null, "Al.Dist. Izq.": 65, "Al.Dist. Der.": 45, "Ruta": 36 }, "geometry": { "type": "Point", "coordinates": [ -64.2711, -31.6126 ] } },
{ "type": "Feature", "properties": { "Name": "789.6", "P.K.": null, "Al.Dist. Izq.": 65, "Al.Dist. Der.": 45, "Ruta": 36 }, "geometry": { "type": "Point", "coordinates": [ -64.2680693, -31.6080478 ] } },
{ "type": "Feature", "properties": { "Name": "789.6", "P.K.": null, "Al.Dist. Izq.": 65, "Al.Dist. Der.": 45, "Ruta": 36 }, "geometry": { "type": "Point", "coordinates": [ -64.2680693, -31.6080478 ] } },
{ "type": "Feature", "properties": { "Name": "790.13", "P.K.": null, "Al.Dist. Izq.": 65, "Al.Dist. Der.": 45, "Ruta": 36 }, "geometry": { "type": "Point", "coordinates": [ -64.265771, -31.6039172 ] } },
{ "type": "Feature", "properties": { "Name": "790.39", "P.K.": null, "Al.Dist. Izq.": 65, "Al.Dist. Der.": 45, "Ruta": 36 }, "geometry": { "type": "Point", "coordinates": [ -64.2648725, -31.6017698 ] } },
{ "type": "Feature", "properties": { "Name": "791.51", "P.K.": null, "Al.Dist. Izq.": 65, "Al.Dist. Der.": 45, "Ruta": 36 }, "geometry": { "type": "Point", "coordinates": [ -64.2608311, -31.5925951 ] } },
{ "type": "Feature", "properties": { "Name": "791.61", "P.K.": null, "Al.Dist. Izq.": 65, "Al.Dist. Der.": 45, "Ruta": 36 }, "geometry": { "type": "Point", "coordinates": [ -64.2604569, -31.5917817 ] } },
{ "type": "Feature", "properties": { "Name": "791.61", "P.K.": null, "Al.Dist. Izq.": 65, "Al.Dist. Der.": 45, "Ruta": 36 }, "geometry": { "type": "Point", "coordinates": [ -64.2604569, -31.5917817 ] } },
{ "type": "Feature", "properties": { "Name": "791.61", "P.K.": null, "Al.Dist. Izq.": 65, "Al.Dist. Der.": 45, "Ruta": 36 }, "geometry": { "type": "Point", "coordinates": [ -64.2604569, -31.5917817 ] } },
{ "type": "Feature", "properties": { "Name": "791.77", "P.K.": null, "Al.Dist. Izq.": 65, "Al.Dist. Der.": 45, "Ruta": 36 }, "geometry": { "type": "Point", "coordinates": [ -64.2598627, -31.5904784 ] } },
{ "type": "Feature", "properties": { "Name": "791.77", "P.K.": null, "Al.Dist. Izq.": 65, "Al.Dist. Der.": 45, "Ruta": 36 }, "geometry": { "type": "Point", "coordinates": [ -64.2598627, -31.5904784 ] } },
{ "type": "Feature", "properties": { "Name": "792.11", "P.K.": null, "Al.Dist. Izq.": 65, "Al.Dist. Der.": 45, "Ruta": 36 }, "geometry": { "type": "Point", "coordinates": [ -64.2587041, -31.5876634 ] } },
{ "type": "Feature", "properties": { "Name": "792.61", "P.K.": null, "Al.Dist. Izq.": 65, "Al.Dist. Der.": 45, "Ruta": 36 }, "geometry": { "type": "Point", "coordinates": [ -64.2570466, -31.5835051 ] } },
{ "type": "Feature", "properties": { "Name": "792.61", "P.K.": null, "Al.Dist. Izq.": 65, "Al.Dist. Der.": 45, "Ruta": 36 }, "geometry": { "type": "Point", "coordinates": [ -64.2570466, -31.5835051 ] } },
{ "type": "Feature", "properties": { "Name": "792.77", "P.K.": null, "Al.Dist. Izq.": 65, "Al.Dist. Der.": 45, "Ruta": 36 }, "geometry": { "type": "Point", "coordinates": [ -64.256592, -31.5821475 ] } },
{ "type": "Feature", "properties": { "Name": "793.23", "P.K.": null, "Al.Dist. Izq.": 65, "Al.Dist. Der.": 45, "Ruta": 36 }, "geometry": { "type": "Point", "coordinates": [ -64.255374, -31.5782133 ] } },
{ "type": "Feature", "properties": { "Name": "793.23", "P.K.": null, "Al.Dist. Izq.": 65, "Al.Dist. Der.": 45, "Ruta": 36 }, "geometry": { "type": "Point", "coordinates": [ -64.255374, -31.5782133 ] } },
{ "type": "Feature", "properties": { "Name": "793.76", "P.K.": null, "Al.Dist. Izq.": 65, "Al.Dist. Der.": 45, "Ruta": 36 }, "geometry": { "type": "Point", "coordinates": [ -64.2539802, -31.5736775 ] } },
{ "type": "Feature", "properties": { "Name": "793.76", "P.K.": null, "Al.Dist. Izq.": 65, "Al.Dist. Der.": 45, "Ruta": 36 }, "geometry": { "type": "Point", "coordinates": [ -64.2539802, -31.5736775 ] } },
{ "type": "Feature", "properties": { "Name": "794.27", "P.K.": null, "Al.Dist. Izq.": 65, "Al.Dist. Der.": 45, "Ruta": 36 }, "geometry": { "type": "Point", "coordinates": [ -64.2526554, -31.5693078 ] } },
{ "type": "Feature", "properties": { "Name": "794.66", "P.K.": null, "Al.Dist. Izq.": 65, "Al.Dist. Der.": 45, "Ruta": 36 }, "geometry": { "type": "Point", "coordinates": [ -64.2516459, -31.5659652 ] } },
{ "type": "Feature", "properties": { "Name": "794.66", "P.K.": null, "Al.Dist. Izq.": 65, "Al.Dist. Der.": 45, "Ruta": 36 }, "geometry": { "type": "Point", "coordinates": [ -64.2516459, -31.5659652 ] } },
{ "type": "Feature", "properties": { "Name": "794.71", "P.K.": null, "Al.Dist. Izq.": 65, "Al.Dist. Der.": 45, "Ruta": 36 }, "geometry": { "type": "Point", "coordinates": [ -64.2515165, -31.5655367 ] } },
{ "type": "Feature", "properties": { "Name": "794.74", "P.K.": null, "Al.Dist. Izq.": 65, "Al.Dist. Der.": 45, "Ruta": 36 }, "geometry": { "type": "Point", "coordinates": [ -64.2514389, -31.5652795 ] } },
{ "type": "Feature", "properties": { "Name": "794.81", "P.K.": null, "Al.Dist. Izq.": 65, "Al.Dist. Der.": 45, "Ruta": 36 }, "geometry": { "type": "Point", "coordinates": [ -64.2512577, -31.5646796 ] } },
{ "type": "Feature", "properties": { "Name": "795.01", "P.K.": null, "Al.Dist. Izq.": 65, "Al.Dist. Der.": 45, "Ruta": 36 }, "geometry": { "type": "Point", "coordinates": [ -64.2507262, -31.5629697 ] } },
{ "type": "Feature", "properties": { "Name": "795.32", "P.K.": null, "Al.Dist. Izq.": 65, "Al.Dist. Der.": 45, "Ruta": 36 }, "geometry": { "type": "Point", "coordinates": [ -64.2499, -31.5603 ] } },
{ "type": "Feature", "properties": { "Name": "795.88", "P.K.": null, "Al.Dist. Izq.": 65, "Al.Dist. Der.": 45, "Ruta": 36 }, "geometry": { "type": "Point", "coordinates": [ -64.2484395, -31.5555238 ] } },
{ "type": "Feature", "properties": { "Name": "795.88", "P.K.": null, "Al.Dist. Izq.": 65, "Al.Dist. Der.": 45, "Ruta": 36 }, "geometry": { "type": "Point", "coordinates": [ -64.2484395, -31.5555238 ] } },
{ "type": "Feature", "properties": { "Name": "796.77", "P.K.": null, "Al.Dist. Izq.": 65, "Al.Dist. Der.": 45, "Ruta": 36 }, "geometry": { "type": "Point", "coordinates": [ -64.2449858, -31.5483542 ] } },
{ "type": "Feature", "properties": { "Name": "796.96", "P.K.": null, "Al.Dist. Izq.": 65, "Al.Dist. Der.": 45, "Ruta": 36 }, "geometry": { "type": "Point", "coordinates": [ -64.2442175, -31.5468365 ] } },
{ "type": "Feature", "properties": { "Name": "796.96", "P.K.": null, "Al.Dist. Izq.": 65, "Al.Dist. Der.": 45, "Ruta": 36 }, "geometry": { "type": "Point", "coordinates": [ -64.2442175, -31.5468365 ] } },
{ "type": "Feature", "properties": { "Name": "797.06", "P.K.": null, "Al.Dist. Izq.": 65, "Al.Dist. Der.": 45, "Ruta": 36 }, "geometry": { "type": "Point", "coordinates": [ -64.2438146, -31.546037 ] } },
{ "type": "Feature", "properties": { "Name": "797.06", "P.K.": null, "Al.Dist. Izq.": 65, "Al.Dist. Der.": 45, "Ruta": 36 }, "geometry": { "type": "Point", "coordinates": [ -64.2438146, -31.546037 ] } },
{ "type": "Feature", "properties": { "Name": "797.39", "P.K.": null, "Al.Dist. Izq.": 65, "Al.Dist. Der.": 45, "Ruta": 36 }, "geometry": { "type": "Point", "coordinates": [ -64.2425, -31.5434 ] } },
{ "type": "Feature", "properties": { "Name": "797.58", "P.K.": null, "Al.Dist. Izq.": 65, "Al.Dist. Der.": 45, "Ruta": 36 }, "geometry": { "type": "Point", "coordinates": [ -64.2417226, -31.5418787 ] } },
{ "type": "Feature", "properties": { "Name": "797.72", "P.K.": null, "Al.Dist. Izq.": 65, "Al.Dist. Der.": 45, "Ruta": 36 }, "geometry": { "type": "Point", "coordinates": [ -64.2411519, -31.5407627 ] } },
{ "type": "Feature", "properties": { "Name": "797.72", "P.K.": null, "Al.Dist. Izq.": 65, "Al.Dist. Der.": 45, "Ruta": 36 }, "geometry": { "type": "Point", "coordinates": [ -64.2411519, -31.5407627 ] } },
{ "type": "Feature", "properties": { "Name": "798.12", "P.K.": null, "Al.Dist. Izq.": 65, "Al.Dist. Der.": 45, "Ruta": 36 }, "geometry": { "type": "Point", "coordinates": [ -64.2395341, -31.5375677 ] } },
{ "type": "Feature", "properties": { "Name": "798.43", "P.K.": null, "Al.Dist. Izq.": 65, "Al.Dist. Der.": 45, "Ruta": 36 }, "geometry": { "type": "Point", "coordinates": [ -64.2382799, -31.5350918 ] } },
{ "type": "Feature", "properties": { "Name": "798.43", "P.K.": null, "Al.Dist. Izq.": 65, "Al.Dist. Der.": 45, "Ruta": 36 }, "geometry": { "type": "Point", "coordinates": [ -64.2382799, -31.5350918 ] } },
{ "type": "Feature", "properties": { "Name": "798.69", "P.K.": null, "Al.Dist. Izq.": 65, "Al.Dist. Der.": 45, "Ruta": 36 }, "geometry": { "type": "Point", "coordinates": [ -64.2372268, -31.5330158 ] } },
{ "type": "Feature", "properties": { "Name": "798.69", "P.K.": null, "Al.Dist. Izq.": 65, "Al.Dist. Der.": 45, "Ruta": 36 }, "geometry": { "type": "Point", "coordinates": [ -64.2372268, -31.5330158 ] } },
{ "type": "Feature", "properties": { "Name": "798.99", "P.K.": null, "Al.Dist. Izq.": 65, "Al.Dist. Der.": 45, "Ruta": 36 }, "geometry": { "type": "Point", "coordinates": [ -64.236, -31.5306 ] } },
{ "type": "Feature", "properties": { "Name": "799.12", "P.K.": null, "Al.Dist. Izq.": 65, "Al.Dist. Der.": 45, "Ruta": 36 }, "geometry": { "type": "Point", "coordinates": [ -64.2354898, -31.5295802 ] } },
{ "type": "Feature", "properties": { "Name": "799.39", "P.K.": null, "Al.Dist. Izq.": 65, "Al.Dist. Der.": 45, "Ruta": 36 }, "geometry": { "type": "Point", "coordinates": [ -64.2343767, -31.5274345 ] } },
{ "type": "Feature", "properties": { "Name": "799.57", "P.K.": null, "Al.Dist. Izq.": 65, "Al.Dist. Der.": 45, "Ruta": 36 }, "geometry": { "type": "Point", "coordinates": [ -64.2335, -31.5261 ] } },
{ "type": "Feature", "properties": { "Name": "799.98", "P.K.": null, "Al.Dist. Izq.": 65, "Al.Dist. Der.": 45, "Ruta": 36 }, "geometry": { "type": "Point", "coordinates": [ -64.2313693, -31.5230963 ] } },
{ "type": "Feature", "properties": { "Name": "799.98", "P.K.": null, "Al.Dist. Izq.": 65, "Al.Dist. Der.": 45, "Ruta": 36 }, "geometry": { "type": "Point", "coordinates": [ -64.2313693, -31.5230963 ] } },
{ "type": "Feature", "properties": { "Name": "800.19", "P.K.": null, "Al.Dist. Izq.": 65, "Al.Dist. Der.": 45, "Ruta": 36 }, "geometry": { "type": "Point", "coordinates": [ -64.2302452, -31.5215902 ] } },
{ "type": "Feature", "properties": { "Name": "800.19", "P.K.": null, "Al.Dist. Izq.": 65, "Al.Dist. Der.": 45, "Ruta": 36 }, "geometry": { "type": "Point", "coordinates": [ -64.2302452, -31.5215902 ] } },
{ "type": "Feature", "properties": { "Name": "800.42", "P.K.": null, "Al.Dist. Izq.": 65, "Al.Dist. Der.": 45, "Ruta": 36 }, "geometry": { "type": "Point", "coordinates": [ -64.2289633, -31.5199786 ] } },
{ "type": "Feature", "properties": { "Name": "800.45", "P.K.": null, "Al.Dist. Izq.": 65, "Al.Dist. Der.": 45, "Ruta": 36 }, "geometry": { "type": "Point", "coordinates": [ -64.2287998, -31.5197657 ] } },
{ "type": "Feature", "properties": { "Name": "800.45", "P.K.": null, "Al.Dist. Izq.": 30, "Al.Dist. Der.": 30, "Ruta": 36 }, "geometry": { "type": "Point", "coordinates": [ -64.2287998, -31.5197657 ] } },
{ "type": "Feature", "properties": { "Name": "800.67", "P.K.": null, "Al.Dist. Izq.": 30, "Al.Dist. Der.": 30, "Ruta": 36 }, "geometry": { "type": "Point", "coordinates": [ -64.2276996, -31.5181319 ] } },
{ "type": "Feature", "properties": { "Name": "800.69", "P.K.": null, "Al.Dist. Izq.": 30, "Al.Dist. Der.": 30, "Ruta": 36 }, "geometry": { "type": "Point", "coordinates": [ -64.2275996, -31.5179834 ] } },
{ "type": "Feature", "properties": { "Name": "800.69", "P.K.": null, "Al.Dist. Izq.": 30, "Al.Dist. Der.": 30, "Ruta": 36 }, "geometry": { "type": "Point", "coordinates": [ -64.2275996, -31.5179834 ] } },
{ "type": "Feature", "properties": { "Name": "800.88", "P.K.": null, "Al.Dist. Izq.": 30, "Al.Dist. Der.": 30, "Ruta": 36 }, "geometry": { "type": "Point", "coordinates": [ -64.2264325, -31.5167545 ] } },
{ "type": "Feature", "properties": { "Name": "800.88", "P.K.": null, "Al.Dist. Izq.": 30, "Al.Dist. Der.": 30, "Ruta": 36 }, "geometry": { "type": "Point", "coordinates": [ -64.2264325, -31.5167545 ] } },
{ "type": "Feature", "properties": { "Name": "800.95", "P.K.": null, "Al.Dist. Izq.": 30, "Al.Dist. Der.": 30, "Ruta": 36 }, "geometry": { "type": "Point", "coordinates": [ -64.2259916, -31.5163112 ] } },
{ "type": "Feature", "properties": { "Name": "800.95", "P.K.": null, "Al.Dist. Izq.": 30, "Al.Dist. Der.": 30, "Ruta": 36 }, "geometry": { "type": "Point", "coordinates": [ -64.2259916, -31.5163112 ] } },
{ "type": "Feature", "properties": { "Name": "801", "P.K.": "PK801", "Al.Dist. Izq.": 30, "Al.Dist. Der.": 30, "Ruta": 36 }, "geometry": { "type": "Point", "coordinates": [ -64.2257318, -31.5159467 ] } },
{ "type": "Feature", "properties": { "Name": "801.16", "P.K.": null, "Al.Dist. Izq.": 30, "Al.Dist. Der.": 30, "Ruta": 36 }, "geometry": { "type": "Point", "coordinates": [ -64.2251563, -31.5146386 ] } },
{ "type": "Feature", "properties": { "Name": "801.35", "P.K.": null, "Al.Dist. Izq.": 30, "Al.Dist. Der.": 30, "Ruta": 36 }, "geometry": { "type": "Point", "coordinates": [ -64.2242123, -31.5131233 ] } },
{ "type": "Feature", "properties": { "Name": "801.35", "P.K.": null, "Al.Dist. Izq.": 30, "Al.Dist. Der.": 30, "Ruta": 36 }, "geometry": { "type": "Point", "coordinates": [ -64.2242123, -31.5131233 ] } },
{ "type": "Feature", "properties": { "Name": "801.49", "P.K.": null, "Al.Dist. Izq.": 30, "Al.Dist. Der.": 30, "Ruta": 36 }, "geometry": { "type": "Point", "coordinates": [ -64.2237, -31.512 ] } },
{ "type": "Feature", "properties": { "Name": "801.71", "P.K.": null, "Al.Dist. Izq.": 30, "Al.Dist. Der.": 30, "Ruta": 36 }, "geometry": { "type": "Point", "coordinates": [ -64.2230062, -31.5102347 ] } },
{ "type": "Feature", "properties": { "Name": "801.81", "P.K.": null, "Al.Dist. Izq.": 30, "Al.Dist. Der.": 30, "Ruta": 36 }, "geometry": { "type": "Point", "coordinates": [ -64.2226883, -31.5093977 ] } },
{ "type": "Feature", "properties": { "Name": "801.81", "P.K.": null, "Al.Dist. Izq.": 30, "Al.Dist. Der.": 30, "Ruta": 36 }, "geometry": { "type": "Point", "coordinates": [ -64.2226883, -31.5093977 ] } },
{ "type": "Feature", "properties": { "Name": "802.06", "P.K.": null, "Al.Dist. Izq.": 30, "Al.Dist. Der.": 30, "Ruta": 36 }, "geometry": { "type": "Point", "coordinates": [ -64.221746, -31.5073751 ] } },
{ "type": "Feature", "properties": { "Name": "802.19", "P.K.": null, "Al.Dist. Izq.": 30, "Al.Dist. Der.": 30, "Ruta": 36 }, "geometry": { "type": "Point", "coordinates": [ -64.2210192, -31.5064688 ] } },
{ "type": "Feature", "properties": { "Name": "802.2", "P.K.": null, "Al.Dist. Izq.": 30, "Al.Dist. Der.": 30, "Ruta": 36 }, "geometry": { "type": "Point", "coordinates": [ -64.2209542, -31.5064073 ] } },
{ "type": "Feature", "properties": { "Name": "802.31", "P.K.": null, "Al.Dist. Izq.": 30, "Al.Dist. Der.": 30, "Ruta": 36 }, "geometry": { "type": "Point", "coordinates": [ -64.2202385, -31.5057308 ] } },
{ "type": "Feature", "properties": { "Name": "802.87", "P.K.": null, "Al.Dist. Izq.": 30, "Al.Dist. Der.": 30, "Ruta": 36 }, "geometry": { "type": "Point", "coordinates": [ -64.2165918, -31.50229 ] } },
{ "type": "Feature", "properties": { "Name": "802.87", "P.K.": null, "Al.Dist. Izq.": 30, "Al.Dist. Der.": 30, "Ruta": 36 }, "geometry": { "type": "Point", "coordinates": [ -64.2165918, -31.50229 ] } },
{ "type": "Feature", "properties": { "Name": "803.18", "P.K.": null, "Al.Dist. Izq.": 30, "Al.Dist. Der.": 30, "Ruta": 36 }, "geometry": { "type": "Point", "coordinates": [ -64.2145705, -31.5003881 ] } },
{ "type": "Feature", "properties": { "Name": "803.46", "P.K.": null, "Al.Dist. Izq.": 30, "Al.Dist. Der.": 30, "Ruta": 36 }, "geometry": { "type": "Point", "coordinates": [ -64.2132326, -31.4982954 ] } },
{ "type": "Feature", "properties": { "Name": "803.46", "P.K.": null, "Al.Dist. Izq.": 30, "Al.Dist. Der.": 30, "Ruta": 36 }, "geometry": { "type": "Point", "coordinates": [ -64.2132326, -31.4982954 ] } },
{ "type": "Feature", "properties": { "Name": "803.54", "P.K.": null, "Al.Dist. Izq.": 30, "Al.Dist. Der.": 30, "Ruta": 36 }, "geometry": { "type": "Point", "coordinates": [ -64.212886, -31.4976696 ] } },
{ "type": "Feature", "properties": { "Name": "803.64", "P.K.": null, "Al.Dist. Izq.": 30, "Al.Dist. Der.": 30, "Ruta": 36 }, "geometry": { "type": "Point", "coordinates": [ -64.2123791, -31.4969324 ] } },
{ "type": "Feature", "properties": { "Name": "803.66", "P.K.": null, "Al.Dist. Izq.": 30, "Al.Dist. Der.": 30, "Ruta": 36 }, "geometry": { "type": "Point", "coordinates": [ -64.2122744, -31.4967871 ] } },
{ "type": "Feature", "properties": { "Name": "803.67", "P.K.": null, "Al.Dist. Izq.": 30, "Al.Dist. Der.": 30, "Ruta": 36 }, "geometry": { "type": "Point", "coordinates": [ -64.2122, -31.4967 ] } },
{ "type": "Feature", "properties": { "Name": "803.86", "P.K.": null, "Al.Dist. Izq.": 30, "Al.Dist. Der.": 30, "Ruta": 36 }, "geometry": { "type": "Point", "coordinates": [ -64.2112, -31.4953 ] } },
{ "type": "Feature", "properties": { "Name": "804", "P.K.": "PK804", "Al.Dist. Izq.": 30, "Al.Dist. Der.": 30, "Ruta": 36 }, "geometry": { "type": "Point", "coordinates": [ -64.2104752, -31.4943318 ] } },
{ "type": "Feature", "properties": { "Name": "804", "P.K.": null, "Al.Dist. Izq.": null, "Al.Dist. Der.": null, "Ruta": 36 }, "geometry": { "type": "Point", "coordinates": [ -64.2104752, -31.4943318 ] } },
{ "type": "Feature", "properties": { "Name": "804.1", "P.K.": null, "Al.Dist. Izq.": null, "Al.Dist. Der.": null, "Ruta": 36 }, "geometry": { "type": "Point", "coordinates": [ -64.2099918, -31.4936872 ] } },
{ "type": "Feature", "properties": { "Name": "804.14", "P.K.": null, "Al.Dist. Izq.": null, "Al.Dist. Der.": null, "Ruta": 36 }, "geometry": { "type": "Point", "coordinates": [ -64.2097769, -31.4934007 ] } },
{ "type": "Feature", "properties": { "Name": "804.15", "P.K.": null, "Al.Dist. Izq.": null, "Al.Dist. Der.": null, "Ruta": 36 }, "geometry": { "type": "Point", "coordinates": [ -64.2097232, -31.493329 ] } },
{ "type": "Feature", "properties": { "Name": "804.15", "P.K.": null, "Al.Dist. Izq.": null, "Al.Dist. Der.": null, "Ruta": 36 }, "geometry": { "type": "Point", "coordinates": [ -64.2097232, -31.493329 ] } },
{ "type": "Feature", "properties": { "Name": "804.49", "P.K.": null, "Al.Dist. Izq.": null, "Al.Dist. Der.": null, "Ruta": 36 }, "geometry": { "type": "Point", "coordinates": [ -64.2080727, -31.4910977 ] } },
{ "type": "Feature", "properties": { "Name": "804.65", "P.K.": null, "Al.Dist. Izq.": null, "Al.Dist. Der.": null, "Ruta": 36 }, "geometry": { "type": "Point", "coordinates": [ -64.2072807, -31.4900131 ] } },
{ "type": "Feature", "properties": { "Name": "804.68", "P.K.": null, "Al.Dist. Izq.": null, "Al.Dist. Der.": null, "Ruta": 36 }, "geometry": { "type": "Point", "coordinates": [ -64.2071223, -31.4897962 ] } },
{ "type": "Feature", "properties": { "Name": "804.74", "P.K.": null, "Al.Dist. Izq.": null, "Al.Dist. Der.": null, "Ruta": 36 }, "geometry": { "type": "Point", "coordinates": [ -64.2068583, -31.4894347 ] } },
{ "type": "Feature", "properties": { "Name": "804.77", "P.K.": null, "Al.Dist. Izq.": null, "Al.Dist. Der.": null, "Ruta": 36 }, "geometry": { "type": "Point", "coordinates": [ -64.2067, -31.4892177 ] } },
{ "type": "Feature", "properties": { "Name": "804.88", "P.K.": null, "Al.Dist. Izq.": null, "Al.Dist. Der.": null, "Ruta": 36 }, "geometry": { "type": "Point", "coordinates": [ -64.2062, -31.4885 ] } },
{ "type": "Feature", "properties": { "Name": "804.89", "P.K.": null, "Al.Dist. Izq.": null, "Al.Dist. Der.": null, "Ruta": 36 }, "geometry": { "type": "Point", "coordinates": [ -64.2061294, -31.4884151 ] } },
{ "type": "Feature", "properties": { "Name": "804.91", "P.K.": null, "Al.Dist. Izq.": null, "Al.Dist. Der.": null, "Ruta": 36 }, "geometry": { "type": "Point", "coordinates": [ -64.206, -31.4883 ] } },
{ "type": "Feature", "properties": { "Name": "804.99", "P.K.": null, "Al.Dist. Izq.": null, "Al.Dist. Der.": null, "Ruta": 36 }, "geometry": { "type": "Point", "coordinates": [ -64.2057, -31.4877 ] } },
{ "type": "Feature", "properties": { "Name": "805.05", "P.K.": null, "Al.Dist. Izq.": null, "Al.Dist. Der.": null, "Ruta": 36 }, "geometry": { "type": "Point", "coordinates": [ -64.2051, -31.4866 ] } },
{ "type": "Feature", "properties": { "Name": "805.18", "P.K.": null, "Al.Dist. Izq.": null, "Al.Dist. Der.": null, "Ruta": 36 }, "geometry": { "type": "Point", "coordinates": [ -64.2046772, -31.485649 ] } },
{ "type": "Feature", "properties": { "Name": "805.33", "P.K.": null, "Al.Dist. Izq.": null, "Al.Dist. Der.": null, "Ruta": 36 }, "geometry": { "type": "Point", "coordinates": [ -64.2042, -31.4846 ] } },
{ "type": "Feature", "properties": { "Name": "805.36", "P.K.": null, "Al.Dist. Izq.": null, "Al.Dist. Der.": null, "Ruta": 36 }, "geometry": { "type": "Point", "coordinates": [ -64.2041496, -31.4843172 ] } },
{ "type": "Feature", "properties": { "Name": "805.43", "P.K.": null, "Al.Dist. Izq.": null, "Al.Dist. Der.": null, "Ruta": 36 }, "geometry": { "type": "Point", "coordinates": [ -64.2039, -31.4837 ] } },
{ "type": "Feature", "properties": { "Name": "805.46", "P.K.": null, "Al.Dist. Izq.": null, "Al.Dist. Der.": null, "Ruta": 36 }, "geometry": { "type": "Point", "coordinates": [ -64.2038575, -31.4835662 ] } },
{ "type": "Feature", "properties": { "Name": "805.49", "P.K.": null, "Al.Dist. Izq.": null, "Al.Dist. Der.": null, "Ruta": 36 }, "geometry": { "type": "Point", "coordinates": [ -64.2038, -31.4833 ] } },
{ "type": "Feature", "properties": { "Name": "805.57", "P.K.": null, "Al.Dist. Izq.": null, "Al.Dist. Der.": null, "Ruta": 36 }, "geometry": { "type": "Point", "coordinates": [ -64.2035439, -31.4827276 ] } },
{ "type": "Feature", "properties": { "Name": "805.63", "P.K.": null, "Al.Dist. Izq.": null, "Al.Dist. Der.": null, "Ruta": 36 }, "geometry": { "type": "Point", "coordinates": [ -64.2033557, -31.4822245 ] } },
{ "type": "Feature", "properties": { "Name": "805.72", "P.K.": null, "Al.Dist. Izq.": null, "Al.Dist. Der.": null, "Ruta": 36 }, "geometry": { "type": "Point", "coordinates": [ -64.2031566, -31.4815367 ] } },
{ "type": "Feature", "properties": { "Name": "805.83", "P.K.": null, "Al.Dist. Izq.": null, "Al.Dist. Der.": null, "Ruta": 36 }, "geometry": { "type": "Point", "coordinates": [ -64.2029161, -31.4806743 ] } },
{ "type": "Feature", "properties": { "Name": "805.95", "P.K.": null, "Al.Dist. Izq.": null, "Al.Dist. Der.": null, "Ruta": 36 }, "geometry": { "type": "Point", "coordinates": [ -64.2027, -31.4797 ] } },
{ "type": "Feature", "properties": { "Name": "806", "P.K.": "PK806", "Al.Dist. Izq.": null, "Al.Dist. Der.": null, "Ruta": 36 }, "geometry": { "type": "Point", "coordinates": [ -64.2026707, -31.4785494 ] } },
{ "type": "Feature", "properties": { "Name": "806.28", "P.K.": null, "Al.Dist. Izq.": null, "Al.Dist. Der.": null, "Ruta": 36 }, "geometry": { "type": "Point", "coordinates": [ -64.2025688, -31.4764927 ] } },
{ "type": "Feature", "properties": { "Name": "806.5", "P.K.": null, "Al.Dist. Izq.": null, "Al.Dist. Der.": null, "Ruta": 36 }, "geometry": { "type": "Point", "coordinates": [ -64.2025031, -31.474883 ] } },
{ "type": "Feature", "properties": { "Name": "806.66", "P.K.": null, "Al.Dist. Izq.": null, "Al.Dist. Der.": null, "Ruta": 36 }, "geometry": { "type": "Point", "coordinates": [ -64.2028894, -31.4738117 ] } },
{ "type": "Feature", "properties": { "Name": "806.83", "P.K.": null, "Al.Dist. Izq.": null, "Al.Dist. Der.": null, "Ruta": 36 }, "geometry": { "type": "Point", "coordinates": [ -64.2037743, -31.4729244 ] } },
{ "type": "Feature", "properties": { "Name": "806.84", "P.K.": null, "Al.Dist. Izq.": null, "Al.Dist. Der.": null, "Ruta": 36 }, "geometry": { "type": "Point", "coordinates": [ -64.2038, -31.4729 ] } },
{ "type": "Feature", "properties": { "Name": "806.84", "P.K.": null, "Al.Dist. Izq.": null, "Al.Dist. Der.": null, "Ruta": 36 }, "geometry": { "type": "Point", "coordinates": [ -64.2038, -31.4729 ] } },
{ "type": "Feature", "properties": { "Name": "807", "P.K.": "PK807", "Al.Dist. Izq.": null, "Al.Dist. Der.": null, "Ruta": 36 }, "geometry": { "type": "Point", "coordinates": [ -64.2041323, -31.470359 ] } },
{ "type": "Feature", "properties": { "Name": "807.02", "P.K.": null, "Al.Dist. Izq.": null, "Al.Dist. Der.": null, "Ruta": 36 }, "geometry": { "type": "Point", "coordinates": [ -64.2040803, -31.4701876 ] } },
{ "type": "Feature", "properties": { "Name": "807.08", "P.K.": null, "Al.Dist. Izq.": null, "Al.Dist. Der.": null, "Ruta": 36 }, "geometry": { "type": "Point", "coordinates": [ -64.2039366, -31.4696701 ] } },
{ "type": "Feature", "properties": { "Name": "807.11", "P.K.": null, "Al.Dist. Izq.": null, "Al.Dist. Der.": null, "Ruta": 36 }, "geometry": { "type": "Point", "coordinates": [ -64.2039, -31.4694 ] } },
{ "type": "Feature", "properties": { "Name": "807.14", "P.K.": null, "Al.Dist. Izq.": null, "Al.Dist. Der.": null, "Ruta": 36 }, "geometry": { "type": "Point", "coordinates": [ -64.2037942, -31.4691521 ] } },
{ "type": "Feature", "properties": { "Name": "807.14", "P.K.": null, "Al.Dist. Izq.": null, "Al.Dist. Der.": null, "Ruta": 36 }, "geometry": { "type": "Point", "coordinates": [ -64.2037942, -31.4691521 ] } },
{ "type": "Feature", "properties": { "Name": "807.16", "P.K.": null, "Al.Dist. Izq.": null, "Al.Dist. Der.": null, "Ruta": 36 }, "geometry": { "type": "Point", "coordinates": [ -64.2037, -31.469 ] } },
{ "type": "Feature", "properties": { "Name": "807.19", "P.K.": null, "Al.Dist. Izq.": null, "Al.Dist. Der.": null, "Ruta": 36 }, "geometry": { "type": "Point", "coordinates": [ -64.2036756, -31.4687204 ] } },
{ "type": "Feature", "properties": { "Name": "807.47", "P.K.": null, "Al.Dist. Izq.": null, "Al.Dist. Der.": null, "Ruta": 36 }, "geometry": { "type": "Point", "coordinates": [ -64.203, -31.4663 ] } },
{ "type": "Feature", "properties": { "Name": "807.47", "P.K.": null, "Al.Dist. Izq.": null, "Al.Dist. Der.": null, "Ruta": 36 }, "geometry": { "type": "Point", "coordinates": [ -64.2030138, -31.4663025 ] } },
{ "type": "Feature", "properties": { "Name": "807.54", "P.K.": null, "Al.Dist. Izq.": null, "Al.Dist. Der.": null, "Ruta": 36 }, "geometry": { "type": "Point", "coordinates": [ -64.2028, -31.4657 ] } },
{ "type": "Feature", "properties": { "Name": "807.58", "P.K.": null, "Al.Dist. Izq.": null, "Al.Dist. Der.": null, "Ruta": 36 }, "geometry": { "type": "Point", "coordinates": [ -64.2027548, -31.4653523 ] } },
{ "type": "Feature", "properties": { "Name": "807.78", "P.K.": null, "Al.Dist. Izq.": null, "Al.Dist. Der.": null, "Ruta": 36 }, "geometry": { "type": "Point", "coordinates": [ -64.2023, -31.4636 ] } },
{ "type": "Feature", "properties": { "Name": "807.84", "P.K.": null, "Al.Dist. Izq.": null, "Al.Dist. Der.": null, "Ruta": 36 }, "geometry": { "type": "Point", "coordinates": [ -64.2022, -31.4631 ] } },
{ "type": "Feature", "properties": { "Name": "807.84", "P.K.": null, "Al.Dist. Izq.": null, "Al.Dist. Der.": null, "Ruta": 36 }, "geometry": { "type": "Point", "coordinates": [ -64.2022, -31.4631 ] } },
{ "type": "Feature", "properties": { "Name": "807.9", "P.K.": null, "Al.Dist. Izq.": null, "Al.Dist. Der.": null, "Ruta": 36 }, "geometry": { "type": "Point", "coordinates": [ -64.2020197, -31.4625832 ] } },
{ "type": "Feature", "properties": { "Name": "807.94", "P.K.": null, "Al.Dist. Izq.": null, "Al.Dist. Der.": null, "Ruta": 36 }, "geometry": { "type": "Point", "coordinates": [ -64.2019267, -31.4622374 ] } },
{ "type": "Feature", "properties": { "Name": "807.98", "P.K.": null, "Al.Dist. Izq.": null, "Al.Dist. Der.": null, "Ruta": 36 }, "geometry": { "type": "Point", "coordinates": [ -64.2018327, -31.4618919 ] } },
{ "type": "Feature", "properties": { "Name": "808.24", "P.K.": null, "Al.Dist. Izq.": null, "Al.Dist. Der.": null, "Ruta": 36 }, "geometry": { "type": "Point", "coordinates": [ -64.2012, -31.4596 ] } },
{ "type": "Feature", "properties": { "Name": "808.3", "P.K.": null, "Al.Dist. Izq.": null, "Al.Dist. Der.": null, "Ruta": 36 }, "geometry": { "type": "Point", "coordinates": [ -64.2011, -31.4591 ] } },
{ "type": "Feature", "properties": { "Name": "808.46", "P.K.": null, "Al.Dist. Izq.": null, "Al.Dist. Der.": null, "Ruta": 36 }, "geometry": { "type": "Point", "coordinates": [ -64.2007344, -31.4577374 ] } },
{ "type": "Feature", "properties": { "Name": "808.5", "P.K.": null, "Al.Dist. Izq.": null, "Al.Dist. Der.": null, "Ruta": 36 }, "geometry": { "type": "Point", "coordinates": [ -64.2007, -31.4574 ] } },
{ "type": "Feature", "properties": { "Name": "808.54", "P.K.": null, "Al.Dist. Izq.": null, "Al.Dist. Der.": null, "Ruta": 36 }, "geometry": { "type": "Point", "coordinates": [ -64.2006078, -31.4570359 ] } },
{ "type": "Feature", "properties": { "Name": "808.6", "P.K.": null, "Al.Dist. Izq.": null, "Al.Dist. Der.": null, "Ruta": 36 }, "geometry": { "type": "Point", "coordinates": [ -64.2007, -31.4565 ] } },
{ "type": "Feature", "properties": { "Name": "808.67", "P.K.": null, "Al.Dist. Izq.": null, "Al.Dist. Der.": null, "Ruta": 36 }, "geometry": { "type": "Point", "coordinates": [ -64.200938, -31.4559227 ] } },
{ "type": "Feature", "properties": { "Name": "808.72", "P.K.": null, "Al.Dist. Izq.": null, "Al.Dist. Der.": null, "Ruta": 36 }, "geometry": { "type": "Point", "coordinates": [ -64.2011, -31.4555 ] } },
{ "type": "Feature", "properties": { "Name": "808.76", "P.K.": null, "Al.Dist. Izq.": null, "Al.Dist. Der.": null, "Ruta": 36 }, "geometry": { "type": "Point", "coordinates": [ -64.2011605, -31.4551562 ] } },
{ "type": "Feature", "properties": { "Name": "808.81", "P.K.": null, "Al.Dist. Izq.": null, "Al.Dist. Der.": null, "Ruta": 36 }, "geometry": { "type": "Point", "coordinates": [ -64.2011, -31.4547 ] } },
{ "type": "Feature", "properties": { "Name": "808.87", "P.K.": null, "Al.Dist. Izq.": null, "Al.Dist. Der.": null, "Ruta": 36 }, "geometry": { "type": "Point", "coordinates": [ -64.201, -31.4542 ] } },
{ "type": "Feature", "properties": { "Name": "808.96", "P.K.": null, "Al.Dist. Izq.": null, "Al.Dist. Der.": null, "Ruta": 36 }, "geometry": { "type": "Point", "coordinates": [ -64.2008, -31.4534 ] } },
{ "type": "Feature", "properties": { "Name": "809.06", "P.K.": null, "Al.Dist. Izq.": null, "Al.Dist. Der.": null, "Ruta": 36 }, "geometry": { "type": "Point", "coordinates": [ -64.2006, -31.4525 ] } },
{ "type": "Feature", "properties": { "Name": "809.15", "P.K.": null, "Al.Dist. Izq.": null, "Al.Dist. Der.": null, "Ruta": 36 }, "geometry": { "type": "Point", "coordinates": [ -64.2004, -31.4517 ] } },
{ "type": "Feature", "properties": { "Name": "809.26", "P.K.": null, "Al.Dist. Izq.": null, "Al.Dist. Der.": null, "Ruta": 36 }, "geometry": { "type": "Point", "coordinates": [ -64.2001, -31.4508 ] } },
{ "type": "Feature", "properties": { "Name": "809.39", "P.K.": null, "Al.Dist. Izq.": null, "Al.Dist. Der.": null, "Ruta": 36 }, "geometry": { "type": "Point", "coordinates": [ -64.1997, -31.4498 ] } },
{ "type": "Feature", "properties": { "Name": "809.44", "P.K.": null, "Al.Dist. Izq.": null, "Al.Dist. Der.": null, "Ruta": 36 }, "geometry": { "type": "Point", "coordinates": [ -64.1996, -31.4494 ] } },
{ "type": "Feature", "properties": { "Name": "809.51", "P.K.": null, "Al.Dist. Izq.": null, "Al.Dist. Der.": null, "Ruta": 36 }, "geometry": { "type": "Point", "coordinates": [ -64.1994, -31.4488 ] } },
{ "type": "Feature", "properties": { "Name": "809.62", "P.K.": null, "Al.Dist. Izq.": null, "Al.Dist. Der.": null, "Ruta": 36 }, "geometry": { "type": "Point", "coordinates": [ -64.1991, -31.4479 ] } },
{ "type": "Feature", "properties": { "Name": "809.74", "P.K.": null, "Al.Dist. Izq.": null, "Al.Dist. Der.": null, "Ruta": 36 }, "geometry": { "type": "Point", "coordinates": [ -64.1988, -31.4469 ] } },
{ "type": "Feature", "properties": { "Name": "809.87", "P.K.": null, "Al.Dist. Izq.": null, "Al.Dist. Der.": null, "Ruta": 36 }, "geometry": { "type": "Point", "coordinates": [ -64.1984, -31.4459 ] } },
{ "type": "Feature", "properties": { "Name": "809.87", "P.K.": null, "Al.Dist. Izq.": null, "Al.Dist. Der.": null, "Ruta": 36 }, "geometry": { "type": "Point", "coordinates": [ -64.1984, -31.4459 ] } },
{ "type": "Feature", "properties": { "Name": "809.99", "P.K.": null, "Al.Dist. Izq.": null, "Al.Dist. Der.": null, "Ruta": 36 }, "geometry": { "type": "Point", "coordinates": [ -64.1981, -31.4449 ] } },
{ "type": "Feature", "properties": { "Name": "810.01", "P.K.": null, "Al.Dist. Izq.": null, "Al.Dist. Der.": null, "Ruta": 36 }, "geometry": { "type": "Point", "coordinates": [ -64.1980277, -31.4447345 ] } },
{ "type": "Feature", "properties": { "Name": "810.02", "P.K.": null, "Al.Dist. Izq.": null, "Al.Dist. Der.": null, "Ruta": 36 }, "geometry": { "type": "Point", "coordinates": [ -64.198, -31.4447 ] } },
{ "type": "Feature", "properties": { "Name": "810.02", "P.K.": null, "Al.Dist. Izq.": null, "Al.Dist. Der.": null, "Ruta": 36 }, "geometry": { "type": "Point", "coordinates": [ -64.198, -31.4447 ] } },
{ "type": "Feature", "properties": { "Name": "810.14", "P.K.": null, "Al.Dist. Izq.": null, "Al.Dist. Der.": null, "Ruta": 36 }, "geometry": { "type": "Point", "coordinates": [ -64.1977, -31.4437 ] } },
{ "type": "Feature", "properties": { "Name": "810.41", "P.K.": null, "Al.Dist. Izq.": null, "Al.Dist. Der.": null, "Ruta": 36 }, "geometry": { "type": "Point", "coordinates": [ -64.197, -31.4415 ] } },
{ "type": "Feature", "properties": { "Name": "810.66", "P.K.": null, "Al.Dist. Izq.": null, "Al.Dist. Der.": null, "Ruta": 36 }, "geometry": { "type": "Point", "coordinates": [ -64.1963, -31.4394 ] } },
{ "type": "Feature", "properties": { "Name": "811.26", "P.K.": null, "Al.Dist. Izq.": null, "Al.Dist. Der.": null, "Ruta": 36 }, "geometry": { "type": "Point", "coordinates": [ -64.1947, -31.4346 ] } },
{ "type": "Feature", "properties": { "Name": "811.41", "P.K.": null, "Al.Dist. Izq.": null, "Al.Dist. Der.": null, "Ruta": 36 }, "geometry": { "type": "Point", "coordinates": [ -64.1939, -31.4336 ] } },
{ "type": "Feature", "properties": { "Name": "811.45", "P.K.": null, "Al.Dist. Izq.": null, "Al.Dist. Der.": null, "Ruta": 36 }, "geometry": { "type": "Point", "coordinates": [ -64.1937, -31.4333 ] } },
{ "type": "Feature", "properties": { "Name": "811.55", "P.K.": null, "Al.Dist. Izq.": null, "Al.Dist. Der.": null, "Ruta": 36 }, "geometry": { "type": "Point", "coordinates": [ -64.1938, -31.4326 ] } },
{ "type": "Feature", "properties": { "Name": "811.64", "P.K.": null, "Al.Dist. Izq.": null, "Al.Dist. Der.": null, "Ruta": 36 }, "geometry": { "type": "Point", "coordinates": [ -64.1938, -31.432 ] } },
{ "type": "Feature", "properties": { "Name": "811.7", "P.K.": null, "Al.Dist. Izq.": null, "Al.Dist. Der.": null, "Ruta": 36 }, "geometry": { "type": "Point", "coordinates": [ -64.1936, -31.4315 ] } },
{ "type": "Feature", "properties": { "Name": "811.86", "P.K.": null, "Al.Dist. Izq.": null, "Al.Dist. Der.": null, "Ruta": 36 }, "geometry": { "type": "Point", "coordinates": [ -64.1931, -31.4303 ] } },
{ "type": "Feature", "properties": { "Name": "811.89", "P.K.": null, "Al.Dist. Izq.": null, "Al.Dist. Der.": null, "Ruta": 36 }, "geometry": { "type": "Point", "coordinates": [ -64.193, -31.43 ] } },
{ "type": "Feature", "properties": { "Name": "812.06", "P.K.": null, "Al.Dist. Izq.": null, "Al.Dist. Der.": null, "Ruta": 36 }, "geometry": { "type": "Point", "coordinates": [ -64.1924, -31.4287 ] } },
{ "type": "Feature", "properties": { "Name": "812.08", "P.K.": null, "Al.Dist. Izq.": null, "Al.Dist. Der.": null, "Ruta": 36 }, "geometry": { "type": "Point", "coordinates": [ -64.1923, -31.4285 ] } },
{ "type": "Feature", "properties": { "Name": "812.24", "P.K.": null, "Al.Dist. Izq.": null, "Al.Dist. Der.": null, "Ruta": 36 }, "geometry": { "type": "Point", "coordinates": [ -64.1918, -31.4273 ] } },
{ "type": "Feature", "properties": { "Name": "812.54", "P.K.": null, "Al.Dist. Izq.": null, "Al.Dist. Der.": null, "Ruta": 36 }, "geometry": { "type": "Point", "coordinates": [ -64.1908, -31.4249 ] } },
{ "type": "Feature", "properties": { "Name": "812.69", "P.K.": null, "Al.Dist. Izq.": null, "Al.Dist. Der.": null, "Ruta": 36 }, "geometry": { "type": "Point", "coordinates": [ -64.1903, -31.4237 ] } },
{ "type": "Feature", "properties": { "Name": "812.82", "P.K.": null, "Al.Dist. Izq.": null, "Al.Dist. Der.": null, "Ruta": 36 }, "geometry": { "type": "Point", "coordinates": [ -64.1899, -31.4227 ] } },
{ "type": "Feature", "properties": { "Name": "812.96", "P.K.": null, "Al.Dist. Izq.": null, "Al.Dist. Der.": null, "Ruta": 36 }, "geometry": { "type": "Point", "coordinates": [ -64.1894, -31.4216 ] } },
{ "type": "Feature", "properties": { "Name": "813.12", "P.K.": null, "Al.Dist. Izq.": null, "Al.Dist. Der.": null, "Ruta": 36 }, "geometry": { "type": "Point", "coordinates": [ -64.1888, -31.4203 ] } },
{ "type": "Feature", "properties": { "Name": "813.12", "P.K.": null, "Al.Dist. Izq.": null, "Al.Dist. Der.": null, "Ruta": 36 }, "geometry": { "type": "Point", "coordinates": [ -64.1888, -31.4203 ] } }
]
}
