{
"type": "FeatureCollection",
"name": "MOJONES RN 060",
"features": [
{ "type": "Feature", "properties": { "Name": "774.24", "P.K.": null, "Al.Dist. Izq.": 25, "Al.Dist. Der.": 45, "Ruta": 60 }, "geometry": { "type": "Point", "coordinates": [ -64.06787, -30.787485 ] } },
{ "type": "Feature", "properties": { "Name": "775", "P.K.": "PK775", "Al.Dist. Izq.": 25, "Al.Dist. Der.": 45, "Ruta": 60 }, "geometry": { "type": "Point", "coordinates": [ -64.0684519, -30.7871087 ] } },
{ "type": "Feature", "properties": { "Name": "775.05", "P.K.": null, "Al.Dist. Izq.": 25, "Al.Dist. Der.": 45, "Ruta": 60 }, "geometry": { "type": "Point", "coordinates": [ -64.0689833, -30.7869932 ] } },
{ "type": "Feature", "properties": { "Name": "775.08", "P.K.": null, "Al.Dist. Izq.": 25, "Al.Dist. Der.": 45, "Ruta": 60 }, "geometry": { "type": "Point", "coordinates": [ -64.0692646, -30.7868322 ] } },
{ "type": "Feature", "properties": { "Name": "775.09", "P.K.": null, "Al.Dist. Izq.": 25, "Al.Dist. Der.": 45, "Ruta": 60 }, "geometry": { "type": "Point", "coordinates": [ -64.0692622, -30.7867493 ] } },
{ "type": "Feature", "properties": { "Name": "775.19", "P.K.": null, "Al.Dist. Izq.": 25, "Al.Dist. Der.": 45, "Ruta": 60 }, "geometry": { "type": "Point", "coordinates": [ -64.0703076, -30.7867847 ] } },
{ "type": "Feature", "properties": { "Name": "775.24", "P.K.": null, "Al.Dist. Izq.": 25, "Al.Dist. Der.": 45, "Ruta": 60 }, "geometry": { "type": "Point", "coordinates": [ -64.0707582, -30.7866856 ] } },
{ "type": "Feature", "properties": { "Name": "775.25", "P.K.": null, "Al.Dist. Izq.": 25, "Al.Dist. Der.": 45, "Ruta": 60 }, "geometry": { "type": "Point", "coordinates": [ -64.0709346, -30.786683 ] } },
{ "type": "Feature", "properties": { "Name": "775.34", "P.K.": null, "Al.Dist. Izq.": 25, "Al.Dist. Der.": 45, "Ruta": 60 }, "geometry": { "type": "Point", "coordinates": [ -64.0716802, -30.7861329 ] } },
{ "type": "Feature", "properties": { "Name": "775.36", "P.K.": null, "Al.Dist. Izq.": 25, "Al.Dist. Der.": 45, "Ruta": 60 }, "geometry": { "type": "Point", "coordinates": [ -64.0718009, -30.7860476 ] } },
{ "type": "Feature", "properties": { "Name": "775.37", "P.K.": null, "Al.Dist. Izq.": 25, "Al.Dist. Der.": 45, "Ruta": 60 }, "geometry": { "type": "Point", "coordinates": [ -64.0719776, -30.7860767 ] } },
{ "type": "Feature", "properties": { "Name": "775.42", "P.K.": null, "Al.Dist. Izq.": 25, "Al.Dist. Der.": 45, "Ruta": 60 }, "geometry": { "type": "Point", "coordinates": [ -64.0723572, -30.78574 ] } },
{ "type": "Feature", "properties": { "Name": "775.44", "P.K.": null, "Al.Dist. Izq.": 25, "Al.Dist. Der.": 45, "Ruta": 60 }, "geometry": { "type": "Point", "coordinates": [ -64.0725436, -30.7856853 ] } },
{ "type": "Feature", "properties": { "Name": "775.53", "P.K.": null, "Al.Dist. Izq.": 25, "Al.Dist. Der.": 45, "Ruta": 60 }, "geometry": { "type": "Point", "coordinates": [ -64.0730783, -30.7851285 ] } },
{ "type": "Feature", "properties": { "Name": "775.82", "P.K.": null, "Al.Dist. Izq.": 25, "Al.Dist. Der.": 45, "Ruta": 60 }, "geometry": { "type": "Point", "coordinates": [ -64.0752995, -30.7833807 ] } },
{ "type": "Feature", "properties": { "Name": "775.92", "P.K.": null, "Al.Dist. Izq.": 25, "Al.Dist. Der.": 45, "Ruta": 60 }, "geometry": { "type": "Point", "coordinates": [ -64.0759449, -30.7827044 ] } },
{ "type": "Feature", "properties": { "Name": "775.96", "P.K.": null, "Al.Dist. Izq.": 25, "Al.Dist. Der.": 45, "Ruta": 60 }, "geometry": { "type": "Point", "coordinates": [ -64.0762733, -30.7824429 ] } },
{ "type": "Feature", "properties": { "Name": "775.97", "P.K.": null, "Al.Dist. Izq.": 25, "Al.Dist. Der.": 45, "Ruta": 60 }, "geometry": { "type": "Point", "coordinates": [ -64.0763728, -30.7825304 ] } },
{ "type": "Feature", "properties": { "Name": "776", "P.K.": "PK776", "Al.Dist. Izq.": 25, "Al.Dist. Der.": 45, "Ruta": 60 }, "geometry": { "type": "Point", "coordinates": [ -64.0766142, -30.7823227 ] } },
{ "type": "Feature", "properties": { "Name": "776.09", "P.K.": null, "Al.Dist. Izq.": 25, "Al.Dist. Der.": 45, "Ruta": 60 }, "geometry": { "type": "Point", "coordinates": [ -64.0772979, -30.7816705 ] } },
{ "type": "Feature", "properties": { "Name": "776.09", "P.K.": null, "Al.Dist. Izq.": 25, "Al.Dist. Der.": 45, "Ruta": 60 }, "geometry": { "type": "Point", "coordinates": [ -64.0772979, -30.7816705 ] } },
{ "type": "Feature", "properties": { "Name": "776.14", "P.K.": null, "Al.Dist. Izq.": 25, "Al.Dist. Der.": 45, "Ruta": 60 }, "geometry": { "type": "Point", "coordinates": [ -64.0776451, -30.7813702 ] } },
{ "type": "Feature", "properties": { "Name": "776.14", "P.K.": null, "Al.Dist. Izq.": 25, "Al.Dist. Der.": 45, "Ruta": 60 }, "geometry": { "type": "Point", "coordinates": [ -64.0777199, -30.7814845 ] } },
{ "type": "Feature", "properties": { "Name": "776.46", "P.K.": null, "Al.Dist. Izq.": 25, "Al.Dist. Der.": 45, "Ruta": 60 }, "geometry": { "type": "Point", "coordinates": [ -64.0801496, -30.7794884 ] } },
{ "type": "Feature", "properties": { "Name": "776.58", "P.K.": null, "Al.Dist. Izq.": 25, "Al.Dist. Der.": 45, "Ruta": 60 }, "geometry": { "type": "Point", "coordinates": [ -64.0809848, -30.7785945 ] } },
{ "type": "Feature", "properties": { "Name": "776.85", "P.K.": null, "Al.Dist. Izq.": 25, "Al.Dist. Der.": 45, "Ruta": 60 }, "geometry": { "type": "Point", "coordinates": [ -64.0831554, -30.777122 ] } },
{ "type": "Feature", "properties": { "Name": "777.67", "P.K.": null, "Al.Dist. Izq.": 25, "Al.Dist. Der.": 45, "Ruta": 60 }, "geometry": { "type": "Point", "coordinates": [ -64.0895857, -30.7722269 ] } },
{ "type": "Feature", "properties": { "Name": "777.68", "P.K.": null, "Al.Dist. Izq.": 25, "Al.Dist. Der.": 45, "Ruta": 60 }, "geometry": { "type": "Point", "coordinates": [ -64.0895337, -30.7720778 ] } },
{ "type": "Feature", "properties": { "Name": "777.74", "P.K.": null, "Al.Dist. Izq.": 25, "Al.Dist. Der.": 45, "Ruta": 60 }, "geometry": { "type": "Point", "coordinates": [ -64.0900899, -30.7717778 ] } },
{ "type": "Feature", "properties": { "Name": "777.78", "P.K.": null, "Al.Dist. Izq.": 25, "Al.Dist. Der.": 45, "Ruta": 60 }, "geometry": { "type": "Point", "coordinates": [ -64.0903444, -30.7714592 ] } },
{ "type": "Feature", "properties": { "Name": "777.89", "P.K.": null, "Al.Dist. Izq.": 25, "Al.Dist. Der.": 45, "Ruta": 60 }, "geometry": { "type": "Point", "coordinates": [ -64.0913334, -30.7709015 ] } },
{ "type": "Feature", "properties": { "Name": "778", "P.K.": null, "Al.Dist. Izq.": 25, "Al.Dist. Der.": 45, "Ruta": 60 }, "geometry": { "type": "Point", "coordinates": [ -64.0921462, -30.7701482 ] } },
{ "type": "Feature", "properties": { "Name": "778.02", "P.K.": null, "Al.Dist. Izq.": 25, "Al.Dist. Der.": 45, "Ruta": 60 }, "geometry": { "type": "Point", "coordinates": [ -64.092466, -30.7701176 ] } },
{ "type": "Feature", "properties": { "Name": "778.04", "P.K.": null, "Al.Dist. Izq.": 25, "Al.Dist. Der.": 45, "Ruta": 60 }, "geometry": { "type": "Point", "coordinates": [ -64.0924211, -30.7698376 ] } },
{ "type": "Feature", "properties": { "Name": "778.26", "P.K.": null, "Al.Dist. Izq.": 25, "Al.Dist. Der.": 45, "Ruta": 60 }, "geometry": { "type": "Point", "coordinates": [ -64.094193, -30.7686398 ] } },
{ "type": "Feature", "properties": { "Name": "778.3", "P.K.": null, "Al.Dist. Izq.": 25, "Al.Dist. Der.": 45, "Ruta": 60 }, "geometry": { "type": "Point", "coordinates": [ -64.0945417, -30.7683304 ] } },
{ "type": "Feature", "properties": { "Name": "778.3", "P.K.": null, "Al.Dist. Izq.": 25, "Al.Dist. Der.": 45, "Ruta": 60 }, "geometry": { "type": "Point", "coordinates": [ -64.0944382, -30.7682626 ] } },
{ "type": "Feature", "properties": { "Name": "778.32", "P.K.": null, "Al.Dist. Izq.": 25, "Al.Dist. Der.": 45, "Ruta": 60 }, "geometry": { "type": "Point", "coordinates": [ -64.0946151, -30.7682151 ] } },
{ "type": "Feature", "properties": { "Name": "778.51", "P.K.": null, "Al.Dist. Izq.": 25, "Al.Dist. Der.": 45, "Ruta": 60 }, "geometry": { "type": "Point", "coordinates": [ -64.0961722, -30.7670608 ] } },
{ "type": "Feature", "properties": { "Name": "778.81", "P.K.": null, "Al.Dist. Izq.": 25, "Al.Dist. Der.": 45, "Ruta": 60 }, "geometry": { "type": "Point", "coordinates": [ -64.0984789, -30.7652118 ] } },
{ "type": "Feature", "properties": { "Name": "778.89", "P.K.": null, "Al.Dist. Izq.": 25, "Al.Dist. Der.": 45, "Ruta": 60 }, "geometry": { "type": "Point", "coordinates": [ -64.09914, -30.7648004 ] } },
{ "type": "Feature", "properties": { "Name": "778.92", "P.K.": null, "Al.Dist. Izq.": 25, "Al.Dist. Der.": 45, "Ruta": 60 }, "geometry": { "type": "Point", "coordinates": [ -64.0992289, -30.7644438 ] } },
{ "type": "Feature", "properties": { "Name": "779.09", "P.K.": null, "Al.Dist. Izq.": 25, "Al.Dist. Der.": 45, "Ruta": 60 }, "geometry": { "type": "Point", "coordinates": [ -64.1006478, -30.7635118 ] } },
{ "type": "Feature", "properties": { "Name": "779.31", "P.K.": null, "Al.Dist. Izq.": 25, "Al.Dist. Der.": 45, "Ruta": 60 }, "geometry": { "type": "Point", "coordinates": [ -64.1023325, -30.7622173 ] } },
{ "type": "Feature", "properties": { "Name": "779.5", "P.K.": null, "Al.Dist. Izq.": 25, "Al.Dist. Der.": 45, "Ruta": 60 }, "geometry": { "type": "Point", "coordinates": [ -64.1037842, -30.7609673 ] } },
{ "type": "Feature", "properties": { "Name": "779.96", "P.K.": null, "Al.Dist. Izq.": 25, "Al.Dist. Der.": 45, "Ruta": 60 }, "geometry": { "type": "Point", "coordinates": [ -64.1073037, -30.7582213 ] } },
{ "type": "Feature", "properties": { "Name": "780", "P.K.": "PK780", "Al.Dist. Izq.": 25, "Al.Dist. Der.": 45, "Ruta": 60 }, "geometry": { "type": "Point", "coordinates": [ -64.1076671, -30.7581078 ] } },
{ "type": "Feature", "properties": { "Name": "780.01", "P.K.": null, "Al.Dist. Izq.": 25, "Al.Dist. Der.": 45, "Ruta": 60 }, "geometry": { "type": "Point", "coordinates": [ -64.1077841, -30.7580161 ] } },
{ "type": "Feature", "properties": { "Name": "780.1", "P.K.": null, "Al.Dist. Izq.": 25, "Al.Dist. Der.": 45, "Ruta": 60 }, "geometry": { "type": "Point", "coordinates": [ -64.1083963, -30.7574468 ] } },
{ "type": "Feature", "properties": { "Name": "780.27", "P.K.": null, "Al.Dist. Izq.": 25, "Al.Dist. Der.": 45, "Ruta": 60 }, "geometry": { "type": "Point", "coordinates": [ -64.1097492, -30.7563396 ] } },
{ "type": "Feature", "properties": { "Name": "780.34", "P.K.": null, "Al.Dist. Izq.": 25, "Al.Dist. Der.": 45, "Ruta": 60 }, "geometry": { "type": "Point", "coordinates": [ -64.1102434, -30.7560924 ] } },
{ "type": "Feature", "properties": { "Name": "780.34", "P.K.": null, "Al.Dist. Izq.": 25, "Al.Dist. Der.": 45, "Ruta": 60 }, "geometry": { "type": "Point", "coordinates": [ -64.1101428, -30.7559832 ] } },
{ "type": "Feature", "properties": { "Name": "780.38", "P.K.": null, "Al.Dist. Izq.": 25, "Al.Dist. Der.": 45, "Ruta": 60 }, "geometry": { "type": "Point", "coordinates": [ -64.1104808, -30.7557267 ] } },
{ "type": "Feature", "properties": { "Name": "780.49", "P.K.": null, "Al.Dist. Izq.": 25, "Al.Dist. Der.": 45, "Ruta": 60 }, "geometry": { "type": "Point", "coordinates": [ -64.111386, -30.7551929 ] } },
{ "type": "Feature", "properties": { "Name": "780.5", "P.K.": null, "Al.Dist. Izq.": 25, "Al.Dist. Der.": 45, "Ruta": 60 }, "geometry": { "type": "Point", "coordinates": [ -64.111387, -30.7549425 ] } },
{ "type": "Feature", "properties": { "Name": "780.55", "P.K.": null, "Al.Dist. Izq.": 25, "Al.Dist. Der.": 45, "Ruta": 60 }, "geometry": { "type": "Point", "coordinates": [ -64.1117685, -30.754716 ] } },
{ "type": "Feature", "properties": { "Name": "780.66", "P.K.": null, "Al.Dist. Izq.": 25, "Al.Dist. Der.": 45, "Ruta": 60 }, "geometry": { "type": "Point", "coordinates": [ -64.1127448, -30.7541052 ] } },
{ "type": "Feature", "properties": { "Name": "780.69", "P.K.": null, "Al.Dist. Izq.": 25, "Al.Dist. Der.": 45, "Ruta": 60 }, "geometry": { "type": "Point", "coordinates": [ -64.1129826, -30.7539064 ] } },
{ "type": "Feature", "properties": { "Name": "780.89", "P.K.": null, "Al.Dist. Izq.": 25, "Al.Dist. Der.": 45, "Ruta": 60 }, "geometry": { "type": "Point", "coordinates": [ -64.1144564, -30.7527769 ] } },
{ "type": "Feature", "properties": { "Name": "781.47", "P.K.": null, "Al.Dist. Izq.": 25, "Al.Dist. Der.": 45, "Ruta": 60 }, "geometry": { "type": "Point", "coordinates": [ -64.1180982, -30.7487309 ] } },
{ "type": "Feature", "properties": { "Name": "781.6", "P.K.": null, "Al.Dist. Izq.": 25, "Al.Dist. Der.": 45, "Ruta": 60 }, "geometry": { "type": "Point", "coordinates": [ -64.1187537, -30.7477155 ] } },
{ "type": "Feature", "properties": { "Name": "781.73", "P.K.": null, "Al.Dist. Izq.": 25, "Al.Dist. Der.": 45, "Ruta": 60 }, "geometry": { "type": "Point", "coordinates": [ -64.1192549, -30.7466341 ] } },
{ "type": "Feature", "properties": { "Name": "781.75", "P.K.": null, "Al.Dist. Izq.": 25, "Al.Dist. Der.": 45, "Ruta": 60 }, "geometry": { "type": "Point", "coordinates": [ -64.1194081, -30.7464635 ] } },
{ "type": "Feature", "properties": { "Name": "781.75", "P.K.": null, "Al.Dist. Izq.": 25, "Al.Dist. Der.": 45, "Ruta": 60 }, "geometry": { "type": "Point", "coordinates": [ -64.1192902, -30.7464258 ] } },
{ "type": "Feature", "properties": { "Name": "781.94", "P.K.": null, "Al.Dist. Izq.": 25, "Al.Dist. Der.": 45, "Ruta": 60 }, "geometry": { "type": "Point", "coordinates": [ -64.1200351, -30.7448118 ] } },
{ "type": "Feature", "properties": { "Name": "781.98", "P.K.": null, "Al.Dist. Izq.": 25, "Al.Dist. Der.": 45, "Ruta": 60 }, "geometry": { "type": "Point", "coordinates": [ -64.1204498, -30.7445833 ] } },
{ "type": "Feature", "properties": { "Name": "782.05", "P.K.": null, "Al.Dist. Izq.": 25, "Al.Dist. Der.": 45, "Ruta": 60 }, "geometry": { "type": "Point", "coordinates": [ -64.1206188, -30.7440643 ] } },
{ "type": "Feature", "properties": { "Name": "782.06", "P.K.": null, "Al.Dist. Izq.": 25, "Al.Dist. Der.": 45, "Ruta": 60 }, "geometry": { "type": "Point", "coordinates": [ -64.1208307, -30.7440136 ] } },
{ "type": "Feature", "properties": { "Name": "782.8", "P.K.": null, "Al.Dist. Izq.": 25, "Al.Dist. Der.": 45, "Ruta": 60 }, "geometry": { "type": "Point", "coordinates": [ -64.124042, -30.7380417 ] } },
{ "type": "Feature", "properties": { "Name": "782.95", "P.K.": null, "Al.Dist. Izq.": 25, "Al.Dist. Der.": 45, "Ruta": 60 }, "geometry": { "type": "Point", "coordinates": [ -64.1246596, -30.736856 ] } },
{ "type": "Feature", "properties": { "Name": "783.58", "P.K.": null, "Al.Dist. Izq.": 25, "Al.Dist. Der.": 45, "Ruta": 60 }, "geometry": { "type": "Point", "coordinates": [ -64.1276073, -30.7318057 ] } },
{ "type": "Feature", "properties": { "Name": "784.3", "P.K.": null, "Al.Dist. Izq.": 25, "Al.Dist. Der.": 45, "Ruta": 60 }, "geometry": { "type": "Point", "coordinates": [ -64.1307733, -30.7260771 ] } },
{ "type": "Feature", "properties": { "Name": "784.82", "P.K.": null, "Al.Dist. Izq.": 25, "Al.Dist. Der.": 45, "Ruta": 60 }, "geometry": { "type": "Point", "coordinates": [ -64.1331427, -30.7218893 ] } },
{ "type": "Feature", "properties": { "Name": "785.35", "P.K.": null, "Al.Dist. Izq.": 25, "Al.Dist. Der.": 45, "Ruta": 60 }, "geometry": { "type": "Point", "coordinates": [ -64.135546, -30.7176979 ] } },
{ "type": "Feature", "properties": { "Name": "785.36", "P.K.": null, "Al.Dist. Izq.": 25, "Al.Dist. Der.": 45, "Ruta": 60 }, "geometry": { "type": "Point", "coordinates": [ -64.1354945, -30.7176509 ] } },
{ "type": "Feature", "properties": { "Name": "785.77", "P.K.": null, "Al.Dist. Izq.": 25, "Al.Dist. Der.": 45, "Ruta": 60 }, "geometry": { "type": "Point", "coordinates": [ -64.1372656, -30.7142883 ] } },
{ "type": "Feature", "properties": { "Name": "785.78", "P.K.": null, "Al.Dist. Izq.": 25, "Al.Dist. Der.": 45, "Ruta": 60 }, "geometry": { "type": "Point", "coordinates": [ -64.1374346, -30.7143529 ] } },
{ "type": "Feature", "properties": { "Name": "785.86", "P.K.": null, "Al.Dist. Izq.": 25, "Al.Dist. Der.": 45, "Ruta": 60 }, "geometry": { "type": "Point", "coordinates": [ -64.1377192, -30.7136542 ] } },
{ "type": "Feature", "properties": { "Name": "786.01", "P.K.": null, "Al.Dist. Izq.": 25, "Al.Dist. Der.": 45, "Ruta": 60 }, "geometry": { "type": "Point", "coordinates": [ -64.1384595, -30.7124086 ] } },
{ "type": "Feature", "properties": { "Name": "786.1", "P.K.": null, "Al.Dist. Izq.": 25, "Al.Dist. Der.": 45, "Ruta": 60 }, "geometry": { "type": "Point", "coordinates": [ -64.1388625, -30.7116592 ] } },
{ "type": "Feature", "properties": { "Name": "786.27", "P.K.": null, "Al.Dist. Izq.": 25, "Al.Dist. Der.": 45, "Ruta": 60 }, "geometry": { "type": "Point", "coordinates": [ -64.1396414, -30.7104373 ] } },
{ "type": "Feature", "properties": { "Name": "786.28", "P.K.": null, "Al.Dist. Izq.": 25, "Al.Dist. Der.": 45, "Ruta": 60 }, "geometry": { "type": "Point", "coordinates": [ -64.1395565, -30.7102975 ] } },
{ "type": "Feature", "properties": { "Name": "786.43", "P.K.": null, "Al.Dist. Izq.": 25, "Al.Dist. Der.": 45, "Ruta": 60 }, "geometry": { "type": "Point", "coordinates": [ -64.140375, -30.7090822 ] } },
{ "type": "Feature", "properties": { "Name": "787", "P.K.": "PK787", "Al.Dist. Izq.": 25, "Al.Dist. Der.": 45, "Ruta": 60 }, "geometry": { "type": "Point", "coordinates": [ -64.1428278, -30.7044921 ] } },
{ "type": "Feature", "properties": { "Name": "788.34", "P.K.": null, "Al.Dist. Izq.": 25, "Al.Dist. Der.": 45, "Ruta": 60 }, "geometry": { "type": "Point", "coordinates": [ -64.1487447, -30.6939449 ] } },
{ "type": "Feature", "properties": { "Name": "788.36", "P.K.": null, "Al.Dist. Izq.": 25, "Al.Dist. Der.": 45, "Ruta": 60 }, "geometry": { "type": "Point", "coordinates": [ -64.1488346, -30.6937836 ] } },
{ "type": "Feature", "properties": { "Name": "788.51", "P.K.": null, "Al.Dist. Izq.": 25, "Al.Dist. Der.": 45, "Ruta": 60 }, "geometry": { "type": "Point", "coordinates": [ -64.1496366, -30.6926156 ] } },
{ "type": "Feature", "properties": { "Name": "788.52", "P.K.": null, "Al.Dist. Izq.": 25, "Al.Dist. Der.": 45, "Ruta": 60 }, "geometry": { "type": "Point", "coordinates": [ -64.1495685, -30.692537 ] } },
{ "type": "Feature", "properties": { "Name": "788.89", "P.K.": null, "Al.Dist. Izq.": 25, "Al.Dist. Der.": 45, "Ruta": 60 }, "geometry": { "type": "Point", "coordinates": [ -64.1512158, -30.6896298 ] } },
{ "type": "Feature", "properties": { "Name": "788.97", "P.K.": null, "Al.Dist. Izq.": 25, "Al.Dist. Der.": 45, "Ruta": 60 }, "geometry": { "type": "Point", "coordinates": [ -64.1515819, -30.6889402 ] } },
{ "type": "Feature", "properties": { "Name": "789.13", "P.K.": null, "Al.Dist. Izq.": 25, "Al.Dist. Der.": 45, "Ruta": 60 }, "geometry": { "type": "Point", "coordinates": [ -64.1523406, -30.6877788 ] } },
{ "type": "Feature", "properties": { "Name": "789.13", "P.K.": null, "Al.Dist. Izq.": 25, "Al.Dist. Der.": 45, "Ruta": 60 }, "geometry": { "type": "Point", "coordinates": [ -64.1522648, -30.6877127 ] } },
{ "type": "Feature", "properties": { "Name": "789.56", "P.K.": null, "Al.Dist. Izq.": 25, "Al.Dist. Der.": 45, "Ruta": 60 }, "geometry": { "type": "Point", "coordinates": [ -64.1541883, -30.6842915 ] } },
{ "type": "Feature", "properties": { "Name": "789.83", "P.K.": null, "Al.Dist. Izq.": 25, "Al.Dist. Der.": 45, "Ruta": 60 }, "geometry": { "type": "Point", "coordinates": [ -64.1553404, -30.6822488 ] } },
{ "type": "Feature", "properties": { "Name": "789.91", "P.K.": null, "Al.Dist. Izq.": 25, "Al.Dist. Der.": 45, "Ruta": 60 }, "geometry": { "type": "Point", "coordinates": [ -64.155717, -30.6815452 ] } },
{ "type": "Feature", "properties": { "Name": "789.99", "P.K.": null, "Al.Dist. Izq.": 25, "Al.Dist. Der.": 45, "Ruta": 60 }, "geometry": { "type": "Point", "coordinates": [ -64.1562198, -30.6809669 ] } },
{ "type": "Feature", "properties": { "Name": "789.99", "P.K.": null, "Al.Dist. Izq.": 25, "Al.Dist. Der.": 45, "Ruta": 60 }, "geometry": { "type": "Point", "coordinates": [ -64.1560659, -30.6809277 ] } },
{ "type": "Feature", "properties": { "Name": "790", "P.K.": "PK790", "Al.Dist. Izq.": 25, "Al.Dist. Der.": 45, "Ruta": 60 }, "geometry": { "type": "Point", "coordinates": [ -64.1562543, -30.6808602 ] } },
{ "type": "Feature", "properties": { "Name": "790.06", "P.K.": null, "Al.Dist. Izq.": 25, "Al.Dist. Der.": 45, "Ruta": 60 }, "geometry": { "type": "Point", "coordinates": [ -64.1564212, -30.680335 ] } },
{ "type": "Feature", "properties": { "Name": "790.14", "P.K.": null, "Al.Dist. Izq.": 25, "Al.Dist. Der.": 45, "Ruta": 60 }, "geometry": { "type": "Point", "coordinates": [ -64.1567919, -30.6796609 ] } },
{ "type": "Feature", "properties": { "Name": "790.2", "P.K.": null, "Al.Dist. Izq.": 25, "Al.Dist. Der.": 45, "Ruta": 60 }, "geometry": { "type": "Point", "coordinates": [ -64.15711, -30.6790936 ] } },
{ "type": "Feature", "properties": { "Name": "790.24", "P.K.": null, "Al.Dist. Izq.": 25, "Al.Dist. Der.": 45, "Ruta": 60 }, "geometry": { "type": "Point", "coordinates": [ -64.157348, -30.6788743 ] } },
{ "type": "Feature", "properties": { "Name": "790.24", "P.K.": null, "Al.Dist. Izq.": 25, "Al.Dist. Der.": 45, "Ruta": 60 }, "geometry": { "type": "Point", "coordinates": [ -64.157348, -30.6788743 ] } },
{ "type": "Feature", "properties": { "Name": "790.28", "P.K.": null, "Al.Dist. Izq.": 25, "Al.Dist. Der.": 45, "Ruta": 60 }, "geometry": { "type": "Point", "coordinates": [ -64.157443, -30.6784649 ] } },
{ "type": "Feature", "properties": { "Name": "790.34", "P.K.": null, "Al.Dist. Izq.": 25, "Al.Dist. Der.": 45, "Ruta": 60 }, "geometry": { "type": "Point", "coordinates": [ -64.1577639, -30.6778923 ] } },
{ "type": "Feature", "properties": { "Name": "790.35", "P.K.": null, "Al.Dist. Izq.": 25, "Al.Dist. Der.": 45, "Ruta": 60 }, "geometry": { "type": "Point", "coordinates": [ -64.157807, -30.6778126 ] } },
{ "type": "Feature", "properties": { "Name": "790.36", "P.K.": null, "Al.Dist. Izq.": 25, "Al.Dist. Der.": 45, "Ruta": 60 }, "geometry": { "type": "Point", "coordinates": [ -64.1579206, -30.6778074 ] } },
{ "type": "Feature", "properties": { "Name": "790.38", "P.K.": null, "Al.Dist. Izq.": 25, "Al.Dist. Der.": 45, "Ruta": 60 }, "geometry": { "type": "Point", "coordinates": [ -64.1579304, -30.6775396 ] } },
{ "type": "Feature", "properties": { "Name": "790.39", "P.K.": null, "Al.Dist. Izq.": 25, "Al.Dist. Der.": 45, "Ruta": 60 }, "geometry": { "type": "Point", "coordinates": [ -64.1581268, -30.677605 ] } },
{ "type": "Feature", "properties": { "Name": "790.41", "P.K.": null, "Al.Dist. Izq.": 25, "Al.Dist. Der.": 45, "Ruta": 60 }, "geometry": { "type": "Point", "coordinates": [ -64.1581252, -30.677396 ] } },
{ "type": "Feature", "properties": { "Name": "790.44", "P.K.": null, "Al.Dist. Izq.": 25, "Al.Dist. Der.": 45, "Ruta": 60 }, "geometry": { "type": "Point", "coordinates": [ -64.1583002, -30.6771607 ] } },
{ "type": "Feature", "properties": { "Name": "790.45", "P.K.": null, "Al.Dist. Izq.": 25, "Al.Dist. Der.": 45, "Ruta": 60 }, "geometry": { "type": "Point", "coordinates": [ -64.1583672, -30.6770548 ] } },
{ "type": "Feature", "properties": { "Name": "790.46", "P.K.": null, "Al.Dist. Izq.": 25, "Al.Dist. Der.": 45, "Ruta": 60 }, "geometry": { "type": "Point", "coordinates": [ -64.1584028, -30.6769689 ] } },
{ "type": "Feature", "properties": { "Name": "790.52", "P.K.": null, "Al.Dist. Izq.": 25, "Al.Dist. Der.": 45, "Ruta": 60 }, "geometry": { "type": "Point", "coordinates": [ -64.1586301, -30.6765208 ] } },
{ "type": "Feature", "properties": { "Name": "790.55", "P.K.": null, "Al.Dist. Izq.": 25, "Al.Dist. Der.": 45, "Ruta": 60 }, "geometry": { "type": "Point", "coordinates": [ -64.1587933, -30.6762633 ] } },
{ "type": "Feature", "properties": { "Name": "790.57", "P.K.": null, "Al.Dist. Izq.": 25, "Al.Dist. Der.": 45, "Ruta": 60 }, "geometry": { "type": "Point", "coordinates": [ -64.158906, -30.6759458 ] } },
{ "type": "Feature", "properties": { "Name": "790.62", "P.K.": null, "Al.Dist. Izq.": 25, "Al.Dist. Der.": 45, "Ruta": 60 }, "geometry": { "type": "Point", "coordinates": [ -64.1592114, -30.6756465 ] } },
{ "type": "Feature", "properties": { "Name": "790.65", "P.K.": null, "Al.Dist. Izq.": 25, "Al.Dist. Der.": 45, "Ruta": 60 }, "geometry": { "type": "Point", "coordinates": [ -64.1593808, -30.6754034 ] } },
{ "type": "Feature", "properties": { "Name": "790.65", "P.K.": null, "Al.Dist. Izq.": 25, "Al.Dist. Der.": 45, "Ruta": 60 }, "geometry": { "type": "Point", "coordinates": [ -64.1592194, -30.6753338 ] } },
{ "type": "Feature", "properties": { "Name": "790.73", "P.K.": null, "Al.Dist. Izq.": 25, "Al.Dist. Der.": 45, "Ruta": 60 }, "geometry": { "type": "Point", "coordinates": [ -64.1597271, -30.6747315 ] } },
{ "type": "Feature", "properties": { "Name": "790.78", "P.K.": null, "Al.Dist. Izq.": 25, "Al.Dist. Der.": 45, "Ruta": 60 }, "geometry": { "type": "Point", "coordinates": [ -64.1599122, -30.6743529 ] } },
{ "type": "Feature", "properties": { "Name": "790.83", "P.K.": null, "Al.Dist. Izq.": 25, "Al.Dist. Der.": 45, "Ruta": 60 }, "geometry": { "type": "Point", "coordinates": [ -64.1601857, -30.6738696 ] } },
{ "type": "Feature", "properties": { "Name": "791.48", "P.K.": null, "Al.Dist. Izq.": 25, "Al.Dist. Der.": 45, "Ruta": 60 }, "geometry": { "type": "Point", "coordinates": [ -64.1632053, -30.6682711 ] } },
{ "type": "Feature", "properties": { "Name": "791.86", "P.K.": null, "Al.Dist. Izq.": 25, "Al.Dist. Der.": 45, "Ruta": 60 }, "geometry": { "type": "Point", "coordinates": [ -64.164919, -30.6651081 ] } },
{ "type": "Feature", "properties": { "Name": "792.1", "P.K.": null, "Al.Dist. Izq.": 25, "Al.Dist. Der.": 45, "Ruta": 60 }, "geometry": { "type": "Point", "coordinates": [ -64.1661909, -30.6631398 ] } },
{ "type": "Feature", "properties": { "Name": "792.44", "P.K.": null, "Al.Dist. Izq.": 25, "Al.Dist. Der.": 45, "Ruta": 60 }, "geometry": { "type": "Point", "coordinates": [ -64.1677174, -30.6601335 ] } },
{ "type": "Feature", "properties": { "Name": "792.54", "P.K.": null, "Al.Dist. Izq.": 25, "Al.Dist. Der.": 45, "Ruta": 60 }, "geometry": { "type": "Point", "coordinates": [ -64.1682267, -30.6593752 ] } },
{ "type": "Feature", "properties": { "Name": "792.75", "P.K.": null, "Al.Dist. Izq.": 25, "Al.Dist. Der.": 45, "Ruta": 60 }, "geometry": { "type": "Point", "coordinates": [ -64.1691827, -30.6575457 ] } },
{ "type": "Feature", "properties": { "Name": "792.78", "P.K.": null, "Al.Dist. Izq.": 25, "Al.Dist. Der.": 45, "Ruta": 60 }, "geometry": { "type": "Point", "coordinates": [ -64.1693026, -30.6572165 ] } },
{ "type": "Feature", "properties": { "Name": "792.86", "P.K.": null, "Al.Dist. Izq.": 25, "Al.Dist. Der.": 45, "Ruta": 60 }, "geometry": { "type": "Point", "coordinates": [ -64.1697246, -30.656579 ] } },
{ "type": "Feature", "properties": { "Name": "792.96", "P.K.": null, "Al.Dist. Izq.": 25, "Al.Dist. Der.": 45, "Ruta": 60 }, "geometry": { "type": "Point", "coordinates": [ -64.1702819, -30.6557937 ] } },
{ "type": "Feature", "properties": { "Name": "793.22", "P.K.": null, "Al.Dist. Izq.": 25, "Al.Dist. Der.": 45, "Ruta": 60 }, "geometry": { "type": "Point", "coordinates": [ -64.1715955, -30.6535472 ] } },
{ "type": "Feature", "properties": { "Name": "793.5", "P.K.": null, "Al.Dist. Izq.": 25, "Al.Dist. Der.": 45, "Ruta": 60 }, "geometry": { "type": "Point", "coordinates": [ -64.1729118, -30.6511714 ] } },
{ "type": "Feature", "properties": { "Name": "793.5", "P.K.": null, "Al.Dist. Izq.": 25, "Al.Dist. Der.": 45, "Ruta": 60 }, "geometry": { "type": "Point", "coordinates": [ -64.1728289, -30.6511 ] } },
{ "type": "Feature", "properties": { "Name": "793.64", "P.K.": null, "Al.Dist. Izq.": 25, "Al.Dist. Der.": 45, "Ruta": 60 }, "geometry": { "type": "Point", "coordinates": [ -64.1734104, -30.6500378 ] } },
{ "type": "Feature", "properties": { "Name": "793.74", "P.K.": null, "Al.Dist. Izq.": 25, "Al.Dist. Der.": 45, "Ruta": 60 }, "geometry": { "type": "Point", "coordinates": [ -64.1740025, -30.6491206 ] } },
{ "type": "Feature", "properties": { "Name": "793.85", "P.K.": null, "Al.Dist. Izq.": 25, "Al.Dist. Der.": 45, "Ruta": 60 }, "geometry": { "type": "Point", "coordinates": [ -64.1745321, -30.6482196 ] } },
{ "type": "Feature", "properties": { "Name": "793.89", "P.K.": null, "Al.Dist. Izq.": 25, "Al.Dist. Der.": 45, "Ruta": 60 }, "geometry": { "type": "Point", "coordinates": [ -64.1747337, -30.6479062 ] } },
{ "type": "Feature", "properties": { "Name": "794.11", "P.K.": null, "Al.Dist. Izq.": 25, "Al.Dist. Der.": 45, "Ruta": 60 }, "geometry": { "type": "Point", "coordinates": [ -64.1764048, -30.6465118 ] } },
{ "type": "Feature", "properties": { "Name": "794.32", "P.K.": null, "Al.Dist. Izq.": 25, "Al.Dist. Der.": 45, "Ruta": 60 }, "geometry": { "type": "Point", "coordinates": [ -64.1784184, -30.6455224 ] } },
{ "type": "Feature", "properties": { "Name": "794.41", "P.K.": null, "Al.Dist. Izq.": 25, "Al.Dist. Der.": 45, "Ruta": 60 }, "geometry": { "type": "Point", "coordinates": [ -64.1794739, -30.6452998 ] } },
{ "type": "Feature", "properties": { "Name": "794.5", "P.K.": null, "Al.Dist. Izq.": 25, "Al.Dist. Der.": 45, "Ruta": 60 }, "geometry": { "type": "Point", "coordinates": [ -64.1802175, -30.6448968 ] } },
{ "type": "Feature", "properties": { "Name": "794.59", "P.K.": null, "Al.Dist. Izq.": 25, "Al.Dist. Der.": 45, "Ruta": 60 }, "geometry": { "type": "Point", "coordinates": [ -64.1812407, -30.6444728 ] } },
{ "type": "Feature", "properties": { "Name": "795.06", "P.K.": null, "Al.Dist. Izq.": 25, "Al.Dist. Der.": 45, "Ruta": 60 }, "geometry": { "type": "Point", "coordinates": [ -64.1846502, -30.6412785 ] } },
{ "type": "Feature", "properties": { "Name": "795.25", "P.K.": null, "Al.Dist. Izq.": 25, "Al.Dist. Der.": 45, "Ruta": 60 }, "geometry": { "type": "Point", "coordinates": [ -64.1851772, -30.6394854 ] } },
{ "type": "Feature", "properties": { "Name": "795.32", "P.K.": null, "Al.Dist. Izq.": 25, "Al.Dist. Der.": 45, "Ruta": 60 }, "geometry": { "type": "Point", "coordinates": [ -64.1853779, -30.6388708 ] } },
{ "type": "Feature", "properties": { "Name": "795.35", "P.K.": null, "Al.Dist. Izq.": 25, "Al.Dist. Der.": 45, "Ruta": 60 }, "geometry": { "type": "Point", "coordinates": [ -64.1855695, -30.6386404 ] } },
{ "type": "Feature", "properties": { "Name": "795.41", "P.K.": null, "Al.Dist. Izq.": 25, "Al.Dist. Der.": 45, "Ruta": 60 }, "geometry": { "type": "Point", "coordinates": [ -64.1857348, -30.6381437 ] } },
{ "type": "Feature", "properties": { "Name": "795.41", "P.K.": null, "Al.Dist. Izq.": 25, "Al.Dist. Der.": 45, "Ruta": 60 }, "geometry": { "type": "Point", "coordinates": [ -64.1855323, -30.6380952 ] } },
{ "type": "Feature", "properties": { "Name": "795.52", "P.K.": null, "Al.Dist. Izq.": 25, "Al.Dist. Der.": 45, "Ruta": 60 }, "geometry": { "type": "Point", "coordinates": [ -64.1860205, -30.637059 ] } },
{ "type": "Feature", "properties": { "Name": "795.74", "P.K.": null, "Al.Dist. Izq.": 25, "Al.Dist. Der.": 45, "Ruta": 60 }, "geometry": { "type": "Point", "coordinates": [ -64.1866012, -30.6350965 ] } },
{ "type": "Feature", "properties": { "Name": "795.87", "P.K.": null, "Al.Dist. Izq.": 25, "Al.Dist. Der.": 45, "Ruta": 60 }, "geometry": { "type": "Point", "coordinates": [ -64.1869636, -30.6339971 ] } },
{ "type": "Feature", "properties": { "Name": "795.97", "P.K.": null, "Al.Dist. Izq.": 25, "Al.Dist. Der.": 45, "Ruta": 60 }, "geometry": { "type": "Point", "coordinates": [ -64.1875104, -30.6330826 ] } },
{ "type": "Feature", "properties": { "Name": "796.32", "P.K.": null, "Al.Dist. Izq.": 25, "Al.Dist. Der.": 45, "Ruta": 60 }, "geometry": { "type": "Point", "coordinates": [ -64.188407, -30.6298933 ] } },
{ "type": "Feature", "properties": { "Name": "796.73", "P.K.": null, "Al.Dist. Izq.": 25, "Al.Dist. Der.": 45, "Ruta": 60 }, "geometry": { "type": "Point", "coordinates": [ -64.1896515, -30.6261947 ] } },
{ "type": "Feature", "properties": { "Name": "796.74", "P.K.": null, "Al.Dist. Izq.": 25, "Al.Dist. Der.": 45, "Ruta": 60 }, "geometry": { "type": "Point", "coordinates": [ -64.1895567, -30.6260857 ] } },
{ "type": "Feature", "properties": { "Name": "797.3", "P.K.": null, "Al.Dist. Izq.": 25, "Al.Dist. Der.": 45, "Ruta": 60 }, "geometry": { "type": "Point", "coordinates": [ -64.1913054, -30.6209902 ] } },
{ "type": "Feature", "properties": { "Name": "797.31", "P.K.": null, "Al.Dist. Izq.": 25, "Al.Dist. Der.": 45, "Ruta": 60 }, "geometry": { "type": "Point", "coordinates": [ -64.191277, -30.6208203 ] } },
{ "type": "Feature", "properties": { "Name": "797.54", "P.K.": null, "Al.Dist. Izq.": 25, "Al.Dist. Der.": 45, "Ruta": 60 }, "geometry": { "type": "Point", "coordinates": [ -64.1920752, -30.6187884 ] } },
{ "type": "Feature", "properties": { "Name": "797.62", "P.K.": null, "Al.Dist. Izq.": 25, "Al.Dist. Der.": 45, "Ruta": 60 }, "geometry": { "type": "Point", "coordinates": [ -64.1924105, -30.6181242 ] } },
{ "type": "Feature", "properties": { "Name": "797.68", "P.K.": null, "Al.Dist. Izq.": 25, "Al.Dist. Der.": 45, "Ruta": 60 }, "geometry": { "type": "Point", "coordinates": [ -64.1926639, -30.6175448 ] } },
{ "type": "Feature", "properties": { "Name": "797.75", "P.K.": null, "Al.Dist. Izq.": 25, "Al.Dist. Der.": 45, "Ruta": 60 }, "geometry": { "type": "Point", "coordinates": [ -64.192669, -30.6169109 ] } },
{ "type": "Feature", "properties": { "Name": "797.78", "P.K.": null, "Al.Dist. Izq.": 25, "Al.Dist. Der.": 45, "Ruta": 60 }, "geometry": { "type": "Point", "coordinates": [ -64.1928282, -30.6166114 ] } },
{ "type": "Feature", "properties": { "Name": "797.78", "P.K.": null, "Al.Dist. Izq.": 25, "Al.Dist. Der.": 45, "Ruta": 60 }, "geometry": { "type": "Point", "coordinates": [ -64.1930214, -30.6167089 ] } },
{ "type": "Feature", "properties": { "Name": "797.95", "P.K.": null, "Al.Dist. Izq.": 25, "Al.Dist. Der.": 45, "Ruta": 60 }, "geometry": { "type": "Point", "coordinates": [ -64.1935819, -30.6151757 ] } },
{ "type": "Feature", "properties": { "Name": "798", "P.K.": "PK798", "Al.Dist. Izq.": 25, "Al.Dist. Der.": 45, "Ruta": 60 }, "geometry": { "type": "Point", "coordinates": [ -64.1937376, -30.6147121 ] } },
{ "type": "Feature", "properties": { "Name": "798.18", "P.K.": null, "Al.Dist. Izq.": 25, "Al.Dist. Der.": 45, "Ruta": 60 }, "geometry": { "type": "Point", "coordinates": [ -64.1943309, -30.6135356 ] } },
{ "type": "Feature", "properties": { "Name": "799", "P.K.": "PK799", "Al.Dist. Izq.": 25, "Al.Dist. Der.": 45, "Ruta": 60 }, "geometry": { "type": "Point", "coordinates": [ -64.1965505, -30.6081145 ] } },
{ "type": "Feature", "properties": { "Name": "799.01", "P.K.": null, "Al.Dist. Izq.": 25, "Al.Dist. Der.": 45, "Ruta": 60 }, "geometry": { "type": "Point", "coordinates": [ -64.1967684, -30.608079 ] } },
{ "type": "Feature", "properties": { "Name": "799.02", "P.K.": null, "Al.Dist. Izq.": 25, "Al.Dist. Der.": 45, "Ruta": 60 }, "geometry": { "type": "Point", "coordinates": [ -64.1966926, -30.6079373 ] } },
{ "type": "Feature", "properties": { "Name": "799.18", "P.K.": null, "Al.Dist. Izq.": 25, "Al.Dist. Der.": 45, "Ruta": 60 }, "geometry": { "type": "Point", "coordinates": [ -64.1973866, -30.6066627 ] } },
{ "type": "Feature", "properties": { "Name": "799.19", "P.K.": null, "Al.Dist. Izq.": 25, "Al.Dist. Der.": 45, "Ruta": 60 }, "geometry": { "type": "Point", "coordinates": [ -64.1971798, -30.6064769 ] } },
{ "type": "Feature", "properties": { "Name": "799.22", "P.K.": null, "Al.Dist. Izq.": 25, "Al.Dist. Der.": 45, "Ruta": 60 }, "geometry": { "type": "Point", "coordinates": [ -64.197447, -30.606324 ] } },
{ "type": "Feature", "properties": { "Name": "799.61", "P.K.": null, "Al.Dist. Izq.": 25, "Al.Dist. Der.": 45, "Ruta": 60 }, "geometry": { "type": "Point", "coordinates": [ -64.1989447, -30.6030694 ] } },
{ "type": "Feature", "properties": { "Name": "799.78", "P.K.": null, "Al.Dist. Izq.": 25, "Al.Dist. Der.": 45, "Ruta": 60 }, "geometry": { "type": "Point", "coordinates": [ -64.1995093, -30.6015948 ] } },
{ "type": "Feature", "properties": { "Name": "800.14", "P.K.": null, "Al.Dist. Izq.": 25, "Al.Dist. Der.": 45, "Ruta": 60 }, "geometry": { "type": "Point", "coordinates": [ -64.2008351, -30.598544 ] } },
{ "type": "Feature", "properties": { "Name": "800.24", "P.K.": null, "Al.Dist. Izq.": 25, "Al.Dist. Der.": 45, "Ruta": 60 }, "geometry": { "type": "Point", "coordinates": [ -64.2012264, -30.597655 ] } },
{ "type": "Feature", "properties": { "Name": "800.39", "P.K.": null, "Al.Dist. Izq.": 25, "Al.Dist. Der.": 45, "Ruta": 60 }, "geometry": { "type": "Point", "coordinates": [ -64.2017972, -30.5963953 ] } },
{ "type": "Feature", "properties": { "Name": "800.42", "P.K.": null, "Al.Dist. Izq.": 25, "Al.Dist. Der.": 45, "Ruta": 60 }, "geometry": { "type": "Point", "coordinates": [ -64.2019648, -30.5962051 ] } },
{ "type": "Feature", "properties": { "Name": "800.45", "P.K.": null, "Al.Dist. Izq.": 25, "Al.Dist. Der.": 45, "Ruta": 60 }, "geometry": { "type": "Point", "coordinates": [ -64.202049, -30.5959739 ] } },
{ "type": "Feature", "properties": { "Name": "800.5", "P.K.": null, "Al.Dist. Izq.": 25, "Al.Dist. Der.": 45, "Ruta": 60 }, "geometry": { "type": "Point", "coordinates": [ -64.2022455, -30.5955396 ] } },
{ "type": "Feature", "properties": { "Name": "800.53", "P.K.": null, "Al.Dist. Izq.": 25, "Al.Dist. Der.": 45, "Ruta": 60 }, "geometry": { "type": "Point", "coordinates": [ -64.20228, -30.5952039 ] } },
{ "type": "Feature", "properties": { "Name": "800.58", "P.K.": null, "Al.Dist. Izq.": 25, "Al.Dist. Der.": 45, "Ruta": 60 }, "geometry": { "type": "Point", "coordinates": [ -64.2024448, -30.5948392 ] } },
{ "type": "Feature", "properties": { "Name": "800.62", "P.K.": null, "Al.Dist. Izq.": 25, "Al.Dist. Der.": 45, "Ruta": 60 }, "geometry": { "type": "Point", "coordinates": [ -64.2026193, -30.5944559 ] } },
{ "type": "Feature", "properties": { "Name": "800.66", "P.K.": null, "Al.Dist. Izq.": 25, "Al.Dist. Der.": 45, "Ruta": 60 }, "geometry": { "type": "Point", "coordinates": [ -64.2027363, -30.5941104 ] } },
{ "type": "Feature", "properties": { "Name": "800.7", "P.K.": null, "Al.Dist. Izq.": 25, "Al.Dist. Der.": 45, "Ruta": 60 }, "geometry": { "type": "Point", "coordinates": [ -64.203034, -30.5938735 ] } },
{ "type": "Feature", "properties": { "Name": "800.71", "P.K.": null, "Al.Dist. Izq.": 25, "Al.Dist. Der.": 45, "Ruta": 60 }, "geometry": { "type": "Point", "coordinates": [ -64.2028862, -30.5936821 ] } },
{ "type": "Feature", "properties": { "Name": "800.73", "P.K.": null, "Al.Dist. Izq.": 25, "Al.Dist. Der.": 45, "Ruta": 60 }, "geometry": { "type": "Point", "coordinates": [ -64.2029432, -30.5935107 ] } },
{ "type": "Feature", "properties": { "Name": "800.77", "P.K.": null, "Al.Dist. Izq.": 25, "Al.Dist. Der.": 45, "Ruta": 60 }, "geometry": { "type": "Point", "coordinates": [ -64.2031172, -30.5931546 ] } },
{ "type": "Feature", "properties": { "Name": "800.78", "P.K.": null, "Al.Dist. Izq.": 25, "Al.Dist. Der.": 45, "Ruta": 60 }, "geometry": { "type": "Point", "coordinates": [ -64.2033147, -30.5931904 ] } },
{ "type": "Feature", "properties": { "Name": "800.79", "P.K.": null, "Al.Dist. Izq.": 25, "Al.Dist. Der.": 45, "Ruta": 60 }, "geometry": { "type": "Point", "coordinates": [ -64.203263, -30.5931107 ] } },
{ "type": "Feature", "properties": { "Name": "800.8", "P.K.": null, "Al.Dist. Izq.": 25, "Al.Dist. Der.": 45, "Ruta": 60 }, "geometry": { "type": "Point", "coordinates": [ -64.2033841, -30.5929878 ] } },
{ "type": "Feature", "properties": { "Name": "800.81", "P.K.": null, "Al.Dist. Izq.": 25, "Al.Dist. Der.": 45, "Ruta": 60 }, "geometry": { "type": "Point", "coordinates": [ -64.2034059, -30.592902 ] } },
{ "type": "Feature", "properties": { "Name": "800.82", "P.K.": null, "Al.Dist. Izq.": 25, "Al.Dist. Der.": 45, "Ruta": 60 }, "geometry": { "type": "Point", "coordinates": [ -64.2033673, -30.592825 ] } },
{ "type": "Feature", "properties": { "Name": "800.88", "P.K.": null, "Al.Dist. Izq.": 25, "Al.Dist. Der.": 45, "Ruta": 60 }, "geometry": { "type": "Point", "coordinates": [ -64.2036848, -30.5923739 ] } },
{ "type": "Feature", "properties": { "Name": "800.95", "P.K.": null, "Al.Dist. Izq.": 25, "Al.Dist. Der.": 45, "Ruta": 60 }, "geometry": { "type": "Point", "coordinates": [ -64.2039571, -30.5917138 ] } },
{ "type": "Feature", "properties": { "Name": "800.98", "P.K.": null, "Al.Dist. Izq.": 25, "Al.Dist. Der.": 45, "Ruta": 60 }, "geometry": { "type": "Point", "coordinates": [ -64.204, -30.5914775 ] } },
{ "type": "Feature", "properties": { "Name": "801", "P.K.": null, "Al.Dist. Izq.": 25, "Al.Dist. Der.": 45, "Ruta": 60 }, "geometry": { "type": "Point", "coordinates": [ -64.204117, -30.5912948 ] } },
{ "type": "Feature", "properties": { "Name": "801.05", "P.K.": null, "Al.Dist. Izq.": 25, "Al.Dist. Der.": 45, "Ruta": 60 }, "geometry": { "type": "Point", "coordinates": [ -64.2043396, -30.5908596 ] } },
{ "type": "Feature", "properties": { "Name": "801.14", "P.K.": null, "Al.Dist. Izq.": 25, "Al.Dist. Der.": 45, "Ruta": 60 }, "geometry": { "type": "Point", "coordinates": [ -64.2047057, -30.5900301 ] } },
{ "type": "Feature", "properties": { "Name": "801.25", "P.K.": null, "Al.Dist. Izq.": 25, "Al.Dist. Der.": 45, "Ruta": 60 }, "geometry": { "type": "Point", "coordinates": [ -64.2050806, -30.589142 ] } },
{ "type": "Feature", "properties": { "Name": "801.25", "P.K.": null, "Al.Dist. Izq.": 25, "Al.Dist. Der.": 45, "Ruta": 60 }, "geometry": { "type": "Point", "coordinates": [ -64.2049675, -30.589085 ] } },
{ "type": "Feature", "properties": { "Name": "801.34", "P.K.": null, "Al.Dist. Izq.": 25, "Al.Dist. Der.": 45, "Ruta": 60 }, "geometry": { "type": "Point", "coordinates": [ -64.2054048, -30.5883191 ] } },
{ "type": "Feature", "properties": { "Name": "801.49", "P.K.": null, "Al.Dist. Izq.": 25, "Al.Dist. Der.": 45, "Ruta": 60 }, "geometry": { "type": "Point", "coordinates": [ -64.2060264, -30.5871277 ] } },
{ "type": "Feature", "properties": { "Name": "801.95", "P.K.": null, "Al.Dist. Izq.": 25, "Al.Dist. Der.": 45, "Ruta": 60 }, "geometry": { "type": "Point", "coordinates": [ -64.2075403, -30.5831673 ] } },
{ "type": "Feature", "properties": { "Name": "802.24", "P.K.": null, "Al.Dist. Izq.": 25, "Al.Dist. Der.": 45, "Ruta": 60 }, "geometry": { "type": "Point", "coordinates": [ -64.208632, -30.5807036 ] } },
{ "type": "Feature", "properties": { "Name": "802.33", "P.K.": null, "Al.Dist. Izq.": 25, "Al.Dist. Der.": 45, "Ruta": 60 }, "geometry": { "type": "Point", "coordinates": [ -64.2090791, -30.5799825 ] } },
{ "type": "Feature", "properties": { "Name": "803", "P.K.": "PK803", "Al.Dist. Izq.": 25, "Al.Dist. Der.": 45, "Ruta": 60 }, "geometry": { "type": "Point", "coordinates": [ -64.2113335, -30.5742695 ] } },
{ "type": "Feature", "properties": { "Name": "803.09", "P.K.": null, "Al.Dist. Izq.": 25, "Al.Dist. Der.": 45, "Ruta": 60 }, "geometry": { "type": "Point", "coordinates": [ -64.211774, -30.5735187 ] } },
{ "type": "Feature", "properties": { "Name": "803.26", "P.K.": null, "Al.Dist. Izq.": 25, "Al.Dist. Der.": 45, "Ruta": 60 }, "geometry": { "type": "Point", "coordinates": [ -64.2123507, -30.5721983 ] } },
{ "type": "Feature", "properties": { "Name": "803.27", "P.K.": null, "Al.Dist. Izq.": 25, "Al.Dist. Der.": 45, "Ruta": 60 }, "geometry": { "type": "Point", "coordinates": [ -64.2124151, -30.572129 ] } },
{ "type": "Feature", "properties": { "Name": "803.48", "P.K.": null, "Al.Dist. Izq.": 25, "Al.Dist. Der.": 45, "Ruta": 60 }, "geometry": { "type": "Point", "coordinates": [ -64.2132848, -30.5704291 ] } },
{ "type": "Feature", "properties": { "Name": "803.71", "P.K.": null, "Al.Dist. Izq.": 25, "Al.Dist. Der.": 45, "Ruta": 60 }, "geometry": { "type": "Point", "coordinates": [ -64.2140666, -30.5685036 ] } },
{ "type": "Feature", "properties": { "Name": "803.71", "P.K.": null, "Al.Dist. Izq.": 25, "Al.Dist. Der.": 45, "Ruta": 60 }, "geometry": { "type": "Point", "coordinates": [ -64.2139392, -30.5684701 ] } },
{ "type": "Feature", "properties": { "Name": "804.38", "P.K.": null, "Al.Dist. Izq.": 25, "Al.Dist. Der.": 45, "Ruta": 60 }, "geometry": { "type": "Point", "coordinates": [ -64.2162922, -30.5629769 ] } },
{ "type": "Feature", "properties": { "Name": "804.39", "P.K.": null, "Al.Dist. Izq.": 25, "Al.Dist. Der.": 45, "Ruta": 60 }, "geometry": { "type": "Point", "coordinates": [ -64.2166409, -30.5630693 ] } },
{ "type": "Feature", "properties": { "Name": "804.45", "P.K.": null, "Al.Dist. Izq.": 25, "Al.Dist. Der.": 45, "Ruta": 60 }, "geometry": { "type": "Point", "coordinates": [ -64.21661, -30.562375 ] } },
{ "type": "Feature", "properties": { "Name": "804.46", "P.K.": null, "Al.Dist. Izq.": 25, "Al.Dist. Der.": 45, "Ruta": 60 }, "geometry": { "type": "Point", "coordinates": [ -64.2168441, -30.5624411 ] } },
{ "type": "Feature", "properties": { "Name": "804.91", "P.K.": null, "Al.Dist. Izq.": 25, "Al.Dist. Der.": 45, "Ruta": 60 }, "geometry": { "type": "Point", "coordinates": [ -64.218276, -30.5587188 ] } },
{ "type": "Feature", "properties": { "Name": "805.22", "P.K.": null, "Al.Dist. Izq.": 25, "Al.Dist. Der.": 45, "Ruta": 60 }, "geometry": { "type": "Point", "coordinates": [ -64.2194937, -30.5562648 ] } },
{ "type": "Feature", "properties": { "Name": "805.48", "P.K.": null, "Al.Dist. Izq.": 25, "Al.Dist. Der.": 45, "Ruta": 60 }, "geometry": { "type": "Point", "coordinates": [ -64.2206655, -30.5541167 ] } },
{ "type": "Feature", "properties": { "Name": "805.58", "P.K.": null, "Al.Dist. Izq.": 25, "Al.Dist. Der.": 45, "Ruta": 60 }, "geometry": { "type": "Point", "coordinates": [ -64.2211034, -30.5533701 ] } },
{ "type": "Feature", "properties": { "Name": "806", "P.K.": "PK806", "Al.Dist. Izq.": 25, "Al.Dist. Der.": 45, "Ruta": 60 }, "geometry": { "type": "Point", "coordinates": [ -64.2233105, -30.5502483 ] } },
{ "type": "Feature", "properties": { "Name": "806.11", "P.K.": null, "Al.Dist. Izq.": 25, "Al.Dist. Der.": 45, "Ruta": 60 }, "geometry": { "type": "Point", "coordinates": [ -64.2238761, -30.5492902 ] } },
{ "type": "Feature", "properties": { "Name": "806.17", "P.K.": null, "Al.Dist. Izq.": 25, "Al.Dist. Der.": 45, "Ruta": 60 }, "geometry": { "type": "Point", "coordinates": [ -64.2242189, -30.5488548 ] } },
{ "type": "Feature", "properties": { "Name": "806.31", "P.K.": null, "Al.Dist. Izq.": 25, "Al.Dist. Der.": 45, "Ruta": 60 }, "geometry": { "type": "Point", "coordinates": [ -64.2251072, -30.5477919 ] } },
{ "type": "Feature", "properties": { "Name": "806.38", "P.K.": null, "Al.Dist. Izq.": 25, "Al.Dist. Der.": 45, "Ruta": 60 }, "geometry": { "type": "Point", "coordinates": [ -64.2256752, -30.5472564 ] } },
{ "type": "Feature", "properties": { "Name": "806.6", "P.K.": null, "Al.Dist. Izq.": 25, "Al.Dist. Der.": 45, "Ruta": 60 }, "geometry": { "type": "Point", "coordinates": [ -64.2271719, -30.5456625 ] } },
{ "type": "Feature", "properties": { "Name": "806.67", "P.K.": null, "Al.Dist. Izq.": 25, "Al.Dist. Der.": 45, "Ruta": 60 }, "geometry": { "type": "Point", "coordinates": [ -64.2275089, -30.5451085 ] } },
{ "type": "Feature", "properties": { "Name": "806.84", "P.K.": null, "Al.Dist. Izq.": 25, "Al.Dist. Der.": 45, "Ruta": 60 }, "geometry": { "type": "Point", "coordinates": [ -64.2288252, -30.5438991 ] } },
{ "type": "Feature", "properties": { "Name": "806.84", "P.K.": null, "Al.Dist. Izq.": 25, "Al.Dist. Der.": 45, "Ruta": 60 }, "geometry": { "type": "Point", "coordinates": [ -64.2287081, -30.5438186 ] } },
{ "type": "Feature", "properties": { "Name": "807.44", "P.K.": null, "Al.Dist. Izq.": 25, "Al.Dist. Der.": 45, "Ruta": 60 }, "geometry": { "type": "Point", "coordinates": [ -64.2322544, -30.5389001 ] } },
{ "type": "Feature", "properties": { "Name": "807.46", "P.K.": null, "Al.Dist. Izq.": 25, "Al.Dist. Der.": 45, "Ruta": 60 }, "geometry": { "type": "Point", "coordinates": [ -64.2329819, -30.5392897 ] } },
{ "type": "Feature", "properties": { "Name": "807.82", "P.K.": null, "Al.Dist. Izq.": 25, "Al.Dist. Der.": 45, "Ruta": 60 }, "geometry": { "type": "Point", "coordinates": [ -64.2353107, -30.5366307 ] } },
{ "type": "Feature", "properties": { "Name": "808.13", "P.K.": null, "Al.Dist. Izq.": 25, "Al.Dist. Der.": 45, "Ruta": 60 }, "geometry": { "type": "Point", "coordinates": [ -64.2374143, -30.5342838 ] } },
{ "type": "Feature", "properties": { "Name": "808.23", "P.K.": null, "Al.Dist. Izq.": 25, "Al.Dist. Der.": 45, "Ruta": 60 }, "geometry": { "type": "Point", "coordinates": [ -64.2380426, -30.5335742 ] } },
{ "type": "Feature", "properties": { "Name": "809.24", "P.K.": null, "Al.Dist. Izq.": 25, "Al.Dist. Der.": 45, "Ruta": 60 }, "geometry": { "type": "Point", "coordinates": [ -64.2449211, -30.5260635 ] } },
{ "type": "Feature", "properties": { "Name": "809.53", "P.K.": null, "Al.Dist. Izq.": 25, "Al.Dist. Der.": 45, "Ruta": 60 }, "geometry": { "type": "Point", "coordinates": [ -64.2468422, -30.5240095 ] } },
{ "type": "Feature", "properties": { "Name": "809.76", "P.K.": null, "Al.Dist. Izq.": 25, "Al.Dist. Der.": 45, "Ruta": 60 }, "geometry": { "type": "Point", "coordinates": [ -64.2483543, -30.5222641 ] } },
{ "type": "Feature", "properties": { "Name": "809.77", "P.K.": null, "Al.Dist. Izq.": 25, "Al.Dist. Der.": 45, "Ruta": 60 }, "geometry": { "type": "Point", "coordinates": [ -64.2485749, -30.5222515 ] } },
{ "type": "Feature", "properties": { "Name": "809.82", "P.K.": null, "Al.Dist. Izq.": 25, "Al.Dist. Der.": 45, "Ruta": 60 }, "geometry": { "type": "Point", "coordinates": [ -64.2487141, -30.5218269 ] } },
{ "type": "Feature", "properties": { "Name": "809.91", "P.K.": null, "Al.Dist. Izq.": 25, "Al.Dist. Der.": 45, "Ruta": 60 }, "geometry": { "type": "Point", "coordinates": [ -64.2493873, -30.5211326 ] } },
{ "type": "Feature", "properties": { "Name": "809.94", "P.K.": null, "Al.Dist. Izq.": 25, "Al.Dist. Der.": 45, "Ruta": 60 }, "geometry": { "type": "Point", "coordinates": [ -64.2496099, -30.520875 ] } },
{ "type": "Feature", "properties": { "Name": "809.97", "P.K.": null, "Al.Dist. Izq.": 25, "Al.Dist. Der.": 45, "Ruta": 60 }, "geometry": { "type": "Point", "coordinates": [ -64.2495962, -30.5205547 ] } },
{ "type": "Feature", "properties": { "Name": "809.98", "P.K.": null, "Al.Dist. Izq.": 25, "Al.Dist. Der.": 45, "Ruta": 60 }, "geometry": { "type": "Point", "coordinates": [ -64.2499305, -30.5206904 ] } },
{ "type": "Feature", "properties": { "Name": "809.98", "P.K.": null, "Al.Dist. Izq.": 25, "Al.Dist. Der.": 45, "Ruta": 60 }, "geometry": { "type": "Point", "coordinates": [ -64.2498718, -30.5206007 ] } },
{ "type": "Feature", "properties": { "Name": "810", "P.K.": "PK810", "Al.Dist. Izq.": 25, "Al.Dist. Der.": 45, "Ruta": 60 }, "geometry": { "type": "Point", "coordinates": [ -64.2500746, -30.5205339 ] } },
{ "type": "Feature", "properties": { "Name": "810.01", "P.K.": null, "Al.Dist. Izq.": 25, "Al.Dist. Der.": 45, "Ruta": 60 }, "geometry": { "type": "Point", "coordinates": [ -64.2500173, -30.5204013 ] } },
{ "type": "Feature", "properties": { "Name": "810.03", "P.K.": null, "Al.Dist. Izq.": 25, "Al.Dist. Der.": 45, "Ruta": 60 }, "geometry": { "type": "Point", "coordinates": [ -64.2501525, -30.5202812 ] } },
{ "type": "Feature", "properties": { "Name": "810.07", "P.K.": null, "Al.Dist. Izq.": 25, "Al.Dist. Der.": 45, "Ruta": 60 }, "geometry": { "type": "Point", "coordinates": [ -64.2503603, -30.5200544 ] } },
{ "type": "Feature", "properties": { "Name": "810.14", "P.K.": null, "Al.Dist. Izq.": 25, "Al.Dist. Der.": 45, "Ruta": 60 }, "geometry": { "type": "Point", "coordinates": [ -64.2507894, -30.5195747 ] } },
{ "type": "Feature", "properties": { "Name": "810.18", "P.K.": null, "Al.Dist. Izq.": 25, "Al.Dist. Der.": 45, "Ruta": 60 }, "geometry": { "type": "Point", "coordinates": [ -64.2510318, -30.5192934 ] } },
{ "type": "Feature", "properties": { "Name": "810.22", "P.K.": null, "Al.Dist. Izq.": 25, "Al.Dist. Der.": 45, "Ruta": 60 }, "geometry": { "type": "Point", "coordinates": [ -64.2512431, -30.5190638 ] } },
{ "type": "Feature", "properties": { "Name": "810.26", "P.K.": null, "Al.Dist. Izq.": 25, "Al.Dist. Der.": 45, "Ruta": 60 }, "geometry": { "type": "Point", "coordinates": [ -64.2515301, -30.5188408 ] } },
{ "type": "Feature", "properties": { "Name": "810.27", "P.K.": null, "Al.Dist. Izq.": 25, "Al.Dist. Der.": 45, "Ruta": 60 }, "geometry": { "type": "Point", "coordinates": [ -64.2516417, -30.5188806 ] } },
{ "type": "Feature", "properties": { "Name": "810.28", "P.K.": null, "Al.Dist. Izq.": 25, "Al.Dist. Der.": 45, "Ruta": 60 }, "geometry": { "type": "Point", "coordinates": [ -64.2515602, -30.5186926 ] } },
{ "type": "Feature", "properties": { "Name": "810.28", "P.K.": null, "Al.Dist. Izq.": 25, "Al.Dist. Der.": 45, "Ruta": 60 }, "geometry": { "type": "Point", "coordinates": [ -64.2517051, -30.5187481 ] } },
{ "type": "Feature", "properties": { "Name": "810.31", "P.K.": null, "Al.Dist. Izq.": 25, "Al.Dist. Der.": 45, "Ruta": 60 }, "geometry": { "type": "Point", "coordinates": [ -64.2517842, -30.5185069 ] } },
{ "type": "Feature", "properties": { "Name": "810.31", "P.K.": null, "Al.Dist. Izq.": 25, "Al.Dist. Der.": 45, "Ruta": 60 }, "geometry": { "type": "Point", "coordinates": [ -64.25186, -30.5185765 ] } },
{ "type": "Feature", "properties": { "Name": "810.36", "P.K.": null, "Al.Dist. Izq.": 25, "Al.Dist. Der.": 45, "Ruta": 60 }, "geometry": { "type": "Point", "coordinates": [ -64.2521507, -30.5182481 ] } },
{ "type": "Feature", "properties": { "Name": "810.41", "P.K.": null, "Al.Dist. Izq.": 25, "Al.Dist. Der.": 45, "Ruta": 60 }, "geometry": { "type": "Point", "coordinates": [ -64.2524631, -30.517883 ] } },
{ "type": "Feature", "properties": { "Name": "810.47", "P.K.": null, "Al.Dist. Izq.": 25, "Al.Dist. Der.": 45, "Ruta": 60 }, "geometry": { "type": "Point", "coordinates": [ -64.2528058, -30.517563 ] } },
{ "type": "Feature", "properties": { "Name": "810.5", "P.K.": null, "Al.Dist. Izq.": 25, "Al.Dist. Der.": 45, "Ruta": 60 }, "geometry": { "type": "Point", "coordinates": [ -64.2529932, -30.5173787 ] } },
{ "type": "Feature", "properties": { "Name": "810.6", "P.K.": null, "Al.Dist. Izq.": 25, "Al.Dist. Der.": 45, "Ruta": 60 }, "geometry": { "type": "Point", "coordinates": [ -64.2535551, -30.5166959 ] } },
{ "type": "Feature", "properties": { "Name": "810.67", "P.K.": null, "Al.Dist. Izq.": 25, "Al.Dist. Der.": 45, "Ruta": 60 }, "geometry": { "type": "Point", "coordinates": [ -64.253937, -30.5162696 ] } },
{ "type": "Feature", "properties": { "Name": "810.73", "P.K.": null, "Al.Dist. Izq.": 25, "Al.Dist. Der.": 45, "Ruta": 60 }, "geometry": { "type": "Point", "coordinates": [ -64.2542947, -30.5158577 ] } },
{ "type": "Feature", "properties": { "Name": "810.82", "P.K.": null, "Al.Dist. Izq.": 25, "Al.Dist. Der.": 45, "Ruta": 60 }, "geometry": { "type": "Point", "coordinates": [ -64.2546978, -30.5152275 ] } },
{ "type": "Feature", "properties": { "Name": "810.83", "P.K.": null, "Al.Dist. Izq.": 25, "Al.Dist. Der.": 45, "Ruta": 60 }, "geometry": { "type": "Point", "coordinates": [ -64.2548969, -30.5151764 ] } },
{ "type": "Feature", "properties": { "Name": "810.83", "P.K.": null, "Al.Dist. Izq.": 25, "Al.Dist. Der.": 45, "Ruta": 60 }, "geometry": { "type": "Point", "coordinates": [ -64.2547829, -30.5150825 ] } },
{ "type": "Feature", "properties": { "Name": "810.9", "P.K.": null, "Al.Dist. Izq.": 25, "Al.Dist. Der.": 45, "Ruta": 60 }, "geometry": { "type": "Point", "coordinates": [ -64.2552744, -30.5147558 ] } },
{ "type": "Feature", "properties": { "Name": "811", "P.K.": "PK811", "Al.Dist. Izq.": 25, "Al.Dist. Der.": 45, "Ruta": 60 }, "geometry": { "type": "Point", "coordinates": [ -64.2557317, -30.5140918 ] } },
{ "type": "Feature", "properties": { "Name": "811.1", "P.K.": null, "Al.Dist. Izq.": 25, "Al.Dist. Der.": 45, "Ruta": 60 }, "geometry": { "type": "Point", "coordinates": [ -64.2564372, -30.5133258 ] } },
{ "type": "Feature", "properties": { "Name": "811.13", "P.K.": null, "Al.Dist. Izq.": 25, "Al.Dist. Der.": 45, "Ruta": 60 }, "geometry": { "type": "Point", "coordinates": [ -64.256594, -30.5131362 ] } },
{ "type": "Feature", "properties": { "Name": "811.53", "P.K.": null, "Al.Dist. Izq.": 25, "Al.Dist. Der.": 45, "Ruta": 60 }, "geometry": { "type": "Point", "coordinates": [ -64.2588226, -30.5101915 ] } },
{ "type": "Feature", "properties": { "Name": "811.56", "P.K.": null, "Al.Dist. Izq.": 25, "Al.Dist. Der.": 45, "Ruta": 60 }, "geometry": { "type": "Point", "coordinates": [ -64.2589943, -30.5100233 ] } },
{ "type": "Feature", "properties": { "Name": "811.93", "P.K.": null, "Al.Dist. Izq.": 25, "Al.Dist. Der.": 45, "Ruta": 60 }, "geometry": { "type": "Point", "coordinates": [ -64.2609929, -30.5071301 ] } },
{ "type": "Feature", "properties": { "Name": "812", "P.K.": "PK812", "Al.Dist. Izq.": 25, "Al.Dist. Der.": 45, "Ruta": 60 }, "geometry": { "type": "Point", "coordinates": [ -64.2613097, -30.5065992 ] } },
{ "type": "Feature", "properties": { "Name": "812.36", "P.K.": null, "Al.Dist. Izq.": 25, "Al.Dist. Der.": 45, "Ruta": 60 }, "geometry": { "type": "Point", "coordinates": [ -64.2632134, -30.5036045 ] } },
{ "type": "Feature", "properties": { "Name": "812.46", "P.K.": null, "Al.Dist. Izq.": 25, "Al.Dist. Der.": 45, "Ruta": 60 }, "geometry": { "type": "Point", "coordinates": [ -64.2636443, -30.5028179 ] } },
{ "type": "Feature", "properties": { "Name": "812.55", "P.K.": null, "Al.Dist. Izq.": 25, "Al.Dist. Der.": 45, "Ruta": 60 }, "geometry": { "type": "Point", "coordinates": [ -64.2641723, -30.5020599 ] } },
{ "type": "Feature", "properties": { "Name": "812.55", "P.K.": null, "Al.Dist. Izq.": 25, "Al.Dist. Der.": 45, "Ruta": 60 }, "geometry": { "type": "Point", "coordinates": [ -64.2643071, -30.5021237 ] } },
{ "type": "Feature", "properties": { "Name": "812.64", "P.K.": null, "Al.Dist. Izq.": 25, "Al.Dist. Der.": 45, "Ruta": 60 }, "geometry": { "type": "Point", "coordinates": [ -64.2646038, -30.5013154 ] } },
{ "type": "Feature", "properties": { "Name": "812.73", "P.K.": null, "Al.Dist. Izq.": 25, "Al.Dist. Der.": 45, "Ruta": 60 }, "geometry": { "type": "Point", "coordinates": [ -64.2651307, -30.5006332 ] } },
{ "type": "Feature", "properties": { "Name": "812.96", "P.K.": null, "Al.Dist. Izq.": 25, "Al.Dist. Der.": 45, "Ruta": 60 }, "geometry": { "type": "Point", "coordinates": [ -64.2660435, -30.4986156 ] } },
{ "type": "Feature", "properties": { "Name": "813.07", "P.K.": null, "Al.Dist. Izq.": 25, "Al.Dist. Der.": 45, "Ruta": 60 }, "geometry": { "type": "Point", "coordinates": [ -64.2658879, -30.4976325 ] } },
{ "type": "Feature", "properties": { "Name": "813.09", "P.K.": null, "Al.Dist. Izq.": 25, "Al.Dist. Der.": 45, "Ruta": 60 }, "geometry": { "type": "Point", "coordinates": [ -64.2657736, -30.4974305 ] } },
{ "type": "Feature", "properties": { "Name": "813.12", "P.K.": null, "Al.Dist. Izq.": 25, "Al.Dist. Der.": 45, "Ruta": 60 }, "geometry": { "type": "Point", "coordinates": [ -64.26579, -30.4971532 ] } },
{ "type": "Feature", "properties": { "Name": "813.18", "P.K.": null, "Al.Dist. Izq.": 25, "Al.Dist. Der.": 45, "Ruta": 60 }, "geometry": { "type": "Point", "coordinates": [ -64.2656722, -30.4965276 ] } },
{ "type": "Feature", "properties": { "Name": "813.5", "P.K.": null, "Al.Dist. Izq.": 25, "Al.Dist. Der.": 45, "Ruta": 60 }, "geometry": { "type": "Point", "coordinates": [ -64.2662313, -30.4936697 ] } },
{ "type": "Feature", "properties": { "Name": "813.59", "P.K.": null, "Al.Dist. Izq.": 25, "Al.Dist. Der.": 45, "Ruta": 60 }, "geometry": { "type": "Point", "coordinates": [ -64.266761, -30.4929525 ] } },
{ "type": "Feature", "properties": { "Name": "813.79", "P.K.": null, "Al.Dist. Izq.": 25, "Al.Dist. Der.": 45, "Ruta": 60 }, "geometry": { "type": "Point", "coordinates": [ -64.2679764, -30.4915751 ] } },
{ "type": "Feature", "properties": { "Name": "813.79", "P.K.": null, "Al.Dist. Izq.": 25, "Al.Dist. Der.": 45, "Ruta": 60 }, "geometry": { "type": "Point", "coordinates": [ -64.2679088, -30.4915024 ] } },
{ "type": "Feature", "properties": { "Name": "814", "P.K.": "PK814", "Al.Dist. Izq.": 25, "Al.Dist. Der.": 45, "Ruta": 60 }, "geometry": { "type": "Point", "coordinates": [ -64.2691785, -30.4898215 ] } },
{ "type": "Feature", "properties": { "Name": "814.27", "P.K.": null, "Al.Dist. Izq.": 25, "Al.Dist. Der.": 45, "Ruta": 60 }, "geometry": { "type": "Point", "coordinates": [ -64.2706664, -30.4879231 ] } },
{ "type": "Feature", "properties": { "Name": "814.5", "P.K.": null, "Al.Dist. Izq.": 25, "Al.Dist. Der.": 45, "Ruta": 60 }, "geometry": { "type": "Point", "coordinates": [ -64.2721546, -30.486509 ] } },
{ "type": "Feature", "properties": { "Name": "814.56", "P.K.": null, "Al.Dist. Izq.": 25, "Al.Dist. Der.": 45, "Ruta": 60 }, "geometry": { "type": "Point", "coordinates": [ -64.2726137, -30.4860645 ] } },
{ "type": "Feature", "properties": { "Name": "814.84", "P.K.": null, "Al.Dist. Izq.": 25, "Al.Dist. Der.": 45, "Ruta": 60 }, "geometry": { "type": "Point", "coordinates": [ -64.2747519, -30.4846572 ] } },
{ "type": "Feature", "properties": { "Name": "814.94", "P.K.": null, "Al.Dist. Izq.": 25, "Al.Dist. Der.": 45, "Ruta": 60 }, "geometry": { "type": "Point", "coordinates": [ -64.2753424, -30.4840175 ] } },
{ "type": "Feature", "properties": { "Name": "814.94", "P.K.": null, "Al.Dist. Izq.": 25, "Al.Dist. Der.": 45, "Ruta": 60 }, "geometry": { "type": "Point", "coordinates": [ -64.2754279, -30.48409 ] } },
{ "type": "Feature", "properties": { "Name": "815", "P.K.": "PK815", "Al.Dist. Izq.": 25, "Al.Dist. Der.": 45, "Ruta": 60 }, "geometry": { "type": "Point", "coordinates": [ -64.2757898, -30.483699 ] } },
{ "type": "Feature", "properties": { "Name": "815.06", "P.K.": null, "Al.Dist. Izq.": 25, "Al.Dist. Der.": 45, "Ruta": 60 }, "geometry": { "type": "Point", "coordinates": [ -64.2763398, -30.483429 ] } },
{ "type": "Feature", "properties": { "Name": "815.31", "P.K.": null, "Al.Dist. Izq.": 25, "Al.Dist. Der.": 45, "Ruta": 60 }, "geometry": { "type": "Point", "coordinates": [ -64.2782673, -30.4818982 ] } },
{ "type": "Feature", "properties": { "Name": "815.91", "P.K.": null, "Al.Dist. Izq.": 25, "Al.Dist. Der.": 45, "Ruta": 60 }, "geometry": { "type": "Point", "coordinates": [ -64.2830189, -30.4783061 ] } },
{ "type": "Feature", "properties": { "Name": "816.32", "P.K.": null, "Al.Dist. Izq.": 25, "Al.Dist. Der.": 45, "Ruta": 60 }, "geometry": { "type": "Point", "coordinates": [ -64.2861262, -30.4759528 ] } },
{ "type": "Feature", "properties": { "Name": "816.66", "P.K.": null, "Al.Dist. Izq.": 25, "Al.Dist. Der.": 45, "Ruta": 60 }, "geometry": { "type": "Point", "coordinates": [ -64.2888208, -30.4739093 ] } },
{ "type": "Feature", "properties": { "Name": "817.04", "P.K.": null, "Al.Dist. Izq.": 25, "Al.Dist. Der.": 45, "Ruta": 60 }, "geometry": { "type": "Point", "coordinates": [ -64.2917572, -30.4717193 ] } },
{ "type": "Feature", "properties": { "Name": "817.22", "P.K.": null, "Al.Dist. Izq.": 25, "Al.Dist. Der.": 45, "Ruta": 60 }, "geometry": { "type": "Point", "coordinates": [ -64.2931214, -30.470555 ] } },
{ "type": "Feature", "properties": { "Name": "817.22", "P.K.": null, "Al.Dist. Izq.": 25, "Al.Dist. Der.": 45, "Ruta": 60 }, "geometry": { "type": "Point", "coordinates": [ -64.2932699, -30.4706897 ] } },
{ "type": "Feature", "properties": { "Name": "817.45", "P.K.": null, "Al.Dist. Izq.": 25, "Al.Dist. Der.": 45, "Ruta": 60 }, "geometry": { "type": "Point", "coordinates": [ -64.2949869, -30.4692931 ] } },
{ "type": "Feature", "properties": { "Name": "817.48", "P.K.": null, "Al.Dist. Izq.": 25, "Al.Dist. Der.": 45, "Ruta": 60 }, "geometry": { "type": "Point", "coordinates": [ -64.2952142, -30.468968 ] } },
{ "type": "Feature", "properties": { "Name": "817.48", "P.K.": null, "Al.Dist. Izq.": 25, "Al.Dist. Der.": 45, "Ruta": 60 }, "geometry": { "type": "Point", "coordinates": [ -64.2953252, -30.4691301 ] } },
{ "type": "Feature", "properties": { "Name": "817.64", "P.K.": null, "Al.Dist. Izq.": 25, "Al.Dist. Der.": 45, "Ruta": 60 }, "geometry": { "type": "Point", "coordinates": [ -64.296485, -30.4680449 ] } },
{ "type": "Feature", "properties": { "Name": "817.92", "P.K.": null, "Al.Dist. Izq.": 25, "Al.Dist. Der.": 45, "Ruta": 60 }, "geometry": { "type": "Point", "coordinates": [ -64.2985509, -30.4663065 ] } },
{ "type": "Feature", "properties": { "Name": "818", "P.K.": null, "Al.Dist. Izq.": 25, "Al.Dist. Der.": 45, "Ruta": 60 }, "geometry": { "type": "Point", "coordinates": [ -64.2991383, -30.4658516 ] } },
{ "type": "Feature", "properties": { "Name": "818.93", "P.K.": null, "Al.Dist. Izq.": 25, "Al.Dist. Der.": 45, "Ruta": 60 }, "geometry": { "type": "Point", "coordinates": [ -64.3056067, -30.4597262 ] } },
{ "type": "Feature", "properties": { "Name": "819.17", "P.K.": null, "Al.Dist. Izq.": 25, "Al.Dist. Der.": 45, "Ruta": 60 }, "geometry": { "type": "Point", "coordinates": [ -64.3073911, -30.4581105 ] } },
{ "type": "Feature", "properties": { "Name": "819.52", "P.K.": null, "Al.Dist. Izq.": 25, "Al.Dist. Der.": 45, "Ruta": 60 }, "geometry": { "type": "Point", "coordinates": [ -64.3099248, -30.4559129 ] } },
{ "type": "Feature", "properties": { "Name": "819.52", "P.K.": null, "Al.Dist. Izq.": 25, "Al.Dist. Der.": 45, "Ruta": 60 }, "geometry": { "type": "Point", "coordinates": [ -64.3098562, -30.4558132 ] } },
{ "type": "Feature", "properties": { "Name": "819.92", "P.K.": null, "Al.Dist. Izq.": 25, "Al.Dist. Der.": 45, "Ruta": 60 }, "geometry": { "type": "Point", "coordinates": [ -64.312719, -30.4532247 ] } },
{ "type": "Feature", "properties": { "Name": "820.98", "P.K.": null, "Al.Dist. Izq.": 25, "Al.Dist. Der.": 45, "Ruta": 60 }, "geometry": { "type": "Point", "coordinates": [ -64.3202536, -30.4463099 ] } },
{ "type": "Feature", "properties": { "Name": "821.31", "P.K.": null, "Al.Dist. Izq.": 25, "Al.Dist. Der.": 45, "Ruta": 60 }, "geometry": { "type": "Point", "coordinates": [ -64.3225751, -30.4441452 ] } },
{ "type": "Feature", "properties": { "Name": "821.67", "P.K.": null, "Al.Dist. Izq.": 25, "Al.Dist. Der.": 45, "Ruta": 60 }, "geometry": { "type": "Point", "coordinates": [ -64.3251013, -30.4417622 ] } },
{ "type": "Feature", "properties": { "Name": "821.67", "P.K.": null, "Al.Dist. Izq.": 25, "Al.Dist. Der.": 45, "Ruta": 60 }, "geometry": { "type": "Point", "coordinates": [ -64.3252137, -30.4418594 ] } },
{ "type": "Feature", "properties": { "Name": "821.72", "P.K.": null, "Al.Dist. Izq.": 25, "Al.Dist. Der.": 45, "Ruta": 60 }, "geometry": { "type": "Point", "coordinates": [ -64.3254484, -30.4414224 ] } },
{ "type": "Feature", "properties": { "Name": "821.86", "P.K.": null, "Al.Dist. Izq.": 25, "Al.Dist. Der.": 45, "Ruta": 60 }, "geometry": { "type": "Point", "coordinates": [ -64.3264356, -30.4405569 ] } },
{ "type": "Feature", "properties": { "Name": "821.86", "P.K.": null, "Al.Dist. Izq.": 25, "Al.Dist. Der.": 45, "Ruta": 60 }, "geometry": { "type": "Point", "coordinates": [ -64.3264356, -30.4405569 ] } },
{ "type": "Feature", "properties": { "Name": "821.93", "P.K.": null, "Al.Dist. Izq.": 25, "Al.Dist. Der.": 45, "Ruta": 60 }, "geometry": { "type": "Point", "coordinates": [ -64.3269715, -30.4401303 ] } },
{ "type": "Feature", "properties": { "Name": "821.94", "P.K.": null, "Al.Dist. Izq.": 25, "Al.Dist. Der.": 45, "Ruta": 60 }, "geometry": { "type": "Point", "coordinates": [ -64.3270309, -30.4400109 ] } },
{ "type": "Feature", "properties": { "Name": "822", "P.K.": "PK822", "Al.Dist. Izq.": 25, "Al.Dist. Der.": 45, "Ruta": 60 }, "geometry": { "type": "Point", "coordinates": [ -64.327503, -30.4396958 ] } },
{ "type": "Feature", "properties": { "Name": "822.14", "P.K.": null, "Al.Dist. Izq.": 25, "Al.Dist. Der.": 45, "Ruta": 60 }, "geometry": { "type": "Point", "coordinates": [ -64.3284564, -30.4386784 ] } },
{ "type": "Feature", "properties": { "Name": "822.21", "P.K.": null, "Al.Dist. Izq.": 25, "Al.Dist. Der.": 45, "Ruta": 60 }, "geometry": { "type": "Point", "coordinates": [ -64.3290395, -30.438334 ] } },
{ "type": "Feature", "properties": { "Name": "822.44", "P.K.": null, "Al.Dist. Izq.": 25, "Al.Dist. Der.": 45, "Ruta": 60 }, "geometry": { "type": "Point", "coordinates": [ -64.330782, -30.4368618 ] } },
{ "type": "Feature", "properties": { "Name": "822.53", "P.K.": null, "Al.Dist. Izq.": 25, "Al.Dist. Der.": 45, "Ruta": 60 }, "geometry": { "type": "Point", "coordinates": [ -64.3312829, -30.436299 ] } },
{ "type": "Feature", "properties": { "Name": "822.54", "P.K.": null, "Al.Dist. Izq.": 25, "Al.Dist. Der.": 45, "Ruta": 60 }, "geometry": { "type": "Point", "coordinates": [ -64.3312211, -30.436126 ] } },
{ "type": "Feature", "properties": { "Name": "822.58", "P.K.": null, "Al.Dist. Izq.": 25, "Al.Dist. Der.": 45, "Ruta": 60 }, "geometry": { "type": "Point", "coordinates": [ -64.3316131, -30.4359738 ] } },
{ "type": "Feature", "properties": { "Name": "822.62", "P.K.": null, "Al.Dist. Izq.": 25, "Al.Dist. Der.": 45, "Ruta": 60 }, "geometry": { "type": "Point", "coordinates": [ -64.3318662, -30.435698 ] } },
{ "type": "Feature", "properties": { "Name": "822.64", "P.K.": null, "Al.Dist. Izq.": 25, "Al.Dist. Der.": 45, "Ruta": 60 }, "geometry": { "type": "Point", "coordinates": [ -64.3320218, -30.435474 ] } },
{ "type": "Feature", "properties": { "Name": "822.69", "P.K.": null, "Al.Dist. Izq.": 25, "Al.Dist. Der.": 45, "Ruta": 60 }, "geometry": { "type": "Point", "coordinates": [ -64.3323001, -30.4351785 ] } },
{ "type": "Feature", "properties": { "Name": "822.71", "P.K.": null, "Al.Dist. Izq.": 25, "Al.Dist. Der.": 45, "Ruta": 60 }, "geometry": { "type": "Point", "coordinates": [ -64.3325536, -30.4350901 ] } },
{ "type": "Feature", "properties": { "Name": "822.73", "P.K.": null, "Al.Dist. Izq.": 25, "Al.Dist. Der.": 45, "Ruta": 60 }, "geometry": { "type": "Point", "coordinates": [ -64.3327058, -30.4349152 ] } },
{ "type": "Feature", "properties": { "Name": "822.73", "P.K.": null, "Al.Dist. Izq.": 25, "Al.Dist. Der.": 45, "Ruta": 60 }, "geometry": { "type": "Point", "coordinates": [ -64.3325992, -30.4348238 ] } },
{ "type": "Feature", "properties": { "Name": "822.84", "P.K.": null, "Al.Dist. Izq.": 25, "Al.Dist. Der.": 45, "Ruta": 60 }, "geometry": { "type": "Point", "coordinates": [ -64.3333807, -30.4341899 ] } },
{ "type": "Feature", "properties": { "Name": "822.85", "P.K.": null, "Al.Dist. Izq.": 25, "Al.Dist. Der.": 45, "Ruta": 60 }, "geometry": { "type": "Point", "coordinates": [ -64.3333636, -30.4339968 ] } },
{ "type": "Feature", "properties": { "Name": "822.98", "P.K.": null, "Al.Dist. Izq.": 25, "Al.Dist. Der.": 45, "Ruta": 60 }, "geometry": { "type": "Point", "coordinates": [ -64.3342259, -30.4331209 ] } },
{ "type": "Feature", "properties": { "Name": "823", "P.K.": "PK823", "Al.Dist. Izq.": 25, "Al.Dist. Der.": 45, "Ruta": 60 }, "geometry": { "type": "Point", "coordinates": [ -64.3343647, -30.4330353 ] } },
{ "type": "Feature", "properties": { "Name": "823", "P.K.": null, "Al.Dist. Izq.": null, "Al.Dist. Der.": null, "Ruta": 60 }, "geometry": { "type": "Point", "coordinates": [ -64.3343647, -30.4330353 ] } },
{ "type": "Feature", "properties": { "Name": "823.03", "P.K.": null, "Al.Dist. Izq.": null, "Al.Dist. Der.": null, "Ruta": 60 }, "geometry": { "type": "Point", "coordinates": [ -64.3346135, -30.4328222 ] } },
{ "type": "Feature", "properties": { "Name": "823.03", "P.K.": null, "Al.Dist. Izq.": null, "Al.Dist. Der.": null, "Ruta": 60 }, "geometry": { "type": "Point", "coordinates": [ -64.3345243, -30.4327797 ] } },
{ "type": "Feature", "properties": { "Name": "823.07", "P.K.": null, "Al.Dist. Izq.": null, "Al.Dist. Der.": null, "Ruta": 60 }, "geometry": { "type": "Point", "coordinates": [ -64.3348214, -30.4325147 ] } },
{ "type": "Feature", "properties": { "Name": "823.2", "P.K.": null, "Al.Dist. Izq.": null, "Al.Dist. Der.": null, "Ruta": 60 }, "geometry": { "type": "Point", "coordinates": [ -64.3356314, -30.4314552 ] } },
{ "type": "Feature", "properties": { "Name": "823.25", "P.K.": null, "Al.Dist. Izq.": null, "Al.Dist. Der.": null, "Ruta": 60 }, "geometry": { "type": "Point", "coordinates": [ -64.3360361, -30.431053 ] } },
{ "type": "Feature", "properties": { "Name": "823.3", "P.K.": null, "Al.Dist. Izq.": null, "Al.Dist. Der.": null, "Ruta": 60 }, "geometry": { "type": "Point", "coordinates": [ -64.336322, -30.4306083 ] } },
{ "type": "Feature", "properties": { "Name": "823.46", "P.K.": null, "Al.Dist. Izq.": null, "Al.Dist. Der.": null, "Ruta": 60 }, "geometry": { "type": "Point", "coordinates": [ -64.3373071, -30.4294003 ] } },
{ "type": "Feature", "properties": { "Name": "823.57", "P.K.": null, "Al.Dist. Izq.": null, "Al.Dist. Der.": null, "Ruta": 60 }, "geometry": { "type": "Point", "coordinates": [ -64.3380383, -30.4286047 ] } },
{ "type": "Feature", "properties": { "Name": "823.58", "P.K.": null, "Al.Dist. Izq.": null, "Al.Dist. Der.": null, "Ruta": 60 }, "geometry": { "type": "Point", "coordinates": [ -64.337982, -30.4284373 ] } },
{ "type": "Feature", "properties": { "Name": "823.59", "P.K.": null, "Al.Dist. Izq.": null, "Al.Dist. Der.": null, "Ruta": 60 }, "geometry": { "type": "Point", "coordinates": [ -64.3381557, -30.428309 ] } },
{ "type": "Feature", "properties": { "Name": "823.65", "P.K.": null, "Al.Dist. Izq.": null, "Al.Dist. Der.": null, "Ruta": 60 }, "geometry": { "type": "Point", "coordinates": [ -64.3385272, -30.427971 ] } },
{ "type": "Feature", "properties": { "Name": "823.73", "P.K.": null, "Al.Dist. Izq.": null, "Al.Dist. Der.": null, "Ruta": 60 }, "geometry": { "type": "Point", "coordinates": [ -64.3389139, -30.4272462 ] } },
{ "type": "Feature", "properties": { "Name": "823.84", "P.K.": null, "Al.Dist. Izq.": null, "Al.Dist. Der.": null, "Ruta": 60 }, "geometry": { "type": "Point", "coordinates": [ -64.3396507, -30.4264073 ] } },
{ "type": "Feature", "properties": { "Name": "823.93", "P.K.": null, "Al.Dist. Izq.": null, "Al.Dist. Der.": null, "Ruta": 60 }, "geometry": { "type": "Point", "coordinates": [ -64.3401509, -30.4256416 ] } },
{ "type": "Feature", "properties": { "Name": "824", "P.K.": "PK824", "Al.Dist. Izq.": null, "Al.Dist. Der.": null, "Ruta": 60 }, "geometry": { "type": "Point", "coordinates": [ -64.3406485, -30.425152 ] } },
{ "type": "Feature", "properties": { "Name": "824.03", "P.K.": null, "Al.Dist. Izq.": null, "Al.Dist. Der.": null, "Ruta": 60 }, "geometry": { "type": "Point", "coordinates": [ -64.3407236, -30.4248843 ] } },
{ "type": "Feature", "properties": { "Name": "824.12", "P.K.": null, "Al.Dist. Izq.": null, "Al.Dist. Der.": null, "Ruta": 60 }, "geometry": { "type": "Point", "coordinates": [ -64.341255, -30.4241945 ] } },
{ "type": "Feature", "properties": { "Name": "824.17", "P.K.": null, "Al.Dist. Izq.": null, "Al.Dist. Der.": null, "Ruta": 60 }, "geometry": { "type": "Point", "coordinates": [ -64.3416727, -30.4239458 ] } },
{ "type": "Feature", "properties": { "Name": "824.43", "P.K.": null, "Al.Dist. Izq.": null, "Al.Dist. Der.": null, "Ruta": 60 }, "geometry": { "type": "Point", "coordinates": [ -64.3430119, -30.4219044 ] } },
{ "type": "Feature", "properties": { "Name": "824.5", "P.K.": null, "Al.Dist. Izq.": null, "Al.Dist. Der.": null, "Ruta": 60 }, "geometry": { "type": "Point", "coordinates": [ -64.3433754, -30.4213986 ] } },
{ "type": "Feature", "properties": { "Name": "824.52", "P.K.": null, "Al.Dist. Izq.": null, "Al.Dist. Der.": null, "Ruta": 60 }, "geometry": { "type": "Point", "coordinates": [ -64.3435237, -30.4212294 ] } },
{ "type": "Feature", "properties": { "Name": "824.57", "P.K.": null, "Al.Dist. Izq.": null, "Al.Dist. Der.": null, "Ruta": 60 }, "geometry": { "type": "Point", "coordinates": [ -64.3437935, -30.4208439 ] } },
{ "type": "Feature", "properties": { "Name": "824.61", "P.K.": null, "Al.Dist. Izq.": null, "Al.Dist. Der.": null, "Ruta": 60 }, "geometry": { "type": "Point", "coordinates": [ -64.3440971, -30.4204976 ] } },
{ "type": "Feature", "properties": { "Name": "824.7", "P.K.": null, "Al.Dist. Izq.": null, "Al.Dist. Der.": null, "Ruta": 60 }, "geometry": { "type": "Point", "coordinates": [ -64.3445055, -30.4199899 ] } },
{ "type": "Feature", "properties": { "Name": "824.74", "P.K.": null, "Al.Dist. Izq.": null, "Al.Dist. Der.": null, "Ruta": 60 }, "geometry": { "type": "Point", "coordinates": [ -64.3447372, -30.4196698 ] } },
{ "type": "Feature", "properties": { "Name": "824.78", "P.K.": null, "Al.Dist. Izq.": null, "Al.Dist. Der.": null, "Ruta": 60 }, "geometry": { "type": "Point", "coordinates": [ -64.3450255, -30.4194391 ] } },
{ "type": "Feature", "properties": { "Name": "824.98", "P.K.": null, "Al.Dist. Izq.": null, "Al.Dist. Der.": null, "Ruta": 60 }, "geometry": { "type": "Point", "coordinates": [ -64.3462006, -30.4179206 ] } },
{ "type": "Feature", "properties": { "Name": "825.08", "P.K.": null, "Al.Dist. Izq.": null, "Al.Dist. Der.": null, "Ruta": 60 }, "geometry": { "type": "Point", "coordinates": [ -64.3466466, -30.4170315 ] } },
{ "type": "Feature", "properties": { "Name": "825.09", "P.K.": null, "Al.Dist. Izq.": null, "Al.Dist. Der.": null, "Ruta": 60 }, "geometry": { "type": "Point", "coordinates": [ -64.3467465, -30.4170431 ] } },
{ "type": "Feature", "properties": { "Name": "825.23", "P.K.": null, "Al.Dist. Izq.": null, "Al.Dist. Der.": null, "Ruta": 60 }, "geometry": { "type": "Point", "coordinates": [ -64.3474726, -30.4160483 ] } },
{ "type": "Feature", "properties": { "Name": "825.28", "P.K.": null, "Al.Dist. Izq.": null, "Al.Dist. Der.": null, "Ruta": 60 }, "geometry": { "type": "Point", "coordinates": [ -64.3477556, -30.4156722 ] } },
{ "type": "Feature", "properties": { "Name": "825.34", "P.K.": null, "Al.Dist. Izq.": null, "Al.Dist. Der.": null, "Ruta": 60 }, "geometry": { "type": "Point", "coordinates": [ -64.3480988, -30.4152236 ] } },
{ "type": "Feature", "properties": { "Name": "825.35", "P.K.": null, "Al.Dist. Izq.": null, "Al.Dist. Der.": null, "Ruta": 60 }, "geometry": { "type": "Point", "coordinates": [ -64.3481593, -30.4151172 ] } },
{ "type": "Feature", "properties": { "Name": "825.37", "P.K.": null, "Al.Dist. Izq.": null, "Al.Dist. Der.": null, "Ruta": 60 }, "geometry": { "type": "Point", "coordinates": [ -64.3483897, -30.4150313 ] } },
{ "type": "Feature", "properties": { "Name": "825.38", "P.K.": null, "Al.Dist. Izq.": null, "Al.Dist. Der.": null, "Ruta": 60 }, "geometry": { "type": "Point", "coordinates": [ -64.3483565, -30.4148998 ] } },
{ "type": "Feature", "properties": { "Name": "825.38", "P.K.": null, "Al.Dist. Izq.": null, "Al.Dist. Der.": null, "Ruta": 60 }, "geometry": { "type": "Point", "coordinates": [ -64.3484208, -30.414948 ] } },
{ "type": "Feature", "properties": { "Name": "825.43", "P.K.": null, "Al.Dist. Izq.": null, "Al.Dist. Der.": null, "Ruta": 60 }, "geometry": { "type": "Point", "coordinates": [ -64.348624, -30.4145299 ] } },
{ "type": "Feature", "properties": { "Name": "825.44", "P.K.": null, "Al.Dist. Izq.": null, "Al.Dist. Der.": null, "Ruta": 60 }, "geometry": { "type": "Point", "coordinates": [ -64.3486742, -30.4144786 ] } },
{ "type": "Feature", "properties": { "Name": "825.53", "P.K.": null, "Al.Dist. Izq.": null, "Al.Dist. Der.": null, "Ruta": 60 }, "geometry": { "type": "Point", "coordinates": [ -64.349192, -30.4138081 ] } },
{ "type": "Feature", "properties": { "Name": "825.55", "P.K.": null, "Al.Dist. Izq.": null, "Al.Dist. Der.": null, "Ruta": 60 }, "geometry": { "type": "Point", "coordinates": [ -64.3493207, -30.4136695 ] } },
{ "type": "Feature", "properties": { "Name": "825.57", "P.K.": null, "Al.Dist. Izq.": null, "Al.Dist. Der.": null, "Ruta": 60 }, "geometry": { "type": "Point", "coordinates": [ -64.3494222, -30.4135101 ] } },
{ "type": "Feature", "properties": { "Name": "825.6", "P.K.": null, "Al.Dist. Izq.": null, "Al.Dist. Der.": null, "Ruta": 60 }, "geometry": { "type": "Point", "coordinates": [ -64.3495926, -30.413274 ] } },
{ "type": "Feature", "properties": { "Name": "825.7", "P.K.": null, "Al.Dist. Izq.": null, "Al.Dist. Der.": null, "Ruta": 60 }, "geometry": { "type": "Point", "coordinates": [ -64.3502716, -30.4126077 ] } },
{ "type": "Feature", "properties": { "Name": "825.76", "P.K.": null, "Al.Dist. Izq.": null, "Al.Dist. Der.": null, "Ruta": 60 }, "geometry": { "type": "Point", "coordinates": [ -64.3505787, -30.4120957 ] } },
{ "type": "Feature", "properties": { "Name": "825.78", "P.K.": null, "Al.Dist. Izq.": null, "Al.Dist. Der.": null, "Ruta": 60 }, "geometry": { "type": "Point", "coordinates": [ -64.3506467, -30.4118548 ] } },
{ "type": "Feature", "properties": { "Name": "825.83", "P.K.": null, "Al.Dist. Izq.": null, "Al.Dist. Der.": null, "Ruta": 60 }, "geometry": { "type": "Point", "coordinates": [ -64.3509008, -30.4115421 ] } },
{ "type": "Feature", "properties": { "Name": "825.93", "P.K.": null, "Al.Dist. Izq.": null, "Al.Dist. Der.": null, "Ruta": 60 }, "geometry": { "type": "Point", "coordinates": [ -64.351413, -30.4108883 ] } },
{ "type": "Feature", "properties": { "Name": "825.95", "P.K.": null, "Al.Dist. Izq.": null, "Al.Dist. Der.": null, "Ruta": 60 }, "geometry": { "type": "Point", "coordinates": [ -64.3515919, -30.4107613 ] } },
{ "type": "Feature", "properties": { "Name": "825.95", "P.K.": null, "Al.Dist. Izq.": null, "Al.Dist. Der.": null, "Ruta": 60 }, "geometry": { "type": "Point", "coordinates": [ -64.3515919, -30.4107613 ] } },
{ "type": "Feature", "properties": { "Name": "825.97", "P.K.": null, "Al.Dist. Izq.": null, "Al.Dist. Der.": null, "Ruta": 60 }, "geometry": { "type": "Point", "coordinates": [ -64.3518259, -30.4107297 ] } },
{ "type": "Feature", "properties": { "Name": "826.03", "P.K.": null, "Al.Dist. Izq.": null, "Al.Dist. Der.": null, "Ruta": 60 }, "geometry": { "type": "Point", "coordinates": [ -64.3520911, -30.4102055 ] } },
{ "type": "Feature", "properties": { "Name": "826.05", "P.K.": null, "Al.Dist. Izq.": null, "Al.Dist. Der.": null, "Ruta": 60 }, "geometry": { "type": "Point", "coordinates": [ -64.3521199, -30.4099664 ] } },
{ "type": "Feature", "properties": { "Name": "826.2", "P.K.": null, "Al.Dist. Izq.": null, "Al.Dist. Der.": null, "Ruta": 60 }, "geometry": { "type": "Point", "coordinates": [ -64.3530979, -30.4089043 ] } },
{ "type": "Feature", "properties": { "Name": "826.22", "P.K.": null, "Al.Dist. Izq.": null, "Al.Dist. Der.": null, "Ruta": 60 }, "geometry": { "type": "Point", "coordinates": [ -64.353105, -30.4087232 ] } },
{ "type": "Feature", "properties": { "Name": "826.23", "P.K.": null, "Al.Dist. Izq.": null, "Al.Dist. Der.": null, "Ruta": 60 }, "geometry": { "type": "Point", "coordinates": [ -64.3531975, -30.4085944 ] } },
{ "type": "Feature", "properties": { "Name": "826.27", "P.K.": null, "Al.Dist. Izq.": null, "Al.Dist. Der.": null, "Ruta": 60 }, "geometry": { "type": "Point", "coordinates": [ -64.3534439, -30.4082757 ] } },
{ "type": "Feature", "properties": { "Name": "826.42", "P.K.": null, "Al.Dist. Izq.": null, "Al.Dist. Der.": null, "Ruta": 60 }, "geometry": { "type": "Point", "coordinates": [ -64.354281, -30.4071597 ] } },
{ "type": "Feature", "properties": { "Name": "826.44", "P.K.": null, "Al.Dist. Izq.": null, "Al.Dist. Der.": null, "Ruta": 60 }, "geometry": { "type": "Point", "coordinates": [ -64.3543957, -30.4070107 ] } },
{ "type": "Feature", "properties": { "Name": "826.52", "P.K.": null, "Al.Dist. Izq.": null, "Al.Dist. Der.": null, "Ruta": 60 }, "geometry": { "type": "Point", "coordinates": [ -64.3548545, -30.4064147 ] } },
{ "type": "Feature", "properties": { "Name": "826.53", "P.K.": null, "Al.Dist. Izq.": null, "Al.Dist. Der.": null, "Ruta": 60 }, "geometry": { "type": "Point", "coordinates": [ -64.3549034, -30.4062906 ] } },
{ "type": "Feature", "properties": { "Name": "826.53", "P.K.": null, "Al.Dist. Izq.": null, "Al.Dist. Der.": null, "Ruta": 60 }, "geometry": { "type": "Point", "coordinates": [ -64.3549034, -30.4062906 ] } },
{ "type": "Feature", "properties": { "Name": "826.56", "P.K.": null, "Al.Dist. Izq.": null, "Al.Dist. Der.": null, "Ruta": 60 }, "geometry": { "type": "Point", "coordinates": [ -64.3551317, -30.4061281 ] } },
{ "type": "Feature", "properties": { "Name": "826.56", "P.K.": null, "Al.Dist. Izq.": 25, "Al.Dist. Der.": 45, "Ruta": 60 }, "geometry": { "type": "Point", "coordinates": [ -64.3551317, -30.4061281 ] } },
{ "type": "Feature", "properties": { "Name": "826.61", "P.K.": null, "Al.Dist. Izq.": 25, "Al.Dist. Der.": 45, "Ruta": 60 }, "geometry": { "type": "Point", "coordinates": [ -64.3553442, -30.4057701 ] } },
{ "type": "Feature", "properties": { "Name": "827", "P.K.": "PK827", "Al.Dist. Izq.": 25, "Al.Dist. Der.": 45, "Ruta": 60 }, "geometry": { "type": "Point", "coordinates": [ -64.3575422, -30.4029072 ] } },
{ "type": "Feature", "properties": { "Name": "827.07", "P.K.": null, "Al.Dist. Izq.": 25, "Al.Dist. Der.": 45, "Ruta": 60 }, "geometry": { "type": "Point", "coordinates": [ -64.3579504, -30.4023452 ] } },
{ "type": "Feature", "properties": { "Name": "827.19", "P.K.": null, "Al.Dist. Izq.": 25, "Al.Dist. Der.": 45, "Ruta": 60 }, "geometry": { "type": "Point", "coordinates": [ -64.3586185, -30.4014725 ] } },
{ "type": "Feature", "properties": { "Name": "827.72", "P.K.": null, "Al.Dist. Izq.": 25, "Al.Dist. Der.": 45, "Ruta": 60 }, "geometry": { "type": "Point", "coordinates": [ -64.3617108, -30.3974548 ] } },
{ "type": "Feature", "properties": { "Name": "828.15", "P.K.": null, "Al.Dist. Izq.": 25, "Al.Dist. Der.": 45, "Ruta": 60 }, "geometry": { "type": "Point", "coordinates": [ -64.3641664, -30.3942433 ] } },
{ "type": "Feature", "properties": { "Name": "828.63", "P.K.": null, "Al.Dist. Izq.": 25, "Al.Dist. Der.": 45, "Ruta": 60 }, "geometry": { "type": "Point", "coordinates": [ -64.3669345, -30.3907192 ] } },
{ "type": "Feature", "properties": { "Name": "828.85", "P.K.": null, "Al.Dist. Izq.": 25, "Al.Dist. Der.": 45, "Ruta": 60 }, "geometry": { "type": "Point", "coordinates": [ -64.3681033, -30.3890872 ] } },
{ "type": "Feature", "properties": { "Name": "828.9", "P.K.": null, "Al.Dist. Izq.": 25, "Al.Dist. Der.": 45, "Ruta": 60 }, "geometry": { "type": "Point", "coordinates": [ -64.3683859, -30.3887115 ] } },
{ "type": "Feature", "properties": { "Name": "829.09", "P.K.": null, "Al.Dist. Izq.": 25, "Al.Dist. Der.": 45, "Ruta": 60 }, "geometry": { "type": "Point", "coordinates": [ -64.3694326, -30.3872206 ] } },
{ "type": "Feature", "properties": { "Name": "829.15", "P.K.": null, "Al.Dist. Izq.": 25, "Al.Dist. Der.": 45, "Ruta": 60 }, "geometry": { "type": "Point", "coordinates": [ -64.3697381, -30.3867891 ] } },
{ "type": "Feature", "properties": { "Name": "830", "P.K.": "PK830", "Al.Dist. Izq.": 25, "Al.Dist. Der.": 45, "Ruta": 60 }, "geometry": { "type": "Point", "coordinates": [ -64.3742359, -30.3801354 ] } },
{ "type": "Feature", "properties": { "Name": "830.2", "P.K.": null, "Al.Dist. Izq.": 25, "Al.Dist. Der.": 45, "Ruta": 60 }, "geometry": { "type": "Point", "coordinates": [ -64.3752662, -30.3786104 ] } },
{ "type": "Feature", "properties": { "Name": "831.48", "P.K.": null, "Al.Dist. Izq.": 25, "Al.Dist. Der.": 45, "Ruta": 60 }, "geometry": { "type": "Point", "coordinates": [ -64.3819996, -30.3686362 ] } },
{ "type": "Feature", "properties": { "Name": "831.55", "P.K.": null, "Al.Dist. Izq.": 25, "Al.Dist. Der.": 45, "Ruta": 60 }, "geometry": { "type": "Point", "coordinates": [ -64.3825131, -30.3681674 ] } },
{ "type": "Feature", "properties": { "Name": "832", "P.K.": "PK832", "Al.Dist. Izq.": 25, "Al.Dist. Der.": 45, "Ruta": 60 }, "geometry": { "type": "Point", "coordinates": [ -64.3847447, -30.3645907 ] } },
{ "type": "Feature", "properties": { "Name": "832.23", "P.K.": null, "Al.Dist. Izq.": 25, "Al.Dist. Der.": 45, "Ruta": 60 }, "geometry": { "type": "Point", "coordinates": [ -64.386007, -30.3627203 ] } },
{ "type": "Feature", "properties": { "Name": "832.64", "P.K.": null, "Al.Dist. Izq.": 25, "Al.Dist. Der.": 45, "Ruta": 60 }, "geometry": { "type": "Point", "coordinates": [ -64.3883229, -30.3592926 ] } },
{ "type": "Feature", "properties": { "Name": "833.72", "P.K.": null, "Al.Dist. Izq.": 25, "Al.Dist. Der.": 45, "Ruta": 60 }, "geometry": { "type": "Point", "coordinates": [ -64.3944154, -30.3504561 ] } },
{ "type": "Feature", "properties": { "Name": "833.74", "P.K.": null, "Al.Dist. Izq.": 25, "Al.Dist. Der.": 45, "Ruta": 60 }, "geometry": { "type": "Point", "coordinates": [ -64.3946279, -30.350441 ] } },
{ "type": "Feature", "properties": { "Name": "833.83", "P.K.": null, "Al.Dist. Izq.": 25, "Al.Dist. Der.": 45, "Ruta": 60 }, "geometry": { "type": "Point", "coordinates": [ -64.3949143, -30.3495628 ] } },
{ "type": "Feature", "properties": { "Name": "833.94", "P.K.": null, "Al.Dist. Izq.": 25, "Al.Dist. Der.": 45, "Ruta": 60 }, "geometry": { "type": "Point", "coordinates": [ -64.3954527, -30.3485937 ] } },
{ "type": "Feature", "properties": { "Name": "836", "P.K.": "PK836", "Al.Dist. Izq.": 25, "Al.Dist. Der.": 45, "Ruta": 60 }, "geometry": { "type": "Point", "coordinates": [ -64.4056208, -30.3336988 ] } },
{ "type": "Feature", "properties": { "Name": "836.58", "P.K.": null, "Al.Dist. Izq.": 25, "Al.Dist. Der.": 45, "Ruta": 60 }, "geometry": { "type": "Point", "coordinates": [ -64.4066768, -30.3321595 ] } },
{ "type": "Feature", "properties": { "Name": "836.66", "P.K.": null, "Al.Dist. Izq.": 25, "Al.Dist. Der.": 45, "Ruta": 60 }, "geometry": { "type": "Point", "coordinates": [ -64.4069188, -30.3318034 ] } },
{ "type": "Feature", "properties": { "Name": "836.81", "P.K.": null, "Al.Dist. Izq.": 25, "Al.Dist. Der.": 45, "Ruta": 60 }, "geometry": { "type": "Point", "coordinates": [ -64.4078163, -30.3304813 ] } },
{ "type": "Feature", "properties": { "Name": "837.05", "P.K.": null, "Al.Dist. Izq.": 25, "Al.Dist. Der.": 45, "Ruta": 60 }, "geometry": { "type": "Point", "coordinates": [ -64.409483, -30.3284911 ] } },
{ "type": "Feature", "properties": { "Name": "837.09", "P.K.": null, "Al.Dist. Izq.": 25, "Al.Dist. Der.": 45, "Ruta": 60 }, "geometry": { "type": "Point", "coordinates": [ -64.4096164, -30.3281178 ] } },
{ "type": "Feature", "properties": { "Name": "837.16", "P.K.": null, "Al.Dist. Izq.": 25, "Al.Dist. Der.": 45, "Ruta": 60 }, "geometry": { "type": "Point", "coordinates": [ -64.4100496, -30.3275506 ] } },
{ "type": "Feature", "properties": { "Name": "838.46", "P.K.": null, "Al.Dist. Izq.": 25, "Al.Dist. Der.": 45, "Ruta": 60 }, "geometry": { "type": "Point", "coordinates": [ -64.4181355, -30.3164799 ] } },
{ "type": "Feature", "properties": { "Name": "839.83", "P.K.": null, "Al.Dist. Izq.": 25, "Al.Dist. Der.": 45, "Ruta": 60 }, "geometry": { "type": "Point", "coordinates": [ -64.4270157, -30.304927 ] } },
{ "type": "Feature", "properties": { "Name": "840", "P.K.": "PK840", "Al.Dist. Izq.": 25, "Al.Dist. Der.": 45, "Ruta": 60 }, "geometry": { "type": "Point", "coordinates": [ -64.4281445, -30.3035169 ] } },
{ "type": "Feature", "properties": { "Name": "840.26", "P.K.": null, "Al.Dist. Izq.": 25, "Al.Dist. Der.": 45, "Ruta": 60 }, "geometry": { "type": "Point", "coordinates": [ -64.4295798, -30.3017013 ] } },
{ "type": "Feature", "properties": { "Name": "841", "P.K.": "PK841", "Al.Dist. Izq.": 25, "Al.Dist. Der.": 45, "Ruta": 60 }, "geometry": { "type": "Point", "coordinates": [ -64.4337248, -30.296425 ] } },
{ "type": "Feature", "properties": { "Name": "841.28", "P.K.": null, "Al.Dist. Izq.": 25, "Al.Dist. Der.": 45, "Ruta": 60 }, "geometry": { "type": "Point", "coordinates": [ -64.4352976, -30.2943361 ] } },
{ "type": "Feature", "properties": { "Name": "841.67", "P.K.": null, "Al.Dist. Izq.": 25, "Al.Dist. Der.": 45, "Ruta": 60 }, "geometry": { "type": "Point", "coordinates": [ -64.4376133, -30.2913728 ] } },
{ "type": "Feature", "properties": { "Name": "841.82", "P.K.": null, "Al.Dist. Izq.": 25, "Al.Dist. Der.": 45, "Ruta": 60 }, "geometry": { "type": "Point", "coordinates": [ -64.4386021, -30.2903268 ] } },
{ "type": "Feature", "properties": { "Name": "841.84", "P.K.": null, "Al.Dist. Izq.": 25, "Al.Dist. Der.": 45, "Ruta": 60 }, "geometry": { "type": "Point", "coordinates": [ -64.4386661, -30.2900616 ] } },
{ "type": "Feature", "properties": { "Name": "842.34", "P.K.": null, "Al.Dist. Izq.": 25, "Al.Dist. Der.": 45, "Ruta": 60 }, "geometry": { "type": "Point", "coordinates": [ -64.4416078, -30.2862613 ] } },
{ "type": "Feature", "properties": { "Name": "842.65", "P.K.": null, "Al.Dist. Izq.": 25, "Al.Dist. Der.": 45, "Ruta": 60 }, "geometry": { "type": "Point", "coordinates": [ -64.4433711, -30.283948 ] } },
{ "type": "Feature", "properties": { "Name": "842.76", "P.K.": null, "Al.Dist. Izq.": 25, "Al.Dist. Der.": 45, "Ruta": 60 }, "geometry": { "type": "Point", "coordinates": [ -64.4440393, -30.2831499 ] } },
{ "type": "Feature", "properties": { "Name": "842.81", "P.K.": null, "Al.Dist. Izq.": 25, "Al.Dist. Der.": 45, "Ruta": 60 }, "geometry": { "type": "Point", "coordinates": [ -64.4443287, -30.2827795 ] } },
{ "type": "Feature", "properties": { "Name": "842.99", "P.K.": null, "Al.Dist. Izq.": 25, "Al.Dist. Der.": 45, "Ruta": 60 }, "geometry": { "type": "Point", "coordinates": [ -64.4453708, -30.281446 ] } },
{ "type": "Feature", "properties": { "Name": "843.03", "P.K.": null, "Al.Dist. Izq.": 25, "Al.Dist. Der.": 45, "Ruta": 60 }, "geometry": { "type": "Point", "coordinates": [ -64.4457914, -30.2811187 ] } },
{ "type": "Feature", "properties": { "Name": "843.58", "P.K.": null, "Al.Dist. Izq.": 25, "Al.Dist. Der.": 45, "Ruta": 60 }, "geometry": { "type": "Point", "coordinates": [ -64.4489022, -30.2769271 ] } },
{ "type": "Feature", "properties": { "Name": "844.04", "P.K.": null, "Al.Dist. Izq.": 25, "Al.Dist. Der.": 45, "Ruta": 60 }, "geometry": { "type": "Point", "coordinates": [ -64.4516238, -30.2734459 ] } },
{ "type": "Feature", "properties": { "Name": "844.37", "P.K.": null, "Al.Dist. Izq.": 25, "Al.Dist. Der.": 45, "Ruta": 60 }, "geometry": { "type": "Point", "coordinates": [ -64.4535341, -30.2709278 ] } },
{ "type": "Feature", "properties": { "Name": "845", "P.K.": "PK845", "Al.Dist. Izq.": 25, "Al.Dist. Der.": 45, "Ruta": 60 }, "geometry": { "type": "Point", "coordinates": [ -64.457283, -30.2662064 ] } },
{ "type": "Feature", "properties": { "Name": "845.06", "P.K.": null, "Al.Dist. Izq.": 25, "Al.Dist. Der.": 45, "Ruta": 60 }, "geometry": { "type": "Point", "coordinates": [ -64.4577162, -30.2658238 ] } },
{ "type": "Feature", "properties": { "Name": "845.61", "P.K.": null, "Al.Dist. Izq.": 25, "Al.Dist. Der.": 45, "Ruta": 60 }, "geometry": { "type": "Point", "coordinates": [ -64.4608267, -30.2616656 ] } },
{ "type": "Feature", "properties": { "Name": "845.92", "P.K.": null, "Al.Dist. Izq.": 25, "Al.Dist. Der.": 45, "Ruta": 60 }, "geometry": { "type": "Point", "coordinates": [ -64.4626734, -30.2592904 ] } },
{ "type": "Feature", "properties": { "Name": "846.89", "P.K.": null, "Al.Dist. Izq.": 25, "Al.Dist. Der.": 45, "Ruta": 60 }, "geometry": { "type": "Point", "coordinates": [ -64.4682713, -30.2520908 ] } },
{ "type": "Feature", "properties": { "Name": "846.93", "P.K.": null, "Al.Dist. Izq.": 25, "Al.Dist. Der.": 45, "Ruta": 60 }, "geometry": { "type": "Point", "coordinates": [ -64.4685021, -30.2517939 ] } },
{ "type": "Feature", "properties": { "Name": "846.94", "P.K.": null, "Al.Dist. Izq.": 25, "Al.Dist. Der.": 45, "Ruta": 60 }, "geometry": { "type": "Point", "coordinates": [ -64.4685598, -30.2517197 ] } },
{ "type": "Feature", "properties": { "Name": "847.13", "P.K.": null, "Al.Dist. Izq.": 25, "Al.Dist. Der.": 45, "Ruta": 60 }, "geometry": { "type": "Point", "coordinates": [ -64.4696064, -30.2502732 ] } },
{ "type": "Feature", "properties": { "Name": "847.22", "P.K.": null, "Al.Dist. Izq.": 25, "Al.Dist. Der.": 45, "Ruta": 60 }, "geometry": { "type": "Point", "coordinates": [ -64.470063, -30.2495609 ] } },
{ "type": "Feature", "properties": { "Name": "847.47", "P.K.": null, "Al.Dist. Izq.": 25, "Al.Dist. Der.": 45, "Ruta": 60 }, "geometry": { "type": "Point", "coordinates": [ -64.4713823, -30.2476026 ] } },
{ "type": "Feature", "properties": { "Name": "848", "P.K.": "PK848", "Al.Dist. Izq.": 25, "Al.Dist. Der.": 45, "Ruta": 60 }, "geometry": { "type": "Point", "coordinates": [ -64.4738671, -30.2433145 ] } },
{ "type": "Feature", "properties": { "Name": "848.82", "P.K.": null, "Al.Dist. Izq.": 25, "Al.Dist. Der.": 45, "Ruta": 60 }, "geometry": { "type": "Point", "coordinates": [ -64.4777519, -30.236892 ] } },
{ "type": "Feature", "properties": { "Name": "848.85", "P.K.": null, "Al.Dist. Izq.": 25, "Al.Dist. Der.": 45, "Ruta": 60 }, "geometry": { "type": "Point", "coordinates": [ -64.4779239, -30.2366852 ] } },
{ "type": "Feature", "properties": { "Name": "848.86", "P.K.": null, "Al.Dist. Izq.": 25, "Al.Dist. Der.": 45, "Ruta": 60 }, "geometry": { "type": "Point", "coordinates": [ -64.4779578, -30.2365896 ] } },
{ "type": "Feature", "properties": { "Name": "849", "P.K.": "PK849", "Al.Dist. Izq.": 25, "Al.Dist. Der.": 45, "Ruta": 60 }, "geometry": { "type": "Point", "coordinates": [ -64.4785921, -30.23553 ] } },
{ "type": "Feature", "properties": { "Name": "849.67", "P.K.": null, "Al.Dist. Izq.": 25, "Al.Dist. Der.": 45, "Ruta": 60 }, "geometry": { "type": "Point", "coordinates": [ -64.4818641, -30.2301012 ] } },
{ "type": "Feature", "properties": { "Name": "849.68", "P.K.": null, "Al.Dist. Izq.": 25, "Al.Dist. Der.": 45, "Ruta": 60 }, "geometry": { "type": "Point", "coordinates": [ -64.4819108, -30.2300266 ] } },
{ "type": "Feature", "properties": { "Name": "849.72", "P.K.": null, "Al.Dist. Izq.": 25, "Al.Dist. Der.": 45, "Ruta": 60 }, "geometry": { "type": "Point", "coordinates": [ -64.4821189, -30.2297429 ] } },
{ "type": "Feature", "properties": { "Name": "849.85", "P.K.": null, "Al.Dist. Izq.": 25, "Al.Dist. Der.": 45, "Ruta": 60 }, "geometry": { "type": "Point", "coordinates": [ -64.4827417, -30.2286612 ] } },
{ "type": "Feature", "properties": { "Name": "849.98", "P.K.": null, "Al.Dist. Izq.": 25, "Al.Dist. Der.": 45, "Ruta": 60 }, "geometry": { "type": "Point", "coordinates": [ -64.483399, -30.2277189 ] } },
{ "type": "Feature", "properties": { "Name": "849.98", "P.K.": null, "Al.Dist. Izq.": 25, "Al.Dist. Der.": 45, "Ruta": 60 }, "geometry": { "type": "Point", "coordinates": [ -64.4833339, -30.2276913 ] } },
{ "type": "Feature", "properties": { "Name": "850.08", "P.K.": null, "Al.Dist. Izq.": 25, "Al.Dist. Der.": 45, "Ruta": 60 }, "geometry": { "type": "Point", "coordinates": [ -64.4838161, -30.2269454 ] } },
{ "type": "Feature", "properties": { "Name": "850.14", "P.K.": null, "Al.Dist. Izq.": 25, "Al.Dist. Der.": 45, "Ruta": 60 }, "geometry": { "type": "Point", "coordinates": [ -64.484091, -30.2264616 ] } },
{ "type": "Feature", "properties": { "Name": "850.15", "P.K.": null, "Al.Dist. Izq.": 25, "Al.Dist. Der.": 45, "Ruta": 60 }, "geometry": { "type": "Point", "coordinates": [ -64.4841119, -30.2264134 ] } },
{ "type": "Feature", "properties": { "Name": "850.25", "P.K.": null, "Al.Dist. Izq.": 25, "Al.Dist. Der.": 45, "Ruta": 60 }, "geometry": { "type": "Point", "coordinates": [ -64.4845667, -30.2255331 ] } },
{ "type": "Feature", "properties": { "Name": "850.27", "P.K.": null, "Al.Dist. Izq.": 25, "Al.Dist. Der.": 45, "Ruta": 60 }, "geometry": { "type": "Point", "coordinates": [ -64.4846026, -30.2253405 ] } },
{ "type": "Feature", "properties": { "Name": "850.3", "P.K.": null, "Al.Dist. Izq.": 25, "Al.Dist. Der.": 45, "Ruta": 60 }, "geometry": { "type": "Point", "coordinates": [ -64.4849131, -30.225193 ] } },
{ "type": "Feature", "properties": { "Name": "850.3", "P.K.": null, "Al.Dist. Izq.": 25, "Al.Dist. Der.": 45, "Ruta": 60 }, "geometry": { "type": "Point", "coordinates": [ -64.4849131, -30.225193 ] } },
{ "type": "Feature", "properties": { "Name": "850.39", "P.K.": null, "Al.Dist. Izq.": 25, "Al.Dist. Der.": 45, "Ruta": 60 }, "geometry": { "type": "Point", "coordinates": [ -64.4852889, -30.2244859 ] } },
{ "type": "Feature", "properties": { "Name": "850.56", "P.K.": null, "Al.Dist. Izq.": 25, "Al.Dist. Der.": 45, "Ruta": 60 }, "geometry": { "type": "Point", "coordinates": [ -64.4860986, -30.2230632 ] } },
{ "type": "Feature", "properties": { "Name": "850.57", "P.K.": null, "Al.Dist. Izq.": 25, "Al.Dist. Der.": 45, "Ruta": 60 }, "geometry": { "type": "Point", "coordinates": [ -64.4861818, -30.2230704 ] } },
{ "type": "Feature", "properties": { "Name": "850.66", "P.K.": null, "Al.Dist. Izq.": 25, "Al.Dist. Der.": 45, "Ruta": 60 }, "geometry": { "type": "Point", "coordinates": [ -64.4866941, -30.2223427 ] } },
{ "type": "Feature", "properties": { "Name": "850.89", "P.K.": null, "Al.Dist. Izq.": 25, "Al.Dist. Der.": 45, "Ruta": 60 }, "geometry": { "type": "Point", "coordinates": [ -64.487722, -30.2205204 ] } },
{ "type": "Feature", "properties": { "Name": "851", "P.K.": "PK851", "Al.Dist. Izq.": 25, "Al.Dist. Der.": 45, "Ruta": 60 }, "geometry": { "type": "Point", "coordinates": [ -64.4882645, -30.2195754 ] } },
{ "type": "Feature", "properties": { "Name": "851.03", "P.K.": null, "Al.Dist. Izq.": 25, "Al.Dist. Der.": 45, "Ruta": 60 }, "geometry": { "type": "Point", "coordinates": [ -64.4883939, -30.2193679 ] } },
{ "type": "Feature", "properties": { "Name": "851.04", "P.K.": null, "Al.Dist. Izq.": 25, "Al.Dist. Der.": 45, "Ruta": 60 }, "geometry": { "type": "Point", "coordinates": [ -64.4884824, -30.2192662 ] } },
{ "type": "Feature", "properties": { "Name": "851.09", "P.K.": null, "Al.Dist. Izq.": 25, "Al.Dist. Der.": 45, "Ruta": 60 }, "geometry": { "type": "Point", "coordinates": [ -64.4887111, -30.218909 ] } },
{ "type": "Feature", "properties": { "Name": "851.28", "P.K.": null, "Al.Dist. Izq.": 25, "Al.Dist. Der.": 45, "Ruta": 60 }, "geometry": { "type": "Point", "coordinates": [ -64.4896435, -30.2172817 ] } },
{ "type": "Feature", "properties": { "Name": "851.34", "P.K.": null, "Al.Dist. Izq.": 25, "Al.Dist. Der.": 45, "Ruta": 60 }, "geometry": { "type": "Point", "coordinates": [ -64.489958, -30.2167834 ] } },
{ "type": "Feature", "properties": { "Name": "851.35", "P.K.": null, "Al.Dist. Izq.": 25, "Al.Dist. Der.": 45, "Ruta": 60 }, "geometry": { "type": "Point", "coordinates": [ -64.4900364, -30.2167109 ] } },
{ "type": "Feature", "properties": { "Name": "851.38", "P.K.": null, "Al.Dist. Izq.": 25, "Al.Dist. Der.": 45, "Ruta": 60 }, "geometry": { "type": "Point", "coordinates": [ -64.4901534, -30.2164566 ] } },
{ "type": "Feature", "properties": { "Name": "851.71", "P.K.": null, "Al.Dist. Izq.": 25, "Al.Dist. Der.": 45, "Ruta": 60 }, "geometry": { "type": "Point", "coordinates": [ -64.4916293, -30.2137925 ] } },
{ "type": "Feature", "properties": { "Name": "851.72", "P.K.": null, "Al.Dist. Izq.": 25, "Al.Dist. Der.": 45, "Ruta": 60 }, "geometry": { "type": "Point", "coordinates": [ -64.4917252, -30.2138027 ] } },
{ "type": "Feature", "properties": { "Name": "851.74", "P.K.": null, "Al.Dist. Izq.": 25, "Al.Dist. Der.": 45, "Ruta": 60 }, "geometry": { "type": "Point", "coordinates": [ -64.4918808, -30.2136013 ] } },
{ "type": "Feature", "properties": { "Name": "851.82", "P.K.": null, "Al.Dist. Izq.": 25, "Al.Dist. Der.": 45, "Ruta": 60 }, "geometry": { "type": "Point", "coordinates": [ -64.492316, -30.212879 ] } },
{ "type": "Feature", "properties": { "Name": "851.84", "P.K.": null, "Al.Dist. Izq.": 25, "Al.Dist. Der.": 45, "Ruta": 60 }, "geometry": { "type": "Point", "coordinates": [ -64.4923079, -30.2127104 ] } },
{ "type": "Feature", "properties": { "Name": "851.86", "P.K.": null, "Al.Dist. Izq.": 25, "Al.Dist. Der.": 45, "Ruta": 60 }, "geometry": { "type": "Point", "coordinates": [ -64.4924628, -30.2125687 ] } },
{ "type": "Feature", "properties": { "Name": "851.9", "P.K.": null, "Al.Dist. Izq.": 25, "Al.Dist. Der.": 45, "Ruta": 60 }, "geometry": { "type": "Point", "coordinates": [ -64.492547, -30.2122283 ] } },
{ "type": "Feature", "properties": { "Name": "851.9", "P.K.": null, "Al.Dist. Izq.": 25, "Al.Dist. Der.": 45, "Ruta": 60 }, "geometry": { "type": "Point", "coordinates": [ -64.4927606, -30.2122966 ] } },
{ "type": "Feature", "properties": { "Name": "851.93", "P.K.": null, "Al.Dist. Izq.": 25, "Al.Dist. Der.": 45, "Ruta": 60 }, "geometry": { "type": "Point", "coordinates": [ -64.4928065, -30.2118933 ] } },
{ "type": "Feature", "properties": { "Name": "851.93", "P.K.": null, "Al.Dist. Izq.": 25, "Al.Dist. Der.": 45, "Ruta": 60 }, "geometry": { "type": "Point", "coordinates": [ -64.4928065, -30.2118933 ] } },
{ "type": "Feature", "properties": { "Name": "851.99", "P.K.": null, "Al.Dist. Izq.": 25, "Al.Dist. Der.": 45, "Ruta": 60 }, "geometry": { "type": "Point", "coordinates": [ -64.4929383, -30.2115723 ] } },
{ "type": "Feature", "properties": { "Name": "852", "P.K.": "PK852", "Al.Dist. Izq.": 25, "Al.Dist. Der.": 45, "Ruta": 60 }, "geometry": { "type": "Point", "coordinates": [ -64.493118, -30.2115752 ] } },
{ "type": "Feature", "properties": { "Name": "852.03", "P.K.": null, "Al.Dist. Izq.": 25, "Al.Dist. Der.": 45, "Ruta": 60 }, "geometry": { "type": "Point", "coordinates": [ -64.4932571, -30.2113556 ] } },
{ "type": "Feature", "properties": { "Name": "852.03", "P.K.": null, "Al.Dist. Izq.": 25, "Al.Dist. Der.": 45, "Ruta": 60 }, "geometry": { "type": "Point", "coordinates": [ -64.4931173, -30.2112753 ] } },
{ "type": "Feature", "properties": { "Name": "852.07", "P.K.": null, "Al.Dist. Izq.": 25, "Al.Dist. Der.": 45, "Ruta": 60 }, "geometry": { "type": "Point", "coordinates": [ -64.4933568, -30.2109495 ] } },
{ "type": "Feature", "properties": { "Name": "852.19", "P.K.": null, "Al.Dist. Izq.": 25, "Al.Dist. Der.": 45, "Ruta": 60 }, "geometry": { "type": "Point", "coordinates": [ -64.4939641, -30.210024 ] } },
{ "type": "Feature", "properties": { "Name": "852.22", "P.K.": null, "Al.Dist. Izq.": 25, "Al.Dist. Der.": 45, "Ruta": 60 }, "geometry": { "type": "Point", "coordinates": [ -64.4941617, -30.2097953 ] } },
{ "type": "Feature", "properties": { "Name": "852.31", "P.K.": null, "Al.Dist. Izq.": 25, "Al.Dist. Der.": 45, "Ruta": 60 }, "geometry": { "type": "Point", "coordinates": [ -64.494505, -30.2090592 ] } },
{ "type": "Feature", "properties": { "Name": "852.41", "P.K.": null, "Al.Dist. Izq.": 25, "Al.Dist. Der.": 45, "Ruta": 60 }, "geometry": { "type": "Point", "coordinates": [ -64.4950059, -30.2082194 ] } },
{ "type": "Feature", "properties": { "Name": "852.46", "P.K.": null, "Al.Dist. Izq.": 25, "Al.Dist. Der.": 45, "Ruta": 60 }, "geometry": { "type": "Point", "coordinates": [ -64.4951297, -30.2078246 ] } },
{ "type": "Feature", "properties": { "Name": "852.46", "P.K.": null, "Al.Dist. Izq.": 45, "Al.Dist. Der.": 25, "Ruta": 60 }, "geometry": { "type": "Point", "coordinates": [ -64.4951297, -30.2078246 ] } },
{ "type": "Feature", "properties": { "Name": "852.66", "P.K.": null, "Al.Dist. Izq.": 45, "Al.Dist. Der.": 25, "Ruta": 60 }, "geometry": { "type": "Point", "coordinates": [ -64.4958737, -30.2062375 ] } },
{ "type": "Feature", "properties": { "Name": "852.76", "P.K.": null, "Al.Dist. Izq.": 45, "Al.Dist. Der.": 25, "Ruta": 60 }, "geometry": { "type": "Point", "coordinates": [ -64.4963738, -30.2054193 ] } },
{ "type": "Feature", "properties": { "Name": "852.81", "P.K.": null, "Al.Dist. Izq.": 45, "Al.Dist. Der.": 25, "Ruta": 60 }, "geometry": { "type": "Point", "coordinates": [ -64.4964622, -30.2049851 ] } },
{ "type": "Feature", "properties": { "Name": "852.89", "P.K.": null, "Al.Dist. Izq.": 45, "Al.Dist. Der.": 25, "Ruta": 60 }, "geometry": { "type": "Point", "coordinates": [ -64.4967761, -30.2043171 ] } },
{ "type": "Feature", "properties": { "Name": "853.08", "P.K.": null, "Al.Dist. Izq.": 45, "Al.Dist. Der.": 25, "Ruta": 60 }, "geometry": { "type": "Point", "coordinates": [ -64.4975071, -30.202724 ] } },
{ "type": "Feature", "properties": { "Name": "853.08", "P.K.": null, "Al.Dist. Izq.": 25, "Al.Dist. Der.": 45, "Ruta": 60 }, "geometry": { "type": "Point", "coordinates": [ -64.4975071, -30.202724 ] } },
{ "type": "Feature", "properties": { "Name": "853.24", "P.K.": null, "Al.Dist. Izq.": 25, "Al.Dist. Der.": 45, "Ruta": 60 }, "geometry": { "type": "Point", "coordinates": [ -64.4980412, -30.2012974 ] } },
{ "type": "Feature", "properties": { "Name": "853.26", "P.K.": null, "Al.Dist. Izq.": 25, "Al.Dist. Der.": 45, "Ruta": 60 }, "geometry": { "type": "Point", "coordinates": [ -64.4981984, -30.2012141 ] } },
{ "type": "Feature", "properties": { "Name": "853.26", "P.K.": null, "Al.Dist. Izq.": 45, "Al.Dist. Der.": 25, "Ruta": 60 }, "geometry": { "type": "Point", "coordinates": [ -64.4981984, -30.2012141 ] } },
{ "type": "Feature", "properties": { "Name": "853.32", "P.K.": null, "Al.Dist. Izq.": 45, "Al.Dist. Der.": 25, "Ruta": 60 }, "geometry": { "type": "Point", "coordinates": [ -64.4985401, -30.2007732 ] } },
{ "type": "Feature", "properties": { "Name": "854", "P.K.": "PK854", "Al.Dist. Izq.": 45, "Al.Dist. Der.": 25, "Ruta": 60 }, "geometry": { "type": "Point", "coordinates": [ -64.5010962, -30.195133 ] } },
{ "type": "Feature", "properties": { "Name": "854.42", "P.K.": null, "Al.Dist. Izq.": 45, "Al.Dist. Der.": 25, "Ruta": 60 }, "geometry": { "type": "Point", "coordinates": [ -64.5027196, -30.1915755 ] } },
{ "type": "Feature", "properties": { "Name": "854.68", "P.K.": null, "Al.Dist. Izq.": 45, "Al.Dist. Der.": 25, "Ruta": 60 }, "geometry": { "type": "Point", "coordinates": [ -64.5036768, -30.1894878 ] } },
{ "type": "Feature", "properties": { "Name": "855.74", "P.K.": null, "Al.Dist. Izq.": 45, "Al.Dist. Der.": 25, "Ruta": 60 }, "geometry": { "type": "Point", "coordinates": [ -64.5078825, -30.1807221 ] } },
{ "type": "Feature", "properties": { "Name": "856", "P.K.": "PK856", "Al.Dist. Izq.": 45, "Al.Dist. Der.": 25, "Ruta": 60 }, "geometry": { "type": "Point", "coordinates": [ -64.5089953, -30.1786484 ] } },
{ "type": "Feature", "properties": { "Name": "856.14", "P.K.": null, "Al.Dist. Izq.": 45, "Al.Dist. Der.": 25, "Ruta": 60 }, "geometry": { "type": "Point", "coordinates": [ -64.5094895, -30.1773928 ] } },
{ "type": "Feature", "properties": { "Name": "857.96", "P.K.": null, "Al.Dist. Izq.": 45, "Al.Dist. Der.": 25, "Ruta": 60 }, "geometry": { "type": "Point", "coordinates": [ -64.5168039, -30.1622178 ] } },
{ "type": "Feature", "properties": { "Name": "858", "P.K.": "PK858", "Al.Dist. Izq.": 45, "Al.Dist. Der.": 25, "Ruta": 60 }, "geometry": { "type": "Point", "coordinates": [ -64.5169276, -30.1618798 ] } },
{ "type": "Feature", "properties": { "Name": "859.18", "P.K.": null, "Al.Dist. Izq.": 45, "Al.Dist. Der.": 25, "Ruta": 60 }, "geometry": { "type": "Point", "coordinates": [ -64.5216484, -30.1520953 ] } },
{ "type": "Feature", "properties": { "Name": "859.31", "P.K.": null, "Al.Dist. Izq.": 45, "Al.Dist. Der.": 25, "Ruta": 60 }, "geometry": { "type": "Point", "coordinates": [ -64.5222018, -30.1510196 ] } },
{ "type": "Feature", "properties": { "Name": "859.32", "P.K.": null, "Al.Dist. Izq.": 45, "Al.Dist. Der.": 25, "Ruta": 60 }, "geometry": { "type": "Point", "coordinates": [ -64.522182, -30.1508946 ] } },
{ "type": "Feature", "properties": { "Name": "859.37", "P.K.": null, "Al.Dist. Izq.": 45, "Al.Dist. Der.": 25, "Ruta": 60 }, "geometry": { "type": "Point", "coordinates": [ -64.5224875, -30.1505392 ] } },
{ "type": "Feature", "properties": { "Name": "859.38", "P.K.": null, "Al.Dist. Izq.": 45, "Al.Dist. Der.": 25, "Ruta": 60 }, "geometry": { "type": "Point", "coordinates": [ -64.5225612, -30.150514 ] } },
{ "type": "Feature", "properties": { "Name": "859.66", "P.K.": null, "Al.Dist. Izq.": 45, "Al.Dist. Der.": 25, "Ruta": 60 }, "geometry": { "type": "Point", "coordinates": [ -64.523721, -30.1481456 ] } },
{ "type": "Feature", "properties": { "Name": "860", "P.K.": "PK860", "Al.Dist. Izq.": 45, "Al.Dist. Der.": 25, "Ruta": 60 }, "geometry": { "type": "Point", "coordinates": [ -64.5250084, -30.1453716 ] } },
{ "type": "Feature", "properties": { "Name": "861.09", "P.K.": null, "Al.Dist. Izq.": 45, "Al.Dist. Der.": 25, "Ruta": 60 }, "geometry": { "type": "Point", "coordinates": [ -64.5292869, -30.1363482 ] } },
{ "type": "Feature", "properties": { "Name": "861.65", "P.K.": null, "Al.Dist. Izq.": 45, "Al.Dist. Der.": 25, "Ruta": 60 }, "geometry": { "type": "Point", "coordinates": [ -64.5315353, -30.1316946 ] } },
{ "type": "Feature", "properties": { "Name": "861.9", "P.K.": null, "Al.Dist. Izq.": 45, "Al.Dist. Der.": 25, "Ruta": 60 }, "geometry": { "type": "Point", "coordinates": [ -64.5325108, -30.1295768 ] } },
{ "type": "Feature", "properties": { "Name": "862.86", "P.K.": null, "Al.Dist. Izq.": 45, "Al.Dist. Der.": 25, "Ruta": 60 }, "geometry": { "type": "Point", "coordinates": [ -64.5364051, -30.1215665 ] } },
{ "type": "Feature", "properties": { "Name": "862.9", "P.K.": null, "Al.Dist. Izq.": 45, "Al.Dist. Der.": 25, "Ruta": 60 }, "geometry": { "type": "Point", "coordinates": [ -64.5365781, -30.1212672 ] } },
{ "type": "Feature", "properties": { "Name": "863.81", "P.K.": null, "Al.Dist. Izq.": 45, "Al.Dist. Der.": 25, "Ruta": 60 }, "geometry": { "type": "Point", "coordinates": [ -64.5401262, -30.1137894 ] } },
{ "type": "Feature", "properties": { "Name": "864", "P.K.": "PK864", "Al.Dist. Izq.": 45, "Al.Dist. Der.": 25, "Ruta": 60 }, "geometry": { "type": "Point", "coordinates": [ -64.5409461, -30.1122286 ] } },
{ "type": "Feature", "properties": { "Name": "864.55", "P.K.": null, "Al.Dist. Izq.": 45, "Al.Dist. Der.": 25, "Ruta": 60 }, "geometry": { "type": "Point", "coordinates": [ -64.5430516, -30.1076472 ] } },
{ "type": "Feature", "properties": { "Name": "865.49", "P.K.": null, "Al.Dist. Izq.": 45, "Al.Dist. Der.": 25, "Ruta": 60 }, "geometry": { "type": "Point", "coordinates": [ -64.5468513, -30.0998459 ] } },
{ "type": "Feature", "properties": { "Name": "865.52", "P.K.": null, "Al.Dist. Izq.": 45, "Al.Dist. Der.": 25, "Ruta": 60 }, "geometry": { "type": "Point", "coordinates": [ -64.5469412, -30.099682 ] } },
{ "type": "Feature", "properties": { "Name": "866", "P.K.": "PK866", "Al.Dist. Izq.": 45, "Al.Dist. Der.": 25, "Ruta": 60 }, "geometry": { "type": "Point", "coordinates": [ -64.5488844, -30.0957292 ] } },
{ "type": "Feature", "properties": { "Name": "866.92", "P.K.": null, "Al.Dist. Izq.": 45, "Al.Dist. Der.": 25, "Ruta": 60 }, "geometry": { "type": "Point", "coordinates": [ -64.5525762, -30.0880306 ] } },
{ "type": "Feature", "properties": { "Name": "867", "P.K.": "PK867", "Al.Dist. Izq.": 45, "Al.Dist. Der.": 25, "Ruta": 60 }, "geometry": { "type": "Point", "coordinates": [ -64.552888, -30.0873985 ] } },
{ "type": "Feature", "properties": { "Name": "868", "P.K.": "PK868", "Al.Dist. Izq.": 45, "Al.Dist. Der.": 25, "Ruta": 60 }, "geometry": { "type": "Point", "coordinates": [ -64.556804, -30.0792384 ] } },
{ "type": "Feature", "properties": { "Name": "868.11", "P.K.": null, "Al.Dist. Izq.": 45, "Al.Dist. Der.": 25, "Ruta": 60 }, "geometry": { "type": "Point", "coordinates": [ -64.5572231, -30.0783614 ] } },
{ "type": "Feature", "properties": { "Name": "868.19", "P.K.": null, "Al.Dist. Izq.": 45, "Al.Dist. Der.": 25, "Ruta": 60 }, "geometry": { "type": "Point", "coordinates": [ -64.5575912, -30.0776477 ] } },
{ "type": "Feature", "properties": { "Name": "868.86", "P.K.": null, "Al.Dist. Izq.": 45, "Al.Dist. Der.": 25, "Ruta": 60 }, "geometry": { "type": "Point", "coordinates": [ -64.5602858, -30.0719618 ] } },
{ "type": "Feature", "properties": { "Name": "869", "P.K.": "PK869", "Al.Dist. Izq.": 45, "Al.Dist. Der.": 25, "Ruta": 60 }, "geometry": { "type": "Point", "coordinates": [ -64.5608759, -30.0708363 ] } },
{ "type": "Feature", "properties": { "Name": "869.77", "P.K.": null, "Al.Dist. Izq.": 45, "Al.Dist. Der.": 25, "Ruta": 60 }, "geometry": { "type": "Point", "coordinates": [ -64.5639187, -30.0644242 ] } },
{ "type": "Feature", "properties": { "Name": "870", "P.K.": "PK870", "Al.Dist. Izq.": 45, "Al.Dist. Der.": 25, "Ruta": 60 }, "geometry": { "type": "Point", "coordinates": [ -64.5648788, -30.0625766 ] } },
{ "type": "Feature", "properties": { "Name": "870.04", "P.K.": null, "Al.Dist. Izq.": 45, "Al.Dist. Der.": 25, "Ruta": 60 }, "geometry": { "type": "Point", "coordinates": [ -64.565025, -30.0621994 ] } },
{ "type": "Feature", "properties": { "Name": "871.51", "P.K.": null, "Al.Dist. Izq.": 45, "Al.Dist. Der.": 25, "Ruta": 60 }, "geometry": { "type": "Point", "coordinates": [ -64.5708591, -30.0500788 ] } },
{ "type": "Feature", "properties": { "Name": "872.34", "P.K.": null, "Al.Dist. Izq.": 45, "Al.Dist. Der.": 25, "Ruta": 60 }, "geometry": { "type": "Point", "coordinates": [ -64.5741529, -30.043187 ] } },
{ "type": "Feature", "properties": { "Name": "873", "P.K.": "PK873", "Al.Dist. Izq.": 45, "Al.Dist. Der.": 25, "Ruta": 60 }, "geometry": { "type": "Point", "coordinates": [ -64.5766818, -30.0376698 ] } },
{ "type": "Feature", "properties": { "Name": "873.49", "P.K.": null, "Al.Dist. Izq.": 45, "Al.Dist. Der.": 25, "Ruta": 60 }, "geometry": { "type": "Point", "coordinates": [ -64.5787295, -30.0336703 ] } },
{ "type": "Feature", "properties": { "Name": "873.87", "P.K.": null, "Al.Dist. Izq.": 45, "Al.Dist. Der.": 25, "Ruta": 60 }, "geometry": { "type": "Point", "coordinates": [ -64.5802874, -30.0305361 ] } },
{ "type": "Feature", "properties": { "Name": "874", "P.K.": "PK874", "Al.Dist. Izq.": 45, "Al.Dist. Der.": 25, "Ruta": 60 }, "geometry": { "type": "Point", "coordinates": [ -64.5808483, -30.0294253 ] } },
{ "type": "Feature", "properties": { "Name": "874.85", "P.K.": null, "Al.Dist. Izq.": 45, "Al.Dist. Der.": 25, "Ruta": 60 }, "geometry": { "type": "Point", "coordinates": [ -64.5841743, -30.0223666 ] } },
{ "type": "Feature", "properties": { "Name": "875.8", "P.K.": null, "Al.Dist. Izq.": 45, "Al.Dist. Der.": 25, "Ruta": 60 }, "geometry": { "type": "Point", "coordinates": [ -64.5880177, -30.0143875 ] } },
{ "type": "Feature", "properties": { "Name": "877", "P.K.": "PK877", "Al.Dist. Izq.": 45, "Al.Dist. Der.": 25, "Ruta": 60 }, "geometry": { "type": "Point", "coordinates": [ -64.5928187, -30.0044652 ] } },
{ "type": "Feature", "properties": { "Name": "877.23", "P.K.": null, "Al.Dist. Izq.": 45, "Al.Dist. Der.": 25, "Ruta": 60 }, "geometry": { "type": "Point", "coordinates": [ -64.5937809, -30.0025892 ] } },
{ "type": "Feature", "properties": { "Name": "877.72", "P.K.": null, "Al.Dist. Izq.": 45, "Al.Dist. Der.": 25, "Ruta": 60 }, "geometry": { "type": "Point", "coordinates": [ -64.5956196, -29.9985539 ] } },
{ "type": "Feature", "properties": { "Name": "877.92", "P.K.": null, "Al.Dist. Izq.": 45, "Al.Dist. Der.": 25, "Ruta": 60 }, "geometry": { "type": "Point", "coordinates": [ -64.5964161, -29.9968722 ] } },
{ "type": "Feature", "properties": { "Name": "878", "P.K.": "PK878", "Al.Dist. Izq.": 45, "Al.Dist. Der.": 25, "Ruta": 60 }, "geometry": { "type": "Point", "coordinates": [ -64.596892, -29.9963053 ] } },
{ "type": "Feature", "properties": { "Name": "878", "P.K.": null, "Al.Dist. Izq.": 45, "Al.Dist. Der.": 25, "Ruta": 60 }, "geometry": { "type": "Point", "coordinates": [ -64.596892, -29.9963053 ] } },
{ "type": "Feature", "properties": { "Name": "878.01", "P.K.": null, "Al.Dist. Izq.": 45, "Al.Dist. Der.": 25, "Ruta": 60 }, "geometry": { "type": "Point", "coordinates": [ -64.5969594, -29.9962214 ] } },
{ "type": "Feature", "properties": { "Name": "878.08", "P.K.": null, "Al.Dist. Izq.": 45, "Al.Dist. Der.": 25, "Ruta": 60 }, "geometry": { "type": "Point", "coordinates": [ -64.5972641, -29.9955756 ] } },
{ "type": "Feature", "properties": { "Name": "878.09", "P.K.": null, "Al.Dist. Izq.": 45, "Al.Dist. Der.": 25, "Ruta": 60 }, "geometry": { "type": "Point", "coordinates": [ -64.5971541, -29.9955068 ] } },
{ "type": "Feature", "properties": { "Name": "878.1", "P.K.": null, "Al.Dist. Izq.": 45, "Al.Dist. Der.": 25, "Ruta": 60 }, "geometry": { "type": "Point", "coordinates": [ -64.597178, -29.9953325 ] } },
{ "type": "Feature", "properties": { "Name": "878.26", "P.K.": null, "Al.Dist. Izq.": 45, "Al.Dist. Der.": 25, "Ruta": 60 }, "geometry": { "type": "Point", "coordinates": [ -64.5979078, -29.9941362 ] } },
{ "type": "Feature", "properties": { "Name": "878.42", "P.K.": null, "Al.Dist. Izq.": 45, "Al.Dist. Der.": 25, "Ruta": 60 }, "geometry": { "type": "Point", "coordinates": [ -64.5985264, -29.9927343 ] } },
{ "type": "Feature", "properties": { "Name": "879", "P.K.": "PK879", "Al.Dist. Izq.": 45, "Al.Dist. Der.": 25, "Ruta": 60 }, "geometry": { "type": "Point", "coordinates": [ -64.600809, -29.9878302 ] } },
{ "type": "Feature", "properties": { "Name": "879.93", "P.K.": null, "Al.Dist. Izq.": 45, "Al.Dist. Der.": 25, "Ruta": 60 }, "geometry": { "type": "Point", "coordinates": [ -64.6045212, -29.980127 ] } },
{ "type": "Feature", "properties": { "Name": "880", "P.K.": "PK880", "Al.Dist. Izq.": 45, "Al.Dist. Der.": 25, "Ruta": 60 }, "geometry": { "type": "Point", "coordinates": [ -64.6048541, -29.9795688 ] } },
{ "type": "Feature", "properties": { "Name": "881", "P.K.": "PK881", "Al.Dist. Izq.": 45, "Al.Dist. Der.": 25, "Ruta": 60 }, "geometry": { "type": "Point", "coordinates": [ -64.6088104, -29.9712854 ] } },
{ "type": "Feature", "properties": { "Name": "882.14", "P.K.": null, "Al.Dist. Izq.": 45, "Al.Dist. Der.": 25, "Ruta": 60 }, "geometry": { "type": "Point", "coordinates": [ -64.6133346, -29.9618308 ] } },
{ "type": "Feature", "properties": { "Name": "884", "P.K.": "PK884", "Al.Dist. Izq.": 45, "Al.Dist. Der.": 25, "Ruta": 60 }, "geometry": { "type": "Point", "coordinates": [ -64.6207928, -29.9464702 ] } },
{ "type": "Feature", "properties": { "Name": "884.04", "P.K.": null, "Al.Dist. Izq.": 45, "Al.Dist. Der.": 25, "Ruta": 60 }, "geometry": { "type": "Point", "coordinates": [ -64.6209269, -29.9461283 ] } },
{ "type": "Feature", "properties": { "Name": "884.21", "P.K.": null, "Al.Dist. Izq.": 45, "Al.Dist. Der.": 25, "Ruta": 60 }, "geometry": { "type": "Point", "coordinates": [ -64.6215743, -29.9446824 ] } },
{ "type": "Feature", "properties": { "Name": "885", "P.K.": "PK885", "Al.Dist. Izq.": 45, "Al.Dist. Der.": 25, "Ruta": 60 }, "geometry": { "type": "Point", "coordinates": [ -64.6246317, -29.9381937 ] } },
{ "type": "Feature", "properties": { "Name": "885.86", "P.K.": null, "Al.Dist. Izq.": 45, "Al.Dist. Der.": 25, "Ruta": 60 }, "geometry": { "type": "Point", "coordinates": [ -64.6282253, -29.930854 ] } },
{ "type": "Feature", "properties": { "Name": "886.31", "P.K.": null, "Al.Dist. Izq.": 45, "Al.Dist. Der.": 25, "Ruta": 60 }, "geometry": { "type": "Point", "coordinates": [ -64.6300377, -29.927053 ] } },
{ "type": "Feature", "properties": { "Name": "886.56", "P.K.": null, "Al.Dist. Izq.": 45, "Al.Dist. Der.": 25, "Ruta": 60 }, "geometry": { "type": "Point", "coordinates": [ -64.6310838, -29.924921 ] } },
{ "type": "Feature", "properties": { "Name": "887", "P.K.": "PK887", "Al.Dist. Izq.": 45, "Al.Dist. Der.": 25, "Ruta": 60 }, "geometry": { "type": "Point", "coordinates": [ -64.6328879, -29.9211917 ] } },
{ "type": "Feature", "properties": { "Name": "888.6", "P.K.": null, "Al.Dist. Izq.": 45, "Al.Dist. Der.": 25, "Ruta": 60 }, "geometry": { "type": "Point", "coordinates": [ -64.639063, -29.9079798 ] } },
{ "type": "Feature", "properties": { "Name": "888.93", "P.K.": null, "Al.Dist. Izq.": 45, "Al.Dist. Der.": 25, "Ruta": 60 }, "geometry": { "type": "Point", "coordinates": [ -64.6405859, -29.9052577 ] } },
{ "type": "Feature", "properties": { "Name": "889.69", "P.K.": null, "Al.Dist. Izq.": 45, "Al.Dist. Der.": 25, "Ruta": 60 }, "geometry": { "type": "Point", "coordinates": [ -64.6435471, -29.8990192 ] } },
{ "type": "Feature", "properties": { "Name": "890", "P.K.": "PK890", "Al.Dist. Izq.": 45, "Al.Dist. Der.": 25, "Ruta": 60 }, "geometry": { "type": "Point", "coordinates": [ -64.6448965, -29.8964517 ] } },
{ "type": "Feature", "properties": { "Name": "890.17", "P.K.": null, "Al.Dist. Izq.": 45, "Al.Dist. Der.": 25, "Ruta": 60 }, "geometry": { "type": "Point", "coordinates": [ -64.6455409, -29.8950874 ] } },
{ "type": "Feature", "properties": { "Name": "891", "P.K.": "PK891", "Al.Dist. Izq.": 45, "Al.Dist. Der.": 25, "Ruta": 60 }, "geometry": { "type": "Point", "coordinates": [ -64.6488024, -29.8880725 ] } },
{ "type": "Feature", "properties": { "Name": "891.02", "P.K.": null, "Al.Dist. Izq.": 45, "Al.Dist. Der.": 25, "Ruta": 60 }, "geometry": { "type": "Point", "coordinates": [ -64.6487632, -29.8878589 ] } },
{ "type": "Feature", "properties": { "Name": "891.24", "P.K.": null, "Al.Dist. Izq.": 45, "Al.Dist. Der.": 25, "Ruta": 60 }, "geometry": { "type": "Point", "coordinates": [ -64.6497875, -29.8860415 ] } },
{ "type": "Feature", "properties": { "Name": "891.84", "P.K.": null, "Al.Dist. Izq.": 45, "Al.Dist. Der.": 25, "Ruta": 60 }, "geometry": { "type": "Point", "coordinates": [ -64.652143, -29.8811859 ] } },
{ "type": "Feature", "properties": { "Name": "892", "P.K.": "PK892", "Al.Dist. Izq.": 45, "Al.Dist. Der.": 25, "Ruta": 60 }, "geometry": { "type": "Point", "coordinates": [ -64.6528864, -29.8798499 ] } },
{ "type": "Feature", "properties": { "Name": "892.46", "P.K.": null, "Al.Dist. Izq.": 45, "Al.Dist. Der.": 25, "Ruta": 60 }, "geometry": { "type": "Point", "coordinates": [ -64.654772, -29.8760898 ] } },
{ "type": "Feature", "properties": { "Name": "893.14", "P.K.": null, "Al.Dist. Izq.": 45, "Al.Dist. Der.": 25, "Ruta": 60 }, "geometry": { "type": "Point", "coordinates": [ -64.6574281, -29.8704653 ] } },
{ "type": "Feature", "properties": { "Name": "893.55", "P.K.": null, "Al.Dist. Izq.": 45, "Al.Dist. Der.": 25, "Ruta": 60 }, "geometry": { "type": "Point", "coordinates": [ -64.6591132, -29.8670384 ] } },
{ "type": "Feature", "properties": { "Name": "894.61", "P.K.": null, "Al.Dist. Izq.": 45, "Al.Dist. Der.": 25, "Ruta": 60 }, "geometry": { "type": "Point", "coordinates": [ -64.6633504, -29.8582485 ] } },
{ "type": "Feature", "properties": { "Name": "894.65", "P.K.": null, "Al.Dist. Izq.": 45, "Al.Dist. Der.": 25, "Ruta": 60 }, "geometry": { "type": "Point", "coordinates": [ -64.6638312, -29.8580211 ] } },
{ "type": "Feature", "properties": { "Name": "894.7", "P.K.": null, "Al.Dist. Izq.": 45, "Al.Dist. Der.": 25, "Ruta": 60 }, "geometry": { "type": "Point", "coordinates": [ -64.6637464, -29.8574724 ] } },
{ "type": "Feature", "properties": { "Name": "895.13", "P.K.": null, "Al.Dist. Izq.": 45, "Al.Dist. Der.": 25, "Ruta": 60 }, "geometry": { "type": "Point", "coordinates": [ -64.665413, -29.8540476 ] } },
{ "type": "Feature", "properties": { "Name": "895.2", "P.K.": null, "Al.Dist. Izq.": 45, "Al.Dist. Der.": 25, "Ruta": 60 }, "geometry": { "type": "Point", "coordinates": [ -64.6657986, -29.8534881 ] } },
{ "type": "Feature", "properties": { "Name": "895.27", "P.K.": null, "Al.Dist. Izq.": 45, "Al.Dist. Der.": 25, "Ruta": 60 }, "geometry": { "type": "Point", "coordinates": [ -64.6660336, -29.8529077 ] } },
{ "type": "Feature", "properties": { "Name": "895.5", "P.K.": null, "Al.Dist. Izq.": 45, "Al.Dist. Der.": 25, "Ruta": 60 }, "geometry": { "type": "Point", "coordinates": [ -64.6669315, -29.8509501 ] } },
{ "type": "Feature", "properties": { "Name": "895.52", "P.K.": null, "Al.Dist. Izq.": 45, "Al.Dist. Der.": 25, "Ruta": 60 }, "geometry": { "type": "Point", "coordinates": [ -64.6669959, -29.8507623 ] } },
{ "type": "Feature", "properties": { "Name": "896", "P.K.": "PK896", "Al.Dist. Izq.": 45, "Al.Dist. Der.": 25, "Ruta": 60 }, "geometry": { "type": "Point", "coordinates": [ -64.6688278, -29.8467708 ] } },
{ "type": "Feature", "properties": { "Name": "896.09", "P.K.": null, "Al.Dist. Izq.": 45, "Al.Dist. Der.": 25, "Ruta": 60 }, "geometry": { "type": "Point", "coordinates": [ -64.6691617, -29.8459545 ] } },
{ "type": "Feature", "properties": { "Name": "896.22", "P.K.": null, "Al.Dist. Izq.": 45, "Al.Dist. Der.": 25, "Ruta": 60 }, "geometry": { "type": "Point", "coordinates": [ -64.6696448, -29.8448983 ] } },
{ "type": "Feature", "properties": { "Name": "896.61", "P.K.": null, "Al.Dist. Izq.": 45, "Al.Dist. Der.": 25, "Ruta": 60 }, "geometry": { "type": "Point", "coordinates": [ -64.6711773, -29.84166 ] } },
{ "type": "Feature", "properties": { "Name": "896.95", "P.K.": null, "Al.Dist. Izq.": 45, "Al.Dist. Der.": 25, "Ruta": 60 }, "geometry": { "type": "Point", "coordinates": [ -64.6730345, -29.8390019 ] } },
{ "type": "Feature", "properties": { "Name": "897", "P.K.": "PK897", "Al.Dist. Izq.": 45, "Al.Dist. Der.": 25, "Ruta": 60 }, "geometry": { "type": "Point", "coordinates": [ -64.6733409, -29.8387079 ] } },
{ "type": "Feature", "properties": { "Name": "897.15", "P.K.": null, "Al.Dist. Izq.": 45, "Al.Dist. Der.": 25, "Ruta": 60 }, "geometry": { "type": "Point", "coordinates": [ -64.6743102, -29.8376833 ] } },
{ "type": "Feature", "properties": { "Name": "897.23", "P.K.": null, "Al.Dist. Izq.": 45, "Al.Dist. Der.": 25, "Ruta": 60 }, "geometry": { "type": "Point", "coordinates": [ -64.674853, -29.8371005 ] } },
{ "type": "Feature", "properties": { "Name": "898.62", "P.K.": null, "Al.Dist. Izq.": 45, "Al.Dist. Der.": 25, "Ruta": 60 }, "geometry": { "type": "Point", "coordinates": [ -64.6833805, -29.8270741 ] } },
{ "type": "Feature", "properties": { "Name": "898.73", "P.K.": null, "Al.Dist. Izq.": 45, "Al.Dist. Der.": 25, "Ruta": 60 }, "geometry": { "type": "Point", "coordinates": [ -64.684105, -29.8262809 ] } },
{ "type": "Feature", "properties": { "Name": "898.82", "P.K.": null, "Al.Dist. Izq.": 45, "Al.Dist. Der.": 25, "Ruta": 60 }, "geometry": { "type": "Point", "coordinates": [ -64.6846488, -29.8256592 ] } },
{ "type": "Feature", "properties": { "Name": "899.18", "P.K.": null, "Al.Dist. Izq.": 45, "Al.Dist. Der.": 25, "Ruta": 60 }, "geometry": { "type": "Point", "coordinates": [ -64.686759, -29.8231508 ] } },
{ "type": "Feature", "properties": { "Name": "899.41", "P.K.": null, "Al.Dist. Izq.": 45, "Al.Dist. Der.": 25, "Ruta": 60 }, "geometry": { "type": "Point", "coordinates": [ -64.6881052, -29.8213383 ] } },
{ "type": "Feature", "properties": { "Name": "899.65", "P.K.": null, "Al.Dist. Izq.": 45, "Al.Dist. Der.": 25, "Ruta": 60 }, "geometry": { "type": "Point", "coordinates": [ -64.6894812, -29.8196443 ] } },
{ "type": "Feature", "properties": { "Name": "899.71", "P.K.": null, "Al.Dist. Izq.": 45, "Al.Dist. Der.": 25, "Ruta": 60 }, "geometry": { "type": "Point", "coordinates": [ -64.6898473, -29.8191306 ] } },
{ "type": "Feature", "properties": { "Name": "901.12", "P.K.": null, "Al.Dist. Izq.": 45, "Al.Dist. Der.": 25, "Ruta": 60 }, "geometry": { "type": "Point", "coordinates": [ -64.697619, -29.8085238 ] } },
{ "type": "Feature", "properties": { "Name": "901.45", "P.K.": null, "Al.Dist. Izq.": 45, "Al.Dist. Der.": 25, "Ruta": 60 }, "geometry": { "type": "Point", "coordinates": [ -64.6994355, -29.8060786 ] } },
{ "type": "Feature", "properties": { "Name": "901.64", "P.K.": null, "Al.Dist. Izq.": 45, "Al.Dist. Der.": 25, "Ruta": 60 }, "geometry": { "type": "Point", "coordinates": [ -64.7004822, -29.8046472 ] } },
{ "type": "Feature", "properties": { "Name": "901.67", "P.K.": null, "Al.Dist. Izq.": 45, "Al.Dist. Der.": 25, "Ruta": 60 }, "geometry": { "type": "Point", "coordinates": [ -64.7007035, -29.8043921 ] } },
{ "type": "Feature", "properties": { "Name": "901.75", "P.K.": null, "Al.Dist. Izq.": 45, "Al.Dist. Der.": 25, "Ruta": 60 }, "geometry": { "type": "Point", "coordinates": [ -64.7011075, -29.8037552 ] } },
{ "type": "Feature", "properties": { "Name": "901.92", "P.K.": null, "Al.Dist. Izq.": 45, "Al.Dist. Der.": 25, "Ruta": 60 }, "geometry": { "type": "Point", "coordinates": [ -64.7020311, -29.8025102 ] } },
{ "type": "Feature", "properties": { "Name": "902", "P.K.": "PK902", "Al.Dist. Izq.": 45, "Al.Dist. Der.": 25, "Ruta": 60 }, "geometry": { "type": "Point", "coordinates": [ -64.7025559, -29.8019707 ] } },
{ "type": "Feature", "properties": { "Name": "902.04", "P.K.": null, "Al.Dist. Izq.": 45, "Al.Dist. Der.": 25, "Ruta": 60 }, "geometry": { "type": "Point", "coordinates": [ -64.7026645, -29.8015497 ] } },
{ "type": "Feature", "properties": { "Name": "902.06", "P.K.": null, "Al.Dist. Izq.": 45, "Al.Dist. Der.": 25, "Ruta": 60 }, "geometry": { "type": "Point", "coordinates": [ -64.7027769, -29.80144 ] } },
{ "type": "Feature", "properties": { "Name": "902.06", "P.K.": null, "Al.Dist. Izq.": 45, "Al.Dist. Der.": 25, "Ruta": 60 }, "geometry": { "type": "Point", "coordinates": [ -64.7029063, -29.8015055 ] } },
{ "type": "Feature", "properties": { "Name": "902.07", "P.K.": null, "Al.Dist. Izq.": 45, "Al.Dist. Der.": 25, "Ruta": 60 }, "geometry": { "type": "Point", "coordinates": [ -64.7027635, -29.8013227 ] } },
{ "type": "Feature", "properties": { "Name": "902.16", "P.K.": null, "Al.Dist. Izq.": 45, "Al.Dist. Der.": 25, "Ruta": 60 }, "geometry": { "type": "Point", "coordinates": [ -64.7033888, -29.8007144 ] } },
{ "type": "Feature", "properties": { "Name": "902.55", "P.K.": null, "Al.Dist. Izq.": 45, "Al.Dist. Der.": 25, "Ruta": 60 }, "geometry": { "type": "Point", "coordinates": [ -64.7055305, -29.7978181 ] } },
{ "type": "Feature", "properties": { "Name": "902.68", "P.K.": null, "Al.Dist. Izq.": 45, "Al.Dist. Der.": 25, "Ruta": 60 }, "geometry": { "type": "Point", "coordinates": [ -64.7062792, -29.7969397 ] } },
{ "type": "Feature", "properties": { "Name": "902.73", "P.K.": null, "Al.Dist. Izq.": 45, "Al.Dist. Der.": 25, "Ruta": 60 }, "geometry": { "type": "Point", "coordinates": [ -64.7065226, -29.7965827 ] } },
{ "type": "Feature", "properties": { "Name": "902.73", "P.K.": null, "Al.Dist. Izq.": 45, "Al.Dist. Der.": 25, "Ruta": 60 }, "geometry": { "type": "Point", "coordinates": [ -64.7064741, -29.7965176 ] } },
{ "type": "Feature", "properties": { "Name": "903.09", "P.K.": null, "Al.Dist. Izq.": 45, "Al.Dist. Der.": 25, "Ruta": 60 }, "geometry": { "type": "Point", "coordinates": [ -64.7085359, -29.7939513 ] } },
{ "type": "Feature", "properties": { "Name": "903.86", "P.K.": null, "Al.Dist. Izq.": 45, "Al.Dist. Der.": 25, "Ruta": 60 }, "geometry": { "type": "Point", "coordinates": [ -64.7126319, -29.7882145 ] } },
{ "type": "Feature", "properties": { "Name": "906.5", "P.K.": null, "Al.Dist. Izq.": 45, "Al.Dist. Der.": 25, "Ruta": 60 }, "geometry": { "type": "Point", "coordinates": [ -64.727133, -29.7686068 ] } },
{ "type": "Feature", "properties": { "Name": "907.67", "P.K.": null, "Al.Dist. Izq.": 45, "Al.Dist. Der.": 25, "Ruta": 60 }, "geometry": { "type": "Point", "coordinates": [ -64.7334635, -29.7599982 ] } },
{ "type": "Feature", "properties": { "Name": "909", "P.K.": "PK909", "Al.Dist. Izq.": 45, "Al.Dist. Der.": 25, "Ruta": 60 }, "geometry": { "type": "Point", "coordinates": [ -64.7407826, -29.75009 ] } },
{ "type": "Feature", "properties": { "Name": "910.64", "P.K.": null, "Al.Dist. Izq.": 45, "Al.Dist. Der.": 25, "Ruta": 60 }, "geometry": { "type": "Point", "coordinates": [ -64.7501953, -29.737355 ] } },
{ "type": "Feature", "properties": { "Name": "914.85", "P.K.": null, "Al.Dist. Izq.": 45, "Al.Dist. Der.": 25, "Ruta": 60 }, "geometry": { "type": "Point", "coordinates": [ -64.7744183, -29.7045662 ] } },
{ "type": "Feature", "properties": { "Name": "914.93", "P.K.": null, "Al.Dist. Izq.": 45, "Al.Dist. Der.": 25, "Ruta": 60 }, "geometry": { "type": "Point", "coordinates": [ -64.7748428, -29.7039718 ] } },
{ "type": "Feature", "properties": { "Name": "915", "P.K.": "PK915", "Al.Dist. Izq.": 45, "Al.Dist. Der.": 25, "Ruta": 60 }, "geometry": { "type": "Point", "coordinates": [ -64.7753028, -29.7034115 ] } },
{ "type": "Feature", "properties": { "Name": "916.43", "P.K.": null, "Al.Dist. Izq.": 45, "Al.Dist. Der.": 25, "Ruta": 60 }, "geometry": { "type": "Point", "coordinates": [ -64.7833058, -29.6925183 ] } },
{ "type": "Feature", "properties": { "Name": "916.93", "P.K.": null, "Al.Dist. Izq.": 45, "Al.Dist. Der.": 25, "Ruta": 60 }, "geometry": { "type": "Point", "coordinates": [ -64.7861396, -29.6886705 ] } },
{ "type": "Feature", "properties": { "Name": "920.73", "P.K.": null, "Al.Dist. Izq.": 45, "Al.Dist. Der.": 25, "Ruta": 60 }, "geometry": { "type": "Point", "coordinates": [ -64.8075543, -29.659599 ] } },
{ "type": "Feature", "properties": { "Name": "923.55", "P.K.": null, "Al.Dist. Izq.": 45, "Al.Dist. Der.": 25, "Ruta": 60 }, "geometry": { "type": "Point", "coordinates": [ -64.8233757, -29.6381177 ] } },
{ "type": "Feature", "properties": { "Name": "925", "P.K.": "PK925", "Al.Dist. Izq.": 45, "Al.Dist. Der.": 25, "Ruta": 60 }, "geometry": { "type": "Point", "coordinates": [ -64.8315356, -29.6270227 ] } },
{ "type": "Feature", "properties": { "Name": "925.01", "P.K.": null, "Al.Dist. Izq.": 45, "Al.Dist. Der.": 25, "Ruta": 60 }, "geometry": { "type": "Point", "coordinates": [ -64.8316141, -29.6269088 ] } },
{ "type": "Feature", "properties": { "Name": "925.84", "P.K.": null, "Al.Dist. Izq.": 45, "Al.Dist. Der.": 25, "Ruta": 60 }, "geometry": { "type": "Point", "coordinates": [ -64.8366255, -29.6209556 ] } },
{ "type": "Feature", "properties": { "Name": "925.86", "P.K.": null, "Al.Dist. Izq.": 45, "Al.Dist. Der.": 25, "Ruta": 60 }, "geometry": { "type": "Point", "coordinates": [ -64.8364142, -29.6205478 ] } },
{ "type": "Feature", "properties": { "Name": "925.88", "P.K.": null, "Al.Dist. Izq.": 45, "Al.Dist. Der.": 25, "Ruta": 60 }, "geometry": { "type": "Point", "coordinates": [ -64.8363733, -29.6202196 ] } },
{ "type": "Feature", "properties": { "Name": "926.24", "P.K.": null, "Al.Dist. Izq.": 45, "Al.Dist. Der.": 25, "Ruta": 60 }, "geometry": { "type": "Point", "coordinates": [ -64.8385366, -29.6175844 ] } },
{ "type": "Feature", "properties": { "Name": "926.75", "P.K.": null, "Al.Dist. Izq.": 45, "Al.Dist. Der.": 55, "Ruta": 60 }, "geometry": { "type": "Point", "coordinates": [ -64.8413592, -29.6137496 ] } },
{ "type": "Feature", "properties": { "Name": "927.47", "P.K.": null, "Al.Dist. Izq.": 45, "Al.Dist. Der.": 55, "Ruta": 60 }, "geometry": { "type": "Point", "coordinates": [ -64.8452997, -29.6082171 ] } },
{ "type": "Feature", "properties": { "Name": "927.58", "P.K.": null, "Al.Dist. Izq.": 45, "Al.Dist. Der.": 55, "Ruta": 60 }, "geometry": { "type": "Point", "coordinates": [ -64.8461114, -29.6074819 ] } },
{ "type": "Feature", "properties": { "Name": "928", "P.K.": "PK928", "Al.Dist. Izq.": 45, "Al.Dist. Der.": 55, "Ruta": 60 }, "geometry": { "type": "Point", "coordinates": [ -64.8483775, -29.6042793 ] } },
{ "type": "Feature", "properties": { "Name": "928.14", "P.K.": null, "Al.Dist. Izq.": 45, "Al.Dist. Der.": 55, "Ruta": 60 }, "geometry": { "type": "Point", "coordinates": [ -64.8491876, -29.6031846 ] } },
{ "type": "Feature", "properties": { "Name": "928.88", "P.K.": null, "Al.Dist. Izq.": 45, "Al.Dist. Der.": 55, "Ruta": 60 }, "geometry": { "type": "Point", "coordinates": [ -64.8532763, -29.5977731 ] } },
{ "type": "Feature", "properties": { "Name": "928.92", "P.K.": null, "Al.Dist. Izq.": 45, "Al.Dist. Der.": 55, "Ruta": 60 }, "geometry": { "type": "Point", "coordinates": [ -64.8535002, -29.5975139 ] } },
{ "type": "Feature", "properties": { "Name": "928.97", "P.K.": null, "Al.Dist. Izq.": 45, "Al.Dist. Der.": 55, "Ruta": 60 }, "geometry": { "type": "Point", "coordinates": [ -64.8536676, -29.5970794 ] } },
{ "type": "Feature", "properties": { "Name": "929", "P.K.": "PK929", "Al.Dist. Izq.": 45, "Al.Dist. Der.": 55, "Ruta": 60 }, "geometry": { "type": "Point", "coordinates": [ -64.8538191, -29.5968804 ] } }
]
}
