{
"type": "FeatureCollection",
"name": "MOJONES RN 1V19",
"features": [
{ "type": "Feature", "properties": { "Name": "127.09", "P.K.": null, "Al.Dist. Izq.": null, "Al.Dist. Der.": null, "Ruta": "1V19" }, "geometry": { "type": "Point", "coordinates": [ -62.062498, -31.420185 ] } },
{ "type": "Feature", "properties": { "Name": "127.14", "P.K.": null, "Al.Dist. Izq.": null, "Al.Dist. Der.": null, "Ruta": "1V19" }, "geometry": { "type": "Point", "coordinates": [ -62.0644902, -31.4197685 ] } },
{ "type": "Feature", "properties": { "Name": "127.19", "P.K.": null, "Al.Dist. Izq.": null, "Al.Dist. Der.": null, "Ruta": "1V19" }, "geometry": { "type": "Point", "coordinates": [ -62.0649083, -31.4196948 ] } },
{ "type": "Feature", "properties": { "Name": "127.22", "P.K.": null, "Al.Dist. Izq.": null, "Al.Dist. Der.": null, "Ruta": "1V19" }, "geometry": { "type": "Point", "coordinates": [ -62.0651173, -31.419658 ] } },
{ "type": "Feature", "properties": { "Name": "127.23", "P.K.": null, "Al.Dist. Izq.": null, "Al.Dist. Der.": null, "Ruta": "1V19" }, "geometry": { "type": "Point", "coordinates": [ -62.0652218, -31.4196396 ] } },
{ "type": "Feature", "properties": { "Name": "127.24", "P.K.": null, "Al.Dist. Izq.": null, "Al.Dist. Der.": null, "Ruta": "1V19" }, "geometry": { "type": "Point", "coordinates": [ -62.0653263, -31.4196211 ] } },
{ "type": "Feature", "properties": { "Name": "127.31", "P.K.": null, "Al.Dist. Izq.": null, "Al.Dist. Der.": null, "Ruta": "1V19" }, "geometry": { "type": "Point", "coordinates": [ -62.0661, -31.4195 ] } },
{ "type": "Feature", "properties": { "Name": "127.34", "P.K.": null, "Al.Dist. Izq.": null, "Al.Dist. Der.": null, "Ruta": "1V19" }, "geometry": { "type": "Point", "coordinates": [ -62.066267, -31.4194554 ] } },
{ "type": "Feature", "properties": { "Name": "127.35", "P.K.": null, "Al.Dist. Izq.": null, "Al.Dist. Der.": null, "Ruta": "1V19" }, "geometry": { "type": "Point", "coordinates": [ -62.0663715, -31.419437 ] } },
{ "type": "Feature", "properties": { "Name": "127.38", "P.K.": null, "Al.Dist. Izq.": null, "Al.Dist. Der.": null, "Ruta": "1V19" }, "geometry": { "type": "Point", "coordinates": [ -62.066685, -31.4193817 ] } },
{ "type": "Feature", "properties": { "Name": "127.4", "P.K.": null, "Al.Dist. Izq.": null, "Al.Dist. Der.": null, "Ruta": "1V19" }, "geometry": { "type": "Point", "coordinates": [ -62.0668941, -31.4193449 ] } },
{ "type": "Feature", "properties": { "Name": "127.45", "P.K.": null, "Al.Dist. Izq.": null, "Al.Dist. Der.": null, "Ruta": "1V19" }, "geometry": { "type": "Point", "coordinates": [ -62.0673121, -31.4192712 ] } },
{ "type": "Feature", "properties": { "Name": "127.48", "P.K.": null, "Al.Dist. Izq.": null, "Al.Dist. Der.": null, "Ruta": "1V19" }, "geometry": { "type": "Point", "coordinates": [ -62.0675212, -31.4192343 ] } },
{ "type": "Feature", "properties": { "Name": "127.5", "P.K.": null, "Al.Dist. Izq.": null, "Al.Dist. Der.": null, "Ruta": "1V19" }, "geometry": { "type": "Point", "coordinates": [ -62.0677302, -31.4191975 ] } },
{ "type": "Feature", "properties": { "Name": "127.52", "P.K.": null, "Al.Dist. Izq.": null, "Al.Dist. Der.": null, "Ruta": "1V19" }, "geometry": { "type": "Point", "coordinates": [ -62.0679392, -31.4191607 ] } },
{ "type": "Feature", "properties": { "Name": "127.57", "P.K.": null, "Al.Dist. Izq.": null, "Al.Dist. Der.": null, "Ruta": "1V19" }, "geometry": { "type": "Point", "coordinates": [ -62.0684618, -31.4190686 ] } },
{ "type": "Feature", "properties": { "Name": "127.59", "P.K.": null, "Al.Dist. Izq.": null, "Al.Dist. Der.": null, "Ruta": "1V19" }, "geometry": { "type": "Point", "coordinates": [ -62.0686708, -31.4190317 ] } },
{ "type": "Feature", "properties": { "Name": "127.63", "P.K.": null, "Al.Dist. Izq.": null, "Al.Dist. Der.": null, "Ruta": "1V19" }, "geometry": { "type": "Point", "coordinates": [ -62.0689844, -31.4189765 ] } },
{ "type": "Feature", "properties": { "Name": "127.69", "P.K.": null, "Al.Dist. Izq.": null, "Al.Dist. Der.": null, "Ruta": "1V19" }, "geometry": { "type": "Point", "coordinates": [ -62.069507, -31.4188844 ] } },
{ "type": "Feature", "properties": { "Name": "127.74", "P.K.": null, "Al.Dist. Izq.": null, "Al.Dist. Der.": null, "Ruta": "1V19" }, "geometry": { "type": "Point", "coordinates": [ -62.0700296, -31.4187923 ] } },
{ "type": "Feature", "properties": { "Name": "127.8", "P.K.": null, "Al.Dist. Izq.": null, "Al.Dist. Der.": null, "Ruta": "1V19" }, "geometry": { "type": "Point", "coordinates": [ -62.0705521, -31.4187002 ] } },
{ "type": "Feature", "properties": { "Name": "127.85", "P.K.": null, "Al.Dist. Izq.": null, "Al.Dist. Der.": null, "Ruta": "1V19" }, "geometry": { "type": "Point", "coordinates": [ -62.0710747, -31.4186081 ] } },
{ "type": "Feature", "properties": { "Name": "127.87", "P.K.": null, "Al.Dist. Izq.": null, "Al.Dist. Der.": null, "Ruta": "1V19" }, "geometry": { "type": "Point", "coordinates": [ -62.0712837, -31.4185712 ] } },
{ "type": "Feature", "properties": { "Name": "127.98", "P.K.": null, "Al.Dist. Izq.": null, "Al.Dist. Der.": null, "Ruta": "1V19" }, "geometry": { "type": "Point", "coordinates": [ -62.0722245, -31.4184059 ] } },
{ "type": "Feature", "properties": { "Name": "128", "P.K.": "PK128", "Al.Dist. Izq.": null, "Al.Dist. Der.": null, "Ruta": "1V19" }, "geometry": { "type": "Point", "coordinates": [ -62.0724335, -31.4183693 ] } },
{ "type": "Feature", "properties": { "Name": "128.05", "P.K.": null, "Al.Dist. Izq.": null, "Al.Dist. Der.": null, "Ruta": "1V19" }, "geometry": { "type": "Point", "coordinates": [ -62.0729562, -31.4182778 ] } },
{ "type": "Feature", "properties": { "Name": "128.05", "P.K.": null, "Al.Dist. Izq.": null, "Al.Dist. Der.": null, "Ruta": "1V19" }, "geometry": { "type": "Point", "coordinates": [ -62.0729562, -31.4182778 ] } },
{ "type": "Feature", "properties": { "Name": "128.15", "P.K.": null, "Al.Dist. Izq.": null, "Al.Dist. Der.": null, "Ruta": "1V19" }, "geometry": { "type": "Point", "coordinates": [ -62.0740016, -31.4180947 ] } },
{ "type": "Feature", "properties": { "Name": "128.3", "P.K.": null, "Al.Dist. Izq.": null, "Al.Dist. Der.": null, "Ruta": "1V19" }, "geometry": { "type": "Point", "coordinates": [ -62.0755696, -31.4178201 ] } },
{ "type": "Feature", "properties": { "Name": "128.39", "P.K.": null, "Al.Dist. Izq.": null, "Al.Dist. Der.": null, "Ruta": "1V19" }, "geometry": { "type": "Point", "coordinates": [ -62.0765, -31.4177 ] } },
{ "type": "Feature", "properties": { "Name": "129.02", "P.K.": null, "Al.Dist. Izq.": null, "Al.Dist. Der.": null, "Ruta": "1V19" }, "geometry": { "type": "Point", "coordinates": [ -62.0831, -31.4166 ] } },
{ "type": "Feature", "properties": { "Name": "129.74", "P.K.": null, "Al.Dist. Izq.": null, "Al.Dist. Der.": null, "Ruta": "1V19" }, "geometry": { "type": "Point", "coordinates": [ -62.0906521, -31.4153579 ] } },
{ "type": "Feature", "properties": { "Name": "130.11", "P.K.": null, "Al.Dist. Izq.": null, "Al.Dist. Der.": null, "Ruta": "1V19" }, "geometry": { "type": "Point", "coordinates": [ -62.094087, -31.414818 ] } },
{ "type": "Feature", "properties": { "Name": "130.68", "P.K.": null, "Al.Dist. Izq.": null, "Al.Dist. Der.": null, "Ruta": "1V19" }, "geometry": { "type": "Point", "coordinates": [ -62.0953, -31.4203 ] } },
{ "type": "Feature", "properties": { "Name": "131", "P.K.": "PK131", "Al.Dist. Izq.": null, "Al.Dist. Der.": null, "Ruta": "1V19" }, "geometry": { "type": "Point", "coordinates": [ -62.0960143, -31.4233961 ] } },
{ "type": "Feature", "properties": { "Name": "131.07", "P.K.": null, "Al.Dist. Izq.": null, "Al.Dist. Der.": null, "Ruta": "1V19" }, "geometry": { "type": "Point", "coordinates": [ -62.0962, -31.4241 ] } },
{ "type": "Feature", "properties": { "Name": "131.28", "P.K.": null, "Al.Dist. Izq.": null, "Al.Dist. Der.": null, "Ruta": "1V19" }, "geometry": { "type": "Point", "coordinates": [ -62.0966, -31.426 ] } },
{ "type": "Feature", "properties": { "Name": "131.7", "P.K.": null, "Al.Dist. Izq.": null, "Al.Dist. Der.": null, "Ruta": "1V19" }, "geometry": { "type": "Point", "coordinates": [ -62.0989017, -31.4282758 ] } },
{ "type": "Feature", "properties": { "Name": "131.86", "P.K.": null, "Al.Dist. Izq.": null, "Al.Dist. Der.": null, "Ruta": "1V19" }, "geometry": { "type": "Point", "coordinates": [ -62.1004606, -31.4280136 ] } },
{ "type": "Feature", "properties": { "Name": "132", "P.K.": "PK132", "Al.Dist. Izq.": null, "Al.Dist. Der.": null, "Ruta": "1V19" }, "geometry": { "type": "Point", "coordinates": [ -62.1021173, -31.4277375 ] } },
{ "type": "Feature", "properties": { "Name": "132.18", "P.K.": null, "Al.Dist. Izq.": null, "Al.Dist. Der.": null, "Ruta": "1V19" }, "geometry": { "type": "Point", "coordinates": [ -62.1038714, -31.4274451 ] } },
{ "type": "Feature", "properties": { "Name": "132.38", "P.K.": null, "Al.Dist. Izq.": null, "Al.Dist. Der.": null, "Ruta": "1V19" }, "geometry": { "type": "Point", "coordinates": [ -62.1058, -31.4271 ] } },
{ "type": "Feature", "properties": { "Name": "132.58", "P.K.": null, "Al.Dist. Izq.": null, "Al.Dist. Der.": null, "Ruta": "1V19" }, "geometry": { "type": "Point", "coordinates": [ -62.1078, -31.4268 ] } },
{ "type": "Feature", "properties": { "Name": "132.68", "P.K.": null, "Al.Dist. Izq.": null, "Al.Dist. Der.": null, "Ruta": "1V19" }, "geometry": { "type": "Point", "coordinates": [ -62.1087, -31.4266 ] } },
{ "type": "Feature", "properties": { "Name": "132.78", "P.K.": null, "Al.Dist. Izq.": null, "Al.Dist. Der.": null, "Ruta": "1V19" }, "geometry": { "type": "Point", "coordinates": [ -62.1097, -31.4265 ] } },
{ "type": "Feature", "properties": { "Name": "132.88", "P.K.": null, "Al.Dist. Izq.": null, "Al.Dist. Der.": null, "Ruta": "1V19" }, "geometry": { "type": "Point", "coordinates": [ -62.1107, -31.4263 ] } },
{ "type": "Feature", "properties": { "Name": "132.92", "P.K.": null, "Al.Dist. Izq.": null, "Al.Dist. Der.": null, "Ruta": "1V19" }, "geometry": { "type": "Point", "coordinates": [ -62.1110861, -31.4262626 ] } },
{ "type": "Feature", "properties": { "Name": "132.95", "P.K.": null, "Al.Dist. Izq.": null, "Al.Dist. Der.": null, "Ruta": "1V19" }, "geometry": { "type": "Point", "coordinates": [ -62.1114, -31.4262 ] } },
{ "type": "Feature", "properties": { "Name": "133", "P.K.": "PK133", "Al.Dist. Izq.": null, "Al.Dist. Der.": null, "Ruta": "1V19" }, "geometry": { "type": "Point", "coordinates": [ -62.1118663, -31.4261359 ] } },
{ "type": "Feature", "properties": { "Name": "133.02", "P.K.": null, "Al.Dist. Izq.": null, "Al.Dist. Der.": null, "Ruta": "1V19" }, "geometry": { "type": "Point", "coordinates": [ -62.1120613, -31.4261043 ] } },
{ "type": "Feature", "properties": { "Name": "133.27", "P.K.": null, "Al.Dist. Izq.": null, "Al.Dist. Der.": null, "Ruta": "1V19" }, "geometry": { "type": "Point", "coordinates": [ -62.1144994, -31.4257086 ] } },
{ "type": "Feature", "properties": { "Name": "133.47", "P.K.": null, "Al.Dist. Izq.": null, "Al.Dist. Der.": null, "Ruta": "1V19" }, "geometry": { "type": "Point", "coordinates": [ -62.1164498, -31.425392 ] } },
{ "type": "Feature", "properties": { "Name": "133.47", "P.K.": null, "Al.Dist. Izq.": null, "Al.Dist. Der.": null, "Ruta": "1V19" }, "geometry": { "type": "Point", "coordinates": [ -62.1164498, -31.425392 ] } },
{ "type": "Feature", "properties": { "Name": "133.55", "P.K.": null, "Al.Dist. Izq.": null, "Al.Dist. Der.": null, "Ruta": "1V19" }, "geometry": { "type": "Point", "coordinates": [ -62.1172299, -31.4252654 ] } },
{ "type": "Feature", "properties": { "Name": "133.55", "P.K.": null, "Al.Dist. Izq.": 15, "Al.Dist. Der.": 15, "Ruta": "1V19" }, "geometry": { "type": "Point", "coordinates": [ -62.1172299, -31.4252654 ] } },
{ "type": "Feature", "properties": { "Name": "133.71", "P.K.": null, "Al.Dist. Izq.": 15, "Al.Dist. Der.": 15, "Ruta": "1V19" }, "geometry": { "type": "Point", "coordinates": [ -62.1187903, -31.4250121 ] } },
{ "type": "Feature", "properties": { "Name": "133.77", "P.K.": null, "Al.Dist. Izq.": 15, "Al.Dist. Der.": 15, "Ruta": "1V19" }, "geometry": { "type": "Point", "coordinates": [ -62.1193754, -31.4249171 ] } },
{ "type": "Feature", "properties": { "Name": "133.81", "P.K.": null, "Al.Dist. Izq.": 15, "Al.Dist. Der.": 15, "Ruta": "1V19" }, "geometry": { "type": "Point", "coordinates": [ -62.1197654, -31.4248535 ] } },
{ "type": "Feature", "properties": { "Name": "134", "P.K.": "PK134", "Al.Dist. Izq.": 15, "Al.Dist. Der.": 15, "Ruta": "1V19" }, "geometry": { "type": "Point", "coordinates": [ -62.121618, -31.4245508 ] } },
{ "type": "Feature", "properties": { "Name": "134.15", "P.K.": null, "Al.Dist. Izq.": 15, "Al.Dist. Der.": 15, "Ruta": "1V19" }, "geometry": { "type": "Point", "coordinates": [ -62.1230806, -31.4243119 ] } },
{ "type": "Feature", "properties": { "Name": "134.15", "P.K.": null, "Al.Dist. Izq.": 15, "Al.Dist. Der.": 15, "Ruta": "1V19" }, "geometry": { "type": "Point", "coordinates": [ -62.1230806, -31.4243119 ] } },
{ "type": "Feature", "properties": { "Name": "134.24", "P.K.": null, "Al.Dist. Izq.": 15, "Al.Dist. Der.": 15, "Ruta": "1V19" }, "geometry": { "type": "Point", "coordinates": [ -62.124, -31.4242 ] } },
{ "type": "Feature", "properties": { "Name": "134.24", "P.K.": null, "Al.Dist. Izq.": 15, "Al.Dist. Der.": 15, "Ruta": "1V19" }, "geometry": { "type": "Point", "coordinates": [ -62.124, -31.4242 ] } },
{ "type": "Feature", "properties": { "Name": "134.53", "P.K.": null, "Al.Dist. Izq.": 15, "Al.Dist. Der.": 15, "Ruta": "1V19" }, "geometry": { "type": "Point", "coordinates": [ -62.126858, -31.423699 ] } },
{ "type": "Feature", "properties": { "Name": "134.53", "P.K.": null, "Al.Dist. Izq.": 15, "Al.Dist. Der.": 15, "Ruta": "1V19" }, "geometry": { "type": "Point", "coordinates": [ -62.126858, -31.423699 ] } },
{ "type": "Feature", "properties": { "Name": "134.56", "P.K.": null, "Al.Dist. Izq.": 15, "Al.Dist. Der.": 15, "Ruta": "1V19" }, "geometry": { "type": "Point", "coordinates": [ -62.1271687, -31.4236483 ] } },
{ "type": "Feature", "properties": { "Name": "134.87", "P.K.": null, "Al.Dist. Izq.": 15, "Al.Dist. Der.": 15, "Ruta": "1V19" }, "geometry": { "type": "Point", "coordinates": [ -62.1302754, -31.4231434 ] } },
{ "type": "Feature", "properties": { "Name": "135", "P.K.": "PK135", "Al.Dist. Izq.": 15, "Al.Dist. Der.": 15, "Ruta": "1V19" }, "geometry": { "type": "Point", "coordinates": [ -62.1318289, -31.4228915 ] } },
{ "type": "Feature", "properties": { "Name": "135.51", "P.K.": null, "Al.Dist. Izq.": 15, "Al.Dist. Der.": 15, "Ruta": "1V19" }, "geometry": { "type": "Point", "coordinates": [ -62.1369026, -31.4220623 ] } },
{ "type": "Feature", "properties": { "Name": "135.58", "P.K.": null, "Al.Dist. Izq.": 15, "Al.Dist. Der.": 15, "Ruta": "1V19" }, "geometry": { "type": "Point", "coordinates": [ -62.1376273, -31.4219434 ] } },
{ "type": "Feature", "properties": { "Name": "135.69", "P.K.": null, "Al.Dist. Izq.": 15, "Al.Dist. Der.": 15, "Ruta": "1V19" }, "geometry": { "type": "Point", "coordinates": [ -62.1387662, -31.4217565 ] } },
{ "type": "Feature", "properties": { "Name": "136", "P.K.": "PK136", "Al.Dist. Izq.": 15, "Al.Dist. Der.": 15, "Ruta": "1V19" }, "geometry": { "type": "Point", "coordinates": [ -62.1421827, -31.4211957 ] } },
{ "type": "Feature", "properties": { "Name": "136.02", "P.K.": null, "Al.Dist. Izq.": 15, "Al.Dist. Der.": 15, "Ruta": "1V19" }, "geometry": { "type": "Point", "coordinates": [ -62.1423898, -31.4211618 ] } },
{ "type": "Feature", "properties": { "Name": "136.11", "P.K.": null, "Al.Dist. Izq.": 15, "Al.Dist. Der.": 15, "Ruta": "1V19" }, "geometry": { "type": "Point", "coordinates": [ -62.1433216, -31.4210088 ] } },
{ "type": "Feature", "properties": { "Name": "136.25", "P.K.": null, "Al.Dist. Izq.": 15, "Al.Dist. Der.": 15, "Ruta": "1V19" }, "geometry": { "type": "Point", "coordinates": [ -62.1447711, -31.420771 ] } },
{ "type": "Feature", "properties": { "Name": "136.5", "P.K.": null, "Al.Dist. Izq.": 15, "Al.Dist. Der.": 15, "Ruta": "1V19" }, "geometry": { "type": "Point", "coordinates": [ -62.1473594, -31.4203462 ] } },
{ "type": "Feature", "properties": { "Name": "137", "P.K.": "PK137", "Al.Dist. Izq.": 15, "Al.Dist. Der.": 15, "Ruta": "1V19" }, "geometry": { "type": "Point", "coordinates": [ -62.152537, -31.4195029 ] } },
{ "type": "Feature", "properties": { "Name": "137.53", "P.K.": null, "Al.Dist. Izq.": 15, "Al.Dist. Der.": 15, "Ruta": "1V19" }, "geometry": { "type": "Point", "coordinates": [ -62.1580253, -31.4186087 ] } },
{ "type": "Feature", "properties": { "Name": "138", "P.K.": "PK138", "Al.Dist. Izq.": 15, "Al.Dist. Der.": 15, "Ruta": "1V19" }, "geometry": { "type": "Point", "coordinates": [ -62.1628915, -31.4178113 ] } },
{ "type": "Feature", "properties": { "Name": "138.17", "P.K.": null, "Al.Dist. Izq.": 15, "Al.Dist. Der.": 15, "Ruta": "1V19" }, "geometry": { "type": "Point", "coordinates": [ -62.1646516, -31.4175228 ] } },
{ "type": "Feature", "properties": { "Name": "138.81", "P.K.": null, "Al.Dist. Izq.": 15, "Al.Dist. Der.": 15, "Ruta": "1V19" }, "geometry": { "type": "Point", "coordinates": [ -62.171278, -31.4164369 ] } },
{ "type": "Feature", "properties": { "Name": "139", "P.K.": "PK139", "Al.Dist. Izq.": 15, "Al.Dist. Der.": 15, "Ruta": "1V19" }, "geometry": { "type": "Point", "coordinates": [ -62.1732452, -31.4161151 ] } },
{ "type": "Feature", "properties": { "Name": "139.61", "P.K.": null, "Al.Dist. Izq.": 15, "Al.Dist. Der.": 15, "Ruta": "1V19" }, "geometry": { "type": "Point", "coordinates": [ -62.1793542, -31.4151158 ] } },
{ "type": "Feature", "properties": { "Name": "139.65", "P.K.": null, "Al.Dist. Izq.": 15, "Al.Dist. Der.": 15, "Ruta": "1V19" }, "geometry": { "type": "Point", "coordinates": [ -62.1797684, -31.4150481 ] } },
{ "type": "Feature", "properties": { "Name": "140", "P.K.": "PK140", "Al.Dist. Izq.": 15, "Al.Dist. Der.": 15, "Ruta": "1V19" }, "geometry": { "type": "Point", "coordinates": [ -62.1835994, -31.4144214 ] } },
{ "type": "Feature", "properties": { "Name": "140.13", "P.K.": null, "Al.Dist. Izq.": 15, "Al.Dist. Der.": 15, "Ruta": "1V19" }, "geometry": { "type": "Point", "coordinates": [ -62.1849443, -31.4141946 ] } },
{ "type": "Feature", "properties": { "Name": "140.14", "P.K.": null, "Al.Dist. Izq.": 15, "Al.Dist. Der.": 15, "Ruta": "1V19" }, "geometry": { "type": "Point", "coordinates": [ -62.1850478, -31.414177 ] } },
{ "type": "Feature", "properties": { "Name": "140.46", "P.K.": null, "Al.Dist. Izq.": 15, "Al.Dist. Der.": 15, "Ruta": "1V19" }, "geometry": { "type": "Point", "coordinates": [ -62.1883574, -31.4136129 ] } },
{ "type": "Feature", "properties": { "Name": "140.49", "P.K.": null, "Al.Dist. Izq.": 15, "Al.Dist. Der.": 15, "Ruta": "1V19" }, "geometry": { "type": "Point", "coordinates": [ -62.1886677, -31.41356 ] } },
{ "type": "Feature", "properties": { "Name": "141", "P.K.": "PK141", "Al.Dist. Izq.": 15, "Al.Dist. Der.": 15, "Ruta": "1V19" }, "geometry": { "type": "Point", "coordinates": [ -62.1939499, -31.4127069 ] } },
{ "type": "Feature", "properties": { "Name": "141.39", "P.K.": null, "Al.Dist. Izq.": 15, "Al.Dist. Der.": 15, "Ruta": "1V19" }, "geometry": { "type": "Point", "coordinates": [ -62.1979875, -31.412043 ] } },
{ "type": "Feature", "properties": { "Name": "141.46", "P.K.": null, "Al.Dist. Izq.": 15, "Al.Dist. Der.": 15, "Ruta": "1V19" }, "geometry": { "type": "Point", "coordinates": [ -62.1987124, -31.4119253 ] } },
{ "type": "Feature", "properties": { "Name": "141.69", "P.K.": null, "Al.Dist. Izq.": 15, "Al.Dist. Der.": 15, "Ruta": "1V19" }, "geometry": { "type": "Point", "coordinates": [ -62.2010943, -31.4115384 ] } },
{ "type": "Feature", "properties": { "Name": "142", "P.K.": "PK142", "Al.Dist. Izq.": 15, "Al.Dist. Der.": 15, "Ruta": "1V19" }, "geometry": { "type": "Point", "coordinates": [ -62.2043034, -31.4110094 ] } },
{ "type": "Feature", "properties": { "Name": "142.16", "P.K.": null, "Al.Dist. Izq.": 15, "Al.Dist. Der.": 15, "Ruta": "1V19" }, "geometry": { "type": "Point", "coordinates": [ -62.2059596, -31.4107354 ] } },
{ "type": "Feature", "properties": { "Name": "142.54", "P.K.": null, "Al.Dist. Izq.": 15, "Al.Dist. Der.": 15, "Ruta": "1V19" }, "geometry": { "type": "Point", "coordinates": [ -62.2098934, -31.4100873 ] } },
{ "type": "Feature", "properties": { "Name": "142.58", "P.K.": null, "Al.Dist. Izq.": 15, "Al.Dist. Der.": 15, "Ruta": "1V19" }, "geometry": { "type": "Point", "coordinates": [ -62.2103076, -31.4100196 ] } },
{ "type": "Feature", "properties": { "Name": "142.74", "P.K.": null, "Al.Dist. Izq.": 15, "Al.Dist. Der.": 15, "Ruta": "1V19" }, "geometry": { "type": "Point", "coordinates": [ -62.2119642, -31.4097486 ] } },
{ "type": "Feature", "properties": { "Name": "143", "P.K.": "PK143", "Al.Dist. Izq.": 15, "Al.Dist. Der.": 15, "Ruta": "1V19" }, "geometry": { "type": "Point", "coordinates": [ -62.2146563, -31.4093082 ] } },
{ "type": "Feature", "properties": { "Name": "143.06", "P.K.": null, "Al.Dist. Izq.": 15, "Al.Dist. Der.": 15, "Ruta": "1V19" }, "geometry": { "type": "Point", "coordinates": [ -62.2152776, -31.4092066 ] } },
{ "type": "Feature", "properties": { "Name": "143.58", "P.K.": null, "Al.Dist. Izq.": 15, "Al.Dist. Der.": 15, "Ruta": "1V19" }, "geometry": { "type": "Point", "coordinates": [ -62.2206626, -31.4083317 ] } },
{ "type": "Feature", "properties": { "Name": "143.75", "P.K.": null, "Al.Dist. Izq.": 15, "Al.Dist. Der.": 15, "Ruta": "1V19" }, "geometry": { "type": "Point", "coordinates": [ -62.2224411, -31.4082112 ] } },
{ "type": "Feature", "properties": { "Name": "144", "P.K.": "PK144", "Al.Dist. Izq.": 15, "Al.Dist. Der.": 15, "Ruta": "1V19" }, "geometry": { "type": "Point", "coordinates": [ -62.2250638, -31.4081814 ] } },
{ "type": "Feature", "properties": { "Name": "144.06", "P.K.": null, "Al.Dist. Izq.": 15, "Al.Dist. Der.": 15, "Ruta": "1V19" }, "geometry": { "type": "Point", "coordinates": [ -62.2256933, -31.4081749 ] } },
{ "type": "Feature", "properties": { "Name": "145", "P.K.": "PK145", "Al.Dist. Izq.": 15, "Al.Dist. Der.": 15, "Ruta": "1V19" }, "geometry": { "type": "Point", "coordinates": [ -62.235555, -31.408075 ] } },
{ "type": "Feature", "properties": { "Name": "146", "P.K.": "PK146", "Al.Dist. Izq.": 15, "Al.Dist. Der.": 15, "Ruta": "1V19" }, "geometry": { "type": "Point", "coordinates": [ -62.2460461, -31.4079577 ] } },
{ "type": "Feature", "properties": { "Name": "146.62", "P.K.": null, "Al.Dist. Izq.": 15, "Al.Dist. Der.": 15, "Ruta": "1V19" }, "geometry": { "type": "Point", "coordinates": [ -62.2525506, -31.4078846 ] } },
{ "type": "Feature", "properties": { "Name": "146.69", "P.K.": null, "Al.Dist. Izq.": 15, "Al.Dist. Der.": 15, "Ruta": "1V19" }, "geometry": { "type": "Point", "coordinates": [ -62.253285, -31.4078759 ] } },
{ "type": "Feature", "properties": { "Name": "146.8", "P.K.": null, "Al.Dist. Izq.": 15, "Al.Dist. Der.": 15, "Ruta": "1V19" }, "geometry": { "type": "Point", "coordinates": [ -62.254439, -31.4078622 ] } },
{ "type": "Feature", "properties": { "Name": "146.9", "P.K.": null, "Al.Dist. Izq.": 15, "Al.Dist. Der.": 15, "Ruta": "1V19" }, "geometry": { "type": "Point", "coordinates": [ -62.2554881, -31.4078497 ] } },
{ "type": "Feature", "properties": { "Name": "147", "P.K.": "PK147", "Al.Dist. Izq.": 15, "Al.Dist. Der.": 15, "Ruta": "1V19" }, "geometry": { "type": "Point", "coordinates": [ -62.2565372, -31.4078377 ] } },
{ "type": "Feature", "properties": { "Name": "148", "P.K.": "PK148", "Al.Dist. Izq.": 15, "Al.Dist. Der.": 15, "Ruta": "1V19" }, "geometry": { "type": "Point", "coordinates": [ -62.2670283, -31.4077188 ] } },
{ "type": "Feature", "properties": { "Name": "148.03", "P.K.": null, "Al.Dist. Izq.": 15, "Al.Dist. Der.": 15, "Ruta": "1V19" }, "geometry": { "type": "Point", "coordinates": [ -62.267343, -31.4077152 ] } },
{ "type": "Feature", "properties": { "Name": "148.38", "P.K.": null, "Al.Dist. Izq.": 15, "Al.Dist. Der.": 15, "Ruta": "1V19" }, "geometry": { "type": "Point", "coordinates": [ -62.2710149, -31.4076735 ] } },
{ "type": "Feature", "properties": { "Name": "149", "P.K.": "PK149", "Al.Dist. Izq.": 15, "Al.Dist. Der.": 15, "Ruta": "1V19" }, "geometry": { "type": "Point", "coordinates": [ -62.2775194, -31.4076001 ] } },
{ "type": "Feature", "properties": { "Name": "149.24", "P.K.": null, "Al.Dist. Izq.": 15, "Al.Dist. Der.": 15, "Ruta": "1V19" }, "geometry": { "type": "Point", "coordinates": [ -62.2800372, -31.4075722 ] } },
{ "type": "Feature", "properties": { "Name": "149.25", "P.K.": null, "Al.Dist. Izq.": 15, "Al.Dist. Der.": 15, "Ruta": "1V19" }, "geometry": { "type": "Point", "coordinates": [ -62.2801422, -31.407571 ] } },
{ "type": "Feature", "properties": { "Name": "150", "P.K.": "PK150", "Al.Dist. Izq.": 15, "Al.Dist. Der.": 15, "Ruta": "1V19" }, "geometry": { "type": "Point", "coordinates": [ -62.2880105, -31.4074836 ] } },
{ "type": "Feature", "properties": { "Name": "150.47", "P.K.": null, "Al.Dist. Izq.": 15, "Al.Dist. Der.": 15, "Ruta": "1V19" }, "geometry": { "type": "Point", "coordinates": [ -62.2929, -31.4074 ] } },
{ "type": "Feature", "properties": { "Name": "150.47", "P.K.": null, "Al.Dist. Izq.": 15, "Al.Dist. Der.": 15, "Ruta": "1V19" }, "geometry": { "type": "Point", "coordinates": [ -62.2929, -31.4074 ] } },
{ "type": "Feature", "properties": { "Name": "151", "P.K.": "PK151", "Al.Dist. Izq.": 15, "Al.Dist. Der.": 15, "Ruta": "1V19" }, "geometry": { "type": "Point", "coordinates": [ -62.2985017, -31.4073737 ] } },
{ "type": "Feature", "properties": { "Name": "151", "P.K.": null, "Al.Dist. Izq.": null, "Al.Dist. Der.": null, "Ruta": "1V19" }, "geometry": { "type": "Point", "coordinates": [ -62.2985017, -31.4073737 ] } },
{ "type": "Feature", "properties": { "Name": "151.03", "P.K.": null, "Al.Dist. Izq.": null, "Al.Dist. Der.": null, "Ruta": "1V19" }, "geometry": { "type": "Point", "coordinates": [ -62.2988164, -31.4073716 ] } },
{ "type": "Feature", "properties": { "Name": "151.05", "P.K.": null, "Al.Dist. Izq.": null, "Al.Dist. Der.": null, "Ruta": "1V19" }, "geometry": { "type": "Point", "coordinates": [ -62.2990262, -31.4073709 ] } },
{ "type": "Feature", "properties": { "Name": "151.08", "P.K.": null, "Al.Dist. Izq.": null, "Al.Dist. Der.": null, "Ruta": "1V19" }, "geometry": { "type": "Point", "coordinates": [ -62.299341, -31.407372 ] } },
{ "type": "Feature", "properties": { "Name": "151.13", "P.K.": null, "Al.Dist. Izq.": null, "Al.Dist. Der.": null, "Ruta": "1V19" }, "geometry": { "type": "Point", "coordinates": [ -62.2999, -31.4074 ] } },
{ "type": "Feature", "properties": { "Name": "151.13", "P.K.": null, "Al.Dist. Izq.": null, "Al.Dist. Der.": null, "Ruta": "1V19" }, "geometry": { "type": "Point", "coordinates": [ -62.2999, -31.4074 ] } },
{ "type": "Feature", "properties": { "Name": "151.16", "P.K.": null, "Al.Dist. Izq.": null, "Al.Dist. Der.": null, "Ruta": "1V19" }, "geometry": { "type": "Point", "coordinates": [ -62.3001739, -31.407462 ] } },
{ "type": "Feature", "properties": { "Name": "151.28", "P.K.": null, "Al.Dist. Izq.": null, "Al.Dist. Der.": null, "Ruta": "1V19" }, "geometry": { "type": "Point", "coordinates": [ -62.3014, -31.4077 ] } },
{ "type": "Feature", "properties": { "Name": "151.32", "P.K.": null, "Al.Dist. Izq.": null, "Al.Dist. Der.": null, "Ruta": "1V19" }, "geometry": { "type": "Point", "coordinates": [ -62.3018328, -31.4077127 ] } },
{ "type": "Feature", "properties": { "Name": "151.37", "P.K.": null, "Al.Dist. Izq.": null, "Al.Dist. Der.": null, "Ruta": "1V19" }, "geometry": { "type": "Point", "coordinates": [ -62.3023572, -31.4077194 ] } },
{ "type": "Feature", "properties": { "Name": "151.52", "P.K.": null, "Al.Dist. Izq.": null, "Al.Dist. Der.": null, "Ruta": "1V19" }, "geometry": { "type": "Point", "coordinates": [ -62.3039, -31.4077 ] } },
{ "type": "Feature", "properties": { "Name": "151.52", "P.K.": null, "Al.Dist. Izq.": null, "Al.Dist. Der.": null, "Ruta": "1V19" }, "geometry": { "type": "Point", "coordinates": [ -62.3039, -31.4077 ] } },
{ "type": "Feature", "properties": { "Name": "152", "P.K.": "PK152", "Al.Dist. Izq.": null, "Al.Dist. Der.": null, "Ruta": "1V19" }, "geometry": { "type": "Point", "coordinates": [ -62.3089663, -31.4076312 ] } },
{ "type": "Feature", "properties": { "Name": "152.04", "P.K.": null, "Al.Dist. Izq.": null, "Al.Dist. Der.": null, "Ruta": "1V19" }, "geometry": { "type": "Point", "coordinates": [ -62.3094, -31.4076 ] } },
{ "type": "Feature", "properties": { "Name": "152.19", "P.K.": null, "Al.Dist. Izq.": null, "Al.Dist. Der.": null, "Ruta": "1V19" }, "geometry": { "type": "Point", "coordinates": [ -62.311, -31.4076 ] } },
{ "type": "Feature", "properties": { "Name": "152.29", "P.K.": null, "Al.Dist. Izq.": null, "Al.Dist. Der.": null, "Ruta": "1V19" }, "geometry": { "type": "Point", "coordinates": [ -62.312, -31.4076 ] } },
{ "type": "Feature", "properties": { "Name": "152.35", "P.K.": null, "Al.Dist. Izq.": null, "Al.Dist. Der.": null, "Ruta": "1V19" }, "geometry": { "type": "Point", "coordinates": [ -62.3126364, -31.4075671 ] } },
{ "type": "Feature", "properties": { "Name": "152.44", "P.K.": null, "Al.Dist. Izq.": null, "Al.Dist. Der.": null, "Ruta": "1V19" }, "geometry": { "type": "Point", "coordinates": [ -62.3135283, -31.407262 ] } },
{ "type": "Feature", "properties": { "Name": "152.45", "P.K.": null, "Al.Dist. Izq.": null, "Al.Dist. Der.": null, "Ruta": "1V19" }, "geometry": { "type": "Point", "coordinates": [ -62.3136315, -31.4072433 ] } },
{ "type": "Feature", "properties": { "Name": "152.53", "P.K.": null, "Al.Dist. Izq.": null, "Al.Dist. Der.": null, "Ruta": "1V19" }, "geometry": { "type": "Point", "coordinates": [ -62.3144671, -31.4071858 ] } },
{ "type": "Feature", "properties": { "Name": "152.53", "P.K.": null, "Al.Dist. Izq.": 15, "Al.Dist. Der.": 15, "Ruta": "1V19" }, "geometry": { "type": "Point", "coordinates": [ -62.3144671, -31.4071858 ] } },
{ "type": "Feature", "properties": { "Name": "152.67", "P.K.": null, "Al.Dist. Izq.": 15, "Al.Dist. Der.": 15, "Ruta": "1V19" }, "geometry": { "type": "Point", "coordinates": [ -62.3159359, -31.4071727 ] } },
{ "type": "Feature", "properties": { "Name": "152.91", "P.K.": null, "Al.Dist. Izq.": 15, "Al.Dist. Der.": 15, "Ruta": "1V19" }, "geometry": { "type": "Point", "coordinates": [ -62.3184538, -31.4071467 ] } },
{ "type": "Feature", "properties": { "Name": "153", "P.K.": "PK153", "Al.Dist. Izq.": 15, "Al.Dist. Der.": 15, "Ruta": "1V19" }, "geometry": { "type": "Point", "coordinates": [ -62.319398, -31.4071327 ] } },
{ "type": "Feature", "properties": { "Name": "153.03", "P.K.": null, "Al.Dist. Izq.": 15, "Al.Dist. Der.": 15, "Ruta": "1V19" }, "geometry": { "type": "Point", "coordinates": [ -62.3197127, -31.4071281 ] } },
{ "type": "Feature", "properties": { "Name": "153.06", "P.K.": null, "Al.Dist. Izq.": 15, "Al.Dist. Der.": 15, "Ruta": "1V19" }, "geometry": { "type": "Point", "coordinates": [ -62.3200274, -31.4071234 ] } },
{ "type": "Feature", "properties": { "Name": "154", "P.K.": "PK154", "Al.Dist. Izq.": 15, "Al.Dist. Der.": 15, "Ruta": "1V19" }, "geometry": { "type": "Point", "coordinates": [ -62.329889, -31.4070091 ] } },
{ "type": "Feature", "properties": { "Name": "154.08", "P.K.": null, "Al.Dist. Izq.": 15, "Al.Dist. Der.": 15, "Ruta": "1V19" }, "geometry": { "type": "Point", "coordinates": [ -62.3307283, -31.4069998 ] } },
{ "type": "Feature", "properties": { "Name": "155", "P.K.": "PK155", "Al.Dist. Izq.": 15, "Al.Dist. Der.": 15, "Ruta": "1V19" }, "geometry": { "type": "Point", "coordinates": [ -62.34038, -31.4068891 ] } },
{ "type": "Feature", "properties": { "Name": "155.4", "P.K.": null, "Al.Dist. Izq.": 15, "Al.Dist. Der.": 15, "Ruta": "1V19" }, "geometry": { "type": "Point", "coordinates": [ -62.3436, -31.4069 ] } },
{ "type": "Feature", "properties": { "Name": "156", "P.K.": "PK156", "Al.Dist. Izq.": 15, "Al.Dist. Der.": 15, "Ruta": "1V19" }, "geometry": { "type": "Point", "coordinates": [ -62.3508711, -31.4067671 ] } },
{ "type": "Feature", "properties": { "Name": "157", "P.K.": "PK157", "Al.Dist. Izq.": 15, "Al.Dist. Der.": 15, "Ruta": "1V19" }, "geometry": { "type": "Point", "coordinates": [ -62.3613621, -31.4066434 ] } },
{ "type": "Feature", "properties": { "Name": "157.93", "P.K.": null, "Al.Dist. Izq.": 15, "Al.Dist. Der.": 15, "Ruta": "1V19" }, "geometry": { "type": "Point", "coordinates": [ -62.36965, -31.4065449 ] } },
{ "type": "Feature", "properties": { "Name": "157.94", "P.K.": null, "Al.Dist. Izq.": 15, "Al.Dist. Der.": 15, "Ruta": "1V19" }, "geometry": { "type": "Point", "coordinates": [ -62.3697549, -31.4065437 ] } },
{ "type": "Feature", "properties": { "Name": "158", "P.K.": "PK158", "Al.Dist. Izq.": 15, "Al.Dist. Der.": 15, "Ruta": "1V19" }, "geometry": { "type": "Point", "coordinates": [ -62.3718531, -31.4065187 ] } },
{ "type": "Feature", "properties": { "Name": "159", "P.K.": "PK159", "Al.Dist. Izq.": 15, "Al.Dist. Der.": 15, "Ruta": "1V19" }, "geometry": { "type": "Point", "coordinates": [ -62.3823441, -31.4063882 ] } },
{ "type": "Feature", "properties": { "Name": "159.22", "P.K.": null, "Al.Dist. Izq.": 15, "Al.Dist. Der.": 15, "Ruta": "1V19" }, "geometry": { "type": "Point", "coordinates": [ -62.3846521, -31.4063629 ] } },
{ "type": "Feature", "properties": { "Name": "160", "P.K.": "PK160", "Al.Dist. Izq.": 15, "Al.Dist. Der.": 15, "Ruta": "1V19" }, "geometry": { "type": "Point", "coordinates": [ -62.3928352, -31.4062688 ] } },
{ "type": "Feature", "properties": { "Name": "160.14", "P.K.": null, "Al.Dist. Izq.": 15, "Al.Dist. Der.": 15, "Ruta": "1V19" }, "geometry": { "type": "Point", "coordinates": [ -62.3943039, -31.4062518 ] } },
{ "type": "Feature", "properties": { "Name": "160.22", "P.K.": null, "Al.Dist. Izq.": 15, "Al.Dist. Der.": 15, "Ruta": "1V19" }, "geometry": { "type": "Point", "coordinates": [ -62.3951, -31.4062 ] } },
{ "type": "Feature", "properties": { "Name": "160.31", "P.K.": null, "Al.Dist. Izq.": 15, "Al.Dist. Der.": 15, "Ruta": "1V19" }, "geometry": { "type": "Point", "coordinates": [ -62.3960874, -31.4062312 ] } },
{ "type": "Feature", "properties": { "Name": "160.57", "P.K.": null, "Al.Dist. Izq.": 15, "Al.Dist. Der.": 15, "Ruta": "1V19" }, "geometry": { "type": "Point", "coordinates": [ -62.398731, -31.406244 ] } },
{ "type": "Feature", "properties": { "Name": "160.57", "P.K.": null, "Al.Dist. Izq.": null, "Al.Dist. Der.": null, "Ruta": "1V19" }, "geometry": { "type": "Point", "coordinates": [ -62.398731, -31.406244 ] } },
{ "type": "Feature", "properties": { "Name": "169.89", "P.K.": null, "Al.Dist. Izq.": null, "Al.Dist. Der.": null, "Ruta": "1V19" }, "geometry": { "type": "Point", "coordinates": [ -62.496783, -31.405325 ] } },
{ "type": "Feature", "properties": { "Name": "169.89", "P.K.": null, "Al.Dist. Izq.": null, "Al.Dist. Der.": null, "Ruta": "1V19" }, "geometry": { "type": "Point", "coordinates": [ -62.496783, -31.405325 ] } },
{ "type": "Feature", "properties": { "Name": "169.99", "P.K.": null, "Al.Dist. Izq.": null, "Al.Dist. Der.": null, "Ruta": "1V19" }, "geometry": { "type": "Point", "coordinates": [ -62.497825, -31.4052534 ] } },
{ "type": "Feature", "properties": { "Name": "169.99", "P.K.": null, "Al.Dist. Izq.": 40, "Al.Dist. Der.": 10, "Ruta": "1V19" }, "geometry": { "type": "Point", "coordinates": [ -62.497825, -31.4052534 ] } },
{ "type": "Feature", "properties": { "Name": "170", "P.K.": "PK170", "Al.Dist. Izq.": 40, "Al.Dist. Der.": 10, "Ruta": "1V19" }, "geometry": { "type": "Point", "coordinates": [ -62.4979295, -31.4052496 ] } },
{ "type": "Feature", "properties": { "Name": "170.95", "P.K.": null, "Al.Dist. Izq.": 40, "Al.Dist. Der.": 10, "Ruta": "1V19" }, "geometry": { "type": "Point", "coordinates": [ -62.5079, -31.4049 ] } },
{ "type": "Feature", "properties": { "Name": "171", "P.K.": "PK171", "Al.Dist. Izq.": 40, "Al.Dist. Der.": 10, "Ruta": "1V19" }, "geometry": { "type": "Point", "coordinates": [ -62.5083827, -31.4048412 ] } },
{ "type": "Feature", "properties": { "Name": "171.64", "P.K.": null, "Al.Dist. Izq.": 40, "Al.Dist. Der.": 10, "Ruta": "1V19" }, "geometry": { "type": "Point", "coordinates": [ -62.5150771, -31.4047468 ] } },
{ "type": "Feature", "properties": { "Name": "172", "P.K.": "PK172", "Al.Dist. Izq.": 40, "Al.Dist. Der.": 10, "Ruta": "1V19" }, "geometry": { "type": "Point", "coordinates": [ -62.5188428, -31.4046979 ] } },
{ "type": "Feature", "properties": { "Name": "172.49", "P.K.": null, "Al.Dist. Izq.": 40, "Al.Dist. Der.": 10, "Ruta": "1V19" }, "geometry": { "type": "Point", "coordinates": [ -62.5239684, -31.4046314 ] } },
{ "type": "Feature", "properties": { "Name": "172.49", "P.K.": null, "Al.Dist. Izq.": 10, "Al.Dist. Der.": 10, "Ruta": "1V19" }, "geometry": { "type": "Point", "coordinates": [ -62.5239684, -31.4046314 ] } },
{ "type": "Feature", "properties": { "Name": "173", "P.K.": "PK173", "Al.Dist. Izq.": 10, "Al.Dist. Der.": 10, "Ruta": "1V19" }, "geometry": { "type": "Point", "coordinates": [ -62.5293031, -31.4045622 ] } },
{ "type": "Feature", "properties": { "Name": "173.05", "P.K.": null, "Al.Dist. Izq.": 10, "Al.Dist. Der.": 10, "Ruta": "1V19" }, "geometry": { "type": "Point", "coordinates": [ -62.5298261, -31.4045554 ] } },
{ "type": "Feature", "properties": { "Name": "173.63", "P.K.": null, "Al.Dist. Izq.": 10, "Al.Dist. Der.": 10, "Ruta": "1V19" }, "geometry": { "type": "Point", "coordinates": [ -62.5358931, -31.4044768 ] } },
{ "type": "Feature", "properties": { "Name": "174", "P.K.": "PK174", "Al.Dist. Izq.": 10, "Al.Dist. Der.": 10, "Ruta": "1V19" }, "geometry": { "type": "Point", "coordinates": [ -62.5397635, -31.4044266 ] } },
{ "type": "Feature", "properties": { "Name": "174.71", "P.K.": null, "Al.Dist. Izq.": 10, "Al.Dist. Der.": 10, "Ruta": "1V19" }, "geometry": { "type": "Point", "coordinates": [ -62.5471903, -31.4043302 ] } },
{ "type": "Feature", "properties": { "Name": "174.71", "P.K.": null, "Al.Dist. Izq.": 40, "Al.Dist. Der.": 10, "Ruta": "1V19" }, "geometry": { "type": "Point", "coordinates": [ -62.5471903, -31.4043302 ] } },
{ "type": "Feature", "properties": { "Name": "175", "P.K.": "PK175", "Al.Dist. Izq.": 40, "Al.Dist. Der.": 10, "Ruta": "1V19" }, "geometry": { "type": "Point", "coordinates": [ -62.5502237, -31.4042892 ] } },
{ "type": "Feature", "properties": { "Name": "175.11", "P.K.": null, "Al.Dist. Izq.": 40, "Al.Dist. Der.": 10, "Ruta": "1V19" }, "geometry": { "type": "Point", "coordinates": [ -62.5513744, -31.4042737 ] } },
{ "type": "Feature", "properties": { "Name": "175.61", "P.K.": null, "Al.Dist. Izq.": 40, "Al.Dist. Der.": 10, "Ruta": "1V19" }, "geometry": { "type": "Point", "coordinates": [ -62.5566045, -31.404203 ] } },
{ "type": "Feature", "properties": { "Name": "176.77", "P.K.": null, "Al.Dist. Izq.": 40, "Al.Dist. Der.": 10, "Ruta": "1V19" }, "geometry": { "type": "Point", "coordinates": [ -62.5687384, -31.4040391 ] } },
{ "type": "Feature", "properties": { "Name": "177", "P.K.": "PK177", "Al.Dist. Izq.": 40, "Al.Dist. Der.": 10, "Ruta": "1V19" }, "geometry": { "type": "Point", "coordinates": [ -62.5711442, -31.4040065 ] } },
{ "type": "Feature", "properties": { "Name": "177.79", "P.K.": null, "Al.Dist. Izq.": 40, "Al.Dist. Der.": 10, "Ruta": "1V19" }, "geometry": { "type": "Point", "coordinates": [ -62.5794078, -31.4038913 ] } },
{ "type": "Feature", "properties": { "Name": "177.8", "P.K.": null, "Al.Dist. Izq.": 40, "Al.Dist. Der.": 10, "Ruta": "1V19" }, "geometry": { "type": "Point", "coordinates": [ -62.5795124, -31.4038899 ] } },
{ "type": "Feature", "properties": { "Name": "177.98", "P.K.": null, "Al.Dist. Izq.": 40, "Al.Dist. Der.": 10, "Ruta": "1V19" }, "geometry": { "type": "Point", "coordinates": [ -62.5813952, -31.4038636 ] } },
{ "type": "Feature", "properties": { "Name": "178", "P.K.": "PK178", "Al.Dist. Izq.": 40, "Al.Dist. Der.": 10, "Ruta": "1V19" }, "geometry": { "type": "Point", "coordinates": [ -62.5816044, -31.4038607 ] } },
{ "type": "Feature", "properties": { "Name": "178.13", "P.K.": null, "Al.Dist. Izq.": 40, "Al.Dist. Der.": 10, "Ruta": "1V19" }, "geometry": { "type": "Point", "coordinates": [ -62.5829642, -31.4038418 ] } },
{ "type": "Feature", "properties": { "Name": "178.16", "P.K.": null, "Al.Dist. Izq.": 40, "Al.Dist. Der.": 10, "Ruta": "1V19" }, "geometry": { "type": "Point", "coordinates": [ -62.583278, -31.4038374 ] } },
{ "type": "Feature", "properties": { "Name": "179", "P.K.": "PK179", "Al.Dist. Izq.": 40, "Al.Dist. Der.": 10, "Ruta": "1V19" }, "geometry": { "type": "Point", "coordinates": [ -62.5920646, -31.4037168 ] } },
{ "type": "Feature", "properties": { "Name": "179.26", "P.K.": null, "Al.Dist. Izq.": 40, "Al.Dist. Der.": 10, "Ruta": "1V19" }, "geometry": { "type": "Point", "coordinates": [ -62.5947843, -31.4036831 ] } },
{ "type": "Feature", "properties": { "Name": "179.28", "P.K.": null, "Al.Dist. Izq.": 40, "Al.Dist. Der.": 10, "Ruta": "1V19" }, "geometry": { "type": "Point", "coordinates": [ -62.5949935, -31.4036805 ] } },
{ "type": "Feature", "properties": { "Name": "180", "P.K.": "PK180", "Al.Dist. Izq.": 40, "Al.Dist. Der.": 10, "Ruta": "1V19" }, "geometry": { "type": "Point", "coordinates": [ -62.602525, -31.4035873 ] } },
{ "type": "Feature", "properties": { "Name": "181", "P.K.": "PK181", "Al.Dist. Izq.": 40, "Al.Dist. Der.": 10, "Ruta": "1V19" }, "geometry": { "type": "Point", "coordinates": [ -62.6129854, -31.4034539 ] } },
{ "type": "Feature", "properties": { "Name": "181.56", "P.K.": null, "Al.Dist. Izq.": 40, "Al.Dist. Der.": 10, "Ruta": "1V19" }, "geometry": { "type": "Point", "coordinates": [ -62.6185293, -31.4033807 ] } },
{ "type": "Feature", "properties": { "Name": "181.64", "P.K.": null, "Al.Dist. Izq.": 40, "Al.Dist. Der.": 10, "Ruta": "1V19" }, "geometry": { "type": "Point", "coordinates": [ -62.6192615, -31.4033711 ] } },
{ "type": "Feature", "properties": { "Name": "181.71", "P.K.": null, "Al.Dist. Izq.": 40, "Al.Dist. Der.": 10, "Ruta": "1V19" }, "geometry": { "type": "Point", "coordinates": [ -62.6199937, -31.4033614 ] } },
{ "type": "Feature", "properties": { "Name": "181.84", "P.K.": null, "Al.Dist. Izq.": 40, "Al.Dist. Der.": 10, "Ruta": "1V19" }, "geometry": { "type": "Point", "coordinates": [ -62.6212244, -31.4035016 ] } },
{ "type": "Feature", "properties": { "Name": "181.96", "P.K.": null, "Al.Dist. Izq.": 40, "Al.Dist. Der.": 10, "Ruta": "1V19" }, "geometry": { "type": "Point", "coordinates": [ -62.6221894, -31.4041266 ] } },
{ "type": "Feature", "properties": { "Name": "182.05", "P.K.": null, "Al.Dist. Izq.": 40, "Al.Dist. Der.": 10, "Ruta": "1V19" }, "geometry": { "type": "Point", "coordinates": [ -62.6236253, -31.4046546 ] } },
{ "type": "Feature", "properties": { "Name": "182.07", "P.K.": null, "Al.Dist. Izq.": 40, "Al.Dist. Der.": 10, "Ruta": "1V19" }, "geometry": { "type": "Point", "coordinates": [ -62.6238345, -31.4046554 ] } },
{ "type": "Feature", "properties": { "Name": "182.12", "P.K.": null, "Al.Dist. Izq.": 40, "Al.Dist. Der.": 10, "Ruta": "1V19" }, "geometry": { "type": "Point", "coordinates": [ -62.624253, -31.4046544 ] } },
{ "type": "Feature", "properties": { "Name": "182.21", "P.K.": null, "Al.Dist. Izq.": 40, "Al.Dist. Der.": 10, "Ruta": "1V19" }, "geometry": { "type": "Point", "coordinates": [ -62.6251945, -31.4046489 ] } },
{ "type": "Feature", "properties": { "Name": "182.29", "P.K.": null, "Al.Dist. Izq.": 40, "Al.Dist. Der.": 10, "Ruta": "1V19" }, "geometry": { "type": "Point", "coordinates": [ -62.6259267, -31.4046443 ] } },
{ "type": "Feature", "properties": { "Name": "182.3", "P.K.": null, "Al.Dist. Izq.": 40, "Al.Dist. Der.": 10, "Ruta": "1V19" }, "geometry": { "type": "Point", "coordinates": [ -62.6260313, -31.4046431 ] } },
{ "type": "Feature", "properties": { "Name": "182.38", "P.K.": null, "Al.Dist. Izq.": 40, "Al.Dist. Der.": 10, "Ruta": "1V19" }, "geometry": { "type": "Point", "coordinates": [ -62.6268682, -31.404633 ] } },
{ "type": "Feature", "properties": { "Name": "182.38", "P.K.": null, "Al.Dist. Izq.": 40, "Al.Dist. Der.": 10, "Ruta": "1V19" }, "geometry": { "type": "Point", "coordinates": [ -62.6268682, -31.404633 ] } },
{ "type": "Feature", "properties": { "Name": "182.44", "P.K.": null, "Al.Dist. Izq.": null, "Al.Dist. Der.": null, "Ruta": "1V19" }, "geometry": { "type": "Point", "coordinates": [ -62.6273912, -31.4046266 ] } },
{ "type": "Feature", "properties": { "Name": "182.47", "P.K.": null, "Al.Dist. Izq.": null, "Al.Dist. Der.": null, "Ruta": "1V19" }, "geometry": { "type": "Point", "coordinates": [ -62.627705, -31.4046228 ] } },
{ "type": "Feature", "properties": { "Name": "182.48", "P.K.": null, "Al.Dist. Izq.": null, "Al.Dist. Der.": null, "Ruta": "1V19" }, "geometry": { "type": "Point", "coordinates": [ -62.6278096, -31.4046216 ] } },
{ "type": "Feature", "properties": { "Name": "182.5", "P.K.": null, "Al.Dist. Izq.": null, "Al.Dist. Der.": null, "Ruta": "1V19" }, "geometry": { "type": "Point", "coordinates": [ -62.6280188, -31.4046191 ] } },
{ "type": "Feature", "properties": { "Name": "182.55", "P.K.": null, "Al.Dist. Izq.": null, "Al.Dist. Der.": null, "Ruta": "1V19" }, "geometry": { "type": "Point", "coordinates": [ -62.6285, -31.4046 ] } },
{ "type": "Feature", "properties": { "Name": "182.98", "P.K.": null, "Al.Dist. Izq.": null, "Al.Dist. Der.": null, "Ruta": "1V19" }, "geometry": { "type": "Point", "coordinates": [ -62.6327, -31.4046 ] } },
{ "type": "Feature", "properties": { "Name": "183", "P.K.": "PK183", "Al.Dist. Izq.": null, "Al.Dist. Der.": null, "Ruta": "1V19" }, "geometry": { "type": "Point", "coordinates": [ -62.6335628, -31.404552 ] } },
{ "type": "Feature", "properties": { "Name": "183.23", "P.K.": null, "Al.Dist. Izq.": null, "Al.Dist. Der.": null, "Ruta": "1V19" }, "geometry": { "type": "Point", "coordinates": [ -62.6359687, -31.404523 ] } },
{ "type": "Feature", "properties": { "Name": "183.42", "P.K.": null, "Al.Dist. Izq.": null, "Al.Dist. Der.": null, "Ruta": "1V19" }, "geometry": { "type": "Point", "coordinates": [ -62.638, -31.4045 ] } },
{ "type": "Feature", "properties": { "Name": "183.42", "P.K.": null, "Al.Dist. Izq.": null, "Al.Dist. Der.": null, "Ruta": "1V19" }, "geometry": { "type": "Point", "coordinates": [ -62.638, -31.4045 ] } },
{ "type": "Feature", "properties": { "Name": "183.46", "P.K.": null, "Al.Dist. Izq.": null, "Al.Dist. Der.": null, "Ruta": "1V19" }, "geometry": { "type": "Point", "coordinates": [ -62.6383747, -31.4045008 ] } },
{ "type": "Feature", "properties": { "Name": "183.51", "P.K.": null, "Al.Dist. Izq.": null, "Al.Dist. Der.": null, "Ruta": "1V19" }, "geometry": { "type": "Point", "coordinates": [ -62.6388977, -31.4044981 ] } },
{ "type": "Feature", "properties": { "Name": "183.53", "P.K.": null, "Al.Dist. Izq.": null, "Al.Dist. Der.": null, "Ruta": "1V19" }, "geometry": { "type": "Point", "coordinates": [ -62.639107, -31.404497 ] } },
{ "type": "Feature", "properties": { "Name": "183.59", "P.K.": null, "Al.Dist. Izq.": null, "Al.Dist. Der.": null, "Ruta": "1V19" }, "geometry": { "type": "Point", "coordinates": [ -62.6397346, -31.4044938 ] } },
{ "type": "Feature", "properties": { "Name": "183.65", "P.K.": null, "Al.Dist. Izq.": null, "Al.Dist. Der.": null, "Ruta": "1V19" }, "geometry": { "type": "Point", "coordinates": [ -62.6403614, -31.4044728 ] } },
{ "type": "Feature", "properties": { "Name": "183.68", "P.K.": null, "Al.Dist. Izq.": null, "Al.Dist. Der.": null, "Ruta": "1V19" }, "geometry": { "type": "Point", "coordinates": [ -62.640671, -31.4044232 ] } },
{ "type": "Feature", "properties": { "Name": "183.72", "P.K.": null, "Al.Dist. Izq.": null, "Al.Dist. Der.": null, "Ruta": "1V19" }, "geometry": { "type": "Point", "coordinates": [ -62.6410496, -31.4042506 ] } },
{ "type": "Feature", "properties": { "Name": "183.75", "P.K.": null, "Al.Dist. Izq.": null, "Al.Dist. Der.": null, "Ruta": "1V19" }, "geometry": { "type": "Point", "coordinates": [ -62.6413107, -31.4040765 ] } },
{ "type": "Feature", "properties": { "Name": "183.81", "P.K.": null, "Al.Dist. Izq.": null, "Al.Dist. Der.": null, "Ruta": "1V19" }, "geometry": { "type": "Point", "coordinates": [ -62.6418253, -31.403717 ] } },
{ "type": "Feature", "properties": { "Name": "183.81", "P.K.": null, "Al.Dist. Izq.": 40, "Al.Dist. Der.": 10, "Ruta": "1V19" }, "geometry": { "type": "Point", "coordinates": [ -62.6418253, -31.403717 ] } },
{ "type": "Feature", "properties": { "Name": "183.86", "P.K.": null, "Al.Dist. Izq.": 40, "Al.Dist. Der.": 10, "Ruta": "1V19" }, "geometry": { "type": "Point", "coordinates": [ -62.642254, -31.4034175 ] } },
{ "type": "Feature", "properties": { "Name": "183.98", "P.K.": null, "Al.Dist. Izq.": 40, "Al.Dist. Der.": 10, "Ruta": "1V19" }, "geometry": { "type": "Point", "coordinates": [ -62.6434231, -31.4030291 ] } },
{ "type": "Feature", "properties": { "Name": "184", "P.K.": "PK184", "Al.Dist. Izq.": 40, "Al.Dist. Der.": 10, "Ruta": "1V19" }, "geometry": { "type": "Point", "coordinates": [ -62.6436318, -31.4030147 ] } },
{ "type": "Feature", "properties": { "Name": "184.09", "P.K.": null, "Al.Dist. Izq.": 40, "Al.Dist. Der.": 10, "Ruta": "1V19" }, "geometry": { "type": "Point", "coordinates": [ -62.6445732, -31.4030042 ] } },
{ "type": "Feature", "properties": { "Name": "184.09", "P.K.": null, "Al.Dist. Izq.": 40, "Al.Dist. Der.": 10, "Ruta": "1V19" }, "geometry": { "type": "Point", "coordinates": [ -62.6445732, -31.4030042 ] } },
{ "type": "Feature", "properties": { "Name": "184.21", "P.K.": null, "Al.Dist. Izq.": 40, "Al.Dist. Der.": 10, "Ruta": "1V19" }, "geometry": { "type": "Point", "coordinates": [ -62.6458, -31.403 ] } },
{ "type": "Feature", "properties": { "Name": "184.21", "P.K.": null, "Al.Dist. Izq.": 40, "Al.Dist. Der.": 10, "Ruta": "1V19" }, "geometry": { "type": "Point", "coordinates": [ -62.6458, -31.403 ] } },
{ "type": "Feature", "properties": { "Name": "184.23", "P.K.": null, "Al.Dist. Izq.": 40, "Al.Dist. Der.": 10, "Ruta": "1V19" }, "geometry": { "type": "Point", "coordinates": [ -62.6460574, -31.4029767 ] } },
{ "type": "Feature", "properties": { "Name": "184.33", "P.K.": null, "Al.Dist. Izq.": 40, "Al.Dist. Der.": 10, "Ruta": "1V19" }, "geometry": { "type": "Point", "coordinates": [ -62.6471066, -31.402962 ] } },
{ "type": "Feature", "properties": { "Name": "184.35", "P.K.": null, "Al.Dist. Izq.": 40, "Al.Dist. Der.": 10, "Ruta": "1V19" }, "geometry": { "type": "Point", "coordinates": [ -62.6473164, -31.4029591 ] } },
{ "type": "Feature", "properties": { "Name": "184.37", "P.K.": null, "Al.Dist. Izq.": 40, "Al.Dist. Der.": 10, "Ruta": "1V19" }, "geometry": { "type": "Point", "coordinates": [ -62.6475262, -31.4029562 ] } },
{ "type": "Feature", "properties": { "Name": "184.67", "P.K.": null, "Al.Dist. Izq.": 40, "Al.Dist. Der.": 10, "Ruta": "1V19" }, "geometry": { "type": "Point", "coordinates": [ -62.6506738, -31.4029124 ] } },
{ "type": "Feature", "properties": { "Name": "185", "P.K.": "PK185", "Al.Dist. Izq.": 40, "Al.Dist. Der.": 10, "Ruta": "1V19" }, "geometry": { "type": "Point", "coordinates": [ -62.654136, -31.4028641 ] } },
{ "type": "Feature", "properties": { "Name": "185.72", "P.K.": null, "Al.Dist. Izq.": 40, "Al.Dist. Der.": 10, "Ruta": "1V19" }, "geometry": { "type": "Point", "coordinates": [ -62.6616901, -31.4027589 ] } },
{ "type": "Feature", "properties": { "Name": "185.79", "P.K.": null, "Al.Dist. Izq.": 40, "Al.Dist. Der.": 10, "Ruta": "1V19" }, "geometry": { "type": "Point", "coordinates": [ -62.6624245, -31.4027486 ] } },
{ "type": "Feature", "properties": { "Name": "185.84", "P.K.": null, "Al.Dist. Izq.": 40, "Al.Dist. Der.": 10, "Ruta": "1V19" }, "geometry": { "type": "Point", "coordinates": [ -62.6629491, -31.4027413 ] } },
{ "type": "Feature", "properties": { "Name": "185.86", "P.K.": null, "Al.Dist. Izq.": 40, "Al.Dist. Der.": 10, "Ruta": "1V19" }, "geometry": { "type": "Point", "coordinates": [ -62.663159, -31.4027384 ] } },
{ "type": "Feature", "properties": { "Name": "185.93", "P.K.": null, "Al.Dist. Izq.": 40, "Al.Dist. Der.": 10, "Ruta": "1V19" }, "geometry": { "type": "Point", "coordinates": [ -62.6638934, -31.4027282 ] } },
{ "type": "Feature", "properties": { "Name": "186", "P.K.": "PK186", "Al.Dist. Izq.": 40, "Al.Dist. Der.": 10, "Ruta": "1V19" }, "geometry": { "type": "Point", "coordinates": [ -62.6646278, -31.4027179 ] } },
{ "type": "Feature", "properties": { "Name": "186.73", "P.K.": null, "Al.Dist. Izq.": 40, "Al.Dist. Der.": 10, "Ruta": "1V19" }, "geometry": { "type": "Point", "coordinates": [ -62.6722868, -31.4026146 ] } },
{ "type": "Feature", "properties": { "Name": "187", "P.K.": "PK187", "Al.Dist. Izq.": 40, "Al.Dist. Der.": 10, "Ruta": "1V19" }, "geometry": { "type": "Point", "coordinates": [ -62.6751196, -31.4025767 ] } },
{ "type": "Feature", "properties": { "Name": "187.57", "P.K.": null, "Al.Dist. Izq.": 40, "Al.Dist. Der.": 10, "Ruta": "1V19" }, "geometry": { "type": "Point", "coordinates": [ -62.6808901, -31.402498 ] } },
{ "type": "Feature", "properties": { "Name": "188", "P.K.": "PK188", "Al.Dist. Izq.": 40, "Al.Dist. Der.": 10, "Ruta": "1V19" }, "geometry": { "type": "Point", "coordinates": [ -62.6856114, -31.4024312 ] } },
{ "type": "Feature", "properties": { "Name": "188.7", "P.K.": null, "Al.Dist. Izq.": 40, "Al.Dist. Der.": 10, "Ruta": "1V19" }, "geometry": { "type": "Point", "coordinates": [ -62.6928507, -31.4023287 ] } },
{ "type": "Feature", "properties": { "Name": "188.84", "P.K.": null, "Al.Dist. Izq.": 40, "Al.Dist. Der.": 10, "Ruta": "1V19" }, "geometry": { "type": "Point", "coordinates": [ -62.6942146, -31.4023094 ] } },
{ "type": "Feature", "properties": { "Name": "189", "P.K.": "PK189", "Al.Dist. Izq.": 40, "Al.Dist. Der.": 10, "Ruta": "1V19" }, "geometry": { "type": "Point", "coordinates": [ -62.6961031, -31.4022827 ] } },
{ "type": "Feature", "properties": { "Name": "189.04", "P.K.": null, "Al.Dist. Izq.": 40, "Al.Dist. Der.": 10, "Ruta": "1V19" }, "geometry": { "type": "Point", "coordinates": [ -62.6965228, -31.4022789 ] } },
{ "type": "Feature", "properties": { "Name": "189.47", "P.K.": null, "Al.Dist. Izq.": 40, "Al.Dist. Der.": 10, "Ruta": "1V19" }, "geometry": { "type": "Point", "coordinates": [ -62.7009951, -31.4017415 ] } },
{ "type": "Feature", "properties": { "Name": "189.79", "P.K.": null, "Al.Dist. Izq.": 40, "Al.Dist. Der.": 10, "Ruta": "1V19" }, "geometry": { "type": "Point", "coordinates": [ -62.7043, -31.401 ] } },
{ "type": "Feature", "properties": { "Name": "190", "P.K.": "PK190", "Al.Dist. Izq.": 40, "Al.Dist. Der.": 10, "Ruta": "1V19" }, "geometry": { "type": "Point", "coordinates": [ -62.706421, -31.4005227 ] } },
{ "type": "Feature", "properties": { "Name": "191", "P.K.": "PK191", "Al.Dist. Izq.": 40, "Al.Dist. Der.": 10, "Ruta": "1V19" }, "geometry": { "type": "Point", "coordinates": [ -62.7166536, -31.3982005 ] } },
{ "type": "Feature", "properties": { "Name": "192", "P.K.": "PK192", "Al.Dist. Izq.": 40, "Al.Dist. Der.": 10, "Ruta": "1V19" }, "geometry": { "type": "Point", "coordinates": [ -62.7268869, -31.3958814 ] } },
{ "type": "Feature", "properties": { "Name": "192.15", "P.K.": null, "Al.Dist. Izq.": 40, "Al.Dist. Der.": 10, "Ruta": "1V19" }, "geometry": { "type": "Point", "coordinates": [ -62.7284219, -31.3955335 ] } },
{ "type": "Feature", "properties": { "Name": "192.38", "P.K.": null, "Al.Dist. Izq.": 40, "Al.Dist. Der.": 10, "Ruta": "1V19" }, "geometry": { "type": "Point", "coordinates": [ -62.7307759, -31.3950017 ] } },
{ "type": "Feature", "properties": { "Name": "192.44", "P.K.": null, "Al.Dist. Izq.": 40, "Al.Dist. Der.": 10, "Ruta": "1V19" }, "geometry": { "type": "Point", "coordinates": [ -62.7313906, -31.3948655 ] } },
{ "type": "Feature", "properties": { "Name": "192.64", "P.K.": null, "Al.Dist. Izq.": 40, "Al.Dist. Der.": 10, "Ruta": "1V19" }, "geometry": { "type": "Point", "coordinates": [ -62.7334394, -31.3944116 ] } },
{ "type": "Feature", "properties": { "Name": "192.84", "P.K.": null, "Al.Dist. Izq.": 40, "Al.Dist. Der.": 10, "Ruta": "1V19" }, "geometry": { "type": "Point", "coordinates": [ -62.7354883, -31.3939577 ] } },
{ "type": "Feature", "properties": { "Name": "192.88", "P.K.": null, "Al.Dist. Izq.": 40, "Al.Dist. Der.": 10, "Ruta": "1V19" }, "geometry": { "type": "Point", "coordinates": [ -62.7358992, -31.3938721 ] } },
{ "type": "Feature", "properties": { "Name": "192.95", "P.K.": null, "Al.Dist. Izq.": 40, "Al.Dist. Der.": 10, "Ruta": "1V19" }, "geometry": { "type": "Point", "coordinates": [ -62.736628, -31.3937915 ] } },
{ "type": "Feature", "properties": { "Name": "192.99", "P.K.": null, "Al.Dist. Izq.": 40, "Al.Dist. Der.": 10, "Ruta": "1V19" }, "geometry": { "type": "Point", "coordinates": [ -62.7370474, -31.393775 ] } },
{ "type": "Feature", "properties": { "Name": "193", "P.K.": "PK193", "Al.Dist. Izq.": 40, "Al.Dist. Der.": 10, "Ruta": "1V19" }, "geometry": { "type": "Point", "coordinates": [ -62.7371522, -31.3937703 ] } },
{ "type": "Feature", "properties": { "Name": "193.04", "P.K.": null, "Al.Dist. Izq.": 40, "Al.Dist. Der.": 10, "Ruta": "1V19" }, "geometry": { "type": "Point", "coordinates": [ -62.7375716, -31.3937548 ] } },
{ "type": "Feature", "properties": { "Name": "193.05", "P.K.": null, "Al.Dist. Izq.": 40, "Al.Dist. Der.": 10, "Ruta": "1V19" }, "geometry": { "type": "Point", "coordinates": [ -62.7376765, -31.3937514 ] } },
{ "type": "Feature", "properties": { "Name": "193.11", "P.K.": null, "Al.Dist. Izq.": 40, "Al.Dist. Der.": 10, "Ruta": "1V19" }, "geometry": { "type": "Point", "coordinates": [ -62.7382946, -31.3936346 ] } },
{ "type": "Feature", "properties": { "Name": "193.2", "P.K.": null, "Al.Dist. Izq.": 40, "Al.Dist. Der.": 10, "Ruta": "1V19" }, "geometry": { "type": "Point", "coordinates": [ -62.7392154, -31.3934252 ] } },
{ "type": "Feature", "properties": { "Name": "193.7", "P.K.": null, "Al.Dist. Izq.": 40, "Al.Dist. Der.": 10, "Ruta": "1V19" }, "geometry": { "type": "Point", "coordinates": [ -62.7443, -31.3923 ] } },
{ "type": "Feature", "properties": { "Name": "193.91", "P.K.": null, "Al.Dist. Izq.": 40, "Al.Dist. Der.": 10, "Ruta": "1V19" }, "geometry": { "type": "Point", "coordinates": [ -62.7464787, -31.391769 ] } },
{ "type": "Feature", "properties": { "Name": "193.94", "P.K.": null, "Al.Dist. Izq.": 40, "Al.Dist. Der.": 10, "Ruta": "1V19" }, "geometry": { "type": "Point", "coordinates": [ -62.7467746, -31.3916635 ] } },
{ "type": "Feature", "properties": { "Name": "193.95", "P.K.": null, "Al.Dist. Izq.": 40, "Al.Dist. Der.": 10, "Ruta": "1V19" }, "geometry": { "type": "Point", "coordinates": [ -62.7468715, -31.3916232 ] } },
{ "type": "Feature", "properties": { "Name": "193.96", "P.K.": null, "Al.Dist. Izq.": 40, "Al.Dist. Der.": 10, "Ruta": "1V19" }, "geometry": { "type": "Point", "coordinates": [ -62.747, -31.3916 ] } },
{ "type": "Feature", "properties": { "Name": "193.97", "P.K.": null, "Al.Dist. Izq.": 40, "Al.Dist. Der.": 10, "Ruta": "1V19" }, "geometry": { "type": "Point", "coordinates": [ -62.7470583, -31.3915276 ] } },
{ "type": "Feature", "properties": { "Name": "194", "P.K.": "PK194", "Al.Dist. Izq.": 40, "Al.Dist. Der.": 10, "Ruta": "1V19" }, "geometry": { "type": "Point", "coordinates": [ -62.7473385, -31.3913842 ] } },
{ "type": "Feature", "properties": { "Name": "194.02", "P.K.": null, "Al.Dist. Izq.": 40, "Al.Dist. Der.": 10, "Ruta": "1V19" }, "geometry": { "type": "Point", "coordinates": [ -62.7475262, -31.3912905 ] } },
{ "type": "Feature", "properties": { "Name": "194.11", "P.K.": null, "Al.Dist. Izq.": 40, "Al.Dist. Der.": 10, "Ruta": "1V19" }, "geometry": { "type": "Point", "coordinates": [ -62.7484245, -31.3910039 ] } },
{ "type": "Feature", "properties": { "Name": "194.6", "P.K.": null, "Al.Dist. Izq.": 40, "Al.Dist. Der.": 10, "Ruta": "1V19" }, "geometry": { "type": "Point", "coordinates": [ -62.7534376, -31.3898625 ] } },
{ "type": "Feature", "properties": { "Name": "194.88", "P.K.": null, "Al.Dist. Izq.": 40, "Al.Dist. Der.": 10, "Ruta": "1V19" }, "geometry": { "type": "Point", "coordinates": [ -62.7563026, -31.3892115 ] } },
{ "type": "Feature", "properties": { "Name": "195", "P.K.": "PK195", "Al.Dist. Izq.": 40, "Al.Dist. Der.": 10, "Ruta": "1V19" }, "geometry": { "type": "Point", "coordinates": [ -62.7575304, -31.3889325 ] } },
{ "type": "Feature", "properties": { "Name": "195.1", "P.K.": null, "Al.Dist. Izq.": 40, "Al.Dist. Der.": 10, "Ruta": "1V19" }, "geometry": { "type": "Point", "coordinates": [ -62.7584513, -31.3887232 ] } },
{ "type": "Feature", "properties": { "Name": "195.21", "P.K.": null, "Al.Dist. Izq.": 40, "Al.Dist. Der.": 10, "Ruta": "1V19" }, "geometry": { "type": "Point", "coordinates": [ -62.7594745, -31.3884907 ] } },
{ "type": "Feature", "properties": { "Name": "195.51", "P.K.": null, "Al.Dist. Izq.": 40, "Al.Dist. Der.": 10, "Ruta": "1V19" }, "geometry": { "type": "Point", "coordinates": [ -62.7623394, -31.3878397 ] } },
{ "type": "Feature", "properties": { "Name": "196", "P.K.": "PK196", "Al.Dist. Izq.": 40, "Al.Dist. Der.": 10, "Ruta": "1V19" }, "geometry": { "type": "Point", "coordinates": [ -62.7677623, -31.3866074 ] } },
{ "type": "Feature", "properties": { "Name": "196.25", "P.K.": null, "Al.Dist. Izq.": 40, "Al.Dist. Der.": 10, "Ruta": "1V19" }, "geometry": { "type": "Point", "coordinates": [ -62.7703242, -31.3860441 ] } },
{ "type": "Feature", "properties": { "Name": "196.48", "P.K.": null, "Al.Dist. Izq.": 40, "Al.Dist. Der.": 10, "Ruta": "1V19" }, "geometry": { "type": "Point", "coordinates": [ -62.7727219, -31.3858081 ] } },
{ "type": "Feature", "properties": { "Name": "197", "P.K.": "PK197", "Al.Dist. Izq.": 40, "Al.Dist. Der.": 10, "Ruta": "1V19" }, "geometry": { "type": "Point", "coordinates": [ -62.7781739, -31.3855923 ] } },
{ "type": "Feature", "properties": { "Name": "197.06", "P.K.": null, "Al.Dist. Izq.": 40, "Al.Dist. Der.": 10, "Ruta": "1V19" }, "geometry": { "type": "Point", "coordinates": [ -62.778803, -31.3855673 ] } },
{ "type": "Feature", "properties": { "Name": "197.18", "P.K.": null, "Al.Dist. Izq.": 40, "Al.Dist. Der.": 10, "Ruta": "1V19" }, "geometry": { "type": "Point", "coordinates": [ -62.7801, -31.3855 ] } },
{ "type": "Feature", "properties": { "Name": "198", "P.K.": "PK198", "Al.Dist. Izq.": 40, "Al.Dist. Der.": 10, "Ruta": "1V19" }, "geometry": { "type": "Point", "coordinates": [ -62.7886584, -31.3851755 ] } },
{ "type": "Feature", "properties": { "Name": "198.83", "P.K.": null, "Al.Dist. Izq.": 40, "Al.Dist. Der.": 10, "Ruta": "1V19" }, "geometry": { "type": "Point", "coordinates": [ -62.7973605, -31.3848292 ] } },
{ "type": "Feature", "properties": { "Name": "198.83", "P.K.": null, "Al.Dist. Izq.": 40, "Al.Dist. Der.": 10, "Ruta": "1V19" }, "geometry": { "type": "Point", "coordinates": [ -62.7973605, -31.3848292 ] } },
{ "type": "Feature", "properties": { "Name": "199", "P.K.": "PK199", "Al.Dist. Izq.": 40, "Al.Dist. Der.": 10, "Ruta": "1V19" }, "geometry": { "type": "Point", "coordinates": [ -62.7991429, -31.3847583 ] } },
{ "type": "Feature", "properties": { "Name": "199.15", "P.K.": null, "Al.Dist. Izq.": 40, "Al.Dist. Der.": 10, "Ruta": "1V19" }, "geometry": { "type": "Point", "coordinates": [ -62.8007156, -31.3846957 ] } },
{ "type": "Feature", "properties": { "Name": "199.74", "P.K.": null, "Al.Dist. Izq.": 40, "Al.Dist. Der.": 10, "Ruta": "1V19" }, "geometry": { "type": "Point", "coordinates": [ -62.8069013, -31.3844481 ] } },
{ "type": "Feature", "properties": { "Name": "199.75", "P.K.": null, "Al.Dist. Izq.": 40, "Al.Dist. Der.": 10, "Ruta": "1V19" }, "geometry": { "type": "Point", "coordinates": [ -62.8070062, -31.3844439 ] } },
{ "type": "Feature", "properties": { "Name": "199.77", "P.K.": null, "Al.Dist. Izq.": 40, "Al.Dist. Der.": 10, "Ruta": "1V19" }, "geometry": { "type": "Point", "coordinates": [ -62.8072159, -31.3844354 ] } },
{ "type": "Feature", "properties": { "Name": "200", "P.K.": "PK200", "Al.Dist. Izq.": 40, "Al.Dist. Der.": 10, "Ruta": "1V19" }, "geometry": { "type": "Point", "coordinates": [ -62.8096273, -31.3843383 ] } },
{ "type": "Feature", "properties": { "Name": "200", "P.K.": null, "Al.Dist. Izq.": 40, "Al.Dist. Der.": 10, "Ruta": "1V19" }, "geometry": { "type": "Point", "coordinates": [ -62.8096273, -31.3843383 ] } },
{ "type": "Feature", "properties": { "Name": "200.07", "P.K.": null, "Al.Dist. Izq.": 40, "Al.Dist. Der.": 10, "Ruta": "1V19" }, "geometry": { "type": "Point", "coordinates": [ -62.8103612, -31.3843087 ] } },
{ "type": "Feature", "properties": { "Name": "200.51", "P.K.": null, "Al.Dist. Izq.": 40, "Al.Dist. Der.": 10, "Ruta": "1V19" }, "geometry": { "type": "Point", "coordinates": [ -62.8148694, -31.3841271 ] } },
{ "type": "Feature", "properties": { "Name": "200.66", "P.K.": null, "Al.Dist. Izq.": 40, "Al.Dist. Der.": 10, "Ruta": "1V19" }, "geometry": { "type": "Point", "coordinates": [ -62.816442, -31.3840637 ] } },
{ "type": "Feature", "properties": { "Name": "200.71", "P.K.": null, "Al.Dist. Izq.": 40, "Al.Dist. Der.": 10, "Ruta": "1V19" }, "geometry": { "type": "Point", "coordinates": [ -62.8169663, -31.3840426 ] } },
{ "type": "Feature", "properties": { "Name": "200.8", "P.K.": null, "Al.Dist. Izq.": 40, "Al.Dist. Der.": 10, "Ruta": "1V19" }, "geometry": { "type": "Point", "coordinates": [ -62.8179098, -31.3840046 ] } },
{ "type": "Feature", "properties": { "Name": "200.8", "P.K.": null, "Al.Dist. Izq.": 40, "Al.Dist. Der.": 10, "Ruta": "1V19" }, "geometry": { "type": "Point", "coordinates": [ -62.8179098, -31.3840046 ] } },
{ "type": "Feature", "properties": { "Name": "201", "P.K.": "PK201", "Al.Dist. Izq.": 40, "Al.Dist. Der.": 10, "Ruta": "1V19" }, "geometry": { "type": "Point", "coordinates": [ -62.8201115, -31.3839162 ] } },
{ "type": "Feature", "properties": { "Name": "201.14", "P.K.": null, "Al.Dist. Izq.": 40, "Al.Dist. Der.": 10, "Ruta": "1V19" }, "geometry": { "type": "Point", "coordinates": [ -62.8215798, -31.3838734 ] } },
{ "type": "Feature", "properties": { "Name": "201.2", "P.K.": null, "Al.Dist. Izq.": 40, "Al.Dist. Der.": 10, "Ruta": "1V19" }, "geometry": { "type": "Point", "coordinates": [ -62.8222008, -31.3839517 ] } },
{ "type": "Feature", "properties": { "Name": "201.21", "P.K.": null, "Al.Dist. Izq.": 40, "Al.Dist. Der.": 10, "Ruta": "1V19" }, "geometry": { "type": "Point", "coordinates": [ -62.8222999, -31.383986 ] } },
{ "type": "Feature", "properties": { "Name": "201.23", "P.K.": null, "Al.Dist. Izq.": 40, "Al.Dist. Der.": 10, "Ruta": "1V19" }, "geometry": { "type": "Point", "coordinates": [ -62.8224982, -31.3840547 ] } },
{ "type": "Feature", "properties": { "Name": "201.25", "P.K.": null, "Al.Dist. Izq.": 40, "Al.Dist. Der.": 10, "Ruta": "1V19" }, "geometry": { "type": "Point", "coordinates": [ -62.8226951, -31.3841273 ] } },
{ "type": "Feature", "properties": { "Name": "201.25", "P.K.": null, "Al.Dist. Izq.": 12, "Al.Dist. Der.": 12, "Ruta": "1V19" }, "geometry": { "type": "Point", "coordinates": [ -62.8226951, -31.3841273 ] } },
{ "type": "Feature", "properties": { "Name": "201.28", "P.K.": null, "Al.Dist. Izq.": 12, "Al.Dist. Der.": 12, "Ruta": "1V19" }, "geometry": { "type": "Point", "coordinates": [ -62.8229883, -31.3842417 ] } },
{ "type": "Feature", "properties": { "Name": "201.35", "P.K.": null, "Al.Dist. Izq.": 12, "Al.Dist. Der.": 12, "Ruta": "1V19" }, "geometry": { "type": "Point", "coordinates": [ -62.8236738, -31.3845053 ] } },
{ "type": "Feature", "properties": { "Name": "201.43", "P.K.": null, "Al.Dist. Izq.": 12, "Al.Dist. Der.": 12, "Ruta": "1V19" }, "geometry": { "type": "Point", "coordinates": [ -62.8244893, -31.3846796 ] } },
{ "type": "Feature", "properties": { "Name": "201.43", "P.K.": null, "Al.Dist. Izq.": 12, "Al.Dist. Der.": 12, "Ruta": "1V19" }, "geometry": { "type": "Point", "coordinates": [ -62.8244893, -31.3846796 ] } },
{ "type": "Feature", "properties": { "Name": "201.48", "P.K.": null, "Al.Dist. Izq.": 12, "Al.Dist. Der.": 12, "Ruta": "1V19" }, "geometry": { "type": "Point", "coordinates": [ -62.8250134, -31.3846682 ] } },
{ "type": "Feature", "properties": { "Name": "201.48", "P.K.": null, "Al.Dist. Izq.": null, "Al.Dist. Der.": null, "Ruta": "1V19" }, "geometry": { "type": "Point", "coordinates": [ -62.8250134, -31.3846682 ] } },
{ "type": "Feature", "properties": { "Name": "201.5", "P.K.": null, "Al.Dist. Izq.": null, "Al.Dist. Der.": null, "Ruta": "1V19" }, "geometry": { "type": "Point", "coordinates": [ -62.8252203, -31.3846562 ] } },
{ "type": "Feature", "properties": { "Name": "201.56", "P.K.": null, "Al.Dist. Izq.": null, "Al.Dist. Der.": null, "Ruta": "1V19" }, "geometry": { "type": "Point", "coordinates": [ -62.8258, -31.3846 ] } },
{ "type": "Feature", "properties": { "Name": "201.62", "P.K.": null, "Al.Dist. Izq.": null, "Al.Dist. Der.": null, "Ruta": "1V19" }, "geometry": { "type": "Point", "coordinates": [ -62.826462, -31.384592 ] } },
{ "type": "Feature", "properties": { "Name": "201.68", "P.K.": null, "Al.Dist. Izq.": null, "Al.Dist. Der.": null, "Ruta": "1V19" }, "geometry": { "type": "Point", "coordinates": [ -62.8271, -31.3846 ] } },
{ "type": "Feature", "properties": { "Name": "201.81", "P.K.": null, "Al.Dist. Izq.": null, "Al.Dist. Der.": null, "Ruta": "1V19" }, "geometry": { "type": "Point", "coordinates": [ -62.8284, -31.3845 ] } },
{ "type": "Feature", "properties": { "Name": "201.86", "P.K.": null, "Al.Dist. Izq.": null, "Al.Dist. Der.": null, "Ruta": "1V19" }, "geometry": { "type": "Point", "coordinates": [ -62.8289465, -31.3844826 ] } },
{ "type": "Feature", "properties": { "Name": "201.94", "P.K.": null, "Al.Dist. Izq.": null, "Al.Dist. Der.": null, "Ruta": "1V19" }, "geometry": { "type": "Point", "coordinates": [ -62.8298, -31.3844 ] } },
{ "type": "Feature", "properties": { "Name": "202", "P.K.": "PK202", "Al.Dist. Izq.": null, "Al.Dist. Der.": null, "Ruta": "1V19" }, "geometry": { "type": "Point", "coordinates": [ -62.8303958, -31.3844187 ] } },
{ "type": "Feature", "properties": { "Name": "202.07", "P.K.": null, "Al.Dist. Izq.": null, "Al.Dist. Der.": null, "Ruta": "1V19" }, "geometry": { "type": "Point", "coordinates": [ -62.8311, -31.3844 ] } },
{ "type": "Feature", "properties": { "Name": "202.19", "P.K.": null, "Al.Dist. Izq.": null, "Al.Dist. Der.": null, "Ruta": "1V19" }, "geometry": { "type": "Point", "coordinates": [ -62.8323623, -31.3843351 ] } },
{ "type": "Feature", "properties": { "Name": "202.22", "P.K.": null, "Al.Dist. Izq.": null, "Al.Dist. Der.": null, "Ruta": "1V19" }, "geometry": { "type": "Point", "coordinates": [ -62.8327, -31.3842 ] } },
{ "type": "Feature", "properties": { "Name": "202.25", "P.K.": null, "Al.Dist. Izq.": null, "Al.Dist. Der.": null, "Ruta": "1V19" }, "geometry": { "type": "Point", "coordinates": [ -62.8328789, -31.3840276 ] } },
{ "type": "Feature", "properties": { "Name": "202.28", "P.K.": null, "Al.Dist. Izq.": null, "Al.Dist. Der.": null, "Ruta": "1V19" }, "geometry": { "type": "Point", "coordinates": [ -62.8330569, -31.3837733 ] } },
{ "type": "Feature", "properties": { "Name": "202.3", "P.K.": null, "Al.Dist. Izq.": null, "Al.Dist. Der.": null, "Ruta": "1V19" }, "geometry": { "type": "Point", "coordinates": [ -62.8332, -31.3836 ] } },
{ "type": "Feature", "properties": { "Name": "202.38", "P.K.": null, "Al.Dist. Izq.": null, "Al.Dist. Der.": null, "Ruta": "1V19" }, "geometry": { "type": "Point", "coordinates": [ -62.8339537, -31.3833508 ] } },
{ "type": "Feature", "properties": { "Name": "202.38", "P.K.": null, "Al.Dist. Izq.": 40, "Al.Dist. Der.": 10, "Ruta": "1V19" }, "geometry": { "type": "Point", "coordinates": [ -62.8339537, -31.3833508 ] } },
{ "type": "Feature", "properties": { "Name": "202.79", "P.K.": null, "Al.Dist. Izq.": 40, "Al.Dist. Der.": 10, "Ruta": "1V19" }, "geometry": { "type": "Point", "coordinates": [ -62.8381985, -31.3831738 ] } },
{ "type": "Feature", "properties": { "Name": "204", "P.K.": "PK204", "Al.Dist. Izq.": 40, "Al.Dist. Der.": 10, "Ruta": "1V19" }, "geometry": { "type": "Point", "coordinates": [ -62.8507264, -31.3826684 ] } },
{ "type": "Feature", "properties": { "Name": "204.14", "P.K.": null, "Al.Dist. Izq.": 40, "Al.Dist. Der.": 10, "Ruta": "1V19" }, "geometry": { "type": "Point", "coordinates": [ -62.8522, -31.3826 ] } },
{ "type": "Feature", "properties": { "Name": "204.26", "P.K.": null, "Al.Dist. Izq.": 40, "Al.Dist. Der.": 10, "Ruta": "1V19" }, "geometry": { "type": "Point", "coordinates": [ -62.8534184, -31.3825599 ] } },
{ "type": "Feature", "properties": { "Name": "204.33", "P.K.": null, "Al.Dist. Izq.": 40, "Al.Dist. Der.": 10, "Ruta": "1V19" }, "geometry": { "type": "Point", "coordinates": [ -62.8541, -31.3825 ] } },
{ "type": "Feature", "properties": { "Name": "204.79", "P.K.": null, "Al.Dist. Izq.": 40, "Al.Dist. Der.": 10, "Ruta": "1V19" }, "geometry": { "type": "Point", "coordinates": [ -62.8589058, -31.3823386 ] } },
{ "type": "Feature", "properties": { "Name": "204.87", "P.K.": null, "Al.Dist. Izq.": 40, "Al.Dist. Der.": 10, "Ruta": "1V19" }, "geometry": { "type": "Point", "coordinates": [ -62.8597342, -31.3823052 ] } },
{ "type": "Feature", "properties": { "Name": "205", "P.K.": "PK205", "Al.Dist. Izq.": 40, "Al.Dist. Der.": 10, "Ruta": "1V19" }, "geometry": { "type": "Point", "coordinates": [ -62.8610802, -31.3822522 ] } },
{ "type": "Feature", "properties": { "Name": "206", "P.K.": "PK206", "Al.Dist. Izq.": 40, "Al.Dist. Der.": 10, "Ruta": "1V19" }, "geometry": { "type": "Point", "coordinates": [ -62.8714335, -31.3818268 ] } },
{ "type": "Feature", "properties": { "Name": "206.17", "P.K.": null, "Al.Dist. Izq.": 40, "Al.Dist. Der.": 10, "Ruta": "1V19" }, "geometry": { "type": "Point", "coordinates": [ -62.8731936, -31.3817543 ] } },
{ "type": "Feature", "properties": { "Name": "206.2", "P.K.": null, "Al.Dist. Izq.": 40, "Al.Dist. Der.": 10, "Ruta": "1V19" }, "geometry": { "type": "Point", "coordinates": [ -62.8735043, -31.381749 ] } },
{ "type": "Feature", "properties": { "Name": "206.29", "P.K.": null, "Al.Dist. Izq.": 40, "Al.Dist. Der.": 10, "Ruta": "1V19" }, "geometry": { "type": "Point", "coordinates": [ -62.8744366, -31.3817658 ] } },
{ "type": "Feature", "properties": { "Name": "206.3", "P.K.": null, "Al.Dist. Izq.": 40, "Al.Dist. Der.": 10, "Ruta": "1V19" }, "geometry": { "type": "Point", "coordinates": [ -62.8745401, -31.3817717 ] } },
{ "type": "Feature", "properties": { "Name": "206.46", "P.K.": null, "Al.Dist. Izq.": 40, "Al.Dist. Der.": 10, "Ruta": "1V19" }, "geometry": { "type": "Point", "coordinates": [ -62.8761807, -31.3819959 ] } },
{ "type": "Feature", "properties": { "Name": "207", "P.K.": "PK207", "Al.Dist. Izq.": 40, "Al.Dist. Der.": 10, "Ruta": "1V19" }, "geometry": { "type": "Point", "coordinates": [ -62.8816165, -31.383323 ] } },
{ "type": "Feature", "properties": { "Name": "207.06", "P.K.": null, "Al.Dist. Izq.": 40, "Al.Dist. Der.": 10, "Ruta": "1V19" }, "geometry": { "type": "Point", "coordinates": [ -62.8822203, -31.3834711 ] } },
{ "type": "Feature", "properties": { "Name": "207.64", "P.K.": null, "Al.Dist. Izq.": 40, "Al.Dist. Der.": 10, "Ruta": "1V19" }, "geometry": { "type": "Point", "coordinates": [ -62.8880577, -31.3849014 ] } },
{ "type": "Feature", "properties": { "Name": "208", "P.K.": "PK208", "Al.Dist. Izq.": 40, "Al.Dist. Der.": 10, "Ruta": "1V19" }, "geometry": { "type": "Point", "coordinates": [ -62.8916811, -31.385788 ] } },
{ "type": "Feature", "properties": { "Name": "208.6", "P.K.": null, "Al.Dist. Izq.": 40, "Al.Dist. Der.": 10, "Ruta": "1V19" }, "geometry": { "type": "Point", "coordinates": [ -62.8977, -31.3873 ] } },
{ "type": "Feature", "properties": { "Name": "208.72", "P.K.": null, "Al.Dist. Izq.": 40, "Al.Dist. Der.": 10, "Ruta": "1V19" }, "geometry": { "type": "Point", "coordinates": [ -62.8989272, -31.3875646 ] } },
{ "type": "Feature", "properties": { "Name": "209", "P.K.": "PK209", "Al.Dist. Izq.": 40, "Al.Dist. Der.": 10, "Ruta": "1V19" }, "geometry": { "type": "Point", "coordinates": [ -62.9017449, -31.3882566 ] } },
{ "type": "Feature", "properties": { "Name": "209.88", "P.K.": null, "Al.Dist. Izq.": 40, "Al.Dist. Der.": 10, "Ruta": "1V19" }, "geometry": { "type": "Point", "coordinates": [ -62.9106009, -31.3904293 ] } },
{ "type": "Feature", "properties": { "Name": "210", "P.K.": "PK210", "Al.Dist. Izq.": 40, "Al.Dist. Der.": 10, "Ruta": "1V19" }, "geometry": { "type": "Point", "coordinates": [ -62.9118085, -31.3907258 ] } },
{ "type": "Feature", "properties": { "Name": "210.03", "P.K.": null, "Al.Dist. Izq.": 40, "Al.Dist. Der.": 10, "Ruta": "1V19" }, "geometry": { "type": "Point", "coordinates": [ -62.9121104, -31.3907999 ] } },
{ "type": "Feature", "properties": { "Name": "210.58", "P.K.": null, "Al.Dist. Izq.": 40, "Al.Dist. Der.": 10, "Ruta": "1V19" }, "geometry": { "type": "Point", "coordinates": [ -62.9176, -31.3922 ] } },
{ "type": "Feature", "properties": { "Name": "211", "P.K.": "PK211", "Al.Dist. Izq.": 40, "Al.Dist. Der.": 10, "Ruta": "1V19" }, "geometry": { "type": "Point", "coordinates": [ -62.9218743, -31.3931862 ] } },
{ "type": "Feature", "properties": { "Name": "212", "P.K.": "PK212", "Al.Dist. Izq.": 40, "Al.Dist. Der.": 10, "Ruta": "1V19" }, "geometry": { "type": "Point", "coordinates": [ -62.9319385, -31.3956528 ] } },
{ "type": "Feature", "properties": { "Name": "212.08", "P.K.": null, "Al.Dist. Izq.": 40, "Al.Dist. Der.": 10, "Ruta": "1V19" }, "geometry": { "type": "Point", "coordinates": [ -62.9327443, -31.3958476 ] } },
{ "type": "Feature", "properties": { "Name": "212.91", "P.K.": null, "Al.Dist. Izq.": 40, "Al.Dist. Der.": 10, "Ruta": "1V19" }, "geometry": { "type": "Point", "coordinates": [ -62.9410975, -31.3978951 ] } },
{ "type": "Feature", "properties": { "Name": "212.92", "P.K.": null, "Al.Dist. Izq.": 40, "Al.Dist. Der.": 10, "Ruta": "1V19" }, "geometry": { "type": "Point", "coordinates": [ -62.9411982, -31.3979198 ] } },
{ "type": "Feature", "properties": { "Name": "213", "P.K.": "PK213", "Al.Dist. Izq.": 40, "Al.Dist. Der.": 10, "Ruta": "1V19" }, "geometry": { "type": "Point", "coordinates": [ -62.9420032, -31.3981175 ] } },
{ "type": "Feature", "properties": { "Name": "214", "P.K.": "PK214", "Al.Dist. Izq.": 40, "Al.Dist. Der.": 10, "Ruta": "1V19" }, "geometry": { "type": "Point", "coordinates": [ -62.9520677, -31.4005834 ] } },
{ "type": "Feature", "properties": { "Name": "214.75", "P.K.": null, "Al.Dist. Izq.": 40, "Al.Dist. Der.": 10, "Ruta": "1V19" }, "geometry": { "type": "Point", "coordinates": [ -62.9596161, -31.4024321 ] } },
{ "type": "Feature", "properties": { "Name": "214.95", "P.K.": null, "Al.Dist. Izq.": 40, "Al.Dist. Der.": 10, "Ruta": "1V19" }, "geometry": { "type": "Point", "coordinates": [ -62.9616294, -31.4029239 ] } },
{ "type": "Feature", "properties": { "Name": "215", "P.K.": "PK215", "Al.Dist. Izq.": 40, "Al.Dist. Der.": 10, "Ruta": "1V19" }, "geometry": { "type": "Point", "coordinates": [ -62.9621327, -31.4030469 ] } },
{ "type": "Feature", "properties": { "Name": "215.13", "P.K.": null, "Al.Dist. Izq.": 40, "Al.Dist. Der.": 10, "Ruta": "1V19" }, "geometry": { "type": "Point", "coordinates": [ -62.9633406, -31.4033419 ] } },
{ "type": "Feature", "properties": { "Name": "215.32", "P.K.": null, "Al.Dist. Izq.": 40, "Al.Dist. Der.": 10, "Ruta": "1V19" }, "geometry": { "type": "Point", "coordinates": [ -62.9651532, -31.4037817 ] } },
{ "type": "Feature", "properties": { "Name": "215.46", "P.K.": null, "Al.Dist. Izq.": 40, "Al.Dist. Der.": 10, "Ruta": "1V19" }, "geometry": { "type": "Point", "coordinates": [ -62.9664573, -31.4041179 ] } },
{ "type": "Feature", "properties": { "Name": "215.6", "P.K.": null, "Al.Dist. Izq.": 40, "Al.Dist. Der.": 10, "Ruta": "1V19" }, "geometry": { "type": "Point", "coordinates": [ -62.9675889, -31.4048364 ] } },
{ "type": "Feature", "properties": { "Name": "215.71", "P.K.": null, "Al.Dist. Izq.": 40, "Al.Dist. Der.": 10, "Ruta": "1V19" }, "geometry": { "type": "Point", "coordinates": [ -62.9684254, -31.4054471 ] } },
{ "type": "Feature", "properties": { "Name": "215.71", "P.K.": null, "Al.Dist. Izq.": 10, "Al.Dist. Der.": 10, "Ruta": "1V19" }, "geometry": { "type": "Point", "coordinates": [ -62.9684254, -31.4054471 ] } },
{ "type": "Feature", "properties": { "Name": "215.72", "P.K.": null, "Al.Dist. Izq.": 10, "Al.Dist. Der.": null, "Ruta": "1V19" }, "geometry": { "type": "Point", "coordinates": [ -62.9685164, -31.4054959 ] } },
{ "type": "Feature", "properties": { "Name": "215.73", "P.K.": null, "Al.Dist. Izq.": 10, "Al.Dist. Der.": null, "Ruta": "1V19" }, "geometry": { "type": "Point", "coordinates": [ -62.9686115, -31.4055371 ] } },
{ "type": "Feature", "properties": { "Name": "215.76", "P.K.": null, "Al.Dist. Izq.": 10, "Al.Dist. Der.": null, "Ruta": "1V19" }, "geometry": { "type": "Point", "coordinates": [ -62.9689034, -31.4056423 ] } },
{ "type": "Feature", "properties": { "Name": "216", "P.K.": "PK216", "Al.Dist. Izq.": 10, "Al.Dist. Der.": null, "Ruta": "1V19" }, "geometry": { "type": "Point", "coordinates": [ -62.9718172, -31.4063761 ] } },
{ "type": "Feature", "properties": { "Name": "216.1", "P.K.": null, "Al.Dist. Izq.": 10, "Al.Dist. Der.": null, "Ruta": "1V19" }, "geometry": { "type": "Point", "coordinates": [ -62.9728233, -31.406624 ] } },
{ "type": "Feature", "properties": { "Name": "216.38", "P.K.": null, "Al.Dist. Izq.": 10, "Al.Dist. Der.": null, "Ruta": "1V19" }, "geometry": { "type": "Point", "coordinates": [ -62.9756419, -31.4073121 ] } },
{ "type": "Feature", "properties": { "Name": "216.43", "P.K.": null, "Al.Dist. Izq.": 10, "Al.Dist. Der.": null, "Ruta": "1V19" }, "geometry": { "type": "Point", "coordinates": [ -62.9762459, -31.4074594 ] } },
{ "type": "Feature", "properties": { "Name": "216.48", "P.K.": null, "Al.Dist. Izq.": 10, "Al.Dist. Der.": null, "Ruta": "1V19" }, "geometry": { "type": "Point", "coordinates": [ -62.9768, -31.4076 ] } },
{ "type": "Feature", "properties": { "Name": "216.56", "P.K.": null, "Al.Dist. Izq.": 10, "Al.Dist. Der.": null, "Ruta": "1V19" }, "geometry": { "type": "Point", "coordinates": [ -62.977475, -31.407575 ] } },
{ "type": "Feature", "properties": { "Name": "216.66", "P.K.": null, "Al.Dist. Izq.": 10, "Al.Dist. Der.": null, "Ruta": "1V19" }, "geometry": { "type": "Point", "coordinates": [ -62.9785028, -31.4074435 ] } },
{ "type": "Feature", "properties": { "Name": "216.73", "P.K.": null, "Al.Dist. Izq.": 10, "Al.Dist. Der.": null, "Ruta": "1V19" }, "geometry": { "type": "Point", "coordinates": [ -62.9793, -31.4073 ] } },
{ "type": "Feature", "properties": { "Name": "216.76", "P.K.": null, "Al.Dist. Izq.": 10, "Al.Dist. Der.": null, "Ruta": "1V19" }, "geometry": { "type": "Point", "coordinates": [ -62.9796344, -31.4073453 ] } },
{ "type": "Feature", "properties": { "Name": "217.42", "P.K.": null, "Al.Dist. Izq.": 10, "Al.Dist. Der.": null, "Ruta": "1V19" }, "geometry": { "type": "Point", "coordinates": [ -62.9862, -31.4089 ] } },
{ "type": "Feature", "properties": { "Name": "218", "P.K.": "PK218", "Al.Dist. Izq.": 10, "Al.Dist. Der.": null, "Ruta": "1V19" }, "geometry": { "type": "Point", "coordinates": [ -62.9920206, -31.4103482 ] } },
{ "type": "Feature", "properties": { "Name": "218.12", "P.K.": null, "Al.Dist. Izq.": 10, "Al.Dist. Der.": null, "Ruta": "1V19" }, "geometry": { "type": "Point", "coordinates": [ -62.9932286, -31.4106429 ] } },
{ "type": "Feature", "properties": { "Name": "219", "P.K.": "PK219", "Al.Dist. Izq.": 10, "Al.Dist. Der.": null, "Ruta": "1V19" }, "geometry": { "type": "Point", "coordinates": [ -63.0020875, -31.4128039 ] } },
{ "type": "Feature", "properties": { "Name": "219.04", "P.K.": null, "Al.Dist. Izq.": 10, "Al.Dist. Der.": null, "Ruta": "1V19" }, "geometry": { "type": "Point", "coordinates": [ -63.0024902, -31.4129021 ] } },
{ "type": "Feature", "properties": { "Name": "219.51", "P.K.": null, "Al.Dist. Izq.": 10, "Al.Dist. Der.": null, "Ruta": "1V19" }, "geometry": { "type": "Point", "coordinates": [ -63.0072213, -31.4140577 ] } },
{ "type": "Feature", "properties": { "Name": "219.8", "P.K.": null, "Al.Dist. Izq.": 10, "Al.Dist. Der.": null, "Ruta": "1V19" }, "geometry": { "type": "Point", "coordinates": [ -63.01014, -31.4147729 ] } },
{ "type": "Feature", "properties": { "Name": "219.92", "P.K.": null, "Al.Dist. Izq.": 10, "Al.Dist. Der.": null, "Ruta": "1V19" }, "geometry": { "type": "Point", "coordinates": [ -63.0113, -31.4151 ] } },
{ "type": "Feature", "properties": { "Name": "220", "P.K.": "PK220", "Al.Dist. Izq.": 10, "Al.Dist. Der.": null, "Ruta": "1V19" }, "geometry": { "type": "Point", "coordinates": [ -63.0121528, -31.4152662 ] } },
{ "type": "Feature", "properties": { "Name": "220.52", "P.K.": null, "Al.Dist. Izq.": 10, "Al.Dist. Der.": null, "Ruta": "1V19" }, "geometry": { "type": "Point", "coordinates": [ -63.0169837, -31.4164501 ] } },
{ "type": "Feature", "properties": { "Name": "220.87", "P.K.": null, "Al.Dist. Izq.": 10, "Al.Dist. Der.": null, "Ruta": "1V19" }, "geometry": { "type": "Point", "coordinates": [ -63.0203049, -31.417264 ] } },
{ "type": "Feature", "properties": { "Name": "221", "P.K.": "PK221", "Al.Dist. Izq.": 10, "Al.Dist. Der.": null, "Ruta": "1V19" }, "geometry": { "type": "Point", "coordinates": [ -63.0222173, -31.417732 ] } },
{ "type": "Feature", "properties": { "Name": "221.01", "P.K.": null, "Al.Dist. Izq.": 10, "Al.Dist. Der.": null, "Ruta": "1V19" }, "geometry": { "type": "Point", "coordinates": [ -63.022318, -31.4177565 ] } },
{ "type": "Feature", "properties": { "Name": "222", "P.K.": "PK222", "Al.Dist. Izq.": 10, "Al.Dist. Der.": null, "Ruta": "1V19" }, "geometry": { "type": "Point", "coordinates": [ -63.0322851, -31.4201842 ] } },
{ "type": "Feature", "properties": { "Name": "222.29", "P.K.": null, "Al.Dist. Izq.": 10, "Al.Dist. Der.": null, "Ruta": "1V19" }, "geometry": { "type": "Point", "coordinates": [ -63.0351042, -31.42087 ] } },
{ "type": "Feature", "properties": { "Name": "222.36", "P.K.": null, "Al.Dist. Izq.": 10, "Al.Dist. Der.": null, "Ruta": "1V19" }, "geometry": { "type": "Point", "coordinates": [ -63.035809, -31.4210415 ] } },
{ "type": "Feature", "properties": { "Name": "222.41", "P.K.": null, "Al.Dist. Izq.": 10, "Al.Dist. Der.": null, "Ruta": "1V19" }, "geometry": { "type": "Point", "coordinates": [ -63.0363124, -31.4211639 ] } },
{ "type": "Feature", "properties": { "Name": "222.51", "P.K.": null, "Al.Dist. Izq.": 10, "Al.Dist. Der.": null, "Ruta": "1V19" }, "geometry": { "type": "Point", "coordinates": [ -63.0372186, -31.4213844 ] } },
{ "type": "Feature", "properties": { "Name": "222.51", "P.K.": null, "Al.Dist. Izq.": 10, "Al.Dist. Der.": null, "Ruta": "1V19" }, "geometry": { "type": "Point", "coordinates": [ -63.0372186, -31.4213844 ] } },
{ "type": "Feature", "properties": { "Name": "222.53", "P.K.": null, "Al.Dist. Izq.": 10, "Al.Dist. Der.": null, "Ruta": "1V19" }, "geometry": { "type": "Point", "coordinates": [ -63.03742, -31.4214333 ] } },
{ "type": "Feature", "properties": { "Name": "222.61", "P.K.": null, "Al.Dist. Izq.": 10, "Al.Dist. Der.": null, "Ruta": "1V19" }, "geometry": { "type": "Point", "coordinates": [ -63.0382255, -31.4216293 ] } },
{ "type": "Feature", "properties": { "Name": "222.61", "P.K.": null, "Al.Dist. Izq.": null, "Al.Dist. Der.": null, "Ruta": "1V19" }, "geometry": { "type": "Point", "coordinates": [ -63.0382255, -31.4216293 ] } },
{ "type": "Feature", "properties": { "Name": "222.69", "P.K.": null, "Al.Dist. Izq.": null, "Al.Dist. Der.": null, "Ruta": "1V19" }, "geometry": { "type": "Point", "coordinates": [ -63.0390309, -31.4218252 ] } },
{ "type": "Feature", "properties": { "Name": "222.76", "P.K.": null, "Al.Dist. Izq.": null, "Al.Dist. Der.": null, "Ruta": "1V19" }, "geometry": { "type": "Point", "coordinates": [ -63.0397, -31.422 ] } },
{ "type": "Feature", "properties": { "Name": "222.78", "P.K.": null, "Al.Dist. Izq.": null, "Al.Dist. Der.": null, "Ruta": "1V19" }, "geometry": { "type": "Point", "coordinates": [ -63.0399371, -31.4220457 ] } },
{ "type": "Feature", "properties": { "Name": "222.82", "P.K.": null, "Al.Dist. Izq.": null, "Al.Dist. Der.": null, "Ruta": "1V19" }, "geometry": { "type": "Point", "coordinates": [ -63.0403399, -31.4221436 ] } },
{ "type": "Feature", "properties": { "Name": "222.97", "P.K.": null, "Al.Dist. Izq.": null, "Al.Dist. Der.": null, "Ruta": "1V19" }, "geometry": { "type": "Point", "coordinates": [ -63.0417, -31.4227 ] } },
{ "type": "Feature", "properties": { "Name": "222.99", "P.K.": null, "Al.Dist. Izq.": null, "Al.Dist. Der.": null, "Ruta": "1V19" }, "geometry": { "type": "Point", "coordinates": [ -63.0418484, -31.4228177 ] } },
{ "type": "Feature", "properties": { "Name": "223", "P.K.": "PK223", "Al.Dist. Izq.": null, "Al.Dist. Der.": null, "Ruta": "1V19" }, "geometry": { "type": "Point", "coordinates": [ -63.0422448, -31.4229355 ] } },
{ "type": "Feature", "properties": { "Name": "223.02", "P.K.": null, "Al.Dist. Izq.": null, "Al.Dist. Der.": null, "Ruta": "1V19" }, "geometry": { "type": "Point", "coordinates": [ -63.0424518, -31.4229346 ] } },
{ "type": "Feature", "properties": { "Name": "223.02", "P.K.": null, "Al.Dist. Izq.": null, "Al.Dist. Der.": null, "Ruta": "1V19" }, "geometry": { "type": "Point", "coordinates": [ -63.0424518, -31.4229346 ] } },
{ "type": "Feature", "properties": { "Name": "223.05", "P.K.": null, "Al.Dist. Izq.": null, "Al.Dist. Der.": null, "Ruta": "1V19" }, "geometry": { "type": "Point", "coordinates": [ -63.0426555, -31.4228986 ] } },
{ "type": "Feature", "properties": { "Name": "223.16", "P.K.": null, "Al.Dist. Izq.": null, "Al.Dist. Der.": null, "Ruta": "1V19" }, "geometry": { "type": "Point", "coordinates": [ -63.0435212, -31.4223379 ] } },
{ "type": "Feature", "properties": { "Name": "223.3", "P.K.": null, "Al.Dist. Izq.": null, "Al.Dist. Der.": null, "Ruta": "1V19" }, "geometry": { "type": "Point", "coordinates": [ -63.0447, -31.4223 ] } },
{ "type": "Feature", "properties": { "Name": "223.82", "P.K.": null, "Al.Dist. Izq.": null, "Al.Dist. Der.": null, "Ruta": "1V19" }, "geometry": { "type": "Point", "coordinates": [ -63.0494, -31.4234 ] } },
{ "type": "Feature", "properties": { "Name": "224", "P.K.": "PK224", "Al.Dist. Izq.": null, "Al.Dist. Der.": null, "Ruta": "1V19" }, "geometry": { "type": "Point", "coordinates": [ -63.0521859, -31.4241038 ] } },
{ "type": "Feature", "properties": { "Name": "224.05", "P.K.": null, "Al.Dist. Izq.": null, "Al.Dist. Der.": null, "Ruta": "1V19" }, "geometry": { "type": "Point", "coordinates": [ -63.0527, -31.4242 ] } },
{ "type": "Feature", "properties": { "Name": "224.44", "P.K.": null, "Al.Dist. Izq.": null, "Al.Dist. Der.": null, "Ruta": "1V19" }, "geometry": { "type": "Point", "coordinates": [ -63.0566166, -31.4251783 ] } },
{ "type": "Feature", "properties": { "Name": "224.52", "P.K.": null, "Al.Dist. Izq.": null, "Al.Dist. Der.": null, "Ruta": "1V19" }, "geometry": { "type": "Point", "coordinates": [ -63.0573156, -31.4255935 ] } },
{ "type": "Feature", "properties": { "Name": "224.57", "P.K.": null, "Al.Dist. Izq.": null, "Al.Dist. Der.": null, "Ruta": "1V19" }, "geometry": { "type": "Point", "coordinates": [ -63.0577315, -31.4258947 ] } },
{ "type": "Feature", "properties": { "Name": "224.57", "P.K.": null, "Al.Dist. Izq.": null, "Al.Dist. Der.": null, "Ruta": "1V19" }, "geometry": { "type": "Point", "coordinates": [ -63.0577315, -31.4258947 ] } },
{ "type": "Feature", "properties": { "Name": "224.61", "P.K.": null, "Al.Dist. Izq.": null, "Al.Dist. Der.": null, "Ruta": "1V19" }, "geometry": { "type": "Point", "coordinates": [ -63.0581252, -31.4260196 ] } },
{ "type": "Feature", "properties": { "Name": "224.73", "P.K.": null, "Al.Dist. Izq.": null, "Al.Dist. Der.": null, "Ruta": "1V19" }, "geometry": { "type": "Point", "coordinates": [ -63.0593, -31.4263 ] } },
{ "type": "Feature", "properties": { "Name": "224.84", "P.K.": null, "Al.Dist. Izq.": null, "Al.Dist. Der.": null, "Ruta": "1V19" }, "geometry": { "type": "Point", "coordinates": [ -63.0604, -31.4266 ] } },
{ "type": "Feature", "properties": { "Name": "224.97", "P.K.": null, "Al.Dist. Izq.": null, "Al.Dist. Der.": null, "Ruta": "1V19" }, "geometry": { "type": "Point", "coordinates": [ -63.0617504, -31.4268991 ] } },
{ "type": "Feature", "properties": { "Name": "225", "P.K.": "PK225", "Al.Dist. Izq.": null, "Al.Dist. Der.": null, "Ruta": "1V19" }, "geometry": { "type": "Point", "coordinates": [ -63.0620521, -31.4269738 ] } },
{ "type": "Feature", "properties": { "Name": "225.06", "P.K.": null, "Al.Dist. Izq.": null, "Al.Dist. Der.": null, "Ruta": "1V19" }, "geometry": { "type": "Point", "coordinates": [ -63.0627, -31.4271 ] } },
{ "type": "Feature", "properties": { "Name": "225.06", "P.K.": null, "Al.Dist. Izq.": null, "Al.Dist. Der.": null, "Ruta": "1V19" }, "geometry": { "type": "Point", "coordinates": [ -63.0627, -31.4271 ] } },
{ "type": "Feature", "properties": { "Name": "225.5", "P.K.": null, "Al.Dist. Izq.": null, "Al.Dist. Der.": null, "Ruta": "1V19" }, "geometry": { "type": "Point", "coordinates": [ -63.067086, -31.4281999 ] } },
{ "type": "Feature", "properties": { "Name": "225.5", "P.K.": null, "Al.Dist. Izq.": 10, "Al.Dist. Der.": 40, "Ruta": "1V19" }, "geometry": { "type": "Point", "coordinates": [ -63.067086, -31.4281999 ] } },
{ "type": "Feature", "properties": { "Name": "225.76", "P.K.": null, "Al.Dist. Izq.": 10, "Al.Dist. Der.": 40, "Ruta": "1V19" }, "geometry": { "type": "Point", "coordinates": [ -63.0697032, -31.4288393 ] } },
{ "type": "Feature", "properties": { "Name": "226", "P.K.": "PK226", "Al.Dist. Izq.": 10, "Al.Dist. Der.": 40, "Ruta": "1V19" }, "geometry": { "type": "Point", "coordinates": [ -63.0721186, -31.4294313 ] } },
{ "type": "Feature", "properties": { "Name": "226.25", "P.K.": null, "Al.Dist. Izq.": 10, "Al.Dist. Der.": 40, "Ruta": "1V19" }, "geometry": { "type": "Point", "coordinates": [ -63.0745341, -31.4300231 ] } },
{ "type": "Feature", "properties": { "Name": "226.51", "P.K.": null, "Al.Dist. Izq.": 10, "Al.Dist. Der.": 40, "Ruta": "1V19" }, "geometry": { "type": "Point", "coordinates": [ -63.0769499, -31.4306134 ] } },
{ "type": "Feature", "properties": { "Name": "226.78", "P.K.": null, "Al.Dist. Izq.": 10, "Al.Dist. Der.": 40, "Ruta": "1V19" }, "geometry": { "type": "Point", "coordinates": [ -63.079567, -31.431253 ] } },
{ "type": "Feature", "properties": { "Name": "227", "P.K.": "PK227", "Al.Dist. Izq.": 10, "Al.Dist. Der.": 40, "Ruta": "1V19" }, "geometry": { "type": "Point", "coordinates": [ -63.0821842, -31.4318925 ] } },
{ "type": "Feature", "properties": { "Name": "227", "P.K.": null, "Al.Dist. Izq.": 10, "Al.Dist. Der.": 40, "Ruta": "1V19" }, "geometry": { "type": "Point", "coordinates": [ -63.0821842, -31.4318925 ] } },
{ "type": "Feature", "properties": { "Name": "228", "P.K.": "PK228", "Al.Dist. Izq.": 10, "Al.Dist. Der.": 40, "Ruta": "1V19" }, "geometry": { "type": "Point", "coordinates": [ -63.0922553, -31.4343308 ] } },
{ "type": "Feature", "properties": { "Name": "228.18", "P.K.": null, "Al.Dist. Izq.": 10, "Al.Dist. Der.": 40, "Ruta": "1V19" }, "geometry": { "type": "Point", "coordinates": [ -63.0941, -31.4348 ] } },
{ "type": "Feature", "properties": { "Name": "228.74", "P.K.": null, "Al.Dist. Izq.": 10, "Al.Dist. Der.": 40, "Ruta": "1V19" }, "geometry": { "type": "Point", "coordinates": [ -63.099704, -31.4361513 ] } },
{ "type": "Feature", "properties": { "Name": "229", "P.K.": "PK229", "Al.Dist. Izq.": 10, "Al.Dist. Der.": 40, "Ruta": "1V19" }, "geometry": { "type": "Point", "coordinates": [ -63.1023228, -31.4367841 ] } },
{ "type": "Feature", "properties": { "Name": "229.46", "P.K.": null, "Al.Dist. Izq.": 10, "Al.Dist. Der.": 40, "Ruta": "1V19" }, "geometry": { "type": "Point", "coordinates": [ -63.1069552, -31.437907 ] } },
{ "type": "Feature", "properties": { "Name": "229.85", "P.K.": null, "Al.Dist. Izq.": 10, "Al.Dist. Der.": 40, "Ruta": "1V19" }, "geometry": { "type": "Point", "coordinates": [ -63.1107805, -31.4388408 ] } },
{ "type": "Feature", "properties": { "Name": "229.96", "P.K.": null, "Al.Dist. Izq.": 10, "Al.Dist. Der.": 40, "Ruta": "1V19" }, "geometry": { "type": "Point", "coordinates": [ -63.1118886, -31.4391078 ] } },
{ "type": "Feature", "properties": { "Name": "229.96", "P.K.": null, "Al.Dist. Izq.": null, "Al.Dist. Der.": null, "Ruta": "1V19" }, "geometry": { "type": "Point", "coordinates": [ -63.1118886, -31.4391078 ] } },
{ "type": "Feature", "properties": { "Name": "230", "P.K.": "PK230", "Al.Dist. Izq.": null, "Al.Dist. Der.": null, "Ruta": "1V19" }, "geometry": { "type": "Point", "coordinates": [ -63.1123958, -31.4392126 ] } },
{ "type": "Feature", "properties": { "Name": "230.18", "P.K.": null, "Al.Dist. Izq.": null, "Al.Dist. Der.": null, "Ruta": "1V19" }, "geometry": { "type": "Point", "coordinates": [ -63.1141474, -31.4393784 ] } },
{ "type": "Feature", "properties": { "Name": "230.27", "P.K.": null, "Al.Dist. Izq.": null, "Al.Dist. Der.": null, "Ruta": "1V19" }, "geometry": { "type": "Point", "coordinates": [ -63.1150793, -31.439365 ] } },
{ "type": "Feature", "properties": { "Name": "230.41", "P.K.": null, "Al.Dist. Izq.": null, "Al.Dist. Der.": null, "Ruta": "1V19" }, "geometry": { "type": "Point", "coordinates": [ -63.1164169, -31.4392129 ] } },
{ "type": "Feature", "properties": { "Name": "230.49", "P.K.": null, "Al.Dist. Izq.": null, "Al.Dist. Der.": null, "Ruta": "1V19" }, "geometry": { "type": "Point", "coordinates": [ -63.1172352, -31.4390801 ] } },
{ "type": "Feature", "properties": { "Name": "230.87", "P.K.": null, "Al.Dist. Izq.": null, "Al.Dist. Der.": null, "Ruta": "1V19" }, "geometry": { "type": "Point", "coordinates": [ -63.1209132, -31.4384576 ] } },
{ "type": "Feature", "properties": { "Name": "231", "P.K.": "PK231", "Al.Dist. Izq.": null, "Al.Dist. Der.": null, "Ruta": "1V19" }, "geometry": { "type": "Point", "coordinates": [ -63.1226501, -31.4381638 ] } },
{ "type": "Feature", "properties": { "Name": "231.01", "P.K.": null, "Al.Dist. Izq.": null, "Al.Dist. Der.": null, "Ruta": "1V19" }, "geometry": { "type": "Point", "coordinates": [ -63.1227523, -31.4381466 ] } },
{ "type": "Feature", "properties": { "Name": "231.02", "P.K.": null, "Al.Dist. Izq.": null, "Al.Dist. Der.": null, "Ruta": "1V19" }, "geometry": { "type": "Point", "coordinates": [ -63.1228545, -31.4381293 ] } },
{ "type": "Feature", "properties": { "Name": "231.08", "P.K.": null, "Al.Dist. Izq.": null, "Al.Dist. Der.": null, "Ruta": "1V19" }, "geometry": { "type": "Point", "coordinates": [ -63.1234685, -31.4380258 ] } },
{ "type": "Feature", "properties": { "Name": "231.08", "P.K.": null, "Al.Dist. Izq.": 10, "Al.Dist. Der.": 40, "Ruta": "1V19" }, "geometry": { "type": "Point", "coordinates": [ -63.1234685, -31.4380258 ] } },
{ "type": "Feature", "properties": { "Name": "231.1", "P.K.": null, "Al.Dist. Izq.": 10, "Al.Dist. Der.": 40, "Ruta": "1V19" }, "geometry": { "type": "Point", "coordinates": [ -63.1237, -31.438 ] } },
{ "type": "Feature", "properties": { "Name": "231.33", "P.K.": null, "Al.Dist. Izq.": 10, "Al.Dist. Der.": 40, "Ruta": "1V19" }, "geometry": { "type": "Point", "coordinates": [ -63.126, -31.4376 ] } },
{ "type": "Feature", "properties": { "Name": "231.37", "P.K.": null, "Al.Dist. Izq.": 10, "Al.Dist. Der.": 40, "Ruta": "1V19" }, "geometry": { "type": "Point", "coordinates": [ -63.1264363, -31.4375252 ] } },
{ "type": "Feature", "properties": { "Name": "231.99", "P.K.": null, "Al.Dist. Izq.": 10, "Al.Dist. Der.": 40, "Ruta": "1V19" }, "geometry": { "type": "Point", "coordinates": [ -63.1326788, -31.4364723 ] } },
{ "type": "Feature", "properties": { "Name": "232.24", "P.K.": null, "Al.Dist. Izq.": 10, "Al.Dist. Der.": 40, "Ruta": "1V19" }, "geometry": { "type": "Point", "coordinates": [ -63.1352, -31.436 ] } },
{ "type": "Feature", "properties": { "Name": "233", "P.K.": "PK233", "Al.Dist. Izq.": 10, "Al.Dist. Der.": 40, "Ruta": "1V19" }, "geometry": { "type": "Point", "coordinates": [ -63.1431171, -31.4347118 ] } },
{ "type": "Feature", "properties": { "Name": "233.79", "P.K.": null, "Al.Dist. Izq.": 10, "Al.Dist. Der.": 40, "Ruta": "1V19" }, "geometry": { "type": "Point", "coordinates": [ -63.1510993, -31.4333647 ] } },
{ "type": "Feature", "properties": { "Name": "234", "P.K.": "PK234", "Al.Dist. Izq.": 10, "Al.Dist. Der.": 40, "Ruta": "1V19" }, "geometry": { "type": "Point", "coordinates": [ -63.1533503, -31.4329828 ] } },
{ "type": "Feature", "properties": { "Name": "234.28", "P.K.": null, "Al.Dist. Izq.": 10, "Al.Dist. Der.": 40, "Ruta": "1V19" }, "geometry": { "type": "Point", "coordinates": [ -63.1562153, -31.4324967 ] } },
{ "type": "Feature", "properties": { "Name": "234.39", "P.K.": null, "Al.Dist. Izq.": 10, "Al.Dist. Der.": 40, "Ruta": "1V19" }, "geometry": { "type": "Point", "coordinates": [ -63.1573408, -31.4323058 ] } },
{ "type": "Feature", "properties": { "Name": "234.41", "P.K.": null, "Al.Dist. Izq.": 10, "Al.Dist. Der.": 40, "Ruta": "1V19" }, "geometry": { "type": "Point", "coordinates": [ -63.1575454, -31.4322711 ] } },
{ "type": "Feature", "properties": { "Name": "234.54", "P.K.": null, "Al.Dist. Izq.": 10, "Al.Dist. Der.": 40, "Ruta": "1V19" }, "geometry": { "type": "Point", "coordinates": [ -63.1588756, -31.4320454 ] } },
{ "type": "Feature", "properties": { "Name": "234.65", "P.K.": null, "Al.Dist. Izq.": 10, "Al.Dist. Der.": 40, "Ruta": "1V19" }, "geometry": { "type": "Point", "coordinates": [ -63.1600011, -31.4318544 ] } },
{ "type": "Feature", "properties": { "Name": "234.66", "P.K.": null, "Al.Dist. Izq.": 10, "Al.Dist. Der.": 40, "Ruta": "1V19" }, "geometry": { "type": "Point", "coordinates": [ -63.1601034, -31.4318371 ] } },
{ "type": "Feature", "properties": { "Name": "234.73", "P.K.": null, "Al.Dist. Izq.": 10, "Al.Dist. Der.": 40, "Ruta": "1V19" }, "geometry": { "type": "Point", "coordinates": [ -63.1608197, -31.4317156 ] } },
{ "type": "Feature", "properties": { "Name": "234.82", "P.K.": null, "Al.Dist. Izq.": 10, "Al.Dist. Der.": 40, "Ruta": "1V19" }, "geometry": { "type": "Point", "coordinates": [ -63.1617405, -31.4315593 ] } },
{ "type": "Feature", "properties": { "Name": "234.83", "P.K.": null, "Al.Dist. Izq.": 10, "Al.Dist. Der.": 40, "Ruta": "1V19" }, "geometry": { "type": "Point", "coordinates": [ -63.1618429, -31.431542 ] } },
{ "type": "Feature", "properties": { "Name": "235", "P.K.": "PK235", "Al.Dist. Izq.": 10, "Al.Dist. Der.": 40, "Ruta": "1V19" }, "geometry": { "type": "Point", "coordinates": [ -63.1635823, -31.4312469 ] } },
{ "type": "Feature", "properties": { "Name": "236", "P.K.": "PK236", "Al.Dist. Izq.": 10, "Al.Dist. Der.": 40, "Ruta": "1V19" }, "geometry": { "type": "Point", "coordinates": [ -63.1738158, -31.4295196 ] } },
{ "type": "Feature", "properties": { "Name": "236.26", "P.K.": null, "Al.Dist. Izq.": 10, "Al.Dist. Der.": 40, "Ruta": "1V19" }, "geometry": { "type": "Point", "coordinates": [ -63.1764765, -31.4290707 ] } },
{ "type": "Feature", "properties": { "Name": "236.39", "P.K.": null, "Al.Dist. Izq.": 10, "Al.Dist. Der.": 40, "Ruta": "1V19" }, "geometry": { "type": "Point", "coordinates": [ -63.1778069, -31.4288462 ] } },
{ "type": "Feature", "properties": { "Name": "236.44", "P.K.": null, "Al.Dist. Izq.": 10, "Al.Dist. Der.": 40, "Ruta": "1V19" }, "geometry": { "type": "Point", "coordinates": [ -63.1783185, -31.4287599 ] } },
{ "type": "Feature", "properties": { "Name": "237", "P.K.": "PK237", "Al.Dist. Izq.": 10, "Al.Dist. Der.": 40, "Ruta": "1V19" }, "geometry": { "type": "Point", "coordinates": [ -63.1840444, -31.4277645 ] } },
{ "type": "Feature", "properties": { "Name": "237.04", "P.K.": null, "Al.Dist. Izq.": 10, "Al.Dist. Der.": 40, "Ruta": "1V19" }, "geometry": { "type": "Point", "coordinates": [ -63.1844534, -31.4276931 ] } },
{ "type": "Feature", "properties": { "Name": "237.04", "P.K.": null, "Al.Dist. Izq.": null, "Al.Dist. Der.": null, "Ruta": "1V19" }, "geometry": { "type": "Point", "coordinates": [ -63.1844534, -31.4276931 ] } },
{ "type": "Feature", "properties": { "Name": "237.11", "P.K.": null, "Al.Dist. Izq.": null, "Al.Dist. Der.": null, "Ruta": "1V19" }, "geometry": { "type": "Point", "coordinates": [ -63.1851699, -31.4275734 ] } },
{ "type": "Feature", "properties": { "Name": "237.19", "P.K.": null, "Al.Dist. Izq.": null, "Al.Dist. Der.": null, "Ruta": "1V19" }, "geometry": { "type": "Point", "coordinates": [ -63.1859415, -31.4272877 ] } },
{ "type": "Feature", "properties": { "Name": "237.25", "P.K.": null, "Al.Dist. Izq.": null, "Al.Dist. Der.": null, "Ruta": "1V19" }, "geometry": { "type": "Point", "coordinates": [ -63.1863712, -31.4268433 ] } },
{ "type": "Feature", "properties": { "Name": "237.28", "P.K.": null, "Al.Dist. Izq.": null, "Al.Dist. Der.": null, "Ruta": "1V19" }, "geometry": { "type": "Point", "coordinates": [ -63.1864838, -31.4265575 ] } },
{ "type": "Feature", "properties": { "Name": "237.31", "P.K.": null, "Al.Dist. Izq.": null, "Al.Dist. Der.": null, "Ruta": "1V19" }, "geometry": { "type": "Point", "coordinates": [ -63.1865199, -31.4262489 ] } },
{ "type": "Feature", "properties": { "Name": "237.54", "P.K.": null, "Al.Dist. Izq.": null, "Al.Dist. Der.": null, "Ruta": "1V19" }, "geometry": { "type": "Point", "coordinates": [ -63.1875925, -31.4243205 ] } },
{ "type": "Feature", "properties": { "Name": "237.54", "P.K.": null, "Al.Dist. Izq.": null, "Al.Dist. Der.": null, "Ruta": "1V19" }, "geometry": { "type": "Point", "coordinates": [ -63.1875925, -31.4243205 ] } },
{ "type": "Feature", "properties": { "Name": "237.66", "P.K.": null, "Al.Dist. Izq.": null, "Al.Dist. Der.": null, "Ruta": "1V19" }, "geometry": { "type": "Point", "coordinates": [ -63.1888, -31.4241 ] } },
{ "type": "Feature", "properties": { "Name": "237.79", "P.K.": null, "Al.Dist. Izq.": null, "Al.Dist. Der.": null, "Ruta": "1V19" }, "geometry": { "type": "Point", "coordinates": [ -63.1901, -31.4239 ] } },
{ "type": "Feature", "properties": { "Name": "237.92", "P.K.": null, "Al.Dist. Izq.": null, "Al.Dist. Der.": null, "Ruta": "1V19" }, "geometry": { "type": "Point", "coordinates": [ -63.1914736, -31.4236413 ] } },
{ "type": "Feature", "properties": { "Name": "237.92", "P.K.": null, "Al.Dist. Izq.": null, "Al.Dist. Der.": null, "Ruta": "1V19" }, "geometry": { "type": "Point", "coordinates": [ -63.1914736, -31.4236413 ] } },
{ "type": "Feature", "properties": { "Name": "237.94", "P.K.": null, "Al.Dist. Izq.": null, "Al.Dist. Der.": null, "Ruta": "1V19" }, "geometry": { "type": "Point", "coordinates": [ -63.1916784, -31.4236077 ] } },
{ "type": "Feature", "properties": { "Name": "238", "P.K.": "PK238", "Al.Dist. Izq.": null, "Al.Dist. Der.": null, "Ruta": "1V19" }, "geometry": { "type": "Point", "coordinates": [ -63.1922926, -31.4235051 ] } },
{ "type": "Feature", "properties": { "Name": "238.03", "P.K.": null, "Al.Dist. Izq.": null, "Al.Dist. Der.": null, "Ruta": "1V19" }, "geometry": { "type": "Point", "coordinates": [ -63.1926, -31.4235 ] } },
{ "type": "Feature", "properties": { "Name": "238.15", "P.K.": null, "Al.Dist. Izq.": null, "Al.Dist. Der.": null, "Ruta": "1V19" }, "geometry": { "type": "Point", "coordinates": [ -63.1938281, -31.4232486 ] } },
{ "type": "Feature", "properties": { "Name": "238.21", "P.K.": null, "Al.Dist. Izq.": null, "Al.Dist. Der.": null, "Ruta": "1V19" }, "geometry": { "type": "Point", "coordinates": [ -63.1944422, -31.4231457 ] } },
{ "type": "Feature", "properties": { "Name": "238.24", "P.K.": null, "Al.Dist. Izq.": null, "Al.Dist. Der.": null, "Ruta": "1V19" }, "geometry": { "type": "Point", "coordinates": [ -63.1947489, -31.4230921 ] } },
{ "type": "Feature", "properties": { "Name": "238.26", "P.K.": null, "Al.Dist. Izq.": null, "Al.Dist. Der.": null, "Ruta": "1V19" }, "geometry": { "type": "Point", "coordinates": [ -63.195, -31.4231 ] } },
{ "type": "Feature", "properties": { "Name": "238.26", "P.K.": null, "Al.Dist. Izq.": null, "Al.Dist. Der.": null, "Ruta": "1V19" }, "geometry": { "type": "Point", "coordinates": [ -63.195, -31.4231 ] } },
{ "type": "Feature", "properties": { "Name": "238.33", "P.K.": null, "Al.Dist. Izq.": null, "Al.Dist. Der.": null, "Ruta": "1V19" }, "geometry": { "type": "Point", "coordinates": [ -63.1956689, -31.4229311 ] } },
{ "type": "Feature", "properties": { "Name": "238.38", "P.K.": null, "Al.Dist. Izq.": null, "Al.Dist. Der.": null, "Ruta": "1V19" }, "geometry": { "type": "Point", "coordinates": [ -63.1962, -31.4228 ] } },
{ "type": "Feature", "properties": { "Name": "238.39", "P.K.": null, "Al.Dist. Izq.": null, "Al.Dist. Der.": null, "Ruta": "1V19" }, "geometry": { "type": "Point", "coordinates": [ -63.1962823, -31.4228238 ] } },
{ "type": "Feature", "properties": { "Name": "238.45", "P.K.": null, "Al.Dist. Izq.": null, "Al.Dist. Der.": null, "Ruta": "1V19" }, "geometry": { "type": "Point", "coordinates": [ -63.1968957, -31.4227165 ] } },
{ "type": "Feature", "properties": { "Name": "238.49", "P.K.": null, "Al.Dist. Izq.": null, "Al.Dist. Der.": null, "Ruta": "1V19" }, "geometry": { "type": "Point", "coordinates": [ -63.1973049, -31.422647 ] } },
{ "type": "Feature", "properties": { "Name": "238.6", "P.K.": null, "Al.Dist. Izq.": null, "Al.Dist. Der.": null, "Ruta": "1V19" }, "geometry": { "type": "Point", "coordinates": [ -63.1984, -31.4225 ] } },
{ "type": "Feature", "properties": { "Name": "238.61", "P.K.": null, "Al.Dist. Izq.": null, "Al.Dist. Der.": null, "Ruta": "1V19" }, "geometry": { "type": "Point", "coordinates": [ -63.1985351, -31.4224528 ] } },
{ "type": "Feature", "properties": { "Name": "238.63", "P.K.": null, "Al.Dist. Izq.": null, "Al.Dist. Der.": null, "Ruta": "1V19" }, "geometry": { "type": "Point", "coordinates": [ -63.1987401, -31.4224205 ] } },
{ "type": "Feature", "properties": { "Name": "238.64", "P.K.": null, "Al.Dist. Izq.": null, "Al.Dist. Der.": null, "Ruta": "1V19" }, "geometry": { "type": "Point", "coordinates": [ -63.1988426, -31.4224043 ] } },
{ "type": "Feature", "properties": { "Name": "238.64", "P.K.": null, "Al.Dist. Izq.": null, "Al.Dist. Der.": null, "Ruta": "1V19" }, "geometry": { "type": "Point", "coordinates": [ -63.1988426, -31.4224043 ] } },
{ "type": "Feature", "properties": { "Name": "238.65", "P.K.": null, "Al.Dist. Izq.": null, "Al.Dist. Der.": null, "Ruta": "1V19" }, "geometry": { "type": "Point", "coordinates": [ -63.1989452, -31.4223881 ] } },
{ "type": "Feature", "properties": { "Name": "238.67", "P.K.": null, "Al.Dist. Izq.": null, "Al.Dist. Der.": null, "Ruta": "1V19" }, "geometry": { "type": "Point", "coordinates": [ -63.1991502, -31.4223558 ] } },
{ "type": "Feature", "properties": { "Name": "238.76", "P.K.": null, "Al.Dist. Izq.": null, "Al.Dist. Der.": null, "Ruta": "1V19" }, "geometry": { "type": "Point", "coordinates": [ -63.2000743, -31.4222213 ] } },
{ "type": "Feature", "properties": { "Name": "238.83", "P.K.": null, "Al.Dist. Izq.": null, "Al.Dist. Der.": null, "Ruta": "1V19" }, "geometry": { "type": "Point", "coordinates": [ -63.2007831, -31.4223512 ] } },
{ "type": "Feature", "properties": { "Name": "238.96", "P.K.": null, "Al.Dist. Izq.": null, "Al.Dist. Der.": null, "Ruta": "1V19" }, "geometry": { "type": "Point", "coordinates": [ -63.2019, -31.4231 ] } },
{ "type": "Feature", "properties": { "Name": "239", "P.K.": "PK239", "Al.Dist. Izq.": null, "Al.Dist. Der.": null, "Ruta": "1V19" }, "geometry": { "type": "Point", "coordinates": [ -63.2022142, -31.4233723 ] } },
{ "type": "Feature", "properties": { "Name": "239.25", "P.K.": null, "Al.Dist. Izq.": null, "Al.Dist. Der.": null, "Ruta": "1V19" }, "geometry": { "type": "Point", "coordinates": [ -63.204566, -31.4242862 ] } },
{ "type": "Feature", "properties": { "Name": "239.49", "P.K.": null, "Al.Dist. Izq.": null, "Al.Dist. Der.": null, "Ruta": "1V19" }, "geometry": { "type": "Point", "coordinates": [ -63.2070247, -31.4238944 ] } },
{ "type": "Feature", "properties": { "Name": "239.49", "P.K.": null, "Al.Dist. Izq.": 10, "Al.Dist. Der.": 40, "Ruta": "1V19" }, "geometry": { "type": "Point", "coordinates": [ -63.2070247, -31.4238944 ] } },
{ "type": "Feature", "properties": { "Name": "240", "P.K.": "PK240", "Al.Dist. Izq.": 10, "Al.Dist. Der.": 40, "Ruta": "1V19" }, "geometry": { "type": "Point", "coordinates": [ -63.2122435, -31.4230118 ] } },
{ "type": "Feature", "properties": { "Name": "240.17", "P.K.": null, "Al.Dist. Izq.": 10, "Al.Dist. Der.": 40, "Ruta": "1V19" }, "geometry": { "type": "Point", "coordinates": [ -63.2139819, -31.4227108 ] } },
{ "type": "Feature", "properties": { "Name": "241", "P.K.": "PK241", "Al.Dist. Izq.": 10, "Al.Dist. Der.": 40, "Ruta": "1V19" }, "geometry": { "type": "Point", "coordinates": [ -63.2224737, -31.4212656 ] } },
{ "type": "Feature", "properties": { "Name": "241.15", "P.K.": null, "Al.Dist. Izq.": 10, "Al.Dist. Der.": 40, "Ruta": "1V19" }, "geometry": { "type": "Point", "coordinates": [ -63.2239059, -31.4210209 ] } },
{ "type": "Feature", "properties": { "Name": "242", "P.K.": "PK242", "Al.Dist. Izq.": 10, "Al.Dist. Der.": 40, "Ruta": "1V19" }, "geometry": { "type": "Point", "coordinates": [ -63.2327081, -31.419544 ] } },
{ "type": "Feature", "properties": { "Name": "242.21", "P.K.": null, "Al.Dist. Izq.": 10, "Al.Dist. Der.": 40, "Ruta": "1V19" }, "geometry": { "type": "Point", "coordinates": [ -63.2349, -31.4192 ] } },
{ "type": "Feature", "properties": { "Name": "242.82", "P.K.": null, "Al.Dist. Izq.": 10, "Al.Dist. Der.": 40, "Ruta": "1V19" }, "geometry": { "type": "Point", "coordinates": [ -63.2410962, -31.4181081 ] } },
{ "type": "Feature", "properties": { "Name": "243", "P.K.": "PK243", "Al.Dist. Izq.": 10, "Al.Dist. Der.": 40, "Ruta": "1V19" }, "geometry": { "type": "Point", "coordinates": [ -63.2429384, -31.4177982 ] } },
{ "type": "Feature", "properties": { "Name": "243.19", "P.K.": null, "Al.Dist. Izq.": 10, "Al.Dist. Der.": 40, "Ruta": "1V19" }, "geometry": { "type": "Point", "coordinates": [ -63.2449, -31.4175 ] } },
{ "type": "Feature", "properties": { "Name": "244", "P.K.": "PK244", "Al.Dist. Izq.": 10, "Al.Dist. Der.": 40, "Ruta": "1V19" }, "geometry": { "type": "Point", "coordinates": [ -63.2531728, -31.4160766 ] } },
{ "type": "Feature", "properties": { "Name": "244.25", "P.K.": null, "Al.Dist. Izq.": 10, "Al.Dist. Der.": 40, "Ruta": "1V19" }, "geometry": { "type": "Point", "coordinates": [ -63.2557314, -31.4156462 ] } },
{ "type": "Feature", "properties": { "Name": "245", "P.K.": "PK245", "Al.Dist. Izq.": 10, "Al.Dist. Der.": 40, "Ruta": "1V19" }, "geometry": { "type": "Point", "coordinates": [ -63.2634071, -31.4143543 ] } },
{ "type": "Feature", "properties": { "Name": "245.62", "P.K.": null, "Al.Dist. Izq.": 10, "Al.Dist. Der.": 40, "Ruta": "1V19" }, "geometry": { "type": "Point", "coordinates": [ -63.2698, -31.4133 ] } },
{ "type": "Feature", "properties": { "Name": "245.79", "P.K.": null, "Al.Dist. Izq.": 10, "Al.Dist. Der.": 40, "Ruta": "1V19" }, "geometry": { "type": "Point", "coordinates": [ -63.27149, -31.4129807 ] } },
{ "type": "Feature", "properties": { "Name": "245.85", "P.K.": null, "Al.Dist. Izq.": 10, "Al.Dist. Der.": 40, "Ruta": "1V19" }, "geometry": { "type": "Point", "coordinates": [ -63.2721039, -31.4128764 ] } },
{ "type": "Feature", "properties": { "Name": "245.87", "P.K.": null, "Al.Dist. Izq.": 10, "Al.Dist. Der.": 40, "Ruta": "1V19" }, "geometry": { "type": "Point", "coordinates": [ -63.2723085, -31.4128416 ] } },
{ "type": "Feature", "properties": { "Name": "246", "P.K.": "PK246", "Al.Dist. Izq.": 10, "Al.Dist. Der.": 40, "Ruta": "1V19" }, "geometry": { "type": "Point", "coordinates": [ -63.2736387, -31.4126157 ] } },
{ "type": "Feature", "properties": { "Name": "246.76", "P.K.": null, "Al.Dist. Izq.": 10, "Al.Dist. Der.": 40, "Ruta": "1V19" }, "geometry": { "type": "Point", "coordinates": [ -63.2813124, -31.4113123 ] } },
{ "type": "Feature", "properties": { "Name": "246.92", "P.K.": null, "Al.Dist. Izq.": 10, "Al.Dist. Der.": 40, "Ruta": "1V19" }, "geometry": { "type": "Point", "coordinates": [ -63.2829495, -31.4110342 ] } },
{ "type": "Feature", "properties": { "Name": "247", "P.K.": "PK247", "Al.Dist. Izq.": 10, "Al.Dist. Der.": 40, "Ruta": "1V19" }, "geometry": { "type": "Point", "coordinates": [ -63.2838703, -31.4108778 ] } },
{ "type": "Feature", "properties": { "Name": "247.94", "P.K.": null, "Al.Dist. Izq.": 10, "Al.Dist. Der.": 40, "Ruta": "1V19" }, "geometry": { "type": "Point", "coordinates": [ -63.2922603, -31.4094527 ] } },
{ "type": "Feature", "properties": { "Name": "248", "P.K.": "PK248", "Al.Dist. Izq.": 10, "Al.Dist. Der.": 40, "Ruta": "1V19" }, "geometry": { "type": "Point", "coordinates": [ -63.294102, -31.4091398 ] } },
{ "type": "Feature", "properties": { "Name": "249", "P.K.": "PK249", "Al.Dist. Izq.": 10, "Al.Dist. Der.": 40, "Ruta": "1V19" }, "geometry": { "type": "Point", "coordinates": [ -63.3043336, -31.4074019 ] } },
{ "type": "Feature", "properties": { "Name": "250", "P.K.": "PK250", "Al.Dist. Izq.": 10, "Al.Dist. Der.": 40, "Ruta": "1V19" }, "geometry": { "type": "Point", "coordinates": [ -63.3145653, -31.405664 ] } },
{ "type": "Feature", "properties": { "Name": "250.45", "P.K.": null, "Al.Dist. Izq.": 10, "Al.Dist. Der.": 40, "Ruta": "1V19" }, "geometry": { "type": "Point", "coordinates": [ -63.3191695, -31.4048819 ] } },
{ "type": "Feature", "properties": { "Name": "250.51", "P.K.": null, "Al.Dist. Izq.": 10, "Al.Dist. Der.": 40, "Ruta": "1V19" }, "geometry": { "type": "Point", "coordinates": [ -63.3197834, -31.4047776 ] } },
{ "type": "Feature", "properties": { "Name": "250.59", "P.K.": null, "Al.Dist. Izq.": 10, "Al.Dist. Der.": 40, "Ruta": "1V19" }, "geometry": { "type": "Point", "coordinates": [ -63.3206023, -31.4046405 ] } },
{ "type": "Feature", "properties": { "Name": "250.75", "P.K.": null, "Al.Dist. Izq.": 10, "Al.Dist. Der.": 40, "Ruta": "1V19" }, "geometry": { "type": "Point", "coordinates": [ -63.32224, -31.4043664 ] } },
{ "type": "Feature", "properties": { "Name": "250.95", "P.K.": null, "Al.Dist. Izq.": 10, "Al.Dist. Der.": 40, "Ruta": "1V19" }, "geometry": { "type": "Point", "coordinates": [ -63.3243, -31.404 ] } },
{ "type": "Feature", "properties": { "Name": "251", "P.K.": "PK251", "Al.Dist. Izq.": 10, "Al.Dist. Der.": 40, "Ruta": "1V19" }, "geometry": { "type": "Point", "coordinates": [ -63.3247984, -31.403935 ] } },
{ "type": "Feature", "properties": { "Name": "251.12", "P.K.": null, "Al.Dist. Izq.": 10, "Al.Dist. Der.": 40, "Ruta": "1V19" }, "geometry": { "type": "Point", "coordinates": [ -63.3260262, -31.4037262 ] } },
{ "type": "Feature", "properties": { "Name": "251.12", "P.K.": null, "Al.Dist. Izq.": null, "Al.Dist. Der.": null, "Ruta": "1V19" }, "geometry": { "type": "Point", "coordinates": [ -63.3260262, -31.4037262 ] } },
{ "type": "Feature", "properties": { "Name": "251.21", "P.K.": null, "Al.Dist. Izq.": null, "Al.Dist. Der.": null, "Ruta": "1V19" }, "geometry": { "type": "Point", "coordinates": [ -63.3269, -31.4036 ] } },
{ "type": "Feature", "properties": { "Name": "251.41", "P.K.": null, "Al.Dist. Izq.": null, "Al.Dist. Der.": null, "Ruta": "1V19" }, "geometry": { "type": "Point", "coordinates": [ -63.329, -31.4032 ] } },
{ "type": "Feature", "properties": { "Name": "251.49", "P.K.": null, "Al.Dist. Izq.": null, "Al.Dist. Der.": null, "Ruta": "1V19" }, "geometry": { "type": "Point", "coordinates": [ -63.3298, -31.4031 ] } },
{ "type": "Feature", "properties": { "Name": "251.54", "P.K.": null, "Al.Dist. Izq.": null, "Al.Dist. Der.": null, "Ruta": "1V19" }, "geometry": { "type": "Point", "coordinates": [ -63.3303, -31.403 ] } },
{ "type": "Feature", "properties": { "Name": "251.59", "P.K.": null, "Al.Dist. Izq.": null, "Al.Dist. Der.": null, "Ruta": "1V19" }, "geometry": { "type": "Point", "coordinates": [ -63.3308, -31.4029 ] } },
{ "type": "Feature", "properties": { "Name": "251.68", "P.K.": null, "Al.Dist. Izq.": null, "Al.Dist. Der.": null, "Ruta": "1V19" }, "geometry": { "type": "Point", "coordinates": [ -63.3318, -31.4028 ] } },
{ "type": "Feature", "properties": { "Name": "251.8", "P.K.": null, "Al.Dist. Izq.": null, "Al.Dist. Der.": null, "Ruta": "1V19" }, "geometry": { "type": "Point", "coordinates": [ -63.333, -31.4026 ] } },
{ "type": "Feature", "properties": { "Name": "251.88", "P.K.": null, "Al.Dist. Izq.": null, "Al.Dist. Der.": null, "Ruta": "1V19" }, "geometry": { "type": "Point", "coordinates": [ -63.3338166, -31.4024288 ] } },
{ "type": "Feature", "properties": { "Name": "251.89", "P.K.": null, "Al.Dist. Izq.": null, "Al.Dist. Der.": null, "Ruta": "1V19" }, "geometry": { "type": "Point", "coordinates": [ -63.3339183, -31.4024023 ] } },
{ "type": "Feature", "properties": { "Name": "251.98", "P.K.": null, "Al.Dist. Izq.": null, "Al.Dist. Der.": null, "Ruta": "1V19" }, "geometry": { "type": "Point", "coordinates": [ -63.3347244, -31.4019172 ] } },
{ "type": "Feature", "properties": { "Name": "252", "P.K.": "PK252", "Al.Dist. Izq.": null, "Al.Dist. Der.": null, "Ruta": "1V19" }, "geometry": { "type": "Point", "coordinates": [ -63.3349061, -31.4018123 ] } },
{ "type": "Feature", "properties": { "Name": "252.04", "P.K.": null, "Al.Dist. Izq.": null, "Al.Dist. Der.": null, "Ruta": "1V19" }, "geometry": { "type": "Point", "coordinates": [ -63.3353014, -31.4016729 ] } },
{ "type": "Feature", "properties": { "Name": "252.16", "P.K.": null, "Al.Dist. Izq.": null, "Al.Dist. Der.": null, "Ruta": "1V19" }, "geometry": { "type": "Point", "coordinates": [ -63.3365435, -31.4014523 ] } },
{ "type": "Feature", "properties": { "Name": "252.63", "P.K.": null, "Al.Dist. Izq.": null, "Al.Dist. Der.": null, "Ruta": "1V19" }, "geometry": { "type": "Point", "coordinates": [ -63.3413115, -31.4006401 ] } },
{ "type": "Feature", "properties": { "Name": "252.67", "P.K.": null, "Al.Dist. Izq.": null, "Al.Dist. Der.": null, "Ruta": "1V19" }, "geometry": { "type": "Point", "coordinates": [ -63.3417301, -31.4006084 ] } },
{ "type": "Feature", "properties": { "Name": "252.68", "P.K.": null, "Al.Dist. Izq.": null, "Al.Dist. Der.": null, "Ruta": "1V19" }, "geometry": { "type": "Point", "coordinates": [ -63.341835, -31.4006139 ] } },
{ "type": "Feature", "properties": { "Name": "252.71", "P.K.": null, "Al.Dist. Izq.": null, "Al.Dist. Der.": null, "Ruta": "1V19" }, "geometry": { "type": "Point", "coordinates": [ -63.3421466, -31.4006599 ] } },
{ "type": "Feature", "properties": { "Name": "252.77", "P.K.": null, "Al.Dist. Izq.": null, "Al.Dist. Der.": null, "Ruta": "1V19" }, "geometry": { "type": "Point", "coordinates": [ -63.342661, -31.400768 ] } },
{ "type": "Feature", "properties": { "Name": "252.85", "P.K.": null, "Al.Dist. Izq.": null, "Al.Dist. Der.": null, "Ruta": "1V19" }, "geometry": { "type": "Point", "coordinates": [ -63.343496, -31.4007651 ] } },
{ "type": "Feature", "properties": { "Name": "252.85", "P.K.": null, "Al.Dist. Izq.": 10, "Al.Dist. Der.": 40, "Ruta": "1V19" }, "geometry": { "type": "Point", "coordinates": [ -63.343496, -31.4007651 ] } },
{ "type": "Feature", "properties": { "Name": "253", "P.K.": "PK253", "Al.Dist. Izq.": 10, "Al.Dist. Der.": 40, "Ruta": "1V19" }, "geometry": { "type": "Point", "coordinates": [ -63.3452573, -31.4004604 ] } },
{ "type": "Feature", "properties": { "Name": "254", "P.K.": "PK254", "Al.Dist. Izq.": 10, "Al.Dist. Der.": 40, "Ruta": "1V19" }, "geometry": { "type": "Point", "coordinates": [ -63.3556224, -31.3986943 ] } },
{ "type": "Feature", "properties": { "Name": "255", "P.K.": "PK255", "Al.Dist. Izq.": 10, "Al.Dist. Der.": 40, "Ruta": "1V19" }, "geometry": { "type": "Point", "coordinates": [ -63.3659862, -31.3969201 ] } },
{ "type": "Feature", "properties": { "Name": "256", "P.K.": "PK256", "Al.Dist. Izq.": 10, "Al.Dist. Der.": 40, "Ruta": "1V19" }, "geometry": { "type": "Point", "coordinates": [ -63.3763504, -31.3951483 ] } },
{ "type": "Feature", "properties": { "Name": "256.06", "P.K.": null, "Al.Dist. Izq.": 10, "Al.Dist. Der.": 40, "Ruta": "1V19" }, "geometry": { "type": "Point", "coordinates": [ -63.377, -31.395 ] } },
{ "type": "Feature", "properties": { "Name": "256.57", "P.K.": null, "Al.Dist. Izq.": 10, "Al.Dist. Der.": 40, "Ruta": "1V19" }, "geometry": { "type": "Point", "coordinates": [ -63.3821547, -31.3941581 ] } },
{ "type": "Feature", "properties": { "Name": "256.78", "P.K.": null, "Al.Dist. Izq.": 10, "Al.Dist. Der.": 40, "Ruta": "1V19" }, "geometry": { "type": "Point", "coordinates": [ -63.3843313, -31.3937868 ] } },
{ "type": "Feature", "properties": { "Name": "257.13", "P.K.": null, "Al.Dist. Izq.": 10, "Al.Dist. Der.": 40, "Ruta": "1V19" }, "geometry": { "type": "Point", "coordinates": [ -63.3880627, -31.3931507 ] } },
{ "type": "Feature", "properties": { "Name": "257.79", "P.K.": null, "Al.Dist. Izq.": 10, "Al.Dist. Der.": 40, "Ruta": "1V19" }, "geometry": { "type": "Point", "coordinates": [ -63.3949032, -31.3919824 ] } },
{ "type": "Feature", "properties": { "Name": "258", "P.K.": "PK258", "Al.Dist. Izq.": 10, "Al.Dist. Der.": 40, "Ruta": "1V19" }, "geometry": { "type": "Point", "coordinates": [ -63.3970798, -31.3916107 ] } },
{ "type": "Feature", "properties": { "Name": "258.85", "P.K.": null, "Al.Dist. Izq.": 10, "Al.Dist. Der.": 40, "Ruta": "1V19" }, "geometry": { "type": "Point", "coordinates": [ -63.4058903, -31.3901101 ] } },
{ "type": "Feature", "properties": { "Name": "259", "P.K.": "PK259", "Al.Dist. Izq.": 10, "Al.Dist. Der.": 40, "Ruta": "1V19" }, "geometry": { "type": "Point", "coordinates": [ -63.4074448, -31.3898436 ] } },
{ "type": "Feature", "properties": { "Name": "259.3", "P.K.": null, "Al.Dist. Izq.": 10, "Al.Dist. Der.": 40, "Ruta": "1V19" }, "geometry": { "type": "Point", "coordinates": [ -63.4105539, -31.3893113 ] } },
{ "type": "Feature", "properties": { "Name": "259.3", "P.K.": null, "Al.Dist. Izq.": null, "Al.Dist. Der.": null, "Ruta": "1V19" }, "geometry": { "type": "Point", "coordinates": [ -63.4105539, -31.3893113 ] } },
{ "type": "Feature", "properties": { "Name": "259.38", "P.K.": null, "Al.Dist. Izq.": null, "Al.Dist. Der.": null, "Ruta": "1V19" }, "geometry": { "type": "Point", "coordinates": [ -63.4113359, -31.3890181 ] } },
{ "type": "Feature", "properties": { "Name": "259.49", "P.K.": null, "Al.Dist. Izq.": null, "Al.Dist. Der.": null, "Ruta": "1V19" }, "geometry": { "type": "Point", "coordinates": [ -63.4123732, -31.388531 ] } },
{ "type": "Feature", "properties": { "Name": "259.55", "P.K.": null, "Al.Dist. Izq.": null, "Al.Dist. Der.": null, "Ruta": "1V19" }, "geometry": { "type": "Point", "coordinates": [ -63.4129952, -31.388426 ] } },
{ "type": "Feature", "properties": { "Name": "259.55", "P.K.": null, "Al.Dist. Izq.": null, "Al.Dist. Der.": null, "Ruta": "1V19" }, "geometry": { "type": "Point", "coordinates": [ -63.4129952, -31.388426 ] } },
{ "type": "Feature", "properties": { "Name": "259.65", "P.K.": null, "Al.Dist. Izq.": null, "Al.Dist. Der.": null, "Ruta": "1V19" }, "geometry": { "type": "Point", "coordinates": [ -63.414, -31.3883 ] } },
{ "type": "Feature", "properties": { "Name": "259.73", "P.K.": null, "Al.Dist. Izq.": null, "Al.Dist. Der.": null, "Ruta": "1V19" }, "geometry": { "type": "Point", "coordinates": [ -63.4148617, -31.3881129 ] } },
{ "type": "Feature", "properties": { "Name": "259.76", "P.K.": null, "Al.Dist. Izq.": null, "Al.Dist. Der.": null, "Ruta": "1V19" }, "geometry": { "type": "Point", "coordinates": [ -63.4152, -31.3881 ] } },
{ "type": "Feature", "properties": { "Name": "259.85", "P.K.": null, "Al.Dist. Izq.": null, "Al.Dist. Der.": null, "Ruta": "1V19" }, "geometry": { "type": "Point", "coordinates": [ -63.4161, -31.3879 ] } },
{ "type": "Feature", "properties": { "Name": "259.96", "P.K.": null, "Al.Dist. Izq.": null, "Al.Dist. Der.": null, "Ruta": "1V19" }, "geometry": { "type": "Point", "coordinates": [ -63.4172, -31.3877 ] } },
{ "type": "Feature", "properties": { "Name": "260", "P.K.": "PK260", "Al.Dist. Izq.": null, "Al.Dist. Der.": null, "Ruta": "1V19" }, "geometry": { "type": "Point", "coordinates": [ -63.4176609, -31.3876396 ] } },
{ "type": "Feature", "properties": { "Name": "260.07", "P.K.": null, "Al.Dist. Izq.": null, "Al.Dist. Der.": null, "Ruta": "1V19" }, "geometry": { "type": "Point", "coordinates": [ -63.4183, -31.3875 ] } },
{ "type": "Feature", "properties": { "Name": "260.21", "P.K.": null, "Al.Dist. Izq.": null, "Al.Dist. Der.": null, "Ruta": "1V19" }, "geometry": { "type": "Point", "coordinates": [ -63.4195, -31.3873 ] } },
{ "type": "Feature", "properties": { "Name": "260.24", "P.K.": null, "Al.Dist. Izq.": null, "Al.Dist. Der.": null, "Ruta": "1V19" }, "geometry": { "type": "Point", "coordinates": [ -63.4198358, -31.3872591 ] } },
{ "type": "Feature", "properties": { "Name": "260.24", "P.K.": null, "Al.Dist. Izq.": null, "Al.Dist. Der.": null, "Ruta": "1V19" }, "geometry": { "type": "Point", "coordinates": [ -63.4198358, -31.3872591 ] } },
{ "type": "Feature", "properties": { "Name": "260.35", "P.K.": null, "Al.Dist. Izq.": null, "Al.Dist. Der.": null, "Ruta": "1V19" }, "geometry": { "type": "Point", "coordinates": [ -63.4208, -31.3871 ] } },
{ "type": "Feature", "properties": { "Name": "260.48", "P.K.": null, "Al.Dist. Izq.": null, "Al.Dist. Der.": null, "Ruta": "1V19" }, "geometry": { "type": "Point", "coordinates": [ -63.4219, -31.3869 ] } },
{ "type": "Feature", "properties": { "Name": "260.65", "P.K.": null, "Al.Dist. Izq.": null, "Al.Dist. Der.": null, "Ruta": "1V19" }, "geometry": { "type": "Point", "coordinates": [ -63.423458, -31.386609 ] } },
{ "type": "Feature", "properties": { "Name": "260.65", "P.K.": null, "Al.Dist. Izq.": 10, "Al.Dist. Der.": 40, "Ruta": "1V19" }, "geometry": { "type": "Point", "coordinates": [ -63.423458, -31.386609 ] } },
{ "type": "Feature", "properties": { "Name": "260.69", "P.K.": null, "Al.Dist. Izq.": 10, "Al.Dist. Der.": 40, "Ruta": "1V19" }, "geometry": { "type": "Point", "coordinates": [ -63.4237689, -31.3865559 ] } },
{ "type": "Feature", "properties": { "Name": "260.72", "P.K.": null, "Al.Dist. Izq.": 10, "Al.Dist. Der.": 40, "Ruta": "1V19" }, "geometry": { "type": "Point", "coordinates": [ -63.4240798, -31.3865027 ] } },
{ "type": "Feature", "properties": { "Name": "260.72", "P.K.": null, "Al.Dist. Izq.": 10, "Al.Dist. Der.": 40, "Ruta": "1V19" }, "geometry": { "type": "Point", "coordinates": [ -63.4240798, -31.3865027 ] } },
{ "type": "Feature", "properties": { "Name": "260.79", "P.K.": null, "Al.Dist. Izq.": 10, "Al.Dist. Der.": 40, "Ruta": "1V19" }, "geometry": { "type": "Point", "coordinates": [ -63.4247017, -31.3863965 ] } },
{ "type": "Feature", "properties": { "Name": "260.83", "P.K.": null, "Al.Dist. Izq.": 10, "Al.Dist. Der.": 40, "Ruta": "1V19" }, "geometry": { "type": "Point", "coordinates": [ -63.4250128, -31.3863442 ] } },
{ "type": "Feature", "properties": { "Name": "260.94", "P.K.": null, "Al.Dist. Izq.": 10, "Al.Dist. Der.": 40, "Ruta": "1V19" }, "geometry": { "type": "Point", "coordinates": [ -63.4260595, -31.3863197 ] } },
{ "type": "Feature", "properties": { "Name": "261", "P.K.": "PK261", "Al.Dist. Izq.": 10, "Al.Dist. Der.": 40, "Ruta": "1V19" }, "geometry": { "type": "Point", "coordinates": [ -63.428044, -31.3863268 ] } },
{ "type": "Feature", "properties": { "Name": "261.06", "P.K.": null, "Al.Dist. Izq.": 10, "Al.Dist. Der.": 40, "Ruta": "1V19" }, "geometry": { "type": "Point", "coordinates": [ -63.4286664, -31.3862238 ] } },
{ "type": "Feature", "properties": { "Name": "261.24", "P.K.": null, "Al.Dist. Izq.": 10, "Al.Dist. Der.": 40, "Ruta": "1V19" }, "geometry": { "type": "Point", "coordinates": [ -63.4305318, -31.3859039 ] } },
{ "type": "Feature", "properties": { "Name": "261.65", "P.K.": null, "Al.Dist. Izq.": 10, "Al.Dist. Der.": 40, "Ruta": "1V19" }, "geometry": { "type": "Point", "coordinates": [ -63.4347807, -31.3851753 ] } },
{ "type": "Feature", "properties": { "Name": "262", "P.K.": "PK262", "Al.Dist. Izq.": 10, "Al.Dist. Der.": 40, "Ruta": "1V19" }, "geometry": { "type": "Point", "coordinates": [ -63.4384083, -31.3845557 ] } },
{ "type": "Feature", "properties": { "Name": "262.71", "P.K.": null, "Al.Dist. Izq.": 10, "Al.Dist. Der.": 40, "Ruta": "1V19" }, "geometry": { "type": "Point", "coordinates": [ -63.4455601, -31.3833363 ] } },
{ "type": "Feature", "properties": { "Name": "262.92", "P.K.": null, "Al.Dist. Izq.": 10, "Al.Dist. Der.": 40, "Ruta": "1V19" }, "geometry": { "type": "Point", "coordinates": [ -63.4476, -31.383 ] } },
{ "type": "Feature", "properties": { "Name": "263", "P.K.": "PK263", "Al.Dist. Izq.": 10, "Al.Dist. Der.": 40, "Ruta": "1V19" }, "geometry": { "type": "Point", "coordinates": [ -63.4487729, -31.3827865 ] } },
{ "type": "Feature", "properties": { "Name": "263.09", "P.K.": null, "Al.Dist. Izq.": 10, "Al.Dist. Der.": 40, "Ruta": "1V19" }, "geometry": { "type": "Point", "coordinates": [ -63.4497056, -31.3826269 ] } },
{ "type": "Feature", "properties": { "Name": "263.38", "P.K.": null, "Al.Dist. Izq.": 10, "Al.Dist. Der.": 40, "Ruta": "1V19" }, "geometry": { "type": "Point", "coordinates": [ -63.4527112, -31.3821125 ] } },
{ "type": "Feature", "properties": { "Name": "263.8", "P.K.": null, "Al.Dist. Izq.": 10, "Al.Dist. Der.": 40, "Ruta": "1V19" }, "geometry": { "type": "Point", "coordinates": [ -63.4571, -31.3814 ] } },
{ "type": "Feature", "properties": { "Name": "264", "P.K.": "PK264", "Al.Dist. Izq.": 10, "Al.Dist. Der.": 40, "Ruta": "1V19" }, "geometry": { "type": "Point", "coordinates": [ -63.4591366, -31.3810118 ] } },
{ "type": "Feature", "properties": { "Name": "265", "P.K.": "PK265", "Al.Dist. Izq.": 10, "Al.Dist. Der.": 40, "Ruta": "1V19" }, "geometry": { "type": "Point", "coordinates": [ -63.4694998, -31.3792342 ] } },
{ "type": "Feature", "properties": { "Name": "266", "P.K.": "PK266", "Al.Dist. Izq.": 10, "Al.Dist. Der.": 40, "Ruta": "1V19" }, "geometry": { "type": "Point", "coordinates": [ -63.479863, -31.377457 ] } },
{ "type": "Feature", "properties": { "Name": "266.19", "P.K.": null, "Al.Dist. Izq.": 10, "Al.Dist. Der.": 40, "Ruta": "1V19" }, "geometry": { "type": "Point", "coordinates": [ -63.4818321, -31.3771194 ] } },
{ "type": "Feature", "properties": { "Name": "266.37", "P.K.": null, "Al.Dist. Izq.": 10, "Al.Dist. Der.": 40, "Ruta": "1V19" }, "geometry": { "type": "Point", "coordinates": [ -63.4836973, -31.3767984 ] } },
{ "type": "Feature", "properties": { "Name": "267", "P.K.": "PK267", "Al.Dist. Izq.": 10, "Al.Dist. Der.": 40, "Ruta": "1V19" }, "geometry": { "type": "Point", "coordinates": [ -63.4902258, -31.375677 ] } },
{ "type": "Feature", "properties": { "Name": "268", "P.K.": "PK268", "Al.Dist. Izq.": 10, "Al.Dist. Der.": 40, "Ruta": "1V19" }, "geometry": { "type": "Point", "coordinates": [ -63.5005874, -31.3738903 ] } },
{ "type": "Feature", "properties": { "Name": "268.19", "P.K.": null, "Al.Dist. Izq.": 10, "Al.Dist. Der.": 40, "Ruta": "1V19" }, "geometry": { "type": "Point", "coordinates": [ -63.5024524, -31.373568 ] } },
{ "type": "Feature", "properties": { "Name": "269", "P.K.": "PK269", "Al.Dist. Izq.": 10, "Al.Dist. Der.": 40, "Ruta": "1V19" }, "geometry": { "type": "Point", "coordinates": [ -63.5109485, -31.3721001 ] } },
{ "type": "Feature", "properties": { "Name": "269.51", "P.K.": null, "Al.Dist. Izq.": 10, "Al.Dist. Der.": 40, "Ruta": "1V19" }, "geometry": { "type": "Point", "coordinates": [ -63.5157145, -31.3712767 ] } },
{ "type": "Feature", "properties": { "Name": "269.91", "P.K.": null, "Al.Dist. Izq.": 10, "Al.Dist. Der.": 40, "Ruta": "1V19" }, "geometry": { "type": "Point", "coordinates": [ -63.5194672, -31.3706318 ] } },
{ "type": "Feature", "properties": { "Name": "270", "P.K.": "PK270", "Al.Dist. Izq.": 10, "Al.Dist. Der.": 40, "Ruta": "1V19" }, "geometry": { "type": "Point", "coordinates": [ -63.5211914, -31.3703354 ] } },
{ "type": "Feature", "properties": { "Name": "270.34", "P.K.": null, "Al.Dist. Izq.": 10, "Al.Dist. Der.": 40, "Ruta": "1V19" }, "geometry": { "type": "Point", "coordinates": [ -63.5246273, -31.3696937 ] } },
{ "type": "Feature", "properties": { "Name": "270.43", "P.K.": null, "Al.Dist. Izq.": 10, "Al.Dist. Der.": 40, "Ruta": "1V19" }, "geometry": { "type": "Point", "coordinates": [ -63.52546, -31.3692896 ] } },
{ "type": "Feature", "properties": { "Name": "270.53", "P.K.": null, "Al.Dist. Izq.": 10, "Al.Dist. Der.": 40, "Ruta": "1V19" }, "geometry": { "type": "Point", "coordinates": [ -63.5263965, -31.3688705 ] } },
{ "type": "Feature", "properties": { "Name": "270.56", "P.K.": null, "Al.Dist. Izq.": 10, "Al.Dist. Der.": 40, "Ruta": "1V19" }, "geometry": { "type": "Point", "coordinates": [ -63.5266973, -31.3688018 ] } },
{ "type": "Feature", "properties": { "Name": "270.58", "P.K.": null, "Al.Dist. Izq.": 10, "Al.Dist. Der.": 40, "Ruta": "1V19" }, "geometry": { "type": "Point", "coordinates": [ -63.5269001, -31.3687668 ] } },
{ "type": "Feature", "properties": { "Name": "270.92", "P.K.": null, "Al.Dist. Izq.": null, "Al.Dist. Der.": null, "Ruta": "1V19" }, "geometry": { "type": "Point", "coordinates": [ -63.5303481, -31.3681719 ] } },
{ "type": "Feature", "properties": { "Name": "271", "P.K.": "PK271", "Al.Dist. Izq.": null, "Al.Dist. Der.": null, "Ruta": "1V19" }, "geometry": { "type": "Point", "coordinates": [ -63.5311594, -31.3680319 ] } },
{ "type": "Feature", "properties": { "Name": "271.18", "P.K.": null, "Al.Dist. Izq.": null, "Al.Dist. Der.": null, "Ruta": "1V19" }, "geometry": { "type": "Point", "coordinates": [ -63.532782, -31.3677519 ] } },
{ "type": "Feature", "properties": { "Name": "271.41", "P.K.": null, "Al.Dist. Izq.": null, "Al.Dist. Der.": null, "Ruta": "1V19" }, "geometry": { "type": "Point", "coordinates": [ -63.534911, -31.3673809 ] } },
{ "type": "Feature", "properties": { "Name": "271.43", "P.K.": null, "Al.Dist. Izq.": null, "Al.Dist. Der.": null, "Ruta": "1V19" }, "geometry": { "type": "Point", "coordinates": [ -63.5351148, -31.3673528 ] } },
{ "type": "Feature", "properties": { "Name": "271.56", "P.K.": null, "Al.Dist. Izq.": null, "Al.Dist. Der.": null, "Ruta": "1V19" }, "geometry": { "type": "Point", "coordinates": [ -63.5362412, -31.3674233 ] } },
{ "type": "Feature", "properties": { "Name": "271.72", "P.K.": null, "Al.Dist. Izq.": null, "Al.Dist. Der.": null, "Ruta": "1V19" }, "geometry": { "type": "Point", "coordinates": [ -63.5377753, -31.3674805 ] } },
{ "type": "Feature", "properties": { "Name": "271.72", "P.K.": null, "Al.Dist. Izq.": 10, "Al.Dist. Der.": 40, "Ruta": "1V19" }, "geometry": { "type": "Point", "coordinates": [ -63.5377753, -31.3674805 ] } },
{ "type": "Feature", "properties": { "Name": "272", "P.K.": "PK272", "Al.Dist. Izq.": 10, "Al.Dist. Der.": 40, "Ruta": "1V19" }, "geometry": { "type": "Point", "coordinates": [ -63.5413246, -31.3668674 ] } },
{ "type": "Feature", "properties": { "Name": "272.11", "P.K.": null, "Al.Dist. Izq.": 10, "Al.Dist. Der.": 40, "Ruta": "1V19" }, "geometry": { "type": "Point", "coordinates": [ -63.5424401, -31.3666747 ] } },
{ "type": "Feature", "properties": { "Name": "272.27", "P.K.": null, "Al.Dist. Izq.": 10, "Al.Dist. Der.": 40, "Ruta": "1V19" }, "geometry": { "type": "Point", "coordinates": [ -63.5440626, -31.3663944 ] } },
{ "type": "Feature", "properties": { "Name": "273", "P.K.": "PK273", "Al.Dist. Izq.": 10, "Al.Dist. Der.": 40, "Ruta": "1V19" }, "geometry": { "type": "Point", "coordinates": [ -63.5514667, -31.3651231 ] } },
{ "type": "Feature", "properties": { "Name": "273.04", "P.K.": null, "Al.Dist. Izq.": 10, "Al.Dist. Der.": 40, "Ruta": "1V19" }, "geometry": { "type": "Point", "coordinates": [ -63.5518724, -31.3650536 ] } },
{ "type": "Feature", "properties": { "Name": "274", "P.K.": "PK274", "Al.Dist. Izq.": 10, "Al.Dist. Der.": 40, "Ruta": "1V19" }, "geometry": { "type": "Point", "coordinates": [ -63.5616093, -31.3633818 ] } },
{ "type": "Feature", "properties": { "Name": "274.32", "P.K.": null, "Al.Dist. Izq.": 10, "Al.Dist. Der.": 40, "Ruta": "1V19" }, "geometry": { "type": "Point", "coordinates": [ -63.5648557, -31.3628288 ] } },
{ "type": "Feature", "properties": { "Name": "274.37", "P.K.": null, "Al.Dist. Izq.": 10, "Al.Dist. Der.": 40, "Ruta": "1V19" }, "geometry": { "type": "Point", "coordinates": [ -63.565363, -31.3627425 ] } },
{ "type": "Feature", "properties": { "Name": "274.81", "P.K.": null, "Al.Dist. Izq.": 10, "Al.Dist. Der.": 40, "Ruta": "1V19" }, "geometry": { "type": "Point", "coordinates": [ -63.569489, -31.361218 ] } },
{ "type": "Feature", "properties": { "Name": "275", "P.K.": "PK275", "Al.Dist. Izq.": 10, "Al.Dist. Der.": 40, "Ruta": "1V19" }, "geometry": { "type": "Point", "coordinates": [ -63.5712527, -31.3601573 ] } },
{ "type": "Feature", "properties": { "Name": "275.39", "P.K.": null, "Al.Dist. Izq.": 10, "Al.Dist. Der.": 40, "Ruta": "1V19" }, "geometry": { "type": "Point", "coordinates": [ -63.5746852, -31.3580772 ] } },
{ "type": "Feature", "properties": { "Name": "276", "P.K.": "PK276", "Al.Dist. Izq.": 10, "Al.Dist. Der.": 40, "Ruta": "1V19" }, "geometry": { "type": "Point", "coordinates": [ -63.5800438, -31.3548074 ] } },
{ "type": "Feature", "properties": { "Name": "277", "P.K.": "PK277", "Al.Dist. Izq.": 10, "Al.Dist. Der.": 40, "Ruta": "1V19" }, "geometry": { "type": "Point", "coordinates": [ -63.5888283, -31.3494466 ] } },
{ "type": "Feature", "properties": { "Name": "277.49", "P.K.": null, "Al.Dist. Izq.": 10, "Al.Dist. Der.": 40, "Ruta": "1V19" }, "geometry": { "type": "Point", "coordinates": [ -63.5931395, -31.3468309 ] } },
{ "type": "Feature", "properties": { "Name": "277.8", "P.K.": null, "Al.Dist. Izq.": 10, "Al.Dist. Der.": 40, "Ruta": "1V19" }, "geometry": { "type": "Point", "coordinates": [ -63.5958818, -31.3452015 ] } },
{ "type": "Feature", "properties": { "Name": "277.98", "P.K.": null, "Al.Dist. Izq.": 10, "Al.Dist. Der.": 40, "Ruta": "1V19" }, "geometry": { "type": "Point", "coordinates": [ -63.5974866, -31.344279 ] } },
{ "type": "Feature", "properties": { "Name": "277.98", "P.K.": null, "Al.Dist. Izq.": 10, "Al.Dist. Der.": 40, "Ruta": "1V19" }, "geometry": { "type": "Point", "coordinates": [ -63.5974866, -31.344279 ] } },
{ "type": "Feature", "properties": { "Name": "278", "P.K.": "PK278", "Al.Dist. Izq.": 10, "Al.Dist. Der.": 40, "Ruta": "1V19" }, "geometry": { "type": "Point", "coordinates": [ -63.5976585, -31.3441657 ] } },
{ "type": "Feature", "properties": { "Name": "278.28", "P.K.": null, "Al.Dist. Izq.": 10, "Al.Dist. Der.": 40, "Ruta": "1V19" }, "geometry": { "type": "Point", "coordinates": [ -63.6002002, -31.3428227 ] } },
{ "type": "Feature", "properties": { "Name": "278.33", "P.K.": null, "Al.Dist. Izq.": 10, "Al.Dist. Der.": 40, "Ruta": "1V19" }, "geometry": { "type": "Point", "coordinates": [ -63.6006835, -31.3426463 ] } },
{ "type": "Feature", "properties": { "Name": "278.45", "P.K.": null, "Al.Dist. Izq.": 10, "Al.Dist. Der.": 40, "Ruta": "1V19" }, "geometry": { "type": "Point", "coordinates": [ -63.6018414, -31.3422192 ] } },
{ "type": "Feature", "properties": { "Name": "278.45", "P.K.": null, "Al.Dist. Izq.": 10, "Al.Dist. Der.": 40, "Ruta": "1V19" }, "geometry": { "type": "Point", "coordinates": [ -63.6018414, -31.3422192 ] } },
{ "type": "Feature", "properties": { "Name": "279", "P.K.": "PK279", "Al.Dist. Izq.": 10, "Al.Dist. Der.": 40, "Ruta": "1V19" }, "geometry": { "type": "Point", "coordinates": [ -63.6069373, -31.3397571 ] } },
{ "type": "Feature", "properties": { "Name": "279.26", "P.K.": null, "Al.Dist. Izq.": 10, "Al.Dist. Der.": 40, "Ruta": "1V19" }, "geometry": { "type": "Point", "coordinates": [ -63.6092479, -31.3386257 ] } },
{ "type": "Feature", "properties": { "Name": "279.27", "P.K.": null, "Al.Dist. Izq.": 10, "Al.Dist. Der.": 40, "Ruta": "1V19" }, "geometry": { "type": "Point", "coordinates": [ -63.6093403, -31.3385803 ] } },
{ "type": "Feature", "properties": { "Name": "279.42", "P.K.": null, "Al.Dist. Izq.": 10, "Al.Dist. Der.": 40, "Ruta": "1V19" }, "geometry": { "type": "Point", "coordinates": [ -63.6105993, -31.337961 ] } },
{ "type": "Feature", "properties": { "Name": "279.53", "P.K.": null, "Al.Dist. Izq.": 10, "Al.Dist. Der.": 40, "Ruta": "1V19" }, "geometry": { "type": "Point", "coordinates": [ -63.6114378, -31.3375465 ] } },
{ "type": "Feature", "properties": { "Name": "279.6", "P.K.": null, "Al.Dist. Izq.": 10, "Al.Dist. Der.": 40, "Ruta": "1V19" }, "geometry": { "type": "Point", "coordinates": [ -63.612, -31.3373 ] } },
{ "type": "Feature", "properties": { "Name": "279.75", "P.K.": null, "Al.Dist. Izq.": 10, "Al.Dist. Der.": 40, "Ruta": "1V19" }, "geometry": { "type": "Point", "coordinates": [ -63.6132794, -31.3366281 ] } },
{ "type": "Feature", "properties": { "Name": "279.75", "P.K.": null, "Al.Dist. Izq.": 10, "Al.Dist. Der.": 40, "Ruta": "1V19" }, "geometry": { "type": "Point", "coordinates": [ -63.6132794, -31.3366281 ] } },
{ "type": "Feature", "properties": { "Name": "279.84", "P.K.": null, "Al.Dist. Izq.": 10, "Al.Dist. Der.": 40, "Ruta": "1V19" }, "geometry": { "type": "Point", "coordinates": [ -63.6139448, -31.3362857 ] } },
{ "type": "Feature", "properties": { "Name": "279.84", "P.K.": null, "Al.Dist. Izq.": null, "Al.Dist. Der.": null, "Ruta": "1V19" }, "geometry": { "type": "Point", "coordinates": [ -63.6139448, -31.3362857 ] } },
{ "type": "Feature", "properties": { "Name": "279.91", "P.K.": null, "Al.Dist. Izq.": null, "Al.Dist. Der.": null, "Ruta": "1V19" }, "geometry": { "type": "Point", "coordinates": [ -63.6145155, -31.3360067 ] } },
{ "type": "Feature", "properties": { "Name": "279.91", "P.K.": null, "Al.Dist. Izq.": null, "Al.Dist. Der.": null, "Ruta": "1V19" }, "geometry": { "type": "Point", "coordinates": [ -63.6145155, -31.3360067 ] } },
{ "type": "Feature", "properties": { "Name": "279.92", "P.K.": null, "Al.Dist. Izq.": null, "Al.Dist. Der.": null, "Ruta": "1V19" }, "geometry": { "type": "Point", "coordinates": [ -63.6146034, -31.3359637 ] } },
{ "type": "Feature", "properties": { "Name": "279.92", "P.K.": null, "Al.Dist. Izq.": null, "Al.Dist. Der.": null, "Ruta": "1V19" }, "geometry": { "type": "Point", "coordinates": [ -63.6146034, -31.3359637 ] } },
{ "type": "Feature", "properties": { "Name": "279.93", "P.K.": null, "Al.Dist. Izq.": null, "Al.Dist. Der.": null, "Ruta": "1V19" }, "geometry": { "type": "Point", "coordinates": [ -63.6147, -31.3359 ] } },
{ "type": "Feature", "properties": { "Name": "279.97", "P.K.": null, "Al.Dist. Izq.": null, "Al.Dist. Der.": null, "Ruta": "1V19" }, "geometry": { "type": "Point", "coordinates": [ -63.6150425, -31.3357475 ] } },
{ "type": "Feature", "properties": { "Name": "280", "P.K.": "PK280", "Al.Dist. Izq.": null, "Al.Dist. Der.": null, "Ruta": "1V19" }, "geometry": { "type": "Point", "coordinates": [ -63.6155419, -31.3354412 ] } },
{ "type": "Feature", "properties": { "Name": "280.08", "P.K.": null, "Al.Dist. Izq.": null, "Al.Dist. Der.": null, "Ruta": "1V19" }, "geometry": { "type": "Point", "coordinates": [ -63.6160929, -31.334887 ] } },
{ "type": "Feature", "properties": { "Name": "280.14", "P.K.": null, "Al.Dist. Izq.": null, "Al.Dist. Der.": null, "Ruta": "1V19" }, "geometry": { "type": "Point", "coordinates": [ -63.6164217, -31.3345253 ] } },
{ "type": "Feature", "properties": { "Name": "280.16", "P.K.": null, "Al.Dist. Izq.": null, "Al.Dist. Der.": null, "Ruta": "1V19" }, "geometry": { "type": "Point", "coordinates": [ -63.6166, -31.3344 ] } },
{ "type": "Feature", "properties": { "Name": "280.21", "P.K.": null, "Al.Dist. Izq.": null, "Al.Dist. Der.": null, "Ruta": "1V19" }, "geometry": { "type": "Point", "coordinates": [ -63.6170143, -31.3341853 ] } },
{ "type": "Feature", "properties": { "Name": "280.45", "P.K.": null, "Al.Dist. Izq.": null, "Al.Dist. Der.": null, "Ruta": "1V19" }, "geometry": { "type": "Point", "coordinates": [ -63.619, -31.3332 ] } },
{ "type": "Feature", "properties": { "Name": "280.58", "P.K.": null, "Al.Dist. Izq.": null, "Al.Dist. Der.": null, "Ruta": "1V19" }, "geometry": { "type": "Point", "coordinates": [ -63.62009, -31.3326762 ] } },
{ "type": "Feature", "properties": { "Name": "280.82", "P.K.": null, "Al.Dist. Izq.": null, "Al.Dist. Der.": null, "Ruta": "1V19" }, "geometry": { "type": "Point", "coordinates": [ -63.6221, -31.3317 ] } },
{ "type": "Feature", "properties": { "Name": "281.57", "P.K.": null, "Al.Dist. Izq.": null, "Al.Dist. Der.": null, "Ruta": "1V19" }, "geometry": { "type": "Point", "coordinates": [ -63.6288748, -31.3287067 ] } },
{ "type": "Feature", "properties": { "Name": "281.57", "P.K.": null, "Al.Dist. Izq.": 10, "Al.Dist. Der.": 40, "Ruta": "1V19" }, "geometry": { "type": "Point", "coordinates": [ -63.6288748, -31.3287067 ] } },
{ "type": "Feature", "properties": { "Name": "281.69", "P.K.": null, "Al.Dist. Izq.": 10, "Al.Dist. Der.": 40, "Ruta": "1V19" }, "geometry": { "type": "Point", "coordinates": [ -63.63, -31.3283 ] } },
{ "type": "Feature", "properties": { "Name": "281.73", "P.K.": null, "Al.Dist. Izq.": 10, "Al.Dist. Der.": 40, "Ruta": "1V19" }, "geometry": { "type": "Point", "coordinates": [ -63.6302536, -31.3282212 ] } },
{ "type": "Feature", "properties": { "Name": "281.81", "P.K.": null, "Al.Dist. Izq.": 10, "Al.Dist. Der.": 40, "Ruta": "1V19" }, "geometry": { "type": "Point", "coordinates": [ -63.631, -31.3279 ] } },
{ "type": "Feature", "properties": { "Name": "281.94", "P.K.": null, "Al.Dist. Izq.": 10, "Al.Dist. Der.": 40, "Ruta": "1V19" }, "geometry": { "type": "Point", "coordinates": [ -63.6320096, -31.3273558 ] } },
{ "type": "Feature", "properties": { "Name": "281.94", "P.K.": null, "Al.Dist. Izq.": 10, "Al.Dist. Der.": 40, "Ruta": "1V19" }, "geometry": { "type": "Point", "coordinates": [ -63.6320096, -31.3273558 ] } },
{ "type": "Feature", "properties": { "Name": "282", "P.K.": "PK282", "Al.Dist. Izq.": 10, "Al.Dist. Der.": 40, "Ruta": "1V19" }, "geometry": { "type": "Point", "coordinates": [ -63.6329753, -31.3268794 ] } },
{ "type": "Feature", "properties": { "Name": "282.29", "P.K.": null, "Al.Dist. Izq.": 10, "Al.Dist. Der.": 40, "Ruta": "1V19" }, "geometry": { "type": "Point", "coordinates": [ -63.6355188, -31.3256189 ] } },
{ "type": "Feature", "properties": { "Name": "282.33", "P.K.": null, "Al.Dist. Izq.": 10, "Al.Dist. Der.": 40, "Ruta": "1V19" }, "geometry": { "type": "Point", "coordinates": [ -63.6358695, -31.3254448 ] } },
{ "type": "Feature", "properties": { "Name": "282.35", "P.K.": null, "Al.Dist. Izq.": 10, "Al.Dist. Der.": 40, "Ruta": "1V19" }, "geometry": { "type": "Point", "coordinates": [ -63.636, -31.3254 ] } },
{ "type": "Feature", "properties": { "Name": "282.36", "P.K.": null, "Al.Dist. Izq.": 10, "Al.Dist. Der.": 40, "Ruta": "1V19" }, "geometry": { "type": "Point", "coordinates": [ -63.6361325, -31.3253143 ] } },
{ "type": "Feature", "properties": { "Name": "282.38", "P.K.": null, "Al.Dist. Izq.": 10, "Al.Dist. Der.": 40, "Ruta": "1V19" }, "geometry": { "type": "Point", "coordinates": [ -63.6363187, -31.3252222 ] } },
{ "type": "Feature", "properties": { "Name": "282.39", "P.K.": null, "Al.Dist. Izq.": 10, "Al.Dist. Der.": 40, "Ruta": "1V19" }, "geometry": { "type": "Point", "coordinates": [ -63.6364118, -31.3251762 ] } },
{ "type": "Feature", "properties": { "Name": "282.49", "P.K.": null, "Al.Dist. Izq.": 10, "Al.Dist. Der.": 40, "Ruta": "1V19" }, "geometry": { "type": "Point", "coordinates": [ -63.6373439, -31.3247178 ] } },
{ "type": "Feature", "properties": { "Name": "283", "P.K.": "PK283", "Al.Dist. Izq.": 10, "Al.Dist. Der.": 40, "Ruta": "1V19" }, "geometry": { "type": "Point", "coordinates": [ -63.6420979, -31.3223812 ] } },
{ "type": "Feature", "properties": { "Name": "283.56", "P.K.": null, "Al.Dist. Izq.": 10, "Al.Dist. Der.": 40, "Ruta": "1V19" }, "geometry": { "type": "Point", "coordinates": [ -63.6472203, -31.3198523 ] } },
{ "type": "Feature", "properties": { "Name": "283.64", "P.K.": null, "Al.Dist. Izq.": 10, "Al.Dist. Der.": 40, "Ruta": "1V19" }, "geometry": { "type": "Point", "coordinates": [ -63.648, -31.3195 ] } },
{ "type": "Feature", "properties": { "Name": "284", "P.K.": "PK284", "Al.Dist. Izq.": 10, "Al.Dist. Der.": 40, "Ruta": "1V19" }, "geometry": { "type": "Point", "coordinates": [ -63.6514133, -31.3177871 ] } },
{ "type": "Feature", "properties": { "Name": "284.67", "P.K.": null, "Al.Dist. Izq.": 10, "Al.Dist. Der.": 40, "Ruta": "1V19" }, "geometry": { "type": "Point", "coordinates": [ -63.656348, -31.31539 ] } },
{ "type": "Feature", "properties": { "Name": "285", "P.K.": "PK285", "Al.Dist. Izq.": 10, "Al.Dist. Der.": 40, "Ruta": "1V19" }, "geometry": { "type": "Point", "coordinates": [ -63.660732, -31.3131996 ] } },
{ "type": "Feature", "properties": { "Name": "285.45", "P.K.": null, "Al.Dist. Izq.": 10, "Al.Dist. Der.": 40, "Ruta": "1V19" }, "geometry": { "type": "Point", "coordinates": [ -63.664878, -31.31118 ] } },
{ "type": "Feature", "properties": { "Name": "285.45", "P.K.": null, "Al.Dist. Izq.": 10, "Al.Dist. Der.": 40, "Ruta": "1V19" }, "geometry": { "type": "Point", "coordinates": [ -63.664878, -31.31118 ] } },
{ "type": "Feature", "properties": { "Name": "293.54", "P.K.": null, "Al.Dist. Izq.": null, "Al.Dist. Der.": null, "Ruta": "1V19" }, "geometry": { "type": "Point", "coordinates": [ -63.742737, -31.296816 ] } },
{ "type": "Feature", "properties": { "Name": "293.54", "P.K.": null, "Al.Dist. Izq.": null, "Al.Dist. Der.": null, "Ruta": "1V19" }, "geometry": { "type": "Point", "coordinates": [ -63.742737, -31.296816 ] } },
{ "type": "Feature", "properties": { "Name": "293.57", "P.K.": null, "Al.Dist. Izq.": null, "Al.Dist. Der.": null, "Ruta": "1V19" }, "geometry": { "type": "Point", "coordinates": [ -63.7430239, -31.2968584 ] } },
{ "type": "Feature", "properties": { "Name": "293.66", "P.K.": null, "Al.Dist. Izq.": null, "Al.Dist. Der.": null, "Ruta": "1V19" }, "geometry": { "type": "Point", "coordinates": [ -63.7439374, -31.2970747 ] } },
{ "type": "Feature", "properties": { "Name": "293.81", "P.K.": null, "Al.Dist. Izq.": null, "Al.Dist. Der.": null, "Ruta": "1V19" }, "geometry": { "type": "Point", "coordinates": [ -63.7454599, -31.2974352 ] } },
{ "type": "Feature", "properties": { "Name": "294", "P.K.": "PK294", "Al.Dist. Izq.": null, "Al.Dist. Der.": null, "Ruta": "1V19" }, "geometry": { "type": "Point", "coordinates": [ -63.7473888, -31.2978904 ] } },
{ "type": "Feature", "properties": { "Name": "294.53", "P.K.": null, "Al.Dist. Izq.": null, "Al.Dist. Der.": null, "Ruta": "1V19" }, "geometry": { "type": "Point", "coordinates": [ -63.7527667, -31.2991713 ] } },
{ "type": "Feature", "properties": { "Name": "294.53", "P.K.": null, "Al.Dist. Izq.": 10, "Al.Dist. Der.": 40, "Ruta": "1V19" }, "geometry": { "type": "Point", "coordinates": [ -63.7527667, -31.2991713 ] } },
{ "type": "Feature", "properties": { "Name": "294.54", "P.K.": null, "Al.Dist. Izq.": 10, "Al.Dist. Der.": 40, "Ruta": "1V19" }, "geometry": { "type": "Point", "coordinates": [ -63.7528688, -31.2991927 ] } },
{ "type": "Feature", "properties": { "Name": "294.62", "P.K.": null, "Al.Dist. Izq.": 10, "Al.Dist. Der.": 40, "Ruta": "1V19" }, "geometry": { "type": "Point", "coordinates": [ -63.753698, -31.2992672 ] } },
{ "type": "Feature", "properties": { "Name": "294.62", "P.K.": null, "Al.Dist. Izq.": null, "Al.Dist. Der.": null, "Ruta": "1V19" }, "geometry": { "type": "Point", "coordinates": [ -63.753698, -31.2992672 ] } },
{ "type": "Feature", "properties": { "Name": "294.71", "P.K.": null, "Al.Dist. Izq.": null, "Al.Dist. Der.": null, "Ruta": "1V19" }, "geometry": { "type": "Point", "coordinates": [ -63.7546364, -31.2992494 ] } },
{ "type": "Feature", "properties": { "Name": "294.8", "P.K.": null, "Al.Dist. Izq.": null, "Al.Dist. Der.": null, "Ruta": "1V19" }, "geometry": { "type": "Point", "coordinates": [ -63.7555701, -31.2993251 ] } },
{ "type": "Feature", "properties": { "Name": "294.81", "P.K.": null, "Al.Dist. Izq.": null, "Al.Dist. Der.": null, "Ruta": "1V19" }, "geometry": { "type": "Point", "coordinates": [ -63.7556727, -31.2993439 ] } },
{ "type": "Feature", "properties": { "Name": "294.81", "P.K.": null, "Al.Dist. Izq.": null, "Al.Dist. Der.": null, "Ruta": "1V19" }, "geometry": { "type": "Point", "coordinates": [ -63.7556727, -31.2993439 ] } },
{ "type": "Feature", "properties": { "Name": "294.83", "P.K.": null, "Al.Dist. Izq.": null, "Al.Dist. Der.": null, "Ruta": "1V19" }, "geometry": { "type": "Point", "coordinates": [ -63.7558765, -31.2993884 ] } },
{ "type": "Feature", "properties": { "Name": "294.94", "P.K.": null, "Al.Dist. Izq.": null, "Al.Dist. Der.": null, "Ruta": "1V19" }, "geometry": { "type": "Point", "coordinates": [ -63.757, -31.2997 ] } },
{ "type": "Feature", "properties": { "Name": "295.06", "P.K.": null, "Al.Dist. Izq.": null, "Al.Dist. Der.": null, "Ruta": "1V19" }, "geometry": { "type": "Point", "coordinates": [ -63.7581, -31.2999 ] } },
{ "type": "Feature", "properties": { "Name": "295.18", "P.K.": null, "Al.Dist. Izq.": null, "Al.Dist. Der.": null, "Ruta": "1V19" }, "geometry": { "type": "Point", "coordinates": [ -63.7593, -31.3002 ] } },
{ "type": "Feature", "properties": { "Name": "295.31", "P.K.": null, "Al.Dist. Izq.": null, "Al.Dist. Der.": null, "Ruta": "1V19" }, "geometry": { "type": "Point", "coordinates": [ -63.7606, -31.3005 ] } },
{ "type": "Feature", "properties": { "Name": "295.42", "P.K.": null, "Al.Dist. Izq.": null, "Al.Dist. Der.": null, "Ruta": "1V19" }, "geometry": { "type": "Point", "coordinates": [ -63.761762, -31.3007893 ] } },
{ "type": "Feature", "properties": { "Name": "295.42", "P.K.": null, "Al.Dist. Izq.": null, "Al.Dist. Der.": null, "Ruta": "1V19" }, "geometry": { "type": "Point", "coordinates": [ -63.761762, -31.3007893 ] } },
{ "type": "Feature", "properties": { "Name": "295.44", "P.K.": null, "Al.Dist. Izq.": null, "Al.Dist. Der.": null, "Ruta": "1V19" }, "geometry": { "type": "Point", "coordinates": [ -63.7619648, -31.300838 ] } },
{ "type": "Feature", "properties": { "Name": "295.55", "P.K.": null, "Al.Dist. Izq.": null, "Al.Dist. Der.": null, "Ruta": "1V19" }, "geometry": { "type": "Point", "coordinates": [ -63.7630504, -31.3011963 ] } },
{ "type": "Feature", "properties": { "Name": "295.61", "P.K.": null, "Al.Dist. Izq.": null, "Al.Dist. Der.": null, "Ruta": "1V19" }, "geometry": { "type": "Point", "coordinates": [ -63.7636073, -31.3014818 ] } },
{ "type": "Feature", "properties": { "Name": "295.61", "P.K.": null, "Al.Dist. Izq.": 10, "Al.Dist. Der.": 40, "Ruta": "1V19" }, "geometry": { "type": "Point", "coordinates": [ -63.7636073, -31.3014818 ] } },
{ "type": "Feature", "properties": { "Name": "295.79", "P.K.": null, "Al.Dist. Izq.": 10, "Al.Dist. Der.": 40, "Ruta": "1V19" }, "geometry": { "type": "Point", "coordinates": [ -63.7653523, -31.302155 ] } },
{ "type": "Feature", "properties": { "Name": "296", "P.K.": "PK296", "Al.Dist. Izq.": 10, "Al.Dist. Der.": 40, "Ruta": "1V19" }, "geometry": { "type": "Point", "coordinates": [ -63.7675853, -31.3026838 ] } },
{ "type": "Feature", "properties": { "Name": "296.25", "P.K.": null, "Al.Dist. Izq.": 10, "Al.Dist. Der.": 40, "Ruta": "1V19" }, "geometry": { "type": "Point", "coordinates": [ -63.7701246, -31.3032772 ] } },
{ "type": "Feature", "properties": { "Name": "296.29", "P.K.": null, "Al.Dist. Izq.": 10, "Al.Dist. Der.": 40, "Ruta": "1V19" }, "geometry": { "type": "Point", "coordinates": [ -63.770525, -31.303389 ] } },
{ "type": "Feature", "properties": { "Name": "296.29", "P.K.": null, "Al.Dist. Izq.": 10, "Al.Dist. Der.": 40, "Ruta": "1V19" }, "geometry": { "type": "Point", "coordinates": [ -63.770525, -31.303389 ] } },
{ "type": "Feature", "properties": { "Name": "301.48", "P.K.": null, "Al.Dist. Izq.": 10, "Al.Dist. Der.": 40, "Ruta": "1V19" }, "geometry": { "type": "Point", "coordinates": [ -63.823175, -31.315857 ] } },
{ "type": "Feature", "properties": { "Name": "301.48", "P.K.": null, "Al.Dist. Izq.": 10, "Al.Dist. Der.": 40, "Ruta": "1V19" }, "geometry": { "type": "Point", "coordinates": [ -63.823175, -31.315857 ] } },
{ "type": "Feature", "properties": { "Name": "301.64", "P.K.": null, "Al.Dist. Izq.": 10, "Al.Dist. Der.": 40, "Ruta": "1V19" }, "geometry": { "type": "Point", "coordinates": [ -63.8248349, -31.3162288 ] } },
{ "type": "Feature", "properties": { "Name": "302", "P.K.": "PK302", "Al.Dist. Izq.": 10, "Al.Dist. Der.": 40, "Ruta": "1V19" }, "geometry": { "type": "Point", "coordinates": [ -63.8284889, -31.3170943 ] } },
{ "type": "Feature", "properties": { "Name": "303", "P.K.": "PK303", "Al.Dist. Izq.": 10, "Al.Dist. Der.": 40, "Ruta": "1V19" }, "geometry": { "type": "Point", "coordinates": [ -63.8386392, -31.319497 ] } },
{ "type": "Feature", "properties": { "Name": "303.55", "P.K.": null, "Al.Dist. Izq.": 10, "Al.Dist. Der.": 40, "Ruta": "1V19" }, "geometry": { "type": "Point", "coordinates": [ -63.8442225, -31.3208162 ] } },
{ "type": "Feature", "properties": { "Name": "303.57", "P.K.": null, "Al.Dist. Izq.": 10, "Al.Dist. Der.": 40, "Ruta": "1V19" }, "geometry": { "type": "Point", "coordinates": [ -63.8444255, -31.3208644 ] } },
{ "type": "Feature", "properties": { "Name": "303.65", "P.K.": null, "Al.Dist. Izq.": 10, "Al.Dist. Der.": 40, "Ruta": "1V19" }, "geometry": { "type": "Point", "coordinates": [ -63.8452374, -31.3210571 ] } },
{ "type": "Feature", "properties": { "Name": "303.82", "P.K.": null, "Al.Dist. Izq.": 10, "Al.Dist. Der.": 40, "Ruta": "1V19" }, "geometry": { "type": "Point", "coordinates": [ -63.8469627, -31.3214666 ] } },
{ "type": "Feature", "properties": { "Name": "303.91", "P.K.": null, "Al.Dist. Izq.": 10, "Al.Dist. Der.": 40, "Ruta": "1V19" }, "geometry": { "type": "Point", "coordinates": [ -63.8478761, -31.3216834 ] } },
{ "type": "Feature", "properties": { "Name": "303.95", "P.K.": null, "Al.Dist. Izq.": 10, "Al.Dist. Der.": 40, "Ruta": "1V19" }, "geometry": { "type": "Point", "coordinates": [ -63.8482822, -31.3217795 ] } },
{ "type": "Feature", "properties": { "Name": "304", "P.K.": "PK304", "Al.Dist. Izq.": 10, "Al.Dist. Der.": 40, "Ruta": "1V19" }, "geometry": { "type": "Point", "coordinates": [ -63.8487899, -31.3218988 ] } },
{ "type": "Feature", "properties": { "Name": "304.52", "P.K.": null, "Al.Dist. Izq.": 10, "Al.Dist. Der.": 40, "Ruta": "1V19" }, "geometry": { "type": "Point", "coordinates": [ -63.8533591, -31.3229733 ] } },
{ "type": "Feature", "properties": { "Name": "304.85", "P.K.": null, "Al.Dist. Izq.": 10, "Al.Dist. Der.": 40, "Ruta": "1V19" }, "geometry": { "type": "Point", "coordinates": [ -63.856202, -31.3236427 ] } },
{ "type": "Feature", "properties": { "Name": "305", "P.K.": "PK305", "Al.Dist. Izq.": 10, "Al.Dist. Der.": 40, "Ruta": "1V19" }, "geometry": { "type": "Point", "coordinates": [ -63.8589426, -31.3242916 ] } },
{ "type": "Feature", "properties": { "Name": "305.5", "P.K.": null, "Al.Dist. Izq.": 10, "Al.Dist. Der.": 40, "Ruta": "1V19" }, "geometry": { "type": "Point", "coordinates": [ -63.8639, -31.3255 ] } },
{ "type": "Feature", "properties": { "Name": "305.56", "P.K.": null, "Al.Dist. Izq.": 10, "Al.Dist. Der.": 40, "Ruta": "1V19" }, "geometry": { "type": "Point", "coordinates": [ -63.8645254, -31.3256127 ] } },
{ "type": "Feature", "properties": { "Name": "305.62", "P.K.": null, "Al.Dist. Izq.": 10, "Al.Dist. Der.": 40, "Ruta": "1V19" }, "geometry": { "type": "Point", "coordinates": [ -63.865205, -31.325806 ] } },
{ "type": "Feature", "properties": { "Name": "305.62", "P.K.": null, "Al.Dist. Izq.": 10, "Al.Dist. Der.": 40, "Ruta": "1V19" }, "geometry": { "type": "Point", "coordinates": [ -63.865205, -31.325806 ] } },
{ "type": "Feature", "properties": { "Name": "309.75", "P.K.": null, "Al.Dist. Izq.": null, "Al.Dist. Der.": null, "Ruta": "1V19" }, "geometry": { "type": "Point", "coordinates": [ -63.906698, -31.338128 ] } },
{ "type": "Feature", "properties": { "Name": "309.75", "P.K.": null, "Al.Dist. Izq.": null, "Al.Dist. Der.": null, "Ruta": "1V19" }, "geometry": { "type": "Point", "coordinates": [ -63.906698, -31.338128 ] } },
{ "type": "Feature", "properties": { "Name": "310.15", "P.K.": null, "Al.Dist. Izq.": null, "Al.Dist. Der.": null, "Ruta": "1V19" }, "geometry": { "type": "Point", "coordinates": [ -63.9103664, -31.3368892 ] } },
{ "type": "Feature", "properties": { "Name": "310.19", "P.K.": null, "Al.Dist. Izq.": null, "Al.Dist. Der.": null, "Ruta": "1V19" }, "geometry": { "type": "Point", "coordinates": [ -63.910764, -31.3369816 ] } },
{ "type": "Feature", "properties": { "Name": "310.19", "P.K.": null, "Al.Dist. Izq.": 40, "Al.Dist. Der.": 10, "Ruta": "1V19" }, "geometry": { "type": "Point", "coordinates": [ -63.910764, -31.3369816 ] } },
{ "type": "Feature", "properties": { "Name": "310.25", "P.K.": null, "Al.Dist. Izq.": 40, "Al.Dist. Der.": 10, "Ruta": "1V19" }, "geometry": { "type": "Point", "coordinates": [ -63.9113605, -31.3371202 ] } },
{ "type": "Feature", "properties": { "Name": "310.47", "P.K.": null, "Al.Dist. Izq.": 40, "Al.Dist. Der.": 10, "Ruta": "1V19" }, "geometry": { "type": "Point", "coordinates": [ -63.9134472, -31.3376091 ] } },
{ "type": "Feature", "properties": { "Name": "310.57", "P.K.": null, "Al.Dist. Izq.": 40, "Al.Dist. Der.": 10, "Ruta": "1V19" }, "geometry": { "type": "Point", "coordinates": [ -63.9144405, -31.3378439 ] } },
{ "type": "Feature", "properties": { "Name": "310.66", "P.K.": null, "Al.Dist. Izq.": 40, "Al.Dist. Der.": 10, "Ruta": "1V19" }, "geometry": { "type": "Point", "coordinates": [ -63.9153344, -31.3380553 ] } },
{ "type": "Feature", "properties": { "Name": "310.7", "P.K.": null, "Al.Dist. Izq.": 40, "Al.Dist. Der.": 10, "Ruta": "1V19" }, "geometry": { "type": "Point", "coordinates": [ -63.9157316, -31.3381492 ] } },
{ "type": "Feature", "properties": { "Name": "310.72", "P.K.": null, "Al.Dist. Izq.": 40, "Al.Dist. Der.": 10, "Ruta": "1V19" }, "geometry": { "type": "Point", "coordinates": [ -63.9159303, -31.3381962 ] } },
{ "type": "Feature", "properties": { "Name": "310.74", "P.K.": null, "Al.Dist. Izq.": 40, "Al.Dist. Der.": 10, "Ruta": "1V19" }, "geometry": { "type": "Point", "coordinates": [ -63.9161289, -31.3382432 ] } },
{ "type": "Feature", "properties": { "Name": "311", "P.K.": "PK311", "Al.Dist. Izq.": 40, "Al.Dist. Der.": 10, "Ruta": "1V19" }, "geometry": { "type": "Point", "coordinates": [ -63.9188117, -31.3388728 ] } },
{ "type": "Feature", "properties": { "Name": "311.31", "P.K.": null, "Al.Dist. Izq.": 40, "Al.Dist. Der.": 10, "Ruta": "1V19" }, "geometry": { "type": "Point", "coordinates": [ -63.9218914, -31.3395975 ] } },
{ "type": "Feature", "properties": { "Name": "311.33", "P.K.": null, "Al.Dist. Izq.": 40, "Al.Dist. Der.": 10, "Ruta": "1V19" }, "geometry": { "type": "Point", "coordinates": [ -63.92209, -31.3396446 ] } },
{ "type": "Feature", "properties": { "Name": "311.97", "P.K.": null, "Al.Dist. Izq.": 40, "Al.Dist. Der.": 10, "Ruta": "1V19" }, "geometry": { "type": "Point", "coordinates": [ -63.9283466, -31.3411268 ] } },
{ "type": "Feature", "properties": { "Name": "311.97", "P.K.": null, "Al.Dist. Izq.": 40, "Al.Dist. Der.": 10, "Ruta": "1V19" }, "geometry": { "type": "Point", "coordinates": [ -63.9283466, -31.3411268 ] } },
{ "type": "Feature", "properties": { "Name": "312", "P.K.": "PK312", "Al.Dist. Izq.": 40, "Al.Dist. Der.": 10, "Ruta": "1V19" }, "geometry": { "type": "Point", "coordinates": [ -63.9287439, -31.3412209 ] } },
{ "type": "Feature", "properties": { "Name": "312.04", "P.K.": null, "Al.Dist. Izq.": 40, "Al.Dist. Der.": 10, "Ruta": "1V19" }, "geometry": { "type": "Point", "coordinates": [ -63.9291411, -31.3413149 ] } },
{ "type": "Feature", "properties": { "Name": "312.04", "P.K.": null, "Al.Dist. Izq.": null, "Al.Dist. Der.": null, "Ruta": "1V19" }, "geometry": { "type": "Point", "coordinates": [ -63.9291411, -31.3413149 ] } },
{ "type": "Feature", "properties": { "Name": "312.27", "P.K.": null, "Al.Dist. Izq.": null, "Al.Dist. Der.": null, "Ruta": "1V19" }, "geometry": { "type": "Point", "coordinates": [ -63.9314269, -31.3418492 ] } },
{ "type": "Feature", "properties": { "Name": "312.66", "P.K.": null, "Al.Dist. Izq.": null, "Al.Dist. Der.": null, "Ruta": "1V19" }, "geometry": { "type": "Point", "coordinates": [ -63.9353029, -31.3427546 ] } },
{ "type": "Feature", "properties": { "Name": "312.78", "P.K.": null, "Al.Dist. Izq.": null, "Al.Dist. Der.": null, "Ruta": "1V19" }, "geometry": { "type": "Point", "coordinates": [ -63.9364932, -31.3430426 ] } },
{ "type": "Feature", "properties": { "Name": "312.78", "P.K.": null, "Al.Dist. Izq.": null, "Al.Dist. Der.": null, "Ruta": "1V19" }, "geometry": { "type": "Point", "coordinates": [ -63.9364932, -31.3430426 ] } },
{ "type": "Feature", "properties": { "Name": "312.84", "P.K.": null, "Al.Dist. Izq.": null, "Al.Dist. Der.": null, "Ruta": "1V19" }, "geometry": { "type": "Point", "coordinates": [ -63.9370999, -31.3431878 ] } },
{ "type": "Feature", "properties": { "Name": "312.86", "P.K.": null, "Al.Dist. Izq.": null, "Al.Dist. Der.": null, "Ruta": "1V19" }, "geometry": { "type": "Point", "coordinates": [ -63.9373, -31.3432 ] } },
{ "type": "Feature", "properties": { "Name": "312.87", "P.K.": null, "Al.Dist. Izq.": null, "Al.Dist. Der.": null, "Ruta": "1V19" }, "geometry": { "type": "Point", "coordinates": [ -63.9374012, -31.3432679 ] } },
{ "type": "Feature", "properties": { "Name": "312.93", "P.K.": null, "Al.Dist. Izq.": null, "Al.Dist. Der.": null, "Ruta": "1V19" }, "geometry": { "type": "Point", "coordinates": [ -63.9379809, -31.3434965 ] } },
{ "type": "Feature", "properties": { "Name": "312.99", "P.K.": null, "Al.Dist. Izq.": null, "Al.Dist. Der.": null, "Ruta": "1V19" }, "geometry": { "type": "Point", "coordinates": [ -63.9385421, -31.3437687 ] } },
{ "type": "Feature", "properties": { "Name": "313", "P.K.": "PK313", "Al.Dist. Izq.": null, "Al.Dist. Der.": null, "Ruta": "1V19" }, "geometry": { "type": "Point", "coordinates": [ -63.9386344, -31.3438165 ] } },
{ "type": "Feature", "properties": { "Name": "313.11", "P.K.": null, "Al.Dist. Izq.": null, "Al.Dist. Der.": null, "Ruta": "1V19" }, "geometry": { "type": "Point", "coordinates": [ -63.9395813, -31.3444519 ] } },
{ "type": "Feature", "properties": { "Name": "313.16", "P.K.": null, "Al.Dist. Izq.": null, "Al.Dist. Der.": null, "Ruta": "1V19" }, "geometry": { "type": "Point", "coordinates": [ -63.9399693, -31.3447975 ] } },
{ "type": "Feature", "properties": { "Name": "313.18", "P.K.": null, "Al.Dist. Izq.": null, "Al.Dist. Der.": null, "Ruta": "1V19" }, "geometry": { "type": "Point", "coordinates": [ -63.940121, -31.3449397 ] } },
{ "type": "Feature", "properties": { "Name": "313.22", "P.K.": null, "Al.Dist. Izq.": null, "Al.Dist. Der.": null, "Ruta": "1V19" }, "geometry": { "type": "Point", "coordinates": [ -63.9404, -31.3452 ] } },
{ "type": "Feature", "properties": { "Name": "313.35", "P.K.": null, "Al.Dist. Izq.": null, "Al.Dist. Der.": null, "Ruta": "1V19" }, "geometry": { "type": "Point", "coordinates": [ -63.9414, -31.3462 ] } },
{ "type": "Feature", "properties": { "Name": "313.46", "P.K.": null, "Al.Dist. Izq.": null, "Al.Dist. Der.": null, "Ruta": "1V19" }, "geometry": { "type": "Point", "coordinates": [ -63.9422, -31.3469 ] } },
{ "type": "Feature", "properties": { "Name": "313.48", "P.K.": null, "Al.Dist. Izq.": null, "Al.Dist. Der.": null, "Ruta": "1V19" }, "geometry": { "type": "Point", "coordinates": [ -63.9423932, -31.3470756 ] } },
{ "type": "Feature", "properties": { "Name": "313.48", "P.K.": null, "Al.Dist. Izq.": null, "Al.Dist. Der.": null, "Ruta": "1V19" }, "geometry": { "type": "Point", "coordinates": [ -63.9423932, -31.3470756 ] } },
{ "type": "Feature", "properties": { "Name": "313.52", "P.K.": null, "Al.Dist. Izq.": null, "Al.Dist. Der.": null, "Ruta": "1V19" }, "geometry": { "type": "Point", "coordinates": [ -63.9427009, -31.3473554 ] } },
{ "type": "Feature", "properties": { "Name": "313.55", "P.K.": null, "Al.Dist. Izq.": null, "Al.Dist. Der.": null, "Ruta": "1V19" }, "geometry": { "type": "Point", "coordinates": [ -63.9429317, -31.3475652 ] } },
{ "type": "Feature", "properties": { "Name": "313.61", "P.K.": null, "Al.Dist. Izq.": null, "Al.Dist. Der.": null, "Ruta": "1V19" }, "geometry": { "type": "Point", "coordinates": [ -63.943387, -31.3479914 ] } },
{ "type": "Feature", "properties": { "Name": "313.64", "P.K.": null, "Al.Dist. Izq.": null, "Al.Dist. Der.": null, "Ruta": "1V19" }, "geometry": { "type": "Point", "coordinates": [ -63.9436, -31.3482 ] } },
{ "type": "Feature", "properties": { "Name": "313.68", "P.K.": null, "Al.Dist. Izq.": null, "Al.Dist. Der.": null, "Ruta": "1V19" }, "geometry": { "type": "Point", "coordinates": [ -63.9439124, -31.348495 ] } },
{ "type": "Feature", "properties": { "Name": "313.69", "P.K.": null, "Al.Dist. Izq.": null, "Al.Dist. Der.": null, "Ruta": "1V19" }, "geometry": { "type": "Point", "coordinates": [ -63.9439875, -31.3485669 ] } },
{ "type": "Feature", "properties": { "Name": "313.7", "P.K.": null, "Al.Dist. Izq.": null, "Al.Dist. Der.": null, "Ruta": "1V19" }, "geometry": { "type": "Point", "coordinates": [ -63.9441, -31.3486 ] } },
{ "type": "Feature", "properties": { "Name": "313.7", "P.K.": null, "Al.Dist. Izq.": null, "Al.Dist. Der.": null, "Ruta": "1V19" }, "geometry": { "type": "Point", "coordinates": [ -63.9441, -31.3486 ] } },
{ "type": "Feature", "properties": { "Name": "313.75", "P.K.": null, "Al.Dist. Izq.": null, "Al.Dist. Der.": null, "Ruta": "1V19" }, "geometry": { "type": "Point", "coordinates": [ -63.9444378, -31.3489985 ] } },
{ "type": "Feature", "properties": { "Name": "313.8", "P.K.": null, "Al.Dist. Izq.": null, "Al.Dist. Der.": null, "Ruta": "1V19" }, "geometry": { "type": "Point", "coordinates": [ -63.9448131, -31.3493582 ] } },
{ "type": "Feature", "properties": { "Name": "313.96", "P.K.": null, "Al.Dist. Izq.": null, "Al.Dist. Der.": null, "Ruta": "1V19" }, "geometry": { "type": "Point", "coordinates": [ -63.9460175, -31.3505054 ] } },
{ "type": "Feature", "properties": { "Name": "314", "P.K.": "PK314", "Al.Dist. Izq.": null, "Al.Dist. Der.": null, "Ruta": "1V19" }, "geometry": { "type": "Point", "coordinates": [ -63.9463224, -31.3507882 ] } },
{ "type": "Feature", "properties": { "Name": "314.08", "P.K.": null, "Al.Dist. Izq.": null, "Al.Dist. Der.": null, "Ruta": "1V19" }, "geometry": { "type": "Point", "coordinates": [ -63.9469491, -31.3513346 ] } },
{ "type": "Feature", "properties": { "Name": "314.08", "P.K.": null, "Al.Dist. Izq.": null, "Al.Dist. Der.": null, "Ruta": "1V19" }, "geometry": { "type": "Point", "coordinates": [ -63.9469491, -31.3513346 ] } },
{ "type": "Feature", "properties": { "Name": "314.17", "P.K.": null, "Al.Dist. Izq.": null, "Al.Dist. Der.": null, "Ruta": "1V19" }, "geometry": { "type": "Point", "coordinates": [ -63.9477099, -31.3518779 ] } },
{ "type": "Feature", "properties": { "Name": "314.36", "P.K.": null, "Al.Dist. Izq.": null, "Al.Dist. Der.": null, "Ruta": "1V19" }, "geometry": { "type": "Point", "coordinates": [ -63.9494756, -31.3527525 ] } },
{ "type": "Feature", "properties": { "Name": "314.44", "P.K.": null, "Al.Dist. Izq.": null, "Al.Dist. Der.": null, "Ruta": "1V19" }, "geometry": { "type": "Point", "coordinates": [ -63.9502687, -31.3530014 ] } },
{ "type": "Feature", "properties": { "Name": "314.54", "P.K.": null, "Al.Dist. Izq.": null, "Al.Dist. Der.": null, "Ruta": "1V19" }, "geometry": { "type": "Point", "coordinates": [ -63.9511679, -31.3532599 ] } },
{ "type": "Feature", "properties": { "Name": "314.54", "P.K.": null, "Al.Dist. Izq.": 60, "Al.Dist. Der.": 60, "Ruta": "1V19" }, "geometry": { "type": "Point", "coordinates": [ -63.9511679, -31.3532599 ] } },
{ "type": "Feature", "properties": { "Name": "314.61", "P.K.": null, "Al.Dist. Izq.": 60, "Al.Dist. Der.": 60, "Ruta": "1V19" }, "geometry": { "type": "Point", "coordinates": [ -63.9518685, -31.3534567 ] } },
{ "type": "Feature", "properties": { "Name": "314.83", "P.K.": null, "Al.Dist. Izq.": 60, "Al.Dist. Der.": 60, "Ruta": "1V19" }, "geometry": { "type": "Point", "coordinates": [ -63.9540703, -31.3540757 ] } },
{ "type": "Feature", "properties": { "Name": "315", "P.K.": "PK315", "Al.Dist. Izq.": 60, "Al.Dist. Der.": 60, "Ruta": "1V19" }, "geometry": { "type": "Point", "coordinates": [ -63.9558717, -31.3545825 ] } },
{ "type": "Feature", "properties": { "Name": "315.38", "P.K.": null, "Al.Dist. Izq.": 60, "Al.Dist. Der.": 60, "Ruta": "1V19" }, "geometry": { "type": "Point", "coordinates": [ -63.9596742, -31.3556536 ] } },
{ "type": "Feature", "properties": { "Name": "315.54", "P.K.": null, "Al.Dist. Izq.": 60, "Al.Dist. Der.": 60, "Ruta": "1V19" }, "geometry": { "type": "Point", "coordinates": [ -63.9612749, -31.356106 ] } },
{ "type": "Feature", "properties": { "Name": "315.63", "P.K.": null, "Al.Dist. Izq.": 60, "Al.Dist. Der.": 60, "Ruta": "1V19" }, "geometry": { "type": "Point", "coordinates": [ -63.9621753, -31.3563604 ] } },
{ "type": "Feature", "properties": { "Name": "315.73", "P.K.": null, "Al.Dist. Izq.": 60, "Al.Dist. Der.": 60, "Ruta": "1V19" }, "geometry": { "type": "Point", "coordinates": [ -63.9631757, -31.3566431 ] } },
{ "type": "Feature", "properties": { "Name": "315.76", "P.K.": null, "Al.Dist. Izq.": 60, "Al.Dist. Der.": 60, "Ruta": "1V19" }, "geometry": { "type": "Point", "coordinates": [ -63.9634759, -31.3567279 ] } },
{ "type": "Feature", "properties": { "Name": "315.78", "P.K.": null, "Al.Dist. Izq.": 60, "Al.Dist. Der.": 60, "Ruta": "1V19" }, "geometry": { "type": "Point", "coordinates": [ -63.9636759, -31.3567844 ] } },
{ "type": "Feature", "properties": { "Name": "316", "P.K.": "PK316", "Al.Dist. Izq.": 60, "Al.Dist. Der.": 60, "Ruta": "1V19" }, "geometry": { "type": "Point", "coordinates": [ -63.9658759, -31.3574098 ] } },
{ "type": "Feature", "properties": { "Name": "316.06", "P.K.": null, "Al.Dist. Izq.": 60, "Al.Dist. Der.": 60, "Ruta": "1V19" }, "geometry": { "type": "Point", "coordinates": [ -63.966486, -31.357552 ] } }
]
}
