{
"type": "FeatureCollection",
"name": "MOJONES RN A019",
"features": [
{ "type": "Feature", "properties": { "Name": "0", "P.K.": null, "Al.Dist. Izq.": null, "Al.Dist. Der.": null, "Ruta": "A019" }, "geometry": { "type": "Point", "coordinates": [ -64.124639, -31.443514 ] } },
{ "type": "Feature", "properties": { "Name": "0", "P.K.": null, "Al.Dist. Izq.": null, "Al.Dist. Der.": null, "Ruta": "A019" }, "geometry": { "type": "Point", "coordinates": [ -64.124451, -31.443703 ] } },
{ "type": "Feature", "properties": { "Name": "0.21", "P.K.": null, "Al.Dist. Izq.": null, "Al.Dist. Der.": null, "Ruta": "A019" }, "geometry": { "type": "Point", "coordinates": [ -64.1261619, -31.4450415 ] } },
{ "type": "Feature", "properties": { "Name": "0.44", "P.K.": null, "Al.Dist. Izq.": null, "Al.Dist. Der.": null, "Ruta": "A019" }, "geometry": { "type": "Point", "coordinates": [ -64.1283342, -31.446039 ] } },
{ "type": "Feature", "properties": { "Name": "0.52", "P.K.": null, "Al.Dist. Izq.": null, "Al.Dist. Der.": null, "Ruta": "A019" }, "geometry": { "type": "Point", "coordinates": [ -64.1289901, -31.4465047 ] } },
{ "type": "Feature", "properties": { "Name": "0.58", "P.K.": null, "Al.Dist. Izq.": null, "Al.Dist. Der.": null, "Ruta": "A019" }, "geometry": { "type": "Point", "coordinates": [ -64.129177, -31.44704 ] } },
{ "type": "Feature", "properties": { "Name": "0.6", "P.K.": null, "Al.Dist. Izq.": null, "Al.Dist. Der.": null, "Ruta": "A019" }, "geometry": { "type": "Point", "coordinates": [ -64.12957, -31.446968 ] } },
{ "type": "Feature", "properties": { "Name": "0.65", "P.K.": null, "Al.Dist. Izq.": null, "Al.Dist. Der.": null, "Ruta": "A019" }, "geometry": { "type": "Point", "coordinates": [ -64.1299713, -31.4472208 ] } },
{ "type": "Feature", "properties": { "Name": "0.73", "P.K.": null, "Al.Dist. Izq.": null, "Al.Dist. Der.": null, "Ruta": "A019" }, "geometry": { "type": "Point", "coordinates": [ -64.1304226, -31.4479623 ] } },
{ "type": "Feature", "properties": { "Name": "0.74", "P.K.": null, "Al.Dist. Izq.": null, "Al.Dist. Der.": null, "Ruta": "A019" }, "geometry": { "type": "Point", "coordinates": [ -64.1305644, -31.4480699 ] } },
{ "type": "Feature", "properties": { "Name": "0.76", "P.K.": null, "Al.Dist. Izq.": null, "Al.Dist. Der.": null, "Ruta": "A019" }, "geometry": { "type": "Point", "coordinates": [ -64.1309341, -31.4478881 ] } },
{ "type": "Feature", "properties": { "Name": "0.77", "P.K.": null, "Al.Dist. Izq.": null, "Al.Dist. Der.": null, "Ruta": "A019" }, "geometry": { "type": "Point", "coordinates": [ -64.130772, -31.448207 ] } },
{ "type": "Feature", "properties": { "Name": "0.94", "P.K.": null, "Al.Dist. Izq.": null, "Al.Dist. Der.": null, "Ruta": "A019" }, "geometry": { "type": "Point", "coordinates": [ -64.132181, -31.4492395 ] } },
{ "type": "Feature", "properties": { "Name": "1.08", "P.K.": null, "Al.Dist. Izq.": null, "Al.Dist. Der.": null, "Ruta": "A019" }, "geometry": { "type": "Point", "coordinates": [ -64.133452, -31.449693 ] } },
{ "type": "Feature", "properties": { "Name": "1.08", "P.K.": null, "Al.Dist. Izq.": null, "Al.Dist. Der.": null, "Ruta": "A019" }, "geometry": { "type": "Point", "coordinates": [ -64.13319, -31.449844 ] } },
{ "type": "Feature", "properties": { "Name": "1.45", "P.K.": null, "Al.Dist. Izq.": null, "Al.Dist. Der.": null, "Ruta": "A019" }, "geometry": { "type": "Point", "coordinates": [ -64.136354, -31.4520642 ] } },
{ "type": "Feature", "properties": { "Name": "1.58", "P.K.": null, "Al.Dist. Izq.": null, "Al.Dist. Der.": null, "Ruta": "A019" }, "geometry": { "type": "Point", "coordinates": [ -64.137568, -31.452595 ] } },
{ "type": "Feature", "properties": { "Name": "1.59", "P.K.": null, "Al.Dist. Izq.": null, "Al.Dist. Der.": null, "Ruta": "A019" }, "geometry": { "type": "Point", "coordinates": [ -64.1376425, -31.4525883 ] } },
{ "type": "Feature", "properties": { "Name": "1.61", "P.K.": null, "Al.Dist. Izq.": null, "Al.Dist. Der.": null, "Ruta": "A019" }, "geometry": { "type": "Point", "coordinates": [ -64.13779, -31.45278 ] } },
{ "type": "Feature", "properties": { "Name": "1.61", "P.K.": null, "Al.Dist. Izq.": 70, "Al.Dist. Der.": 40, "Ruta": "A019" }, "geometry": { "type": "Point", "coordinates": [ -64.13779, -31.45278 ] } },
{ "type": "Feature", "properties": { "Name": "1.7", "P.K.": null, "Al.Dist. Izq.": 70, "Al.Dist. Der.": 40, "Ruta": "A019" }, "geometry": { "type": "Point", "coordinates": [ -64.1383323, -31.4535558 ] } },
{ "type": "Feature", "properties": { "Name": "1.71", "P.K.": null, "Al.Dist. Izq.": 70, "Al.Dist. Der.": 40, "Ruta": "A019" }, "geometry": { "type": "Point", "coordinates": [ -64.1386601, -31.4532918 ] } },
{ "type": "Feature", "properties": { "Name": "1.73", "P.K.": null, "Al.Dist. Izq.": 70, "Al.Dist. Der.": 40, "Ruta": "A019" }, "geometry": { "type": "Point", "coordinates": [ -64.1387889, -31.4534604 ] } },
{ "type": "Feature", "properties": { "Name": "1.85", "P.K.": null, "Al.Dist. Izq.": 70, "Al.Dist. Der.": 40, "Ruta": "A019" }, "geometry": { "type": "Point", "coordinates": [ -64.1397848, -31.4541192 ] } },
{ "type": "Feature", "properties": { "Name": "1.87", "P.K.": null, "Al.Dist. Izq.": 70, "Al.Dist. Der.": 40, "Ruta": "A019" }, "geometry": { "type": "Point", "coordinates": [ -64.1399298, -31.4541708 ] } },
{ "type": "Feature", "properties": { "Name": "1.88", "P.K.": null, "Al.Dist. Izq.": 70, "Al.Dist. Der.": 40, "Ruta": "A019" }, "geometry": { "type": "Point", "coordinates": [ -64.139776, -31.4545534 ] } },
{ "type": "Feature", "properties": { "Name": "2.05", "P.K.": null, "Al.Dist. Izq.": 70, "Al.Dist. Der.": 40, "Ruta": "A019" }, "geometry": { "type": "Point", "coordinates": [ -64.1413647, -31.4552443 ] } },
{ "type": "Feature", "properties": { "Name": "2.08", "P.K.": null, "Al.Dist. Izq.": 70, "Al.Dist. Der.": 40, "Ruta": "A019" }, "geometry": { "type": "Point", "coordinates": [ -64.1414502, -31.4556633 ] } },
{ "type": "Feature", "properties": { "Name": "2.24", "P.K.": null, "Al.Dist. Izq.": 70, "Al.Dist. Der.": 40, "Ruta": "A019" }, "geometry": { "type": "Point", "coordinates": [ -64.1430297, -31.4562825 ] } },
{ "type": "Feature", "properties": { "Name": "2.38", "P.K.": null, "Al.Dist. Izq.": 70, "Al.Dist. Der.": 40, "Ruta": "A019" }, "geometry": { "type": "Point", "coordinates": [ -64.14409, -31.45714 ] } },
{ "type": "Feature", "properties": { "Name": "2.38", "P.K.": null, "Al.Dist. Izq.": null, "Al.Dist. Der.": null, "Ruta": "A019" }, "geometry": { "type": "Point", "coordinates": [ -64.14409, -31.45714 ] } },
{ "type": "Feature", "properties": { "Name": "2.54", "P.K.": null, "Al.Dist. Izq.": null, "Al.Dist. Der.": null, "Ruta": "A019" }, "geometry": { "type": "Point", "coordinates": [ -64.1452114, -31.4583648 ] } },
{ "type": "Feature", "properties": { "Name": "2.68", "P.K.": null, "Al.Dist. Izq.": null, "Al.Dist. Der.": null, "Ruta": "A019" }, "geometry": { "type": "Point", "coordinates": [ -64.1465229, -31.4588697 ] } },
{ "type": "Feature", "properties": { "Name": "2.92", "P.K.": null, "Al.Dist. Izq.": null, "Al.Dist. Der.": null, "Ruta": "A019" }, "geometry": { "type": "Point", "coordinates": [ -64.148448, -31.460216 ] } },
{ "type": "Feature", "properties": { "Name": "2.92", "P.K.": null, "Al.Dist. Izq.": null, "Al.Dist. Der.": null, "Ruta": "A019" }, "geometry": { "type": "Point", "coordinates": [ -64.148271, -31.460405 ] } },
{ "type": "Feature", "properties": { "Name": "2.94", "P.K.": null, "Al.Dist. Izq.": null, "Al.Dist. Der.": null, "Ruta": "A019" }, "geometry": { "type": "Point", "coordinates": [ -64.1486, -31.4604 ] } },
{ "type": "Feature", "properties": { "Name": "2.97", "P.K.": null, "Al.Dist. Izq.": null, "Al.Dist. Der.": null, "Ruta": "A019" }, "geometry": { "type": "Point", "coordinates": [ -64.1488695, -31.4605236 ] } },
{ "type": "Feature", "properties": { "Name": "3.17", "P.K.": null, "Al.Dist. Izq.": null, "Al.Dist. Der.": null, "Ruta": "A019" }, "geometry": { "type": "Point", "coordinates": [ -64.1503369, -31.4619669 ] } },
{ "type": "Feature", "properties": { "Name": "3.18", "P.K.": null, "Al.Dist. Izq.": null, "Al.Dist. Der.": null, "Ruta": "A019" }, "geometry": { "type": "Point", "coordinates": [ -64.150612, -31.461701 ] } },
{ "type": "Feature", "properties": { "Name": "3.18", "P.K.": null, "Al.Dist. Izq.": null, "Al.Dist. Der.": null, "Ruta": "A019" }, "geometry": { "type": "Point", "coordinates": [ -64.150506, -31.461967 ] } },
{ "type": "Feature", "properties": { "Name": "3.23", "P.K.": null, "Al.Dist. Izq.": null, "Al.Dist. Der.": null, "Ruta": "A019" }, "geometry": { "type": "Point", "coordinates": [ -64.15099, -31.46202 ] } },
{ "type": "Feature", "properties": { "Name": "3.23", "P.K.": null, "Al.Dist. Izq.": 70, "Al.Dist. Der.": 40, "Ruta": "A019" }, "geometry": { "type": "Point", "coordinates": [ -64.15099, -31.46202 ] } },
{ "type": "Feature", "properties": { "Name": "3.34", "P.K.": null, "Al.Dist. Izq.": 70, "Al.Dist. Der.": 40, "Ruta": "A019" }, "geometry": { "type": "Point", "coordinates": [ -64.1517462, -31.4628784 ] } },
{ "type": "Feature", "properties": { "Name": "3.47", "P.K.": null, "Al.Dist. Izq.": 70, "Al.Dist. Der.": 40, "Ruta": "A019" }, "geometry": { "type": "Point", "coordinates": [ -64.1527577, -31.4636503 ] } },
{ "type": "Feature", "properties": { "Name": "3.71", "P.K.": null, "Al.Dist. Izq.": 70, "Al.Dist. Der.": 40, "Ruta": "A019" }, "geometry": { "type": "Point", "coordinates": [ -64.15488, -31.46477 ] } },
{ "type": "Feature", "properties": { "Name": "3.72", "P.K.": null, "Al.Dist. Izq.": 70, "Al.Dist. Der.": 40, "Ruta": "A019" }, "geometry": { "type": "Point", "coordinates": [ -64.1550627, -31.4647665 ] } },
{ "type": "Feature", "properties": { "Name": "3.72", "P.K.": null, "Al.Dist. Izq.": 70, "Al.Dist. Der.": 40, "Ruta": "A019" }, "geometry": { "type": "Point", "coordinates": [ -64.1548586, -31.4650624 ] } },
{ "type": "Feature", "properties": { "Name": "3.79", "P.K.": null, "Al.Dist. Izq.": 70, "Al.Dist. Der.": 40, "Ruta": "A019" }, "geometry": { "type": "Point", "coordinates": [ -64.155626, -31.4651402 ] } },
{ "type": "Feature", "properties": { "Name": "3.87", "P.K.": null, "Al.Dist. Izq.": 70, "Al.Dist. Der.": 40, "Ruta": "A019" }, "geometry": { "type": "Point", "coordinates": [ -64.1561118, -31.4658311 ] } },
{ "type": "Feature", "properties": { "Name": "3.93", "P.K.": null, "Al.Dist. Izq.": 70, "Al.Dist. Der.": 40, "Ruta": "A019" }, "geometry": { "type": "Point", "coordinates": [ -64.1567596, -31.4658348 ] } },
{ "type": "Feature", "properties": { "Name": "3.95", "P.K.": null, "Al.Dist. Izq.": 70, "Al.Dist. Der.": 40, "Ruta": "A019" }, "geometry": { "type": "Point", "coordinates": [ -64.1567478, -31.466331 ] } },
{ "type": "Feature", "properties": { "Name": "4.03", "P.K.": null, "Al.Dist. Izq.": 70, "Al.Dist. Der.": 40, "Ruta": "A019" }, "geometry": { "type": "Point", "coordinates": [ -64.1574657, -31.4666851 ] } },
{ "type": "Feature", "properties": { "Name": "4.08", "P.K.": null, "Al.Dist. Izq.": 70, "Al.Dist. Der.": 40, "Ruta": "A019" }, "geometry": { "type": "Point", "coordinates": [ -64.1580779, -31.4666184 ] } },
{ "type": "Feature", "properties": { "Name": "4.18", "P.K.": null, "Al.Dist. Izq.": 70, "Al.Dist. Der.": 40, "Ruta": "A019" }, "geometry": { "type": "Point", "coordinates": [ -64.158944, -31.4673462 ] } },
{ "type": "Feature", "properties": { "Name": "4.26", "P.K.": null, "Al.Dist. Izq.": 70, "Al.Dist. Der.": 40, "Ruta": "A019" }, "geometry": { "type": "Point", "coordinates": [ -64.1597194, -31.4675781 ] } },
{ "type": "Feature", "properties": { "Name": "4.26", "P.K.": null, "Al.Dist. Izq.": 70, "Al.Dist. Der.": 40, "Ruta": "A019" }, "geometry": { "type": "Point", "coordinates": [ -64.1598062, -31.4673525 ] } },
{ "type": "Feature", "properties": { "Name": "4.38", "P.K.": null, "Al.Dist. Izq.": 70, "Al.Dist. Der.": 40, "Ruta": "A019" }, "geometry": { "type": "Point", "coordinates": [ -64.1608676, -31.4680762 ] } },
{ "type": "Feature", "properties": { "Name": "4.58", "P.K.": null, "Al.Dist. Izq.": 70, "Al.Dist. Der.": 40, "Ruta": "A019" }, "geometry": { "type": "Point", "coordinates": [ -64.1630034, -31.4682519 ] } },
{ "type": "Feature", "properties": { "Name": "4.58", "P.K.": null, "Al.Dist. Izq.": null, "Al.Dist. Der.": null, "Ruta": "A019" }, "geometry": { "type": "Point", "coordinates": [ -64.1630034, -31.4682519 ] } },
{ "type": "Feature", "properties": { "Name": "4.75", "P.K.": null, "Al.Dist. Izq.": null, "Al.Dist. Der.": null, "Ruta": "A019" }, "geometry": { "type": "Point", "coordinates": [ -64.1646853, -31.4685618 ] } },
{ "type": "Feature", "properties": { "Name": "4.91", "P.K.": null, "Al.Dist. Izq.": null, "Al.Dist. Der.": null, "Ruta": "A019" }, "geometry": { "type": "Point", "coordinates": [ -64.1663604, -31.4691492 ] } },
{ "type": "Feature", "properties": { "Name": "5.02", "P.K.": null, "Al.Dist. Izq.": null, "Al.Dist. Der.": null, "Ruta": "A019" }, "geometry": { "type": "Point", "coordinates": [ -64.1674931, -31.4692365 ] } },
{ "type": "Feature", "properties": { "Name": "5.04", "P.K.": null, "Al.Dist. Izq.": null, "Al.Dist. Der.": null, "Ruta": "A019" }, "geometry": { "type": "Point", "coordinates": [ -64.1677285, -31.4692144 ] } },
{ "type": "Feature", "properties": { "Name": "5.07", "P.K.": null, "Al.Dist. Izq.": null, "Al.Dist. Der.": null, "Ruta": "A019" }, "geometry": { "type": "Point", "coordinates": [ -64.1680736, -31.4688754 ] } },
{ "type": "Feature", "properties": { "Name": "5.13", "P.K.": null, "Al.Dist. Izq.": null, "Al.Dist. Der.": null, "Ruta": "A019" }, "geometry": { "type": "Point", "coordinates": [ -64.1686565, -31.4687686 ] } },
{ "type": "Feature", "properties": { "Name": "5.15", "P.K.": null, "Al.Dist. Izq.": null, "Al.Dist. Der.": null, "Ruta": "A019" }, "geometry": { "type": "Point", "coordinates": [ -64.1689492, -31.4687849 ] } },
{ "type": "Feature", "properties": { "Name": "5.19", "P.K.": null, "Al.Dist. Izq.": null, "Al.Dist. Der.": null, "Ruta": "A019" }, "geometry": { "type": "Point", "coordinates": [ -64.1693885, -31.4691965 ] } },
{ "type": "Feature", "properties": { "Name": "5.27", "P.K.": null, "Al.Dist. Izq.": null, "Al.Dist. Der.": null, "Ruta": "A019" }, "geometry": { "type": "Point", "coordinates": [ -64.1701734, -31.4687459 ] } },
{ "type": "Feature", "properties": { "Name": "5.37", "P.K.": null, "Al.Dist. Izq.": null, "Al.Dist. Der.": null, "Ruta": "A019" }, "geometry": { "type": "Point", "coordinates": [ -64.1712251, -31.4691192 ] } },
{ "type": "Feature", "properties": { "Name": "5.4", "P.K.": null, "Al.Dist. Izq.": null, "Al.Dist. Der.": null, "Ruta": "A019" }, "geometry": { "type": "Point", "coordinates": [ -64.17157, -31.46881 ] } },
{ "type": "Feature", "properties": { "Name": "5.4", "P.K.": null, "Al.Dist. Izq.": 70, "Al.Dist. Der.": 50, "Ruta": "A019" }, "geometry": { "type": "Point", "coordinates": [ -64.17157, -31.46881 ] } },
{ "type": "Feature", "properties": { "Name": "5.53", "P.K.": null, "Al.Dist. Izq.": 70, "Al.Dist. Der.": 50, "Ruta": "A019" }, "geometry": { "type": "Point", "coordinates": [ -64.1729608, -31.4690108 ] } },
{ "type": "Feature", "properties": { "Name": "5.84", "P.K.": null, "Al.Dist. Izq.": 70, "Al.Dist. Der.": 50, "Ruta": "A019" }, "geometry": { "type": "Point", "coordinates": [ -64.176147, -31.4684236 ] } },
{ "type": "Feature", "properties": { "Name": "5.9", "P.K.": null, "Al.Dist. Izq.": 70, "Al.Dist. Der.": 50, "Ruta": "A019" }, "geometry": { "type": "Point", "coordinates": [ -64.1768026, -31.4687939 ] } },
{ "type": "Feature", "properties": { "Name": "5.91", "P.K.": null, "Al.Dist. Izq.": 70, "Al.Dist. Der.": 50, "Ruta": "A019" }, "geometry": { "type": "Point", "coordinates": [ -64.1768654, -31.4684592 ] } },
{ "type": "Feature", "properties": { "Name": "5.94", "P.K.": null, "Al.Dist. Izq.": 70, "Al.Dist. Der.": 50, "Ruta": "A019" }, "geometry": { "type": "Point", "coordinates": [ -64.1771786, -31.4684521 ] } },
{ "type": "Feature", "properties": { "Name": "5.94", "P.K.": null, "Al.Dist. Izq.": 70, "Al.Dist. Der.": 50, "Ruta": "A019" }, "geometry": { "type": "Point", "coordinates": [ -64.1771886, -31.4687197 ] } },
{ "type": "Feature", "properties": { "Name": "5.96", "P.K.": null, "Al.Dist. Izq.": 70, "Al.Dist. Der.": 50, "Ruta": "A019" }, "geometry": { "type": "Point", "coordinates": [ -64.1774659, -31.4684661 ] } },
{ "type": "Feature", "properties": { "Name": "6", "P.K.": null, "Al.Dist. Izq.": 70, "Al.Dist. Der.": 50, "Ruta": "A019" }, "geometry": { "type": "Point", "coordinates": [ -64.1778562, -31.4683561 ] } },
{ "type": "Feature", "properties": { "Name": "6.03", "P.K.": null, "Al.Dist. Izq.": 70, "Al.Dist. Der.": 50, "Ruta": "A019" }, "geometry": { "type": "Point", "coordinates": [ -64.1781814, -31.4686276 ] } },
{ "type": "Feature", "properties": { "Name": "6.09", "P.K.": null, "Al.Dist. Izq.": 70, "Al.Dist. Der.": 50, "Ruta": "A019" }, "geometry": { "type": "Point", "coordinates": [ -64.1787792, -31.4683645 ] } },
{ "type": "Feature", "properties": { "Name": "6.14", "P.K.": null, "Al.Dist. Izq.": 70, "Al.Dist. Der.": 50, "Ruta": "A019" }, "geometry": { "type": "Point", "coordinates": [ -64.1793034, -31.468329 ] } },
{ "type": "Feature", "properties": { "Name": "6.16", "P.K.": null, "Al.Dist. Izq.": 70, "Al.Dist. Der.": 50, "Ruta": "A019" }, "geometry": { "type": "Point", "coordinates": [ -64.1795305, -31.4682282 ] } },
{ "type": "Feature", "properties": { "Name": "6.18", "P.K.": null, "Al.Dist. Izq.": 70, "Al.Dist. Der.": 50, "Ruta": "A019" }, "geometry": { "type": "Point", "coordinates": [ -64.1797226, -31.4686064 ] } },
{ "type": "Feature", "properties": { "Name": "6.3", "P.K.": null, "Al.Dist. Izq.": 70, "Al.Dist. Der.": 50, "Ruta": "A019" }, "geometry": { "type": "Point", "coordinates": [ -64.1810069, -31.4685216 ] } },
{ "type": "Feature", "properties": { "Name": "6.39", "P.K.": null, "Al.Dist. Izq.": 70, "Al.Dist. Der.": 50, "Ruta": "A019" }, "geometry": { "type": "Point", "coordinates": [ -64.18194, -31.46817 ] } },
{ "type": "Feature", "properties": { "Name": "6.39", "P.K.": null, "Al.Dist. Izq.": null, "Al.Dist. Der.": null, "Ruta": "A019" }, "geometry": { "type": "Point", "coordinates": [ -64.18194, -31.46817 ] } },
{ "type": "Feature", "properties": { "Name": "6.5", "P.K.": null, "Al.Dist. Izq.": null, "Al.Dist. Der.": null, "Ruta": "A019" }, "geometry": { "type": "Point", "coordinates": [ -64.1830528, -31.4679337 ] } },
{ "type": "Feature", "properties": { "Name": "6.56", "P.K.": null, "Al.Dist. Izq.": null, "Al.Dist. Der.": null, "Ruta": "A019" }, "geometry": { "type": "Point", "coordinates": [ -64.1837007, -31.4682736 ] } },
{ "type": "Feature", "properties": { "Name": "6.56", "P.K.": null, "Al.Dist. Izq.": null, "Al.Dist. Der.": null, "Ruta": "A019" }, "geometry": { "type": "Point", "coordinates": [ -64.1836821, -31.4678936 ] } },
{ "type": "Feature", "properties": { "Name": "6.67", "P.K.": null, "Al.Dist. Izq.": null, "Al.Dist. Der.": null, "Ruta": "A019" }, "geometry": { "type": "Point", "coordinates": [ -64.1848825, -31.4678884 ] } },
{ "type": "Feature", "properties": { "Name": "6.77", "P.K.": null, "Al.Dist. Izq.": null, "Al.Dist. Der.": null, "Ruta": "A019" }, "geometry": { "type": "Point", "coordinates": [ -64.1859794, -31.4681772 ] } },
{ "type": "Feature", "properties": { "Name": "6.78", "P.K.": null, "Al.Dist. Izq.": null, "Al.Dist. Der.": null, "Ruta": "A019" }, "geometry": { "type": "Point", "coordinates": [ -64.1860677, -31.4677663 ] } },
{ "type": "Feature", "properties": { "Name": "6.87", "P.K.": null, "Al.Dist. Izq.": null, "Al.Dist. Der.": null, "Ruta": "A019" }, "geometry": { "type": "Point", "coordinates": [ -64.1870065, -31.4681607 ] } },
{ "type": "Feature", "properties": { "Name": "6.91", "P.K.": null, "Al.Dist. Izq.": null, "Al.Dist. Der.": null, "Ruta": "A019" }, "geometry": { "type": "Point", "coordinates": [ -64.1873782, -31.4677976 ] } },
{ "type": "Feature", "properties": { "Name": "6.95", "P.K.": null, "Al.Dist. Izq.": null, "Al.Dist. Der.": null, "Ruta": "A019" }, "geometry": { "type": "Point", "coordinates": [ -64.1877525, -31.4676639 ] } },
{ "type": "Feature", "properties": { "Name": "6.98", "P.K.": null, "Al.Dist. Izq.": null, "Al.Dist. Der.": null, "Ruta": "A019" }, "geometry": { "type": "Point", "coordinates": [ -64.1881022, -31.4676308 ] } },
{ "type": "Feature", "properties": { "Name": "7.06", "P.K.": null, "Al.Dist. Izq.": null, "Al.Dist. Der.": null, "Ruta": "A019" }, "geometry": { "type": "Point", "coordinates": [ -64.1889511, -31.4680105 ] } },
{ "type": "Feature", "properties": { "Name": "7.1", "P.K.": null, "Al.Dist. Izq.": null, "Al.Dist. Der.": null, "Ruta": "A019" }, "geometry": { "type": "Point", "coordinates": [ -64.189424, -31.4675505 ] } },
{ "type": "Feature", "properties": { "Name": "7.15", "P.K.": null, "Al.Dist. Izq.": null, "Al.Dist. Der.": null, "Ruta": "A019" }, "geometry": { "type": "Point", "coordinates": [ -64.1899744, -31.4679107 ] } },
{ "type": "Feature", "properties": { "Name": "7.24", "P.K.": null, "Al.Dist. Izq.": null, "Al.Dist. Der.": null, "Ruta": "A019" }, "geometry": { "type": "Point", "coordinates": [ -64.1908699, -31.4674603 ] } },
{ "type": "Feature", "properties": { "Name": "7.34", "P.K.": null, "Al.Dist. Izq.": null, "Al.Dist. Der.": null, "Ruta": "A019" }, "geometry": { "type": "Point", "coordinates": [ -64.1919079, -31.4676971 ] } },
{ "type": "Feature", "properties": { "Name": "7.36", "P.K.": null, "Al.Dist. Izq.": null, "Al.Dist. Der.": null, "Ruta": "A019" }, "geometry": { "type": "Point", "coordinates": [ -64.1921637, -31.4675773 ] } },
{ "type": "Feature", "properties": { "Name": "7.36", "P.K.": null, "Al.Dist. Izq.": null, "Al.Dist. Der.": null, "Ruta": "A019" }, "geometry": { "type": "Point", "coordinates": [ -64.1921168, -31.4673139 ] } },
{ "type": "Feature", "properties": { "Name": "7.38", "P.K.": null, "Al.Dist. Izq.": null, "Al.Dist. Der.": null, "Ruta": "A019" }, "geometry": { "type": "Point", "coordinates": [ -64.1923143, -31.4676216 ] } },
{ "type": "Feature", "properties": { "Name": "7.43", "P.K.": null, "Al.Dist. Izq.": 70, "Al.Dist. Der.": 40, "Ruta": "A019" }, "geometry": { "type": "Point", "coordinates": [ -64.1928071, -31.4672587 ] } },
{ "type": "Feature", "properties": { "Name": "7.45", "P.K.": null, "Al.Dist. Izq.": 70, "Al.Dist. Der.": 40, "Ruta": "A019" }, "geometry": { "type": "Point", "coordinates": [ -64.1930609, -31.4675384 ] } },
{ "type": "Feature", "properties": { "Name": "7.52", "P.K.": null, "Al.Dist. Izq.": 70, "Al.Dist. Der.": 40, "Ruta": "A019" }, "geometry": { "type": "Point", "coordinates": [ -64.1937232, -31.4670532 ] } },
{ "type": "Feature", "properties": { "Name": "7.68", "P.K.": null, "Al.Dist. Izq.": 70, "Al.Dist. Der.": 40, "Ruta": "A019" }, "geometry": { "type": "Point", "coordinates": [ -64.1953834, -31.4668692 ] } },
{ "type": "Feature", "properties": { "Name": "7.74", "P.K.": null, "Al.Dist. Izq.": 70, "Al.Dist. Der.": 40, "Ruta": "A019" }, "geometry": { "type": "Point", "coordinates": [ -64.1961243, -31.4670766 ] } },
{ "type": "Feature", "properties": { "Name": "7.79", "P.K.": null, "Al.Dist. Izq.": 70, "Al.Dist. Der.": 40, "Ruta": "A019" }, "geometry": { "type": "Point", "coordinates": [ -64.1965964, -31.466709 ] } },
{ "type": "Feature", "properties": { "Name": "7.88", "P.K.": null, "Al.Dist. Izq.": 70, "Al.Dist. Der.": 40, "Ruta": "A019" }, "geometry": { "type": "Point", "coordinates": [ -64.1974706, -31.4665836 ] } },
{ "type": "Feature", "properties": { "Name": "7.91", "P.K.": null, "Al.Dist. Izq.": 70, "Al.Dist. Der.": 40, "Ruta": "A019" }, "geometry": { "type": "Point", "coordinates": [ -64.1978433, -31.4665255 ] } },
{ "type": "Feature", "properties": { "Name": "7.92", "P.K.": null, "Al.Dist. Izq.": 70, "Al.Dist. Der.": 40, "Ruta": "A019" }, "geometry": { "type": "Point", "coordinates": [ -64.19796, -31.46664 ] } },
{ "type": "Feature", "properties": { "Name": "7.92", "P.K.": null, "Al.Dist. Izq.": null, "Al.Dist. Der.": null, "Ruta": "A019" }, "geometry": { "type": "Point", "coordinates": [ -64.19796, -31.46664 ] } },
{ "type": "Feature", "properties": { "Name": "8", "P.K.": null, "Al.Dist. Izq.": null, "Al.Dist. Der.": null, "Ruta": "A019" }, "geometry": { "type": "Point", "coordinates": [ -64.1987127, -31.466444 ] } },
{ "type": "Feature", "properties": { "Name": "8.02", "P.K.": null, "Al.Dist. Izq.": null, "Al.Dist. Der.": null, "Ruta": "A019" }, "geometry": { "type": "Point", "coordinates": [ -64.1989678, -31.4668115 ] } },
{ "type": "Feature", "properties": { "Name": "8.09", "P.K.": null, "Al.Dist. Izq.": null, "Al.Dist. Der.": null, "Ruta": "A019" }, "geometry": { "type": "Point", "coordinates": [ -64.1996384, -31.466333 ] } },
{ "type": "Feature", "properties": { "Name": "8.21", "P.K.": null, "Al.Dist. Izq.": null, "Al.Dist. Der.": null, "Ruta": "A019" }, "geometry": { "type": "Point", "coordinates": [ -64.2010051, -31.4665232 ] } },
{ "type": "Feature", "properties": { "Name": "8.35", "P.K.": null, "Al.Dist. Izq.": null, "Al.Dist. Der.": null, "Ruta": "A019" }, "geometry": { "type": "Point", "coordinates": [ -64.202433, -31.4660447 ] } },
{ "type": "Feature", "properties": { "Name": "8.4", "P.K.": null, "Al.Dist. Izq.": null, "Al.Dist. Der.": null, "Ruta": "A019" }, "geometry": { "type": "Point", "coordinates": [ -64.20289, -31.46607 ] } },
{ "type": "Feature", "properties": { "Name": "8.41", "P.K.": null, "Al.Dist. Izq.": null, "Al.Dist. Der.": null, "Ruta": "A019" }, "geometry": { "type": "Point", "coordinates": [ -64.20306, -31.465969 ] } },
{ "type": "Feature", "properties": { "Name": "8.42", "P.K.": null, "Al.Dist. Izq.": null, "Al.Dist. Der.": null, "Ruta": "A019" }, "geometry": { "type": "Point", "coordinates": [ -64.2031, -31.466 ] } },
{ "type": "Feature", "properties": { "Name": "8.57", "P.K.": null, "Al.Dist. Izq.": null, "Al.Dist. Der.": null, "Ruta": "A019" }, "geometry": { "type": "Point", "coordinates": [ -64.2047678, -31.4659513 ] } },
{ "type": "Feature", "properties": { "Name": "8.58", "P.K.": null, "Al.Dist. Izq.": null, "Al.Dist. Der.": null, "Ruta": "A019" }, "geometry": { "type": "Point", "coordinates": [ -64.204745, -31.4657222 ] } },
{ "type": "Feature", "properties": { "Name": "8.7", "P.K.": null, "Al.Dist. Izq.": null, "Al.Dist. Der.": null, "Ruta": "A019" }, "geometry": { "type": "Point", "coordinates": [ -64.2060556, -31.4658088 ] } },
{ "type": "Feature", "properties": { "Name": "8.7", "P.K.": null, "Al.Dist. Izq.": null, "Al.Dist. Der.": null, "Ruta": "A019" }, "geometry": { "type": "Point", "coordinates": [ -64.2059908, -31.4655234 ] } },
{ "type": "Feature", "properties": { "Name": "8.72", "P.K.": null, "Al.Dist. Izq.": null, "Al.Dist. Der.": null, "Ruta": "A019" }, "geometry": { "type": "Point", "coordinates": [ -64.2063114, -31.4658451 ] } },
{ "type": "Feature", "properties": { "Name": "8.82", "P.K.": null, "Al.Dist. Izq.": null, "Al.Dist. Der.": null, "Ruta": "A019" }, "geometry": { "type": "Point", "coordinates": [ -64.20728, -31.46542 ] } },
{ "type": "Feature", "properties": { "Name": "8.82", "P.K.": null, "Al.Dist. Izq.": 70, "Al.Dist. Der.": 40, "Ruta": "A019" }, "geometry": { "type": "Point", "coordinates": [ -64.20728, -31.46542 ] } },
{ "type": "Feature", "properties": { "Name": "8.89", "P.K.": null, "Al.Dist. Izq.": 70, "Al.Dist. Der.": 40, "Ruta": "A019" }, "geometry": { "type": "Point", "coordinates": [ -64.2080444, -31.4655949 ] } },
{ "type": "Feature", "properties": { "Name": "8.98", "P.K.": null, "Al.Dist. Izq.": 70, "Al.Dist. Der.": 40, "Ruta": "A019" }, "geometry": { "type": "Point", "coordinates": [ -64.2089071, -31.4650985 ] } },
{ "type": "Feature", "properties": { "Name": "9.05", "P.K.": null, "Al.Dist. Izq.": 70, "Al.Dist. Der.": 40, "Ruta": "A019" }, "geometry": { "type": "Point", "coordinates": [ -64.2096356, -31.465071 ] } },
{ "type": "Feature", "properties": { "Name": "9.1", "P.K.": null, "Al.Dist. Izq.": 70, "Al.Dist. Der.": 40, "Ruta": "A019" }, "geometry": { "type": "Point", "coordinates": [ -64.2102304, -31.4649547 ] } },
{ "type": "Feature", "properties": { "Name": "9.19", "P.K.": null, "Al.Dist. Izq.": 70, "Al.Dist. Der.": 40, "Ruta": "A019" }, "geometry": { "type": "Point", "coordinates": [ -64.2111832, -31.4648472 ] } },
{ "type": "Feature", "properties": { "Name": "9.28", "P.K.": null, "Al.Dist. Izq.": 70, "Al.Dist. Der.": 40, "Ruta": "A019" }, "geometry": { "type": "Point", "coordinates": [ -64.2121418, -31.4650267 ] } },
{ "type": "Feature", "properties": { "Name": "9.28", "P.K.": null, "Al.Dist. Izq.": 70, "Al.Dist. Der.": 40, "Ruta": "A019" }, "geometry": { "type": "Point", "coordinates": [ -64.2121227, -31.4647539 ] } },
{ "type": "Feature", "properties": { "Name": "9.29", "P.K.": null, "Al.Dist. Izq.": 70, "Al.Dist. Der.": 40, "Ruta": "A019" }, "geometry": { "type": "Point", "coordinates": [ -64.2121967, -31.4650966 ] } },
{ "type": "Feature", "properties": { "Name": "9.39", "P.K.": null, "Al.Dist. Izq.": 70, "Al.Dist. Der.": 40, "Ruta": "A019" }, "geometry": { "type": "Point", "coordinates": [ -64.2132399, -31.4648766 ] } },
{ "type": "Feature", "properties": { "Name": "9.45", "P.K.": null, "Al.Dist. Izq.": 70, "Al.Dist. Der.": 40, "Ruta": "A019" }, "geometry": { "type": "Point", "coordinates": [ -64.2138598, -31.4648908 ] } },
{ "type": "Feature", "properties": { "Name": "9.62", "P.K.": null, "Al.Dist. Izq.": 70, "Al.Dist. Der.": 40, "Ruta": "A019" }, "geometry": { "type": "Point", "coordinates": [ -64.2156287, -31.4642852 ] } },
{ "type": "Feature", "properties": { "Name": "9.65", "P.K.": null, "Al.Dist. Izq.": 70, "Al.Dist. Der.": 40, "Ruta": "A019" }, "geometry": { "type": "Point", "coordinates": [ -64.2159767, -31.4643192 ] } },
{ "type": "Feature", "properties": { "Name": "9.7", "P.K.": null, "Al.Dist. Izq.": 70, "Al.Dist. Der.": 40, "Ruta": "A019" }, "geometry": { "type": "Point", "coordinates": [ -64.21645, -31.46428 ] } },
{ "type": "Feature", "properties": { "Name": "9.7", "P.K.": null, "Al.Dist. Izq.": null, "Al.Dist. Der.": null, "Ruta": "A019" }, "geometry": { "type": "Point", "coordinates": [ -64.21645, -31.46428 ] } },
{ "type": "Feature", "properties": { "Name": "9.83", "P.K.": null, "Al.Dist. Izq.": null, "Al.Dist. Der.": null, "Ruta": "A019" }, "geometry": { "type": "Point", "coordinates": [ -64.217753, -31.463958 ] } },
{ "type": "Feature", "properties": { "Name": "9.86", "P.K.": null, "Al.Dist. Izq.": null, "Al.Dist. Der.": null, "Ruta": "A019" }, "geometry": { "type": "Point", "coordinates": [ -64.2181319, -31.463916 ] } },
{ "type": "Feature", "properties": { "Name": "9.87", "P.K.": null, "Al.Dist. Izq.": null, "Al.Dist. Der.": null, "Ruta": "A019" }, "geometry": { "type": "Point", "coordinates": [ -64.2181946, -31.4639031 ] } },
{ "type": "Feature", "properties": { "Name": "9.99", "P.K.": null, "Al.Dist. Izq.": null, "Al.Dist. Der.": null, "Ruta": "A019" }, "geometry": { "type": "Point", "coordinates": [ -64.2195103, -31.4641538 ] } },
{ "type": "Feature", "properties": { "Name": "10.05", "P.K.": null, "Al.Dist. Izq.": null, "Al.Dist. Der.": null, "Ruta": "A019" }, "geometry": { "type": "Point", "coordinates": [ -64.2201211, -31.4636327 ] } },
{ "type": "Feature", "properties": { "Name": "10.09", "P.K.": null, "Al.Dist. Izq.": null, "Al.Dist. Der.": null, "Ruta": "A019" }, "geometry": { "type": "Point", "coordinates": [ -64.220488, -31.463689 ] } },
{ "type": "Feature", "properties": { "Name": "10.09", "P.K.": null, "Al.Dist. Izq.": null, "Al.Dist. Der.": null, "Ruta": "A019" }, "geometry": { "type": "Point", "coordinates": [ -64.220665, -31.463933 ] } },
{ "type": "Feature", "properties": { "Name": "10.14", "P.K.": null, "Al.Dist. Izq.": null, "Al.Dist. Der.": null, "Ruta": "A019" }, "geometry": { "type": "Point", "coordinates": [ -64.221, -31.4637 ] } },
{ "type": "Feature", "properties": { "Name": "10.19", "P.K.": null, "Al.Dist. Izq.": null, "Al.Dist. Der.": null, "Ruta": "A019" }, "geometry": { "type": "Point", "coordinates": [ -64.2215513, -31.463477 ] } },
{ "type": "Feature", "properties": { "Name": "10.29", "P.K.": null, "Al.Dist. Izq.": null, "Al.Dist. Der.": null, "Ruta": "A019" }, "geometry": { "type": "Point", "coordinates": [ -64.22257, -31.46345 ] } },
{ "type": "Feature", "properties": { "Name": "10.29", "P.K.": null, "Al.Dist. Izq.": null, "Al.Dist. Der.": null, "Ruta": "A019" }, "geometry": { "type": "Point", "coordinates": [ -64.22257, -31.46345 ] } },
{ "type": "Feature", "properties": { "Name": "10.34", "P.K.": null, "Al.Dist. Izq.": null, "Al.Dist. Der.": null, "Ruta": "A019" }, "geometry": { "type": "Point", "coordinates": [ -64.2231912, -31.4636571 ] } },
{ "type": "Feature", "properties": { "Name": "10.45", "P.K.": null, "Al.Dist. Izq.": null, "Al.Dist. Der.": null, "Ruta": "A019" }, "geometry": { "type": "Point", "coordinates": [ -64.224252, -31.4635556 ] } },
{ "type": "Feature", "properties": { "Name": "10.57", "P.K.": null, "Al.Dist. Izq.": null, "Al.Dist. Der.": null, "Ruta": "A019" }, "geometry": { "type": "Point", "coordinates": [ -64.2255477, -31.4633842 ] } },
{ "type": "Feature", "properties": { "Name": "10.76", "P.K.": null, "Al.Dist. Izq.": null, "Al.Dist. Der.": null, "Ruta": "A019" }, "geometry": { "type": "Point", "coordinates": [ -64.2274942, -31.463075 ] } },
{ "type": "Feature", "properties": { "Name": "10.78", "P.K.": null, "Al.Dist. Izq.": null, "Al.Dist. Der.": null, "Ruta": "A019" }, "geometry": { "type": "Point", "coordinates": [ -64.2277432, -31.4630777 ] } },
{ "type": "Feature", "properties": { "Name": "10.85", "P.K.": null, "Al.Dist. Izq.": null, "Al.Dist. Der.": null, "Ruta": "A019" }, "geometry": { "type": "Point", "coordinates": [ -64.2284352, -31.4625841 ] } },
{ "type": "Feature", "properties": { "Name": "11.12", "P.K.": null, "Al.Dist. Izq.": null, "Al.Dist. Der.": null, "Ruta": "A019" }, "geometry": { "type": "Point", "coordinates": [ -64.2312197, -31.4621783 ] } },
{ "type": "Feature", "properties": { "Name": "11.18", "P.K.": null, "Al.Dist. Izq.": null, "Al.Dist. Der.": null, "Ruta": "A019" }, "geometry": { "type": "Point", "coordinates": [ -64.231846, -31.4620536 ] } },
{ "type": "Feature", "properties": { "Name": "11.2", "P.K.": null, "Al.Dist. Izq.": null, "Al.Dist. Der.": null, "Ruta": "A019" }, "geometry": { "type": "Point", "coordinates": [ -64.2320629, -31.4623007 ] } },
{ "type": "Feature", "properties": { "Name": "11.27", "P.K.": null, "Al.Dist. Izq.": null, "Al.Dist. Der.": null, "Ruta": "A019" }, "geometry": { "type": "Point", "coordinates": [ -64.23277, -31.4621749 ] } },
{ "type": "Feature", "properties": { "Name": "11.45", "P.K.": null, "Al.Dist. Izq.": null, "Al.Dist. Der.": null, "Ruta": "A019" }, "geometry": { "type": "Point", "coordinates": [ -64.234666, -31.4619551 ] } },
{ "type": "Feature", "properties": { "Name": "11.58", "P.K.": null, "Al.Dist. Izq.": null, "Al.Dist. Der.": null, "Ruta": "A019" }, "geometry": { "type": "Point", "coordinates": [ -64.2359092, -31.4613821 ] } },
{ "type": "Feature", "properties": { "Name": "11.86", "P.K.": null, "Al.Dist. Izq.": null, "Al.Dist. Der.": null, "Ruta": "A019" }, "geometry": { "type": "Point", "coordinates": [ -64.23882, -31.46099 ] } },
{ "type": "Feature", "properties": { "Name": "11.86", "P.K.": null, "Al.Dist. Izq.": null, "Al.Dist. Der.": null, "Ruta": "A019" }, "geometry": { "type": "Point", "coordinates": [ -64.23882, -31.46099 ] } },
{ "type": "Feature", "properties": { "Name": "11.89", "P.K.": null, "Al.Dist. Izq.": null, "Al.Dist. Der.": null, "Ruta": "A019" }, "geometry": { "type": "Point", "coordinates": [ -64.2391612, -31.4609053 ] } },
{ "type": "Feature", "properties": { "Name": "11.91", "P.K.": null, "Al.Dist. Izq.": null, "Al.Dist. Der.": null, "Ruta": "A019" }, "geometry": { "type": "Point", "coordinates": [ -64.2394294, -31.4611995 ] } },
{ "type": "Feature", "properties": { "Name": "11.93", "P.K.": null, "Al.Dist. Izq.": null, "Al.Dist. Der.": null, "Ruta": "A019" }, "geometry": { "type": "Point", "coordinates": [ -64.2396747, -31.4611545 ] } },
{ "type": "Feature", "properties": { "Name": "12.12", "P.K.": null, "Al.Dist. Izq.": null, "Al.Dist. Der.": null, "Ruta": "A019" }, "geometry": { "type": "Point", "coordinates": [ -64.241552, -31.460572 ] } },
{ "type": "Feature", "properties": { "Name": "12.12", "P.K.": null, "Al.Dist. Izq.": null, "Al.Dist. Der.": null, "Ruta": "A019" }, "geometry": { "type": "Point", "coordinates": [ -64.241568, -31.4605965 ] } },
{ "type": "Feature", "properties": { "Name": "12.22", "P.K.": null, "Al.Dist. Izq.": null, "Al.Dist. Der.": null, "Ruta": "A019" }, "geometry": { "type": "Point", "coordinates": [ -64.2425567, -31.4603737 ] } },
{ "type": "Feature", "properties": { "Name": "12.27", "P.K.": null, "Al.Dist. Izq.": null, "Al.Dist. Der.": null, "Ruta": "A019" }, "geometry": { "type": "Point", "coordinates": [ -64.243099, -31.4603091 ] } },
{ "type": "Feature", "properties": { "Name": "12.35", "P.K.": null, "Al.Dist. Izq.": null, "Al.Dist. Der.": null, "Ruta": "A019" }, "geometry": { "type": "Point", "coordinates": [ -64.2439025, -31.4602176 ] } },
{ "type": "Feature", "properties": { "Name": "12.35", "P.K.": null, "Al.Dist. Izq.": null, "Al.Dist. Der.": null, "Ruta": "A019" }, "geometry": { "type": "Point", "coordinates": [ -64.2439025, -31.4602176 ] } },
{ "type": "Feature", "properties": { "Name": "12.35", "P.K.": null, "Al.Dist. Izq.": null, "Al.Dist. Der.": null, "Ruta": "A019" }, "geometry": { "type": "Point", "coordinates": [ -64.2439807, -31.4604638 ] } },
{ "type": "Feature", "properties": { "Name": "12.36", "P.K.": null, "Al.Dist. Izq.": null, "Al.Dist. Der.": null, "Ruta": "A019" }, "geometry": { "type": "Point", "coordinates": [ -64.24399, -31.46023 ] } },
{ "type": "Feature", "properties": { "Name": "12.38", "P.K.": null, "Al.Dist. Izq.": null, "Al.Dist. Der.": null, "Ruta": "A019" }, "geometry": { "type": "Point", "coordinates": [ -64.2442502, -31.4604655 ] } },
{ "type": "Feature", "properties": { "Name": "12.4", "P.K.": null, "Al.Dist. Izq.": null, "Al.Dist. Der.": null, "Ruta": "A019" }, "geometry": { "type": "Point", "coordinates": [ -64.2445158, -31.4604058 ] } },
{ "type": "Feature", "properties": { "Name": "12.5", "P.K.": null, "Al.Dist. Izq.": null, "Al.Dist. Der.": null, "Ruta": "A019" }, "geometry": { "type": "Point", "coordinates": [ -64.2455625, -31.460234 ] } },
{ "type": "Feature", "properties": { "Name": "12.56", "P.K.": null, "Al.Dist. Izq.": null, "Al.Dist. Der.": null, "Ruta": "A019" }, "geometry": { "type": "Point", "coordinates": [ -64.2461938, -31.4601016 ] } },
{ "type": "Feature", "properties": { "Name": "12.71", "P.K.": null, "Al.Dist. Izq.": null, "Al.Dist. Der.": null, "Ruta": "A019" }, "geometry": { "type": "Point", "coordinates": [ -64.247492, -31.459325 ] } },
{ "type": "Feature", "properties": { "Name": "12.71", "P.K.": null, "Al.Dist. Izq.": null, "Al.Dist. Der.": null, "Ruta": "A019" }, "geometry": { "type": "Point", "coordinates": [ -64.2476794, -31.4595086 ] } },
{ "type": "Feature", "properties": { "Name": "12.82", "P.K.": null, "Al.Dist. Izq.": null, "Al.Dist. Der.": null, "Ruta": "A019" }, "geometry": { "type": "Point", "coordinates": [ -64.2485316, -31.4587166 ] } },
{ "type": "Feature", "properties": { "Name": "13.08", "P.K.": null, "Al.Dist. Izq.": null, "Al.Dist. Der.": null, "Ruta": "A019" }, "geometry": { "type": "Point", "coordinates": [ -64.2507787, -31.4574722 ] } },
{ "type": "Feature", "properties": { "Name": "13.15", "P.K.": null, "Al.Dist. Izq.": null, "Al.Dist. Der.": null, "Ruta": "A019" }, "geometry": { "type": "Point", "coordinates": [ -64.2510023, -31.4566907 ] } },
{ "type": "Feature", "properties": { "Name": "13.15", "P.K.": null, "Al.Dist. Izq.": null, "Al.Dist. Der.": null, "Ruta": "A019" }, "geometry": { "type": "Point", "coordinates": [ -64.2511867, -31.4569343 ] } },
{ "type": "Feature", "properties": { "Name": "13.19", "P.K.": null, "Al.Dist. Izq.": null, "Al.Dist. Der.": null, "Ruta": "A019" }, "geometry": { "type": "Point", "coordinates": [ -64.2512535, -31.4564816 ] } },
{ "type": "Feature", "properties": { "Name": "13.24", "P.K.": null, "Al.Dist. Izq.": null, "Al.Dist. Der.": null, "Ruta": "A019" }, "geometry": { "type": "Point", "coordinates": [ -64.2517356, -31.4561544 ] } },
{ "type": "Feature", "properties": { "Name": "13.44", "P.K.": null, "Al.Dist. Izq.": null, "Al.Dist. Der.": null, "Ruta": "A019" }, "geometry": { "type": "Point", "coordinates": [ -64.2523585, -31.4543623 ] } },
{ "type": "Feature", "properties": { "Name": "13.67", "P.K.": null, "Al.Dist. Izq.": null, "Al.Dist. Der.": null, "Ruta": "A019" }, "geometry": { "type": "Point", "coordinates": [ -64.2525272, -31.4522956 ] } },
{ "type": "Feature", "properties": { "Name": "13.7", "P.K.": null, "Al.Dist. Izq.": null, "Al.Dist. Der.": null, "Ruta": "A019" }, "geometry": { "type": "Point", "coordinates": [ -64.2524497, -31.4520762 ] } },
{ "type": "Feature", "properties": { "Name": "13.73", "P.K.": null, "Al.Dist. Izq.": null, "Al.Dist. Der.": null, "Ruta": "A019" }, "geometry": { "type": "Point", "coordinates": [ -64.25254, -31.45182 ] } },
{ "type": "Feature", "properties": { "Name": "13.75", "P.K.": null, "Al.Dist. Izq.": null, "Al.Dist. Der.": null, "Ruta": "A019" }, "geometry": { "type": "Point", "coordinates": [ -64.252673, -31.4516392 ] } },
{ "type": "Feature", "properties": { "Name": "13.88", "P.K.": null, "Al.Dist. Izq.": null, "Al.Dist. Der.": null, "Ruta": "A019" }, "geometry": { "type": "Point", "coordinates": [ -64.2529976, -31.4504702 ] } },
{ "type": "Feature", "properties": { "Name": "13.89", "P.K.": null, "Al.Dist. Izq.": null, "Al.Dist. Der.": null, "Ruta": "A019" }, "geometry": { "type": "Point", "coordinates": [ -64.2526965, -31.4503166 ] } },
{ "type": "Feature", "properties": { "Name": "14.39", "P.K.": null, "Al.Dist. Izq.": null, "Al.Dist. Der.": null, "Ruta": "A019" }, "geometry": { "type": "Point", "coordinates": [ -64.2529101, -31.4458483 ] } },
{ "type": "Feature", "properties": { "Name": "14.49", "P.K.": null, "Al.Dist. Izq.": null, "Al.Dist. Der.": null, "Ruta": "A019" }, "geometry": { "type": "Point", "coordinates": [ -64.2527039, -31.4449118 ] } },
{ "type": "Feature", "properties": { "Name": "14.59", "P.K.": null, "Al.Dist. Izq.": null, "Al.Dist. Der.": null, "Ruta": "A019" }, "geometry": { "type": "Point", "coordinates": [ -64.25262, -31.44405 ] } },
{ "type": "Feature", "properties": { "Name": "14.7", "P.K.": null, "Al.Dist. Izq.": null, "Al.Dist. Der.": null, "Ruta": "A019" }, "geometry": { "type": "Point", "coordinates": [ -64.2527528, -31.4430846 ] } },
{ "type": "Feature", "properties": { "Name": "15.04", "P.K.": null, "Al.Dist. Izq.": null, "Al.Dist. Der.": null, "Ruta": "A019" }, "geometry": { "type": "Point", "coordinates": [ -64.2535243, -31.4400836 ] } },
{ "type": "Feature", "properties": { "Name": "15.07", "P.K.": null, "Al.Dist. Izq.": null, "Al.Dist. Der.": null, "Ruta": "A019" }, "geometry": { "type": "Point", "coordinates": [ -64.2534646, -31.4397612 ] } },
{ "type": "Feature", "properties": { "Name": "15.13", "P.K.": null, "Al.Dist. Izq.": null, "Al.Dist. Der.": null, "Ruta": "A019" }, "geometry": { "type": "Point", "coordinates": [ -64.2537758, -31.4393272 ] } },
{ "type": "Feature", "properties": { "Name": "15.5", "P.K.": null, "Al.Dist. Izq.": null, "Al.Dist. Der.": null, "Ruta": "A019" }, "geometry": { "type": "Point", "coordinates": [ -64.25626, -31.4368 ] } },
{ "type": "Feature", "properties": { "Name": "15.56", "P.K.": null, "Al.Dist. Izq.": null, "Al.Dist. Der.": null, "Ruta": "A019" }, "geometry": { "type": "Point", "coordinates": [ -64.2569518, -31.4366689 ] } },
{ "type": "Feature", "properties": { "Name": "15.6", "P.K.": null, "Al.Dist. Izq.": null, "Al.Dist. Der.": null, "Ruta": "A019" }, "geometry": { "type": "Point", "coordinates": [ -64.2570417, -31.436158 ] } },
{ "type": "Feature", "properties": { "Name": "15.69", "P.K.": null, "Al.Dist. Izq.": null, "Al.Dist. Der.": null, "Ruta": "A019" }, "geometry": { "type": "Point", "coordinates": [ -64.2579794, -31.4358954 ] } },
{ "type": "Feature", "properties": { "Name": "15.76", "P.K.": null, "Al.Dist. Izq.": null, "Al.Dist. Der.": null, "Ruta": "A019" }, "geometry": { "type": "Point", "coordinates": [ -64.258254, -31.4350864 ] } },
{ "type": "Feature", "properties": { "Name": "15.86", "P.K.": null, "Al.Dist. Izq.": null, "Al.Dist. Der.": null, "Ruta": "A019" }, "geometry": { "type": "Point", "coordinates": [ -64.2589792, -31.4345126 ] } },
{ "type": "Feature", "properties": { "Name": "15.87", "P.K.": null, "Al.Dist. Izq.": null, "Al.Dist. Der.": null, "Ruta": "A019" }, "geometry": { "type": "Point", "coordinates": [ -64.2593038, -31.4347411 ] } },
{ "type": "Feature", "properties": { "Name": "15.93", "P.K.": null, "Al.Dist. Izq.": null, "Al.Dist. Der.": null, "Ruta": "A019" }, "geometry": { "type": "Point", "coordinates": [ -64.2598057, -31.4343249 ] } },
{ "type": "Feature", "properties": { "Name": "15.96", "P.K.": null, "Al.Dist. Izq.": null, "Al.Dist. Der.": null, "Ruta": "A019" }, "geometry": { "type": "Point", "coordinates": [ -64.2597336, -31.4338206 ] } },
{ "type": "Feature", "properties": { "Name": "15.98", "P.K.": null, "Al.Dist. Izq.": null, "Al.Dist. Der.": null, "Ruta": "A019" }, "geometry": { "type": "Point", "coordinates": [ -64.2602167, -31.4340752 ] } },
{ "type": "Feature", "properties": { "Name": "16.02", "P.K.": null, "Al.Dist. Izq.": null, "Al.Dist. Der.": null, "Ruta": "A019" }, "geometry": { "type": "Point", "coordinates": [ -64.260276, -31.433572 ] } },
{ "type": "Feature", "properties": { "Name": "16.02", "P.K.": null, "Al.Dist. Izq.": null, "Al.Dist. Der.": null, "Ruta": "A019" }, "geometry": { "type": "Point", "coordinates": [ -64.260276, -31.433572 ] } },
{ "type": "Feature", "properties": { "Name": "16.03", "P.K.": null, "Al.Dist. Izq.": null, "Al.Dist. Der.": null, "Ruta": "A019" }, "geometry": { "type": "Point", "coordinates": [ -64.2604152, -31.4335591 ] } },
{ "type": "Feature", "properties": { "Name": "16.04", "P.K.": null, "Al.Dist. Izq.": null, "Al.Dist. Der.": null, "Ruta": "A019" }, "geometry": { "type": "Point", "coordinates": [ -64.260549, -31.433417 ] } },
{ "type": "Feature", "properties": { "Name": "16.07", "P.K.": null, "Al.Dist. Izq.": null, "Al.Dist. Der.": null, "Ruta": "A019" }, "geometry": { "type": "Point", "coordinates": [ -64.2605356, -31.4331566 ] } },
{ "type": "Feature", "properties": { "Name": "16.13", "P.K.": null, "Al.Dist. Izq.": null, "Al.Dist. Der.": null, "Ruta": "A019" }, "geometry": { "type": "Point", "coordinates": [ -64.2613476, -31.4331432 ] } },
{ "type": "Feature", "properties": { "Name": "16.14", "P.K.": null, "Al.Dist. Izq.": null, "Al.Dist. Der.": null, "Ruta": "A019" }, "geometry": { "type": "Point", "coordinates": [ -64.2614113, -31.43313 ] } },
{ "type": "Feature", "properties": { "Name": "16.15", "P.K.": null, "Al.Dist. Izq.": null, "Al.Dist. Der.": null, "Ruta": "A019" }, "geometry": { "type": "Point", "coordinates": [ -64.2611585, -31.4325913 ] } },
{ "type": "Feature", "properties": { "Name": "16.18", "P.K.": null, "Al.Dist. Izq.": null, "Al.Dist. Der.": null, "Ruta": "A019" }, "geometry": { "type": "Point", "coordinates": [ -64.261363, -31.4324411 ] } },
{ "type": "Feature", "properties": { "Name": "16.23", "P.K.": null, "Al.Dist. Izq.": null, "Al.Dist. Der.": null, "Ruta": "A019" }, "geometry": { "type": "Point", "coordinates": [ -64.26187, -31.43222 ] } },
{ "type": "Feature", "properties": { "Name": "16.25", "P.K.": null, "Al.Dist. Izq.": null, "Al.Dist. Der.": null, "Ruta": "A019" }, "geometry": { "type": "Point", "coordinates": [ -64.2619213, -31.4319943 ] } },
{ "type": "Feature", "properties": { "Name": "16.25", "P.K.": null, "Al.Dist. Izq.": null, "Al.Dist. Der.": null, "Ruta": "A019" }, "geometry": { "type": "Point", "coordinates": [ -64.2622612, -31.4323799 ] } },
{ "type": "Feature", "properties": { "Name": "16.33", "P.K.": null, "Al.Dist. Izq.": null, "Al.Dist. Der.": null, "Ruta": "A019" }, "geometry": { "type": "Point", "coordinates": [ -64.262556, -31.4314982 ] } },
{ "type": "Feature", "properties": { "Name": "16.35", "P.K.": null, "Al.Dist. Izq.": null, "Al.Dist. Der.": null, "Ruta": "A019" }, "geometry": { "type": "Point", "coordinates": [ -64.2630002, -31.431772 ] } },
{ "type": "Feature", "properties": { "Name": "16.38", "P.K.": null, "Al.Dist. Izq.": null, "Al.Dist. Der.": null, "Ruta": "A019" }, "geometry": { "type": "Point", "coordinates": [ -64.262907, -31.4312373 ] } },
{ "type": "Feature", "properties": { "Name": "16.46", "P.K.": null, "Al.Dist. Izq.": null, "Al.Dist. Der.": null, "Ruta": "A019" }, "geometry": { "type": "Point", "coordinates": [ -64.2636208, -31.4307767 ] } },
{ "type": "Feature", "properties": { "Name": "16.46", "P.K.": null, "Al.Dist. Izq.": null, "Al.Dist. Der.": null, "Ruta": "A019" }, "geometry": { "type": "Point", "coordinates": [ -64.2637331, -31.4310619 ] } },
{ "type": "Feature", "properties": { "Name": "16.46", "P.K.": null, "Al.Dist. Izq.": null, "Al.Dist. Der.": null, "Ruta": "A019" }, "geometry": { "type": "Point", "coordinates": [ -64.2639273, -31.4312458 ] } },
{ "type": "Feature", "properties": { "Name": "16.49", "P.K.": null, "Al.Dist. Izq.": null, "Al.Dist. Der.": null, "Ruta": "A019" }, "geometry": { "type": "Point", "coordinates": [ -64.2639081, -31.4307455 ] } },
{ "type": "Feature", "properties": { "Name": "16.52", "P.K.": null, "Al.Dist. Izq.": null, "Al.Dist. Der.": null, "Ruta": "A019" }, "geometry": { "type": "Point", "coordinates": [ -64.26436, -31.43077 ] } },
{ "type": "Feature", "properties": { "Name": "16.52", "P.K.": null, "Al.Dist. Izq.": null, "Al.Dist. Der.": null, "Ruta": "A019" }, "geometry": { "type": "Point", "coordinates": [ -64.26436, -31.43077 ] } },
{ "type": "Feature", "properties": { "Name": "16.55", "P.K.": null, "Al.Dist. Izq.": null, "Al.Dist. Der.": null, "Ruta": "A019" }, "geometry": { "type": "Point", "coordinates": [ -64.2645897, -31.4307713 ] } },
{ "type": "Feature", "properties": { "Name": "16.62", "P.K.": null, "Al.Dist. Izq.": null, "Al.Dist. Der.": null, "Ruta": "A019" }, "geometry": { "type": "Point", "coordinates": [ -64.2651547, -31.4302249 ] } },
{ "type": "Feature", "properties": { "Name": "16.7", "P.K.": null, "Al.Dist. Izq.": null, "Al.Dist. Der.": null, "Ruta": "A019" }, "geometry": { "type": "Point", "coordinates": [ -64.2660228, -31.4299231 ] } },
{ "type": "Feature", "properties": { "Name": "16.83", "P.K.": null, "Al.Dist. Izq.": null, "Al.Dist. Der.": null, "Ruta": "A019" }, "geometry": { "type": "Point", "coordinates": [ -64.26738, -31.42987 ] } },
{ "type": "Feature", "properties": { "Name": "16.85", "P.K.": null, "Al.Dist. Izq.": null, "Al.Dist. Der.": null, "Ruta": "A019" }, "geometry": { "type": "Point", "coordinates": [ -64.2675274, -31.4298421 ] } },
{ "type": "Feature", "properties": { "Name": "16.89", "P.K.": null, "Al.Dist. Izq.": null, "Al.Dist. Der.": null, "Ruta": "A019" }, "geometry": { "type": "Point", "coordinates": [ -64.26799, -31.42985 ] } },
{ "type": "Feature", "properties": { "Name": "16.91", "P.K.": null, "Al.Dist. Izq.": null, "Al.Dist. Der.": null, "Ruta": "A019" }, "geometry": { "type": "Point", "coordinates": [ -64.2682436, -31.4301586 ] } },
{ "type": "Feature", "properties": { "Name": "16.97", "P.K.": null, "Al.Dist. Izq.": null, "Al.Dist. Der.": null, "Ruta": "A019" }, "geometry": { "type": "Point", "coordinates": [ -64.2687931, -31.4296824 ] } },
{ "type": "Feature", "properties": { "Name": "17.02", "P.K.": null, "Al.Dist. Izq.": null, "Al.Dist. Der.": null, "Ruta": "A019" }, "geometry": { "type": "Point", "coordinates": [ -64.2693474, -31.4300196 ] } },
{ "type": "Feature", "properties": { "Name": "17.06", "P.K.": null, "Al.Dist. Izq.": null, "Al.Dist. Der.": null, "Ruta": "A019" }, "geometry": { "type": "Point", "coordinates": [ -64.2696846, -31.4295099 ] } },
{ "type": "Feature", "properties": { "Name": "17.07", "P.K.": null, "Al.Dist. Izq.": null, "Al.Dist. Der.": null, "Ruta": "A019" }, "geometry": { "type": "Point", "coordinates": [ -64.2698623, -31.4296115 ] } },
{ "type": "Feature", "properties": { "Name": "17.19", "P.K.": null, "Al.Dist. Izq.": null, "Al.Dist. Der.": null, "Ruta": "A019" }, "geometry": { "type": "Point", "coordinates": [ -64.2709614, -31.4290716 ] } },
{ "type": "Feature", "properties": { "Name": "17.39", "P.K.": null, "Al.Dist. Izq.": null, "Al.Dist. Der.": null, "Ruta": "A019" }, "geometry": { "type": "Point", "coordinates": [ -64.2727356, -31.4281756 ] } },
{ "type": "Feature", "properties": { "Name": "17.49", "P.K.": null, "Al.Dist. Izq.": null, "Al.Dist. Der.": null, "Ruta": "A019" }, "geometry": { "type": "Point", "coordinates": [ -64.2732094, -31.4272676 ] } },
{ "type": "Feature", "properties": { "Name": "17.5", "P.K.": null, "Al.Dist. Izq.": null, "Al.Dist. Der.": null, "Ruta": "A019" }, "geometry": { "type": "Point", "coordinates": [ -64.273282, -31.427234 ] } },
{ "type": "Feature", "properties": { "Name": "17.53", "P.K.": null, "Al.Dist. Izq.": null, "Al.Dist. Der.": null, "Ruta": "A019" }, "geometry": { "type": "Point", "coordinates": [ -64.2736714, -31.4271428 ] } },
{ "type": "Feature", "properties": { "Name": "17.69", "P.K.": null, "Al.Dist. Izq.": null, "Al.Dist. Der.": null, "Ruta": "A019" }, "geometry": { "type": "Point", "coordinates": [ -64.2742846, -31.4256923 ] } },
{ "type": "Feature", "properties": { "Name": "17.7", "P.K.": null, "Al.Dist. Izq.": null, "Al.Dist. Der.": null, "Ruta": "A019" }, "geometry": { "type": "Point", "coordinates": [ -64.274078, -31.42552 ] } },
{ "type": "Feature", "properties": { "Name": "17.71", "P.K.": null, "Al.Dist. Izq.": null, "Al.Dist. Der.": null, "Ruta": "A019" }, "geometry": { "type": "Point", "coordinates": [ -64.2740536, -31.4254417 ] } },
{ "type": "Feature", "properties": { "Name": "18.03", "P.K.": null, "Al.Dist. Izq.": null, "Al.Dist. Der.": null, "Ruta": "A019" }, "geometry": { "type": "Point", "coordinates": [ -64.2737998, -31.4226808 ] } },
{ "type": "Feature", "properties": { "Name": "18.15", "P.K.": null, "Al.Dist. Izq.": null, "Al.Dist. Der.": null, "Ruta": "A019" }, "geometry": { "type": "Point", "coordinates": [ -64.2736187, -31.4215109 ] } },
{ "type": "Feature", "properties": { "Name": "18.31", "P.K.": null, "Al.Dist. Izq.": null, "Al.Dist. Der.": null, "Ruta": "A019" }, "geometry": { "type": "Point", "coordinates": [ -64.27227, -31.42059 ] } },
{ "type": "Feature", "properties": { "Name": "18.45", "P.K.": null, "Al.Dist. Izq.": null, "Al.Dist. Der.": null, "Ruta": "A019" }, "geometry": { "type": "Point", "coordinates": [ -64.2710301, -31.4198006 ] } },
{ "type": "Feature", "properties": { "Name": "18.46", "P.K.": null, "Al.Dist. Izq.": null, "Al.Dist. Der.": null, "Ruta": "A019" }, "geometry": { "type": "Point", "coordinates": [ -64.2715618, -31.4192166 ] } },
{ "type": "Feature", "properties": { "Name": "18.48", "P.K.": null, "Al.Dist. Izq.": null, "Al.Dist. Der.": null, "Ruta": "A019" }, "geometry": { "type": "Point", "coordinates": [ -64.2714163, -31.4190813 ] } },
{ "type": "Feature", "properties": { "Name": "18.52", "P.K.": null, "Al.Dist. Izq.": null, "Al.Dist. Der.": null, "Ruta": "A019" }, "geometry": { "type": "Point", "coordinates": [ -64.2712637, -31.4188735 ] } },
{ "type": "Feature", "properties": { "Name": "18.58", "P.K.": null, "Al.Dist. Izq.": null, "Al.Dist. Der.": null, "Ruta": "A019" }, "geometry": { "type": "Point", "coordinates": [ -64.2704374, -31.4186779 ] } },
{ "type": "Feature", "properties": { "Name": "18.77", "P.K.": null, "Al.Dist. Izq.": null, "Al.Dist. Der.": null, "Ruta": "A019" }, "geometry": { "type": "Point", "coordinates": [ -64.2702854, -31.4169629 ] } },
{ "type": "Feature", "properties": { "Name": "18.98", "P.K.": null, "Al.Dist. Izq.": null, "Al.Dist. Der.": null, "Ruta": "A019" }, "geometry": { "type": "Point", "coordinates": [ -64.2699676, -31.4150784 ] } },
{ "type": "Feature", "properties": { "Name": "19.01", "P.K.": null, "Al.Dist. Izq.": null, "Al.Dist. Der.": null, "Ruta": "A019" }, "geometry": { "type": "Point", "coordinates": [ -64.26983, -31.41485 ] } },
{ "type": "Feature", "properties": { "Name": "19.01", "P.K.": null, "Al.Dist. Izq.": null, "Al.Dist. Der.": null, "Ruta": "A019" }, "geometry": { "type": "Point", "coordinates": [ -64.26983, -31.41485 ] } },
{ "type": "Feature", "properties": { "Name": "19.02", "P.K.": null, "Al.Dist. Izq.": null, "Al.Dist. Der.": null, "Ruta": "A019" }, "geometry": { "type": "Point", "coordinates": [ -64.26968, -31.41472 ] } },
{ "type": "Feature", "properties": { "Name": "19.03", "P.K.": null, "Al.Dist. Izq.": null, "Al.Dist. Der.": null, "Ruta": "A019" }, "geometry": { "type": "Point", "coordinates": [ -64.2695981, -31.4147007 ] } },
{ "type": "Feature", "properties": { "Name": "19.36", "P.K.": null, "Al.Dist. Izq.": null, "Al.Dist. Der.": null, "Ruta": "A019" }, "geometry": { "type": "Point", "coordinates": [ -64.269696, -31.411665 ] } },
{ "type": "Feature", "properties": { "Name": "19.37", "P.K.": null, "Al.Dist. Izq.": null, "Al.Dist. Der.": null, "Ruta": "A019" }, "geometry": { "type": "Point", "coordinates": [ -64.2696752, -31.4116374 ] } },
{ "type": "Feature", "properties": { "Name": "19.37", "P.K.": null, "Al.Dist. Izq.": null, "Al.Dist. Der.": null, "Ruta": "A019" }, "geometry": { "type": "Point", "coordinates": [ -64.2699806, -31.4115713 ] } },
{ "type": "Feature", "properties": { "Name": "19.62", "P.K.": null, "Al.Dist. Izq.": null, "Al.Dist. Der.": null, "Ruta": "A019" }, "geometry": { "type": "Point", "coordinates": [ -64.2697198, -31.4093084 ] } },
{ "type": "Feature", "properties": { "Name": "19.62", "P.K.": null, "Al.Dist. Izq.": null, "Al.Dist. Der.": null, "Ruta": "A019" }, "geometry": { "type": "Point", "coordinates": [ -64.2700252, -31.4093762 ] } },
{ "type": "Feature", "properties": { "Name": "19.73", "P.K.": null, "Al.Dist. Izq.": null, "Al.Dist. Der.": null, "Ruta": "A019" }, "geometry": { "type": "Point", "coordinates": [ -64.2696464, -31.4083684 ] } },
{ "type": "Feature", "properties": { "Name": "19.98", "P.K.": null, "Al.Dist. Izq.": null, "Al.Dist. Der.": null, "Ruta": "A019" }, "geometry": { "type": "Point", "coordinates": [ -64.2700618, -31.4061453 ] } },
{ "type": "Feature", "properties": { "Name": "20.07", "P.K.": null, "Al.Dist. Izq.": null, "Al.Dist. Der.": null, "Ruta": "A019" }, "geometry": { "type": "Point", "coordinates": [ -64.2698314, -31.4053312 ] } },
{ "type": "Feature", "properties": { "Name": "20.11", "P.K.": null, "Al.Dist. Izq.": null, "Al.Dist. Der.": null, "Ruta": "A019" }, "geometry": { "type": "Point", "coordinates": [ -64.26966, -31.40494 ] } },
{ "type": "Feature", "properties": { "Name": "20.14", "P.K.": null, "Al.Dist. Izq.": null, "Al.Dist. Der.": null, "Ruta": "A019" }, "geometry": { "type": "Point", "coordinates": [ -64.2695917, -31.4046587 ] } },
{ "type": "Feature", "properties": { "Name": "20.22", "P.K.": null, "Al.Dist. Izq.": null, "Al.Dist. Der.": null, "Ruta": "A019" }, "geometry": { "type": "Point", "coordinates": [ -64.2697148, -31.403919 ] } },
{ "type": "Feature", "properties": { "Name": "20.46", "P.K.": null, "Al.Dist. Izq.": null, "Al.Dist. Der.": null, "Ruta": "A019" }, "geometry": { "type": "Point", "coordinates": [ -64.2697429, -31.4017121 ] } },
{ "type": "Feature", "properties": { "Name": "20.69", "P.K.": null, "Al.Dist. Izq.": null, "Al.Dist. Der.": null, "Ruta": "A019" }, "geometry": { "type": "Point", "coordinates": [ -64.269065, -31.3996347 ] } },
{ "type": "Feature", "properties": { "Name": "20.7", "P.K.": null, "Al.Dist. Izq.": null, "Al.Dist. Der.": null, "Ruta": "A019" }, "geometry": { "type": "Point", "coordinates": [ -64.2685693, -31.3998157 ] } },
{ "type": "Feature", "properties": { "Name": "21.01", "P.K.": null, "Al.Dist. Izq.": null, "Al.Dist. Der.": null, "Ruta": "A019" }, "geometry": { "type": "Point", "coordinates": [ -64.2674054, -31.3972082 ] } },
{ "type": "Feature", "properties": { "Name": "21.02", "P.K.": null, "Al.Dist. Izq.": null, "Al.Dist. Der.": null, "Ruta": "A019" }, "geometry": { "type": "Point", "coordinates": [ -64.26752, -31.39698 ] } },
{ "type": "Feature", "properties": { "Name": "21.02", "P.K.": null, "Al.Dist. Izq.": null, "Al.Dist. Der.": null, "Ruta": "A019" }, "geometry": { "type": "Point", "coordinates": [ -64.26752, -31.39698 ] } },
{ "type": "Feature", "properties": { "Name": "21.03", "P.K.": null, "Al.Dist. Izq.": null, "Al.Dist. Der.": null, "Ruta": "A019" }, "geometry": { "type": "Point", "coordinates": [ -64.267518, -31.396924 ] } },
{ "type": "Feature", "properties": { "Name": "21.11", "P.K.": null, "Al.Dist. Izq.": null, "Al.Dist. Der.": null, "Ruta": "A019" }, "geometry": { "type": "Point", "coordinates": [ -64.2673511, -31.3962007 ] } },
{ "type": "Feature", "properties": { "Name": "21.12", "P.K.": null, "Al.Dist. Izq.": null, "Al.Dist. Der.": null, "Ruta": "A019" }, "geometry": { "type": "Point", "coordinates": [ -64.266996, -31.3962775 ] } },
{ "type": "Feature", "properties": { "Name": "21.16", "P.K.": null, "Al.Dist. Izq.": null, "Al.Dist. Der.": null, "Ruta": "A019" }, "geometry": { "type": "Point", "coordinates": [ -64.266904, -31.3958 ] } },
{ "type": "Feature", "properties": { "Name": "21.16", "P.K.": null, "Al.Dist. Izq.": null, "Al.Dist. Der.": null, "Ruta": "A019" }, "geometry": { "type": "Point", "coordinates": [ -64.267069, -31.395738 ] } },
{ "type": "Feature", "properties": { "Name": "21.24", "P.K.": null, "Al.Dist. Izq.": null, "Al.Dist. Der.": null, "Ruta": "A019" }, "geometry": { "type": "Point", "coordinates": [ -64.2668032, -31.3950867 ] } },
{ "type": "Feature", "properties": { "Name": "21.25", "P.K.": null, "Al.Dist. Izq.": null, "Al.Dist. Der.": null, "Ruta": "A019" }, "geometry": { "type": "Point", "coordinates": [ -64.266618, -31.39503 ] } },
{ "type": "Feature", "properties": { "Name": "21.26", "P.K.": null, "Al.Dist. Izq.": null, "Al.Dist. Der.": null, "Ruta": "A019" }, "geometry": { "type": "Point", "coordinates": [ -64.26652, -31.39505 ] } },
{ "type": "Feature", "properties": { "Name": "21.29", "P.K.": null, "Al.Dist. Izq.": null, "Al.Dist. Der.": null, "Ruta": "A019" }, "geometry": { "type": "Point", "coordinates": [ -64.2663201, -31.3948157 ] } },
{ "type": "Feature", "properties": { "Name": "21.29", "P.K.": null, "Al.Dist. Izq.": null, "Al.Dist. Der.": null, "Ruta": "A019" }, "geometry": { "type": "Point", "coordinates": [ -64.2666599, -31.3947155 ] } },
{ "type": "Feature", "properties": { "Name": "21.34", "P.K.": null, "Al.Dist. Izq.": null, "Al.Dist. Der.": null, "Ruta": "A019" }, "geometry": { "type": "Point", "coordinates": [ -64.266193, -31.394249 ] } },
{ "type": "Feature", "properties": { "Name": "21.34", "P.K.": null, "Al.Dist. Izq.": null, "Al.Dist. Der.": null, "Ruta": "A019" }, "geometry": { "type": "Point", "coordinates": [ -64.266355, -31.394197 ] } },
{ "type": "Feature", "properties": { "Name": "21.52", "P.K.": null, "Al.Dist. Izq.": null, "Al.Dist. Der.": null, "Ruta": "A019" }, "geometry": { "type": "Point", "coordinates": [ -64.2658022, -31.3927822 ] } },
{ "type": "Feature", "properties": { "Name": "21.55", "P.K.": null, "Al.Dist. Izq.": null, "Al.Dist. Der.": null, "Ruta": "A019" }, "geometry": { "type": "Point", "coordinates": [ -64.2653546, -31.3926588 ] } },
{ "type": "Feature", "properties": { "Name": "21.56", "P.K.": null, "Al.Dist. Izq.": null, "Al.Dist. Der.": null, "Ruta": "A019" }, "geometry": { "type": "Point", "coordinates": [ -64.2656549, -31.3923945 ] } },
{ "type": "Feature", "properties": { "Name": "21.77", "P.K.": null, "Al.Dist. Izq.": null, "Al.Dist. Der.": null, "Ruta": "A019" }, "geometry": { "type": "Point", "coordinates": [ -64.26464, -31.39068 ] } },
{ "type": "Feature", "properties": { "Name": "21.77", "P.K.": null, "Al.Dist. Izq.": null, "Al.Dist. Der.": null, "Ruta": "A019" }, "geometry": { "type": "Point", "coordinates": [ -64.26464, -31.39068 ] } },
{ "type": "Feature", "properties": { "Name": "21.94", "P.K.": null, "Al.Dist. Izq.": null, "Al.Dist. Der.": null, "Ruta": "A019" }, "geometry": { "type": "Point", "coordinates": [ -64.2636607, -31.389431 ] } },
{ "type": "Feature", "properties": { "Name": "21.97", "P.K.": null, "Al.Dist. Izq.": null, "Al.Dist. Der.": null, "Ruta": "A019" }, "geometry": { "type": "Point", "coordinates": [ -64.2635242, -31.3892122 ] } },
{ "type": "Feature", "properties": { "Name": "22.29", "P.K.": null, "Al.Dist. Izq.": null, "Al.Dist. Der.": null, "Ruta": "A019" }, "geometry": { "type": "Point", "coordinates": [ -64.2621439, -31.3864929 ] } },
{ "type": "Feature", "properties": { "Name": "22.32", "P.K.": null, "Al.Dist. Izq.": null, "Al.Dist. Der.": null, "Ruta": "A019" }, "geometry": { "type": "Point", "coordinates": [ -64.26198, -31.38627 ] } },
{ "type": "Feature", "properties": { "Name": "22.32", "P.K.": null, "Al.Dist. Izq.": null, "Al.Dist. Der.": null, "Ruta": "A019" }, "geometry": { "type": "Point", "coordinates": [ -64.26198, -31.38627 ] } },
{ "type": "Feature", "properties": { "Name": "22.36", "P.K.": null, "Al.Dist. Izq.": null, "Al.Dist. Der.": null, "Ruta": "A019" }, "geometry": { "type": "Point", "coordinates": [ -64.2619732, -31.3859142 ] } },
{ "type": "Feature", "properties": { "Name": "22.63", "P.K.": null, "Al.Dist. Izq.": null, "Al.Dist. Der.": null, "Ruta": "A019" }, "geometry": { "type": "Point", "coordinates": [ -64.2603233, -31.3839543 ] } },
{ "type": "Feature", "properties": { "Name": "22.71", "P.K.": null, "Al.Dist. Izq.": null, "Al.Dist. Der.": null, "Ruta": "A019" }, "geometry": { "type": "Point", "coordinates": [ -64.2599166, -31.3833059 ] } },
{ "type": "Feature", "properties": { "Name": "22.85", "P.K.": null, "Al.Dist. Izq.": null, "Al.Dist. Der.": null, "Ruta": "A019" }, "geometry": { "type": "Point", "coordinates": [ -64.259452, -31.3819714 ] } },
{ "type": "Feature", "properties": { "Name": "22.86", "P.K.": null, "Al.Dist. Izq.": null, "Al.Dist. Der.": null, "Ruta": "A019" }, "geometry": { "type": "Point", "coordinates": [ -64.2593, -31.38201 ] } },
{ "type": "Feature", "properties": { "Name": "22.86", "P.K.": null, "Al.Dist. Izq.": null, "Al.Dist. Der.": null, "Ruta": "A019" }, "geometry": { "type": "Point", "coordinates": [ -64.2593, -31.38201 ] } },
{ "type": "Feature", "properties": { "Name": "22.91", "P.K.": null, "Al.Dist. Izq.": null, "Al.Dist. Der.": null, "Ruta": "A019" }, "geometry": { "type": "Point", "coordinates": [ -64.2589434, -31.3816735 ] } },
{ "type": "Feature", "properties": { "Name": "22.98", "P.K.": null, "Al.Dist. Izq.": null, "Al.Dist. Der.": null, "Ruta": "A019" }, "geometry": { "type": "Point", "coordinates": [ -64.258555, -31.381209 ] } },
{ "type": "Feature", "properties": { "Name": "23.26", "P.K.": null, "Al.Dist. Izq.": null, "Al.Dist. Der.": null, "Ruta": "A019" }, "geometry": { "type": "Point", "coordinates": [ -64.2568331, -31.379122 ] } },
{ "type": "Feature", "properties": { "Name": "23.36", "P.K.": null, "Al.Dist. Izq.": null, "Al.Dist. Der.": null, "Ruta": "A019" }, "geometry": { "type": "Point", "coordinates": [ -64.2561542, -31.3784275 ] } },
{ "type": "Feature", "properties": { "Name": "23.53", "P.K.": null, "Al.Dist. Izq.": null, "Al.Dist. Der.": null, "Ruta": "A019" }, "geometry": { "type": "Point", "coordinates": [ -64.254997, -31.377184 ] } },
{ "type": "Feature", "properties": { "Name": "23.55", "P.K.": null, "Al.Dist. Izq.": null, "Al.Dist. Der.": null, "Ruta": "A019" }, "geometry": { "type": "Point", "coordinates": [ -64.2550391, -31.3769854 ] } },
{ "type": "Feature", "properties": { "Name": "23.74", "P.K.": null, "Al.Dist. Izq.": null, "Al.Dist. Der.": null, "Ruta": "A019" }, "geometry": { "type": "Point", "coordinates": [ -64.2537466, -31.3757031 ] } },
{ "type": "Feature", "properties": { "Name": "23.75", "P.K.": null, "Al.Dist. Izq.": null, "Al.Dist. Der.": null, "Ruta": "A019" }, "geometry": { "type": "Point", "coordinates": [ -64.2540608, -31.3753544 ] } },
{ "type": "Feature", "properties": { "Name": "23.96", "P.K.": null, "Al.Dist. Izq.": null, "Al.Dist. Der.": null, "Ruta": "A019" }, "geometry": { "type": "Point", "coordinates": [ -64.252768, -31.373826 ] } },
{ "type": "Feature", "properties": { "Name": "23.96", "P.K.": null, "Al.Dist. Izq.": null, "Al.Dist. Der.": null, "Ruta": "A019" }, "geometry": { "type": "Point", "coordinates": [ -64.252768, -31.373826 ] } },
{ "type": "Feature", "properties": { "Name": "23.97", "P.K.": null, "Al.Dist. Izq.": null, "Al.Dist. Der.": null, "Ruta": "A019" }, "geometry": { "type": "Point", "coordinates": [ -64.252676, -31.373792 ] } },
{ "type": "Feature", "properties": { "Name": "23.97", "P.K.": null, "Al.Dist. Izq.": null, "Al.Dist. Der.": null, "Ruta": "A019" }, "geometry": { "type": "Point", "coordinates": [ -64.25294, -31.37368 ] } },
{ "type": "Feature", "properties": { "Name": "24.04", "P.K.": null, "Al.Dist. Izq.": null, "Al.Dist. Der.": null, "Ruta": "A019" }, "geometry": { "type": "Point", "coordinates": [ -64.2527059, -31.3730684 ] } },
{ "type": "Feature", "properties": { "Name": "24.07", "P.K.": null, "Al.Dist. Izq.": null, "Al.Dist. Der.": null, "Ruta": "A019" }, "geometry": { "type": "Point", "coordinates": [ -64.2522013, -31.3730354 ] } },
{ "type": "Feature", "properties": { "Name": "24.09", "P.K.": null, "Al.Dist. Izq.": null, "Al.Dist. Der.": null, "Ruta": "A019" }, "geometry": { "type": "Point", "coordinates": [ -64.2525141, -31.3726768 ] } },
{ "type": "Feature", "properties": { "Name": "24.35", "P.K.": null, "Al.Dist. Izq.": null, "Al.Dist. Der.": null, "Ruta": "A019" }, "geometry": { "type": "Point", "coordinates": [ -64.2515338, -31.3704548 ] } },
{ "type": "Feature", "properties": { "Name": "24.37", "P.K.": null, "Al.Dist. Izq.": null, "Al.Dist. Der.": null, "Ruta": "A019" }, "geometry": { "type": "Point", "coordinates": [ -64.2513061, -31.3704053 ] } },
{ "type": "Feature", "properties": { "Name": "24.64", "P.K.": null, "Al.Dist. Izq.": null, "Al.Dist. Der.": null, "Ruta": "A019" }, "geometry": { "type": "Point", "coordinates": [ -64.250328, -31.36809 ] } },
{ "type": "Feature", "properties": { "Name": "24.68", "P.K.": null, "Al.Dist. Izq.": null, "Al.Dist. Der.": null, "Ruta": "A019" }, "geometry": { "type": "Point", "coordinates": [ -64.2505678, -31.3676637 ] } },
{ "type": "Feature", "properties": { "Name": "24.79", "P.K.": null, "Al.Dist. Izq.": null, "Al.Dist. Der.": null, "Ruta": "A019" }, "geometry": { "type": "Point", "coordinates": [ -64.2496545, -31.3668976 ] } },
{ "type": "Feature", "properties": { "Name": "25.06", "P.K.": null, "Al.Dist. Izq.": null, "Al.Dist. Der.": null, "Ruta": "A019" }, "geometry": { "type": "Point", "coordinates": [ -64.2482192, -31.3647338 ] } },
{ "type": "Feature", "properties": { "Name": "25.21", "P.K.": null, "Al.Dist. Izq.": null, "Al.Dist. Der.": null, "Ruta": "A019" }, "geometry": { "type": "Point", "coordinates": [ -64.2468475, -31.3639037 ] } },
{ "type": "Feature", "properties": { "Name": "25.24", "P.K.": null, "Al.Dist. Izq.": null, "Al.Dist. Der.": null, "Ruta": "A019" }, "geometry": { "type": "Point", "coordinates": [ -64.2464528, -31.3640957 ] } },
{ "type": "Feature", "properties": { "Name": "25.33", "P.K.": null, "Al.Dist. Izq.": null, "Al.Dist. Der.": null, "Ruta": "A019" }, "geometry": { "type": "Point", "coordinates": [ -64.2456121, -31.3636781 ] } },
{ "type": "Feature", "properties": { "Name": "25.36", "P.K.": null, "Al.Dist. Izq.": null, "Al.Dist. Der.": null, "Ruta": "A019" }, "geometry": { "type": "Point", "coordinates": [ -64.2454545, -31.363284 ] } },
{ "type": "Feature", "properties": { "Name": "25.37", "P.K.": null, "Al.Dist. Izq.": null, "Al.Dist. Der.": null, "Ruta": "A019" }, "geometry": { "type": "Point", "coordinates": [ -64.2452518, -31.3635941 ] } },
{ "type": "Feature", "properties": { "Name": "25.42", "P.K.": null, "Al.Dist. Izq.": null, "Al.Dist. Der.": null, "Ruta": "A019" }, "geometry": { "type": "Point", "coordinates": [ -64.2447766, -31.3633984 ] } },
{ "type": "Feature", "properties": { "Name": "25.42", "P.K.": null, "Al.Dist. Izq.": null, "Al.Dist. Der.": null, "Ruta": "A019" }, "geometry": { "type": "Point", "coordinates": [ -64.2449104, -31.3630185 ] } },
{ "type": "Feature", "properties": { "Name": "25.57", "P.K.": null, "Al.Dist. Izq.": null, "Al.Dist. Der.": null, "Ruta": "A019" }, "geometry": { "type": "Point", "coordinates": [ -64.2434405, -31.3626165 ] } },
{ "type": "Feature", "properties": { "Name": "25.59", "P.K.": null, "Al.Dist. Izq.": null, "Al.Dist. Der.": null, "Ruta": "A019" }, "geometry": { "type": "Point", "coordinates": [ -64.2434526, -31.3622876 ] } },
{ "type": "Feature", "properties": { "Name": "25.61", "P.K.": null, "Al.Dist. Izq.": null, "Al.Dist. Der.": null, "Ruta": "A019" }, "geometry": { "type": "Point", "coordinates": [ -64.243189, -31.362335 ] } },
{ "type": "Feature", "properties": { "Name": "25.67", "P.K.": null, "Al.Dist. Izq.": null, "Al.Dist. Der.": null, "Ruta": "A019" }, "geometry": { "type": "Point", "coordinates": [ -64.2425396, -31.362119 ] } },
{ "type": "Feature", "properties": { "Name": "25.72", "P.K.": null, "Al.Dist. Izq.": null, "Al.Dist. Der.": null, "Ruta": "A019" }, "geometry": { "type": "Point", "coordinates": [ -64.2422412, -31.3617394 ] } },
{ "type": "Feature", "properties": { "Name": "25.75", "P.K.": null, "Al.Dist. Izq.": null, "Al.Dist. Der.": null, "Ruta": "A019" }, "geometry": { "type": "Point", "coordinates": [ -64.24217, -31.36133 ] } },
{ "type": "Feature", "properties": { "Name": "25.79", "P.K.": null, "Al.Dist. Izq.": null, "Al.Dist. Der.": null, "Ruta": "A019" }, "geometry": { "type": "Point", "coordinates": [ -64.2418, -31.36129 ] } },
{ "type": "Feature", "properties": { "Name": "25.85", "P.K.": null, "Al.Dist. Izq.": null, "Al.Dist. Der.": null, "Ruta": "A019" }, "geometry": { "type": "Point", "coordinates": [ -64.2413937, -31.3608977 ] } },
{ "type": "Feature", "properties": { "Name": "25.89", "P.K.": null, "Al.Dist. Izq.": null, "Al.Dist. Der.": null, "Ruta": "A019" }, "geometry": { "type": "Point", "coordinates": [ -64.2411529, -31.3605638 ] } },
{ "type": "Feature", "properties": { "Name": "25.91", "P.K.": null, "Al.Dist. Izq.": null, "Al.Dist. Der.": null, "Ruta": "A019" }, "geometry": { "type": "Point", "coordinates": [ -64.2413414, -31.3602263 ] } },
{ "type": "Feature", "properties": { "Name": "25.96", "P.K.": null, "Al.Dist. Izq.": null, "Al.Dist. Der.": null, "Ruta": "A019" }, "geometry": { "type": "Point", "coordinates": [ -64.2410624, -31.359849 ] } },
{ "type": "Feature", "properties": { "Name": "26.07", "P.K.": null, "Al.Dist. Izq.": null, "Al.Dist. Der.": null, "Ruta": "A019" }, "geometry": { "type": "Point", "coordinates": [ -64.240463, -31.358932 ] } },
{ "type": "Feature", "properties": { "Name": "26.19", "P.K.": null, "Al.Dist. Izq.": null, "Al.Dist. Der.": null, "Ruta": "A019" }, "geometry": { "type": "Point", "coordinates": [ -64.239859, -31.35808 ] } },
{ "type": "Feature", "properties": { "Name": "26.29", "P.K.": null, "Al.Dist. Izq.": null, "Al.Dist. Der.": null, "Ruta": "A019" }, "geometry": { "type": "Point", "coordinates": [ -64.239503, -31.3571497 ] } },
{ "type": "Feature", "properties": { "Name": "26.5", "P.K.": null, "Al.Dist. Izq.": null, "Al.Dist. Der.": null, "Ruta": "A019" }, "geometry": { "type": "Point", "coordinates": [ -64.2380241, -31.3557262 ] } },
{ "type": "Feature", "properties": { "Name": "26.69", "P.K.": null, "Al.Dist. Izq.": null, "Al.Dist. Der.": null, "Ruta": "A019" }, "geometry": { "type": "Point", "coordinates": [ -64.2362539, -31.3549208 ] } },
{ "type": "Feature", "properties": { "Name": "26.7", "P.K.": null, "Al.Dist. Izq.": null, "Al.Dist. Der.": null, "Ruta": "A019" }, "geometry": { "type": "Point", "coordinates": [ -64.2361661, -31.354924 ] } },
{ "type": "Feature", "properties": { "Name": "26.74", "P.K.": null, "Al.Dist. Izq.": null, "Al.Dist. Der.": null, "Ruta": "A019" }, "geometry": { "type": "Point", "coordinates": [ -64.2359714, -31.3544932 ] } },
{ "type": "Feature", "properties": { "Name": "26.83", "P.K.": null, "Al.Dist. Izq.": null, "Al.Dist. Der.": null, "Ruta": "A019" }, "geometry": { "type": "Point", "coordinates": [ -64.235002, -31.3541666 ] } },
{ "type": "Feature", "properties": { "Name": "26.86", "P.K.": null, "Al.Dist. Izq.": null, "Al.Dist. Der.": null, "Ruta": "A019" }, "geometry": { "type": "Point", "coordinates": [ -64.2347575, -31.3541257 ] } },
{ "type": "Feature", "properties": { "Name": "26.91", "P.K.": null, "Al.Dist. Izq.": null, "Al.Dist. Der.": null, "Ruta": "A019" }, "geometry": { "type": "Point", "coordinates": [ -64.2342674, -31.353911 ] } },
{ "type": "Feature", "properties": { "Name": "26.91", "P.K.": null, "Al.Dist. Izq.": 65, "Al.Dist. Der.": 45, "Ruta": "A019" }, "geometry": { "type": "Point", "coordinates": [ -64.2342674, -31.353911 ] } },
{ "type": "Feature", "properties": { "Name": "26.94", "P.K.": null, "Al.Dist. Izq.": 65, "Al.Dist. Der.": 45, "Ruta": "A019" }, "geometry": { "type": "Point", "coordinates": [ -64.2340706, -31.3536367 ] } },
{ "type": "Feature", "properties": { "Name": "26.98", "P.K.": null, "Al.Dist. Izq.": 65, "Al.Dist. Der.": 45, "Ruta": "A019" }, "geometry": { "type": "Point", "coordinates": [ -64.2336697, -31.3535005 ] } },
{ "type": "Feature", "properties": { "Name": "27.01", "P.K.": null, "Al.Dist. Izq.": 65, "Al.Dist. Der.": 45, "Ruta": "A019" }, "geometry": { "type": "Point", "coordinates": [ -64.2333169, -31.3533692 ] } },
{ "type": "Feature", "properties": { "Name": "27.08", "P.K.": null, "Al.Dist. Izq.": 65, "Al.Dist. Der.": 45, "Ruta": "A019" }, "geometry": { "type": "Point", "coordinates": [ -64.2325367, -31.3533715 ] } },
{ "type": "Feature", "properties": { "Name": "27.08", "P.K.": null, "Al.Dist. Izq.": 65, "Al.Dist. Der.": 45, "Ruta": "A019" }, "geometry": { "type": "Point", "coordinates": [ -64.2325851, -31.3532064 ] } },
{ "type": "Feature", "properties": { "Name": "27.09", "P.K.": null, "Al.Dist. Izq.": 65, "Al.Dist. Der.": 45, "Ruta": "A019" }, "geometry": { "type": "Point", "coordinates": [ -64.2324611, -31.3535166 ] } },
{ "type": "Feature", "properties": { "Name": "27.11", "P.K.": null, "Al.Dist. Izq.": 65, "Al.Dist. Der.": 45, "Ruta": "A019" }, "geometry": { "type": "Point", "coordinates": [ -64.2322685, -31.3531359 ] } },
{ "type": "Feature", "properties": { "Name": "27.13", "P.K.": null, "Al.Dist. Izq.": 65, "Al.Dist. Der.": 45, "Ruta": "A019" }, "geometry": { "type": "Point", "coordinates": [ -64.2320026, -31.3534351 ] } },
{ "type": "Feature", "properties": { "Name": "27.13", "P.K.": null, "Al.Dist. Izq.": 65, "Al.Dist. Der.": 45, "Ruta": "A019" }, "geometry": { "type": "Point", "coordinates": [ -64.2320026, -31.3534351 ] } },
{ "type": "Feature", "properties": { "Name": "27.2", "P.K.": null, "Al.Dist. Izq.": 65, "Al.Dist. Der.": 45, "Ruta": "A019" }, "geometry": { "type": "Point", "coordinates": [ -64.2314242, -31.3529606 ] } },
{ "type": "Feature", "properties": { "Name": "27.26", "P.K.": null, "Al.Dist. Izq.": 65, "Al.Dist. Der.": 45, "Ruta": "A019" }, "geometry": { "type": "Point", "coordinates": [ -64.230635, -31.353185 ] } },
{ "type": "Feature", "properties": { "Name": "27.26", "P.K.": null, "Al.Dist. Izq.": null, "Al.Dist. Der.": null, "Ruta": "A019" }, "geometry": { "type": "Point", "coordinates": [ -64.230635, -31.353185 ] } },
{ "type": "Feature", "properties": { "Name": "27.3", "P.K.": null, "Al.Dist. Izq.": null, "Al.Dist. Der.": null, "Ruta": "A019" }, "geometry": { "type": "Point", "coordinates": [ -64.23027, -31.3529 ] } },
{ "type": "Feature", "properties": { "Name": "27.3", "P.K.": null, "Al.Dist. Izq.": null, "Al.Dist. Der.": null, "Ruta": "A019" }, "geometry": { "type": "Point", "coordinates": [ -64.23027, -31.3529 ] } },
{ "type": "Feature", "properties": { "Name": "27.32", "P.K.": null, "Al.Dist. Izq.": null, "Al.Dist. Der.": null, "Ruta": "A019" }, "geometry": { "type": "Point", "coordinates": [ -64.23009, -31.35314 ] } },
{ "type": "Feature", "properties": { "Name": "27.32", "P.K.": null, "Al.Dist. Izq.": null, "Al.Dist. Der.": null, "Ruta": "A019" }, "geometry": { "type": "Point", "coordinates": [ -64.23009, -31.35314 ] } },
{ "type": "Feature", "properties": { "Name": "27.4", "P.K.": null, "Al.Dist. Izq.": null, "Al.Dist. Der.": null, "Ruta": "A019" }, "geometry": { "type": "Point", "coordinates": [ -64.2292094, -31.3531617 ] } },
{ "type": "Feature", "properties": { "Name": "27.44", "P.K.": null, "Al.Dist. Izq.": null, "Al.Dist. Der.": null, "Ruta": "A019" }, "geometry": { "type": "Point", "coordinates": [ -64.2288386, -31.3528816 ] } },
{ "type": "Feature", "properties": { "Name": "27.48", "P.K.": null, "Al.Dist. Izq.": null, "Al.Dist. Der.": null, "Ruta": "A019" }, "geometry": { "type": "Point", "coordinates": [ -64.2284292, -31.3527663 ] } },
{ "type": "Feature", "properties": { "Name": "27.51", "P.K.": null, "Al.Dist. Izq.": null, "Al.Dist. Der.": null, "Ruta": "A019" }, "geometry": { "type": "Point", "coordinates": [ -64.2280936, -31.3532567 ] } },
{ "type": "Feature", "properties": { "Name": "27.52", "P.K.": null, "Al.Dist. Izq.": null, "Al.Dist. Der.": null, "Ruta": "A019" }, "geometry": { "type": "Point", "coordinates": [ -64.2279599, -31.3528599 ] } },
{ "type": "Feature", "properties": { "Name": "27.61", "P.K.": null, "Al.Dist. Izq.": null, "Al.Dist. Der.": null, "Ruta": "A019" }, "geometry": { "type": "Point", "coordinates": [ -64.227015, -31.3533612 ] } },
{ "type": "Feature", "properties": { "Name": "27.66", "P.K.": null, "Al.Dist. Izq.": null, "Al.Dist. Der.": null, "Ruta": "A019" }, "geometry": { "type": "Point", "coordinates": [ -64.226567, -31.353307 ] } },
{ "type": "Feature", "properties": { "Name": "27.66", "P.K.": null, "Al.Dist. Izq.": null, "Al.Dist. Der.": null, "Ruta": "A019" }, "geometry": { "type": "Point", "coordinates": [ -64.22657, -31.353317 ] } },
{ "type": "Feature", "properties": { "Name": "27.68", "P.K.": null, "Al.Dist. Izq.": null, "Al.Dist. Der.": null, "Ruta": "A019" }, "geometry": { "type": "Point", "coordinates": [ -64.226317, -31.353331 ] } },
{ "type": "Feature", "properties": { "Name": "27.82", "P.K.": null, "Al.Dist. Izq.": null, "Al.Dist. Der.": null, "Ruta": "A019" }, "geometry": { "type": "Point", "coordinates": [ -64.224901, -31.353536 ] } },
{ "type": "Feature", "properties": { "Name": "27.82", "P.K.": null, "Al.Dist. Izq.": null, "Al.Dist. Der.": null, "Ruta": "A019" }, "geometry": { "type": "Point", "coordinates": [ -64.224861, -31.353305 ] } },
{ "type": "Feature", "properties": { "Name": "27.93", "P.K.": null, "Al.Dist. Izq.": null, "Al.Dist. Der.": null, "Ruta": "A019" }, "geometry": { "type": "Point", "coordinates": [ -64.2236673, -31.3533852 ] } },
{ "type": "Feature", "properties": { "Name": "27.93", "P.K.": null, "Al.Dist. Izq.": null, "Al.Dist. Der.": null, "Ruta": "A019" }, "geometry": { "type": "Point", "coordinates": [ -64.2236673, -31.3533852 ] } },
{ "type": "Feature", "properties": { "Name": "28.01", "P.K.": null, "Al.Dist. Izq.": null, "Al.Dist. Der.": null, "Ruta": "A019" }, "geometry": { "type": "Point", "coordinates": [ -64.2228562, -31.3534984 ] } },
{ "type": "Feature", "properties": { "Name": "28.06", "P.K.": null, "Al.Dist. Izq.": null, "Al.Dist. Der.": null, "Ruta": "A019" }, "geometry": { "type": "Point", "coordinates": [ -64.2222987, -31.3535854 ] } },
{ "type": "Feature", "properties": { "Name": "28.14", "P.K.": null, "Al.Dist. Izq.": null, "Al.Dist. Der.": null, "Ruta": "A019" }, "geometry": { "type": "Point", "coordinates": [ -64.221506, -31.354021 ] } },
{ "type": "Feature", "properties": { "Name": "28.14", "P.K.": null, "Al.Dist. Izq.": 65, "Al.Dist. Der.": 45, "Ruta": "A019" }, "geometry": { "type": "Point", "coordinates": [ -64.221506, -31.354021 ] } },
{ "type": "Feature", "properties": { "Name": "28.34", "P.K.": null, "Al.Dist. Izq.": 65, "Al.Dist. Der.": 45, "Ruta": "A019" }, "geometry": { "type": "Point", "coordinates": [ -64.2194109, -31.3539881 ] } },
{ "type": "Feature", "properties": { "Name": "28.46", "P.K.": null, "Al.Dist. Izq.": 65, "Al.Dist. Der.": 45, "Ruta": "A019" }, "geometry": { "type": "Point", "coordinates": [ -64.2182418, -31.3545683 ] } },
{ "type": "Feature", "properties": { "Name": "28.49", "P.K.": null, "Al.Dist. Izq.": 65, "Al.Dist. Der.": 45, "Ruta": "A019" }, "geometry": { "type": "Point", "coordinates": [ -64.2178546, -31.3542339 ] } },
{ "type": "Feature", "properties": { "Name": "28.55", "P.K.": null, "Al.Dist. Izq.": 65, "Al.Dist. Der.": 45, "Ruta": "A019" }, "geometry": { "type": "Point", "coordinates": [ -64.2172786, -31.3546249 ] } },
{ "type": "Feature", "properties": { "Name": "28.66", "P.K.": null, "Al.Dist. Izq.": 65, "Al.Dist. Der.": 45, "Ruta": "A019" }, "geometry": { "type": "Point", "coordinates": [ -64.2161853, -31.3547887 ] } },
{ "type": "Feature", "properties": { "Name": "28.77", "P.K.": null, "Al.Dist. Izq.": 65, "Al.Dist. Der.": 45, "Ruta": "A019" }, "geometry": { "type": "Point", "coordinates": [ -64.2150014, -31.3549488 ] } },
{ "type": "Feature", "properties": { "Name": "28.79", "P.K.": null, "Al.Dist. Izq.": 65, "Al.Dist. Der.": 45, "Ruta": "A019" }, "geometry": { "type": "Point", "coordinates": [ -64.2147587, -31.3548426 ] } },
{ "type": "Feature", "properties": { "Name": "28.83", "P.K.": null, "Al.Dist. Izq.": 65, "Al.Dist. Der.": 45, "Ruta": "A019" }, "geometry": { "type": "Point", "coordinates": [ -64.2143957, -31.3550088 ] } },
{ "type": "Feature", "properties": { "Name": "28.85", "P.K.": null, "Al.Dist. Izq.": 65, "Al.Dist. Der.": 45, "Ruta": "A019" }, "geometry": { "type": "Point", "coordinates": [ -64.214185, -31.3547143 ] } },
{ "type": "Feature", "properties": { "Name": "29.18", "P.K.": null, "Al.Dist. Izq.": 65, "Al.Dist. Der.": 45, "Ruta": "A019" }, "geometry": { "type": "Point", "coordinates": [ -64.2107163, -31.354744 ] } },
{ "type": "Feature", "properties": { "Name": "29.35", "P.K.": null, "Al.Dist. Izq.": 65, "Al.Dist. Der.": 45, "Ruta": "A019" }, "geometry": { "type": "Point", "coordinates": [ -64.2088876, -31.3550445 ] } },
{ "type": "Feature", "properties": { "Name": "29.45", "P.K.": null, "Al.Dist. Izq.": 65, "Al.Dist. Der.": 45, "Ruta": "A019" }, "geometry": { "type": "Point", "coordinates": [ -64.2079263, -31.3546052 ] } },
{ "type": "Feature", "properties": { "Name": "29.5", "P.K.": null, "Al.Dist. Izq.": 65, "Al.Dist. Der.": 45, "Ruta": "A019" }, "geometry": { "type": "Point", "coordinates": [ -64.2073031, -31.3549795 ] } },
{ "type": "Feature", "properties": { "Name": "29.5", "P.K.": null, "Al.Dist. Izq.": null, "Al.Dist. Der.": null, "Ruta": "A019" }, "geometry": { "type": "Point", "coordinates": [ -64.2073031, -31.3549795 ] } },
{ "type": "Feature", "properties": { "Name": "29.58", "P.K.": null, "Al.Dist. Izq.": null, "Al.Dist. Der.": null, "Ruta": "A019" }, "geometry": { "type": "Point", "coordinates": [ -64.2065253, -31.3548824 ] } },
{ "type": "Feature", "properties": { "Name": "29.71", "P.K.": null, "Al.Dist. Izq.": null, "Al.Dist. Der.": null, "Ruta": "A019" }, "geometry": { "type": "Point", "coordinates": [ -64.205162, -31.3546273 ] } },
{ "type": "Feature", "properties": { "Name": "29.79", "P.K.": null, "Al.Dist. Izq.": null, "Al.Dist. Der.": null, "Ruta": "A019" }, "geometry": { "type": "Point", "coordinates": [ -64.2043356, -31.3545363 ] } },
{ "type": "Feature", "properties": { "Name": "29.92", "P.K.": null, "Al.Dist. Izq.": null, "Al.Dist. Der.": null, "Ruta": "A019" }, "geometry": { "type": "Point", "coordinates": [ -64.203017, -31.354298 ] } },
{ "type": "Feature", "properties": { "Name": "29.92", "P.K.": null, "Al.Dist. Izq.": null, "Al.Dist. Der.": null, "Ruta": "A019" }, "geometry": { "type": "Point", "coordinates": [ -64.202971, -31.354022 ] } },
{ "type": "Feature", "properties": { "Name": "30.02", "P.K.": null, "Al.Dist. Izq.": null, "Al.Dist. Der.": null, "Ruta": "A019" }, "geometry": { "type": "Point", "coordinates": [ -64.2019233, -31.3542124 ] } },
{ "type": "Feature", "properties": { "Name": "30.09", "P.K.": null, "Al.Dist. Izq.": null, "Al.Dist. Der.": null, "Ruta": "A019" }, "geometry": { "type": "Point", "coordinates": [ -64.2012524, -31.3537266 ] } },
{ "type": "Feature", "properties": { "Name": "30.25", "P.K.": null, "Al.Dist. Izq.": null, "Al.Dist. Der.": null, "Ruta": "A019" }, "geometry": { "type": "Point", "coordinates": [ -64.1996473, -31.3534454 ] } },
{ "type": "Feature", "properties": { "Name": "30.37", "P.K.": null, "Al.Dist. Izq.": null, "Al.Dist. Der.": null, "Ruta": "A019" }, "geometry": { "type": "Point", "coordinates": [ -64.1983561, -31.353622 ] } },
{ "type": "Feature", "properties": { "Name": "30.42", "P.K.": null, "Al.Dist. Izq.": null, "Al.Dist. Der.": null, "Ruta": "A019" }, "geometry": { "type": "Point", "coordinates": [ -64.1978815, -31.3531774 ] } },
{ "type": "Feature", "properties": { "Name": "30.58", "P.K.": null, "Al.Dist. Izq.": null, "Al.Dist. Der.": null, "Ruta": "A019" }, "geometry": { "type": "Point", "coordinates": [ -64.1961689, -31.3534299 ] } },
{ "type": "Feature", "properties": { "Name": "30.6", "P.K.": null, "Al.Dist. Izq.": null, "Al.Dist. Der.": null, "Ruta": "A019" }, "geometry": { "type": "Point", "coordinates": [ -64.195896, -31.3532602 ] } },
{ "type": "Feature", "properties": { "Name": "30.65", "P.K.": null, "Al.Dist. Izq.": null, "Al.Dist. Der.": null, "Ruta": "A019" }, "geometry": { "type": "Point", "coordinates": [ -64.1953569, -31.3531302 ] } },
{ "type": "Feature", "properties": { "Name": "30.67", "P.K.": null, "Al.Dist. Izq.": null, "Al.Dist. Der.": null, "Ruta": "A019" }, "geometry": { "type": "Point", "coordinates": [ -64.1951618, -31.3534451 ] } },
{ "type": "Feature", "properties": { "Name": "30.72", "P.K.": null, "Al.Dist. Izq.": null, "Al.Dist. Der.": null, "Ruta": "A019" }, "geometry": { "type": "Point", "coordinates": [ -64.1946798, -31.3531285 ] } },
{ "type": "Feature", "properties": { "Name": "30.73", "P.K.": null, "Al.Dist. Izq.": null, "Al.Dist. Der.": null, "Ruta": "A019" }, "geometry": { "type": "Point", "coordinates": [ -64.1946101, -31.353415 ] } },
{ "type": "Feature", "properties": { "Name": "31.13", "P.K.": null, "Al.Dist. Izq.": null, "Al.Dist. Der.": null, "Ruta": "A019" }, "geometry": { "type": "Point", "coordinates": [ -64.1904299, -31.3541512 ] } },
{ "type": "Feature", "properties": { "Name": "31.17", "P.K.": null, "Al.Dist. Izq.": null, "Al.Dist. Der.": null, "Ruta": "A019" }, "geometry": { "type": "Point", "coordinates": [ -64.1901296, -31.3545749 ] } },
{ "type": "Feature", "properties": { "Name": "31.19", "P.K.": null, "Al.Dist. Izq.": null, "Al.Dist. Der.": null, "Ruta": "A019" }, "geometry": { "type": "Point", "coordinates": [ -64.1900076, -31.3546213 ] } },
{ "type": "Feature", "properties": { "Name": "31.24", "P.K.": null, "Al.Dist. Izq.": null, "Al.Dist. Der.": null, "Ruta": "A019" }, "geometry": { "type": "Point", "coordinates": [ -64.189483, -31.3547027 ] } },
{ "type": "Feature", "properties": { "Name": "31.33", "P.K.": null, "Al.Dist. Izq.": null, "Al.Dist. Der.": null, "Ruta": "A019" }, "geometry": { "type": "Point", "coordinates": [ -64.1885605, -31.3549912 ] } },
{ "type": "Feature", "properties": { "Name": "31.5", "P.K.": null, "Al.Dist. Izq.": null, "Al.Dist. Der.": null, "Ruta": "A019" }, "geometry": { "type": "Point", "coordinates": [ -64.1868228, -31.355433 ] } },
{ "type": "Feature", "properties": { "Name": "31.52", "P.K.": null, "Al.Dist. Izq.": null, "Al.Dist. Der.": null, "Ruta": "A019" }, "geometry": { "type": "Point", "coordinates": [ -64.1865971, -31.3551218 ] } },
{ "type": "Feature", "properties": { "Name": "31.6", "P.K.": null, "Al.Dist. Izq.": null, "Al.Dist. Der.": null, "Ruta": "A019" }, "geometry": { "type": "Point", "coordinates": [ -64.1857935, -31.3556263 ] } },
{ "type": "Feature", "properties": { "Name": "31.6", "P.K.": null, "Al.Dist. Izq.": 70, "Al.Dist. Der.": 40, "Ruta": "A019" }, "geometry": { "type": "Point", "coordinates": [ -64.1857935, -31.3556263 ] } },
{ "type": "Feature", "properties": { "Name": "31.6", "P.K.": null, "Al.Dist. Izq.": 70, "Al.Dist. Der.": 40, "Ruta": "A019" }, "geometry": { "type": "Point", "coordinates": [ -64.1857365, -31.3554026 ] } },
{ "type": "Feature", "properties": { "Name": "31.73", "P.K.": null, "Al.Dist. Izq.": 70, "Al.Dist. Der.": 40, "Ruta": "A019" }, "geometry": { "type": "Point", "coordinates": [ -64.1844661, -31.3556492 ] } },
{ "type": "Feature", "properties": { "Name": "31.78", "P.K.": null, "Al.Dist. Izq.": 70, "Al.Dist. Der.": 40, "Ruta": "A019" }, "geometry": { "type": "Point", "coordinates": [ -64.1839793, -31.3558227 ] } },
{ "type": "Feature", "properties": { "Name": "31.83", "P.K.": null, "Al.Dist. Izq.": 70, "Al.Dist. Der.": 40, "Ruta": "A019" }, "geometry": { "type": "Point", "coordinates": [ -64.1834157, -31.3558988 ] } },
{ "type": "Feature", "properties": { "Name": "31.84", "P.K.": null, "Al.Dist. Izq.": 70, "Al.Dist. Der.": 40, "Ruta": "A019" }, "geometry": { "type": "Point", "coordinates": [ -64.183345, -31.356214 ] } },
{ "type": "Feature", "properties": { "Name": "31.88", "P.K.": null, "Al.Dist. Izq.": 70, "Al.Dist. Der.": 40, "Ruta": "A019" }, "geometry": { "type": "Point", "coordinates": [ -64.1829317, -31.3562059 ] } },
{ "type": "Feature", "properties": { "Name": "31.94", "P.K.": null, "Al.Dist. Izq.": 70, "Al.Dist. Der.": 40, "Ruta": "A019" }, "geometry": { "type": "Point", "coordinates": [ -64.1824461, -31.3565376 ] } },
{ "type": "Feature", "properties": { "Name": "31.95", "P.K.": null, "Al.Dist. Izq.": 70, "Al.Dist. Der.": 40, "Ruta": "A019" }, "geometry": { "type": "Point", "coordinates": [ -64.1822302, -31.3562325 ] } },
{ "type": "Feature", "properties": { "Name": "32", "P.K.": null, "Al.Dist. Izq.": 70, "Al.Dist. Der.": 40, "Ruta": "A019" }, "geometry": { "type": "Point", "coordinates": [ -64.1817239, -31.3566275 ] } },
{ "type": "Feature", "properties": { "Name": "32.1", "P.K.": null, "Al.Dist. Izq.": 70, "Al.Dist. Der.": 40, "Ruta": "A019" }, "geometry": { "type": "Point", "coordinates": [ -64.1807399, -31.3569341 ] } },
{ "type": "Feature", "properties": { "Name": "32.16", "P.K.": null, "Al.Dist. Izq.": 70, "Al.Dist. Der.": 40, "Ruta": "A019" }, "geometry": { "type": "Point", "coordinates": [ -64.18016, -31.35704 ] } },
{ "type": "Feature", "properties": { "Name": "32.16", "P.K.": null, "Al.Dist. Izq.": null, "Al.Dist. Der.": null, "Ruta": "A019" }, "geometry": { "type": "Point", "coordinates": [ -64.18016, -31.35704 ] } },
{ "type": "Feature", "properties": { "Name": "32.26", "P.K.": null, "Al.Dist. Izq.": null, "Al.Dist. Der.": null, "Ruta": "A019" }, "geometry": { "type": "Point", "coordinates": [ -64.17911, -31.3572502 ] } },
{ "type": "Feature", "properties": { "Name": "32.32", "P.K.": null, "Al.Dist. Izq.": null, "Al.Dist. Der.": null, "Ruta": "A019" }, "geometry": { "type": "Point", "coordinates": [ -64.1785374, -31.357383 ] } },
{ "type": "Feature", "properties": { "Name": "32.38", "P.K.": null, "Al.Dist. Izq.": null, "Al.Dist. Der.": null, "Ruta": "A019" }, "geometry": { "type": "Point", "coordinates": [ -64.1779494, -31.3574669 ] } },
{ "type": "Feature", "properties": { "Name": "32.42", "P.K.": null, "Al.Dist. Izq.": null, "Al.Dist. Der.": null, "Ruta": "A019" }, "geometry": { "type": "Point", "coordinates": [ -64.1774419, -31.357164 ] } },
{ "type": "Feature", "properties": { "Name": "32.47", "P.K.": null, "Al.Dist. Izq.": null, "Al.Dist. Der.": null, "Ruta": "A019" }, "geometry": { "type": "Point", "coordinates": [ -64.1770106, -31.3576344 ] } },
{ "type": "Feature", "properties": { "Name": "32.47", "P.K.": null, "Al.Dist. Izq.": null, "Al.Dist. Der.": null, "Ruta": "A019" }, "geometry": { "type": "Point", "coordinates": [ -64.1769432, -31.357217 ] } },
{ "type": "Feature", "properties": { "Name": "32.54", "P.K.": null, "Al.Dist. Izq.": null, "Al.Dist. Der.": null, "Ruta": "A019" }, "geometry": { "type": "Point", "coordinates": [ -64.176241, -31.357695 ] } },
{ "type": "Feature", "properties": { "Name": "32.54", "P.K.": null, "Al.Dist. Izq.": null, "Al.Dist. Der.": null, "Ruta": "A019" }, "geometry": { "type": "Point", "coordinates": [ -64.176241, -31.357695 ] } },
{ "type": "Feature", "properties": { "Name": "32.54", "P.K.": null, "Al.Dist. Izq.": null, "Al.Dist. Der.": null, "Ruta": "A019" }, "geometry": { "type": "Point", "coordinates": [ -64.176241, -31.357695 ] } },
{ "type": "Feature", "properties": { "Name": "32.55", "P.K.": null, "Al.Dist. Izq.": null, "Al.Dist. Der.": null, "Ruta": "A019" }, "geometry": { "type": "Point", "coordinates": [ -64.1761331, -31.3577248 ] } },
{ "type": "Feature", "properties": { "Name": "32.55", "P.K.": null, "Al.Dist. Izq.": null, "Al.Dist. Der.": null, "Ruta": "A019" }, "geometry": { "type": "Point", "coordinates": [ -64.1761331, -31.3577248 ] } },
{ "type": "Feature", "properties": { "Name": "32.55", "P.K.": null, "Al.Dist. Izq.": null, "Al.Dist. Der.": null, "Ruta": "A019" }, "geometry": { "type": "Point", "coordinates": [ -64.1761037, -31.3574283 ] } },
{ "type": "Feature", "properties": { "Name": "32.59", "P.K.": null, "Al.Dist. Izq.": null, "Al.Dist. Der.": null, "Ruta": "A019" }, "geometry": { "type": "Point", "coordinates": [ -64.1756973, -31.3578892 ] } },
{ "type": "Feature", "properties": { "Name": "32.71", "P.K.": null, "Al.Dist. Izq.": null, "Al.Dist. Der.": null, "Ruta": "A019" }, "geometry": { "type": "Point", "coordinates": [ -64.1745059, -31.3580592 ] } },
{ "type": "Feature", "properties": { "Name": "32.73", "P.K.": null, "Al.Dist. Izq.": null, "Al.Dist. Der.": null, "Ruta": "A019" }, "geometry": { "type": "Point", "coordinates": [ -64.1742092, -31.3577329 ] } },
{ "type": "Feature", "properties": { "Name": "32.85", "P.K.": null, "Al.Dist. Izq.": null, "Al.Dist. Der.": null, "Ruta": "A019" }, "geometry": { "type": "Point", "coordinates": [ -64.1730651, -31.3582603 ] } },
{ "type": "Feature", "properties": { "Name": "32.88", "P.K.": null, "Al.Dist. Izq.": null, "Al.Dist. Der.": null, "Ruta": "A019" }, "geometry": { "type": "Point", "coordinates": [ -64.1727371, -31.3583787 ] } },
{ "type": "Feature", "properties": { "Name": "32.9", "P.K.": null, "Al.Dist. Izq.": null, "Al.Dist. Der.": null, "Ruta": "A019" }, "geometry": { "type": "Point", "coordinates": [ -64.1724911, -31.3579949 ] } },
{ "type": "Feature", "properties": { "Name": "32.94", "P.K.": null, "Al.Dist. Izq.": null, "Al.Dist. Der.": null, "Ruta": "A019" }, "geometry": { "type": "Point", "coordinates": [ -64.1720217, -31.3580765 ] } },
{ "type": "Feature", "properties": { "Name": "32.94", "P.K.": null, "Al.Dist. Izq.": 70, "Al.Dist. Der.": 40, "Ruta": "A019" }, "geometry": { "type": "Point", "coordinates": [ -64.1720217, -31.3580765 ] } },
{ "type": "Feature", "properties": { "Name": "33", "P.K.": null, "Al.Dist. Izq.": 70, "Al.Dist. Der.": 40, "Ruta": "A019" }, "geometry": { "type": "Point", "coordinates": [ -64.1714782, -31.358207 ] } },
{ "type": "Feature", "properties": { "Name": "33.06", "P.K.": null, "Al.Dist. Izq.": 70, "Al.Dist. Der.": 40, "Ruta": "A019" }, "geometry": { "type": "Point", "coordinates": [ -64.1709106, -31.3586628 ] } },
{ "type": "Feature", "properties": { "Name": "33.07", "P.K.": null, "Al.Dist. Izq.": 70, "Al.Dist. Der.": 40, "Ruta": "A019" }, "geometry": { "type": "Point", "coordinates": [ -64.1706887, -31.358334 ] } },
{ "type": "Feature", "properties": { "Name": "33.09", "P.K.": null, "Al.Dist. Izq.": 70, "Al.Dist. Der.": 40, "Ruta": "A019" }, "geometry": { "type": "Point", "coordinates": [ -64.1705389, -31.3586924 ] } },
{ "type": "Feature", "properties": { "Name": "33.21", "P.K.": null, "Al.Dist. Izq.": 70, "Al.Dist. Der.": 40, "Ruta": "A019" }, "geometry": { "type": "Point", "coordinates": [ -64.1693127, -31.3589269 ] } },
{ "type": "Feature", "properties": { "Name": "33.33", "P.K.": null, "Al.Dist. Izq.": 70, "Al.Dist. Der.": 40, "Ruta": "A019" }, "geometry": { "type": "Point", "coordinates": [ -64.1681285, -31.3592051 ] } },
{ "type": "Feature", "properties": { "Name": "33.36", "P.K.": null, "Al.Dist. Izq.": 70, "Al.Dist. Der.": 40, "Ruta": "A019" }, "geometry": { "type": "Point", "coordinates": [ -64.1677697, -31.3592028 ] } },
{ "type": "Feature", "properties": { "Name": "33.49", "P.K.": null, "Al.Dist. Izq.": 70, "Al.Dist. Der.": 40, "Ruta": "A019" }, "geometry": { "type": "Point", "coordinates": [ -64.1664098, -31.3591149 ] } },
{ "type": "Feature", "properties": { "Name": "33.68", "P.K.": null, "Al.Dist. Izq.": 70, "Al.Dist. Der.": 40, "Ruta": "A019" }, "geometry": { "type": "Point", "coordinates": [ -64.1645189, -31.3595732 ] } },
{ "type": "Feature", "properties": { "Name": "33.68", "P.K.": null, "Al.Dist. Izq.": 70, "Al.Dist. Der.": 40, "Ruta": "A019" }, "geometry": { "type": "Point", "coordinates": [ -64.1644598, -31.3597514 ] } },
{ "type": "Feature", "properties": { "Name": "33.99", "P.K.": null, "Al.Dist. Izq.": 70, "Al.Dist. Der.": 40, "Ruta": "A019" }, "geometry": { "type": "Point", "coordinates": [ -64.161259, -31.3601965 ] } },
{ "type": "Feature", "properties": { "Name": "34.06", "P.K.": null, "Al.Dist. Izq.": 70, "Al.Dist. Der.": 40, "Ruta": "A019" }, "geometry": { "type": "Point", "coordinates": [ -64.1606256, -31.3603932 ] } },
{ "type": "Feature", "properties": { "Name": "34.19", "P.K.": null, "Al.Dist. Izq.": 70, "Al.Dist. Der.": 40, "Ruta": "A019" }, "geometry": { "type": "Point", "coordinates": [ -64.1591958, -31.3602743 ] } },
{ "type": "Feature", "properties": { "Name": "34.39", "P.K.": null, "Al.Dist. Izq.": 70, "Al.Dist. Der.": 40, "Ruta": "A019" }, "geometry": { "type": "Point", "coordinates": [ -64.1571512, -31.36094 ] } },
{ "type": "Feature", "properties": { "Name": "34.42", "P.K.": null, "Al.Dist. Izq.": 70, "Al.Dist. Der.": 40, "Ruta": "A019" }, "geometry": { "type": "Point", "coordinates": [ -64.156854, -31.3606594 ] } },
{ "type": "Feature", "properties": { "Name": "34.53", "P.K.": null, "Al.Dist. Izq.": 70, "Al.Dist. Der.": 40, "Ruta": "A019" }, "geometry": { "type": "Point", "coordinates": [ -64.1557794, -31.3612114 ] } },
{ "type": "Feature", "properties": { "Name": "34.66", "P.K.": null, "Al.Dist. Izq.": 70, "Al.Dist. Der.": 40, "Ruta": "A019" }, "geometry": { "type": "Point", "coordinates": [ -64.1543496, -31.3610821 ] } },
{ "type": "Feature", "properties": { "Name": "34.76", "P.K.": null, "Al.Dist. Izq.": 70, "Al.Dist. Der.": 40, "Ruta": "A019" }, "geometry": { "type": "Point", "coordinates": [ -64.1533846, -31.3615551 ] } },
{ "type": "Feature", "properties": { "Name": "34.81", "P.K.": null, "Al.Dist. Izq.": 70, "Al.Dist. Der.": 40, "Ruta": "A019" }, "geometry": { "type": "Point", "coordinates": [ -64.1528721, -31.3616428 ] } },
{ "type": "Feature", "properties": { "Name": "34.85", "P.K.": null, "Al.Dist. Izq.": 70, "Al.Dist. Der.": 40, "Ruta": "A019" }, "geometry": { "type": "Point", "coordinates": [ -64.1523681, -31.361585 ] } },
{ "type": "Feature", "properties": { "Name": "34.85", "P.K.": null, "Al.Dist. Izq.": 70, "Al.Dist. Der.": 40, "Ruta": "A019" }, "geometry": { "type": "Point", "coordinates": [ -64.1524269, -31.361856 ] } },
{ "type": "Feature", "properties": { "Name": "34.85", "P.K.": null, "Al.Dist. Izq.": 70, "Al.Dist. Der.": 40, "Ruta": "A019" }, "geometry": { "type": "Point", "coordinates": [ -64.1524621, -31.361713 ] } },
{ "type": "Feature", "properties": { "Name": "34.91", "P.K.": null, "Al.Dist. Izq.": 70, "Al.Dist. Der.": 40, "Ruta": "A019" }, "geometry": { "type": "Point", "coordinates": [ -64.1517687, -31.3618822 ] } },
{ "type": "Feature", "properties": { "Name": "34.99", "P.K.": null, "Al.Dist. Izq.": 70, "Al.Dist. Der.": 40, "Ruta": "A019" }, "geometry": { "type": "Point", "coordinates": [ -64.15101, -31.36201 ] } },
{ "type": "Feature", "properties": { "Name": "34.99", "P.K.": null, "Al.Dist. Izq.": null, "Al.Dist. Der.": null, "Ruta": "A019" }, "geometry": { "type": "Point", "coordinates": [ -64.15101, -31.36201 ] } },
{ "type": "Feature", "properties": { "Name": "35.07", "P.K.": null, "Al.Dist. Izq.": null, "Al.Dist. Der.": null, "Ruta": "A019" }, "geometry": { "type": "Point", "coordinates": [ -64.1501674, -31.362143 ] } },
{ "type": "Feature", "properties": { "Name": "35.07", "P.K.": null, "Al.Dist. Izq.": null, "Al.Dist. Der.": null, "Ruta": "A019" }, "geometry": { "type": "Point", "coordinates": [ -64.1501218, -31.3618071 ] } },
{ "type": "Feature", "properties": { "Name": "35.16", "P.K.": null, "Al.Dist. Izq.": null, "Al.Dist. Der.": null, "Ruta": "A019" }, "geometry": { "type": "Point", "coordinates": [ -64.1492641, -31.3623059 ] } },
{ "type": "Feature", "properties": { "Name": "35.19", "P.K.": null, "Al.Dist. Izq.": null, "Al.Dist. Der.": null, "Ruta": "A019" }, "geometry": { "type": "Point", "coordinates": [ -64.1488734, -31.3623202 ] } },
{ "type": "Feature", "properties": { "Name": "35.21", "P.K.": null, "Al.Dist. Izq.": null, "Al.Dist. Der.": null, "Ruta": "A019" }, "geometry": { "type": "Point", "coordinates": [ -64.1486757, -31.3619773 ] } },
{ "type": "Feature", "properties": { "Name": "35.25", "P.K.": null, "Al.Dist. Izq.": null, "Al.Dist. Der.": null, "Ruta": "A019" }, "geometry": { "type": "Point", "coordinates": [ -64.148269, -31.3620423 ] } },
{ "type": "Feature", "properties": { "Name": "35.29", "P.K.": null, "Al.Dist. Izq.": null, "Al.Dist. Der.": null, "Ruta": "A019" }, "geometry": { "type": "Point", "coordinates": [ -64.147848, -31.362494 ] } },
{ "type": "Feature", "properties": { "Name": "35.3", "P.K.": null, "Al.Dist. Izq.": null, "Al.Dist. Der.": null, "Ruta": "A019" }, "geometry": { "type": "Point", "coordinates": [ -64.1477762, -31.3624579 ] } },
{ "type": "Feature", "properties": { "Name": "35.35", "P.K.": null, "Al.Dist. Izq.": null, "Al.Dist. Der.": null, "Ruta": "A019" }, "geometry": { "type": "Point", "coordinates": [ -64.1472589, -31.362683 ] } },
{ "type": "Feature", "properties": { "Name": "35.36", "P.K.": null, "Al.Dist. Izq.": null, "Al.Dist. Der.": null, "Ruta": "A019" }, "geometry": { "type": "Point", "coordinates": [ -64.1471294, -31.3627127 ] } },
{ "type": "Feature", "properties": { "Name": "35.39", "P.K.": null, "Al.Dist. Izq.": null, "Al.Dist. Der.": null, "Ruta": "A019" }, "geometry": { "type": "Point", "coordinates": [ -64.1468599, -31.362758 ] } },
{ "type": "Feature", "properties": { "Name": "35.41", "P.K.": null, "Al.Dist. Izq.": null, "Al.Dist. Der.": null, "Ruta": "A019" }, "geometry": { "type": "Point", "coordinates": [ -64.1466424, -31.3623543 ] } },
{ "type": "Feature", "properties": { "Name": "35.53", "P.K.": null, "Al.Dist. Izq.": null, "Al.Dist. Der.": null, "Ruta": "A019" }, "geometry": { "type": "Point", "coordinates": [ -64.1454149, -31.3629413 ] } },
{ "type": "Feature", "properties": { "Name": "35.57", "P.K.": null, "Al.Dist. Izq.": null, "Al.Dist. Der.": null, "Ruta": "A019" }, "geometry": { "type": "Point", "coordinates": [ -64.1449403, -31.3626374 ] } },
{ "type": "Feature", "properties": { "Name": "35.69", "P.K.": null, "Al.Dist. Izq.": null, "Al.Dist. Der.": null, "Ruta": "A019" }, "geometry": { "type": "Point", "coordinates": [ -64.14374, -31.36315 ] } },
{ "type": "Feature", "properties": { "Name": "35.69", "P.K.": null, "Al.Dist. Izq.": 70, "Al.Dist. Der.": 40, "Ruta": "A019" }, "geometry": { "type": "Point", "coordinates": [ -64.14374, -31.36315 ] } },
{ "type": "Feature", "properties": { "Name": "35.74", "P.K.": null, "Al.Dist. Izq.": 70, "Al.Dist. Der.": 40, "Ruta": "A019" }, "geometry": { "type": "Point", "coordinates": [ -64.1432325, -31.3628424 ] } },
{ "type": "Feature", "properties": { "Name": "35.82", "P.K.": null, "Al.Dist. Izq.": 70, "Al.Dist. Der.": 40, "Ruta": "A019" }, "geometry": { "type": "Point", "coordinates": [ -64.1423598, -31.3632063 ] } },
{ "type": "Feature", "properties": { "Name": "35.93", "P.K.": null, "Al.Dist. Izq.": 70, "Al.Dist. Der.": 40, "Ruta": "A019" }, "geometry": { "type": "Point", "coordinates": [ -64.1412714, -31.3634537 ] } },
{ "type": "Feature", "properties": { "Name": "36.04", "P.K.": null, "Al.Dist. Izq.": 70, "Al.Dist. Der.": 40, "Ruta": "A019" }, "geometry": { "type": "Point", "coordinates": [ -64.1401073, -31.3635706 ] } },
{ "type": "Feature", "properties": { "Name": "36.09", "P.K.": null, "Al.Dist. Izq.": 70, "Al.Dist. Der.": 40, "Ruta": "A019" }, "geometry": { "type": "Point", "coordinates": [ -64.13956, -31.36339 ] } },
{ "type": "Feature", "properties": { "Name": "36.12", "P.K.": null, "Al.Dist. Izq.": 70, "Al.Dist. Der.": 40, "Ruta": "A019" }, "geometry": { "type": "Point", "coordinates": [ -64.1392274, -31.3636852 ] } },
{ "type": "Feature", "properties": { "Name": "36.22", "P.K.": null, "Al.Dist. Izq.": 70, "Al.Dist. Der.": 40, "Ruta": "A019" }, "geometry": { "type": "Point", "coordinates": [ -64.13816, -31.36349 ] } },
{ "type": "Feature", "properties": { "Name": "36.23", "P.K.": null, "Al.Dist. Izq.": 70, "Al.Dist. Der.": 40, "Ruta": "A019" }, "geometry": { "type": "Point", "coordinates": [ -64.1381238, -31.3637721 ] } },
{ "type": "Feature", "properties": { "Name": "36.39", "P.K.": null, "Al.Dist. Izq.": 70, "Al.Dist. Der.": 40, "Ruta": "A019" }, "geometry": { "type": "Point", "coordinates": [ -64.13648, -31.36407 ] } },
{ "type": "Feature", "properties": { "Name": "36.39", "P.K.": null, "Al.Dist. Izq.": null, "Al.Dist. Der.": null, "Ruta": "A019" }, "geometry": { "type": "Point", "coordinates": [ -64.13648, -31.36407 ] } },
{ "type": "Feature", "properties": { "Name": "36.4", "P.K.": null, "Al.Dist. Izq.": null, "Al.Dist. Der.": null, "Ruta": "A019" }, "geometry": { "type": "Point", "coordinates": [ -64.1363376, -31.36375 ] } },
{ "type": "Feature", "properties": { "Name": "36.68", "P.K.": null, "Al.Dist. Izq.": null, "Al.Dist. Der.": null, "Ruta": "A019" }, "geometry": { "type": "Point", "coordinates": [ -64.1336586, -31.3650648 ] } },
{ "type": "Feature", "properties": { "Name": "36.91", "P.K.": null, "Al.Dist. Izq.": null, "Al.Dist. Der.": null, "Ruta": "A019" }, "geometry": { "type": "Point", "coordinates": [ -64.1317885, -31.3662876 ] } },
{ "type": "Feature", "properties": { "Name": "37.09", "P.K.": null, "Al.Dist. Izq.": null, "Al.Dist. Der.": null, "Ruta": "A019" }, "geometry": { "type": "Point", "coordinates": [ -64.1304471, -31.3674206 ] } },
{ "type": "Feature", "properties": { "Name": "37.2", "P.K.": null, "Al.Dist. Izq.": null, "Al.Dist. Der.": null, "Ruta": "A019" }, "geometry": { "type": "Point", "coordinates": [ -64.1296659, -31.36824 ] } },
{ "type": "Feature", "properties": { "Name": "37.26", "P.K.": null, "Al.Dist. Izq.": null, "Al.Dist. Der.": null, "Ruta": "A019" }, "geometry": { "type": "Point", "coordinates": [ -64.1293595, -31.3686625 ] } },
{ "type": "Feature", "properties": { "Name": "37.27", "P.K.": null, "Al.Dist. Izq.": null, "Al.Dist. Der.": null, "Ruta": "A019" }, "geometry": { "type": "Point", "coordinates": [ -64.1290713, -31.3685797 ] } },
{ "type": "Feature", "properties": { "Name": "37.38", "P.K.": null, "Al.Dist. Izq.": null, "Al.Dist. Der.": null, "Ruta": "A019" }, "geometry": { "type": "Point", "coordinates": [ -64.1284918, -31.3695365 ] } },
{ "type": "Feature", "properties": { "Name": "37.39", "P.K.": null, "Al.Dist. Izq.": null, "Al.Dist. Der.": null, "Ruta": "A019" }, "geometry": { "type": "Point", "coordinates": [ -64.1285548, -31.3696055 ] } },
{ "type": "Feature", "properties": { "Name": "37.39", "P.K.": null, "Al.Dist. Izq.": null, "Al.Dist. Der.": null, "Ruta": "A019" }, "geometry": { "type": "Point", "coordinates": [ -64.1287905, -31.3697472 ] } },
{ "type": "Feature", "properties": { "Name": "37.53", "P.K.": null, "Al.Dist. Izq.": null, "Al.Dist. Der.": null, "Ruta": "A019" }, "geometry": { "type": "Point", "coordinates": [ -64.1283423, -31.3709402 ] } },
{ "type": "Feature", "properties": { "Name": "37.6", "P.K.": null, "Al.Dist. Izq.": null, "Al.Dist. Der.": null, "Ruta": "A019" }, "geometry": { "type": "Point", "coordinates": [ -64.1277059, -31.3714393 ] } },
{ "type": "Feature", "properties": { "Name": "37.7", "P.K.": null, "Al.Dist. Izq.": null, "Al.Dist. Der.": null, "Ruta": "A019" }, "geometry": { "type": "Point", "coordinates": [ -64.1280016, -31.37241 ] } },
{ "type": "Feature", "properties": { "Name": "37.73", "P.K.": null, "Al.Dist. Izq.": null, "Al.Dist. Der.": null, "Ruta": "A019" }, "geometry": { "type": "Point", "coordinates": [ -64.1279221, -31.3726719 ] } },
{ "type": "Feature", "properties": { "Name": "37.88", "P.K.": null, "Al.Dist. Izq.": null, "Al.Dist. Der.": null, "Ruta": "A019" }, "geometry": { "type": "Point", "coordinates": [ -64.1277468, -31.3740655 ] } },
{ "type": "Feature", "properties": { "Name": "37.95", "P.K.": null, "Al.Dist. Izq.": null, "Al.Dist. Der.": null, "Ruta": "A019" }, "geometry": { "type": "Point", "coordinates": [ -64.12734, -31.37468 ] } },
{ "type": "Feature", "properties": { "Name": "38", "P.K.": null, "Al.Dist. Izq.": null, "Al.Dist. Der.": null, "Ruta": "A019" }, "geometry": { "type": "Point", "coordinates": [ -64.1272716, -31.3751085 ] } },
{ "type": "Feature", "properties": { "Name": "38.06", "P.K.": null, "Al.Dist. Izq.": null, "Al.Dist. Der.": null, "Ruta": "A019" }, "geometry": { "type": "Point", "coordinates": [ -64.1276227, -31.3757063 ] } },
{ "type": "Feature", "properties": { "Name": "38.13", "P.K.": null, "Al.Dist. Izq.": null, "Al.Dist. Der.": null, "Ruta": "A019" }, "geometry": { "type": "Point", "coordinates": [ -64.127519, -31.37626 ] } },
{ "type": "Feature", "properties": { "Name": "38.13", "P.K.": null, "Al.Dist. Izq.": null, "Al.Dist. Der.": null, "Ruta": "A019" }, "geometry": { "type": "Point", "coordinates": [ -64.127223, -31.376218 ] } },
{ "type": "Feature", "properties": { "Name": "38.21", "P.K.": null, "Al.Dist. Izq.": null, "Al.Dist. Der.": null, "Ruta": "A019" }, "geometry": { "type": "Point", "coordinates": [ -64.127447, -31.3770211 ] } },
{ "type": "Feature", "properties": { "Name": "38.43", "P.K.": null, "Al.Dist. Izq.": null, "Al.Dist. Der.": null, "Ruta": "A019" }, "geometry": { "type": "Point", "coordinates": [ -64.1268828, -31.3789599 ] } },
{ "type": "Feature", "properties": { "Name": "38.57", "P.K.": null, "Al.Dist. Izq.": null, "Al.Dist. Der.": null, "Ruta": "A019" }, "geometry": { "type": "Point", "coordinates": [ -64.1268345, -31.3802411 ] } },
{ "type": "Feature", "properties": { "Name": "38.6", "P.K.": null, "Al.Dist. Izq.": null, "Al.Dist. Der.": null, "Ruta": "A019" }, "geometry": { "type": "Point", "coordinates": [ -64.12674, -31.3804647 ] } },
{ "type": "Feature", "properties": { "Name": "38.66", "P.K.": null, "Al.Dist. Izq.": null, "Al.Dist. Der.": null, "Ruta": "A019" }, "geometry": { "type": "Point", "coordinates": [ -64.1267661, -31.3810395 ] } },
{ "type": "Feature", "properties": { "Name": "38.69", "P.K.": null, "Al.Dist. Izq.": null, "Al.Dist. Der.": null, "Ruta": "A019" }, "geometry": { "type": "Point", "coordinates": [ -64.12709, -31.3813 ] } },
{ "type": "Feature", "properties": { "Name": "38.69", "P.K.": null, "Al.Dist. Izq.": 70, "Al.Dist. Der.": 40, "Ruta": "A019" }, "geometry": { "type": "Point", "coordinates": [ -64.12709, -31.3813 ] } },
{ "type": "Feature", "properties": { "Name": "38.71", "P.K.": null, "Al.Dist. Izq.": 70, "Al.Dist. Der.": 40, "Ruta": "A019" }, "geometry": { "type": "Point", "coordinates": [ -64.1270658, -31.381553 ] } },
{ "type": "Feature", "properties": { "Name": "38.74", "P.K.": null, "Al.Dist. Izq.": 70, "Al.Dist. Der.": 40, "Ruta": "A019" }, "geometry": { "type": "Point", "coordinates": [ -64.1266838, -31.3817459 ] } },
{ "type": "Feature", "properties": { "Name": "38.75", "P.K.": null, "Al.Dist. Izq.": 70, "Al.Dist. Der.": 40, "Ruta": "A019" }, "geometry": { "type": "Point", "coordinates": [ -64.1270753, -31.3818318 ] } },
{ "type": "Feature", "properties": { "Name": "38.75", "P.K.": null, "Al.Dist. Izq.": 70, "Al.Dist. Der.": 40, "Ruta": "A019" }, "geometry": { "type": "Point", "coordinates": [ -64.1270759, -31.3818315 ] } },
{ "type": "Feature", "properties": { "Name": "38.82", "P.K.": null, "Al.Dist. Izq.": 70, "Al.Dist. Der.": 40, "Ruta": "A019" }, "geometry": { "type": "Point", "coordinates": [ -64.126686, -31.3824709 ] } },
{ "type": "Feature", "properties": { "Name": "38.83", "P.K.": null, "Al.Dist. Izq.": 70, "Al.Dist. Der.": 40, "Ruta": "A019" }, "geometry": { "type": "Point", "coordinates": [ -64.1270172, -31.3825548 ] } },
{ "type": "Feature", "properties": { "Name": "38.91", "P.K.": null, "Al.Dist. Izq.": 70, "Al.Dist. Der.": 40, "Ruta": "A019" }, "geometry": { "type": "Point", "coordinates": [ -64.1268332, -31.3832749 ] } },
{ "type": "Feature", "properties": { "Name": "38.92", "P.K.": null, "Al.Dist. Izq.": 70, "Al.Dist. Der.": 40, "Ruta": "A019" }, "geometry": { "type": "Point", "coordinates": [ -64.1269676, -31.3834438 ] } },
{ "type": "Feature", "properties": { "Name": "38.94", "P.K.": null, "Al.Dist. Izq.": 70, "Al.Dist. Der.": 40, "Ruta": "A019" }, "geometry": { "type": "Point", "coordinates": [ -64.1269716, -31.3835714 ] } },
{ "type": "Feature", "properties": { "Name": "39.09", "P.K.": null, "Al.Dist. Izq.": 70, "Al.Dist. Der.": 40, "Ruta": "A019" }, "geometry": { "type": "Point", "coordinates": [ -64.1268045, -31.3848929 ] } },
{ "type": "Feature", "properties": { "Name": "39.12", "P.K.": null, "Al.Dist. Izq.": 70, "Al.Dist. Der.": 40, "Ruta": "A019" }, "geometry": { "type": "Point", "coordinates": [ -64.1268006, -31.3852212 ] } },
{ "type": "Feature", "properties": { "Name": "39.13", "P.K.": null, "Al.Dist. Izq.": 70, "Al.Dist. Der.": 40, "Ruta": "A019" }, "geometry": { "type": "Point", "coordinates": [ -64.1263467, -31.3852438 ] } },
{ "type": "Feature", "properties": { "Name": "39.14", "P.K.": null, "Al.Dist. Izq.": 70, "Al.Dist. Der.": 40, "Ruta": "A019" }, "geometry": { "type": "Point", "coordinates": [ -64.12673, -31.38542 ] } },
{ "type": "Feature", "properties": { "Name": "39.19", "P.K.": null, "Al.Dist. Izq.": 70, "Al.Dist. Der.": 40, "Ruta": "A019" }, "geometry": { "type": "Point", "coordinates": [ -64.1263178, -31.3857692 ] } },
{ "type": "Feature", "properties": { "Name": "39.33", "P.K.": null, "Al.Dist. Izq.": 70, "Al.Dist. Der.": 40, "Ruta": "A019" }, "geometry": { "type": "Point", "coordinates": [ -64.1264261, -31.3870974 ] } },
{ "type": "Feature", "properties": { "Name": "39.34", "P.K.": null, "Al.Dist. Izq.": 70, "Al.Dist. Der.": 40, "Ruta": "A019" }, "geometry": { "type": "Point", "coordinates": [ -64.126616, -31.387143 ] } },
{ "type": "Feature", "properties": { "Name": "39.35", "P.K.": null, "Al.Dist. Izq.": 70, "Al.Dist. Der.": 40, "Ruta": "A019" }, "geometry": { "type": "Point", "coordinates": [ -64.1264566, -31.3872926 ] } },
{ "type": "Feature", "properties": { "Name": "39.42", "P.K.": null, "Al.Dist. Izq.": 70, "Al.Dist. Der.": 40, "Ruta": "A019" }, "geometry": { "type": "Point", "coordinates": [ -64.1266581, -31.3878681 ] } },
{ "type": "Feature", "properties": { "Name": "39.43", "P.K.": null, "Al.Dist. Izq.": 70, "Al.Dist. Der.": 40, "Ruta": "A019" }, "geometry": { "type": "Point", "coordinates": [ -64.1266751, -31.3879852 ] } },
{ "type": "Feature", "properties": { "Name": "39.58", "P.K.": null, "Al.Dist. Izq.": 70, "Al.Dist. Der.": 40, "Ruta": "A019" }, "geometry": { "type": "Point", "coordinates": [ -64.1267463, -31.3893753 ] } },
{ "type": "Feature", "properties": { "Name": "39.6", "P.K.": null, "Al.Dist. Izq.": 70, "Al.Dist. Der.": 40, "Ruta": "A019" }, "geometry": { "type": "Point", "coordinates": [ -64.1264269, -31.3896118 ] } },
{ "type": "Feature", "properties": { "Name": "39.65", "P.K.": null, "Al.Dist. Izq.": 70, "Al.Dist. Der.": 40, "Ruta": "A019" }, "geometry": { "type": "Point", "coordinates": [ -64.1269304, -31.3899615 ] } },
{ "type": "Feature", "properties": { "Name": "39.71", "P.K.": null, "Al.Dist. Izq.": 70, "Al.Dist. Der.": 40, "Ruta": "A019" }, "geometry": { "type": "Point", "coordinates": [ -64.1266417, -31.3906177 ] } },
{ "type": "Feature", "properties": { "Name": "39.74", "P.K.": null, "Al.Dist. Izq.": 70, "Al.Dist. Der.": 40, "Ruta": "A019" }, "geometry": { "type": "Point", "coordinates": [ -64.12705, -31.39076 ] } },
{ "type": "Feature", "properties": { "Name": "39.77", "P.K.": null, "Al.Dist. Izq.": 70, "Al.Dist. Der.": 40, "Ruta": "A019" }, "geometry": { "type": "Point", "coordinates": [ -64.1269274, -31.3910325 ] } },
{ "type": "Feature", "properties": { "Name": "39.78", "P.K.": null, "Al.Dist. Izq.": 70, "Al.Dist. Der.": 40, "Ruta": "A019" }, "geometry": { "type": "Point", "coordinates": [ -64.1267189, -31.3911987 ] } },
{ "type": "Feature", "properties": { "Name": "39.8", "P.K.": null, "Al.Dist. Izq.": 70, "Al.Dist. Der.": 40, "Ruta": "A019" }, "geometry": { "type": "Point", "coordinates": [ -64.1272442, -31.3912491 ] } },
{ "type": "Feature", "properties": { "Name": "39.87", "P.K.": null, "Al.Dist. Izq.": 70, "Al.Dist. Der.": 40, "Ruta": "A019" }, "geometry": { "type": "Point", "coordinates": [ -64.1274031, -31.3918776 ] } },
{ "type": "Feature", "properties": { "Name": "39.9", "P.K.": null, "Al.Dist. Izq.": 70, "Al.Dist. Der.": 40, "Ruta": "A019" }, "geometry": { "type": "Point", "coordinates": [ -64.126967, -31.3922827 ] } },
{ "type": "Feature", "properties": { "Name": "39.98", "P.K.": null, "Al.Dist. Izq.": 70, "Al.Dist. Der.": 40, "Ruta": "A019" }, "geometry": { "type": "Point", "coordinates": [ -64.1276318, -31.3928249 ] } },
{ "type": "Feature", "properties": { "Name": "40.03", "P.K.": null, "Al.Dist. Izq.": 70, "Al.Dist. Der.": 40, "Ruta": "A019" }, "geometry": { "type": "Point", "coordinates": [ -64.1272065, -31.393383 ] } },
{ "type": "Feature", "properties": { "Name": "40.1", "P.K.": null, "Al.Dist. Izq.": null, "Al.Dist. Der.": null, "Ruta": "A019" }, "geometry": { "type": "Point", "coordinates": [ -64.1277884, -31.3939608 ] } },
{ "type": "Feature", "properties": { "Name": "40.22", "P.K.": null, "Al.Dist. Izq.": null, "Al.Dist. Der.": null, "Ruta": "A019" }, "geometry": { "type": "Point", "coordinates": [ -64.1278789, -31.3950312 ] } },
{ "type": "Feature", "properties": { "Name": "40.23", "P.K.": null, "Al.Dist. Izq.": null, "Al.Dist. Der.": null, "Ruta": "A019" }, "geometry": { "type": "Point", "coordinates": [ -64.1275188, -31.39516 ] } },
{ "type": "Feature", "properties": { "Name": "40.29", "P.K.": null, "Al.Dist. Izq.": null, "Al.Dist. Der.": null, "Ruta": "A019" }, "geometry": { "type": "Point", "coordinates": [ -64.1274857, -31.3956577 ] } },
{ "type": "Feature", "properties": { "Name": "40.3", "P.K.": null, "Al.Dist. Izq.": null, "Al.Dist. Der.": null, "Ruta": "A019" }, "geometry": { "type": "Point", "coordinates": [ -64.1278928, -31.3957249 ] } },
{ "type": "Feature", "properties": { "Name": "40.33", "P.K.": null, "Al.Dist. Izq.": null, "Al.Dist. Der.": null, "Ruta": "A019" }, "geometry": { "type": "Point", "coordinates": [ -64.1279027, -31.3960174 ] } },
{ "type": "Feature", "properties": { "Name": "40.48", "P.K.": null, "Al.Dist. Izq.": null, "Al.Dist. Der.": null, "Ruta": "A019" }, "geometry": { "type": "Point", "coordinates": [ -64.1278708, -31.3973756 ] } },
{ "type": "Feature", "properties": { "Name": "40.5", "P.K.": null, "Al.Dist. Izq.": null, "Al.Dist. Der.": null, "Ruta": "A019" }, "geometry": { "type": "Point", "coordinates": [ -64.127731, -31.397568 ] } },
{ "type": "Feature", "properties": { "Name": "40.51", "P.K.": null, "Al.Dist. Izq.": null, "Al.Dist. Der.": null, "Ruta": "A019" }, "geometry": { "type": "Point", "coordinates": [ -64.1277865, -31.3976307 ] } },
{ "type": "Feature", "properties": { "Name": "40.52", "P.K.": null, "Al.Dist. Izq.": null, "Al.Dist. Der.": null, "Ruta": "A019" }, "geometry": { "type": "Point", "coordinates": [ -64.1273941, -31.3976873 ] } },
{ "type": "Feature", "properties": { "Name": "40.58", "P.K.": null, "Al.Dist. Izq.": null, "Al.Dist. Der.": null, "Ruta": "A019" }, "geometry": { "type": "Point", "coordinates": [ -64.127328, -31.398195 ] } },
{ "type": "Feature", "properties": { "Name": "40.59", "P.K.": null, "Al.Dist. Izq.": null, "Al.Dist. Der.": null, "Ruta": "A019" }, "geometry": { "type": "Point", "coordinates": [ -64.1277639, -31.3983976 ] } },
{ "type": "Feature", "properties": { "Name": "40.64", "P.K.": null, "Al.Dist. Izq.": null, "Al.Dist. Der.": null, "Ruta": "A019" }, "geometry": { "type": "Point", "coordinates": [ -64.1271869, -31.3986918 ] } },
{ "type": "Feature", "properties": { "Name": "40.73", "P.K.": null, "Al.Dist. Izq.": null, "Al.Dist. Der.": null, "Ruta": "A019" }, "geometry": { "type": "Point", "coordinates": [ -64.127492, -31.3996167 ] } },
{ "type": "Feature", "properties": { "Name": "40.88", "P.K.": null, "Al.Dist. Izq.": null, "Al.Dist. Der.": null, "Ruta": "A019" }, "geometry": { "type": "Point", "coordinates": [ -64.1267004, -31.400782 ] } },
{ "type": "Feature", "properties": { "Name": "41.02", "P.K.": null, "Al.Dist. Izq.": null, "Al.Dist. Der.": null, "Ruta": "A019" }, "geometry": { "type": "Point", "coordinates": [ -64.1263011, -31.4019359 ] } },
{ "type": "Feature", "properties": { "Name": "41.1", "P.K.": null, "Al.Dist. Izq.": null, "Al.Dist. Der.": null, "Ruta": "A019" }, "geometry": { "type": "Point", "coordinates": [ -64.126337, -31.402768 ] } },
{ "type": "Feature", "properties": { "Name": "41.1", "P.K.": null, "Al.Dist. Izq.": null, "Al.Dist. Der.": null, "Ruta": "A019" }, "geometry": { "type": "Point", "coordinates": [ -64.126043, -31.402687 ] } },
{ "type": "Feature", "properties": { "Name": "41.18", "P.K.": null, "Al.Dist. Izq.": null, "Al.Dist. Der.": null, "Ruta": "A019" }, "geometry": { "type": "Point", "coordinates": [ -64.1259692, -31.4034448 ] } },
{ "type": "Feature", "properties": { "Name": "41.19", "P.K.": null, "Al.Dist. Izq.": null, "Al.Dist. Der.": null, "Ruta": "A019" }, "geometry": { "type": "Point", "coordinates": [ -64.1260278, -31.4035773 ] } },
{ "type": "Feature", "properties": { "Name": "41.2", "P.K.": null, "Al.Dist. Izq.": null, "Al.Dist. Der.": null, "Ruta": "A019" }, "geometry": { "type": "Point", "coordinates": [ -64.1259795, -31.40365 ] } },
{ "type": "Feature", "properties": { "Name": "41.25", "P.K.": null, "Al.Dist. Izq.": null, "Al.Dist. Der.": null, "Ruta": "A019" }, "geometry": { "type": "Point", "coordinates": [ -64.1257576, -31.404014 ] } },
{ "type": "Feature", "properties": { "Name": "41.3", "P.K.": null, "Al.Dist. Izq.": null, "Al.Dist. Der.": null, "Ruta": "A019" }, "geometry": { "type": "Point", "coordinates": [ -64.1252258, -31.4042295 ] } },
{ "type": "Feature", "properties": { "Name": "41.31", "P.K.": null, "Al.Dist. Izq.": null, "Al.Dist. Der.": null, "Ruta": "A019" }, "geometry": { "type": "Point", "coordinates": [ -64.1254451, -31.4045511 ] } },
{ "type": "Feature", "properties": { "Name": "41.38", "P.K.": null, "Al.Dist. Izq.": null, "Al.Dist. Der.": null, "Ruta": "A019" }, "geometry": { "type": "Point", "coordinates": [ -64.1246961, -31.4048711 ] } },
{ "type": "Feature", "properties": { "Name": "41.51", "P.K.": null, "Al.Dist. Izq.": null, "Al.Dist. Der.": null, "Ruta": "A019" }, "geometry": { "type": "Point", "coordinates": [ -64.1243427, -31.4060743 ] } },
{ "type": "Feature", "properties": { "Name": "41.55", "P.K.": null, "Al.Dist. Izq.": null, "Al.Dist. Der.": null, "Ruta": "A019" }, "geometry": { "type": "Point", "coordinates": [ -64.12409, -31.40635 ] } },
{ "type": "Feature", "properties": { "Name": "41.56", "P.K.": null, "Al.Dist. Izq.": null, "Al.Dist. Der.": null, "Ruta": "A019" }, "geometry": { "type": "Point", "coordinates": [ -64.124042, -31.406392 ] } },
{ "type": "Feature", "properties": { "Name": "41.56", "P.K.": null, "Al.Dist. Izq.": null, "Al.Dist. Der.": null, "Ruta": "A019" }, "geometry": { "type": "Point", "coordinates": [ -64.123808, -31.406254 ] } },
{ "type": "Feature", "properties": { "Name": "41.56", "P.K.": null, "Al.Dist. Izq.": null, "Al.Dist. Der.": null, "Ruta": "A019" }, "geometry": { "type": "Point", "coordinates": [ -64.123672, -31.406175 ] } },
{ "type": "Feature", "properties": { "Name": "41.72", "P.K.": null, "Al.Dist. Izq.": null, "Al.Dist. Der.": null, "Ruta": "A019" }, "geometry": { "type": "Point", "coordinates": [ -64.1232088, -31.4076539 ] } },
{ "type": "Feature", "properties": { "Name": "41.81", "P.K.": null, "Al.Dist. Izq.": null, "Al.Dist. Der.": null, "Ruta": "A019" }, "geometry": { "type": "Point", "coordinates": [ -64.1226184, -31.4083499 ] } },
{ "type": "Feature", "properties": { "Name": "41.96", "P.K.": null, "Al.Dist. Izq.": null, "Al.Dist. Der.": null, "Ruta": "A019" }, "geometry": { "type": "Point", "coordinates": [ -64.12162, -31.40935 ] } },
{ "type": "Feature", "properties": { "Name": "42.08", "P.K.": null, "Al.Dist. Izq.": null, "Al.Dist. Der.": null, "Ruta": "A019" }, "geometry": { "type": "Point", "coordinates": [ -64.1206839, -31.410039 ] } },
{ "type": "Feature", "properties": { "Name": "42.13", "P.K.": null, "Al.Dist. Izq.": null, "Al.Dist. Der.": null, "Ruta": "A019" }, "geometry": { "type": "Point", "coordinates": [ -64.1207647, -31.4107143 ] } },
{ "type": "Feature", "properties": { "Name": "42.2", "P.K.": null, "Al.Dist. Izq.": null, "Al.Dist. Der.": null, "Ruta": "A019" }, "geometry": { "type": "Point", "coordinates": [ -64.120245, -31.4111847 ] } },
{ "type": "Feature", "properties": { "Name": "42.3", "P.K.": null, "Al.Dist. Izq.": null, "Al.Dist. Der.": null, "Ruta": "A019" }, "geometry": { "type": "Point", "coordinates": [ -64.1196656, -31.4119115 ] } },
{ "type": "Feature", "properties": { "Name": "42.37", "P.K.": null, "Al.Dist. Izq.": null, "Al.Dist. Der.": null, "Ruta": "A019" }, "geometry": { "type": "Point", "coordinates": [ -64.1191321, -31.4124124 ] } },
{ "type": "Feature", "properties": { "Name": "42.48", "P.K.": null, "Al.Dist. Izq.": null, "Al.Dist. Der.": null, "Ruta": "A019" }, "geometry": { "type": "Point", "coordinates": [ -64.1183752, -31.4131487 ] } },
{ "type": "Feature", "properties": { "Name": "42.51", "P.K.": null, "Al.Dist. Izq.": null, "Al.Dist. Der.": null, "Ruta": "A019" }, "geometry": { "type": "Point", "coordinates": [ -64.1180667, -31.4132535 ] } },
{ "type": "Feature", "properties": { "Name": "42.53", "P.K.": null, "Al.Dist. Izq.": null, "Al.Dist. Der.": null, "Ruta": "A019" }, "geometry": { "type": "Point", "coordinates": [ -64.1179936, -31.4134145 ] } },
{ "type": "Feature", "properties": { "Name": "42.62", "P.K.": null, "Al.Dist. Izq.": null, "Al.Dist. Der.": null, "Ruta": "A019" }, "geometry": { "type": "Point", "coordinates": [ -64.1173046, -31.413992 ] } },
{ "type": "Feature", "properties": { "Name": "42.63", "P.K.": null, "Al.Dist. Izq.": null, "Al.Dist. Der.": null, "Ruta": "A019" }, "geometry": { "type": "Point", "coordinates": [ -64.1169948, -31.4137963 ] } },
{ "type": "Feature", "properties": { "Name": "42.72", "P.K.": null, "Al.Dist. Izq.": null, "Al.Dist. Der.": null, "Ruta": "A019" }, "geometry": { "type": "Point", "coordinates": [ -64.1164773, -31.4145917 ] } },
{ "type": "Feature", "properties": { "Name": "42.78", "P.K.": null, "Al.Dist. Izq.": null, "Al.Dist. Der.": null, "Ruta": "A019" }, "geometry": { "type": "Point", "coordinates": [ -64.1159, -31.41483 ] } },
{ "type": "Feature", "properties": { "Name": "42.91", "P.K.": null, "Al.Dist. Izq.": null, "Al.Dist. Der.": null, "Ruta": "A019" }, "geometry": { "type": "Point", "coordinates": [ -64.1149573, -31.4157417 ] } },
{ "type": "Feature", "properties": { "Name": "43.05", "P.K.": null, "Al.Dist. Izq.": null, "Al.Dist. Der.": null, "Ruta": "A019" }, "geometry": { "type": "Point", "coordinates": [ -64.1138892, -31.4165534 ] } },
{ "type": "Feature", "properties": { "Name": "43.13", "P.K.": null, "Al.Dist. Izq.": null, "Al.Dist. Der.": null, "Ruta": "A019" }, "geometry": { "type": "Point", "coordinates": [ -64.1128853, -31.4166867 ] } },
{ "type": "Feature", "properties": { "Name": "43.16", "P.K.": null, "Al.Dist. Izq.": null, "Al.Dist. Der.": null, "Ruta": "A019" }, "geometry": { "type": "Point", "coordinates": [ -64.1130235, -31.4171703 ] } },
{ "type": "Feature", "properties": { "Name": "43.25", "P.K.": null, "Al.Dist. Izq.": null, "Al.Dist. Der.": null, "Ruta": "A019" }, "geometry": { "type": "Point", "coordinates": [ -64.1120502, -31.4174289 ] } },
{ "type": "Feature", "properties": { "Name": "43.31", "P.K.": null, "Al.Dist. Izq.": null, "Al.Dist. Der.": null, "Ruta": "A019" }, "geometry": { "type": "Point", "coordinates": [ -64.1115902, -31.4178275 ] } },
{ "type": "Feature", "properties": { "Name": "43.44", "P.K.": null, "Al.Dist. Izq.": null, "Al.Dist. Der.": null, "Ruta": "A019" }, "geometry": { "type": "Point", "coordinates": [ -64.1111154, -31.4191388 ] } },
{ "type": "Feature", "properties": { "Name": "43.75", "P.K.": null, "Al.Dist. Izq.": null, "Al.Dist. Der.": null, "Ruta": "A019" }, "geometry": { "type": "Point", "coordinates": [ -64.109809, -31.421688 ] } },
{ "type": "Feature", "properties": { "Name": "43.76", "P.K.": null, "Al.Dist. Izq.": null, "Al.Dist. Der.": null, "Ruta": "A019" }, "geometry": { "type": "Point", "coordinates": [ -64.109785, -31.4217198 ] } },
{ "type": "Feature", "properties": { "Name": "43.77", "P.K.": null, "Al.Dist. Izq.": null, "Al.Dist. Der.": null, "Ruta": "A019" }, "geometry": { "type": "Point", "coordinates": [ -64.1093985, -31.4217169 ] } },
{ "type": "Feature", "properties": { "Name": "43.99", "P.K.": null, "Al.Dist. Izq.": null, "Al.Dist. Der.": null, "Ruta": "A019" }, "geometry": { "type": "Point", "coordinates": [ -64.1092912, -31.4237926 ] } },
{ "type": "Feature", "properties": { "Name": "44.17", "P.K.": null, "Al.Dist. Izq.": null, "Al.Dist. Der.": null, "Ruta": "A019" }, "geometry": { "type": "Point", "coordinates": [ -64.1089123, -31.4254308 ] } },
{ "type": "Feature", "properties": { "Name": "44.48", "P.K.": null, "Al.Dist. Izq.": null, "Al.Dist. Der.": null, "Ruta": "A019" }, "geometry": { "type": "Point", "coordinates": [ -64.1099356, -31.4281289 ] } },
{ "type": "Feature", "properties": { "Name": "44.61", "P.K.": null, "Al.Dist. Izq.": null, "Al.Dist. Der.": null, "Ruta": "A019" }, "geometry": { "type": "Point", "coordinates": [ -64.110426, -31.4292449 ] } },
{ "type": "Feature", "properties": { "Name": "44.63", "P.K.": null, "Al.Dist. Izq.": null, "Al.Dist. Der.": null, "Ruta": "A019" }, "geometry": { "type": "Point", "coordinates": [ -64.1103238, -31.429459 ] } },
{ "type": "Feature", "properties": { "Name": "44.65", "P.K.": null, "Al.Dist. Izq.": null, "Al.Dist. Der.": null, "Ruta": "A019" }, "geometry": { "type": "Point", "coordinates": [ -64.1105843, -31.4295743 ] } },
{ "type": "Feature", "properties": { "Name": "44.66", "P.K.": null, "Al.Dist. Izq.": null, "Al.Dist. Der.": null, "Ruta": "A019" }, "geometry": { "type": "Point", "coordinates": [ -64.1103473, -31.4298461 ] } },
{ "type": "Feature", "properties": { "Name": "44.95", "P.K.": null, "Al.Dist. Izq.": null, "Al.Dist. Der.": null, "Ruta": "A019" }, "geometry": { "type": "Point", "coordinates": [ -64.1122844, -31.431822 ] } },
{ "type": "Feature", "properties": { "Name": "45.22", "P.K.": null, "Al.Dist. Izq.": null, "Al.Dist. Der.": null, "Ruta": "A019" }, "geometry": { "type": "Point", "coordinates": [ -64.1141, -31.43372 ] } },
{ "type": "Feature", "properties": { "Name": "45.46", "P.K.": null, "Al.Dist. Izq.": null, "Al.Dist. Der.": null, "Ruta": "A019" }, "geometry": { "type": "Point", "coordinates": [ -64.1159588, -31.4351874 ] } },
{ "type": "Feature", "properties": { "Name": "45.54", "P.K.": null, "Al.Dist. Izq.": null, "Al.Dist. Der.": null, "Ruta": "A019" }, "geometry": { "type": "Point", "coordinates": [ -64.1164433, -31.4358019 ] } },
{ "type": "Feature", "properties": { "Name": "45.7", "P.K.": null, "Al.Dist. Izq.": null, "Al.Dist. Der.": null, "Ruta": "A019" }, "geometry": { "type": "Point", "coordinates": [ -64.1174305, -31.4369739 ] } },
{ "type": "Feature", "properties": { "Name": "45.84", "P.K.": null, "Al.Dist. Izq.": null, "Al.Dist. Der.": null, "Ruta": "A019" }, "geometry": { "type": "Point", "coordinates": [ -64.1184741, -31.4379148 ] } },
{ "type": "Feature", "properties": { "Name": "45.85", "P.K.": null, "Al.Dist. Izq.": null, "Al.Dist. Der.": null, "Ruta": "A019" }, "geometry": { "type": "Point", "coordinates": [ -64.1187084, -31.4378275 ] } },
{ "type": "Feature", "properties": { "Name": "45.99", "P.K.": null, "Al.Dist. Izq.": null, "Al.Dist. Der.": null, "Ruta": "A019" }, "geometry": { "type": "Point", "coordinates": [ -64.1195247, -31.4389049 ] } },
{ "type": "Feature", "properties": { "Name": "46.04", "P.K.": null, "Al.Dist. Izq.": null, "Al.Dist. Der.": null, "Ruta": "A019" }, "geometry": { "type": "Point", "coordinates": [ -64.1201709, -31.438956 ] } },
{ "type": "Feature", "properties": { "Name": "46.1", "P.K.": null, "Al.Dist. Izq.": null, "Al.Dist. Der.": null, "Ruta": "A019" }, "geometry": { "type": "Point", "coordinates": [ -64.12053, -31.43944 ] } },
{ "type": "Feature", "properties": { "Name": "46.15", "P.K.": null, "Al.Dist. Izq.": null, "Al.Dist. Der.": null, "Ruta": "A019" }, "geometry": { "type": "Point", "coordinates": [ -64.1208418, -31.4397438 ] } },
{ "type": "Feature", "properties": { "Name": "46.16", "P.K.": null, "Al.Dist. Izq.": null, "Al.Dist. Der.": null, "Ruta": "A019" }, "geometry": { "type": "Point", "coordinates": [ -64.1207915, -31.4399546 ] } },
{ "type": "Feature", "properties": { "Name": "46.28", "P.K.": null, "Al.Dist. Izq.": null, "Al.Dist. Der.": null, "Ruta": "A019" }, "geometry": { "type": "Point", "coordinates": [ -64.12169, -31.44075 ] } },
{ "type": "Feature", "properties": { "Name": "46.35", "P.K.": null, "Al.Dist. Izq.": null, "Al.Dist. Der.": null, "Ruta": "A019" }, "geometry": { "type": "Point", "coordinates": [ -64.1222231, -31.4411609 ] } },
{ "type": "Feature", "properties": { "Name": "46.47", "P.K.": null, "Al.Dist. Izq.": null, "Al.Dist. Der.": null, "Ruta": "A019" }, "geometry": { "type": "Point", "coordinates": [ -64.1226975, -31.4422976 ] } },
{ "type": "Feature", "properties": { "Name": "46.48", "P.K.": null, "Al.Dist. Izq.": null, "Al.Dist. Der.": null, "Ruta": "A019" }, "geometry": { "type": "Point", "coordinates": [ -64.123018, -31.442153 ] } },
{ "type": "Feature", "properties": { "Name": "46.48", "P.K.": null, "Al.Dist. Izq.": null, "Al.Dist. Der.": null, "Ruta": "A019" }, "geometry": { "type": "Point", "coordinates": [ -64.122796, -31.442311 ] } },
{ "type": "Feature", "properties": { "Name": "46.67", "P.K.": null, "Al.Dist. Izq.": null, "Al.Dist. Der.": null, "Ruta": "A019" }, "geometry": { "type": "Point", "coordinates": [ -64.12443, -31.44335 ] } },
{ "type": "Feature", "properties": { "Name": "46.7", "P.K.": null, "Al.Dist. Izq.": null, "Al.Dist. Der.": null, "Ruta": "A019" }, "geometry": { "type": "Point", "coordinates": [ -64.124655, -31.44352 ] } }
]
}
